"DATASET","SERIES_CODE","OBS_MEASURE","COUNTRY","INDICATOR","FREQUENCY","SCALE","1956","1957","1958","1959","1960","1961","1962","1963","1964","1965","1966","1967","1968","1969","1970","1971","1972","1973","1974","1975","1976","1977","1978","1979","1980","1981","1982","1983","1984","1985","1986","1987","1988","1989","1990","1991","1992","1993","1994","1995","1996","1997","1998","1999","2000","2001","2002","2003","2004","2005","2006","2007","2008","2009","2010","2011","2012","2013","2014","2015","2016","2017","2018","2019","2020","2021","2022","2023","2024","2025","2026","2027","2028","2029","2030","2031"
"IMF.FAD:FM(5.0.0)","GX502.G2M_S13_POGDP_PT.A","OBS_VALUE","Emerging and Middle-Income Asia","Expenditure, General government, Percent of GDP","Annual","Units","","","","","","","","","","","","","","","","","","","","","","","","","","","","","","","","","21.05738567317215","21.09542178339422","21.9623749090777","21.1056739295848","19.84936535320348","17.50131613422981","17.52510599255376","16.05177684943272","15.70652314905342","16.71067554044184","17.42272975896694","18.81357177125177","19.06328755937985","20.56319588504417","21.19824871915223","21.05544297243096","20.40398444554276","20.03576919462739","19.98889236432969","20.08328978921418","22.87863287369886","25.00573615765062","24.37421662228025","25.59697414980804","26.52432950437367","26.74930211753122","26.92715287896064","29.0197729597708","29.36877853461985","29.40890790716091","30.03202007197095","30.7635205218142","32.75232064366505","30.56495823398564","30.78832648719163","30.68586155201095","30.78363708121569","30.57970544755243","30.58282504131188","30.79524246471344","30.75286988112433","30.64527092028707","30.61993120714383","30.60110218865968"
"IMF.FAD:FM(5.0.0)","GX206.G1_S13_POGDP_PT.A","OBS_VALUE","Emerging and Middle-Income Latin America","Revenue, General government, Percent of GDP","Annual","Units","","","","","","","","","","","","","","","","","","","","","","","","","","","","","","","","","","","","","","19.09285352578989","19.50010891275743","","","","","19.05749184185436","19.99611827842957","23.82013173368638","24.91868640049703","25.1438591926671","26.11506559262757","27.88441905000116","28.53924004166252","29.24161610081496","30.9180202806156","29.13819619244742","29.54871489315785","30.66667086210336","30.60621479138872","30.08765677353653","29.26588236719179","29.32828538309582","29.45509473143773","29.12398513961688","29.03751949865005","29.33425477423846","27.35247780505227","28.81541392666796","30.22136767671556","29.30087089924824","29.55958701034851","29.45702463217899","30.05604416503925","29.96911631880595","30.07534635757609","30.14897072578176","30.19908173144876","30.2314512434665"
"IMF.FAD:FM(5.0.0)","GX777.GNLB_S13_POGDP_PT.A","OBS_VALUE","Emerging and Middle-Income Middle East and North Africa and Pakistan","Net lending (+) / net borrowing (-), General government, Percent of GDP","Annual","Units","","","","","","","","","","","","","","","","","","","","","","","","","","","","","","","","","","","-2.172674866644778","-3.207978972341117","-4.43811347118003","-5.985942383994703","-4.761440607787386","-2.100165684471898","-0.2872081553562206","-0.3335332105588515","-3.94073542319415","-0.4766162691784332","5.476951007013999","0.4398314361143454","-1.755959189429268","1.073911559339317","3.031086746520445","8.436516098148878","9.073927313827641","7.015431119376954","9.311604068006838","-2.866333702302937","0.82637228588789","3.464582929638568","4.914819373140501","2.22585497871551","-1.597434501827138","-7.029057649583553","-7.982207850187765","-4.69474104961392","-1.791747493239095","-2.69709027188811","-7.86715915669122","-2.138831272652497","2.523169056377441","-0.596156428070538","-2.058805157789324","-3.269782534316188","-2.923818677094483","-2.389473827255633","-2.183771108798825","-1.653017652332486","-1.501946232286087","-1.534015413826553"
"IMF.FAD:FM(5.0.0)","GX777.G2M_S13_POGDP_PT.A","OBS_VALUE","Emerging and Middle-Income Middle East and North Africa and Pakistan","Expenditure, General government, Percent of GDP","Annual","Units","","","","","","","","","","","","","","","","","","","","","","","","","","","","","","","","","","","22.85701972679208","25.63433885500601","32.7449314192874","31.0525160345753","28.7781614420782","26.38410059465571","25.31621917247765","25.33847813272165","24.86195872928501","23.0053036443471","21.61439675323467","23.80895798000748","26.99038310843817","25.38929849552109","26.13974526562151","24.8518239204849","24.94820194827779","24.82271177146927","27.31444542590533","31.40372812772964","28.94200746299105","28.19290065566315","29.29243590331484","30.73383874999698","31.83492883784703","31.43467429649374","30.58444643826725","28.70586226168721","28.98311663149683","29.81671826606619","32.82741176004627","27.70902003462043","25.71774720817119","27.56987539271404","28.27214521141958","28.42825629044389","28.09899875023412","27.80801799858437","27.23684659697261","26.69946350796771","26.47478082390113","26.33631365946481"
"IMF.FAD:FM(5.0.0)","GX777.G1_S13_POGDP_PT.A","OBS_VALUE","Emerging and Middle-Income Middle East and North Africa and Pakistan","Revenue, General government, Percent of GDP","Annual","Units","","","","","","","","","","","","","","","","","","","","","","","","","","","","","","","","","","","18.1740206926037","21.3521277559314","25.83742043998842","25.0665736505806","24.01672083429082","24.28393491018379","25.02901101712143","25.00494492216279","20.92122330609085","22.52868737516865","27.09134776024869","24.24878941612181","25.23442391900888","26.46321005486041","29.17083201214197","33.28834001863378","34.02212926210543","31.83814289084624","36.62604949391217","28.53739442542669","29.76837974887895","31.65748358530173","34.20725527645535","32.95969372871248","30.2374943360199","24.40561664691021","22.60223858807948","24.01112121207329","27.19136913825774","27.11962799417808","24.96025260335505","25.57018876196792","28.2409162645486","26.97371896464352","26.21334005363023","25.15847375612769","25.17518007313963","25.41854417132873","25.05307548817376","25.04644585563523","24.97283459161504","24.80229824563826"
"IMF.FAD:FM(5.0.0)","GX502.GNLB_S13_POGDP_PT.A","OBS_VALUE","Emerging and Middle-Income Asia","Net lending (+) / net borrowing (-), General government, Percent of GDP","Annual","Units","","","","","","","","","","","","","","","","","","","","","","","","","","","","","","","","","-3.378290268681167","-3.338799728942412","-3.481431602562263","-3.059303890627387","-3.133921020916034","-2.350258786897583","-2.652395127507742","-1.431972246086419","-1.182274208637111","-2.125647139809036","-3.450733451299741","-4.070648026188294","-4.008165652591247","-4.332813216162285","-4.561757940378107","-4.009495414632181","-2.938635475214351","-2.186748479449193","-1.614681634115581","-0.9273505720735447","-1.397286719133202","-3.222519772954056","-2.07909343031155","-1.50615333566514","-1.570418814331149","-1.771739526074333","-1.6817907583267","-3.101313387504421","-3.696938604917552","-3.575464392023648","-4.131000976725919","-5.620839446359294","-9.475375862200154","-6.291057519784376","-7.040497672526194","-6.397418648095859","-6.624115526580167","-7.136694791856027","-7.352466774138005","-7.440319859248715","-7.285294834932487","-7.112032597120643","-7.02641006482939","-7.005610378300719"
"IMF.FAD:FM(5.0.0)","GX502.G1_S13_POGDP_PT.A","OBS_VALUE","Emerging and Middle-Income Asia","Revenue, General government, Percent of GDP","Annual","Units","","","","","","","","","","","","","","","","","","","","","","","","","","","","","","","","","17.31150109671604","17.30216744713922","18.26261869259626","17.67703854539142","16.51275958218062","15.15105734733223","14.87271086504602","14.61980460334631","14.5242489404163","14.58502840063281","13.97199630766718","14.74292374506348","15.0551219067886","16.23038266888189","16.63649077877414","17.04594755779879","17.46534897032841","17.84902071517819","18.37421073021411","19.15593921714065","21.48134615456566","21.7832163846966","22.29512319196872","24.09082081414294","24.9539106900425","24.97756259145689","25.24536212063394","25.91845957226637","25.6718399297023","25.83344351513726","25.90101909524502","25.1426810754549","23.2769447814649","24.27390071420126","23.74782881466544","24.28844290391506","24.15952155463551","23.44301065569641","23.23035826717388","23.35492260546473","23.46757504619186","23.53323832316643","23.59352114231447","23.59549181035898"
"IMF.FAD:FM(5.0.0)","GX905.G2M_S13_POGDP_PT.A","OBS_VALUE","Emerging and Middle-Income Europe","Expenditure, General government, Percent of GDP","Annual","Units","","","","","","","","","","","","","","","","","","","","","","","","","","","","","","","","","","","","","","","","","","","40.99067303245356","38.02825683343253","37.11027979510427","38.33072427762079","38.53198031614587","37.35879441308502","34.89519086254992","34.18170459849471","34.14366541974016","34.98866751046104","35.85115446201829","39.40429862235176","37.45519053813391","35.12724172856458","35.61805066133796","35.73068101208755","35.6265136135301","35.71129109011471","36.12082769597312","35.18883293568354","34.51373392291348","35.41284714250194","39.65166284335295","36.01889445884153","35.73388410346704","38.30837122841233","38.85714959873949","39.91561137957381","39.28459993900121","39.25188873527681","38.78020527733396","38.13143455418035","38.05247561619814","38.0562638269184"
"IMF.FAD:FM(5.0.0)","GX206.G2M_S13_POGDP_PT.A","OBS_VALUE","Emerging and Middle-Income Latin America","Expenditure, General government, Percent of GDP","Annual","Units","","","","","","","","","","","","","","","","","","","","","","","","","","","","","","","","","","","","","","20.01956321217127","21.46827275167377","","","","","22.62738240868863","22.05638841462557","26.9882010642497","27.62081907406942","27.84691904997318","27.23106749684756","28.91589975815506","30.24830698814017","30.31509348680401","32.02736777371178","33.10778593059865","32.67770876619402","33.35763757294655","33.34378515088191","33.41778557573021","34.11586273717087","35.25217153762322","34.81560889200224","34.25721309495755","34.02362411672152","33.05601810588943","35.50511019623002","32.68793594202456","33.83804229931012","34.43745747913591","34.28510091439483","34.61357755610537","34.77607905125894","34.05651942771223","33.59439174270024","33.52833439967901","33.51958857971266","33.52059814224856"
"IMF.FAD:FM(5.0.0)","GX905.G1_S13_POGDP_PT.A","OBS_VALUE","Emerging and Middle-Income Europe","Revenue, General government, Percent of GDP","Annual","Units","","","","","","","","","","","","","","","","","","","","","","","","","","","","","","","","","","","","","","","","","","","34.90247409343209","35.02882172815981","34.0859541621327","35.10882753173946","34.5318541276434","34.35766239002384","34.12302681202082","35.93402710095259","36.48839581512837","36.47625515232831","36.44372950029422","33.91797869235385","33.88947159519261","34.95148485220972","34.87485217728728","34.27617130591004","34.23141316218483","33.20432802769846","33.47683399711415","33.46045943145333","34.93718353014657","34.84412441412009","34.29205351296739","34.3494569142577","33.4660812058088","34.24875837033943","34.75910719559582","35.17187750081709","35.34945932843341","35.11399090797112","34.84556707296159","34.7889592738864","34.82324571787909","34.84250057725268"
"IMF.FAD:FM(5.0.0)","GX206.GNLB_S13_POGDP_PT.A","OBS_VALUE","Emerging and Middle-Income Latin America","Net lending (+) / net borrowing (-), General government, Percent of GDP","Annual","Units","","","","","","","","","","","","","","","","","","","","","","","","","","","","","","","","","","","","","","-0.9267096863813553","-1.968163838916351","","","","","-3.569890566834268","-2.060270136196006","-3.168069330563315","-2.702132673572378","-2.703059857306073","-1.116001904219988","-1.031480708153891","-1.709066946477648","-1.07347738598909","-1.109347493096199","-3.969589738151192","-3.128993873036161","-2.69096671084316","-2.737570359493176","-3.330128802193681","-4.849980369979109","-5.923886154527422","-5.360514160564536","-5.133227955340699","-4.986104618071434","-3.721763331650933","-8.152632391177781","-3.872522015356636","-3.61667462259457","-5.136586579887732","-4.725513904046359","-5.156552923926375","-4.7200348862197","-4.087403108906278","-3.51904538512418","-3.379363673897269","-3.320506848263863","-3.28914689878205"
"IMF.FAD:FM(5.0.0)","GX905.GNLB_S13_POGDP_PT.A","OBS_VALUE","Emerging and Middle-Income Europe","Net lending (+) / net borrowing (-), General government, Percent of GDP","Annual","Units","","","","","","","","","","","","","","","","","","","","","","","","","","","","","","","","","","","","","","","","","","","-5.739419568515233","-2.681930662729109","-2.896377377020624","-2.993998142187437","-4.000126188502458","-3.001132023061195","-0.7721640505290971","1.752322502457877","2.344730395388215","1.487587641867238","0.592575038275929","-5.486319929997893","-3.565718942941273","-0.1757568763548525","-0.7431984840506698","-1.454509706177527","-1.395100451345285","-2.506963062416263","-2.643993698858973","-1.72837350423024","0.4234496072331118","-0.5687227283818774","-5.359609330385557","-1.669437544583806","-2.267802897658237","-4.059612858072875","-4.098042403143647","-4.743733878756727","-3.935140610567805","-4.137897827305702","-3.934638204372378","-3.342475280293952","-3.229229898319064","-3.213763249665727"
"IMF.FAD:FM(5.0.0)","ITA.G2M_S13_POGDP_PT.A","OBS_VALUE","Italy","Expenditure, General government, Percent of GDP","Annual","Units","","","","","","","","","","","","","","","","","","","","","","","","","","","","","","","","","48.28778676339328","49.448829355205","54.16856625575757","55.31841004561995","56.78035288724107","57.76713629725558","55.05948278152463","51.44681289259603","51.34932641052928","49.32457791256085","48.00417434460424","47.07668215929868","46.36849022770947","47.1317964518456","46.49323286527257","46.96852762568727","46.66673985852471","47.05341234216079","47.55991547981106","46.60032952748817","47.75083347528776","51.05261197633746","49.79881874774405","49.02661637794496","50.48083194367808","50.9006877979548","50.71500136624465","50.24379568538753","48.97991384609609","48.78294151939847","48.32068059293127","48.42383815226272","56.78374958757806","56.03932248869476","54.93427917798799","53.6267514924788","50.39910882271866","51.05553511017697","50.60851162801266","50.38330096419706","50.12722077375555","50.21856210958099","50.13779718248662","50.27355769013299"
"IMF.FAD:FM(5.0.0)","DNK.GNLB_S13_POGDP_PT.A","OBS_VALUE","Denmark","Net lending (+) / net borrowing (-), General government, Percent of GDP","Annual","Units","","","","","","","","","","","","","","","","","","","","","","","","-1.954965585585099","-3.684428129345879","-6.792080474367525","-9.232090603121973","-6.507905149085874","-4.413291540986188","-1.615667074663403","1.32314704482136","1.425593193786679","-0.09128791823688315","-1.347829052500292","-1.779453456086512","-3.153204256241653","-2.597793619127455","-3.726187307297296","-3.853308450091095","-3.504455405389747","-2.397191916088625","-1.219483417280429","-0.2829015421635513","1.063756063756064","1.791727344920712","1.125137271848176","0.2516507495678295","0.1393432312201116","2.234787112979358","5.201691236724716","5.28642177206597","5.307823105836351","3.462412161874676","-2.746179597925448","-2.520552750957584","-1.765509063408153","-3.202482067558473","-0.9437081644757372","1.428043359919041","-0.8950323267688107","0.3024000236019531","1.688992774443058","0.8104149599160613","4.282923047337753","0.3625477630351716","4.078119737120387","3.389324656903328","3.43014228113967","4.458709929146346","2.85153348580567","0.1617845034475292","-0.3752428730313268","-0.2809383491272814","-0.5151748909135101","-0.5397823297070181","-0.5074968330972921"
"IMF.FAD:FM(5.0.0)","G120.GNLB_S13_POGDP_PT.A","OBS_VALUE","G20","Net lending (+) / net borrowing (-), General government, Percent of GDP","Annual","Units","","","","","","","","","","","","","","","","","","","","","","","","","","","","","","","","","","","","-2.526276403911054","-3.20502378259167","-4.209318887672854","-4.299953235675468","-4.966902178395557","-3.761887029885494","","","-3.068904196207406","-2.910820427860207","-2.166321864423404","-3.849363540204327","-4.238473813805633","-3.303983821057073","-2.41427217957001","-1.500459643590187","-1.429972497610707","-2.933046880975087","-7.844475299456217","-6.497358964324858","-5.007345457852625","-4.399730124367443","-3.27494163301423","-3.060746937970001","-3.323041594195436","-3.565052975916646","-3.406891426044022","-3.39348325753623","-4.185481838454413","-10.46199722615372","-7.21837643424351","-4.489337951059073","-5.911136086004521","-5.896372847132471","-5.729321619907948","-5.968008780498427","-5.932170850995686","-5.921898748493169","-5.74972239288049","-5.714780749293301","-5.685146411791438"
"IMF.FAD:FM(5.0.0)","G119.GNLB_S13_POGDP_PT.A","OBS_VALUE","G7","Net lending (+) / net borrowing (-), General government, Percent of GDP","Annual","Units","","","","","","","","","","","","","","","","","","","","","","","","","","","","","","","","","","","","-2.585589834884775","-3.279974435797172","-4.508297973190641","-4.544867955038665","-5.783350992660687","-4.401608300218333","","","","","-1.994687304531496","-4.118731149651002","-4.702250779567291","-3.951423053344511","-3.244368529311443","-2.20117072480821","-2.22341721327005","-4.48907918289202","-9.806927435139505","-8.78520127958257","-7.370880303190006","-6.491556778579869","-4.339166848864966","-3.606164200334716","-3.008505901055243","-3.317907055429691","-3.346298742168824","-3.35392045529534","-3.791770301988457","-11.68814805819051","-8.881856451214789","-3.720483501471104","-6.186925063422848","-6.10235421244822","-5.312601312961818","-5.808487121414642","-5.71623593840501","-5.780601961232996","-5.625172591771897","-5.594834801889814","-5.523533378428892"
"IMF.FAD:FM(5.0.0)","GX149.GNLB_S13_POGDP_PT.A","OBS_VALUE","Emerging G20","Net lending (+) / net borrowing (-), General government, Percent of GDP","Annual","Units","","","","","","","","","","","","","","","","","","","","","","","","","","","","","","","","","","","","","","-2.528598970815473","-3.021229863978589","","","-2.724718988381163","-4.136926570709236","-4.071028676695528","-3.091017092067438","-3.754218351766585","-3.900403008388268","-3.370742255656077","-1.379043246527834","-0.06176496233555265","0.250686354168229","0.2067462854718341","0.5507872261944925","-3.80653564693869","-2.373025452775667","-1.059630192666019","-1.155729163978869","-1.810910010794379","-2.428113449651291","-4.153569304765671","-4.432836719502564","-3.999645468076673","-3.995947250482894","-5.092106851638829","-9.211370042697194","-5.309827767473971","-5.870177928625964","-6.052726016245111","-6.070563973950866","-6.720114123052628","-6.624177085535279","-6.690492541495944","-6.569374917429039","-6.364101020420452","-6.317215833696703","-6.330834428368941"
"IMF.FAD:FM(5.0.0)","GX234.G1_S13_POGDP_PT.A","OBS_VALUE","Low-Income Developing Others","Revenue, General government, Percent of GDP","Annual","Units","","","","","","","","","","","","","","","","","","","","","","","","","","","","","","","","","","","18.93311302621231","20.35695206114427","23.35902634402779","21.57910919430436","19.27913215286628","21.25943022258455","23.55115476461811","21.26115137079873","21.43780311411118","21.03962568476427","19.52239053925117","17.52394581301177","16.59255891224782","17.98556971368994","19.55423068537124","20.03973108151249","21.08414253050961","21.02690310583485","23.85518669088336","21.37601741172713","22.08311375241027","21.76324397150385","21.97562381278693","20.2899067629229","19.71423971445428","18.46025017745174","17.57211403233309","18.27459192236126","20.57010448725785","20.38915946198917","18.72673885955245","19.62158148373013","23.70400513409743","20.92938549435639","21.76946640954609","22.67852852553188","24.38047894881755","25.04112371255485","25.04959931752584","25.11195652766438","25.23404576493532","25.24001594111058"
"IMF.FAD:FM(5.0.0)","NOR.GNLB_S13_POGDP_PT.A","OBS_VALUE","Norway","Net lending (+) / net borrowing (-), General government, Percent of GDP","Annual","Units","","","","","","","","","","","","","","","","","","","","","","","0.8317197425710101","1.910260121919919","5.160087158694252","4.575089699499178","3.710622727602711","5.751804779402492","6.690736195719876","9.496801925019674","5.540010701647645","4.246281444756196","2.379854244402504","1.557788733334344","1.961623768136085","-0.1195918936731937","-2.078898795248317","-1.653206177424368","0.04151596726062983","2.979641367114123","6.048167061967015","7.413880322444056","3.091129673637816","5.753050091925023","15.12021862289947","13.22235740246361","9.052533855479003","7.210613206239104","10.8186693649262","14.6528203517901","17.73534640630099","16.82168395882678","18.25039888462544","9.996430951368497","10.64714207579406","12.97505940308165","13.35892906481735","10.33110199471714","8.337783810190649","5.800545827403903","3.906435146144612","4.791339228480985","7.559318540406449","6.284156591507322","-2.461612580038042","9.926398461592371","24.66834236557285","15.85751232827133","12.78691541347207","9.344180681522816","10.16522512651554","8.264009580476625","7.573195781610573","7.203616895172186","6.805196717675849","6.325823930280575"
"IMF.FAD:FM(5.0.0)","G120.G1_S13_POGDP_PT.A","OBS_VALUE","G20","Revenue, General government, Percent of GDP","Annual","Units","","","","","","","","","","","","","","","","","","","","","","","","","","","","","","","","","","","","35.73959883268364","35.91795415447636","34.12297172425582","33.77933316381905","33.41432421260586","33.38580130847462","","","33.41620612586282","32.56281494585746","32.45421980765987","31.42292736981905","31.54803747918535","31.88438347538628","32.58278550780123","33.07419843816529","33.21113488466342","33.30015891491124","31.66922029438506","31.41680559613712","32.22404667456977","32.36699748131361","32.99969559068981","32.93879938436179","32.70965413659987","32.54383852345128","32.36561951321229","32.43309157052699","32.04254763979873","31.61797088622223","32.39202257486286","32.5915279005261","31.45327419954781","31.63068483799667","31.99324752091367","31.93810868747742","31.95003169858856","31.83996280662625","31.81891792906532","31.85992136206503","31.8334568413397"
"IMF.FAD:FM(5.0.0)","G119.G1_S13_POGDP_PT.A","OBS_VALUE","G7","Revenue, General government, Percent of GDP","Annual","Units","","","","","","","","","","","","","","","","","","","","","","","","","","","","","","","","","","","","38.06898841906322","38.50974926782309","37.50695429527169","37.04384526898845","37.2709616094195","37.78561259596377","","","","","34.9440877778746","33.60306209828303","33.69920230131199","34.06916366414269","34.86305683822609","35.62612889622179","36.0290495702163","35.59626307727794","34.1943589939577","34.03927102061183","34.69234050383733","34.73618552488686","36.23080429135845","36.39238699251399","36.16781364749595","35.85267371413008","35.65685408594574","35.67251390199819","35.4128980835233","35.88599335309712","36.83080242377937","37.34471264768398","35.0609717335524","35.29468024365712","36.20100749631041","36.1043525767832","36.19518214436856","36.10365176037425","36.15515904256138","36.31969868386372","36.39928785035166"
"IMF.FAD:FM(5.0.0)","GX161.GNLB_S13_POGDP_PT.A","OBS_VALUE","Oil Producers","Net lending (+) / net borrowing (-), General government, Percent of GDP","Annual","Units","","","","","","","","","","","","","","","","","","","","","","","","","","","","","","","","","","","-2.888557418427558","-4.801819542625255","-6.321074457292432","-7.036535141635083","-5.482164875039103","-2.383841812701885","0.6087734751263295","1.15771957516364","-2.725652255487493","0.3956283216052007","5.805181369826053","1.868525095275591","0.789850131750663","1.664548902175385","3.980075416650063","7.430070935020569","7.997641955344342","5.983144236332357","6.723897925767168","-3.022341563571302","-0.4977814424397147","2.492989272916672","2.744188794289944","1.272123474972856","-0.2627122156524235","-3.54557163053768","-4.324915444393707","-2.336851233572086","0.4923528391394279","-0.0370627484712769","-7.074264319819694","-0.5764697624188386","3.005481176374312","0.4668524967795834","-0.7208598857764163","-2.171236497625139","-1.429780757629451","-1.415863497971552","-1.582388838927689","-1.245914396050814","-1.141538343758008","-1.144694918672213"
"IMF.FAD:FM(5.0.0)","GX235.G1_S13_POGDP_PT.A","OBS_VALUE","Low-Income Oil Producers","Revenue, General government, Percent of GDP","Annual","Units","","","","","","","","","","","","","","","","","","","","","","","","","","","","","","","","","","","14.10849400366251","12.79169257510217","17.02566358429138","14.20198817478453","9.301146572014818","11.49704682657549","11.37413765999868","10.94779797957579","7.786523672702593","13.72643561775561","20.66968516700459","19.95794716170177","15.09230720524267","15.30280905364749","17.01828046319924","16.44920865451907","15.68017082288378","12.79579485164181","15.25025160506367","7.923560896174738","9.837470612664174","13.68093818211657","11.44731161980276","9.177800864782698","8.640485780824512","5.688792751427339","4.290243475933568","5.311208661940724","6.806960351088576","6.332020331414923","5.473517299081996","5.899594814570228","7.737864805020609","8.379029663815121","12.3574622988737","11.43450931897008","11.8359964190576","11.73035416481467","11.46058004303107","11.5131617547431","11.54422119222922","11.56603509358135"
"IMF.FAD:FM(5.0.0)","SMR.G2M_S13_POGDP_PT.A","OBS_VALUE","San Marino, Republic of","Expenditure, General government, Percent of GDP","Annual","Units","","","","","","","","","","","","","","","","","","","","","","","","","","","","","","","","","","","","","","","","","","","","","","","","","18.97464427968733","19.32970167380257","19.65478571991723","20.6529452819017","22.03177421155343","24.83749438771879","24.36301771250066","25.37610960252124","30.57626197827023","30.15991818971633","23.73191713276693","26.29292293896272","23.43619746300062","25.56578381115424","24.50692760295644","22.44865818543289","59.17799723392489","37.08786025967467","21.66292971266532","21.67848236859154","20.91076191189866","21.96680832500246","22.7073117677247","21.23193538950756","20.56576296666477","20.48711869993658","20.42017426181435","20.3085776942663"
"IMF.FAD:FM(5.0.0)","GBR.G1_S13_POGDP_PT.A","OBS_VALUE","United Kingdom","Revenue, General government, Percent of GDP","Annual","Units","","","","","","","","","","","","","","","","","","","","","","","33.75358566379097","33.98305621679353","36.2045884688178","37.57632077095164","38.54499660951274","37.19011082693947","37.0599670371466","36.87812157754751","35.90437951474771","34.70665006826761","34.42812102419443","34.10261192516968","33.36592483844173","32.99198386604752","32.2824905451426","31.04351428682401","31.63214005189748","32.50230138223298","31.92011024409786","32.68547236992965","34.05181870036418","34.49906231519775","35.15300622126636","34.81715574051186","33.85588701590262","33.81246128719004","34.7154752728229","35.1221344180541","35.44875784801905","35.75153908962196","35.56640579896481","34.20567460024817","35.22820033431549","35.88555311701882","35.37568507551803","36.2913286888398","35.35838205161845","35.55152031933345","36.01896491092428","36.35533100453838","36.23092902380272","35.94469677903878","36.39001844948982","37.36655340533149","38.64632737803033","38.14925273348536","37.62633775492413","38.26698020253416","39.95126820187442","40.93633793270273","41.21915222063523","41.59496606090384","41.90878178431815","42.11175033374012"
"IMF.FAD:FM(5.0.0)","DEU.GNLB_S13_POGDP_PT.A","OBS_VALUE","Germany","Net lending (+) / net borrowing (-), General government, Percent of GDP","Annual","Units","","","","","","","","","","","","","","","","","","","","","","","","","","","","","","","","","","","","-3.20976872475041","-2.631689757820679","-3.11009821662285","-2.542246547915692","-9.436663456022064","-3.638414153565354","-3.027226791650993","-2.649544332965767","-1.866467042806801","-1.71431120460543","-3.124621389823869","-4.086157887161773","-3.82950807966762","-3.421004430799288","-3.370841592459937","-1.755187166657049","0.1548646458607044","-0.2629688562071309","-3.175940368168021","-4.420975352355024","-0.8399983982001595","-0.05433540053156526","0.1225196059278279","0.7315201694103141","0.914762733112409","1.134103861718009","1.337219593712779","1.883122744996404","1.327262755563597","-4.379694672416191","-3.167279501621252","-1.908512328952547","-2.494459994643674","-2.663335620251469","-2.665534652822987","-3.777520722244373","-4.228943294753532","-4.061294715704124","-3.898279874194118","-3.833621629899724","-3.659947562805281"
"IMF.FAD:FM(5.0.0)","GX148.GNLB_S13_POGDP_PT.A","OBS_VALUE","Advanced G20","Net lending (+) / net borrowing (-), General government, Percent of GDP","Annual","Units","","","","","","","","","","","","","","","","","","","","","","","","","","","","","","","","","","","","-2.591857455769822","-3.321727086615629","-4.514188391991226","-4.522472798319891","-5.362214331793396","-3.997171687944466","","","","","-1.852586605760845","-3.839501621431541","-4.410689568477167","-3.715883953024827","-2.989301815367269","-1.986036355995219","-1.952256527693571","-4.203012232535213","-9.36111240211133","-8.308029157479786","-6.945670562997219","-6.086490444073799","-4.08716388981747","-3.415611588745354","-2.858222238433339","-3.090364334487142","-3.060775847650494","-3.036544632601602","-3.643388295560685","-11.19940712132791","-8.428883993418328","-3.583827581929929","-5.82107760396696","-5.785520238771343","-5.100491796861475","-5.546363841786521","-5.441967137080286","-5.494044605640461","-5.333816074610158","-5.297919882544252","-5.228292480558046"
"IMF.FAD:FM(5.0.0)","GX230.GNLB_S13_POGDP_PT.A","OBS_VALUE","Low-Income Developing Asia","Net lending (+) / net borrowing (-), General government, Percent of GDP","Annual","Units","","","","","","","","","","","","","","","","","","","","","","","","","-5.859606686424859","-5.139545035600475","-5.551215528979523","-5.330372143733846","-4.195385254450022","-4.044306533775226","-4.417492095189765","-3.963661405060273","-3.565152124060211","-3.831134427574619","-0.3906575372881141","0.3160333092727294","-0.244433155112793","-0.2921278959900339","-0.08862358062414178","-0.1828220309638283","-1.796912473574211","-1.712225355864688","-2.280655211509127","-1.74784929002036","-2.681988242915431","-3.565640970041738","-2.65709843003767","-2.194252410929317","-2.032766053221335","-1.869017481366915","-1.258649489307943","-1.245750714558796","-2.375975200592421","-3.055893086416561","-2.340614349237144","-2.864754680314133","-2.550568237924573","-2.577501208673601","-2.327672703624439","-3.274588781762885","-2.97310353265332","-3.800106590674087","-3.704164293992544","-4.678045254861697","-5.297553806217706","-3.725102199646331","-4.070260344864067","-4.202683004401679","-3.461135074980521","-2.960436099054058","-4.097828517543793","-4.340674274547977","-4.782717866428897","-4.784412223070715","-4.843923743442882","-4.792656851245877"
"IMF.FAD:FM(5.0.0)","G119.G2M_S13_POGDP_PT.A","OBS_VALUE","G7","Expenditure, General government, Percent of GDP","Annual","Units","","","","","","","","","","","","","","","","","","","","","","","","","","","","","","","","","","","","40.654578253948","41.78972370362027","42.01525226846232","41.58871322402711","43.05431260208018","42.1872208961821","","","","","36.93877508240611","37.72179324793403","38.40145308087927","38.02058671748721","38.10742536753753","37.82729962103001","38.25246678348634","40.08534226016996","44.00128642909719","42.8244723001944","42.06322080702734","41.22774230346674","40.56997114022342","39.9985511928487","39.17631954855122","39.17058076955978","39.00315282811456","39.02643435729353","39.20466838551175","47.57414141128763","45.71265887499416","41.06519614915507","41.24789679697526","41.39703445610535","41.51360880927223","41.91283969819785","41.91141808277357","41.88425372160723","41.78033163433328","41.91453348575354","41.92282122878054"
"IMF.FAD:FM(5.0.0)","GX161.G2M_S13_POGDP_PT.A","OBS_VALUE","Oil Producers","Expenditure, General government, Percent of GDP","Annual","Units","","","","","","","","","","","","","","","","","","","","","","","","","","","","","","","","","","","32.52830088088669","37.29376456897579","43.30727449770914","42.7399204127836","39.96060704679878","36.04451173035981","33.06662040005311","32.16877965308824","32.8652387113573","32.5585508750937","30.11640207820723","32.03391294101728","33.79067445102199","33.36023166559831","32.01059086923292","30.62056023913113","30.04928519533185","30.80705176290515","31.41787100228543","35.8146648107211","33.62471258454968","32.61275104940721","32.88559505039793","33.0177327041362","32.87156900546061","33.01755920490882","33.38968787267373","32.43566127529929","32.11631774237062","32.57116323409528","38.66781514085487","33.62010556603185","30.91299016091997","33.06379613063683","34.81311365031986","35.61341428224472","34.99112992348302","34.7335010248145","34.4697115312195","34.04795855889621","33.86323504341251","33.77969029311225"
"IMF.FAD:FM(5.0.0)","DEU.G2M_S13_POGDP_PT.A","OBS_VALUE","Germany","Expenditure, General government, Percent of GDP","Annual","Units","","","","","","","","","","","","","","","","","","","","","","","","","","","","","","","","","","","","46.53790815589246","47.35263671932113","48.32144035872398","48.31372890392923","55.24035096029854","49.55676774380885","48.75303734279527","48.29091484490508","48.48679016387129","48.0567320605167","47.65268522862361","48.24400906735751","48.51375172370705","46.97170568328507","46.86710724896913","45.30883941010148","43.53985886351299","44.42470493727986","48.30928198815543","48.12932557374793","45.28954352344999","45.10113314852391","45.16340598922721","44.5081371231743","44.48589744835651","44.73120702551632","44.53954414945801","44.65097858783994","45.53258435860322","51.11350674641814","50.66938414160561","48.60913573253054","48.14609497761482","49.42785466288748","50.54555908284507","51.66836937694497","52.07311530434917","51.85319715285741","51.92168785807029","51.81317969037578","51.64243871381833"
"IMF.FAD:FM(5.0.0)","GX231.G1_S13_POGDP_PT.A","OBS_VALUE","Low-Income Developing Latin America","Revenue, General government, Percent of GDP","Annual","Units","","","","","","","","","","","","","","","","","","","","","","","","","","","","","","","","","","","17.23220876488037","","","","","","","12.64360498075199","13.93311076684914","14.51277890237807","16.66762894841427","15.61700318820301","16.15203904770072","17.4248152459501","17.9440692277554","18.57857998866867","18.69673801421583","19.23985366703869","19.7699907040738","18.40551292882555","19.25083565244291","19.94938275713335","20.29340230148325","19.28067073749765","19.53450601198039","20.59972296305297","21.76179936732106","21.42853701701103","20.63701735281774","20.94657610875429","19.9046202663852","20.14042499392551","20.81217633389075","21.08841777734719","21.68393292127805","18.91443766336644","17.97437150646167","17.57677203493629","17.78155992914475","18.13123443192713","18.38662841653087","18.60782027347867"
"IMF.FAD:FM(5.0.0)","BEL.GNLB_S13_POGDP_PT.A","OBS_VALUE","Belgium","Net lending (+) / net borrowing (-), General government, Percent of GDP","Annual","Units","","","","","","","","","","","","","","","","","","","","","","","","","-9.736535044808688","-16.02801284326693","-12.76536802484926","-15.02809071188693","-11.21012922889613","-10.39505443822312","-10.28226248282985","-8.136544597815214","-7.505002744930345","-7.817682840327119","-6.992651932363911","-7.672046841138251","-8.419761041017046","-7.708429699482652","-5.287567153165882","-4.508480212836714","-4.002557306055402","-2.15121753138094","-1.025130682990577","-0.6481833038942173","-0.0794536150029644","0.2327728072332457","-0.04354906589083457","-1.864040312801164","-0.2386294724075197","-2.715127549292504","0.2397040144425206","0.06655627308152343","-1.095430470542413","-5.447625346887716","-4.13325000963545","-4.441434519613357","-4.348423451290935","-3.163649817417901","-3.175185636076739","-2.475417410682056","-2.430945673762507","-0.7632473929202901","-1.048288109477423","-2.047947005502184","-9.034673854447439","-5.402027874881187","-3.601688196697363","-4.006666932281499","-4.36224753011582","-5.256630193046193","-5.128315652877558","-5.190756178264933","-5.315505708919909","-5.409930658787004","-5.661628363504884","-5.780067590853718"
"IMF.FAD:FM(5.0.0)","AUT.G2M_S13_POGDP_PT.A","OBS_VALUE","Austria","Expenditure, General government, Percent of GDP","Annual","Units","","","","","","","","","","","","","","","","","","","","","","","","","","","","","","","","","47.83129698084294","46.53897914761684","46.82615275653259","47.85633580948208","49.2722056262797","54.30667456637931","54.31577828648776","56.12844632678939","55.93528546302534","52.53925498472404","54.35066823847034","50.49961834880457","50.94026650747528","51.81533030683315","51.61183697568816","51.76241358400082","54.31615391426933","51.67244556279844","50.92022971147685","49.7196750484217","50.40428828609041","54.59732473178677","53.35714329438539","51.34065252260868","51.75346995193143","52.427568956483","52.3959342456259","51.21556579022373","50.63968777422169","49.82100214296469","49.19289562361606","49.07396082149713","57.31284275602069","56.02642828042631","52.96515972372738","52.20855462548557","55.18617653755661","55.18343111552373","55.16628647993259","55.30951085451191","55.38150137077023","55.22685920745357","55.17723672039802","55.19512322447103"
"IMF.FAD:FM(5.0.0)","GX235.G2M_S13_POGDP_PT.A","OBS_VALUE","Low-Income Oil Producers","Expenditure, General government, Percent of GDP","Annual","Units","","","","","","","","","","","","","","","","","","","","","","","","","","","","","","","","","","","14.70175880604258","14.31896723677568","16.66502835215183","20.4662343425523","12.3972741283775","9.153328130839822","7.994953951368416","9.819303195414961","11.25814079117705","15.29099363267003","17.68026714875344","22.20636470804394","14.47255848229269","16.90686211852839","13.35180466543091","12.85072976094364","9.307922628204101","13.33396727214123","10.802868566593","11.67033895177771","12.39322140550609","12.98382053074673","11.40555792488449","11.10406351015485","10.64851815702826","8.713348668279587","7.899311350010912","9.190991758396871","9.82179236080317","9.59022182881498","9.448399950597135","9.736999249041737","11.39435621184947","11.44030430570066","13.68927333790993","13.39180458802022","16.03860384541004","14.5185447431112","13.6383135456008","13.54130298557129","13.51512000663344","13.35915284848312"
"IMF.FAD:FM(5.0.0)","AUT.G1_S13_POGDP_PT.A","OBS_VALUE","Austria","Revenue, General government, Percent of GDP","Annual","Units","","","","","","","","","","","","","","","","","","","","","","","","","","","","","","","","","44.45806757787775","43.494792571158","44.24198482468844","44.89453022473134","47.12376064459547","49.7397368115014","49.27478878840626","49.95411974969767","51.55420318945654","50.15549154403561","51.66725216694849","47.87145987737916","48.86540355581836","51.10284615310979","50.18617171336176","49.92370147192396","49.37522267448846","49.08442471914565","48.31168381881793","48.15944752845594","48.8325700317496","49.21681702955315","48.89226548083901","48.85888208053358","49.5768335895011","50.43498944711211","50.47265576011153","50.73907393954985","49.1883248792335","49.04533114943878","49.38807653387928","49.61021645319211","49.10839063846324","50.33312286221034","49.55469976336401","49.61813369987364","50.50967692969363","50.66431693825695","50.98121955561833","51.53303423488772","51.53303423488776","51.53303423488772","51.53303423488774","51.5507066447488"
"IMF.FAD:FM(5.0.0)","USA.G1_S13_POGDP_PT.A","OBS_VALUE","United States","Revenue, General government, Percent of GDP","Annual","Units","","","","","","","","","","","","","","","","","","","","","","","","","","","","","","","","","","","","","","","","","","","","","","32.2571743798978","29.87701640574247","29.26645688673193","29.47550477094746","30.85292042456592","31.65565013463042","31.64870718690088","30.53160323226031","28.22183236002086","28.77009896022819","29.08041007133139","29.10896120635292","31.22160695588298","31.29793206261314","31.50143755124351","30.97670288063218","30.39988068590309","30.01447726565819","30.01354922649632","30.60853252180381","31.76247226103394","33.07534945844496","29.6224906962947","29.87913349108003","30.88045106116847","30.43706851368344","30.53061159583824","30.38335879487828","30.39577979226101","30.64844433760606","30.76127799048144"
"IMF.FAD:FM(5.0.0)","NLD.G2M_S13_POGDP_PT.A","OBS_VALUE","Netherlands, The","Expenditure, General government, Percent of GDP","Annual","Units","","","","","","","","","","","","","","","","","","","","","","","","","50.64555372971286","52.2968957136814","53.84954043021794","54.51994108448985","54.52571954023329","52.93585617081517","52.60613830450759","53.62771670640821","51.74152172570729","49.91964147355811","48.82546032172559","49.58630070402205","50.23914174629257","50.86555905679089","49.44127663643687","53.93476996170068","47.34028381117869","45.70794784396472","44.61489366551936","44.27587749885158","43.21028061151151","44.07536324312908","44.7811795959841","45.75209603399488","44.67307406508607","43.420258098575","43.96197765233792","43.26859620248083","44.25924191500371","48.42733662026142","48.86660176479187","47.77588249013358","47.64247256286537","47.54217081075234","46.73937229140603","45.25176100404048","43.91696462665324","42.75877958769999","42.44309153241633","42.0983239873362","47.81318933007374","45.89434131568616","43.26578253607293","44.00052183866234","44.41284715076453","45.14636833548141","46.15590661023757","45.80474508540678","45.91955000021649","46.44395519705894","46.72898291163335","46.9183599446364"
"IMF.FAD:FM(5.0.0)","GX231.G2M_S13_POGDP_PT.A","OBS_VALUE","Low-Income Developing Latin America","Expenditure, General government, Percent of GDP","Annual","Units","","","","","","","","","","","","","","","","","","","","","","","","","","","","","","","","","","","19.38284984055642","","","","","","","12.41701988379266","12.3856087227042","14.67289842118782","16.01168139907862","17.26588983059502","18.21613420318987","19.91697041510337","18.92189539175278","18.38228372838586","19.18908446543944","19.37287855891115","20.38768262971304","21.35039884759883","21.03640687230832","21.55307811024357","22.61639327758975","22.97287726897394","22.12658967723542","21.81663838451129","22.42630025370905","22.16706518276047","21.95170035731267","21.73953649191066","23.22834953012612","22.64251377340748","20.44261706814105","21.2491334133982","19.50480859416004","18.80835413537775","18.49217234159885","17.88206718216292","18.17494820500003","18.4631622888854","18.68146506095275","18.88992742999594"
"IMF.FAD:FM(5.0.0)","GX148.G1_S13_POGDP_PT.A","OBS_VALUE","Advanced G20","Revenue, General government, Percent of GDP","Annual","Units","","","","","","","","","","","","","","","","","","","","","","","","","","","","","","","","","","","","37.82159394445911","38.24523714216201","37.28058744320761","36.8328602111677","36.19169646316947","36.60687405974458","","","","","34.56696127730718","33.2314880952524","33.34667798449402","33.67448167574277","34.39113428740056","35.09856550261486","35.49466794360316","35.08954760705317","33.74461308616073","33.47118855791385","34.06943645623599","34.16381632762964","35.50746868578386","35.62362625776977","35.42133868335205","35.17552370728508","34.99954640801976","35.06815820537981","34.82066401431878","35.28941161262421","36.25357258565989","36.81857139119817","34.64443696752087","34.85802627857232","35.76176661744309","35.72171127602048","35.76969578626398","35.67602792569972","35.7283152590018","35.88048710478077","35.95228606594914"
"IMF.FAD:FM(5.0.0)","GBR.G2M_S13_POGDP_PT.A","OBS_VALUE","United Kingdom","Expenditure, General government, Percent of GDP","Annual","Units","","","","","","","","","","","","","","","","","","","","","","","37.63469740757851","37.1220006697863","39.04083768022281","41.34021683014972","40.81302947067775","40.0565501562944","40.21468114778346","39.35083222009604","38.23389437417469","36.37318287687736","34.18120611473289","33.6266106601578","34.89599198783911","35.74918934797591","37.67254347597791","37.64536050440839","37.35413821544952","37.47235124648944","35.55284591110639","34.68080067686343","34.25953626032605","33.73697248661781","33.75722668925983","34.47792431740866","35.80165170268012","37.00596117867536","37.85861809917997","38.25301140424828","38.18656635635419","38.3831197328915","40.61403667543161","44.17768315479301","44.47565629991602","43.31046830883652","43.33475827492234","41.58558179883202","40.82570960168869","40.0864930581489","39.29931587650361","38.83847298950707","38.46305810710186","38.32498653993567","49.30287284912836","44.90401489332022","43.24560462062598","44.19544038800013","43.68217821234152","43.64403473650839","43.85594913746521","44.0574253394345","43.84323286241209","43.56063922715833","43.61070855465837","43.71631581845268"
"IMF.FAD:FM(5.0.0)","GX149.G2M_S13_POGDP_PT.A","OBS_VALUE","Emerging G20","Expenditure, General government, Percent of GDP","Annual","Units","","","","","","","","","","","","","","","","","","","","","","","","","","","","","","","","","","","","","","19.24390100869255","19.25326806123002","","","18.69824589582555","20.98613377264059","20.87768449899155","22.5094397589175","25.51529906942204","25.96328800397725","25.85609478363495","24.89772739135953","25.24640385220412","25.5229925320053","25.84831789037898","27.8406288249769","29.95016855209998","29.11037008090067","29.52523954835285","30.06705959230645","30.29034149665645","30.58054883087906","32.01805266591384","32.16566140893937","31.85442839727229","31.98140369380923","32.48839034073016","34.60267702742253","31.61353138149158","32.0157601637839","32.48885465125598","32.62988197202472","32.77563361015618","32.67420348026247","32.73168665708513","32.6041800819539","32.40804016084029","32.36673363965017","32.34300247072735"
"IMF.FAD:FM(5.0.0)","GX148.G2M_S13_POGDP_PT.A","OBS_VALUE","Advanced G20","Expenditure, General government, Percent of GDP","Annual","Units","","","","","","","","","","","","","","","","","","","","","","","","","","","","","","","","","","","","40.41345140022893","41.56696422877764","41.79477583519883","41.35533300948759","41.55391079496287","40.60404574768904","","","","","36.41954788306803","37.07098971668393","37.75736755297118","37.39036562876761","37.38043610276784","37.08460185861007","37.44692447129674","39.29255983958839","43.10572548827206","41.77921771539362","41.01510701923319","40.25030677170342","39.59463257560133","39.03923784651511","38.2795609217854","38.26588804177223","38.06032225567027","38.10470283798139","38.46405230987947","46.48881873395211","44.68245657907824","40.4023989731281","40.46551457148782","40.64354651734366","40.86225841430455","41.268075117807","41.21166292334427","41.17007253134018","41.06213133361196","41.17840698732504","41.18057854650717"
"IMF.FAD:FM(5.0.0)","GX234.G2M_S13_POGDP_PT.A","OBS_VALUE","Low-Income Developing Others","Expenditure, General government, Percent of GDP","Annual","Units","","","","","","","","","","","","","","","","","","","","","","","","","","","","","","","","","","","30.79364135604433","42.01687355917862","29.76703481876853","30.98935823996776","22.85306471331153","24.37323291757334","26.01779562772331","23.45805682736879","24.47895298493949","24.00138064242512","22.43797885203614","19.66466420980108","18.94322231136808","19.31808788775171","21.07402895275656","22.18883153394978","20.97651238879838","21.76004741608065","22.37064286693281","22.93087920034035","21.55002832414962","21.22854146892711","22.00246214554391","21.38198847824384","20.79416553918164","20.28166837031452","18.76994161587782","19.98569493804062","22.41085223564804","23.1892937766387","22.24044034052373","21.64816688596914","26.26574890949539","24.15407323977127","23.51312013550852","24.4375176001956","26.17302129298087","27.5495290971725","27.40520012931547","27.40529219146979","27.41914816788635","27.38015982295991"
"IMF.FAD:FM(5.0.0)","GX232.G2M_S13_POGDP_PT.A","OBS_VALUE","Low-Income Developing Sub-Saharan Africa","Expenditure, General government, Percent of GDP","Annual","Units","","","","","","","","","","","","","","","","","","","","","","","","","","","","","","","","","","","","14.36488079292521","16.02317949851135","","14.06507815750073","11.2790067332392","9.259502971073364","10.77355720797002","11.90082611860359","14.17029507598873","15.37627807504952","18.06365555518826","14.63927314797314","16.04647658738321","14.56024284790594","14.20613971485567","12.30004597660013","14.72585900998599","13.30491260217196","14.2077384963416","14.84992903562945","15.23501502643585","14.64193851853174","14.65310072295985","14.4218871732756","13.62594280931085","13.76065737817716","14.78328948601566","14.74499899947948","14.67821908850976","15.76635272095035","16.07695275472693","16.69675509197736","16.64810454388804","18.06055368715426","18.38072465589239","19.35164417352649","18.77894522388819","18.6283205512349","18.67545932531775","18.75961125879268","18.77919215222768"
"IMF.FAD:FM(5.0.0)","GX230.G2M_S13_POGDP_PT.A","OBS_VALUE","Low-Income Developing Asia","Expenditure, General government, Percent of GDP","Annual","Units","","","","","","","","","","","","","","","","","","","","","","","","","11.04464209297249","10.58257368360348","10.78622014250084","12.50860268302819","11.38439811516882","11.20590307607491","11.82056746565623","11.38669465999573","10.99353472205521","11.48681400340556","11.04952172127633","10.72934502795667","10.92080072522197","12.00813064437931","11.71760279825836","11.5621414916023","11.27195879333921","11.40707507285753","11.9875694257938","11.1838856215563","12.19917783033829","13.22789997127313","12.52370192904027","12.0072626314251","11.69809875114277","12.09775821525253","11.97840169648011","12.01078548436074","13.53736206508926","13.79697995512167","13.85318643710657","14.52807575258615","16.01592248714675","17.01367638944149","16.83487482244992","15.75563622944673","15.14377847977877","15.40372939938506","15.99970268766041","16.5388480861067","16.69275159763432","15.93366358712159","15.88435505102755","15.64921325944838","15.46396863889435","14.73592327377426","15.62811716363694","17.29041834354311","18.24201444664556","18.48696766966499","18.64584865454342","18.70417036652623"
"IMF.FAD:FM(5.0.0)","G120.G2M_S13_POGDP_PT.A","OBS_VALUE","G20","Expenditure, General government, Percent of GDP","Annual","Units","","","","","","","","","","","","","","","","","","","","","","","","","","","","","","","","","","","","38.51343833152905","39.37593543246053","38.33229061192866","38.07928639949452","38.38122639100141","37.14768833836009","","","36.48511032207023","35.47363537371766","34.62054167208327","35.27229091002337","35.786511292991","35.18836729644333","34.99705768737125","34.57465808175547","34.64110738227413","36.23320579588631","39.51369559384127","37.91416456046197","37.23139213242236","36.76672760568106","36.27463722370404","35.99954632233181","36.03269573079529","36.10889149936794","35.77251093925635","35.82657482806323","36.22802947825313","42.07996811237594","39.61039900910637","37.08086585158516","37.36441028555235","37.52705768512916","37.72256914082164","37.90611746797586","37.88220254958424","37.76186155511944","37.56864032194579","37.57470211135831","37.51860325313113"
"IMF.FAD:FM(5.0.0)","GX234.GNLB_S13_POGDP_PT.A","OBS_VALUE","Low-Income Developing Others","Net lending (+) / net borrowing (-), General government, Percent of GDP","Annual","Units","","","","","","","","","","","","","","","","","","","","","","","","","","","","","","","","","","","-13.35048995724809","-21.24113812343821","-5.502581741287163","-9.533122056400588","-3.691637274364315","-2.995711100492475","-2.491579365847736","-2.183723914551749","-2.54619373382013","-2.555199159459975","-2.696534120420688","-2.06118604425109","-2.604342669442505","-1.518323316003174","-1.519798267385328","-2.149100452437286","0.1076301417112243","-0.7331443102458066","1.484543823950541","-1.554861788613219","0.5330854282606375","0.5347025025767467","-0.02683833275698071","-1.092081715320936","-1.079925824727363","-1.821418192862772","-1.197827583544735","-1.711103015679357","-1.840747748390195","-2.800134314649509","-3.513701480971297","-2.026585402239009","-2.561743775397968","-3.224687745414879","-1.74365372596244","-1.758989074663714","-1.792542344163318","-2.508405384617636","-2.355600811789646","-2.29333566380542","-2.185102402951038","-2.140143881849338"
"IMF.FAD:FM(5.0.0)","GX231.GNLB_S13_POGDP_PT.A","OBS_VALUE","Low-Income Developing Latin America","Net lending (+) / net borrowing (-), General government, Percent of GDP","Annual","Units","","","","","","","","","","","","","","","","","","","","","","","","","","","","","","","","","","","-2.150641075676049","","","","","","","0.2265850969593223","1.547502044144949","-0.1601195188097431","0.6559475493356449","-1.648886642392016","-2.064095155489147","-2.492155169153265","-0.9778261639973799","0.1962962602828152","-0.4923464512236154","-0.1330248918724604","-0.6176919256392374","-2.944885918773288","-1.785571219865417","-1.603695353110224","-2.322990976106495","-3.692206531476309","-2.592083665255018","-1.216915421458332","-0.6645008863879806","-0.7385281657494597","-1.314683004494929","-0.7929603831563863","-3.323729263740907","-2.502088779481965","0.3695592657497074","-0.1607156360510032","2.179124327118009","0.1060835279886852","-0.5178008351371692","-0.3052951472266278","-0.3933882758552859","-0.331927856958266","-0.2948366444218593","-0.2821071565172713"
"IMF.FAD:FM(5.0.0)","GX230.G1_S13_POGDP_PT.A","OBS_VALUE","Low-Income Developing Asia","Revenue, General government, Percent of GDP","Annual","Units","","","","","","","","","","","","","","","","","","","","","","","","","5.185035406547636","5.443028648003005","5.235004613521322","7.17823053929434","7.189012860718797","7.161596542299686","7.40307537046646","7.423033254935459","7.467216387725289","7.703039278522826","10.65886418398822","11.0453783372294","10.67636757010918","11.71600274838928","11.62897921763422","11.37931946063847","9.475046319764996","9.694849716992842","9.706914214284676","9.436036331535941","9.933062176312487","9.662259001231387","9.866603499002595","9.813010220495771","9.665332697921443","10.22874073388561","10.71975220717217","10.76503476980193","11.16138686449685","10.7410868687051","11.51257208786942","11.66332107227202","13.46535424922218","14.43617518076789","14.50720211882547","12.48104744768385","12.17067494712545","11.60362280871097","12.29553839366787","11.860802831245","11.39519779141661","12.20856138747526","11.8140947061635","11.44653025504671","12.00283356391383","11.77548717472021","11.53028864609314","12.94974406899514","13.45929658021666","13.70255544659427","13.80192491110055","13.91151351528035"
"IMF.FAD:FM(5.0.0)","GX235.GNLB_S13_POGDP_PT.A","OBS_VALUE","Low-Income Oil Producers","Net lending (+) / net borrowing (-), General government, Percent of GDP","Annual","Units","","","","","","","","","","","","","","","","","","","","","","","","","","","","","","","","","","","-0.5932648023800747","-1.527274661673516","0.3606352321395546","-6.26424616776778","-3.096127556362677","2.343718695735666","3.379183708630268","1.128494784160839","-3.471617118474461","-1.564558014914425","2.668237227168471","-2.248417546342177","0.6197487229499777","-1.604053064880906","3.666475797768328","3.598478893575425","6.372248194679676","-0.5381724204994178","4.447383038470665","-3.746778055602964","-2.555750792841912","0.6971176513698399","0.04175369491826382","-1.926262645372154","-2.008032376203753","-3.024555916852247","-3.609067874077344","-3.87978309645615","-3.014832009714594","-3.258201497400058","-3.974882651515139","-3.837404434471509","-3.656491406828861","-3.061274641885544","-1.331811039036226","-1.957295269050142","-4.202607426352429","-2.788190578296531","-2.177733502569722","-2.028141230828194","-1.970898814404223","-1.793117754901764"
"IMF.FAD:FM(5.0.0)","G001.G1_S13_POGDP_PT.A","OBS_VALUE","World","Revenue, General government, Percent of GDP","Annual","Units","","","","","","","","","","","","","","","","","","","","","","","","","","","","","","","","","","","","35.37894063524454","35.95830252794232","34.40422486693267","33.99802219478635","33.71289093462053","33.6319398602015","33.26735371448999","33.2525067574753","33.4410930284333","32.91349164618278","32.52539694650726","31.78478199677875","32.06256300299914","32.42242224791153","33.12211277611367","33.5585075945747","33.62089613640868","33.70591733312047","31.8920911081894","31.63482335395846","32.38577541927285","32.51353086306877","32.94864050123768","32.70349750078129","32.12979486563908","31.94664476308767","31.88090678466311","32.10655368096261","31.73073191194494","31.28391381217279","32.08580434131291","32.29552313539141","31.42355399144063","31.63207486123304","31.94025355587009","31.92567123617251","31.90667745076425","31.79280617262351","31.76243263764914","31.77606948860011","31.72784633689442"
"IMF.FAD:FM(5.0.0)","GX149.G1_S13_POGDP_PT.A","OBS_VALUE","Emerging G20","Revenue, General government, Percent of GDP","Annual","Units","","","","","","","","","","","","","","","","","","","","","","","","","","","","","","","","","","","","","","16.71530203787708","16.23203819725143","","","15.97352690744438","16.84920720193136","16.80665582229602","19.41842266685005","21.76108071765545","22.06288499558898","22.48535252797884","23.51868414483172","25.18463888986855","25.77367888617353","26.05506417585081","28.3914160511714","26.14363290516128","26.73734462812501","28.46560935568684","28.91133042832758","28.47943148586208","28.15243538122777","27.86448336114818","27.7328246894368","27.85478292919561","27.98545644332634","27.39628348909133","25.39130698472534","26.30370361401762","26.14558223515796","26.43612863501088","26.55931799807383","26.05551948710354","26.0500263947272","26.04119411558919","26.03480516452481","26.04393914041986","26.04951780595352","26.01216804235842"
"IMF.FAD:FM(5.0.0)","G001.GNLB_S13_POGDP_PT.A","OBS_VALUE","World","Net lending (+) / net borrowing (-), General government, Percent of GDP","Annual","Units","","","","","","","","","","","","","","","","","","","","","","","","","","","","","","","","","","","","-2.659490738340517","-3.385231706594529","-4.314220112129194","-4.204027476417624","-4.614615488873129","-3.249781309828082","-2.279595580781667","-3.759343533895692","-2.482412905611455","-1.896847741016119","-1.907554088450738","-3.438224877994521","-3.678947963216126","-2.754095171954139","-1.696078690684194","-0.7586262724607094","-0.7066403807290736","-2.17609242329399","-7.055718651930441","-5.733631649783991","-4.245688849377999","-3.73833776040499","-2.877923827989589","-2.772558185680296","-3.120209119274497","-3.280433038512488","-2.96825359641291","-2.822892256579666","-3.522701994536959","-9.506030014622008","-6.309817484601005","-3.702321410881744","-5.027114541559921","-5.088367705745444","-4.995677866371584","-5.201828582610652","-5.11920399490258","-5.058874811395746","-4.891712443006808","-4.854099937430466","-4.82935055291127"
"IMF.FAD:FM(5.0.0)","GX232.G1_S13_POGDP_PT.A","OBS_VALUE","Low-Income Developing Sub-Saharan Africa","Revenue, General government, Percent of GDP","Annual","Units","","","","","","","","","","","","","","","","","","","","","","","","","","","","","","","","","","","","11.94729644178309","13.79540369972527","","10.79510396304672","12.2958467887657","10.95492824809961","10.95947401249808","8.984080835987083","12.10323104518125","15.49234997417749","16.11385317706399","13.95141715054885","14.47208476529048","15.74356003536947","15.37934657534584","16.41662965650173","13.93120845822951","15.05594548887357","11.05205357974763","12.13309681559761","14.49654144051434","13.46937820489518","12.0844419626419","11.80673457742793","10.21422835916475","9.95071328251093","10.90180357188439","11.32562047537564","11.08293842062185","10.64097494567385","11.31634632001757","12.04713287975536","12.81552429924405","14.7571583250634","15.32955988665964","15.57499206957081","15.70387754224493","15.81364567539712","15.90633180939809","16.02711898646467","16.04921719533237"
"IMF.FAD:FM(5.0.0)","GX232.GNLB_S13_POGDP_PT.A","OBS_VALUE","Low-Income Developing Sub-Saharan Africa","Net lending (+) / net borrowing (-), General government, Percent of GDP","Annual","Units","","","","","","","","","","","","","","","","","","","","","","","","","","","","","","","","","","","","-2.417584351142119","-2.227775798786079","","-3.269974194454011","1.016840055526494","1.695425277026251","0.1859168045280699","-2.916745282616504","-2.067064030807477","0.1160718991279625","-1.949802378124268","-0.6878559974242996","-1.574391822092731","1.183317187463534","1.173206860490178","4.116583679901598","-0.7946505517564795","1.751032886701614","-3.155684916593964","-2.716832220031831","-0.7384735859215136","-1.172560313636566","-2.568658760317969","-2.615152595847685","-3.411714450146092","-3.809944095666217","-3.881485914131275","-3.419378524103843","-3.595280667887904","-5.125377775276488","-4.760606434709368","-4.649622212221994","-3.832580244643989","-3.303395362090814","-3.051164769232757","-3.776652103955684","-3.075067681643258","-2.814674875837784","-2.769127515919678","-2.732492272328023","-2.729974956895318"
"IMF.FAD:FM(5.0.0)","PRT.G1_S13_POGDP_PT.A","OBS_VALUE","Portugal","Revenue, General government, Percent of GDP","Annual","Units","","","","","","","","","","","","","","","","","","","","","","","","","","","","","","","42.19983593540358","37.25656481389668","37.85891222246306","37.9700332691856","35.34059011953379","38.01008688075974","43.02384376180701","38.42095965413755","35.39284644102701","37.44958075223103","38.41164325777199","38.75369023432805","38.32321240303394","39.56671764073399","39.51299892146136","39.41130590218678","40.47278158061986","39.744221519048","40.08358051710231","40.66883124664544","41.10260170190857","41.64944946359599","41.67477002034586","40.38324216935123","40.46879135151484","42.30059455109209","42.63156770522141","44.74327906273656","44.34357508028912","43.84319085625606","42.92233964013461","42.48370024720077","42.8556480661237","42.59695211755892","43.37087281279473","44.51767671868663","43.56350622158313","43.15499092666392","43.00639820721827","44.05191269033746","43.77275917993019","42.37200547951697","42.15608280292963","42.14000257548191","42.12624823774291","42.11403260892632"
"IMF.FAD:FM(5.0.0)","AND.G1_S13_POGDP_PT.A","OBS_VALUE","Andorra, Principality of","Revenue, General government, Percent of GDP","Annual","Units","","","","","","","","","","","","","","","","","","","","","","","","","","","","","","","","","","","","","","","","","","","","","","27.36170567539582","25.97747895842601","25.97996516781442","25.54509321058343","23.30526834285759","23.75321026956986","24.77399620399132","26.26880641066089","26.40617322371108","28.50610429618301","29.52682362746527","32.28657975220098","35.32276222188028","33.80542867189943","34.98327467538407","38.65022508464343","38.20142707398259","38.61028599991927","38.15931799731765","41.27806697193699","37.88518971991875","39.73475831150263","38.03063361128727","39.91036002799456","40.6839418404407","40.07839913412277","40.21628741951378","40.2162874195139","40.21628741951374","40.21628741951381","40.21628741951388"
"IMF.FAD:FM(5.0.0)","AND.G2M_S13_POGDP_PT.A","OBS_VALUE","Andorra, Principality of","Expenditure, General government, Percent of GDP","Annual","Units","","","","","","","","","","","","","","","","","","","","","","","","","","","","","","","","","","","","","","","","","","","","","","26.70393095754589","24.99982755395722","24.21554556485336","23.69025482185823","23.38669543268474","25.18918994058357","27.60219410479366","29.4605213124628","29.91578952223953","28.84958953007136","29.1093334866256","33.93475784072365","31.96223863940712","31.66205584543731","33.32856850559354","34.56761019848215","34.85232385870711","35.93004876801198","35.84437202013894","42.32783143507343","39.03996466557807","34.88965994062879","35.88035138262802","37.12689687242402","37.18551710134545","37.83990247252746","38.3563355866556","38.34031889892097","38.32467976582731","38.33503807992142","38.46674073633979"
"IMF.FAD:FM(5.0.0)","TUR.GNLB_S13_POGDP_PT.A","OBS_VALUE","Türkiye, Republic of","Net lending (+) / net borrowing (-), General government, Percent of GDP","Annual","Units","","","","","","","","","","","","","","","","","","","","","","","","","","","","","","","","","","","","","","","","","","","","","-8.3561302818723","-11.64281659743757","-11.31445070814352","-7.552694044905828","-4.108608953868667","-0.7460087372819847","-0.2174657808973712","-1.367905263587339","-2.129896969106664","-5.141736642145817","-2.993647900323371","-0.3518671712159504","-1.776907342047844","-1.206036312157976","-0.9633895077125787","-0.5117193385568782","-1.676602007961215","-1.86711392569182","-3.096947006835345","-4.69047717636854","-4.63563207526149","-2.976062110630392","-1.095750233717363","-5.192116585324382","-4.510171972911838","-2.781225540239696","-3.38043745704539","-3.665860801059892","-3.513555605808441","-2.895340775361032","-2.78802322181372","-2.682840913681612"
"IMF.FAD:FM(5.0.0)","JPN.G2M_S13_POGDP_PT.A","OBS_VALUE","Japan","Expenditure, General government, Percent of GDP","Annual","Units","17.18162347378519","16.50262482205985","17.41944195155813","16.45725642252021","16.19660704812838","16.02535691045968","17.11607575380011","17.66520728400338","17.50731223242065","18.0402860192077","18.41185555203495","17.67578100159737","17.79909003124656","17.55562253084849","18.00775945406372","19.41081327348471","20.50996466265738","20.72842166107095","22.71621440783416","25.26623773507354","25.70436482369699","26.8463659739399","28.28019705189967","29.30182228765577","30.0523428283453","30.8054315847035","31.02200759331073","31.12824738421355","30.50318456727351","29.72624512885556","29.71795050013764","29.95522807907139","29.22665083793974","28.53724737691319","28.80100645374049","28.64407824974585","29.61674338728275","31.41957518320825","32.10795993674222","32.84874426727434","33.12690545466462","32.43326844270986","38.14627940411272","35.16465801796269","35.4234343059595","34.68633119878037","34.86767615067728","34.62716220197287","33.34905124832105","33.21745124029258","32.72804800893878","32.80281175457378","33.74940354041535","38.33746160348301","37.44554185668822","38.43523392571367","38.35758255718009","38.41236661002854","37.7676013795122","36.58307865699972","36.48156934917062","35.8972888895967","35.9539800693451","36.4236899261679","43.563038386729","41.34977355811543","40.20833707215841","37.77530543277413","37.31101934967519","36.85762756697034","37.61511935818339","37.91572689271704","38.38797122609312","38.67875636140089","39.07928534050143","39.43527513156503"
"IMF.FAD:FM(5.0.0)","LUX.G1_S13_POGDP_PT.A","OBS_VALUE","Luxembourg","Revenue, General government, Percent of GDP","Annual","Units","","","","","","","","","","","","","","","","","","","","","","","","","","","","","","","","","","","","","","","","44.69526077005755","44.9157517396337","46.8100244776311","46.89928644007476","44.9887508578472","43.52543493676613","43.76190855070582","43.7917564601317","43.6121903512752","42.28256011124749","43.23338066774545","41.30621799561083","41.74497036547039","41.29419262925055","42.48272118041418","41.69875974878958","42.15393639942694","42.31787680919568","42.07945900253593","41.94402931760871","41.6693755725642","41.9347779675491","42.64416663228397","45.49278576590496","45.75054073540014","43.94752182972812","43.51050662928055","44.51266238505328","45.69569167293833","47.7303977823238","47.29414230437995","47.40237325864182","47.72047349033229","46.89941789078671","47.08345736851438","47.33447649349974","47.60080030336956"
"IMF.FAD:FM(5.0.0)","PRT.G2M_S13_POGDP_PT.A","OBS_VALUE","Portugal","Expenditure, General government, Percent of GDP","Annual","Units","","","","","","","","","","","","","","","","","","","","","","","","","","","","","","","52.47049921697015","45.73538019226457","42.17477912523533","41.45139600168463","42.16487009467937","45.94016784553773","48.21810685004047","46.47927182831414","42.76160154041132","42.59283824842607","43.04372898816766","42.40744193591574","42.62753180414788","42.49506995208326","42.83081583466042","44.09006732456835","44.17237864615704","45.31220775557652","45.99594938271929","46.72031381364051","45.16674024602371","44.55821120402272","45.48549213077629","50.25748433015138","51.88716360021439","50.02754683443938","48.83400073692274","49.95685968000112","51.65961742998592","48.21505458028926","44.86569432044502","45.4859032137123","43.28142378252233","42.4808860463826","49.12311324321205","47.34319412380401","43.87391722810395","41.89782528446185","42.50552566167318","43.74318025703361","43.91228376587726","42.53529224963278","42.67967240882187","43.00070836842453","43.33915287963075","43.6969455590476"
"IMF.FAD:FM(5.0.0)","CHE.GNLB_S13_POGDP_PT.A","OBS_VALUE","Switzerland","Net lending (+) / net borrowing (-), General government, Percent of GDP","Annual","Units","","","","","","","","","","","","","","","","","","","","","","","","","","","","-0.5670776225726503","-0.2298389137596445","0.01700552430718637","1.07433713966222","1.078131940096773","0.9027028854729028","0.7583583317511298","-0.04513710555299042","-1.819307514738258","-2.917241409118698","-3.096083992515928","-2.553391285069915","-1.830869314869204","-1.983332411563342","-2.301288701813217","-1.291102869945256","-1.550754687757334","0.2787975319264844","0.2048942011088581","-1.720191054582117","-1.342398432740163","-1.374888591631186","-0.6364977408646172","0.8335267553317481","1.548779095098002","1.909202874650468","0.4895071757766926","0.3477439811645021","0.6728917047672797","0.2312530520947981","-0.4247764484217765","-0.2422255517619501","0.5364409014377888","0.2345789078401956","1.111711424712433","1.26322161404734","1.313813987797023","-2.957179374172352","-0.2807242638793185","1.149752979186306","0.1179222068626069","0.5291176475088519","0.451748155968347","0.2184639113276316","0.3208571156055961","0.262705322610938","0.2307974117300864","0.1789593869234492","0.1789593869235417"
"IMF.FAD:FM(5.0.0)","SMR.GNLB_S13_POGDP_PT.A","OBS_VALUE","San Marino, Republic of","Net lending (+) / net borrowing (-), General government, Percent of GDP","Annual","Units","","","","","","","","","","","","","","","","","","","","","","","","","","","","","","","","","","","","","","","","","","","","","","","","","2.444832110764741","3.583093556074753","1.506742087537703","1.825315797607967","0.1762084279015061","-2.460579122748134","-2.238409212337137","-4.049455371568398","-7.079258600663666","-7.740702798114328","1.064454675839922","-3.323752452816021","-0.1852200609398532","-3.486019019900032","-1.555799791573303","-0.1080126700512865","-37.59204728337197","-16.4177826031089","0.4237211688295091","-0.724413347162432","0.3866728631723659","-1.004156756607656","-1.59835504051581","-0.1229786622986493","0.5431937605441298","0.6218380272722938","0.4887824653945176","0.5993311661937996"
"IMF.FAD:FM(5.0.0)","CAN.G1_S13_POGDP_PT.A","OBS_VALUE","Canada","Revenue, General government, Percent of GDP","Annual","Units","","","","","","","","","","","","","","","","","","","","","","","","35.98088104932026","36.90288342711335","38.93956422827793","39.5009029293036","38.97169820277416","38.81914170559281","38.71170956768335","39.4854072118945","39.68182388009806","40.25082390324361","40.53521625899559","42.17894726247698","43.07817485141207","43.30782421816279","42.54260498475979","42.07636128549999","42.24496495398745","42.81093792522743","43.50200567631758","43.54876093511442","43.42893880211563","43.19731735123695","41.63163812980377","40.15995724197324","40.14873117847662","39.90234560701219","40.0737202709642","40.48839906882515","40.33870394210163","38.95980847788317","39.53939773466367","38.32638675476337","38.26651026485531","38.40168651396316","38.46603516788304","38.54537926249863","39.95657243796726","40.30006887069342","40.34296269201608","41.02224160488443","40.57235528057805","41.41327711844981","42.41353283240359","41.03005454655276","41.64510264228293","42.22066808619193","42.18553306417674","41.89708462314537","41.71688443960893","41.5884935596776","41.57667322032602","41.61953982407134","41.72803980750582"
"IMF.FAD:FM(5.0.0)","ESP.GNLB_S13_POGDP_PT.A","OBS_VALUE","Spain","Net lending (+) / net borrowing (-), General government, Percent of GDP","Annual","Units","","","","","","","","","","","","","","","","","","","","","","","","","-2.024527705182374","-2.391278144853146","-5.475554073504024","-4.713503813256037","-5.388164640302585","-6.798105669386851","-5.928543773451258","-3.277482133083079","-3.4009100084577","-2.989083056235458","-3.900306575638513","-4.578932272224407","-4.264600577254419","-6.88978146834371","-6.314959673690717","-6.793348962214753","-5.865882940038368","-3.859175175491501","-2.626903713196978","-1.240167864498809","-1.161266212558044","-0.4549487986441413","-0.3166414136025097","-0.3748677871588161","-0.09510975409826535","1.230549432078972","2.121642705895464","1.882712583558305","-4.560368633768176","-11.23738338661125","-9.487394918975625","-9.694672917309978","-11.49653848975447","-7.491624839614216","-6.073156622702366","-5.264866913436702","-4.264862636212818","-3.0963467416053","-2.575651089355889","-3.040256518652639","-10.02458347133493","-6.658335181476907","-4.586575843670482","-3.340119017653684","-3.215582721268495","-2.495813190544987","-2.067275656330065","-2.264402067038798","-2.170991207766253","-2.158428578958082","-2.154791954387079","-2.153309862495551"
"IMF.FAD:FM(5.0.0)","MLT.G1_S13_POGDP_PT.A","OBS_VALUE","Malta","Revenue, General government, Percent of GDP","Annual","Units","","","","","","","","","","","","","","","","","","","","","","","","","","","","","","","","","","","","","","","","","","","","","37.08980582524272","37.90509666080844","37.98888888888889","36.52650592287659","37.67625033158528","39.71483592367095","40.0234174627365","39.11079574954138","38.07004040792765","38.03457544094025","37.84374590128099","38.50813331816631","38.38224480246006","37.8933254606736","38.08683019500475","37.00765061537558","36.5518257043712","36.11046850195841","36.33558989955112","35.59838840087158","33.3674499564839","32.49889100696568","33.0488354119289","31.37440441201069","33.85832897517796","33.85479546834631","33.06685552992831","33.07295192696374","33.23313286688183","33.29803011302078","33.31728772225362","33.27145172024958"
"IMF.FAD:FM(5.0.0)","FIN.G1_S13_POGDP_PT.A","OBS_VALUE","Finland","Revenue, General government, Percent of GDP","Annual","Units","","","","","","","","","","","","","","","","","","","","","","","","46.75504630814004","46.74459101956924","49.32051475858826","48.83002115145084","48.55534230762484","50.18649570005348","51.95197924828929","53.38264116196654","51.69445297881081","54.4177936844489","53.93914139777247","53.71728394668068","56.06295908006584","55.93128281261789","55.56766249310361","55.80033533666251","54.0557011396185","55.11929160496975","53.58780831317034","52.87425994968073","51.52102641699767","53.65800008798557","51.12126848900168","51.43088116410671","50.62485993382285","50.34805122810112","51.78057401042109","52.19685180578615","51.7959574251974","52.05479452054795","51.60756045890995","51.44328636651129","52.81930636715489","53.54230504346785","54.5845884705917","54.6302008695441","53.31649158864276","53.40237440720945","52.22023443966783","51.79405359953429","51.66654088999572","50.91862073633491","52.46136900837742","52.4575873147087","53.05653742605447","53.35207777008837","53.68518336443846","53.86325050688047","53.74603569721567","53.53298811868366","53.7434140338073","53.74341403380745","53.74341403380738"
"IMF.FAD:FM(5.0.0)","ISL.GNLB_S13_POGDP_PT.A","OBS_VALUE","Iceland","Net lending (+) / net borrowing (-), General government, Percent of GDP","Annual","Units","","","","","","","","","","","","","","","","","","","","","","","","","1.342213190566227","1.2952349584763","1.681300561766396","-1.904328886371889","2.19821210915425","-1.517143660739524","-3.822945355085443","-0.7581976140971841","-1.86687131645742","-4.162354846369005","-3.064139277608168","-0.6321379186486429","-1.798879174174755","-4.212667202566748","-4.442036844846539","-2.771726178408029","-1.461069948836822","0.04545524764351105","-0.5506437229062894","1.303420587275446","1.432581415964919","-0.2673562682589656","-2.205872981850412","-2.25156828596067","0.328418114314806","4.961246770564214","6.421646255914388","5.566752330884261","-11.98797158892295","-8.50207336288809","-6.55582048229724","-6.420290902449696","-2.589600830726613","-0.8760946774779477","0.5910607925879013","-0.1444951790686699","12.69761255298066","1.27623385145863","1.044131669894209","-1.447241069198917","-8.809868189111694","-7.962693484326749","-3.818156620404023","-2.315033747474313","-3.710016813873608","-2.765256584573648","-1.135618787936118","-0.4896631159619295","-0.2427016880920045","-0.1235636336045202","-0.08387329030091993","-0.04798431388344431"
"IMF.FAD:FM(5.0.0)","GRC.GNLB_S13_POGDP_PT.A","OBS_VALUE","Greece","Net lending (+) / net borrowing (-), General government, Percent of GDP","Annual","Units","","","","","","","","","","","","","","","","","","","","","-2.552335170750322","-2.040648509664158","-1.674799847830731","-2.356735631571052","-2.501143341506632","-7.075467961027547","-5.493104727597006","-6.173964085973847","-7.191967957692062","-9.561362547407938","-8.619774063145946","-8.090503547953871","-9.626028476754669","-11.89857413321291","-13.28910865148846","-9.627880461425308","-10.64575147228279","-11.45251381470994","-8.476811653275605","-9.868234658251352","-8.350544037049951","-6.247684210904983","-6.484636564695234","-6.024030839058663","-4.214857095854032","-5.642344920295689","-6.196889535267897","-8.04670986122599","-9.052688861926511","-6.329919793975974","-6.044828041581175","-6.806877794583807","-10.31476689255134","-15.42360830752134","-11.42445676359237","-10.499569971741","-6.937092790071178","-4.058919601446041","-4.29245341957088","-3.030857724182253","0.280119000946986","1.054531370098405","0.7784483851625302","-0.0858767666450482","-10.36712662496325","-7.755687937492483","-2.571872583132979","-1.439785799038837","1.228794944579616","1.258719472446756","0.5978120782672292","-0.1755748960153396","-0.2044295031696315","-0.4724876703837479","-0.5862478693734278","-0.6963174051581046"
"IMF.FAD:FM(5.0.0)","MLT.G2M_S13_POGDP_PT.A","OBS_VALUE","Malta","Expenditure, General government, Percent of GDP","Annual","Units","","","","","","","","","","","","","","","","","","","","","","","","","","","","","","","","","","","","","","","","","","","","","42.91747572815534","44.40773286467487","43.60666666666667","45.56834411492901","41.95523088538372","42.54313447061799","42.48410957885738","41.16333806375688","42.12526457571676","41.14859169489639","40.06470511082936","41.49414173586623","41.68727856140116","40.07921863852191","39.57199530647595","37.84608762009118","35.45649512623915","32.70658997901992","34.47794364920387","34.88303572652149","42.08111401218451","39.45617379419487","38.38275442176493","35.80409754978566","37.36704024342279","36.95663376514577","35.94705290170116","35.76828323647581","35.8157071146499","35.85262196548135","35.8981531138805","35.89533541545034"
"IMF.FAD:FM(5.0.0)","ITA.GNLB_S13_POGDP_PT.A","OBS_VALUE","Italy","Net lending (+) / net borrowing (-), General government, Percent of GDP","Annual","Units","","","","","","","","","","","","","","","","","","","","","","","","","","","","","","","","","-10.58274962392783","-10.94980380732589","-11.14149477197381","-11.08301028457401","-10.09044687349654","-9.756145594993829","-8.835113357677844","-7.198527645019495","-6.608287321819718","-2.980294824275199","-2.985918158661896","-1.77470321829495","-2.420096019743819","-3.180821993177567","-2.879776204296205","-3.226200633706497","-3.460922752626844","-4.098532893328077","-3.605442525758656","-1.325941163557614","-2.583955904898645","-5.056539741317979","-4.161392483299793","-3.524393871469316","-2.985487773585507","-2.874552585919232","-2.818498524639168","-2.459119882545191","-2.404660569573031","-2.508866472952313","-2.191991647841309","-1.450113244193949","-9.378789266909898","-8.875673809828777","-8.101255559731802","-7.134170017510258","-3.350497790448908","-3.112687102892807","-2.822277079987798","-2.576997641998902","-2.383042599343428","-2.515257665233038","-2.489292946426352","-2.712000059446139"
"IMF.FAD:FM(5.0.0)","IRL.G2M_S13_POGDP_PT.A","OBS_VALUE","Ireland","Expenditure, General government, Percent of GDP","Annual","Units","","","","","","","","","","","","","","","","","","","","","","","","","","","","","","","","","","","","","","","","40.29207186540603","38.50359078164009","36.09308357348703","34.17637478086807","32.50810962270048","30.56767069753724","32.1730049390199","32.87974823159164","32.66463795791918","32.82185346124063","33.02191349688208","33.56264466027818","35.64022936012584","41.55726894592675","46.8738201982067","64.94741562285133","46.853761242137","42.27440522698192","39.84243530936149","36.5522071836287","28.06995636908522","27.51541134985667","25.27918123269102","24.74678936312422","23.86801996964965","26.70278313354011","23.53269631727414","20.66440952684562","22.22511048560304","22.38797854987793","21.61860819132809","22.56368591238091","23.00491338024103","23.71169730476159","24.47850005572257","25.20049339757698","25.75591735825556"
"IMF.FAD:FM(5.0.0)","CAN.GNLB_S13_POGDP_PT.A","OBS_VALUE","Canada","Net lending (+) / net borrowing (-), General government, Percent of GDP","Annual","Units","","","","","","","","","","","","","","","","","","","","","","","","-3.431942327425871","-4.043444728489507","-2.892294995629252","-6.898328357132369","-7.998034729276837","-7.939850991155576","-8.757327104336366","-7.32164897556159","-5.745765544907511","-4.510969956643388","-4.71828332928814","-5.911422125920739","-8.359398266960969","-9.199149263121558","-8.934764944708227","-6.935977534559303","-5.489640112503172","-3.052565960406311","0.03870216533653242","0.1426827764239571","1.655576247089323","2.639703961138119","0.5294689670899215","-0.2338957890380617","-0.1269578648125877","0.7676695382528368","1.553120097918528","1.827604362944373","1.81965580691923","0.1844251288893878","-3.881351768624621","-4.737558581745544","-3.308732553466252","-2.524517007160132","-1.494705997696409","0.1748961601044264","-0.06184559100219499","-0.4531642257477654","-0.1124429551709044","0.3598913079942299","-0.01728934980378749","-10.94906749613943","-3.057120029907509","0.6166557094071942","-0.1624173201074733","-2.121567251108314","-1.765488451393803","-2.671754413504487","-2.488572574086213","-2.211370669444938","-1.985145615656836","-1.731006371937003","-1.523742627080519"
"IMF.FAD:FM(5.0.0)","AUS.G2M_S13_POGDP_PT.A","OBS_VALUE","Australia","Expenditure, General government, Percent of GDP","Annual","Units","","","","","","","","","","","","","","","","","","","","","","","","","","","","","","","","","30.63574266881516","29.56179769420324","30.43377624727726","33.01254021794787","34.00970148304599","34.09014590992795","33.69183315695413","33.62776030448049","33.49259441066107","32.76242625549456","34.58216456792972","36.15458441809936","35.14608539349335","35.55575598310396","34.85578916877956","34.85237877621705","34.78083948919296","34.51977506427401","34.47464303676942","34.23780622087543","34.98134893118599","37.62609627522516","36.83806740341584","36.19065819773631","36.37688617921447","36.20522970349789","36.59325038268068","37.11377251329368","37.14542825588669","36.6376704665184","36.7333136647645","38.75495968801552","44.31056728373482","41.66334202645614","37.4353258725011","37.43501660760641","38.7147050432377","39.45159239476903","39.05405583208937","38.29404825410747","37.89722172652476","37.72320942690979","37.56408583934285","37.52664916718317"
"IMF.FAD:FM(5.0.0)","LUX.GNLB_S13_POGDP_PT.A","OBS_VALUE","Luxembourg","Net lending (+) / net borrowing (-), General government, Percent of GDP","Annual","Units","","","","","","","","","","","","","","","","","","","","","","","","","","","","","","","","","","","","","","","","2.713888137569339","2.368579217283446","2.65474511219046","2.983271109070312","3.242209176192135","5.550745885556924","5.623139125373222","2.031098192402573","0.2764295219103758","-1.392367343753326","-0.2113536541065355","1.904608632040966","4.354190410154642","3.367200289931141","-0.2130563600652485","-0.2575307704462216","0.6504450235202545","0.5038021587836531","0.8406236951185978","1.33168827257035","1.303599397145306","1.889944491887276","1.366712051821595","3.174927525397261","2.678683008892093","-3.092751538003572","1.114190110570156","0.2137331359342745","-0.6548101817685842","0.888486115736427","-0.9646126596643264","-1.189170035018891","-1.238318260151516","-2.443917391979629","-2.690970583822505","-2.886155813525846","-3.07291960712196"
"IMF.FAD:FM(5.0.0)","G163.GNLB_S13_POGDP_PT.A","OBS_VALUE","Euro Area (EA)","Net lending (+) / net borrowing (-), General government, Percent of GDP","Annual","Units","","","","","","","","","","","","","","","","","","","","","","","","","","","","","","","","","","","","-5.081853137743723","-5.127250876207353","-5.844887254941687","-5.042847753239982","-7.30853158650737","-4.373630103521454","-3.070617363422108","-2.478636281042876","-1.580412266498504","-1.335843047323021","-2.008735746315543","-2.765722292631153","-3.150528996714346","-2.881819567446477","-2.643098866004166","-1.572663368917983","-0.7357040590868953","-2.238320029661227","-6.232534011901571","-6.308984181927515","-4.230425695358258","-3.786934549570982","-3.03596702495259","-2.545297085166523","-1.963891409492437","-1.464446298084442","-0.994537262587814","-0.447819206137487","-0.5413526139614966","-6.991542337427439","-5.09297956932232","-3.373373571793283","-3.514490817863193","-3.057124750716667","-3.006156426263145","-3.317437692469505","-3.351201053994075","-3.183786817089701","-3.109890665114862","-3.037252354657346","-2.960198951375202"
"IMF.FAD:FM(5.0.0)","IRL.GNLB_S13_POGDP_PT.A","OBS_VALUE","Ireland","Net lending (+) / net borrowing (-), General government, Percent of GDP","Annual","Units","","","","","","","","","","","","","","","","","","","","","","","","","","","","","","","","","","","","","","","","-2.073521434759239","-0.1973947157027921","1.373198847262248","2.071216322064875","3.536980957204901","4.855202035098068","0.9593820901145885","-0.5193458727334226","0.3460711513494577","1.298165225683001","1.570408558711966","2.775422353933678","0.2678743593646927","-7.030536674444557","-13.87275837659273","-32.14498819168336","-13.47040509239203","-8.415429561436288","-6.276563755747394","-3.517236222238839","-1.9728665657916","-0.7618516089050603","-0.2975360448298451","0.09044089563639836","0.4062383162154435","-4.868204585463995","-1.307585099622027","1.581470200761257","1.364285183399431","4.016602877784767","1.544979460869141","0.5548278462118801","0.6890680649310636","0.6902716016923703","0.5449039691986948","0.3700378980917738","0.4184345265345454"
"IMF.FAD:FM(5.0.0)","ISL.G2M_S13_POGDP_PT.A","OBS_VALUE","Iceland","Expenditure, General government, Percent of GDP","Annual","Units","","","","","","","","","","","","","","","","","","","","","","","","","33.05737929383867","34.39118103967603","35.02158263660621","36.75495554776662","33.80400858647983","36.03024000267093","38.40781761744246","35.46314330270866","40.19247445869897","41.70090088124574","41.36758363070264","41.58626078443644","43.3198754333068","43.69121807778495","43.57002108427977","42.95715468340711","42.53600517336783","41.39921010491515","40.31805181435067","44.8384575101889","44.31051974565904","46.95555448678819","44.99533660446875","47.32306408977416","46.23247595018329","44.233130538656","44.33516960222416","44.20216755352236","62.81735495838596","53.35117147757866","48.23994763616536","50.00294118141375","47.20996657941041","45.58176304228764","45.34364689110752","43.04059141097358","45.84780044881429","43.81168510302311","43.35782112318483","43.00958244312312","50.42044630445594","48.65485469765297","46.15484789928038","45.18996731813912","47.14441540446125","44.99937242689984","44.20939924369686","43.62469882207018","43.3033840124421","43.25087911981811","43.21850723781768","43.18628208570387"
"IMF.FAD:FM(5.0.0)","CHE.G2M_S13_POGDP_PT.A","OBS_VALUE","Switzerland","Expenditure, General government, Percent of GDP","Annual","Units","","","","","","","","","","","","","","","","","","","","","","","","","","","","28.54578786937886","28.11189479927118","27.65287179764946","27.55853257164107","27.38035030537203","27.88103241174867","27.30194411711658","27.22289603437887","29.02691052343961","30.82696660134957","31.94977131356783","31.99996322002434","31.97000640675818","32.4615870458948","32.47996188011215","32.29762709356052","32.78603603894439","31.87356649857004","31.20179897872597","33.59024682949482","32.82724960370082","32.62744235741443","31.91081286307465","30.06809014271046","28.95236038756489","29.57016292277344","31.21667431148713","30.86388083379534","30.95669101858609","31.1203922487429","31.96853649886756","31.54443193328968","31.92335168350981","31.93679146545015","31.91654816324607","31.08302350555625","31.31622312334577","36.29689878632119","33.38380323204686","30.45824119330634","30.94024729295499","31.30331128930472","31.22151863616111","31.45480288080187","31.35240967652398","31.41056146951861","31.4424693803994","31.49430740520603","31.49430740520601"
"IMF.FAD:FM(5.0.0)","SMR.G1_S13_POGDP_PT.A","OBS_VALUE","San Marino, Republic of","Revenue, General government, Percent of GDP","Annual","Units","","","","","","","","","","","","","","","","","","","","","","","","","","","","","","","","","","","","","","","","","","","","","","","","","21.41947639045207","22.91279522987732","21.16152780745493","22.47826107950966","22.20798263945493","22.37691526497065","22.12460850016352","21.32665423095284","23.49700337760656","22.419215391602","24.79637180860686","22.9691704861467","23.25097740206077","22.07976479125421","22.95112781138314","22.34064551538161","21.58594995055292","20.67007765656577","22.08665088149483","20.95406902142911","21.29743477507103","20.96265156839481","21.10895672720889","21.10895672720891","21.1089567272089","21.10895672720887","20.90895672720886","20.9079088604601"
"IMF.FAD:FM(5.0.0)","CHE.G1_S13_POGDP_PT.A","OBS_VALUE","Switzerland","Revenue, General government, Percent of GDP","Annual","Units","","","","","","","","","","","","","","","","","","","","","","","","","","","","27.97871024680621","27.88205588551153","27.66987732195665","28.63286971130329","28.45848224546881","28.78373529722157","28.06030244886771","27.17775892882588","27.20760300870135","27.90972519223087","28.8536873210519","29.44657193495443","30.13913709188898","30.47825463433145","30.17867317829893","31.00652422361526","31.23528135118706","32.15236403049652","31.40669317983482","31.8700557749127","31.48485117096065","31.25255376578324","31.27431512221004","30.90161689804221","30.50113948266289","31.47936579742391","31.70618148726382","31.21162481495984","31.62958272335337","31.3516453008377","31.54376005044579","31.30220638152773","32.4597925849476","32.17137037329035","33.02825958795851","32.34624511960359","32.6300371111428","33.33971941214884","33.10307896816754","31.60799417249265","31.0581694998176","31.83242893681357","31.67326679212946","31.6732667921295","31.67326679212957","31.67326679212955","31.67326679212949","31.67326679212948","31.67326679212955"
"IMF.FAD:FM(5.0.0)","NOR.G2M_S13_POGDP_PT.A","OBS_VALUE","Norway","Expenditure, General government, Percent of GDP","Annual","Units","","","","","","","","","","","","","","","","","","","","","","","45.4071278478526","44.64666771060556","44.06265098763908","43.43379736383348","44.00839755301137","43.61991063900158","41.63473772221956","40.98600369311534","44.43103889749547","46.69338285673506","48.59178894402609","48.24984867793298","49.12035894883263","50.27127379850484","51.64273162650153","50.54163175849385","49.66848057452285","49.64713072147263","47.35374555976138","45.87690519576248","48.20254174554722","46.74846953855134","41.52882876404016","43.37107488793174","46.28028912918874","47.68313702870404","44.6821615560559","41.58928580329062","40.14909031902582","40.45980608127385","39.1569111456327","44.70840309992773","43.55618958475473","42.29471582191948","41.40661726480975","42.31855221187402","43.98973354974546","46.69826415991294","48.78346122248675","47.57369031512011","46.14126196561649","48.36850587822166","54.54117079616562","44.69774088785636","36.2497716947294","44.24512901328588","46.9046479097495","49.5514365943605","49.33931605701101","49.86565278145604","50.30751387294047","50.72199052153629","51.09707059758407","51.46111398196301"
"IMF.FAD:FM(5.0.0)","MLT.GNLB_S13_POGDP_PT.A","OBS_VALUE","Malta","Net lending (+) / net borrowing (-), General government, Percent of GDP","Annual","Units","","","","","","","","","","","","","","","","","","","","","","","","","","","","","","","","","","","","","","","","","","","","","-5.827669902912621","-6.502636203866432","-5.617777777777778","-9.041838192052424","-4.278980553798437","-2.828298546947033","-2.460692116120879","-2.0525423142155","-4.055224167789109","-3.114016253956137","-2.220959209548376","-2.98600841769992","-3.305033758941106","-2.185893177848304","-1.485165111471196","-0.8384370047155967","1.095330578132047","3.403878522938488","1.857646250347258","0.7153526743500843","-8.713664055700609","-6.957282787229196","-5.333919009836029","-4.429693137774974","-3.508711268244823","-3.10183829679946","-2.880197371772847","-2.695331309512072","-2.582574247768068","-2.554591852460572","-2.58086539162688","-2.623883695200767"
"IMF.FAD:FM(5.0.0)","USA.GNLB_S13_POGDP_PT.A","OBS_VALUE","United States","Net lending (+) / net borrowing (-), General government, Percent of GDP","Annual","Units","","","","","","","","","","","","","","","","","","","","","","","","","","","","","","","","","","","","","","","","","","","","","","-0.5442393515357555","-3.82125701109881","-4.770596476220819","-4.243747020076245","-3.074996932327137","-2.036053446828223","-2.913007582430869","-6.612479138244464","-13.1768245723699","-10.99252606905121","-9.71550460024135","-8.113769268393221","-4.560712175312895","-4.026005040286799","-3.529510795299262","-4.356364564554983","-4.794193380617068","-5.334866343685591","-5.805396710070462","-14.12665801960443","-11.46068495489059","-3.721745872130065","-7.887154594322492","-7.85845462279454","-6.824188349853537","-7.501779325706984","-7.373585408531547","-7.594646014823096","-7.452895320623006","-7.465209795838385","-7.388671414108529"
"IMF.FAD:FM(5.0.0)","JPN.G1_S13_POGDP_PT.A","OBS_VALUE","Japan","Revenue, General government, Percent of GDP","Annual","Units","17.91290163183808","17.85354877878957","17.54861164867274","17.24218682569716","17.43935341412276","17.93673415363465","18.03965378279937","18.24779890398568","17.89800808655317","18.08702479526444","17.71412791734656","17.95928086488166","18.16434832118003","18.27129271380846","19.15838287798579","20.08939761900099","20.01240468062167","20.86901205800243","22.71223723650774","22.32384049137823","21.88647987610869","22.90367502827429","22.75153022540153","24.44788131498657","25.73614022227567","27.03919393471617","27.2945239817999","27.26954131102854","27.93739438935062","28.38579004448366","28.38645750841316","29.60392014914545","29.71025033730418","29.74092744692294","30.71599832907655","30.28146989835809","30.17825374854125","29.08207124928879","28.40994872286385","28.62411567852398","28.37268107322969","28.99401727340633","28.23404056770416","28.48925402587871","28.25078561664558","28.57756984259278","27.64863705383339","27.28155050491143","28.08732177764194","28.82520232689655","29.73298357647355","29.944782223071","29.68251007067519","28.71277472821804","28.3937236775431","29.41631314078644","30.13374174131391","30.79198986771633","32.1873431630298","32.94299562042944","32.90593063733946","32.84883360849662","33.51129941418254","33.37824698603451","34.52610958494195","35.02599862475086","35.9809854871067","35.3805129563697","35.64355608253209","35.80411407084939","35.5696303821021","35.55029861057484","35.4424726590193","35.39042612567514","35.3841290377891","35.39617735376562"
"IMF.FAD:FM(5.0.0)","ITA.G1_S13_POGDP_PT.A","OBS_VALUE","Italy","Revenue, General government, Percent of GDP","Annual","Units","","","","","","","","","","","","","","","","","","","","","","","","","","","","","","","","","37.70503713946545","38.49902554787911","43.02707148378376","44.23539976104594","46.68990601374453","48.01099070226175","46.22436942384679","44.24828524757653","44.74103908870956","46.34428308828565","45.01825618594234","45.30197894100373","43.94839420796565","43.95097445866804","43.61345666097636","43.74232699198077","43.20581710589787","42.95487944883271","43.9544729540524","45.27438836393055","45.16687757038912","45.99607223501948","45.63742626444426","45.50222250647565","47.49534417009258","48.02613521203557","47.89650284160548","47.78467580284234","46.57525327652306","46.27407504644616","46.12868894508996","46.97372490806877","47.40496032066816","47.16364867886598","46.83302361825619","46.49258147496855","47.04861103226975","47.94284800728416","47.78623454802486","47.80630332219816","47.74417817441212","47.70330444434796","47.64850423606027","47.56155763068685"
"IMF.FAD:FM(5.0.0)","SWE.G2M_S13_POGDP_PT.A","OBS_VALUE","Sweden","Expenditure, General government, Percent of GDP","Annual","Units","","","","","","","","","","","","","","","","","","","","","","","","","59.50611045403078","62.06421927901843","64.03599199324351","63.66928434228673","60.97418348709013","62.12604387268397","60.23746957272758","57.98942541514335","56.56460911748966","56.62963002714642","57.54584838311919","61.23370422431205","66.52667260815271","67.9333482622252","65.28690361384094","62.14149340324239","60.04375287948702","57.89174042349366","55.6174127373374","55.23337898318485","52.24103538105469","51.73707593149749","52.68052455475033","52.96012082579098","51.67594602379488","51.17447927609564","50.13207702712976","48.46402697957662","49.38760973656738","51.67753415550211","49.74475674318051","49.0997531052141","50.24576486208197","51.36324118732943","50.70962084090839","49.35803803224629","49.51558242679329","49.24716630011842","49.76810636277462","48.78601150041961","52.02685894565073","49.31689480523316","48.31422792218231","48.90717147304811","49.30255402750487","49.40906190172296","49.41805298829327","48.86983320070361","48.99102621106","48.3479555491708","48.34795554917088","48.34795554917082"
"IMF.FAD:FM(5.0.0)","G163.G2M_S13_POGDP_PT.A","OBS_VALUE","Euro Area (EA)","Expenditure, General government, Percent of GDP","Annual","Units","","","","","","","","","","","","","","","","","","","","","","","","","","","","","","","","","","","","49.94622580692046","51.11377840181586","52.58603075689616","51.48158431252166","53.01670022488646","50.52110181866935","49.2595731399027","48.48795313472715","48.02951438922871","47.26050443557783","47.24662972795735","47.57977319585996","47.88978923192551","47.29795098152012","47.20953741569783","46.51650888791163","45.83079181601032","47.08826659749772","51.07500170986907","50.97017185190715","49.49575563396687","50.15968790930816","50.07373118490622","49.52795715550865","48.52312436253046","47.8527722550628","47.33412803731103","46.97348615654777","46.94170391110004","53.48394972897553","51.93430347054737","49.8132121379701","49.2904260187045","49.40021049730878","49.80606795996974","50.21164788552387","50.20757457120591","50.00145211155662","50.08430055107081","50.04768668298573","50.00134216549748"
"IMF.FAD:FM(5.0.0)","DEU.G1_S13_POGDP_PT.A","OBS_VALUE","Germany","Revenue, General government, Percent of GDP","Annual","Units","","","","","","","","","","","","","","","","","","","","","","","","","","","","","","","","","","","","43.32813943114205","44.72094696150045","45.21134214210113","45.77148235601354","45.80368750427647","45.9183535902435","45.72581055114428","45.64137051193932","46.62032312106449","46.34242085591127","44.52806383879974","44.15785118019574","44.68424364403943","43.55070125248578","43.4962656565092","43.55365224344443","43.6947235093737","44.16173608107273","45.13334161998741","43.7083502213929","44.44954512524983","45.04679774799234","45.28592559515503","45.23965729258461","45.40066018146892","45.86531088723433","45.87676374317079","46.53410133283635","46.85984711416682","46.73381207400195","47.50210463998436","46.70062340357799","45.65163498297115","46.76451904263601","47.88002443002208","47.89084865470059","47.84417200959564","47.79190243715328","48.02340798387617","47.97955806047606","47.98249115101305"
"IMF.FAD:FM(5.0.0)","DNK.G2M_S13_POGDP_PT.A","OBS_VALUE","Denmark","Expenditure, General government, Percent of GDP","Annual","Units","","","","","","","","","","","","","","","","","","","","","","","","49.82597025968099","52.71809263690692","56.02689788124366","57.11671943193281","57.24875799532017","55.66862014725734","54.73397101712075","51.77710733069098","53.26793841308862","55.23780502700708","55.33772459757571","55.05772322080959","55.48704941989444","56.42722690459016","59.46758283858828","59.48982635473937","58.74520565934979","58.20390434780209","56.17751860951097","55.60150115843668","54.66655385260036","52.86922984683816","52.99709898220257","53.09781222546547","53.5013374865261","52.78974136138001","51.05501047432234","49.71084271576426","49.45506510076046","50.28283365225911","56.32888703867525","56.51521102148165","56.29012643546338","57.90564720027809","55.5801537129383","55.10169866411616","54.41812308701679","52.35165387355158","50.601368567343","50.75434290955997","49.80736982432562","53.33960861174509","49.7056312322286","45.08902712279145","47.3981601409791","47.32944113147183","47.64837494600804","48.89022117382396","49.95469883945744","50.15860621633217","50.38942113279398","50.61745019691179","50.68858632562649"
"IMF.FAD:FM(5.0.0)","JPN.GNLB_S13_POGDP_PT.A","OBS_VALUE","Japan","Net lending (+) / net borrowing (-), General government, Percent of GDP","Annual","Units","0.7312781580528916","1.350923956729714","0.1291696971146123","0.7849304031769467","1.242746365994375","1.911377243174967","0.9235780289992613","0.5825916199822994","0.3906958541325189","0.04673877605673408","-0.6977276346883881","0.28349986328429","0.3652582899334715","0.7156701829599705","1.150623423922073","0.6785843455162809","-0.4975599820357048","0.1405903969314848","-0.003977171326420082","-2.942397243695309","-3.817884947588305","-3.942690945665617","-5.528666826498137","-4.853940972669196","-4.31620260606963","-3.766237649987326","-3.72748361151083","-3.858706073185015","-2.565790177922882","-1.340455084371898","-1.331492991724483","-0.3513079299259459","0.4835994993644428","1.203680070009754","1.914991875336055","1.637391648612247","0.5615103612584999","-2.337503933919455","-3.698011213878373","-4.22462858875036","-4.754224381434929","-3.439251169303529","-9.91223883640856","-6.675403992083983","-7.172648689313921","-6.108761356187584","-7.219039096843897","-7.345611697061438","-5.261729470679106","-4.392248913396031","-2.995064432465231","-2.858029531502779","-4.066893469740164","-9.624686875264963","-9.051818179145116","-9.018920784927226","-8.223840815866175","-7.620376742312215","-5.580258216482395","-3.64008303657027","-3.575638711831165","-3.048455281100087","-2.442680655162563","-3.045442940133394","-9.036928801787053","-6.323774933364576","-4.227351585051716","-2.394792476404426","-1.6674632671431","-1.053513496120947","-2.045488976081288","-2.365428282142202","-2.945498567073816","-3.288330235725748","-3.695156302712326","-4.039097777799407"
"IMF.FAD:FM(5.0.0)","CAN.G2M_S13_POGDP_PT.A","OBS_VALUE","Canada","Expenditure, General government, Percent of GDP","Annual","Units","","","","","","","","","","","","","","","","","","","","","","","","39.41282337674613","40.94632815560285","41.83185922390718","46.39923128643597","46.969732932051","46.75899269674839","47.46903667201971","46.80705618745609","45.42758942500557","44.761793859887","45.25349958828373","48.09036938839772","51.43757311837304","52.50697348128435","51.47736992946802","49.0123388200593","47.73460506649062","45.86350388563374","43.46330351098105","43.40607815869047","41.77336255502631","40.55761339009883","41.10216916271385","40.3938530310113","40.2756890432892","39.13467606875935","38.52060017304567","38.66079470588078","38.5190481351824","38.77538334899378","43.42074950328829","43.06394533650891","41.57524281832156","40.92620352112329","39.96074116557944","38.37048310239421","40.01841802896946","40.75323309644119","40.45540564718699","40.6623502968902","40.58964463038184","52.36234461458924","45.4706528623111","40.41339883714556","41.80751996239041","44.34223533730024","43.95102151557054","44.56883903664986","44.20545701369514","43.79986422912254","43.56181883598285","43.35054619600834","43.25178243458634"
"IMF.FAD:FM(5.0.0)","USA.G2M_S13_POGDP_PT.A","OBS_VALUE","United States","Expenditure, General government, Percent of GDP","Annual","Units","","","","","","","","","","","","","","","","","","","","","","","","","","","","","","","","","","","","","","","","","","","","","","32.80141373143355","33.69827341684128","34.03705336295275","33.7192517910237","33.92791735689306","33.69170358145864","34.56171476933174","37.14408237050478","41.39865693239076","39.7626250292794","38.79591467157274","37.22273047474614","35.78231913119588","35.32393710289994","35.03094834654277","35.33306744518716","35.19407406652016","35.34934360934378","35.81894593656678","44.73519054140824","43.22315721592454","36.79709533057502","37.50964529061719","37.73758811387457","37.70463941102201","37.93884783939042","37.90419700436979","37.97800480970138","37.84867511288402","38.11365413344445","38.14994940458997"
"IMF.FAD:FM(5.0.0)","FRA.G1_S13_POGDP_PT.A","OBS_VALUE","France","Revenue, General government, Percent of GDP","Annual","Units","","","","","","","","","","","","","","","","","","","","","","","","","47.61280329715522","48.22991420815914","49.16892676922439","50.00752786008134","50.80605916780795","51.17880208062349","50.17668535743778","50.76445472838919","49.44657180861784","49.08390670695451","49.15617711152087","49.83620742995457","49.36849173129979","50.13962332982917","50.42375699086073","50.94172690438803","52.12133532856339","51.85682527842415","51.58672765275366","52.11237087391445","51.30626249985579","51.40539229878875","50.74898785425101","50.26579950971237","50.4452900404927","50.75577396302484","51.0924956975029","50.64059310296428","50.78042211055276","50.61230783535829","50.55928760191877","51.70932540500383","52.72100530243209","53.65363864113128","53.82028320130675","53.70790069237695","53.61648950922992","54.30017964978546","54.04755869902007","52.95310802082224","52.76647819327811","52.87961972838425","53.69145104534783","51.39373296280658","51.47007547581874","52.35015141515076","52.42286558143207","52.6133402103714","52.80265800450699","52.96755088986861","53.07786695272735","53.18885033533781"
"IMF.FAD:FM(5.0.0)","LUX.G2M_S13_POGDP_PT.A","OBS_VALUE","Luxembourg","Expenditure, General government, Percent of GDP","Annual","Units","","","","","","","","","","","","","","","","","","","","","","","","","","","","","","","","","","","","","","","","41.98137263248822","42.54717252235025","44.15527936544064","43.91601533100445","41.74654168165507","37.97468905120921","38.1387694253326","41.76065826772913","43.33576082936482","43.67492745500082","43.44473432185199","39.40160936356986","37.39077995531575","37.92699233931941","42.69577754047943","41.9562905192358","41.50349137590669","41.81407465041203","41.23883530741733","40.61234104503837","40.3657761754189","40.04483347566183","41.27745458046238","42.3178582405077","43.07185772650805","47.04027336773169","42.3963165187104","44.298929249119","46.35050185470691","46.84191166658738","48.25875496404428","48.59154329366071","48.95879175048381","49.34333528276634","49.77442795233688","50.22063230702558","50.67371991049152"
"IMF.FAD:FM(5.0.0)","NLD.G1_S13_POGDP_PT.A","OBS_VALUE","Netherlands, The","Revenue, General government, Percent of GDP","Annual","Units","","","","","","","","","","","","","","","","","","","","","","","","","46.45364263533582","47.12339677670056","48.01137951942734","48.9051359461318","48.26680290251244","48.65044285110047","48.36947045541036","48.35731698833754","47.38805220895701","44.83178240057377","44.74812049382225","47.53356060305275","47.11697911973952","47.73085977932672","45.90657393985327","45.21107044165414","45.43411526209094","44.10647622139263","43.27966588913456","44.55863836836506","44.34608384510085","43.6076042415119","42.5511184109795","42.56022031419632","42.84811305314604","42.90554344249551","44.00300283941959","43.10609770783991","44.20166467321461","43.36698017845893","43.56180659448666","43.35432377102283","43.80886982097498","44.66973272412845","44.56630814865898","43.4165981335145","44.14218766272087","44.11295832384423","43.93787161505602","44.00681155071243","44.09630320051245","43.63479333744602","43.2679962166187","43.62942598699403","43.46795740423481","43.30502430707255","43.49920581202269","43.74028963331601","43.85284401722042","44.0579096638079","44.27004696226943","44.30714731125946"
"IMF.FAD:FM(5.0.0)","AUT.GNLB_S13_POGDP_PT.A","OBS_VALUE","Austria","Net lending (+) / net borrowing (-), General government, Percent of GDP","Annual","Units","","","","","","","","","","","","","","","","","","","","","","","","","","","","","","","","","-3.373229402965186","-3.044186576458841","-2.584167931844151","-2.961805584750735","-2.148444981684225","-4.566937754877907","-5.040989498081505","-6.174326577091711","-4.381082273568801","-2.383763440688427","-2.683416071521847","-2.628158471425406","-2.074862951656915","-0.7124841537233565","-1.425665262326407","-1.838712112076855","-4.940931239780878","-2.588020843652791","-2.608545892658919","-1.560227519965756","-1.571718254340814","-5.380507702233629","-4.464877813546376","-2.481770442075095","-2.176636362430328","-1.992579509370883","-1.923278485514372","-0.4764918506738852","-1.451362894988187","-0.7756709935259107","0.1951809102632281","0.5362556316949822","-8.204452117557443","-5.693305418215968","-3.410459960363361","-2.590420925611934","-4.67649960786298","-4.519114177266779","-4.185066924314261","-3.776476619624194","-3.848467135882469","-3.693824972565851","-3.644202485510276","-3.644416579722237"
"IMF.FAD:FM(5.0.0)","GBR.GNLB_S13_POGDP_PT.A","OBS_VALUE","United Kingdom","Net lending (+) / net borrowing (-), General government, Percent of GDP","Annual","Units","","","","","","","","","","","","","","","","","","","","","","","-3.881111743787535","-3.138944452992768","-2.836249211405007","-3.763896059198073","-2.268032861165015","-2.86643932935493","-3.154714110636859","-2.472710642548531","-2.329514859426983","-1.66653280860975","0.2469149094615425","0.4760012650118798","-1.530067149397379","-2.757205481928391","-5.390052930835314","-6.601846217584381","-5.721998163552039","-4.970049864256463","-3.632735667008534","-1.995328306933782","-0.2077175599618669","0.7620898285799449","1.395779532006528","0.3392314231031983","-1.945764686777506","-3.19349989148532","-3.143142826357069","-3.130876986194182","-2.737808508335137","-2.63158064326954","-5.047630876466796","-9.972008554544842","-9.247455965600533","-7.424915191817695","-7.959073199404312","-5.294253109992219","-5.467327550070238","-4.534972738815446","-3.280350965579335","-2.483141984968687","-2.232129083299141","-2.380289760896882","-12.91285439963854","-7.53746148798873","-4.59927724259565","-6.046187654514775","-6.055840457417396","-5.377054533974232","-3.90468093559079","-3.121087406731776","-2.624080641776858","-1.965673166254494","-1.701926770340222","-1.604565484712561"
"IMF.FAD:FM(5.0.0)","DNK.G1_S13_POGDP_PT.A","OBS_VALUE","Denmark","Revenue, General government, Percent of GDP","Annual","Units","","","","","","","","","","","","","","","","","","","","","","","","47.8710046740959","49.03366450756105","49.23481740687614","47.88462882881083","50.74085284623429","51.25532860627115","53.11830394245735","53.10025437551234","54.6935316068753","55.1465171087702","53.98989554507542","53.27826976472307","52.33384516365278","53.82943328546271","55.74139553129099","55.63651790464828","55.24075025396004","55.80671243171347","54.95803519223055","55.31859961627312","55.73030991635643","54.66095719175887","54.12223625405075","53.3494629750333","53.64068071774621","55.02452847435937","56.25670171104706","54.99726448783023","54.76288820659682","53.74524581413378","53.5827074407498","53.99465827052407","54.52461737205523","54.70316513271961","54.63644554846256","56.5297420240352","53.52309076024797","52.65405389715354","52.29036134178606","51.56475786947603","54.09029287166337","53.70215637478026","53.78375096934899","48.47835177969478","50.82830242211877","51.78815106061817","50.49990843181371","49.05200567727148","49.57945596642612","49.87766786720489","49.87424624188047","50.07766786720477","50.1810894925292"
"IMF.FAD:FM(5.0.0)","FRA.G2M_S13_POGDP_PT.A","OBS_VALUE","France","Expenditure, General government, Percent of GDP","Annual","Units","","","","","","","","","","","","","","","","","","","","","","","","","46.85616964972196","49.46900200114917","50.82183716558107","52.60169998989027","53.58097618019677","54.17678896132917","53.41045700978201","52.79292355688346","52.01904714178486","50.88564482790701","51.61043128427405","52.72281136611093","54.01004763441877","56.5366540980703","55.88425862774519","56.04703238254674","56.01560257070316","55.56464488174873","53.97684648054917","53.65738975363187","52.62239933438162","52.82107823754584","53.92408431696793","54.3606566673632","54.00009905029633","54.2607238849339","53.7480342856338","53.63088247132427","54.28140703517588","57.9954954954955","57.71827210901394","57.00871084954909","57.8895525375583","58.58932856431385","58.39163907503855","57.59511438619571","57.37920503409999","57.66509387650375","56.36923056021513","55.34479589936218","61.69670910624964","59.4632913653432","58.42885278317948","56.83333892774552","57.25810785692696","57.46273337606371","57.36351737592647","57.40248052356619","57.06282215863842","56.77614556621517","56.43390967329092","56.08339776053377"
"IMF.FAD:FM(5.0.0)","SWE.GNLB_S13_POGDP_PT.A","OBS_VALUE","Sweden","Net lending (+) / net borrowing (-), General government, Percent of GDP","Annual","Units","","","","","","","","","","","","","","","","","","","","","","","","","-5.352691707868498","-4.318360215690839","-6.193236709331122","-4.749032098676199","-2.665521468573577","-3.291278470554514","0.01065586598051016","3.635000059735694","3.632482944355989","3.572594560042571","3.698928352199195","0.2842777947789288","-8.512939613675123","-10.87513707202335","-8.774570925899627","-7.008999181606246","-3.107343189904659","-1.570218436089976","0.8217681970089068","0.5976983297801748","3.107596184782722","1.374250234750781","-1.456003951714413","-1.245164562210105","0.1661720900245083","2.082451495954907","2.195028771460713","3.367978660290115","1.872918001352055","-0.8891335640700513","-0.1437133571766858","-0.4074965106238716","-1.191409842139673","-1.629997140586432","-1.840720181771118","-0.2715947487742665","0.8618646735875356","1.289388635999016","0.6725637563608805","0.4401975392431805","-3.180143850161235","-0.1485484775995984","1.002782641885079","-0.6302754579992437","-1.502554027504867","-1.409061901722958","-2.418052988293242","-1.86983320070362","-1.19102621106","-0.5479555491708486","-0.5479555491709225","-0.5479555491708742"
"IMF.FAD:FM(5.0.0)","BEL.G2M_S13_POGDP_PT.A","OBS_VALUE","Belgium","Expenditure, General government, Percent of GDP","Annual","Units","","","","","","","","","","","","","","","","","","","","","","","","","57.05307212096193","63.96573186943717","61.97374006622272","64.63599584063222","61.41858450285346","60.68525251970279","59.85483951029515","57.96936143571436","55.98413326699642","54.3799550885521","54.36903556673479","55.62504647945912","55.91158644784819","57.05768521535892","54.66010388418422","52.64478122476127","53.05196744568058","51.60173314710778","50.95948827292111","50.49647556003103","49.39853964489656","49.3793860063934","49.90356992552744","51.04711576416869","49.31877905801496","51.86219709260508","48.78933172587505","48.56279774983339","50.77542410225648","54.53031762692855","53.90263240484305","55.02697051065751","56.24484451043471","55.90205186294559","55.41647426035722","53.88099283338708","53.37843987985072","52.25413163497276","52.45096759029537","51.7511878292863","58.45304582210243","54.93916572966543","52.50423563491767","52.80389656958445","54.05499522790002","54.99016522305587","54.93435546979061","55.07524569244617","55.2742635966682","55.61671868434107","55.90847851109542","56.14825555458617"
"IMF.FAD:FM(5.0.0)","NLD.GNLB_S13_POGDP_PT.A","OBS_VALUE","Netherlands, The","Net lending (+) / net borrowing (-), General government, Percent of GDP","Annual","Units","","","","","","","","","","","","","","","","","","","","","","","","","-4.191911094377038","-5.173498936980837","-5.838160910790601","-5.614805138358052","-6.258916637720852","-4.2854133197147","-4.236667849097229","-5.270399718070665","-4.353469516750274","-5.087859072984342","-4.077339827903348","-2.052740100969301","-3.122162626553045","-3.134699277464169","-3.534702696583598","-8.723699520046541","-1.90616854908775","-1.601471622572093","-1.335227776384805","0.2827608695134752","1.135803233589346","-0.4677590016171748","-2.230061185004603","-3.191875719798563","-1.824961011940035","-0.5147146560794906","0.04102518708166225","-0.1624984946409217","-0.05757724178910147","-5.060356441802489","-5.304795170305215","-4.421558719110749","-3.833602741890397","-2.872438086623886","-2.173064142747047","-1.835162870525977","0.2252230360676225","1.35417873614424","1.494780082639694","1.908487563376225","-3.716886129561291","-2.259547978240144","0.002213680545772876","-0.3710958516683125","-0.9448897465297173","-1.841344028408864","-2.656700798214886","-2.064455452090769","-2.066705982996072","-2.386045533251042","-2.458935949363919","-2.61121263337694"
"IMF.FAD:FM(5.0.0)","FRA.GNLB_S13_POGDP_PT.A","OBS_VALUE","France","Net lending (+) / net borrowing (-), General government, Percent of GDP","Annual","Units","","","","","","","","","","","","","","","","","","","","","","","","","0.7566336474332612","-1.239087792990034","-1.652910396356674","-2.594172129808926","-2.774917012388814","-2.997986880705672","-3.233771652344229","-2.028468828494277","-2.572475333167018","-1.801738120952508","-2.454254172753179","-2.88660393615636","-4.641555903118975","-6.397030768241134","-5.460501636884463","-5.105305478158711","-3.894267242139772","-3.707819603324574","-2.390118827795513","-1.545018879717421","-1.316136834525832","-1.41568593875709","-3.175096462716922","-4.094857157650836","-3.554809009803621","-3.504949921909051","-2.655538588130904","-2.990289368359998","-3.500984924623116","-7.383187660137201","-7.158984507095174","-5.299385444545257","-5.168547235126206","-4.935689923182566","-4.571355873731795","-3.887213693818757","-3.762715524870072","-3.364914226718291","-2.321671861195068","-2.391687878539943","-8.930230912971536","-6.583671636958943","-4.737401737831655","-5.439605964938936","-5.788032381108213","-5.112581960912948","-4.940651794494399","-4.789140313194792","-4.260164154131435","-3.80859467634656","-3.356042720563572","-2.894547425195964"
"IMF.FAD:FM(5.0.0)","NOR.G1_S13_POGDP_PT.A","OBS_VALUE","Norway","Revenue, General government, Percent of GDP","Annual","Units","","","","","","","","","","","","","","","","","","","","","","","46.23884759042361","46.55692783252548","49.22273814633334","48.00888706333266","47.71902028061408","49.37171541840407","48.32547391793944","50.48280561813502","49.97104959914311","50.93966430149126","50.9716431884286","49.80763741126732","51.08198271696871","50.15168190483165","49.56383283125321","48.88842558106948","49.70999654178348","52.62677208858675","53.4019126217284","53.29078551820653","51.29367141918504","52.50151963047637","56.64904738693963","56.59343229039535","55.33282298466774","54.89375023494315","55.50083092098209","56.24210615508072","57.88443672532681","57.28149004010063","57.40731003025814","54.70483405129623","54.20333166054879","55.26977522500113","54.7655463296271","52.64965420659116","52.32751735993611","52.49880998731685","52.68989636863136","52.3650295436011","53.70058050602294","54.65266246972899","52.07955821612758","54.62413934944873","60.91811406030225","60.10264134155721","59.69156332322156","58.89561727588331","59.50454118352655","58.12966236193267","57.88070965455105","57.92560741670848","57.90226731525991","57.78693791224359"
"IMF.FAD:FM(5.0.0)","CYP.G1_S13_POGDP_PT.A","OBS_VALUE","Cyprus","Revenue, General government, Percent of GDP","Annual","Units","","","","","","","","","","","","","","","","","","","","","","","","","","","","","","","","","","","","","","","","29.70318950809424","29.48806316185225","29.39427233859603","30.53013830174726","30.26665981606124","32.73053327041057","33.60807224377896","33.29123516039404","34.47875876779834","34.92609913108744","37.46449606336399","38.085625","40.79205093795506","39.08414213945659","36.45544406010045","37.01178247889379","36.42493491320922","36.34293217887296","36.93820536130019","43.26309286841925","42.24666878437798","40.08215129091129","40.56389200685296","40.88995680444612","41.28498782103329","40.362921247877","41.13420769793922","40.43433089564725","42.34858550329695","42.42150583403557","43.3916165356607","42.76056927595531","41.7090462835808","41.59608647176177","41.36451638511172","41.17342256909992","40.98937252427924"
"IMF.FAD:FM(5.0.0)","NIC.G1_S13_POGDP_PT.A","OBS_VALUE","Nicaragua","Revenue, General government, Percent of GDP","Annual","Units","","","","","","","","","","","","","","","","","","","","","","","","","","","","","","","","","","","","","","","","","","","","","22.71757414060814","19.56693657721285","20.79653934185147","22.18000223125262","22.51472544389714","22.98273500727322","22.71551377388159","23.36034684912923","22.14525571727317","21.8436953105777","23.280442882766","24.12593791447919","24.30832784047494","23.90330428273549","23.6945987637967","23.80875483765384","24.91609635310384","25.5522429792687","23.3398437101498","26.53204808731611","26.35133749352732","28.74515054045692","29.22220403015869","28.30898396357615","28.45414674355958","28.20120670500455","28.46156669205343","28.24238482873148","28.29344928356397","28.22140204717535","27.77955619604011","27.43517171918847"
"IMF.FAD:FM(5.0.0)","COL.G2M_S13_POGDP_PT.A","OBS_VALUE","Colombia","Expenditure, General government, Percent of GDP","Annual","Units","","","","","","","","","","","","","","","","","","","","","","","","","","","15.05450735822224","15.06718072893692","15.31202069927897","14.69587234802022","14.17142103604398","14.72046180865343","14.55131727310565","17.71115814187312","17.44799148906772","17.69128228350571","18.40814896234138","20.0027826585604","20.57217235025648","22.19605279057942","25.06872878469911","26.17628426551653","26.34087182233768","28.25913346194911","26.57900765680092","27.50667464796291","28.0739434428544","28.01421188177926","26.63143707233611","25.88933115326842","28.44116365175051","28.16223323853645","28.42885246735138","30.91421701983037","30.35016994255001","30.23331749172245","29.09255369226296","29.99836187144994","31.26120388338544","31.27735055036536","29.99362285003016","29.32049070961997","34.65789433593179","32.87883056517717","33.71305534590248","34.4744100041519","34.08528414587136","35.09122552107801","34.36436962546343","33.17424448635376","33.00129575693426","32.59422390149455","31.90571304699208","31.79349099404608","31.86238669763649","31.9301472391331"
"IMF.FAD:FM(5.0.0)","PRI.G1_S13_POGDP_PT.A","OBS_VALUE","Puerto Rico","Revenue, General government, Percent of GDP","Annual","Units","","","","","","","","","","","","","","","","","","","","","","","","","","","","","","","","","","","","","","","","","","","","","","","","","","","","","","","","","","","19.44167940510982","19.39713688228836","19.13255581135171","20.81702907559635","22.1536850525683","22.96700079542482","20.81139521579351","20.96851198869954","22.36048195903682","22.49968321013728","21.55727641517305","22.51261101661811","22.1529452020362","21.71351884079167","19.73076585618331","19.83422242732905","19.58573001850611","19.34021903668782"
"IMF.FAD:FM(5.0.0)","URY.GNLB_S13_POGDP_PT.A","OBS_VALUE","Uruguay","Net lending (+) / net borrowing (-), General government, Percent of GDP","Annual","Units","","","","","","","","","","","","","","","","","","","","","","","","","","","","","","","","","","","","","","","","","","","","-2.760621058306984","-2.758227124051521","-2.852227883486634","-3.18648657526933","-2.193659343501999","-0.8680991200966744","-0.2757382639222728","-0.6428924819221395","-0.1567484374385134","-1.305397205108306","-1.393701346553791","-0.3872873922099178","-0.3337912229676552","-2.172756561493352","-1.721968997408845","-2.599698892381074","-1.856900836319519","-2.681399762486435","-2.510299739012034","-1.887554603565196","-2.713893736628837","-4.63591601380426","-2.614185789311176","-2.498212904924425","-3.086355188919342","-3.163955911695108","-3.356796500398487","-3.75164345350696","-3.158229288255834","-2.672917778299318","-2.229171692982211","-2.118099342438717","-2.117265814119087"
"IMF.FAD:FM(5.0.0)","COL.GNLB_S13_POGDP_PT.A","OBS_VALUE","Colombia","Net lending (+) / net borrowing (-), General government, Percent of GDP","Annual","Units","","","","","","","","","","","","","","","","","","","","","","","","","","","-4.307453904272715","-3.79738170642099","-3.869928125328409","-2.485969624546618","-1.941463605647754","-0.600464569950026","-0.898279954586893","-1.452178157915088","-0.406031603558939","0.3495593698957955","-0.06689350411435755","-0.2398665122904724","-0.1379721396685114","-0.9985594225233274","-2.494885746685266","-3.226771554658388","-3.864142112576802","-5.367258435628554","-2.936775279662582","-2.708669441868604","-3.452202030928201","-2.702365742579388","-1.311097091196631","-0.02077119124255085","-0.9926509814228886","-0.8197770054575665","0.04181776018575059","-2.67404734457448","-3.302767226651975","-1.992975239440151","0.1547834178146399","-1.020743069433813","-1.744077029007357","-3.520222724689819","-2.273954363408981","-2.495518534233561","-4.66765203774594","-3.481774143234355","-7.124939125810665","-7.276340883564796","-6.357928155844791","-2.920348774711804","-6.037486381568724","-5.74713055021554","-5.150463116268434","-4.322847303644093","-2.741243149484117","-2.508923665693324","-2.389031394657828","-2.412360955162077"
"IMF.FAD:FM(5.0.0)","PAN.G2M_S13_POGDP_PT.A","OBS_VALUE","Panama","Expenditure, General government, Percent of GDP","Annual","Units","","","","","","","","","","","","","","","","","","","","","","","","","","","","","","","","","","","","","","","28.47056241943228","29.33434704397472","24.27887135947245","24.77853346236429","25.92399406791222","25.21679278578124","24.67988767066528","25.18137361709185","25.09476200532113","25.67728939731547","24.40831366104566","23.19346505284562","22.42486307784395","22.17651515606948","23.02602731203414","22.94897820908178","24.42955135835041","23.7190710721766","22.99242432380622","23.59066833626105","22.92176475237249","21.35461449635135","21.25136798981375","21.14486039864688","21.70969414105419","20.48768512652974","27.01672181011317","23.74904561623025","21.34747447422735","21.38412972169856","23.10920605188011","20.93151243936","21.34978918150082","21.21439122912697","21.02855509661701","20.92116536552635","20.66397337599341","20.88531056602526"
"IMF.FAD:FM(5.0.0)","BHR.G2M_S13_POGDP_PT.A","OBS_VALUE","Bahrain, Kingdom of","Expenditure, General government, Percent of GDP","Annual","Units","","","","","","","","","","","","","","","","","","","","","","","","","","","","","","","","","","","32.36250893275507","28.53574722700781","29.39884614392755","26.69472196777407","26.13623338154504","25.06985834260806","22.67783333860089","30.98813711408077","25.69694322101473","27.06904961787729","22.15352533955414","26.54012382017748","30.58004547562698","28.09029217235086","24.99298380872063","23.90660164827838","23.13194396262449","22.39935459639501","22.68282050926768","24.59274649162332","31.0734345399616","30.16731546160049","31.11313402223123","31.95125518475621","27.28463389338153","34.84688299804477","33.27704548594105","30.68350333833726","32.06945083064696","31.23183126764286","34.58791790693101","30.62891045928867","28.4174977926655","29.02079030425667","28.89517830162212","29.39923946700274","30.61923590429664","30.20641601650331","29.98753588400617","29.718771321178","29.40277304330217","28.89578059116379"
"IMF.FAD:FM(5.0.0)","URY.G1_S13_POGDP_PT.A","OBS_VALUE","Uruguay","Revenue, General government, Percent of GDP","Annual","Units","","","","","","","","","","","","","","","","","","","","","","","","","","","","","","","","","","","","","","","","","","","","24.46123709749975","23.8060474955814","24.96473180276558","24.41187953288185","25.53708085809217","25.74422373058129","25.99796867970418","26.18389074009005","26.59561222089357","24.98696294940593","25.79973227259859","27.01300834706874","25.99484929864009","25.50534440169225","27.10459212033322","26.49590584600681","26.49408720426426","26.98656688382186","27.21715151132769","28.45460622147202","27.8715291582774","28.15232204096656","27.60082523743777","27.22583023213369","26.96831113043979","27.46357910567604","28.14324983652129","28.07096012691894","28.70367807359561","29.17723084305647","29.54549556005075","29.65422046695776","29.60345667357356"
"IMF.FAD:FM(5.0.0)","NZL.G2M_S13_POGDP_PT.A","OBS_VALUE","New Zealand","Expenditure, General government, Percent of GDP","Annual","Units","","","","","","","","","","","","","","","","","","","","","","","","","","","","","","46.08592888461341","46.8242266425819","46.01137327074833","46.05190188511383","47.74599100637136","49.50727767757494","52.91825040941387","52.44722859246958","46.72873241059534","42.7076843061505","41.55536866975013","39.82019200625199","39.28146773497717","40.07818067142364","39.20197079100694","38.24714825939149","37.1850699669075","36.71397356504159","36.62505536290827","36.10200681257415","37.054280707765","37.78938405003806","37.02607217830164","38.44001463735067","40.28239893528531","42.85371382191076","42.29828040762812","39.6502300205747","38.55033592342787","37.60736960039836","37.15194924305288","36.37671872013671","35.55061481918417","36.06349689395794","38.73891751852419","41.88782148120287","41.8042637615673","41.6715293386061","41.02356041858466","41.71226292632443","41.55260821389058","41.15339872473724","40.40005786212113","39.4707339689759","38.8295789240788","37.71582013280797","37.46862018069717"
"IMF.FAD:FM(5.0.0)","NIC.G2M_S13_POGDP_PT.A","OBS_VALUE","Nicaragua","Expenditure, General government, Percent of GDP","Annual","Units","","","","","","","","","","","","","","","","","","","","","","","","","","","","","","","","","","","","","","","","","","","","","20.56364836373471","19.22640774017013","18.7277564885498","20.88394912507919","20.81988659857378","21.26706398604673","21.35271370209856","21.48091227872485","21.8783853222162","22.73956449504397","22.58876223109496","23.53491550899525","24.08483610722346","24.20278465676975","24.58715150986458","25.4454273082162","26.83994034270843","27.30688848035951","27.68582566444749","27.6538455114658","28.92149401978465","30.00207180395964","28.57503284206707","26.01286409563695","26.2033016565423","26.10259947716406","27.07783809079229","26.65895681026918","26.48194332497519","26.21061698863887","25.76479835843427","25.31832618106903"
"IMF.FAD:FM(5.0.0)","MEX.G1_S13_POGDP_PT.A","OBS_VALUE","Mexico","Revenue, General government, Percent of GDP","Annual","Units","","","","","","","","","","","","","","","","","","","","","","","","","","","","","","","","","","","19.79085611909371","21.59540184525843","21.28095979265478","16.72691849646142","16.68228525801881","16.57656324698023","17.14929347120333","17.26107851923375","14.98678262472542","15.64758725553665","16.70128599536589","16.97373228374084","17.58617004255206","19.2611305742353","19.1129738866552","19.72205842704147","20.35067896162322","21.06267574767787","25.82067595047419","22.58119795727037","22.67832130436318","23.41794393943238","23.43369919411709","23.10944822208713","22.57812152101276","22.69858412115055","23.84111186785291","23.9841322673824","22.83115012399122","22.9970314811265","23.49274137454284","22.93716224086479","24.18670745040349","24.28448276008217","24.98200309788182","24.98445652678538","25.17342082779393","25.21011314465933","25.20558137070439","25.21744339803536","25.23737267978685","25.23737267978669"
"IMF.FAD:FM(5.0.0)","URY.G2M_S13_POGDP_PT.A","OBS_VALUE","Uruguay","Expenditure, General government, Percent of GDP","Annual","Units","","","","","","","","","","","","","","","","","","","","","","","","","","","","","","","","","","","","","","","","","","","","27.22185815580673","26.56427461963292","27.81695968625221","27.59836610815118","27.73074020159417","26.61232285067796","26.27370694362645","26.82678322201219","26.75236065833209","26.29236015451424","27.19343361915238","27.40029573927866","26.32864052160774","27.6781009631856","28.82656111774207","29.09560473838789","28.35098804058378","29.6679666463083","29.72745125033973","30.34216082503722","30.58542289490624","32.78823805477082","30.21501102674895","29.72404313705812","30.05466631935914","30.62753501737115","31.50004633691978","31.8226035804259","31.86190736185145","31.85014862135579","31.77466725303296","31.77231980939648","31.72072248769264"
"IMF.FAD:FM(5.0.0)","ABW.G2M_S13_POGDP_PT.A","OBS_VALUE","Aruba, Kingdom of the Netherlands","Expenditure, General government, Percent of GDP","Annual","Units","","","","","","","","","","","","","","","","","","","","","","","","","","","","","","","","","","","","","","","","26.33177645217244","27.45765991902834","24.98903062526895","21.5736010517257","22.79835763617084","21.60556519973281","22.50832145683011","24.65986197568129","25.13569014146096","29.24451269985954","24.47694024670068","24.82692845456513","22.61980054988777","25.359395474251","26.8877847390999","30.44341042942536","27.19928927088328","30.76119210727624","29.45410553872866","29.83413407559686","25.37328278550489","25.11903839748028","24.5583092242938","24.86273654888734","24.03588221939551","41.66112738299758","31.08547522542963","23.11792788439722","21.81792857304774","20.76663299370666","21.80948267896766","21.40137477237391","22.10805120417278","22.11034910098959","21.96782723802959","21.76895997757986","21.82581753118791"
"IMF.FAD:FM(5.0.0)","PAN.GNLB_S13_POGDP_PT.A","OBS_VALUE","Panama","Net lending (+) / net borrowing (-), General government, Percent of GDP","Annual","Units","","","","","","","","","","","","","","","","","","","","","","","","","","","","","","","","","","","","","","","2.401825085322455","2.608498985542383","2.809523312292979","1.392130700221294","-1.232992669238997","-0.7103954506486186","2.218439330848083","-0.4479818752694012","-1.029749812836642","-2.4093501722713","-4.53639585896988","-2.294647136692159","0.5267120408601096","3.173164960851084","0.3802292018905445","-0.9114390824987322","-1.692632855817354","-1.970144465415293","-1.323702799377622","-2.398321780711823","-3.039253334573991","-2.16612430192228","-1.762022873486132","-1.803267024145742","-2.760839906471049","-2.741942764291615","-9.67668217950141","-6.447229352220647","-3.9810769999314","-3.902297930968744","-6.229835127854432","-3.670907437398426","-3.387954338860613","-2.976785477890831","-2.525123640033607","-2.023794987478968","-1.499103094502635","-1.446478027719379"
"IMF.FAD:FM(5.0.0)","CHL.G1_S13_POGDP_PT.A","OBS_VALUE","Chile","Revenue, General government, Percent of GDP","Annual","Units","","","","","","","","","","","","","","","","","","","","","","","","","","","","","","","","","","","23.24169089945986","22.78996073740216","23.04016016292356","22.63300551849882","22.05850906714373","22.55198823953928","22.70569496450609","22.62066894843423","22.29554652373409","21.67459470938738","22.17717054802519","22.6866391006516","22.03086058297099","21.80279934681026","22.86648661010277","24.81712433585704","26.23924342833461","27.26148306602348","25.72156745148743","20.71672406460111","23.10375483612263","24.31288014299054","23.77178989276759","22.64292827892688","22.35624147876412","22.93943628365022","22.70603675617477","22.86508948210659","24.13343991043312","23.76662320782308","21.99304272478011","26.0903074647469","28.0850856643006","25.12269792288828","23.91230605668977","23.58617173196074","23.5960709616585","24.39541353832662","24.23663892191872","24.00152074970079","23.79653928058284","23.92349518070688"
"IMF.FAD:FM(5.0.0)","PER.GNLB_S13_POGDP_PT.A","OBS_VALUE","Peru","Net lending (+) / net borrowing (-), General government, Percent of GDP","Annual","Units","","","","","","","","","","","","","","","","","","","","","","","","","","","","","","","","","","","","","","","","","","","","","-2.115749849313666","-2.153764492247521","-1.403800950764723","-1.622006561499322","-1.032734877620828","-0.4356818488377321","2.029127790389468","3.348358349144648","2.484521309765148","-1.478942573246554","-0.01549981965022977","2.051142506253311","2.073055889170942","0.7542121549421031","-0.1883994288716224","-2.019618378054019","-2.118060914836942","-2.788477828778337","-1.944373517220657","-1.367852529814768","-8.185689698631486","-2.489300593003689","-1.380576041195034","-2.743204951374155","-3.530477261787377","-2.360664517953373","-1.968568625249757","-1.968284711294734","-1.927426155158209","-1.799017716051987","-1.762457381982372","-1.696081783481212"
"IMF.FAD:FM(5.0.0)","BRA.GNLB_S13_POGDP_PT.A","OBS_VALUE","Brazil","Net lending (+) / net borrowing (-), General government, Percent of GDP","Annual","Units","","","","","","","","","","","","","","","","","","","","","","","","","","","","","","","","","","","","","","","","","","","","","","-3.468044399545584","-4.148522542515926","-5.40068577264142","-2.954995307329843","-3.363574680392189","-4.868438831273527","-2.660190209134558","-2.392971337807893","-4.230458677251301","-3.553745055756441","-2.741326509014295","-2.351326054238425","-3.422132664528729","-6.274931658630378","-9.281377058926876","-7.990614069334555","-7.96967133406469","-6.990138177991848","-4.858526203193989","-11.63688808639393","-2.630748877740941","-3.964695645796055","-7.712440135156036","-6.171971556699233","-8.069368702560555","-7.706219401180793","-6.871176810096298","-6.169253876167476","-6.041169281967519","-6.086219403594486","-6.108812582613897"
"IMF.FAD:FM(5.0.0)","ARG.G2M_S13_POGDP_PT.A","OBS_VALUE","Argentina","Expenditure, General government, Percent of GDP","Annual","Units","","","","","","","","","","","","","","","","","","","","","","","","","","","","","","","","","","","","","","22.01716795026973","22.93757057118195","22.86244414366499","22.68677849334392","22.58579737253742","23.1304095314146","25.47128762414553","25.24723777552831","26.43249923674909","21.85305415259852","22.02588763125421","23.02953208131037","24.42556012550886","26.61666181944716","29.55058817072751","30.76234775045808","34.52443592707623","33.35806862765201","34.90190053772516","36.82142314106102","37.60293345498073","38.8529314990411","41.36633005023822","41.52202067707523","41.12145402119939","38.94920804004473","38.12905762439704","42.47923977499663","37.88336525539283","37.64312285560078","37.63734819184872","31.01918158817132","31.6347239698634","31.33772885031316","31.81653892148361","31.94872882136885","32.11820485813591","32.14235635984051","32.1236567147462"
"IMF.FAD:FM(5.0.0)","PRT.GNLB_S13_POGDP_PT.A","OBS_VALUE","Portugal","Net lending (+) / net borrowing (-), General government, Percent of GDP","Annual","Units","","","","","","","","","","","","","","","","","","","","","","","","","","","","","","","-10.27066328156657","-8.478815378367888","-4.315866902772272","-3.481362732499035","-6.824279975145587","-7.930080964777983","-5.19426308823346","-8.058312174176595","-7.36875509938431","-5.143257496195039","-4.632085730395669","-3.653751701587692","-4.304319401113931","-2.928352311349269","-3.317816913199055","-4.678761422381571","-3.699597065537178","-5.567986236528516","-5.912368865616979","-6.051482566995075","-4.064138544115135","-2.90876174042673","-3.810722110430434","-9.874242160800153","-11.41837224869955","-7.726952283347295","-6.202433031701324","-5.213580617264565","-7.316042349696801","-4.37186372403321","-1.943354680310418","-3.002202966511533","-0.425775716398631","0.1160660711763118","-5.752240430417325","-2.825517405117375","-0.3104110065208159","1.257165642202072","0.500872545545083","0.3087324333038511","-0.1395245859470704","-0.1632867701158055","-0.5235896058922379","-0.8607057929426161","-1.212904641887841","-1.58291295012128"
"IMF.FAD:FM(5.0.0)","CHL.GNLB_S13_POGDP_PT.A","OBS_VALUE","Chile","Net lending (+) / net borrowing (-), General government, Percent of GDP","Annual","Units","","","","","","","","","","","","","","","","","","","","","","","","","","","","","","","","","","","2.250572584710237","1.541226960276444","2.107607398142646","1.415435297564592","1.437385968402785","3.10094128204596","2.070818167008979","2.039141751689558","0.3901475554121713","-2.017836718130391","-0.6928432835414306","-0.4946238254600063","-1.17068996853577","-0.4155010440978696","2.050663763533447","4.568037244876945","7.509081047253537","7.954877551599427","3.930457666753648","-4.258969061554824","-0.3627201066102852","1.426790724655567","0.6823432776649658","-0.4702739375161424","-1.496369799294959","-2.088512586715614","-2.660616390796672","-2.627531097837932","-1.482222521835487","-2.730522533621885","-7.095296374344252","-7.525036176445147","1.360194515370438","-2.273933499777318","-2.815110595932923","-2.782431939184673","-2.465378698469971","-1.882936494876647","-1.784981506416883","-1.99010822623055","-2.038948436457248","-2.004920163173239"
"IMF.FAD:FM(5.0.0)","DOM.G2M_S13_POGDP_PT.A","OBS_VALUE","Dominican Republic","Expenditure, General government, Percent of GDP","Annual","Units","","","","","","","","","","","","","","","","","","","","","","","","","","","","","","","","","","","","","","","","","","13.17230388674194","12.59642341208504","13.40159512552133","14.09267679520225","14.89155869303833","16.47505641322216","17.22398616324221","17.33264739302664","15.50064989277205","16.95006332540341","16.3207323634556","18.49174173362809","16.15646210705121","16.0671266735908","15.98767417551681","19.82411250070506","18.51468465136307","17.04185786741023","16.72770661264164","17.00853072523443","17.26434052693278","16.45950505196052","17.82029041457289","22.17663005006027","18.41916086599172","18.52235698618087","19.12598331177772","19.46541615003338","19.31614228877448","19.41939643144086","19.04022818491983","18.71965220969151","18.44730638862566","18.08498037738599","17.82551635484629"
"IMF.FAD:FM(5.0.0)","COL.G1_S13_POGDP_PT.A","OBS_VALUE","Colombia","Revenue, General government, Percent of GDP","Annual","Units","","","","","","","","","","","","","","","","","","","","","","","","","0.04550417950629656","0.03624066647255052","10.74705345394953","11.26979902251593","11.44209257395056","12.2099027234736","12.22995743039623","14.1199972387034","13.65303731851876","16.25897998395804","17.04195988550878","18.04084165340151","18.34125545822702","19.76291614626992","20.43420021058797","21.1974933680561","22.57384303801385","22.94951271085814","22.47672970976088","22.89187502632055","23.64223237713833","24.7980052060943","24.6217414119262","25.31184613919988","25.32033998113948","25.86855996202587","27.44851267032762","27.34245623307888","28.47067022753713","28.24016967525589","27.04740271589803","28.2403422522823","29.2473371100776","28.97761880201612","29.51712685437808","27.75712782567554","27.71966848662118","26.82497217538641","29.99024229818585","29.39705642194282","26.58811622009182","27.1980691205871","27.72735599002657","32.17087674636621","28.3268832438947","27.42711393613822","27.85083264066582","28.27137659785045","29.16446989750797","29.28456732835276","29.47335530297867","29.51778628397102"
"IMF.FAD:FM(5.0.0)","TUR.G1_S13_POGDP_PT.A","OBS_VALUE","Türkiye, Republic of","Revenue, General government, Percent of GDP","Annual","Units","","","","","","","","","","","","","","","","","","","","","","","","","","","","","","","","","","","","","","","","","","","","","31.05421106828971","32.29842972646628","29.60863443980493","30.77811955604557","30.34209037187916","31.23995239295961","33.18847379658384","31.33830506027495","31.34901729153489","31.82415717712637","32.23134695882787","32.24977057081771","32.17323303289169","32.34260309051041","31.53829099919112","31.91055789214553","32.07955064446603","30.55895559476162","30.78857477168429","30.14460780862005","29.41005863267528","27.55954395848777","25.67625634483141","27.50132213923131","28.36047792924433","29.60675747875747","29.8537831195113","30.08828763942122","30.01876640459376","29.93888414800852","29.92632636603115","29.9134979843324"
"IMF.FAD:FM(5.0.0)","NZL.G1_S13_POGDP_PT.A","OBS_VALUE","New Zealand","Revenue, General government, Percent of GDP","Annual","Units","","","","","","","","","","","","","","","","","","","","","","","","","","","","","","39.13298461324066","41.50948427640346","42.59713252116571","44.18470199038316","45.60184078518281","46.787308189842","46.79584911369181","46.19902157446486","45.21605744276868","44.70740611959391","45.25693795239748","42.40112598818002","40.52410281809051","39.6094502044003","38.09833296546539","38.42572573925199","38.47778015788748","39.26951899885498","40.31173916527704","40.59649492817636","42.18555215337619","42.41073173941517","40.62658853223103","39.91642726017394","38.4820537348195","37.36241438017183","37.35675980139252","37.47509073675937","37.27238065186237","37.27955516826424","37.52555912445854","37.35970109540888","36.93365258091425","37.3752125273722","36.30334982358658","37.67411317124905","38.45461308536833","37.7091797261749","37.79857372042898","38.50515682352933","37.6926981694471","37.23540506633111","37.25340339799402","37.34416197871346","37.52485873865156","36.79819783708426","36.84375498854707"
"IMF.FAD:FM(5.0.0)","CRI.G2M_S13_POGDP_PT.A","OBS_VALUE","Costa Rica","Expenditure, General government, Percent of GDP","Annual","Units","","","","","","","","","","","","","","","","","","","","","","","","","","","","","","","","","","","18.87317646812742","14.00475415364181","13.74542404454345","13.81691035695212","17.42184382286545","16.40229661438348","17.28723657041522","16.25586781895952","16.02661944408461","16.71208523303349","16.87006981774431","17.28003506250337","18.55066462420998","17.5671656627339","17.00622619553537","15.88861762989178","15.1503217373368","14.59543174013314","15.17990563967232","16.65899612366725","18.042294784105","17.17984013913426","17.34317891215375","18.51944215026664","18.40008236770924","18.75906587045741","18.75584124083062","19.15675382556136","18.85060579993639","21.57396904887811","22.14614059530196","20.57410430221022","18.71312281609381","18.29895390008664","18.60333874149251","17.76879313012521","17.86828718562563","17.6165213029552","17.12166982794693","16.62763795154435","16.12681963473064","15.64265265353619"
"IMF.FAD:FM(5.0.0)","CHL.G2M_S13_POGDP_PT.A","OBS_VALUE","Chile","Expenditure, General government, Percent of GDP","Annual","Units","","","","","","","","","","","","","","","","","","","","","","","","","","","","","","","","","","","20.99111831474962","21.24873377712572","20.93255276478092","21.21757022093423","20.62112309874095","19.45104695749332","20.63487679749711","20.58152719674467","21.90539896832192","23.69243142751777","22.87001383156662","23.18126292611161","23.20155055150676","22.21830039090813","20.81582284656932","20.2490870909801","18.73016238108108","19.30660551442406","21.79110978473379","24.97569312615593","23.46647494273292","22.88608941833497","23.08944661510263","23.11320221644302","23.85261127805907","25.02794887036584","25.36665314697144","25.49262057994452","25.61566243226861","26.49714574144496","29.08833909912436","33.61534364119205","26.72489114893016","27.3966314226656","26.72741665262269","26.36860367114542","26.06144966012847","26.27835003320326","26.0216204283356","25.99162897593134","25.83548771704008","25.92841534388011"
"IMF.FAD:FM(5.0.0)","CRI.GNLB_S13_POGDP_PT.A","OBS_VALUE","Costa Rica","Net lending (+) / net borrowing (-), General government, Percent of GDP","Annual","Units","","","","","","","","","","","","","","","","","","","","","","","","","","","","","","","","","","","-4.40362759219036","-2.410503222271041","-1.513649540475063","-1.522541926365321","-5.461607903872791","-3.683910224588265","-4.322043805001027","-3.390160076376601","-2.964825965272453","-2.881497526761533","-3.683747844087916","-3.470523624307051","-4.992425787471813","-3.432176192015464","-3.415232678836792","-2.091170630089904","-1.042791150166801","0.5582344261368925","0.1821431596996077","-3.251268958928337","-4.956304857375846","-3.909690563604097","-4.21527596798742","-5.246260093907837","-5.453586346923529","-5.52219988353515","-5.094052052243522","-5.879000583282221","-5.646934855947224","-6.649559279050499","-8.324771427481171","-5.036922565711179","-2.735791314814804","-3.213819080723646","-3.729424252609599","-3.35029112170998","-3.641615735774037","-3.5014654340314","-3.161334568370048","-2.825489981192014","-2.48143969006185","-2.194982940276634"
"IMF.FAD:FM(5.0.0)","BRA.G2M_S13_POGDP_PT.A","OBS_VALUE","Brazil","Expenditure, General government, Percent of GDP","Annual","Units","","","","","","","","","","","","","","","","","","","","","","","","","","","","","","","","","","","","","","","","","","","","","","39.80229888045679","44.49477700630862","41.28817294723773","39.68067961175497","41.87030897114431","42.5627996408255","40.35175432367091","39.91557928004989","40.53659401883116","39.51587669601222","39.36725406528818","39.30950164271469","39.78014569811515","41.42643156096251","46.19085074600882","45.50292416373911","44.29732442494631","44.18065947265453","43.04287639921311","46.17842199039765","40.37098875102944","43.44533089814643","45.30929547096335","45.54154454349805","47.41726504825135","47.87650893221572","46.68967263283612","46.22162439843535","46.10645556917877","46.14325058346226","46.19441954649886"
"IMF.FAD:FM(5.0.0)","ARG.GNLB_S13_POGDP_PT.A","OBS_VALUE","Argentina","Net lending (+) / net borrowing (-), General government, Percent of GDP","Annual","Units","","","","","","","","","","","","","","","","","","","","","","","","","","","","","","","","","","","","","","-0.02428355408323989","-1.249802355364049","-2.074606161229823","-2.810610431870922","-1.837621354999953","-1.827434359029428","-3.7050861235611","-3.41675118250397","-5.364146344318154","-1.910149902131819","1.50014608070146","3.966895029838942","3.340623023193459","1.650070275018542","0.756974472382668","0.351972891914477","-1.830044406371996","-1.393454663557079","-2.745648459538189","-3.018055600143231","-3.253828427285512","-4.252429085290304","-6.000558030900573","-6.65466898257521","-6.693341131578327","-5.441145230170282","-4.44475766751875","-8.674071393014342","-4.332951928828273","-3.836385093101492","-5.329589089866303","0.4578646970148519","-0.3810128596883124","0.4505415976723241","0.373856617107293","0.2803786257701602","0.8242783537983865","1.144306034749531","1.280273172058295"
"IMF.FAD:FM(5.0.0)","AUS.G1_S13_POGDP_PT.A","OBS_VALUE","Australia","Revenue, General government, Percent of GDP","Annual","Units","","","","","","","","","","","","","","","","","","","","","","","","","","","","","","","","","31.11242716960203","30.48532618317575","30.20244572803851","30.22831055319761","29.27148805936721","29.37011466982997","29.90474951983808","31.02903754204909","32.03892244283353","32.27023671195458","34.33686359376724","36.81911441393545","36.39408718226445","35.525555195697","35.04802348920923","35.90148162401385","36.10184212494655","36.22377397914861","36.24285401653223","35.70934012209195","33.88371678144144","33.07863238434444","31.73794867111152","31.67939812300406","32.88100524364066","33.40758573440414","33.68731425102249","34.338426434147","34.73069037109368","34.92616090346909","35.47931092694178","34.36293175888947","35.6061830754526","35.31195842516661","35.22943082753579","36.17168621777832","36.46335137742536","36.6692081445964","36.62037541005112","36.24207355635544","36.01465301919961","36.06630820052652","36.08228403817481","36.07909041241921"
"IMF.FAD:FM(5.0.0)","BRA.G1_S13_POGDP_PT.A","OBS_VALUE","Brazil","Revenue, General government, Percent of GDP","Annual","Units","","","","","","","","","","","","","","","","","","","","","","","","","","","","","","","","","","","","","","","","","","","","","","36.3342544809112","40.3462544637927","35.88748717459631","36.72568430442513","38.50673429075212","37.69436080955197","37.69156411453635","37.522607942242","36.30613534157986","35.96213164025578","36.62592755627388","36.95817558847627","36.35801303358642","35.15149990233214","36.90947368708195","37.51231009440455","36.32765309088162","37.19052129466269","38.18435019601913","34.54153390400372","37.7402398732885","39.48063525235037","37.59685533580732","39.36957298679882","39.34789634569079","40.17028953103493","39.81849582273982","40.05237052226787","40.06528628721126","40.05703117986777","40.08560696388496"
"IMF.FAD:FM(5.0.0)","ESP.G1_S13_POGDP_PT.A","OBS_VALUE","Spain","Revenue, General government, Percent of GDP","Annual","Units","","","","","","","","","","","","","","","","","","","","","","","","","28.17121140794858","28.94042938143052","29.38324319461892","31.19409664222319","31.31296259466948","32.99366225992272","33.6457942806896","35.25264198338081","35.30778644846309","37.11848669723422","37.17787428831237","38.03006425232469","39.59748321291736","39.38312617658941","38.51466263140951","37.3381074568884","37.00572251332458","37.63543627678618","38.35146222093423","38.71853800639068","37.96244106805607","37.96019162346389","38.310810089844","37.9803733229681","38.69443840480711","39.67991277008842","40.51330579038703","41.06488755416267","36.77456240021862","34.83527339490582","36.35740777704023","36.24718112829726","37.74185203346834","38.67071872330966","38.98324171831341","38.41793669833467","37.87422070283454","37.95110185773967","38.94657652217812","38.96722527538266","41.4068546794496","42.83441011304163","41.72014219438999","42.0760054508029","42.25812723840108","42.20147559954656","43.22766107923089","43.15002406062243","42.82155650294199","43.1084503443267","43.26727864392628","43.36554877374927"
"IMF.FAD:FM(5.0.0)","TUR.G2M_S13_POGDP_PT.A","OBS_VALUE","Türkiye, Republic of","Expenditure, General government, Percent of GDP","Annual","Units","","","","","","","","","","","","","","","","","","","","","","","","","","","","","","","","","","","","","","","","","","","","","39.41034135016201","43.94124632390385","40.92308514794845","38.33081360095139","34.45069932574782","31.9859611302416","33.40593957748121","32.70621032386229","33.47891426064155","36.96589381927219","35.22499485915124","32.60163774203366","33.95014037493953","33.54863940266839","32.5016805069037","32.42227723070241","33.75615265242725","32.42606952045344","33.88552177851964","34.83508498498859","34.04569070793677","30.53560606911816","26.77200657854877","32.69343872455569","32.87064990215617","32.38798301899717","33.23422057655669","33.75414844048111","33.53232201040221","32.83422492336955","32.71434958784487","32.59633889801401"
"IMF.FAD:FM(5.0.0)","ARG.G1_S13_POGDP_PT.A","OBS_VALUE","Argentina","Revenue, General government, Percent of GDP","Annual","Units","","","","","","","","","","","","","","","","","","","","","","","","","","","","","","","","","","","","","","21.99288439618649","21.6877682158179","20.78783798243517","19.87616806147299","20.74817601753747","21.30297517238517","21.76620150058443","21.83048659302433","21.06835289243093","19.9429042504667","23.52603371195567","26.99642711114932","27.76618314870231","28.2667320944657","30.30756264311018","31.11432064237255","32.69439152070424","31.96461396409493","32.15625207818697","33.80336754091779","34.34910502769522","34.6005024137508","35.36577201933764","34.86735169450002","34.42811288962106","33.50806280987445","33.68429995687829","33.80516838198228","33.55041332656456","33.80673776249929","32.30775910198242","31.47704628518617","31.25371111017509","31.78827044798549","32.1903955385909","32.22910744713901","32.94248321193429","33.28666239459004","33.4039298868045"
"IMF.FAD:FM(5.0.0)","CRI.G1_S13_POGDP_PT.A","OBS_VALUE","Costa Rica","Revenue, General government, Percent of GDP","Annual","Units","","","","","","","","","","","","","","","","","","","","","","","","","","","","","","","","","","","14.46954887593706","11.59425093137077","12.23177450406839","12.2943684305868","11.96023591899265","12.71838638979521","12.96519276541419","12.86570774258292","13.06179347881215","13.83058770627195","13.18632197365639","13.80951143819632","13.55823883673817","14.13498947071843","13.59099351669858","13.79744699980188","14.10753058717","15.15366616627003","15.36204879937193","13.40772716473891","13.08598992672916","13.27014957553016","13.12790294416633","13.2731820563588","12.94649602078571","13.23686598692226","13.6617891885871","13.27775324227914","13.20367094398917","14.92440976982761","13.82136916782079","15.53718173649904","15.977331501279","15.08513481936299","14.87391448888291","14.41850200841523","14.22667144985159","14.1150558689238","13.96033525957688","13.80214797035234","13.64537994466879","13.44766971325956"
"IMF.FAD:FM(5.0.0)","ESP.G2M_S13_POGDP_PT.A","OBS_VALUE","Spain","Expenditure, General government, Percent of GDP","Annual","Units","","","","","","","","","","","","","","","","","","","","","","","","","30.19573911313095","31.33170752628367","34.85879726812294","35.90760045547923","36.70112723497207","39.79176792930957","39.57433805414085","38.53012411646389","38.70869645692079","40.10756975346968","41.07818086395089","42.6089965245491","43.86208379017178","46.27290764493312","44.82962230510022","44.13145641910316","42.87160545336295","41.49461145227768","40.97836593413121","39.95870587088949","39.12370728061411","38.41514042210803","38.62745150344651","38.35524111012691","38.78954815890538","38.44936333800944","38.39166308449157","39.18217497060437","41.3349310339868","46.07265678151707","45.84480269601586","45.94185404560724","49.23839052322281","46.16234356292388","45.05639834101578","43.68280361177137","42.13908333904736","41.04744859934497","41.52222761153401","42.0074817940353","51.43143815078453","49.49274529451854","46.30671803806048","45.41612446845658","45.47370995966958","44.69728879009155","45.29493673556095","45.41442612766122","44.99254771070824","45.26687892328478","45.42207059831336","45.51885863624482"
"IMF.FAD:FM(5.0.0)","NZL.GNLB_S13_POGDP_PT.A","OBS_VALUE","New Zealand","Net lending (+) / net borrowing (-), General government, Percent of GDP","Annual","Units","","","","","","","","","","","","","","","","","","","","","","","","","","","","","","-6.952944271372749","-5.314742366178437","-3.414240749582611","-1.867199894730675","-2.144150221188549","-2.719969487732939","-6.122401295722052","-6.248207018004723","-1.512674967826664","1.999721813443412","3.701569282647345","2.580933981928023","1.242635083113335","-0.4687304670233397","-1.103637825541547","0.1785774798605083","1.292710190979984","2.555545433813394","3.68668380236877","4.494488115602206","5.131271445611196","4.621347689377104","3.60051635392939","1.476412622823261","-1.800345200465813","-5.491299441738924","-4.941520606235593","-2.175139283815336","-1.277955271565495","-0.3278144321341134","0.3736098814056625","0.9829823752721658","1.38303776173008","1.311715633414265","-2.435567694937607","-4.213708309953816","-3.34965067619897","-3.962349612431193","-3.224986698155683","-3.207106102795098","-3.859910044443479","-3.917993658406133","-3.146654464127115","-2.126571990262439","-1.304720185427238","-0.9176222957237052","-0.6248651921500993"
"IMF.FAD:FM(5.0.0)","G163.G1_S13_POGDP_PT.A","OBS_VALUE","Euro Area (EA)","Revenue, General government, Percent of GDP","Annual","Units","","","","","","","","","","","","","","","","","","","","","","","","","","","","","","","","","","","","44.86437266917674","45.98652752560851","46.74114350195447","46.43873655928168","45.70816863837909","46.14747171514789","46.18895577648059","46.00931685368428","46.44910212273021","45.92466138825481","45.23789398164181","44.81405090322881","44.73926023521116","44.41613141407364","44.56643854969366","44.94384551899365","45.09508775692342","44.8499465678365","44.8424676979675","44.66118766997964","45.26532993860861","46.37275335973718","47.03776415995363","46.98266007034212","46.55923295303802","46.38832595697836","46.33959077472322","46.52566695041029","46.40035129713854","46.49240739154809","46.84132390122505","46.43983856617681","45.77593520084131","46.34308574659211","46.7999115337066","46.89421019305436","46.85637351721183","46.81766529446692","46.97440988595595","47.01043432832839","47.04114321412228"
"IMF.FAD:FM(5.0.0)","DOM.G1_S13_POGDP_PT.A","OBS_VALUE","Dominican Republic","Revenue, General government, Percent of GDP","Annual","Units","","","","","","","","","","","","","","","","","","","","","","","","","","","","","","","","","","","","","","","","","","12.53084080865143","12.30783854786091","12.6132490426041","13.23400021339202","14.16308827204271","14.1978451887788","12.98179909595184","13.73404555911846","14.78636622734174","15.26303414056777","16.60199396663595","15.06136259365308","13.26049745329012","13.09234267202851","12.91960283561378","13.55928570146572","14.10180319402011","14.28232184163764","16.69462429462153","13.89906673548785","14.14059656728827","14.28486325630539","14.36300683228418","14.24051331129403","15.4986696158073","15.27336809577879","15.84549239076815","16.37837181256152","15.75744322965181","15.93396751683364","15.8175132019534","15.82309803553004","15.82309803553006","15.8230980355301","15.82309803553011"
"IMF.FAD:FM(5.0.0)","ZAF.G1_S13_POGDP_PT.A","OBS_VALUE","South Africa","Revenue, General government, Percent of GDP","Annual","Units","","","","","","","","","","","","","","","","","","","","","","","","","","","","","","","","","","","","","","","","","","","","","21.26366868738124","21.60470476018006","21.25516415594258","21.03067458508997","21.66374141298376","25.03886075412482","25.47990485898287","25.64387106145507","25.52059204257052","23.79009338650053","23.82631903215427","24.37524604507087","24.57920896735571","25.00588785654367","25.39472524749091","25.79009720693143","26.1835742003847","25.84412531085499","26.42002541507592","26.32170827836309","24.99435924901685","27.11366642435242","27.63910385927629","26.91108509261085","27.30104270183476","28.37687450311046","28.46478554207589","28.53140955269924","28.66640525084394","28.68858109678509","28.68237599873349","28.67714729789382"
"IMF.FAD:FM(5.0.0)","DOM.GNLB_S13_POGDP_PT.A","OBS_VALUE","Dominican Republic","Net lending (+) / net borrowing (-), General government, Percent of GDP","Annual","Units","","","","","","","","","","","","","","","","","","","","","","","","","","","","","","","","","","","","","","","","","","-0.6414630780905068","-0.2885848642241307","-0.7883460829172311","-0.8586765818102294","-0.7284704209956266","-2.27721122444336","-4.242187067290372","-3.598601833908178","-0.7142836654303122","-1.687029184835644","0.2812616031803487","-3.430379139975006","-2.895964653761098","-2.974784001562296","-3.068071339903034","-6.264826799239344","-4.412881457342965","-2.759536025772594","-0.03308231802011178","-3.109463989746579","-3.123743959644511","-2.174641795655128","-3.457283582288704","-7.93611673876624","-2.920491250184425","-3.248988890402079","-3.280490921009573","-3.087044337471859","-3.558699059122664","-3.485428914607227","-3.222714982966428","-2.896554174161468","-2.624208353095598","-2.26188234185589","-2.00241831931618"
"IMF.FAD:FM(5.0.0)","SWE.G1_S13_POGDP_PT.A","OBS_VALUE","Sweden","Revenue, General government, Percent of GDP","Annual","Units","","","","","","","","","","","","","","","","","","","","","","","","","54.15341874616229","57.7458590633276","57.84275528391239","58.92025224361053","58.30866201851656","58.83476540212946","60.24812543870809","61.62442547487905","60.19709206184565","60.20222458718899","61.24477673531838","61.51798201909098","58.01373299447758","57.05821119020184","56.51233268794131","55.13249422163615","56.93640968958236","56.32152198740368","56.43918093434631","55.83107731296503","55.34863156583741","53.11132616624827","51.22452060303592","51.71495626358087","51.84211811381939","53.25693077205055","52.32710579859047","51.83200563986673","51.26052773791943","50.78840059143206","49.60104338600383","48.69225659459023","49.0543550199423","49.733244046743","48.86890065913727","49.08644328347203","50.37744710038083","50.53655493611744","50.4406701191355","49.22620903966279","48.8467150954895","49.16834632763356","49.31701056406739","48.27689601504887","47.8","48","47.00000000000003","46.99999999999999","47.8","47.79999999999995","47.79999999999996","47.79999999999995"
"IMF.FAD:FM(5.0.0)","ZAF.G2M_S13_POGDP_PT.A","OBS_VALUE","South Africa","Expenditure, General government, Percent of GDP","Annual","Units","","","","","","","","","","","","","","","","","","","","","","","","","","","","","","","","","","","","","","","","","","","","","22.64644389430967","22.62016839398254","22.21331159441573","22.61884787372583","22.7076781761574","25.14036744692433","24.66660210906525","24.4285558440518","26.00853164172121","28.45742680718008","28.34047001830628","28.0795209250836","28.61868326031486","28.91008359018578","29.32105965346686","30.16409018161334","29.90856691322025","29.85995939516277","30.15228550123303","31.393811424573","34.61574374731662","32.65389611986581","31.88896263718734","32.51097917697268","32.97193181465539","34.15931195266111","33.3330846668487","32.86945881617873","33.02818958310978","32.77771652701283","32.61482772925417","32.59201616953061"
"IMF.FAD:FM(5.0.0)","FIN.GNLB_S13_POGDP_PT.A","OBS_VALUE","Finland","Net lending (+) / net borrowing (-), General government, Percent of GDP","Annual","Units","","","","","","","","","","","","","","","","","","","","","","","","2.885411105959787","2.880338803680037","4.778765154468184","2.40096030302797","0.3586639770067169","2.667920458336218","2.55326904732094","3.344600082930842","0.7186027151242196","4.871516943642299","7.13822943801535","6.633349781909008","0.3008344624812399","-4.880914649516548","-8.092345178351244","-6.406807293259162","-5.976395067747374","-3.370367828039656","-1.325340363294933","1.53697968131129","1.595895592963874","6.729429706861408","4.891676405302428","3.974669900296416","2.339929077079241","2.157602635739979","2.588876878044041","3.925119026269662","5.115498318712278","4.18011562240995","-2.483836355132473","-2.574582640169655","-1.012875970757127","-2.154927187615407","-2.521904499820636","-2.994826455514804","-2.426828804140976","-1.701303096186207","-0.6292666862478082","-0.8719087557404972","-0.932843642827795","-5.534145278716681","-2.692511778231577","-0.1792323444868206","-2.894086188897639","-4.404097205363904","-3.879356651676231","-4.788323513324577","-4.249619941826637","-4.050480115636691","-3.827625308955023","-3.6778053978661","-3.710419238327687"
"IMF.FAD:FM(5.0.0)","GRC.G2M_S13_POGDP_PT.A","OBS_VALUE","Greece","Expenditure, General government, Percent of GDP","Annual","Units","","","","","","","","","","","","","","","","","","","","","24.3448214617482","23.66901003543693","23.27630789777285","24.28229494809552","24.51832887346227","28.08422917688995","28.70174941297736","30.24518841700156","31.95568185302014","34.23883572602176","33.77318481756841","34.03370113138089","33.82341904628872","34.7903283292841","38.50392586850682","35.19550402602125","36.90678875971631","38.62707127537575","36.92488411054067","46.64854875056119","46.14554741958653","45.0890881816514","46.70639593942167","47.99095346162216","48.15982820362923","47.4692194111858","47.11070890729713","47.87875654811139","48.82713657432405","46.60698021393065","45.86677766428106","47.76982835171238","51.53864906503183","54.8256975639567","53.08365069177805","55.07507064749969","54.87113446426881","52.98182792022408","51.50058101297312","51.85418352456534","50.29248650601726","48.53603343905265","48.56997481392814","47.59933925635783","59.29230546338643","56.71854631562252","53.09100535388126","49.61408399803815","48.24868207623682","49.6595159448758","50.3307915728653","49.87838111071645","49.59383420689987","49.74905859851615","49.74494924550526","49.73509646436945"
"IMF.FAD:FM(5.0.0)","IRL.G1_S13_POGDP_PT.A","OBS_VALUE","Ireland","Revenue, General government, Percent of GDP","Annual","Units","","","","","","","","","","","","","","","","","","","","","","","","","","","","","","","","","","","","","","","","38.2185504306468","38.30619606593729","37.46628242074928","36.24759110293295","36.04509057990538","35.4228727326353","33.13238702913448","32.36040235885822","33.01070910926863","34.12001868692363","34.59232205559405","36.33806701421186","35.90810371949054","34.5267322714822","33.00106182161397","32.80242743116798","33.38335614974498","33.85897566554563","33.56587155361409","33.03497096138987","26.09708980329362","26.75355974095161","24.98164518786118","24.83723025876062","24.27425828586509","21.83457854807612","22.22511121765211","22.24587972760688","23.58939566900248","26.4045814276627","23.16358765219723","23.11851375859279","23.69398144517209","24.40196890645396","25.02340402492126","25.57053129566875","26.1743518847901"
"IMF.FAD:FM(5.0.0)","ISL.G1_S13_POGDP_PT.A","OBS_VALUE","Iceland","Revenue, General government, Percent of GDP","Annual","Units","","","","","","","","","","","","","","","","","","","","","","","","","34.3995924844049","35.68641599815233","36.7028831983726","34.85062666139473","36.00222069563408","34.51309634193141","34.58487226235702","34.70494568861147","38.32560314224155","37.53854603487674","38.30344435309447","40.9541228657878","41.52099625913204","39.4785508752182","39.12798423943323","40.18542850499908","41.07493522453101","41.44466535255866","39.76740809144438","46.14187809746435","45.74310116162396","46.68819821852922","42.78946362261834","45.07149580381349","46.56089406449809","49.19437730922021","50.75681585813855","49.76891988440662","50.82938336946301","44.84909811469057","41.68412715386812","43.58265027896405","44.6203657486838","44.70566836480969","45.93470768369542","42.89609623190491","58.54541300179494","45.08791895448174","44.40195279307904","41.5623413739242","41.61057811534425","40.69216121332623","42.33669127887636","42.87493357066481","43.43439859058764","42.23411584232619","43.07378045576074","43.13503570610825","43.06068232435009","43.12731548621359","43.13463394751676","43.13829777182043"
"IMF.FAD:FM(5.0.0)","FIN.G2M_S13_POGDP_PT.A","OBS_VALUE","Finland","Expenditure, General government, Percent of GDP","Annual","Units","","","","","","","","","","","","","","","","","","","","","","","","43.86963520218025","43.8642522158892","44.54174960412007","46.42906084842287","48.19667833061812","47.51857524171726","49.39871020096835","50.0380410790357","50.97585026368659","49.5462767408066","46.80091195975713","47.08393416477167","55.7621246175846","60.81219746213443","63.66000767145485","62.20714262992167","60.03209620736588","58.4896594330094","54.91314867646528","51.33728026836944","49.92513082403379","46.92857038112416","46.22959208369925","47.45621126381029","48.28493085674361","48.19044859236114","49.19169713237705","48.27173277951649","46.68045910648512","47.874678898138","54.09139681404242","54.01786900668095","53.83218233791202","55.69723223108325","57.10649297041234","57.6250273250589","55.74332039278374","55.10367750339565","52.84950112591564","52.66596235527479","52.59938453282352","56.45276601505159","55.15388078660899","52.63681965919552","55.95062361495211","57.75617497545228","57.5645400161147","58.65157402020505","57.99565563904231","57.58346823432035","57.57103934276232","57.42121943167355","57.45383327213506"
"IMF.FAD:FM(5.0.0)","ZAF.GNLB_S13_POGDP_PT.A","OBS_VALUE","South Africa","Net lending (+) / net borrowing (-), General government, Percent of GDP","Annual","Units","","","","","","","","","","","","","","","","","","","","","","","","","","","","","","","","","","","","","","","","","","","","","-1.382775206928437","-1.015463633802482","-0.9581474384731447","-1.588173288635862","-1.043936763173635","-0.1015066927995101","0.8133027499176222","1.21531521740327","-0.487939599150684","-4.667333420679551","-4.514150986152009","-3.704274880012726","-4.039474292959145","-3.904195733642108","-3.926334405975946","-4.373992974681918","-3.724992712835549","-4.015834084307778","-3.732260086157119","-5.072103146209908","-9.621384498299765","-5.540229695513386","-4.249858777911046","-5.599894084361822","-5.670889112820624","-5.782437449550649","-4.868299124772817","-4.338049263479484","-4.361784332265848","-4.089135430227737","-3.93245173052068","-3.914868871636792"
"IMF.FAD:FM(5.0.0)","AUS.GNLB_S13_POGDP_PT.A","OBS_VALUE","Australia","Net lending (+) / net borrowing (-), General government, Percent of GDP","Annual","Units","","","","","","","","","","","","","","","","","","","","","","","","","","","","","","","","","0.4766845007868716","0.923528488972507","-0.2313305192387485","-2.784229664750258","-4.738213423678772","-4.720031240097975","-3.787083637116051","-2.598722762431399","-1.453671967827545","-0.492189543539983","-0.2453009741624793","0.6645299958360958","1.248001788771106","-0.03020078740695493","0.1922343204296657","1.049102847796806","1.32100263575359","1.703998914874605","1.768210979762805","1.471533901216515","-1.097632149744552","-4.547463890880724","-5.10011873230432","-4.511260074732246","-3.49588093557381","-2.797643969093746","-2.905936131658197","-2.775346079146677","-2.414737884793011","-1.711509563049313","-1.25400273782271","-4.392027929126046","-8.704384208282225","-6.351383601289523","-2.205895044965303","-1.263330389828098","-2.251353665812333","-2.782384250172627","-2.433680422038246","-2.051974697752028","-1.882568707325158","-1.656901226383264","-1.481801801168048","-1.447558754763961"
"IMF.FAD:FM(5.0.0)","GRC.G1_S13_POGDP_PT.A","OBS_VALUE","Greece","Revenue, General government, Percent of GDP","Annual","Units","","","","","","","","","","","","","","","","","","","","","21.79248629099788","21.62836152577277","21.60150804994212","21.92555931652447","22.01718553195564","21.00876121586241","23.20864468538035","24.07122433102772","24.76371389532807","24.67747317861382","25.15341075442247","25.94319758342702","24.19739056953405","22.89175419607119","25.21481721701837","25.56762356459594","26.26103728743351","27.17455746066581","28.44807245726506","36.78031409230984","37.79500338253657","38.84140397074641","40.22175937472643","41.9669226225635","43.9449711077752","41.82687449089011","40.91381937202923","39.8320466868854","39.77444771239754","40.27706041995468","39.82194962269988","40.96295055712858","41.2238821724805","39.40208925643536","41.65919392818568","44.57550067575869","47.93404167419763","48.92290831877804","47.20812759340224","48.82332580038309","50.57260550696424","49.59056480915105","49.34842319909067","47.51346248971278","48.92517883842318","48.96285837813004","50.51913277074828","48.17429819899932","49.47747702081644","50.91823541732255","50.92860365113253","49.70280621470111","49.38940470373024","49.2765709281324","49.15870137613183","49.03877905921134"
"IMF.FAD:FM(5.0.0)","CYP.G2M_S13_POGDP_PT.A","OBS_VALUE","Cyprus","Expenditure, General government, Percent of GDP","Annual","Units","","","","","","","","","","","","","","","","","","","","","","","","","","","","","","","","","","","","","","","","30.41558678353281","32.44438874616204","34.21549191487329","34.38117418514553","34.32050557468016","34.97026899480887","35.71547442825986","37.42190788919761","40.38597775061696","38.63774140469386","39.68884720994717","39.126875","37.56388658881307","38.21825929140693","41.88879488525012","41.69599868455534","42.07502228309858","41.89347230628764","42.09773619210217","52.05916672386574","43.01238861117148","39.63089772111688","38.43514306531971","44.25343225818285","40.2538353061835","45.93769553946545","42.72107042165766","37.74894082089754","40.64169474492202","38.28289248520999","40.40554492518205","40.12274456840706","39.20885499099025","39.1903575881364","39.15407663150378","39.36251864526618","39.37808884858729"
"IMF.FAD:FM(5.0.0)","EGY.GNLB_S13_POGDP_PT.A","OBS_VALUE","Egypt, Arab Republic of","Net lending (+) / net borrowing (-), General government, Percent of GDP","Annual","Units","","","","","","","","","","","","","","","","","","","","","","","","","","","","","","","","","","","","","","","","","","","","2.135181041605729","1.320278159763285","-1.069825419915996","-6.76778841988667","-5.729070407536973","-5.762199714712881","-6.687293436033858","-7.354560014306872","-4.898811489418833","-6.049311934873906","-6.1954400232783","-7.446819593177175","-9.600046002440822","-9.471082471313097","-12.27932601480725","-10.72266355126936","-10.37048172780735","-11.7961486085408","-9.898380699690911","-8.974733187604475","-7.595343102215868","-7.468626271820044","-6.955298584742837","-5.74463500159388","-5.768157156220767","-7.117604946423575","-6.554953325650767","-12.12945270552233","-8.869681230886381","-6.957337736610108","-4.38448424831849","-3.561090297697904","-3.076840838859323"
"IMF.FAD:FM(5.0.0)","KWT.G2M_S13_POGDP_PT.A","OBS_VALUE","Kuwait","Expenditure, General government, Percent of GDP","Annual","Units","","","","","","","","","","","","","","","","","","","","","","","","","","","","","","50.21754590387842","56.63773028249976","44.23824837802654","50.12159325882611","43.32251835929279","122.4439783811785","208.0936335656522","77.35517167816199","58.01412777202828","57.51904161613994","51.68732052403899","42.5137924086074","43.53444230831894","51.44858028204642","44.27012879374462","29.72355945826815","41.17371028037383","42.5495254529767","38.0072824380397","35.20135071103575","28.71189580048489","32.21033950355452","30.37431784558909","40.8057234009258","42.78247781690834","45.4022479450771","39.62397910217447","38.09952136808272","38.3889105972198","44.9534298368802","55.28064473084967","54.0435566526903","51.86239094688424","51.04878526505371","50.23998260283967","62.88688988349046","48.34242294223992","39.58854931269185","48.31296382280493","48.00498505496732","50.10213498243545","48.87143777448865","48.20037804130551","47.79526593989724","48.02188393609058","48.15373470779767","48.234161149539"
"IMF.FAD:FM(5.0.0)","IRQ.G2M_S13_POGDP_PT.A","OBS_VALUE","Iraq","Expenditure, General government, Percent of GDP","Annual","Units","","","","","","","","","","","","","","","","","","","","","","","","","","","","","","","","","","","","","","","","","","","","","","","","","91.45018986860306","63.20529395287136","50.31902523354689","43.9794129732499","57.25425870277899","61.09450886353678","49.57535369994041","43.36918532405875","42.8915073123401","48.24898417215575","43.78278179703951","43.46389496329744","42.36869119370478","35.49471376715104","31.12606200656004","34.65003429780939","41.86951382171512","36.32702403624457","33.93783932910745","41.16622608676419","41.71807846834295","42.73053855239353","42.62856025962303","41.43734826419399","41.88996425066594","42.2574141315616","42.75758251534266","43.36102163812355"
"IMF.FAD:FM(5.0.0)","IRN.G1_S13_POGDP_PT.A","OBS_VALUE","Iran, Islamic Republic of","Revenue, General government, Percent of GDP","Annual","Units","","","","","","","","","","","","","","","","","","","","","","","","","","","","","","","","","","","14.66146285009234","12.40412724013178","13.5821615294466","22.08868150442131","19.64036018029431","18.33398952375259","16.50725333923176","15.58091621135023","11.86636670317291","15.23782654982072","18.742261582421","13.64888817878083","12.76310974013679","12.91255123092367","12.61804922515953","15.49287948344956","13.75272552422636","11.8134852193155","12.44595218741149","12.36170428026196","13.222357550665","13.97536875777501","10.90040482881158","10.80504838305903","11.35592895716833","12.83764621599206","14.64037203432391","14.86416180782525","13.18117836721283","9.255626015041981","7.272640712924657","10.34392410294852","10.20092083818206","9.746540364349644","13.28516434040541","7.791272617574863","7.892098111044209","9.256694480738701","8.955822825419132","9.095647390278048","9.247025465380519","9.361234911728561"
"IMF.FAD:FM(5.0.0)","LCA.G2M_S13_POGDP_PT.A","OBS_VALUE","St. Lucia","Expenditure, General government, Percent of GDP","Annual","Units","","","","","","","","","","","","","","","","","","","","","","","","","","","","","","20.38720825887675","21.09796036496766","19.91122794367595","18.19950000803145","19.02827452193719","16.49721845217933","17.96411923462351","18.29664051534065","21.55022765215513","18.73698045145527","19.01923412821381","18.83048330283436","19.04058421198197","18.57329524290057","20.88350153969679","20.92518291240292","22.03573542998225","23.00666722249611","22.48615033211725","22.49714820700128","25.28568317282102","24.41515024837599","22.18428650664285","22.3468753187146","24.18670658741374","25.63616217289071","26.8542888819339","27.10701201329502","24.28781772217208","22.62102475074469","22.0780461824869","22.62239344074073","22.96665234714356","23.17945428636559","24.55878067067713","33.12777410091302","26.69952481285067","23.7897126097148","25.25331729943657","24.38439054760464","25.24121670631679","25.12162466388457","25.03094714272125","24.85514964539935","24.66112773716581","24.42146534506949","24.39952371948997"
"IMF.FAD:FM(5.0.0)","ISR.GNLB_S13_POGDP_PT.A","OBS_VALUE","Israel","Net lending (+) / net borrowing (-), General government, Percent of GDP","Annual","Units","","","","","","","","","","","","","","","","","","","","","","","","","","","","","","","","","","","","","","","","","","","","","-0.7983552378835062","-4.055445744608437","-8.206743111547616","-5.027939083688407","-3.398328365149367","-2.735210726753473","-0.9400970466079345","-0.4267863608654741","-3.48760311901922","-6.533590386101336","-3.715004201912718","-3.42974731824331","-4.461223436892363","-4.067383589805412","-2.284686996709598","-1.203541676216691","-1.7817637133941","-1.166551957315284","-3.583008364535893","-3.792828327115894","-10.64137460140769","-3.368588156773601","0.2959497033836602","-5.378281799465745","-8.072129583789994","-5.219186390290556","-5.858634838453675","-4.862570984221332","-5.08652918146341","-4.849269169619344","-4.832713896004889","-4.940454315037012"
"IMF.FAD:FM(5.0.0)","JOR.G2M_S13_POGDP_PT.A","OBS_VALUE","Jordan","Expenditure, General government, Percent of GDP","Annual","Units","","","","","","","","","","","","","","","","","","","","","","","","","","","","","","39.58535272929477","32.28709155523404","39.33396726380428","41.16028204909029","39.08595490461878","39.8742129812339","39.55572886536371","31.73182881497148","32.46914402364228","30.63523697020306","32.06811475378867","32.56367927943583","30.67193955930967","32.25791313733311","31.78649795450106","31.22278762972297","30.58332747815329","31.61221259878816","34.97288701655757","35.14816642891624","36.59126562581421","33.95122108956274","32.37820856061786","29.57689727967726","30.69187499230703","26.62130018731691","29.34999009690363","28.31930501322012","34.48077651065728","36.31140037860819","32.30604472554287","29.96038601510237","31.69726779889293","33.31467242587835","32.66598224091201","33.02589115053484","33.80654239280098","32.82619800124747","33.89817777868649","34.57615940412831","33.7132441583999","33.68517458626608","33.64599219639688","33.1806788840072","32.81900490285123","33.02956700030974","33.37254743766421"
"IMF.FAD:FM(5.0.0)","BHS.G1_S13_POGDP_PT.A","OBS_VALUE","Bahamas, The","Revenue, General government, Percent of GDP","Annual","Units","","","","","","","","","","","","","","","","","","","","","","","","","","","","","","","","","","","8.752456197111512","9.621207864771781","9.565662909437812","10.46029260953337","11.34879130850226","11.71261872013027","11.35644431474923","11.26845670887914","11.60653972213645","11.07336258024817","11.65576214042137","11.6809863080292","9.963813903525488","10.16030941030095","10.53772191630625","11.69592602759049","12.80258217470263","12.85619350314398","13.51385808182611","12.83864513309965","12.86209471616261","14.20350036912507","13.71865554098262","13.0509500351724","13.60566276548602","15.07523048480679","16.74731798564292","17.01278941240577","16.16286340224441","18.58955214090669","17.6516746696859","17.02053065842771","20.09795383358468","19.56569680166568","19.76967791723548","20.99413505222578","21.98810600526016","22.06959125054749","21.99314591163607","21.91905538124004","21.84479368119867","21.77092481680348"
"IMF.FAD:FM(5.0.0)","BRB.GNLB_S13_POGDP_PT.A","OBS_VALUE","Barbados","Net lending (+) / net borrowing (-), General government, Percent of GDP","Annual","Units","","","","","","","","","","","","","","","","","","","","","","","","","","","","","","","","","","","","","","","6.275529116820295","5.787572364617242","3.501498140406845","5.152491755720299","5.63264279091631","5.063547867218658","4.678630901646854","3.831264755177443","-4.957518513928926","-2.860578906423746","-2.729816198277979","-2.784876282736354","-3.130899303392629","-4.077903848957358","-3.944255725393779","-6.186152491066483","-7.101162323079636","-3.467832173587073","-6.69452701038494","-8.461456991163816","-6.19574598361674","-7.582248568462579","-4.548936482974668","-3.643881872330005","-0.3211836421380452","2.860391815329686","-4.194204664703678","-3.879529808269083","-1.740134059088226","-1.574027182922031","-0.8364111967413013","-0.3093858209221292","-0.05722324024457432","0.1673493229547119","0.1364377505704314","0.2887691166992065","0.3892765127216896","0.6037956687339944"
"IMF.FAD:FM(5.0.0)","ARE.G1_S13_POGDP_PT.A","OBS_VALUE","United Arab Emirates","Revenue, General government, Percent of GDP","Annual","Units","","","","","","","","","","","","","","","","","","","","","","","","","","","","","","","","","","","16.70686656295299","39.85373470036661","32.90154113707323","28.60559578634409","28.3441435055928","29.72666676363249","28.5208206316513","29.27309892081835","26.83905883640012","25.58619758637066","32.44856842265495","26.43377906980432","20.09491783634008","22.4015996665222","24.1091011048042","31.73094065594278","35.77725561915605","34.78279088897702","39.588661035792","28.87034321830685","30.86944219409527","34.68530757480926","36.37907083270072","36.87646898829674","33.17125454921513","20.05002247966989","28.75297058930375","27.08082546063207","29.52705721690688","29.89918265590922","28.04542998578118","29.89973941778317","32.54584485072522","28.47969100331626","27.82535596835442","27.71840769255066","27.36125323418438","27.76119343192087","28.09243120527892","28.55330175106803","28.68292636116113","28.8794647082646"
"IMF.FAD:FM(5.0.0)","OMN.G2M_S13_POGDP_PT.A","OBS_VALUE","Oman","Expenditure, General government, Percent of GDP","Annual","Units","","","","","","","","","","","","","","","","","","","","","","","","","","","","","","","","","","","36.50863284483693","37.44820312165796","40.1406069031807","40.05496381863252","39.74544974037445","38.24537831933754","33.48292673111558","32.08796047333556","36.12908399358365","34.1717225031031","31.22180610531743","33.27870253826965","34.1375144688183","33.95680426141275","34.07722454721648","30.62687254238166","30.05539514830048","30.72294234552364","25.58654622448026","33.3714668027623","30.58541046442741","34.49487981317648","38.62900764662783","39.29288350905998","41.41533070595199","44.54133381142332","44.61402159935272","39.42849962648014","38.3206352990307","38.77854358674776","44.53827767594366","36.49286464320869","31.09888453651064","27.52739174033318","28.72370316660379","28.90877638393502","26.55740207992704","26.00072930991071","25.11624932618154","24.60053312784022","23.81740724523184","23.05984574235466"
"IMF.FAD:FM(5.0.0)","ABW.G1_S13_POGDP_PT.A","OBS_VALUE","Aruba, Kingdom of the Netherlands","Revenue, General government, Percent of GDP","Annual","Units","","","","","","","","","","","","","","","","","","","","","","","","","","","","","","","","","","","","","","","","25.4981596649321","25.11417004048583","22.88690020348774","21.68753380865148","22.88395256581955","22.25050120650787","21.67299327354921","21.49113013640117","27.0318068522203","20.71361474198041","21.51992379541766","22.28546806303045","21.5739424841925","26.82534766066668","24.25665114223775","26.95667272564578","20.77035551090185","21.80626729382471","23.40640885844318","22.37560055669764","23.89799719952686","23.66406108382371","21.97128913594237","22.22171310735632","23.78975023921368","24.85636804857319","21.21784883435916","22.62202246593715","24.82183513337195","24.45403342330569","23.6718789527791","23.26662967752253","23.1718240941955","23.17440378473111","23.03044504452106","22.8311147302353","22.91256852713831"
"IMF.FAD:FM(5.0.0)","VCT.G2M_S13_POGDP_PT.A","OBS_VALUE","St. Vincent and the Grenadines","Expenditure, General government, Percent of GDP","Annual","Units","","","","","","","","","","","","","","","","","","","","","","","","23.08656993780119","24.06767542996248","24.92271589779732","23.47474850745773","24.72873638081611","23.08115883140407","21.37305312554579","22.2539736119487","23.69529173770001","24.84539935866292","27.64757518396365","23.65841070143095","26.24045204153069","25.93799048000145","22.8024163492329","22.95469573856176","20.25231665217274","21.17322014798211","26.39353345014991","25.39772634870035","25.4693614973341","23.78319929575723","24.39685462752062","25.71075696809062","25.98095289218155","24.8524248584495","26.70133033896733","26.07408475282165","27.12074459051393","28.31908988466019","31.02195466223927","31.0525099955272","29.37298962652593","26.34037282159466","29.4793139607373","30.43036983954631","27.58756736040715","27.05233034555185","26.64166174395208","26.28855678333871","29.13357187147493","32.90638999254027","37.17151869714135","36.60364642093737","39.74606645461231","43.89744543843495","41.03521345031025","40.58146185232478","39.56174283667096","38.71265873779746","37.87435884378572","37.99900137100211","38.12242137772091"
"IMF.FAD:FM(5.0.0)","GRD.GNLB_S13_POGDP_PT.A","OBS_VALUE","Grenada","Net lending (+) / net borrowing (-), General government, Percent of GDP","Annual","Units","","","","","","","","","","","","","","","","","","","","","","","","","","","","","","","","","","","-7.777378241240161","-4.335324179545594","-1.457174928053688","-0.1569815120324212","-2.846063161312372","-0.4607110307727278","-3.018867108796156","-4.939726983407466","-2.393968470837666","-1.700514049852854","-2.071379715681067","-6.052613158269286","-13.89709712502259","-2.814093838982046","-0.5747987603612715","0.9008781134913449","-5.228357103933761","-5.907320575068955","-3.71794183390415","-4.401824724553889","-4.071453438069452","-4.857361769431689","-5.440996999104497","-7.249729786189084","-4.197422554470955","-0.7996884809726886","2.690810810213401","3.016159745702173","4.915150812458066","4.95563596022427","-4.545420459994214","0.3261128540969307","0.9298317942535448","7.940281906952247","6.876967089094213","-5.007106463410534","-5.148427466237856","-0.0875081006974694","-0.01283539711041709","0.03514640859985455","0.3327290321272124","0.3568701820322373"
"IMF.FAD:FM(5.0.0)","HTI.G1_S13_POGDP_PT.A","OBS_VALUE","Haiti","Revenue, General government, Percent of GDP","Annual","Units","","","","","","","","","","","","","","","","","","","","","","","","","","","","","","","","","","","","","","","","","","5.828699768522272","5.609252519510037","5.365848223915796","4.889847851535078","4.557777447900287","4.841026977013727","5.589771348092919","6.033428468374392","7.919281429722901","8.762465238934048","9.595314207289434","9.409790466685619","9.55531638551978","11.14054291676111","12.69994809686814","13.7234488510566","11.88245849707817","10.98838609705117","11.27529103013081","10.66462985320747","9.920365605589808","10.13617356057787","7.593454585595007","7.90854093701171","6.964434669160312","6.571178704559115","7.224727558028192","12.20981085372677","5.968084267811294","5.100219944757665","4.961161350948937","5.191619551600599","5.466490451347657","5.792051487063104","6.276122455596601"
"IMF.FAD:FM(5.0.0)","OMN.GNLB_S13_POGDP_PT.A","OBS_VALUE","Oman","Net lending (+) / net borrowing (-), General government, Percent of GDP","Annual","Units","","","","","","","","","","","","","","","","","","","","","","","","","","","","","","","","","","","4.77674191243706","0.1162516738821275","-4.850235266529538","-6.83605805472484","-7.46525978923802","-3.899660920956092","2.218175207297626","4.772836992398054","-4.370520118044707","0.3031503851008476","12.16018857998077","7.545100948909616","5.313599999634372","5.919615811704609","5.430009891692938","11.20937703930214","12.22642039851196","10.48921108524459","14.65579960809266","-0.2706533592468006","4.945638423135723","8.238659073773951","4.073352343367212","2.777717489251237","-1.576854715337043","-13.47358692422534","-19.62238116586331","-10.45923863973024","-6.719240597454342","-4.830049320824307","-15.67329271693808","-3.173103570482075","10.34779167272403","6.719776716121565","3.221367488973933","1.039563345979414","5.243780929555246","4.296763787042821","4.655230221701517","4.543872061455013","4.737042356234887","4.619450274793482"
"IMF.FAD:FM(5.0.0)","MEX.G2M_S13_POGDP_PT.A","OBS_VALUE","Mexico","Expenditure, General government, Percent of GDP","Annual","Units","","","","","","","","","","","","","","","","","","","","","","","","","","","","","","","","","","","22.90165367921545","20.10365707146201","19.0217044854115","18.24116428001416","18.93710459254535","18.85444863875995","20.80473889822783","20.73740115564353","19.47820534525562","20.13694673144827","19.3865156815472","19.54657541763887","19.76748163067203","21.50518384505909","20.45922949256515","21.15592910549135","21.57656775033783","22.52100643693193","26.50197645810725","26.51652505831488","26.48212491671147","26.62207165393828","26.9996573172696","26.66851033426808","26.9494167465074","26.55737484394921","26.5225210161396","25.01818012346086","24.96973659211772","25.26301573868429","27.78283573600517","26.68385467990527","28.5091306860148","28.58223894428037","30.75924682989039","29.84321333130342","29.54644890066257","28.7101131446593","28.20558137070453","28.21744339803526","28.23737267978679","28.23737267978676"
"IMF.FAD:FM(5.0.0)","PRI.GNLB_S13_POGDP_PT.A","OBS_VALUE","Puerto Rico","Net lending (+) / net borrowing (-), General government, Percent of GDP","Annual","Units","","","","","","","","","","","","","","","","","","","","","","","","","","","","","","","","","","","","","","","","","","","","","","","","","","","","","","","","","","","-3.072553486819372","-2.116274047709564","-1.842948010687706","-1.109352916882818","0.02476277263812675","1.898673972185758","-0.5507558348120352","-0.2574544333841352","1.789295323324874","0.3269271383315734","-0.5379783298832261","-0.4181003801359001","-0.3914358756832849","-0.3522974956908341","-0.5523624699337242","-0.1659949251886768","-0.1536073110982332","-0.1416633684525349"
"IMF.FAD:FM(5.0.0)","ATG.GNLB_S13_POGDP_PT.A","OBS_VALUE","Antigua and Barbuda","Net lending (+) / net borrowing (-), General government, Percent of GDP","Annual","Units","","","","","","","","","","","","","","","","","","","","","","","","","","","","","","","","","","","0.1230909681711978","-3.910269959314391","-0.8117567630881751","-2.44535677693241","-4.332788580449245","-3.890718828688542","-1.611182976309934","0","-1.620369469103323","-3.076307476606515","-4.503027543768061","-8.575683640437301","-8.829396928882199","-7.321957794731764","-3.901426550563136","-4.294279789578633","-6.624500472786882","-4.978751869588464","-4.715658408609412","-15.80093640646036","-0.244920259878364","-3.090442775721733","-0.974524713062932","-3.829145195185507","-2.60145041711117","-2.417591975688819","-0.1402696736273381","-2.717072495662519","-2.429782411566317","-3.640187399002662","-6.226772466954573","-4.519801457322909","-2.857451473412562","-1.658025561028911","1.646326964243506","3.140643477407336","-0.6490804084261212","-1.149109602368467","-0.9817362593287396","-0.959517996981304","-0.9578565897927776","-0.945569961063754"
"IMF.FAD:FM(5.0.0)","BRB.G2M_S13_POGDP_PT.A","OBS_VALUE","Barbados","Expenditure, General government, Percent of GDP","Annual","Units","","","","","","","","","","","","","","","","","","","","","","","","","","","","","","","","","","","","","","","15.90121103162571","17.30205287524861","19.06669005076779","19.58541179387415","17.75905343992821","18.47790695526258","19.69371363934241","20.70390018001154","29.12168833470517","27.70107946745132","26.19387595494491","26.37949155456568","24.97406484492918","26.12236296639356","27.05980135070471","27.82185770402733","27.96049597158278","26.46928901774182","28.91287009874111","29.06054594553937","27.35480302200598","29.16721837390433","28.61766092891556","27.97657544859283","25.0241184507301","22.20928419518789","30.57411977831786","27.12283588781649","26.91200514069991","26.45285253033916","28.08139474794703","26.97265878400036","26.17741580229437","25.99040789276386","26.02214509187228","25.88323562869767","25.77307526495302","25.5585561089407"
"IMF.FAD:FM(5.0.0)","DMA.GNLB_S13_POGDP_PT.A","OBS_VALUE","Dominica","Net lending (+) / net borrowing (-), General government, Percent of GDP","Annual","Units","","","","","","","","","","","","","","","","","","","","","","","","","","","","","","","","","","","-4.660494413386206","-2.986979706492519","-2.224141230496869","-1.409127134355478","-3.353896107020076","-2.879505653882495","-1.589809224865188","-2.239694424324286","-5.990071654392115","-9.175732019223264","-8.661372259513586","-6.543657452393623","-4.070960477635134","0.8495770882085497","-0.6734069927932504","0.9471190531483913","2.927852326801498","1.798237824678196","0.7000792903010939","-0.3093183137372586","-3.382658635196009","-4.401745506123919","-5.414064759653596","-2.882743763233669","-5.544607771320873","11.37939590491443","11.59325507367836","-3.266134092924947","-17.18501743760123","-8.719094477965896","-7.530104771110466","-8.222459092702044","-7.179052242864537","-4.524722008804655","-6.75366703036645","-1.34894889462555","-1.033345609591987","-0.993246228389231","-0.8622278121580016","-0.5478546125583101","-0.04874556841262424","-0.007072261010690908"
"IMF.FAD:FM(5.0.0)","KNA.GNLB_S13_POGDP_PT.A","OBS_VALUE","St. Kitts and Nevis","Net lending (+) / net borrowing (-), General government, Percent of GDP","Annual","Units","","","","","","","","","","","","","","","","","","","","","","","","-6.608132637916111","-6.467691309754185","-4.443667418626943","-4.595216077474765","-3.997052532718308","-4.777124632794009","-8.410957746743302","-4.264632352047615","-15.22696372775947","-7.510128457166518","-2.992825718543785","0.6201652990871677","0.9187209653462755","0.4983406300103188","0.2435539104424065","0.7907979944020659","0.8985691342397609","-2.266621330791457","-2.332756858783681","-5.127970127087914","-11.11867725278273","-12.84084681586393","-10.38595371693929","-11.27286193188561","-5.493703429937624","-6.34354738816455","-3.288531077383718","-1.313939444465915","-0.989901305086584","-1.569417445838689","-1.22657922801589","-4.145403652334148","1.597043578926252","4.197721288844003","10.66595225093883","8.334041226420123","5.658015056543151","3.76532147031326","1.681359204878257","1.821488531456233","-0.7144901658416364","-3.116175593143161","5.50339661851559","-4.234505919868844","0.2065306683610413","-11.29577319519036","-11.71188258096548","-8.666785606442509","-7.51268242484226","-5.590812500180902","-5.739348920485711","-5.875484599199425","-6.003256002913326"
"IMF.FAD:FM(5.0.0)","HTI.G2M_S13_POGDP_PT.A","OBS_VALUE","Haiti","Expenditure, General government, Percent of GDP","Annual","Units","","","","","","","","","","","","","","","","","","","","","","","","","","","","","","","","","","","","","","","","","","5.455950623963541","5.398618112268946","6.909695227324787","6.246705655262665","6.105663536072018","6.6413068167188","7.825826780465316","7.376553360266807","8.748707233560903","9.671148741501241","11.14046899512227","11.20882343908346","11.55147865478511","12.63796419568293","14.12979288513214","16.43529060587915","15.85806704746944","14.62895575389132","12.74758000886321","10.54810508467874","10.23625063749612","11.262653900107","9.588001201703049","9.864507473082125","9.418424104149683","8.325492131864851","6.457037790852947","5.249278581563649","6.191107372446343","5.802988836618442","5.604881436949739","6.436772398109227","6.8934159377669","7.239118246588957","7.772932261989517"
"IMF.FAD:FM(5.0.0)","PRI.G2M_S13_POGDP_PT.A","OBS_VALUE","Puerto Rico","Expenditure, General government, Percent of GDP","Annual","Units","","","","","","","","","","","","","","","","","","","","","","","","","","","","","","","","","","","","","","","","","","","","","","","","","","","","","","","","","","","22.5142328919292","21.51341092999792","20.97550382203942","21.92638199247917","22.12892227993017","21.06832682323907","21.36215105060554","21.22596642208367","20.57118663571195","22.1727560718057","22.09525474505628","22.93071139675401","22.54438107771949","22.0658163364825","20.28312832611703","20.00021735251773","19.73933732960434","19.48188240514035"
"IMF.FAD:FM(5.0.0)","TTO.G1_S13_POGDP_PT.A","OBS_VALUE","Trinidad and Tobago","Revenue, General government, Percent of GDP","Annual","Units","","","","","","","","","","","","","","","","","","","","","","","","","","","","","","","","","36.00656403445797","26.39992238644198","26.55533879689611","29.77178727826225","26.03414158551209","27.51851234048219","26.45957728011547","26.90363834784496","27.70082013302173","27.52563154380419","25.42255069602925","23.92284112512059","24.26204716855168","25.83946657087551","24.36353345937684","25.35857308595933","25.25569152767425","30.37324893594029","34.27535247185141","30.01787547418695","33.89959325343045","28.51537614107908","31.65698964651327","29.71273843412979","28.61118434706092","29.04646000457813","28.65700799056842","26.76160122040374","21.38784731901069","20.48775607026532","24.31360592775511","27.28577859762854","23.27460494605142","22.99647249145338","29.22265552085443","31.22811030112896","26.31400014037958","26.89623274151643","30.15978974458534","31.33422890897285","31.77838365325052","31.05454491941315","30.92702607307955","30.74536814667159"
"IMF.FAD:FM(5.0.0)","BHS.G2M_S13_POGDP_PT.A","OBS_VALUE","Bahamas, The","Expenditure, General government, Percent of GDP","Annual","Units","","","","","","","","","","","","","","","","","","","","","","","","","","","","","","","","","","","11.39642732977213","11.89044112169337","11.79614306944958","11.51154439710061","11.74896089394421","11.53234560223356","11.51044810169279","12.87249601834514","12.03414540812237","9.295040191368748","11.5627313782113","11.37862513126149","11.63179494392506","11.78900591251141","12.48506210532434","12.85093322248688","13.24114654359205","13.62923858017766","14.33821110536018","15.22658639477908","15.43206716706989","17.07185263658931","16.97143712648772","18.14916713793606","18.11716242990716","18.41189627046786","19.35756585977756","23.06304132447047","19.44627058919839","20.26954671879903","24.76075471225297","28.9229963281024","25.62368236011488","23.22024952221362","20.96999187931348","21.48170256677141","22.30140968951427","22.40716357163044","22.26626272535053","21.81061176808015","21.68398924749693","21.52122647804191"
"IMF.FAD:FM(5.0.0)","HND.GNLB_S13_POGDP_PT.A","OBS_VALUE","Honduras","Net lending (+) / net borrowing (-), General government, Percent of GDP","Annual","Units","","","","","","","","","","","","","","","","","","","","","","","","","","","","","","","","","","","-2.150641075676049","-2.15583584312796","-1.490039285119901","-5.208621104878285","-0.9719718044883584","-0.2443089626892496","0.1267396293855948","0.08010604735965876","2.893287967646015","1.381249700244111","1.508103362968453","-3.118870877802437","-5.015399322747676","-5.093454515342835","-2.475410019394703","-0.03265226273498292","-1.355423713489684","-0.2537480567458102","-0.2666666662722561","-4.864851900094619","-3.371280219294788","-2.942645813075601","-3.483095591837188","-5.478633806784283","-2.810789824693181","-0.7811032466755371","-0.3973645844093596","-0.4077543836145549","0.1972099171238459","0.08912880564340379","-4.584398533133824","-3.166575924180913","1.571418422722539","-1.964272742671816","-1.11765558873807","-0.743996626406624","-1.45311690102128","-1.087632466363936","-0.8512859320980573","-0.6770771453154615","-0.6257305504401955","-0.6454026150419082"
"IMF.FAD:FM(5.0.0)","ATG.G2M_S13_POGDP_PT.A","OBS_VALUE","Antigua and Barbuda","Expenditure, General government, Percent of GDP","Annual","Units","","","","","","","","","","","","","","","","","","","","","","","","","","","","","","","","","","","18.127794884491","20.76040691946009","18.68764013662294","19.42648020470317","21.15293647227964","20.98563027192925","19.57059246978753","16.75681165340353","20.65999041797386","20.30254581310922","21.09221310226044","24.18324865126013","26.33034515248366","24.24939282072918","21.93005506858312","21.54054282171053","26.02760248930998","23.81900374150854","23.20864290795909","32.07787892168634","19.96268763157745","21.08582355089457","18.53179783947245","20.69897153099887","20.85748626389197","24.83190982268803","23.78032041543538","22.55011264179764","21.53874611591728","22.10894438154657","25.97713544112168","23.38580988085276","20.81037629666488","18.35335165865497","20.22542967424183","19.25953359154252","22.29499859099182","22.16577735450602","21.89948130553844","21.76167484003108","21.66027676674009","21.53634578844709"
"IMF.FAD:FM(5.0.0)","HND.G1_S13_POGDP_PT.A","OBS_VALUE","Honduras","Revenue, General government, Percent of GDP","Annual","Units","","","","","","","","","","","","","","","","","","","","","","","","","","","","","","","","","","","17.23220876488037","18.62026368298874","20.15492312770596","19.3227178094702","18.05683438989775","16.96832073984991","18.7926337304234","19.47319717523664","22.31249773774701","24.70177749749121","23.60694778552818","21.94691360568928","21.79335587800306","21.34784459677785","23.06856260605247","23.57693497142898","23.038279915625","24.19499209829998","26.14236796360596","23.48679034354368","23.09194159285961","22.96920895005456","22.87297188080703","22.49754698314421","23.58142876971489","25.2407869363111","26.98519820716327","26.45014745926872","26.35333916114798","26.02824460286819","23.84340473240207","25.63529374144438","25.61297130067521","25.2553799009688","24.54654775334501","24.18214723232074","24.00583273438095","24.1595485240319","24.32415224456237","24.46915402675794","24.47195115524665","24.49452345867163"
"IMF.FAD:FM(5.0.0)","PRY.G2M_S13_POGDP_PT.A","OBS_VALUE","Paraguay","Expenditure, General government, Percent of GDP","Annual","Units","","","","","","","","","","","","","","","","","","","","","","","","11.74143705446547","11.62098894357029","13.28686499158559","13.15343287495589","13.04691576724666","13.00898436938197","11.3793629080731","9.254715221973925","10.14954485032607","9.751276485466695","11.83084493864066","10.53720605241264","11.3749588779314","12.97124090032935","12.93134649244976","14.47988362202685","15.72264622282219","16.91768530174993","18.05181249922364","17.95769478161157","19.19460621312462","19.62031894836349","19.03959728339444","17.64164069044772","14.59629249495203","14.01339332410324","14.04353962629256","14.08169408716385","13.0852029415958","11.82677591752258","14.2597926704899","13.33287430540247","14.70654253252213","17.58323740747125","17.07810482581908","17.1353275805294","17.9775790119417","17.69919986588246","18.05689623331635","18.48811271652524","20.12087989650724","22.63188474943473","20.45433049766322","20.21412868816411","21.46477961903399","20.86241993259521","19.6091810143724","19.27642694764278","19.34274597312364","19.41211594492371","19.49042103738409","19.64981267143276","19.61660842527345"
"IMF.FAD:FM(5.0.0)","GUY.G2M_S13_POGDP_PT.A","OBS_VALUE","Guyana","Expenditure, General government, Percent of GDP","Annual","Units","","","","","","","","","","","","","","","","","","","","","","","","","","","","","","","","","","","","","","","","","","20.88173213572668","19.66075348077195","17.61906824679561","22.87856664177998","24.01943022010443","23.11040302926579","23.50060168037401","23.66115650589363","28.37389340809603","28.99928080480653","25.47674649641382","24.13906639047568","25.36228240725188","23.92258570884107","23.51355243150576","21.84610213062061","21.40991678760937","23.09797839030421","21.74010974221238","25.1826017483255","26.30410576944229","27.5542017100013","28.12646839668015","30.54445029391053","24.78090224866673","20.38627003887007","23.70071563840223","23.34609855005532","23.91454194531538","22.44159553381242","20.82081215802662","20.21033748715537","20.69130758374335","20.49194670336091","19.14082781772179"
"IMF.FAD:FM(5.0.0)","KNA.G1_S13_POGDP_PT.A","OBS_VALUE","St. Kitts and Nevis","Revenue, General government, Percent of GDP","Annual","Units","","","","","","","","","","","","","","","","","","","","","","","","41.80316231652108","40.91462802681278","28.85366403505971","24.42723184820042","24.97872097285969","20.41335727607762","19.76985796790094","21.05793582553344","23.52477459843253","21.123598642237","21.05031495989254","19.92806664109007","19.13375192748706","20.27854001670571","21.5689640421355","23.03884962931993","24.5880157514326","24.56966143400701","23.95472797509578","24.0084606828137","22.47112357343866","20.50756433496535","19.10725079314794","22.80994126023496","24.47499116921332","26.03533155558053","29.76144328377471","29.93363832754537","29.91841850568361","27.95919748889422","29.14439835276222","27.01129830208738","31.86735153211797","30.62000410734271","38.60809414314123","35.70442609671684","34.70399170231907","29.82362319950992","27.21290689393598","36.0491030116273","37.21974442904529","34.12450972113428","47.4538001963635","46.12083186292111","43.91855359920811","33.05732926503115","30.71109733904003","32.15908629768365","32.65908626233755","33.15908626162638","33.15908626203847","33.15908626213181","33.1590862618026"
"IMF.FAD:FM(5.0.0)","PAN.G1_S13_POGDP_PT.A","OBS_VALUE","Panama","Revenue, General government, Percent of GDP","Annual","Units","","","","","","","","","","","","","","","","","","","","","","","","","","","","","","","","","","","","","","","30.87238750475474","31.9428460295171","27.08839467176542","26.17066416258559","24.69100139867323","24.50639733513262","26.89832700151336","24.73339174182245","24.06501219248449","23.26793922504417","19.87191780207578","20.89881791615346","22.95157511870406","25.34968011692057","23.40625651392468","22.03753912658304","22.73691850253306","21.74892660676131","21.6687215244286","21.19234655554922","19.8825114177985","19.18849019442907","19.48934511632762","19.34159337450114","18.94885423458314","17.74574236223813","17.34003963061176","17.3018162640096","17.36639747429595","17.48183179072982","16.87937092402568","17.26060500196157","17.96183484264021","18.23760575123614","18.5034314565834","18.89737037804739","19.16487028149078","19.43883253830588"
"IMF.FAD:FM(5.0.0)","NIC.GNLB_S13_POGDP_PT.A","OBS_VALUE","Nicaragua","Net lending (+) / net borrowing (-), General government, Percent of GDP","Annual","Units","","","","","","","","","","","","","","","","","","","","","","","","","","","","","","","","","","","","","","","","","","","","","2.15392577687343","0.3405288370427202","2.068782853301673","1.296053106173431","1.694838845323362","1.715671021226495","1.362800071783034","1.87943457040438","0.2668703950569689","-0.895869184466275","0.6916806516710392","0.5910224054839365","0.223491733251487","-0.299480374034257","-0.8925527460678766","-1.636672470562357","-1.923843989604584","-1.754645501090812","-4.345981954297694","-1.12179742414969","-2.570156526257329","-1.256921263502718","0.6471711880916159","2.296119867939201","2.250845087017279","2.09860722784049","1.383728601261136","1.583428018462294","1.811505958588778","2.010785058536482","2.014757837605845","2.116845538119445"
"IMF.FAD:FM(5.0.0)","BLZ.G2M_S13_POGDP_PT.A","OBS_VALUE","Belize","Expenditure, General government, Percent of GDP","Annual","Units","","","","","","","","","","","","","","","","","","","","","","","","","","","","","","","","","","","","","","","","","19.90527612692449","19.93026727581107","20.91939335082554","23.59202005746976","23.16012896415673","25.85670783341036","24.37759146874169","24.55900801229174","21.70312018223378","21.40085609780547","21.1672310008859","22.05756132198423","21.77574563243715","23.18017959763056","23.30413447878281","23.47278086297647","22.05640525865284","23.80778209156568","24.81624246292499","27.94761982427403","27.66165710143633","27.6689939424818","26.93073404953323","27.53220144045498","33.15336353773414","25.73282293576853","23.42408095182344","25.79271617251765","26.75269254229614","25.86860960668452","26.05526856274053","26.27330545054739","26.11549589942289","25.74543098929176","25.59766682110196","25.5564341775092"
"IMF.FAD:FM(5.0.0)","BHS.GNLB_S13_POGDP_PT.A","OBS_VALUE","Bahamas, The","Net lending (+) / net borrowing (-), General government, Percent of GDP","Annual","Units","","","","","","","","","","","","","","","","","","","","","","","","","","","","","","","","","","","-2.64397113266062","-2.269233256921585","-2.230480160011764","-1.05125178756724","-0.4001695854419474","0.1802731178967123","-0.1540037869435639","-1.604039309465993","-0.4276056859859155","1.778322388879419","0.09303076221006452","0.3023611767677177","-1.667981040399573","-1.628696502210461","-1.947340189018092","-1.155007194896385","-0.4385643688894203","-0.7730450770336831","-0.8243530235340667","-2.387941261679433","-2.569972450907281","-2.868352267464241","-3.252781585505098","-5.098217102763659","-4.511499664421141","-3.336665785661073","-2.610247874134635","-6.050251912064696","-3.283407186953983","-1.679994577892341","-7.109080042567077","-11.9024656696747","-5.525728526530206","-3.654552720547938","-1.200313962078004","-0.4875675145456344","-0.3133036842541061","-0.3375723210829571","-0.2731168137144585","0.108443613159889","0.1608044337017435","0.2496983387615715"
"IMF.FAD:FM(5.0.0)","GUY.GNLB_S13_POGDP_PT.A","OBS_VALUE","Guyana","Net lending (+) / net borrowing (-), General government, Percent of GDP","Annual","Units","","","","","","","","","","","","","","","","","","","","","","","","","","","","","","","","","","","","","","","","","","-1.69840146155174","-2.669595173431039","-0.4690132434278561","-2.27328421522715","-3.707531666262218","-2.419074747429262","-4.810227432139277","-2.879763767694549","-6.539737828029978","-6.162604353366469","-3.353008225428198","-2.775227520505399","-2.499213169209824","-1.879462026122912","-2.134031976397912","-3.111140107386721","-2.16288016561866","-3.876291654940955","-0.7488883438837109","-3.212492523293438","-3.135258345277997","-2.519039715109323","-2.516896620403995","-7.781795604694514","-6.938519243809339","-5.099118941470138","-5.619828082819075","-7.270877626984166","-5.371538809568135","-6.407333104214764","-3.830837539003855","-4.189564755778942","-3.335549349561214","-2.216890608966891","-1.099196392307916"
"IMF.FAD:FM(5.0.0)","SLV.G1_S13_POGDP_PT.A","OBS_VALUE","El Salvador","Revenue, General government, Percent of GDP","Annual","Units","","","","","","","","","","","","","","","","","","","","","","","","","","","","","","","","","","","15.26444443012707","16.22995628696146","16.46324327975352","17.09211289898975","17.96589409415353","18.38701776098239","18.33256741836809","16.65240635948764","16.34757210950418","16.56794903178897","17.51729037335643","16.73026158044063","17.00527198328147","18.39625367580204","18.73796306178255","18.95584250154845","19.99589199220138","20.50306302974825","20.74778229878957","19.31237448901424","20.62443623749295","20.80538853411425","23.57478689958541","24.03732946143104","23.59084033948057","23.47544219874137","24.35742742807348","25.56379892594604","24.89983636259001","24.7107481276422","24.5608656729474","25.55797230119777","25.97650648075786","25.83807009077121","26.8122404764256","27.41228957725282","27.57757714077742","27.7178626491948","27.68177971755472","27.69840529201612","27.71111802042738","27.71541460022832"
"IMF.FAD:FM(5.0.0)","ABW.GNLB_S13_POGDP_PT.A","OBS_VALUE","Aruba, Kingdom of the Netherlands","Net lending (+) / net borrowing (-), General government, Percent of GDP","Annual","Units","","","","","","","","","","","","","","","","","","","","","","","","","","","","","","","","","","","","","","","","-0.8336167872403435","-2.34348987854251","-2.102130421781211","0.1139327569257817","0.08559492964871377","0.6449360067750516","-0.8353281832809078","-3.168731839280121","1.896116710759341","-8.530897957879136","-2.957016451283025","-2.541460391534686","-1.045858065695273","1.465952186415679","-2.631133596862155","-3.486737703779583","-6.428933759981431","-8.954924813451528","-6.047696680285477","-7.458533518899215","-1.475285585978031","-1.454977313656562","-2.587020088351427","-2.641023441531025","-0.2461319801818224","-16.80475933442439","-9.867626391070466","-0.495905418460075","3.003906560324209","3.687400429599024","1.862396273811434","1.86525490514862","1.063772890022719","1.064054683741522","1.062617806491466","1.062154752655433","1.086750995950393"
"IMF.FAD:FM(5.0.0)","PRY.G1_S13_POGDP_PT.A","OBS_VALUE","Paraguay","Revenue, General government, Percent of GDP","Annual","Units","","","","","","","","","","","","","","","","","","","","","","","","15.87387053357667","15.02511481853592","13.43664157944669","14.6752582534407","13.31609538945826","12.58808857746609","12.22863193252613","12.33040965772343","12.82788581999234","12.76036618632919","17.31211848196896","18.0983937292831","14.78327458499349","16.06976219574774","17.19808635006436","19.06714285907134","18.50274079104715","19.34936180960735","21.05659257231565","22.2362334855686","21.86536606961032","19.0730417768037","19.11345612614652","15.74844161747922","14.52925410151801","15.34819377118709","14.78174729543448","14.99300129500052","14.35970075834449","14.1191935508736","14.84742962894641","14.87126794043821","15.99170437557101","17.00066906360934","15.92096901986274","16.86418199030733","17.54082388725735","17.32548836887143","17.61819970732589","17.47381417629182","17.67906697988164","16.91259884357887","17.06082288330149","17.56882027865295","17.65729683040828","18.75762368423911","17.92132536368823","17.94903367252209","18.06281823093351","18.07193545268086","18.10615617394329","18.21715592072092","18.19516661251317"
"IMF.FAD:FM(5.0.0)","GRD.G1_S13_POGDP_PT.A","OBS_VALUE","Grenada","Revenue, General government, Percent of GDP","Annual","Units","","","","","","","","","","","","","","","","","","","","","","","","","","","","","","","","","","","21.19567967823991","22.49553598916323","20.33824677883525","22.97334353668304","21.90297539302802","22.78150075227034","23.23253468394808","21.62998507899633","22.90629566192642","22.04113936208632","23.53756752529549","23.51307855821235","21.84908406504397","25.89279871937609","24.14956987998689","27.46578675685752","27.1354220854603","21.75623376357734","24.18043672358013","22.75501716496033","23.90942513138048","23.46506829007263","20.77623805006936","20.86567850838018","24.49404477554205","24.46102830351571","26.21760794423726","25.60203397667264","26.99163574496998","26.59985887509133","28.13735086543069","31.58702972752607","32.93170883835247","36.60664741734597","45.18319430452386","34.12499430293861","31.72309345894426","31.12625916329866","30.93951304984309","30.78842554815534","30.64424458542665","30.64424458542656"
"IMF.FAD:FM(5.0.0)","MEX.GNLB_S13_POGDP_PT.A","OBS_VALUE","Mexico","Net lending (+) / net borrowing (-), General government, Percent of GDP","Annual","Units","","","","","","","","","","","","","","","","","","","","","","","","","","","","","","","","","","","-3.110797560121743","1.491744773796413","2.259255307243282","-1.51424578355274","-2.254819334526537","-2.277885391779713","-3.655445427024504","-3.476322636409779","-4.4914227205302","-4.489359475911623","-2.685229686181304","-2.572843133898028","-2.181311588119969","-2.244053270823787","-1.346255605909949","-1.433870678449883","-1.225888788714612","-1.458330689254058","-0.6813005076330579","-3.935327101044508","-3.803803612348286","-3.2041277145059","-3.565958123152506","-3.559062112180958","-4.37129522549464","-3.858790722798663","-2.681409148286687","-1.034047856078464","-2.138586468126507","-2.265984257557786","-4.290094361462326","-3.746692439040485","-4.322423235611305","-4.297756184198199","-5.777243732008571","-4.858756804518035","-4.373028072868636","-3.499999999999976","-3.000000000000138","-2.999999999999903","-2.99999999999994","-3.000000000000067"
"IMF.FAD:FM(5.0.0)","GTM.G2M_S13_POGDP_PT.A","OBS_VALUE","Guatemala","Expenditure, General government, Percent of GDP","Annual","Units","","","","","","","","","","","","","","","","","","","","","","","","","","","","","","","","","","","","","","","","9.774944533264335","9.852067746793295","11.18621206008191","13.15902516852882","14.58160386390202","13.58171279761375","13.76038976990467","13.14761836887026","14.36736745692697","12.86421876186427","13.24476049044152","14.16728467118191","13.90581603558886","13.26043999242785","14.10023897162794","14.46782697330293","14.4878762150339","14.15090524641576","13.9940682773912","13.59603806208803","12.58159511084028","12.56576024677797","12.77754783361322","13.18730556539542","13.4410777280216","15.5849893318631","13.46918153887369","14.26696955950086","13.73190541812746","13.37703640226456","14.73709938325908","15.02287412109232","15.32181523882989","15.32727562653703","15.22860484165177","15.22039849063432","15.16128840128679"
"IMF.FAD:FM(5.0.0)","HND.G2M_S13_POGDP_PT.A","OBS_VALUE","Honduras","Expenditure, General government, Percent of GDP","Annual","Units","","","","","","","","","","","","","","","","","","","","","","","","","","","","","","","","","","","19.38284984055642","20.7760995261167","21.64496241282586","24.53133891434849","19.02880619438611","17.21262970253916","18.6658941010378","19.39309112787698","19.419209770101","23.3205277972471","22.09884442255973","25.06578448349172","26.80875520075074","26.44129911212069","25.54397262544718","23.60958723416397","24.39370362911468","24.44874015504579","26.40903462987822","28.3516422436383","26.46322181215439","25.91185476313016","26.35606747264422","27.97618078992849","26.39221859440807","26.02189018298664","27.38256279157262","26.85790184288327","26.15612924402413","25.93911579722479","28.42780326553589","28.80186966562529","24.04155287795267","27.21965264364062","25.66420334208308","24.92614385872736","25.45894963540223","25.24718099039584","25.17543817666043","25.1462311720734","25.09768170568685","25.13992607371353"
"IMF.FAD:FM(5.0.0)","GTM.G1_S13_POGDP_PT.A","OBS_VALUE","Guatemala","Revenue, General government, Percent of GDP","Annual","Units","","","","","","","","","","","","","","","","","","","","","","","","","","","","","","","","","","","","","","","","9.246834627664677","9.889134401429838","10.39634097447048","10.86769252987024","11.61969617422963","11.70508376648995","11.7570436633216","12.11541786936879","11.89873465208538","11.8166039723132","11.57464132326902","12.28879700980045","12.50280440880043","11.6906283437949","10.98023547904027","11.19057292734179","11.68376545298449","11.7346557238064","11.83024745885293","11.67475607632581","11.10948293928118","11.4556712913847","11.39336649590085","11.30678000290739","11.20503556974956","10.67542707813084","12.30706957096047","12.57182938393752","12.48032458920808","12.41669950496622","12.82433416200259","12.85556498300841","12.79633115737168","12.78474419171808","12.76317683282588","12.73148030875651","12.71492674401402"
"IMF.FAD:FM(5.0.0)","BHR.G1_S13_POGDP_PT.A","OBS_VALUE","Bahrain, Kingdom of","Revenue, General government, Percent of GDP","Annual","Units","","","","","","","","","","","","","","","","","","","","","","","","","","","","","","","","","","","25.57450094606573","25.06796332094507","23.99350894029999","23.928937396081","20.95912625161354","21.08138635257849","22.92004836070933","24.60156188705906","20.20556363680095","22.21968151299039","29.48079680827834","27.23551704945651","27.3077670991087","26.38724920346285","25.22987888838699","26.70216530648102","25.37440896818542","23.92084978602426","26.76592665080909","19.23421480762182","21.78759154880668","25.26609491702029","25.34748527861424","23.40609091202171","23.96600494704565","17.38524331555831","16.6979055604742","17.30653050253771","20.79378590306475","22.66530933410661","17.28323098787008","20.05875588046825","22.3826608988755","19.35672171228815","17.88842029832988","16.42693948818747","19.99206718668448","21.12045267547242","21.35912458596039","21.50090356016421","20.92923212781229","20.17459866361844"
"IMF.FAD:FM(5.0.0)","BLZ.GNLB_S13_POGDP_PT.A","OBS_VALUE","Belize","Net lending (+) / net borrowing (-), General government, Percent of GDP","Annual","Units","","","","","","","","","","","","","","","","","","","","","","","","","","","","","","","","","","","","","","","","","-1.762220464093429","-1.807476236522755","-2.689487133586848","-6.512118742821997","-6.682499695100357","-7.234462036727264","-5.406545588171023","-8.411273662724874","-4.52191922805345","-3.7030423333183","-2.270219272877104","-0.1872006750802926","1.253341931781295","-2.463511282506021","-1.903363525949149","-1.05577430319715","-0.2236792171570918","-1.208390503625943","-1.723727590170324","-5.143062908200159","-4.472746360036143","-3.480947649644144","-1.366477479629438","-2.90225272768362","-8.566631019230829","-3.290641573807473","-1.043235873838408","-2.424285169243894","-1.515069671807193","-0.9603423654776547","-1.498635305505943","-1.786295820393972","-1.639554477049063","-1.275992419766969","-1.128227844548655","-1.08699558250333"
"IMF.FAD:FM(5.0.0)","SLV.G2M_S13_POGDP_PT.A","OBS_VALUE","El Salvador","Expenditure, General government, Percent of GDP","Annual","Units","","","","","","","","","","","","","","","","","","","","","","","","","","","","","","","","","","","15.87739074419857","18.53458770755172","20.75205799708817","18.50858513355547","18.90893848179594","18.56388498293468","21.03495780621074","18.62477772653674","19.28749808908272","19.65040143327764","20.96279306474443","21.67533252244658","22.5092954155322","22.62643006837271","21.49759034757712","22.42841933646253","23.41228602072485","22.82699821340614","24.54825567053097","25.9580192033117","25.59063661701551","25.27524425553288","27.38271813114741","28.49452418404106","27.60832815235509","27.10758383916907","27.46162590155238","28.09202338237441","27.60578139878507","27.78111679246561","32.70538044130316","31.08843455815769","28.66032745424559","30.52451726168505","31.36178115344506","30.23042492284159","29.56997123077473","29.64498030211436","29.94117678543637","29.70402095826091","29.5376073839731","29.15216775126855"
"IMF.FAD:FM(5.0.0)","DMA.G1_S13_POGDP_PT.A","OBS_VALUE","Dominica","Revenue, General government, Percent of GDP","Annual","Units","","","","","","","","","","","","","","","","","","","","","","","","","","","","","","","","","","","26.81982634118477","25.968768923659","25.14515224478404","23.76630919387178","23.83465512120005","25.87375767579598","26.86773375712322","25.91046699665648","27.05157123316212","26.0256050362911","29.85657215672731","23.07644419520875","24.54043421594776","30.95614516421282","29.57578007058896","31.90440927638528","32.61902737175698","35.86220478751223","35.44064713278492","35.59939133949308","36.04459679460928","30.81521256754323","30.75798436982085","30.55930074552091","27.16273563687765","43.77249923569456","59.62812145842963","50.7136630337879","46.2465322153171","39.56184623830913","59.22971224699762","58.77162292714789","62.51442113462028","60.30607477360307","60.64785310833181","54.06162554213761","46.5515481289079","41.546786558357","41.35702566074768","41.16448915326565","41.09449716831946","41.24639748268392"
"IMF.FAD:FM(5.0.0)","PRY.GNLB_S13_POGDP_PT.A","OBS_VALUE","Paraguay","Net lending (+) / net borrowing (-), General government, Percent of GDP","Annual","Units","","","","","","","","","","","","","","","","","","","","","","","","4.132433479111196","3.404125874965625","0.1497765878610905","1.521825378484811","0.2691796222116035","-0.4208957919158763","0.8492690244530289","3.075694435749505","2.678340969666272","3.009089700862498","5.481273543328293","7.561187676870468","3.408315707062082","3.098521295418391","4.266739857614597","4.587259237044493","2.780094568224963","2.431676507857419","3.004780073092018","4.278538703957033","2.670759856485694","-0.5472771715597982","0.07385884275207676","-1.893199072968505","-0.06703839343402149","1.334800447083853","0.7382076691419254","0.9113072078366723","1.274497816748695","2.292417633351023","0.587636958456514","1.538393635035745","1.285161843048881","-0.5825683438619064","-1.157135805956341","-0.27114559022207","-0.43675512468435","-0.3737114970110239","-0.4386965259904576","-1.014298540233412","-2.441812916625594","-5.719285905855867","-3.393507614361731","-2.645308409511164","-3.807482788625706","-2.1047962483561","-1.687855650684175","-1.327393275120692","-1.279927742190133","-1.34018049224285","-1.384264863440797","-1.432656750711833","-1.421441812760286"
"IMF.FAD:FM(5.0.0)","JAM.G2M_S13_POGDP_PT.A","OBS_VALUE","Jamaica","Expenditure, General government, Percent of GDP","Annual","Units","","","","","","","","","","","","","","","","","","","","","","","","","","","","","","","","","","","22.59332290752675","19.8972747245261","18.2188876819138","19.63072752986126","19.90237409896779","22.05575660586532","27.36456616151818","27.64792815632708","27.88153748244549","27.94857356129397","25.71018992869425","27.84753557098854","30.07814141013282","31.09369589873323","30.68462501689616","28.58543756689568","30.14455544124442","30.55624161952212","33.92003646991832","37.68867703653743","32.33560596305022","31.16938676506378","29.05222511617095","26.34398430036833","26.06491804869689","25.94647921272951","26.47219256479732","26.89460005999923","27.53296580171264","27.48445889038384","30.12720572837953","27.5633059824862","27.12131177614662","27.67549428259642","30.05968860206639","33.84579933824892","33.14833966235559","31.70762655061318","30.77177806040125","30.468989354592","30.52875855072755","30.265625576049"
"IMF.FAD:FM(5.0.0)","PER.G1_S13_POGDP_PT.A","OBS_VALUE","Peru","Revenue, General government, Percent of GDP","Annual","Units","","","","","","","","","","","","","","","","","","","","","","","","","","","","","","","","","","","","","","","","","","","","","19.61924690950859","18.77988545886297","18.24519610839983","18.49100249494136","18.52515818017475","19.94306174918557","21.19119238244826","21.94150766501537","22.37894220251033","19.86587262547961","20.98633615261738","21.84236696275309","22.37505333974413","22.21120828045137","22.20914530428724","19.97341279397319","18.38624995776543","17.83430695413107","19.02416548542965","19.4521202853699","17.48457809233183","20.63742192537443","21.72125490368951","19.31675130698016","18.68735525503022","19.06502729369815","19.36069013198236","19.30715828245551","19.27180737618966","19.344064324879","19.34382412041641","19.31451212792568"
"IMF.FAD:FM(5.0.0)","ATG.G1_S13_POGDP_PT.A","OBS_VALUE","Antigua and Barbuda","Revenue, General government, Percent of GDP","Annual","Units","","","","","","","","","","","","","","","","","","","","","","","","","","","","","","","","","","","18.2508858526622","16.8501369601457","17.87588337353476","16.98112342777076","16.8201478918304","17.09491144324071","17.9594094934776","16.75681165340353","19.03962094887054","17.2262383365027","16.58918555849238","15.60756501082283","17.50094822360146","16.92743502599741","18.02862851801998","17.24626303213189","19.4031020165231","18.84025187192008","18.49298449934968","16.27694251522599","19.71776737169908","17.99538077517283","17.55727312640952","16.86982633581336","18.2560358467808","22.41431784699921","23.64005074180804","19.83304014613512","19.10896370435097","18.46875698254391","19.75036297416711","18.86600842352985","17.95292482325232","16.69532609762606","21.87175663848533","22.40017706894986","21.64591818256569","21.01666775213755","20.91774504620971","20.80215684304978","20.70242017694732","20.59077582738333"
"IMF.FAD:FM(5.0.0)","DMA.G2M_S13_POGDP_PT.A","OBS_VALUE","Dominica","Expenditure, General government, Percent of GDP","Annual","Units","","","","","","","","","","","","","","","","","","","","","","","","","","","","","","","","","","","31.48032075457098","28.95574863015152","27.36929347528091","25.17543632822726","27.18855122822012","28.75326332967847","28.45754298198841","28.15016142098076","33.04164288755424","35.20133705551436","38.51794441624089","29.62010164760237","28.6113946935829","30.10656807600427","30.24918706338221","30.95729022323689","29.69117504495548","34.06396696283403","34.74056784248383","35.90870965323034","39.42725542980529","35.21695807366715","36.17204912947445","33.44204450875458","32.70734340819852","32.39310333078012","48.03486638475127","53.97979712671285","63.43154965291833","48.28094071627502","66.75981701810809","66.99408201984993","69.69347337748481","64.83079678240772","67.40152013869826","55.41057443676316","47.58489373849989","42.54003278674623","42.21925347290568","41.71234376582396","41.14324273673209","41.25346974369461"
"IMF.FAD:FM(5.0.0)","SLV.GNLB_S13_POGDP_PT.A","OBS_VALUE","El Salvador","Net lending (+) / net borrowing (-), General government, Percent of GDP","Annual","Units","","","","","","","","","","","","","","","","","","","","","","","","","","","","","","","","","","","-0.6129463140715053","-2.304631420590253","-4.288814717334653","-1.416472234565718","-0.9430443876424064","-0.1768672219522957","-2.702390387842654","-1.972371367049104","-2.939925979578539","-3.08245240148867","-3.445502691387996","-4.945070942005952","-5.504023432250725","-4.230176392570673","-2.759627285794563","-3.472576834914072","-3.416394028523468","-2.323935183657891","-3.800473371741406","-6.645644714297457","-4.966200379522556","-4.46985572141863","-3.807931231561995","-4.457194722610021","-4.01748781287453","-3.632141640427702","-3.104198473478896","-2.528224456428372","-2.705945036195064","-3.070368664823416","-8.144514768355765","-5.530462256959922","-2.683820973487729","-4.686447170913843","-4.549540677019463","-2.818135345588766","-1.99239408999731","-1.927117652919556","-2.259397067881654","-2.005615666244796","-1.826489363545719","-1.436753151040221"
"IMF.FAD:FM(5.0.0)","TTO.GNLB_S13_POGDP_PT.A","OBS_VALUE","Trinidad and Tobago","Net lending (+) / net borrowing (-), General government, Percent of GDP","Annual","Units","","","","","","","","","","","","","","","","","","","","","","","","","","","","","","","","","-9.336634535479844","-4.460679350335217","-1.322910267123453","-0.213528337023977","-2.757712578672734","0.2365336519486959","-0.02133583013770233","0.1691098482734371","-0.4604127007500624","0.1142085015530866","-1.828492962789681","-0.9028110201307401","0.1754546681680386","0.6170754684449373","-0.2011072263800198","1.901074434865737","1.912488247860276","0.8437095550828429","-0.3011686445218691","3.243104167561519","5.702249561686744","-4.882949967198057","0.1356643417657282","-0.689201719698787","-1.275539560169125","-2.702262586433143","-4.335822412703855","-7.37313837495405","-9.840092205497337","-10.45408200882195","-5.892250649178921","-3.720032120712601","-11.81029762639962","-8.39314013079809","0.9563516026723365","-1.197012750317541","-5.923932078783803","-5.457761086107634","-4.566279599524129","-2.50463302472953","-1.707735480999367","-2.195411091897703","-2.461981899355388","-2.731515525349377"
"IMF.FAD:FM(5.0.0)","PER.G2M_S13_POGDP_PT.A","OBS_VALUE","Peru","Expenditure, General government, Percent of GDP","Annual","Units","","","","","","","","","","","","","","","","","","","","","","","","","","","","","","","","","","","","","","","","","","","","","21.73499675882226","20.93364995111049","19.64899705916455","20.11300905644068","19.55789305779558","20.37874359802331","19.16206459205879","18.59314931587073","19.89442089274518","21.34481519872616","21.00183597226761","19.79122445649978","20.30199745057319","21.45699612550926","22.39754473315887","21.99303117202721","20.50431087260238","20.6227847829094","20.96853900265031","20.81997281518467","25.67026779096331","23.12672251837812","23.10183094488454","22.05995625835431","22.21783251681759","21.42569181165152","21.32925875723212","21.27544299375025","21.19923353134787","21.14308204093098","21.10628150239878","21.0105939114069"
"IMF.FAD:FM(5.0.0)","SUR.GNLB_S13_POGDP_PT.A","OBS_VALUE","Suriname","Net lending (+) / net borrowing (-), General government, Percent of GDP","Annual","Units","","","","","","","","","","","","","","","","","","","","","","","","","","","","","","","","","","","-3.043824013971259","-9.801106894717582","-6.452081347159517","-4.675065383436296","-1.893992335262492","1.165631943487542","3.419868304804658","-0.3226313047859945","-6.389521270802748","-4.917722465570311","-7.758033028266409","3.489686294670559","-3.295620289200535","-0.1138815926239018","-1.202372045206325","-3.390685089340832","0.5924835533562368","5.014070643811594","2.393437520592428","2.027984469646518","-0.1537388296120457","2.318833321984271","-0.3800744197701198","-2.641532583053314","-2.65037723887317","-8.291188987137451","-10.18651545590087","-8.620020619278914","-8.558792698385383","-20.22534210724803","-11.95443510015059","-5.660415334665742","-2.56809940141174","-1.670746616794371","-3.35820763688733","-9.611550138079553","-4.687667749886279","-4.23641469587566","-0.09816714741426659","5.134521919957432","4.927440366997922","3.072566368132657"
"IMF.FAD:FM(5.0.0)","HTI.GNLB_S13_POGDP_PT.A","OBS_VALUE","Haiti","Net lending (+) / net borrowing (-), General government, Percent of GDP","Annual","Units","","","","","","","","","","","","","","","","","","","","","","","","","","","","","","","","","","","","","","","","","","0.3727491445587307","0.2106344072410908","-1.54384700340899","-1.356857803727587","-1.54788608817173","-1.800279839705073","-2.236055432372397","-1.343124891892415","-0.8294258038380023","-0.9086835025671936","-1.545154787832835","-1.799032972397844","-1.996162269265333","-1.497421278921819","-1.429844788263994","-2.711841754822558","-3.975608550391274","-3.640569656840141","-1.472288978732395","0.1165247685287266","-0.3158850319063101","-1.126480339529126","-1.994546616108042","-1.955966536070414","-2.453989434989371","-1.754313427305736","0.7676897671752452","6.960532272163121","-0.2230231046350492","-0.7027688918607768","-0.6437200860008018","-1.245152846508628","-1.426925486419243","-1.447066759525853","-1.496809806392915"
"IMF.FAD:FM(5.0.0)","NPL.G1_S13_POGDP_PT.A","OBS_VALUE","Nepal","Revenue, General government, Percent of GDP","Annual","Units","","","","","","","","","","","","","","","","","","","","","","","","","","","","","","","","","","","","","","","","","","","","","9.950969675656296","10.5493946465911","10.52845292069019","11.61923527845225","11.65515532252646","12.29374955748844","11.40475512093622","12.43315805223664","13.09967248964545","14.74318214123132","15.78239937633096","15.62867969410278","15.58966993308101","17.06900140714767","17.9406263819373","18.13010055376141","20.15926375432449","20.94570821008792","22.16572743857944","22.8689687032057","21.02250991674719","23.26890544446378","22.93426354387875","19.26651809029789","19.37545370061902","19.97137797976327","19.89316931462687","21.56278090886187","21.65834707661695","21.70180147618826","21.91171090597788","22.13265142819856"
"IMF.FAD:FM(5.0.0)","IDN.GNLB_S13_POGDP_PT.A","OBS_VALUE","Indonesia","Net lending (+) / net borrowing (-), General government, Percent of GDP","Annual","Units","","","","","","","","","","","","","","","","","","","","","","","","","","","","","","","","","","","","","","-0.5885739554769853","0.004850370403732706","0.6409481348971941","0.9623609125380742","-1.033756428673615","-1.893491985088989","-0.9593902047223401","-1.869997612625025","-1.763397994115182","-0.5760783161466704","-1.07726917647636","-0.2601940059716986","0.4617825951408132","0.4509434018089146","-0.9526825354143086","0.0541130012556784","-1.64437535505604","-1.242440318002429","-0.7035384228568517","-1.586458811355705","-1.955567548099052","-1.804539526754828","-2.723921553028297","-2.560963175415427","-2.26397568881255","-1.690059429510129","-2.090624145755837","-6.074859331715602","-4.40485208825771","-2.307064170981609","-1.641798500207179","-2.2831453503339","-2.916694422167745","-2.939491650299732","-2.934952090575409","-2.905787495184788","-2.877082139099792","-2.837535295268573","-2.832673502256157"
"IMF.FAD:FM(5.0.0)","TLS.GNLB_S13_POGDP_PT.A","OBS_VALUE","Timor-Leste, Democratic Republic of","Net lending (+) / net borrowing (-), General government, Percent of GDP","Annual","Units","","","","","","","","","","","","","","","","","","","","","","","","","","","","","","","","","","","","","","","","","","","","","","3.241732880994174","-7.638515608707279","-8.238382692192601","-7.479046430619255","-10.49666493571826","41.032262327482","-29.93206226128275","-18.56178696887419","-17.16976524536674","-19.79332021904444","-25.37998750247999","-38.68948785029357","-14.36740809697282","-37.52240404452615","-33.20485779602324","-55.74906489875017","-33.77451459442083","-26.9048337575246","-25.43854159646608","-18.89900898855023","-20.14800738533588","-29.46810144647382","-34.7299245103159","-46.98810809168291","-48.03363122352218","-51.59122799106047","-50.64677801185986","-51.03170220554102","-51.27212215690448","-51.49646816358377","-51.73322632086677"
"IMF.FAD:FM(5.0.0)","PHL.GNLB_S13_POGDP_PT.A","OBS_VALUE","Philippines","Net lending (+) / net borrowing (-), General government, Percent of GDP","Annual","Units","","","","","","","","","","","","","","","","","","","","","","","","","","","","","","","","","","-1.638425582863591","-1.521887671708135","-0.261848909103431","-0.4341155673764616","0.6286175525522134","-0.4446806864732097","-0.0160324230077957","0.5370361548776187","0.3670577020061852","-1.308515890700021","-2.287514487509959","-3.273769477397902","-3.494121808570671","-3.706824254103898","-3.491060451552637","-2.807019247529632","-1.624638178352216","-0.04635784075761894","-0.2849243010441576","0.01647572438892504","-2.568889506908771","-2.253638815129735","-0.3795986500092364","-0.2199912375639308","0.3688343240797362","1.321398645303096","0.1439008932930986","-0.7445925678147697","-0.751801013214025","-1.483943868835262","-1.503420871435112","-5.545645863511475","-6.232859276593798","-5.480898686760553","-4.376690764052526","-4.437460529029751","-3.972629283599062","-3.677657877656209","-2.841113491310393","-2.521412508493644","-2.09659637645194","-1.647849853348147","-1.536821963264251"
"IMF.FAD:FM(5.0.0)","PHL.G2M_S13_POGDP_PT.A","OBS_VALUE","Philippines","Expenditure, General government, Percent of GDP","Annual","Units","","","","","","","","","","","","","","","","","","","","","","","","","","","","","","","","","","15.72319313747186","18.81050556119761","18.04234559277224","18.42130357924782","17.59065204805929","19.68260341570508","19.10259378916688","19.62053808019416","20.28702954849564","20.33692882527931","20.74909479574392","20.80918336576467","21.01652942464204","20.55749617462951","20.41122278955219","19.36988364177866","18.74097558337615","18.28228700054103","18.18381742600243","17.88415416811435","19.20931035159785","18.34821710486176","17.21789252318116","17.70602322012833","17.32532885942501","16.83149257127063","17.78645840625304","19.01110047080116","19.45740548600263","20.91343028880667","21.72049983221453","25.92011176702841","27.19961973388861","25.88663017812847","24.65900677058501","25.64354760885678","24.26211954758272","23.98134236750068","23.06093913274235","22.73346862622356","22.27447872113384","21.82715551982949","21.65557457065111"
"IMF.FAD:FM(5.0.0)","MAC.GNLB_S13_POGDP_PT.A","OBS_VALUE","Macao Special Administrative Region, People's Republic of China","Net lending (+) / net borrowing (-), General government, Percent of GDP","Annual","Units","","","","","","","","","","","","","","","","","","","","","","","","","","","","","","","","","","","","","","","","","","","","","","3.26277558798445","2.662437533668586","4.799338178649654","7.797775495942236","8.314855875831486","9.740788976179473","16.37685712590346","17.47920199174568","13.36438561093997","19.40367886119124","24.66882830427028","23.97919781773058","26.97425545502878","24.14821854758546","13.85022311980805","11.44142240485456","13.29684536174582","13.35327196421527","14.45498234449726","-21.46397654231942","-13.03231453947937","-37.13883600516759","2.119194729424716","7.009782523045578","4.502646977913544","4.211659168710203","4.850809920834512","5.309360434507897","5.554780454737014","5.58373794235848","5.429393632574221"
"IMF.FAD:FM(5.0.0)","BRN.G2M_S13_POGDP_PT.A","OBS_VALUE","Brunei Darussalam","Expenditure, General government, Percent of GDP","Annual","Units","","","","","","","","","","","","","","","","","","","","","","","","","","","","","","40.62487076493547","40.00608817757325","30.32229833550951","36.55162043503261","36.20471017991272","31.95462796165304","30.64731636443831","34.11322663335535","37.95934501816184","47.05583808247194","43.96836694905362","36.85472465788053","38.97793296918438","45.38325334270075","44.14400727961416","37.49211190703189","35.47545631994315","41.42537520910478","30.88688443361915","33.1538361450047","29.05302343162262","27.98883989007144","29.32642446314819","27.17132516296864","34.834778723263","25.48617070620884","29.93008154978231","31.12161695593696","33.43372079674071","34.00434313920133","36.99056367791958","39.83825153642847","36.55714242893851","32.89127097649642","32.13400912882279","32.82663438385293","30.06166498105305","26.12138665627966","30.11106986487952","30.31715919538158","29.92589257528161","29.05724431898211","28.67789012634471","28.61355608002271","28.66869842101061","28.88130623961807","29.09783406307104"
"IMF.FAD:FM(5.0.0)","NPL.G2M_S13_POGDP_PT.A","OBS_VALUE","Nepal","Expenditure, General government, Percent of GDP","Annual","Units","","","","","","","","","","","","","","","","","","","","","","","","","","","","","","","","","","","","","","","","","","","","","11.43168357435339","12.90311859390401","12.99269331000557","11.957417222518","11.79899771153091","12.04879766452657","11.16943022958976","13.10450640815522","13.39059193198792","16.9806196544335","16.454325744653","16.34541817555062","16.76832413127581","15.49554726830529","16.58330498188054","17.66976028111112","18.96140981623164","23.63477082399505","27.99909258852719","27.13878105430431","28.49080851686043","27.24827593785042","26.05735021451893","25.08087676452485","21.8322598147453","21.82916557632538","22.37094613367354","24.88304792886787","24.83674310802375","24.79732113315235","24.90508589298985","25.11066156254109"
"IMF.FAD:FM(5.0.0)","TLS.G2M_S13_POGDP_PT.A","OBS_VALUE","Timor-Leste, Democratic Republic of","Expenditure, General government, Percent of GDP","Annual","Units","","","","","","","","","","","","","","","","","","","","","","","","","","","","","","","","","","","","","","","","","","","","","","95.65859936634067","93.54477484559422","80.11922101969426","74.15320324267997","58.33499961008775","59.84102338921026","75.82724128800639","122.3531100437678","121.8349779814833","121.2871498762987","133.2775038824772","129.3272657052819","96.14339872173784","110.9713959991247","98.06245909422454","112.1846814888357","87.27167744523604","85.53661560579464","68.79662042148564","61.71099098487466","45.67679957752571","59.91440306688324","78.61945277422179","98.0438355999288","93.88616500826772","92.96158617196515","89.86691181594277","87.49439196615155","85.16279030037999","82.99581605969478","80.98253085337271"
"IMF.FAD:FM(5.0.0)","VNM.G1_S13_POGDP_PT.A","OBS_VALUE","Vietnam","Revenue, General government, Percent of GDP","Annual","Units","","","","","","","","","","","","","","","","","","","","","","","","","","","","","","","","","","","","","","","","","","","15.91766485386684","15.45640662579871","16.18299001907312","16.99985648950771","17.89233347754016","19.63750966514076","19.29105111083493","19.67152546358193","20.73441711630615","20.55793953602861","20.93281788652785","20.1504932959302","21.46968572250949","20.32286305406364","18.00419846524333","18.49299767834478","17.73823893150345","19.1903698994848","19.06670583237458","19.56529987787888","19.45870759362066","19.41451297838841","18.38997854925715","18.69287494493601","18.86778760380644","17.06349718346244","17.58243093994522","19.94736142069848","19.78769483733509","19.77319812087548","19.81238458980579","19.83130278203947","19.8532619014315","19.92381428584275"
"IMF.FAD:FM(5.0.0)","KOR.G1_S13_POGDP_PT.A","OBS_VALUE","Korea, Republic of","Revenue, General government, Percent of GDP","Annual","Units","","","","","","","","","","","","","","","","","","","","","","","","","","","","","","","","","","","","","","","","15.67094336151045","16.34032365936911","16.18905909345551","17.12494349274381","17.29108650522869","19.92611263686257","19.36118146131874","19.11455925995425","19.37729075074075","18.58656742235774","19.10868987429855","19.90038475103647","21.30314691937614","20.68284331259665","19.77829458871124","19.46703500398199","20.00565106814922","20.45319979921233","19.80574536959795","19.41946608232191","19.29662403433871","20.06997716617845","20.71409254072116","21.70221785567192","21.61860395277983","21.55458930227915","24.07830657988439","25.18846865815617","22.41415894873527","21.75021571402457","22.55586393427308","23.77076261240168","23.06446248911076","23.11027769464608","23.25314920857826","23.24703464861745","23.24115508599771"
"IMF.FAD:FM(5.0.0)","BTN.GNLB_S13_POGDP_PT.A","OBS_VALUE","Bhutan","Net lending (+) / net borrowing (-), General government, Percent of GDP","Annual","Units","","","","","","","","","","","","","","","","","","","","","","","","","","-3.517269573163888","1.091660158217438","-0.9711782410100755","2.091995017165256","-9.046482947093696","-3.438327624162954","-0.5621061508105216","1.331402135247027","-10.14408658837322","-7.214599905226423","-0.4812126466020321","-3.470868576027359","4.707196342853461","-0.1289603159704651","-0.8847724012338693","2.554131885703511","-1.915705038698287","1.277011174551261","-1.280828312269296","-3.390786914257704","-12.16931353832283","-4.331855161813448","-10.21266836038297","1.800349593991631","-6.961596337151208","-0.07349929891742746","0.7927630035969287","-2.565681598054825","-0.8013031454373879","1.922749949068174","-3.024263826793897","-2.102156550506467","-4.545432542091287","2.456005598282467","-0.4897938243601678","-2.308853409653585","-4.491891905509595","-1.518951800448174","-1.485664254682049","-1.806711058703064","-5.760397511385214","-6.951515260077157","-4.731333023491997","-1.789266172300391","-2.702088737306086","-2.882308933453143","-4.284035387503847","-4.162035343016366","-5.635856693283999","-4.599718955547717","-5.031976757581254"
"IMF.FAD:FM(5.0.0)","PLW.G1_S13_POGDP_PT.A","OBS_VALUE","Palau, Republic of","Revenue, General government, Percent of GDP","Annual","Units","","","","","","","","","","","","","","","","","","","","","","","","","","","","","","","","","","","","","","","","","","","","","43.15947839646872","32.86805266843505","35.85774748197982","45.04908179724022","43.72476959678716","41.67903272452316","45.67524387451076","46.98501325953294","42.62306526856644","40.19123712733771","46.50697370213278","44.69872403382013","44.21718909037798","40.66934160525059","43.43538904753832","40.55568167487517","41.11123895292699","39.64427633713512","43.96966772364593","42.35489796207892","45.19360759018274","55.974721400233","59.4509948521707","48.14325706682002","53.81628958934718","53.84447616852822","52.25495662936722","52.03352734828826","51.6639757902448","51.39950792238086","50.82742913749337","50.68707044704159"
"IMF.FAD:FM(5.0.0)","SUR.G1_S13_POGDP_PT.A","OBS_VALUE","Suriname","Revenue, General government, Percent of GDP","Annual","Units","","","","","","","","","","","","","","","","","","","","","","","","","","","","","","","","","","","19.62790282096533","16.84026354472483","17.9764783284804","16.47716178785061","17.86399807859496","21.40963663126247","24.80998667089033","20.78749805266004","23.95553223269178","14.6956914409057","16.60430848311487","25.32723728585176","18.90310511087911","19.06314930969265","19.61043531083836","18.81477023169984","22.80122894049335","27.59600312782893","22.89285514581807","26.0493303002982","20.87308584965174","23.36764552077514","24.68392409928096","23.53751883042353","22.50659269014056","21.58964437022339","17.72277166766768","20.11989761902584","20.9025796603397","20.2769770772424","18.24921708575384","26.36108199669231","25.6398110321257","27.20967628494806","25.9067803410562","27.68186753080969","25.48069714738341","23.50718017028604","23.14259214847031","23.274512619717","24.46888558851768","23.98778120798516"
"IMF.FAD:FM(5.0.0)","SAU.G1_S13_POGDP_PT.A","OBS_VALUE","Saudi Arabia","Revenue, General government, Percent of GDP","Annual","Units","","","","","","","","","","","","","","","","","","","","","","","","","","","","","","","","","","","","31.6646121782962","33.0441472939939","28.40466379095678","25.48248819706458","27.29039024326635","30.09554166926123","33.09236999483535","25.65547529201012","24.32346864235315","36.31727877908654","33.03326787503838","29.9568789713961","34.31449475397236","40.8119495157078","46.13770241393599","48.09187724762167","41.23649305760482","56.48155843462933","31.68228289179718","37.40320086511505","43.78219910220578","44.20807999704934","39.92984092264106","35.23725346582551","23.5623807351904","20.09630929320473","22.35814986040096","27.23952314464175","27.80538614700199","27.16571227966074","26.20057183613111","27.51300128706952","26.5297092232912","26.77061953051959","23.22047907753017","23.2011599375191","23.26866198622277","22.75318316649988","22.53255924886068","22.22549623004847","21.84314609546871"
"IMF.FAD:FM(5.0.0)","MYS.G2M_S13_POGDP_PT.A","OBS_VALUE","Malaysia","Expenditure, General government, Percent of GDP","Annual","Units","","","","","","","","","","","","","","","","","","","","","","","","","","","","","","","","","","","30.52454427783835","27.39318330071755","28.20939358486887","24.61355529131986","23.26969870632557","22.5975130106768","22.39060894234805","21.15511185543833","23.11355311355311","24.64252133882017","25.63212320438573","28.22333505205648","27.14407224337334","28.06908648417545","25.8844629693474","24.53770213094801","25.57428779395297","25.88867658664677","26.92001252355917","30.8891858214842","26.60447171109489","27.08781554368352","28.50543051645857","27.78010347648064","25.95696700205586","24.70818039779169","22.85766338664301","22.04306260803646","22.7999488248752","23.57500494006644","25.04025100795588","24.45075976435687","24.64244415811907","25.00081059540153","24.02392826708769","23.43194347761518","22.52838807153473","22.06655072436544","21.79225421729166","21.69627353483986","21.63231710823717","21.57122143934224"
"IMF.FAD:FM(5.0.0)","SGP.G2M_S13_POGDP_PT.A","OBS_VALUE","Singapore","Expenditure, General government, Percent of GDP","Annual","Units","","","","","","","","","","","","","","","","","","","","","","","","","","","","","","","","","","","15.05876697411209","15.85021732520671","14.52823399061885","14.51775708488025","11.72425428144591","13.80033903782475","18.09717114262892","14.54638557198297","18.06531629837306","15.88380801317512","16.12258468208746","18.21316229169967","15.93139951704292","15.64527577757987","14.06535346382791","12.37883613888175","12.27968840908221","9.014742868795434","13.97499066992335","15.85239008612521","10.230913643937","9.660466231556655","9.825141021877179","10.91457045901976","12.57483927138408","14.41810888977464","15.22005055113889","13.55900701129987","13.85247029729052","14.00332752822783","23.96887182431906","15.35405371193398","14.87680069848272","14.64375536029345","14.25212624578106","15.45218663639171","16.08133907082108","16.5313390708211","16.98133907082109","17.43133907082103","17.73133907082095","17.73133907082113"
"IMF.FAD:FM(5.0.0)","YEM.G2M_S13_POGDP_PT.A","OBS_VALUE","Yemen, Republic of","Expenditure, General government, Percent of GDP","Annual","Units","","","","","","","","","","","","","","","","","","","","","","","","","","","","","","","","","","","","","","","","","","","","","","","","","","","","","","","","","","","","","","","26.55720802837042","25.06065735203421","19.9632595710297","15.60504535806144","26.45700978094745","24.73015846612691","20.30976289849031","18.21974550636582","18.42538150537858","18.07586644721242","17.55143117406278","18.46204153263516","18.78136240508994","18.93854628869371"
"IMF.FAD:FM(5.0.0)","JOR.G1_S13_POGDP_PT.A","OBS_VALUE","Jordan","Revenue, General government, Percent of GDP","Annual","Units","","","","","","","","","","","","","","","","","","","","","","","","","","","","","","32.11202526788829","28.47254896383093","25.96167733285102","28.27232768841699","32.25017820228319","33.05473857612501","31.45358664659322","33.80326268616982","31.03751857099228","28.96067129676775","30.61536775846239","29.87546801968609","27.99526751273305","26.66917345658274","30.66104988070359","29.36996822692793","29.45775522040964","28.39772383874289","33.37275587877146","35.7116186736238","34.39036412583259","32.09400040755135","35.14297922845193","31.49236280084767","28.41425839739972","26.81091387006586","28.14206335455221","24.99336460251617","25.70218377976629","29.55964890700358","27.12398469524306","27.33753881995549","28.48142474891503","29.08280352422097","27.60198312668915","25.4702140721224","27.18605660776515","27.92370212381994","27.411132233455","27.30535433908639","27.3678231667789","28.23998525899416","28.32633515881027","28.88175315596353","28.70892347371307","28.90648866008664","29.07321031252907"
"IMF.FAD:FM(5.0.0)","NPL.GNLB_S13_POGDP_PT.A","OBS_VALUE","Nepal","Net lending (+) / net borrowing (-), General government, Percent of GDP","Annual","Units","","","","","","","","","","","","","","","","","","","","","","","","","","","","","","","","","","","","","","","","","","","","","-1.480713898697095","-2.353723947312916","-2.464240389315379","-0.3381819440657473","-0.1438423890044584","0.244951892961868","0.2353248913464572","-0.6713483559185804","-0.2909194423424675","-2.237437513202175","-0.6719263683220337","-0.7167384814478395","-1.178654198194798","1.573454138842377","1.35732140005676","0.4603402726502968","1.197853938092841","-2.689062613907131","-5.833365149947748","-4.269812351098615","-7.468298600113239","-3.979370493386639","-3.123086670640174","-5.814358674226952","-2.456806114126277","-1.857787596562108","-2.477776819046673","-3.320267020006005","-3.178396031406799","-3.095519656964091","-2.993374987011968","-2.978010134342528"
"IMF.FAD:FM(5.0.0)","VCT.G1_S13_POGDP_PT.A","OBS_VALUE","St. Vincent and the Grenadines","Revenue, General government, Percent of GDP","Annual","Units","","","","","","","","","","","","","","","","","","","","","","","","20.90692400113497","20.45791950584572","22.24501189881959","23.80488047620987","22.80834310099538","25.58151318938658","25.60102832228127","24.57016891590725","24.79537641249029","25.43401825387507","25.72506445011641","25.38640865818152","25.75510903231966","22.61996658407254","21.30594597159018","23.07914231013099","21.35404668008192","22.75775668482983","23.58592485591052","23.57824108356757","23.52233492545986","22.96758936954358","22.80159318626777","23.71214256896861","23.47548931774908","22.14402499447282","22.40249023499323","22.95087030395478","24.0515547600576","27.02586266657673","28.17093941268512","27.35756272838307","25.87566674869989","24.54003624278893","23.66205911028067","27.60928208318718","25.57478501528397","27.09190688470528","25.08000860984143","24.64272644295181","25.68448135280491","26.98371347569176","29.98345285686016","27.2514107918411","27.23335905713737","27.87784741371541","28.70735758457038","28.47996758093472","28.47996758093458","28.47996758093446","28.47996758093452","28.47996758093471","28.47996758093478"
"IMF.FAD:FM(5.0.0)","KHM.G2M_S13_POGDP_PT.A","OBS_VALUE","Cambodia","Expenditure, General government, Percent of GDP","Annual","Units","","","","","","","","","","","","","","","","","","","","","","","","","","","","","","","","","","","","","","","","","15.66490371387831","12.41708392597722","13.40577085744468","13.80614460271279","14.57243754291757","14.59649442186316","16.03237954595333","14.48277210550312","12.37031445742832","10.84886219130847","11.24027164201058","12.39620047824835","12.9410850070881","16.56247749716853","17.11265020737498","16.44083833390065","17.16129300070446","16.53263401850044","16.35665252816278","14.54922976909724","15.28230265939248","16.33289171182724","16.24152011376145","17.92978727469751","20.5421927601479","21.35206594117398","18.54480421313417","19.06951892933415","16.55866078590929","16.30736661880798","18.82634989437251","18.78330966083059","18.79095140490741","18.78532533092063","18.78394822926363","18.8269909512709"
"IMF.FAD:FM(5.0.0)","IRN.G2M_S13_POGDP_PT.A","OBS_VALUE","Iran, Islamic Republic of","Expenditure, General government, Percent of GDP","Annual","Units","","","","","","","","","","","","","","","","","","","","","","","","","","","","","","","","","","","16.38971172690498","14.04715602730915","14.43919172515733","27.23473000065527","22.99920082279969","20.96506040746033","17.25664280735484","17.39098196727077","16.89563462705912","15.74670451390098","13.32280336838369","13.62906450548988","15.64516354372796","15.66907210105311","15.06360919922802","17.93082159867986","18.66220215697688","14.2186851613152","16.83384156991764","15.66411109234617","14.06401326024951","14.63252202122402","11.40000938962398","11.52457982532878","12.26278701143989","14.13673165250609","16.34098864134452","16.41114679999274","14.76903238205192","13.55227680949835","12.14012494535592","13.35319503035135","12.8393532111656","12.78516438828728","15.96396921386832","13.44140984441752","13.07754017278499","13.96899494154011","13.23274094181938","13.16380473684597","13.08660646924175","12.97045500878034"
"IMF.FAD:FM(5.0.0)","QAT.GNLB_S13_POGDP_PT.A","OBS_VALUE","Qatar","Net lending (+) / net borrowing (-), General government, Percent of GDP","Annual","Units","","","","","","","","","","","","","","","","","","","","","","","","","","","","","","","","","","","3.226321143706775","-2.569254882500999","-2.736188336445617","-9.52779686401272","-11.80037732158193","-5.778996823489811","-8.728482968181047","-9.403828544129179","-7.00064473006511","-4.352842521708726","4.621880258883465","4.480566345739529","7.890903741576049","6.710575950828485","17.69105556544808","9.803391009534059","8.394930591871053","10.34334090008119","9.488777145897073","14.12935261652681","4.600120149555909","5.235655033060314","8.553778706434888","19.27000949722756","13.35241881122961","18.44707193243796","-9.203067145870488","-6.820077046253332","2.259720286115268","0.9987133672727632","-2.133519056029929","0.2431885054835875","10.39006768452147","5.506720412124101","0.7081721453253643","-1.001918590629472","-3.432787557875895","-4.81481957285477","-4.666897126207783","-0.3933876030058361","1.843505278996969","2.860882140459151"
"IMF.FAD:FM(5.0.0)","JAM.G1_S13_POGDP_PT.A","OBS_VALUE","Jamaica","Revenue, General government, Percent of GDP","Annual","Units","","","","","","","","","","","","","","","","","","","","","","","","","","","","","","","","","","","24.65572168106626","23.04136295692378","21.05320439051921","21.99765647472019","22.29947755538582","23.58996425625477","22.11725347236101","21.25913378961823","22.15050926377953","24.53462103148776","24.92750708851745","23.07772136123618","23.52368767755313","25.669790434556","26.12947078562975","25.36338224936136","25.40300796944092","26.85352085744568","26.59831341789335","26.84463614994376","26.16325846056207","24.92808642874189","25.07867434230886","26.45995481845447","25.58184515811061","25.67142956904893","26.28937669622373","27.31958155716557","28.63734928688495","28.33053782637561","27.26058119010932","28.40448816042489","27.37883966324728","27.71060175100902","30.2792492911772","30.07516154299097","28.26292622480882","28.6193359907862","28.71957543236334","28.74244872120525","28.8928732126853","28.72695722341265"
"IMF.FAD:FM(5.0.0)","ISR.G2M_S13_POGDP_PT.A","OBS_VALUE","Israel","Expenditure, General government, Percent of GDP","Annual","Units","","","","","","","","","","","","","","","","","","","","","","","","","","","","","","","","","","","","","","","","","","","","","43.40556252824011","46.11327707091889","49.96515102907738","45.40473918717101","43.00302546266701","42.33534585944967","41.62910708911654","40.19772560818941","41.20561590307867","41.36489939754744","39.68569495577497","39.31604282590621","39.56989711898497","39.69910936977529","38.27688197878482","37.56382124342792","37.9055349481213","38.40058776839415","39.19881183217738","38.69216740865086","44.76516922196149","40.06152701153455","36.93918133213001","39.6219336251717","43.71860976800076","43.59746584260643","44.21654066330487","41.9374988081976","41.57810971807683","41.2110700693079","41.28644225721418","41.44139241092189"
"IMF.FAD:FM(5.0.0)","OMN.G1_S13_POGDP_PT.A","OBS_VALUE","Oman","Revenue, General government, Percent of GDP","Annual","Units","","","","","","","","","","","","","","","","","","","","","","","","","","","","","","","","","","","41.28537475727399","37.56445479554008","35.29037163665116","33.21890576390768","32.28018995113643","34.34571739838145","35.7011019384132","36.86079746573361","31.75856387553894","34.47487288820395","43.38199468529819","40.82380348717926","39.45111446845267","39.87642007311736","39.50723443890942","41.8362495816838","42.28181554681244","41.21215343076822","40.24234583257292","33.1008134435155","35.53104888756314","42.73353888695043","42.70235998999505","42.07060099831122","39.83847599061495","31.06774688719798","24.99164043348941","28.9692609867499","31.60139470157636","33.94849426592346","28.86498495900558","33.31976107272661","41.44667620923467","34.24716845645475","31.94507065557773","29.94833972991443","31.80118300948229","30.29749309695354","29.77147954788306","29.14440518929524","28.55444960146673","27.67929601714814"
"IMF.FAD:FM(5.0.0)","SAU.GNLB_S13_POGDP_PT.A","OBS_VALUE","Saudi Arabia","Net lending (+) / net borrowing (-), General government, Percent of GDP","Annual","Units","","","","","","","","","","","","","","","","","","","","","","","","","","","","","","","","","","","","-3.281245456161042","-8.121037407843863","-9.326979460362596","-8.311637002943326","-5.122769499589247","-3.246767453562912","-2.505739840040674","-8.875210071056251","-5.991369288584672","3.184129025540292","-3.90591963111644","-5.906990219711908","1.198597764182686","9.717896446600061","17.98695125815546","20.82285978241464","11.78359639421411","29.80190207660635","-5.383449432204122","4.391631107015075","11.39406490477097","11.67990995475624","5.469234731861166","-3.40338949977336","-14.94431809179381","-13.19493435523511","-8.57247080399763","-5.207852701095526","-3.9646551540517","-10.22009553340292","-1.993157354727232","2.240179593992123","-1.770556965327204","-2.459861506276062","-5.774416230764476","-3.47278829843193","-3.401462512022528","-3.561715909518925","-3.340493584221591","-3.211135753036586","-3.172795733451785"
"IMF.FAD:FM(5.0.0)","KWT.G1_S13_POGDP_PT.A","OBS_VALUE","Kuwait","Revenue, General government, Percent of GDP","Annual","Units","","","","","","","","","","","","","","","","","","","","","","","","","","","","","","79.46882201763826","94.45623743376558","67.51388587344533","77.60425162909402","73.0394511605223","72.55609287333928","63.55701251123277","49.32579747262402","54.8160562548774","59.22956551114697","63.36630352582631","66.72238203021661","72.91026099448153","70.83386965729597","72.26267586081231","81.99052409898815","86.11345736897774","73.4079344569521","65.0402648490639","67.48820420175261","67.46934004789007","60.0386569427296","67.28874539411368","62.01375490592658","73.91658795531673","77.11748371805974","78.22874351273464","78.64225412803137","78.81591207631185","74.79165411911829","71.62998154001967","66.85328538273888","67.11262886984862","68.64230320487948","63.24480042365195","63.044963713473","58.33165180429016","69.57268312024556","76.5139994046156","74.03703892893318","78.4590484979208","76.45097304000666","77.69287511562966","77.1920983383882","77.08988396267003","77.03651324807685","76.94081869766752"
"IMF.FAD:FM(5.0.0)","SYR.GNLB_S13_POGDP_PT.A","OBS_VALUE","Syrian Arab Republic","Net lending (+) / net borrowing (-), General government, Percent of GDP","Annual","Units","","","","","","","","","","","","","","","","","","","","","","","","","","","","","","","","","","","-3.923943039098901","-6.567016084842889","-7.258294540268547","-4.963082017135745","-5.99898702696359","-3.808117693419151","-2.825765679438726","-1.780653433820344","-2.81158437536372","-1.473582943063783","-1.360531289263353","2.304742256610886","-2.022616818083438","-2.703965785453418","-4.181969877440127","-4.408340192772364","-1.120491640263287","-2.9871978172473","-2.864384032844497","-2.891807655090183","-7.790031102165791","","","","","","","","","","","","","","","","","","","","",""
"IMF.FAD:FM(5.0.0)","SYR.G1_S13_POGDP_PT.A","OBS_VALUE","Syrian Arab Republic","Revenue, General government, Percent of GDP","Annual","Units","","","","","","","","","","","","","","","","","","","","","","","","","","","","","","","","","","","24.34034544365355","27.69817501554098","26.90337163307591","24.443450834431","24.26140236830198","25.949087087876","24.86780911245019","27.19225182377486","26.01575823208222","26.55367162663046","26.00603929766769","30.29419334911974","26.4513382452111","29.93623872726951","27.14700791149357","23.76775709620031","25.21391285006291","22.71674282519905","20.0650784803292","23.84987770674311","20.84780736357418","","","","","","","","","","","","","","","","","","","","",""
"IMF.FAD:FM(5.0.0)","LCA.GNLB_S13_POGDP_PT.A","OBS_VALUE","St. Lucia","Net lending (+) / net borrowing (-), General government, Percent of GDP","Annual","Units","","","","","","","","","","","","","","","","","","","","","","","","","","","","","","-1.496156722044108","-1.608695213050968","0.5611230693170177","2.019374642067131","0.8925551437647496","0.288230655425845","-0.4191961920580693","-0.6598501048909843","-0.2538818155344675","-0.01797758645896575","-0.1327277356469434","-0.5729486778785765","-1.101428079590293","2.218868156196997","1.612719531644473","-1.170950831655309","-3.071968616804798","-3.026171620128231","-3.169914421997007","-2.58466842518314","-6.004598716472418","-5.005998841284722","-1.592059297427373","-0.7200384166590362","-2.626972606496637","-4.106086892049984","-5.350529373996698","-6.925899652655466","-3.979668041859771","-2.290543306219926","-1.182708293426743","-1.534325599767263","-2.093617138438584","-1.217035717823535","-2.946436825100756","-11.51641102622793","-5.352270098903359","-2.479916545434534","-3.177555746523441","-1.813799161502634","-2.880462292309414","-2.931571807904882","-2.923146512162378","-2.692005890793131","-2.535676407829354","-2.348086850024957","-2.427397769380865"
"IMF.FAD:FM(5.0.0)","SYR.G2M_S13_POGDP_PT.A","OBS_VALUE","Syrian Arab Republic","Expenditure, General government, Percent of GDP","Annual","Units","","","","","","","","","","","","","","","","","","","","","","","","","","","","","","","","","","","28.26428848275245","34.26519110038387","34.16166617334446","29.40653285156675","30.26038939526557","29.75720478129515","27.69357479188891","28.97290525759521","28.82734260744594","28.02725456969425","27.36657058693104","27.98945109250885","28.47395506329454","32.64020451272293","31.3289777889337","28.17609728897268","26.33440449032619","25.70394064244635","22.9294625131737","26.7416853618333","28.63783846573997","","","","","","","","","","","","","","","","","","","","",""
"IMF.FAD:FM(5.0.0)","BRN.GNLB_S13_POGDP_PT.A","OBS_VALUE","Brunei Darussalam","Net lending (+) / net borrowing (-), General government, Percent of GDP","Annual","Units","","","","","","","","","","","","","","","","","","","","","","","","","","","","","","30.24847499013008","6.479617487883976","3.405043127447176","-3.067155957720183","-4.685298992748095","-1.62594089658094","-1.060537544863613","-8.282163266218435","-12.77183235963671","-22.55016687184224","-19.79362405023686","-8.703672177638358","-11.79260604092415","-23.99687994474091","-18.25492547035212","6.859546082603196","2.585291606657167","-4.613498703094255","8.060858758215334","8.565276268892546","16.00927014907328","19.7801392552796","3.118779324298855","36.14025684118582","3.61000967815154","11.29579728132745","21.53798361176893","19.53746624381688","10.42683036451209","1.246769176285762","-11.39295310211094","-16.72848195259721","-13.81836335759501","-2.900523647752395","-4.155363484066683","-16.22702200943974","-8.340426972056359","-0.2513356349066789","-8.619823925394544","-12.88872120163778","-13.40915063388209","-10.69900994676902","-9.802879346393038","-9.602411707050919","-9.250341089336851","-9.110120354041783","-9.021873883944865"
"IMF.FAD:FM(5.0.0)","BHR.GNLB_S13_POGDP_PT.A","OBS_VALUE","Bahrain, Kingdom of","Net lending (+) / net borrowing (-), General government, Percent of GDP","Annual","Units","","","","","","","","","","","","","","","","","","","","","","","","","","","","","","","","","","","-6.788007986689337","-3.467783906062741","-5.405337203627566","-2.765784571693067","-5.177107129931501","-3.988471990029562","0.2422150221084425","-6.386575227021709","-5.491379584213781","-4.849368104886895","7.327271468724197","0.6953932292790353","-3.272278376518281","-1.703042968888007","0.2368950796663541","2.795563658202637","2.242465005560927","1.521495189629251","4.083106141541405","-5.358531684001499","-9.28584299115492","-4.901220544580203","-5.765648743616989","-8.545164272734493","-3.318628946335874","-17.46163968248646","-16.57913992546685","-13.37697283579956","-11.27566492758221","-8.566521933536253","-17.30468691906092","-10.57015457882042","-6.034836893789998","-9.66406859196852","-11.00675800329224","-12.97229997881527","-10.62716871761216","-9.085963341030894","-8.628411298045771","-8.217867761013795","-8.473540915489876","-8.721181927545355"
"IMF.FAD:FM(5.0.0)","ISR.G1_S13_POGDP_PT.A","OBS_VALUE","Israel","Revenue, General government, Percent of GDP","Annual","Units","","","","","","","","","","","","","","","","","","","","","","","","","","","","","","","","","","","","","","","","","","","","","42.60720729035661","42.05783132631045","41.75840791752977","40.37680010348261","39.60469709751764","39.6001351326962","40.68901004250861","39.77093924732393","37.71801278405945","34.83130901144611","35.97069075386225","35.8862955076629","35.10867368209261","35.63172577996987","35.99219498207522","36.36027956721123","36.1237712347272","37.23403581107887","35.61580346764148","34.89933908153496","34.1237946205538","36.69293885476095","37.23513103551367","34.24365182570595","35.64648018421077","38.37827945231588","38.35790582485119","37.07492782397627","36.49158053661342","36.36180089968856","36.45372836120929","36.50093809588488"
"IMF.FAD:FM(5.0.0)","GUY.G1_S13_POGDP_PT.A","OBS_VALUE","Guyana","Revenue, General government, Percent of GDP","Annual","Units","","","","","","","","","","","","","","","","","","","","","","","","","","","","","","","","","","","","","","","","","","19.18333067417494","16.99115830734091","17.15005500336776","20.60528242655283","20.31189855384221","20.69132828183653","18.69037424823473","20.78139273819908","21.83415558006605","22.83667645144006","22.12373827098562","21.36383886997028","22.86306923804205","22.04312368271816","21.37952045510785","18.73496202323389","19.24703662199071","19.22168673536325","20.99122139832867","21.97010922503206","23.16884742416429","25.03516199489198","25.60957177627616","22.76265468921602","17.84238300485739","15.28715109739993","18.08088755558316","16.07522092307115","18.54300313574724","16.03426242959766","16.98997461902276","16.02077273137642","17.35575823418213","18.27505609439402","18.04163142541388"
"IMF.FAD:FM(5.0.0)","CYP.GNLB_S13_POGDP_PT.A","OBS_VALUE","Cyprus","Net lending (+) / net borrowing (-), General government, Percent of GDP","Annual","Units","","","","","","","","","","","","","","","","","","","","","","","","","","","","","","","","","","","","","","","","-0.7123972754385736","-2.956325584309794","-4.821219576277259","-3.851035883398272","-4.053845758618918","-2.239735724398301","-2.107402184480901","-4.13067272880357","-5.907218982818618","-3.71164227360642","-2.224351146583189","-1.04125","3.228164349141992","0.8658828480496594","-5.433350825149662","-4.68421620566155","-5.650087369889365","-5.550540127414672","-5.159530830801978","-8.796073855446496","-0.7657198267935064","0.4512535697944114","2.128748941533251","-3.363475453736736","1.031152514849793","-5.574774291588451","-1.586862723718438","2.68539007474971","1.706890758374924","4.138613348825571","2.986071610478642","2.637824707548255","2.500191292590547","2.405728883625372","2.210439753607937","1.810903923833738","1.611283675691953"
"IMF.FAD:FM(5.0.0)","KHM.G1_S13_POGDP_PT.A","OBS_VALUE","Cambodia","Revenue, General government, Percent of GDP","Annual","Units","","","","","","","","","","","","","","","","","","","","","","","","","","","","","","","","","","","","","","","","","8.129115469037922","8.693262500893624","8.048011879010185","10.00370527958997","9.908166400815581","9.632442452041051","9.971698402261891","8.810200171575957","9.192665690750651","10.51083857162193","11.09068534398569","13.02166319598599","13.36433787357124","12.68071881137447","14.00553968052749","12.69290425200916","13.57957763056911","14.50819986258877","15.11951518529431","13.89828426234556","14.98928967924143","15.56244425265702","16.52216126869768","20.16049412099803","17.98458365092544","16.08513689660172","18.25399224533231","16.2412612027469","15.11246089347896","15.30714634159407","15.14949508893445","15.21929316178221","15.28987528742867","15.36265204386092","15.43851737451402","15.51739063321327"
"IMF.FAD:FM(5.0.0)","KWT.GNLB_S13_POGDP_PT.A","OBS_VALUE","Kuwait","Net lending (+) / net borrowing (-), General government, Percent of GDP","Annual","Units","","","","","","","","","","","","","","","","","","","","","","","","","","","","","","29.25127611375984","37.81850715126583","23.27563749541879","27.48265837026791","29.71693280122951","-49.88788550783924","-144.5366210544195","-28.02937420553797","-3.198071517150876","1.710523895007031","11.67898300178732","24.20858962160921","29.37581868616259","19.38528937524955","27.99254706706769","52.26696464072","44.93974708860391","30.85840900397539","27.0329824110242","32.28685349071686","38.75744424740518","27.82831743917508","36.91442754852458","21.20803150500078","31.13411013840839","31.71523577298264","38.60476441056018","40.54273275994865","40.42700147909204","29.83822428223809","16.34933680917","12.80972873004858","15.25023792296439","17.59351793982577","13.00481782081229","0.1580738299825324","9.98922886205024","29.98413380755372","28.20103558181067","26.03205387396585","28.35691351548535","27.57953526551801","29.49249707432415","29.39683239849096","29.06800002657945","28.88277854027918","28.70665754812852"
"IMF.FAD:FM(5.0.0)","TTO.G2M_S13_POGDP_PT.A","OBS_VALUE","Trinidad and Tobago","Expenditure, General government, Percent of GDP","Annual","Units","","","","","","","","","","","","","","","","","","","","","","","","","","","","","","","","","45.34319856993781","30.86060173677719","27.87824906401957","29.98531561528622","28.79185416418482","27.28197868853349","26.48091311025317","26.73452849957152","28.16123283377179","27.41142304225111","27.25104365881893","24.82565214525133","24.08659250038364","25.22239110243058","24.56464068575686","23.45749865109359","23.34320327981397","29.52953938085744","34.57652111637328","26.77477130662543","28.19734369174371","33.39832610827713","31.52132530474754","30.40194015382858","29.88672390723005","31.74872259101127","32.99283040327227","34.13473959535779","31.22793952450802","30.94183807908728","30.20585657693403","31.00581071834114","35.08490257245104","31.38961262225147","28.26630391818209","32.4251230514465","32.23793221916338","32.35399382762406","34.72606934410947","33.83886193370238","33.48611913424989","33.24995601131086","33.38900797243494","33.47688367202097"
"IMF.FAD:FM(5.0.0)","SAU.G2M_S13_POGDP_PT.A","OBS_VALUE","Saudi Arabia","Expenditure, General government, Percent of GDP","Annual","Units","","","","","","","","","","","","","","","","","","","","","","","","","","","","","","","","","","","39.28110940103422","34.94585763445724","41.16518470183777","37.73164325131937","33.7941252000079","32.4131597428556","33.34230912282414","35.59810983487602","34.53068536306637","30.31483793093782","33.13314975354625","36.93918750615482","35.86386919110801","33.11589698978968","31.09405306910774","28.15075115578053","27.26901746520703","29.4528966633907","26.67965635802298","37.0657323240013","33.01156975809998","32.38813419743481","32.52817004229309","34.46060619077989","38.64064296559887","38.50669882698421","33.29124364843984","30.93062066439859","32.44737584573728","31.77004130105369","37.38580781306366","28.19372919085835","25.2728216930774","28.3002661886184","29.23048103679565","28.99489530829464","26.67394823595103","26.6701244982453","26.31489907601881","25.87305283308228","25.43663198308506","25.01594182892049"
"IMF.FAD:FM(5.0.0)","LCA.G1_S13_POGDP_PT.A","OBS_VALUE","St. Lucia","Revenue, General government, Percent of GDP","Annual","Units","","","","","","","","","","","","","","","","","","","","","","","","","","","","","","18.89105153683265","19.48926515191669","20.47235101299297","20.21887465009858","19.92082966570194","16.78544910760518","17.54492304256544","17.63679041044967","21.29634583662066","18.7190028649963","18.88650639256686","18.25753462495578","17.93915613239168","20.79216339909757","22.49622107134127","19.75423208074762","18.96376681317745","19.98049560236788","19.31623591012024","19.91247978181814","19.2810844563486","19.40915140709127","20.59222720921547","21.62683690205557","21.5597339809171","21.53007528084073","21.5037595079372","20.18111236063955","20.30814968031231","20.33048144452477","20.89533788906016","21.08806784097347","20.87303520870498","21.96241856854206","21.61234384557638","21.61136307468509","21.34725471394732","21.30979606428027","22.07576155291312","22.57059138610201","22.36075441400738","22.19005285597968","22.10780063055887","22.16314375460622","22.12545132933645","22.07337849504454","21.97212595010911"
"IMF.FAD:FM(5.0.0)","BLZ.G1_S13_POGDP_PT.A","OBS_VALUE","Belize","Revenue, General government, Percent of GDP","Annual","Units","","","","","","","","","","","","","","","","","","","","","","","","","","","","","","","","","","","","","","","","","18.14305566283106","18.12279103928831","18.2299062172387","17.07990131464776","16.47762926905638","18.6222457966831","18.97104588057067","16.14773434956686","17.18120095418033","17.69781376448717","18.8970117280088","21.87036064690394","23.02908756421844","20.71666831512454","21.40077095283366","22.41700655977932","21.83272604149574","22.59939158793973","23.09251487275467","22.80455691607387","23.18891074140018","24.18804629283765","25.56425656990379","24.62994871277136","24.58673251850331","22.44218136196105","22.38084507798503","23.36843100327376","25.23762287048894","24.90826724120686","24.55663325723459","24.48700963015342","24.47594142237382","24.46943856952479","24.4694389765533","24.46943859500587"
"IMF.FAD:FM(5.0.0)","SUR.G2M_S13_POGDP_PT.A","OBS_VALUE","Suriname","Expenditure, General government, Percent of GDP","Annual","Units","","","","","","","","","","","","","","","","","","","","","","","","","","","","","","","","","","","22.67172683493659","26.64137043944241","24.42855967563991","21.1522271712869","19.75799041385745","20.24400468777493","21.39011836608567","21.11012935744604","30.34505350349453","19.61341390647601","24.36234151138128","21.8375509911812","22.19872540007965","19.17703090231655","20.81280735604469","22.20545532104067","22.20874538713711","22.58193248401734","20.49941762522564","24.02134583065168","21.02682467926379","21.04881219879087","25.06399851905108","26.17905141347684","25.15696992901373","29.88083335736084","27.90928712356855","28.73991823830475","29.46137235872509","40.50231918449043","30.20365218590443","32.02149733135805","28.20791043353744","28.88042290174243","29.26498797794353","37.29341766888925","30.16836489726969","27.7435948661617","23.24075929588458","18.13999069975957","19.54144522151975","20.9152148398525"
"IMF.FAD:FM(5.0.0)","IRN.GNLB_S13_POGDP_PT.A","OBS_VALUE","Iran, Islamic Republic of","Net lending (+) / net borrowing (-), General government, Percent of GDP","Annual","Units","","","","","","","","","","","","","","","","","","","","","","","","","","","","","","","","","","","-1.728248876812644","-1.643028787177361","-0.8570301957107302","-5.146048496233962","-3.358840642505382","-2.63107088370774","-0.7493894681230844","-1.810065755920544","-5.029267923886214","-0.5088779640802642","5.419458214037311","0.01982367329094544","-2.882053803591173","-2.756520870129435","-2.44555997406849","-2.437942115230298","-4.909476632750512","-2.405199941999703","-4.387889382506147","-3.302406812084211","-0.8416557095845158","-0.6571532634490069","-0.4996045608124043","-0.7195314422697454","-0.9068580542715625","-1.299085436514033","-1.700616607020607","-1.546984992167483","-1.587854014839091","-4.296650794456365","-4.867484232431262","-3.009270927402826","-2.638432372983534","-3.038624023937638","-2.67880487346291","-5.650137226842654","-5.185442061740776","-4.712300460801409","-4.276918116400252","-4.068157346567918","-3.839581003861235","-3.609220097051776"
"IMF.FAD:FM(5.0.0)","ARE.G2M_S13_POGDP_PT.A","OBS_VALUE","United Arab Emirates","Expenditure, General government, Percent of GDP","Annual","Units","","","","","","","","","","","","","","","","","","","","","","","","","","","","","","","","","","","","35.96356425527155","29.5643235388878","31.49134362159002","30.127787693529","26.14406311438337","27.60408891690112","22.56174341847911","25.84312583145079","24.28014530879511","21.78821084773467","25.22845812510504","21.33275715341947","20.04999370569057","17.70889289253884","15.74379661588757","15.62722667412019","17.65685981691418","21.9507281354274","34.99697739679164","30.35078612241696","29.63207041099264","27.79086302986349","28.88167647756532","31.4280081032413","26.40436056099632","31.70466092943141","27.23992378173467","25.87315111297952","27.40412950818082","30.46058333125937","25.93642636837831","22.74109152326938","22.66225972044161","21.41054950988078","22.5676610452726","22.46889029949409","22.93151714912177","23.38413124624378","23.85965763973569","24.10644219680263","24.39035776399111"
"IMF.FAD:FM(5.0.0)","QAT.G2M_S13_POGDP_PT.A","OBS_VALUE","Qatar","Expenditure, General government, Percent of GDP","Annual","Units","","","","","","","","","","","","","","","","","","","","","","","","","","","","","","","","","","","49.97575397367563","57.52553187904745","54.19423741691668","62.80065108263949","59.77072059661792","52.24310514884582","55.1556318371532","47.64809596264878","55.11148606024441","42.36141617550978","29.78549275464021","32.10974418863094","31.58102163282098","28.50717987013393","29.918817352867","28.98989669161116","29.545324574324","29.45630916495005","23.54740605617964","36.4321882875536","31.9966684446527","28.49736860203504","30.98361722400798","28.29323312168478","32.3152487550922","38.55958473535542","40.13814830573687","34.66314006967928","28.89609823428632","32.46435096431303","34.69940934639848","29.36833658145134","24.33431004380045","26.71949411064181","26.03164893350314","27.07926418310781","28.98033392221526","28.49603110196535","27.88846581500654","26.704355180031","26.23494014147015","25.97245434143655"
"IMF.FAD:FM(5.0.0)","EGY.G2M_S13_POGDP_PT.A","OBS_VALUE","Egypt, Arab Republic of","Expenditure, General government, Percent of GDP","Annual","Units","","","","","","","","","","","","","","","","","","","","","","","","","","","","","","","","","","","","","","","","","","","","26.25137426139704","25.9924266281702","27.86203743120292","30.92363612960202","30.638057521321","30.11828177738563","30.3099348073413","34.54044029507619","31.26086375449747","32.68855683335722","32.52613740726812","31.35770979365781","30.54850495635599","29.19095189644452","32.88635690579525","33.89157612932467","31.26542487213925","30.9681902301058","30.55293361415794","28.63083022587973","26.89755182273052","25.69539056658973","25.54319761072174","24.94240229518648","22.74138644084486","22.9340669387027","22.66988305222124","28.76398145611966","26.70117162674939","24.75272631722395","21.86694299783223","20.93339515145298","20.27375878238619"
"IMF.FAD:FM(5.0.0)","HKG.G1_S13_POGDP_PT.A","OBS_VALUE","Hong Kong Special Administrative Region, People's Republic of China","Revenue, General government, Percent of GDP","Annual","Units","","","","","","","","","","","","","","","","","","","","","","","","","","19.91977531396759","16.26381530930353","14.37330277882235","14.23790427416381","15.52311901485964","14.44983159677638","14.8081723579543","14.9973211040719","14.98771946775441","14.48049460045697","15.93660162336026","16.17004313597991","17.30362815746523","16.38878711123561","15.79064567230042","16.39040207093929","20.45294731430372","16.74707499044706","17.83891685135395","16.86944822781516","13.40669564972929","13.7334217428744","16.38874735305749","17.90513061707688","17.17053330267164","18.83986147998978","21.26752122532674","18.87729264516212","18.81776467584173","20.729184516196","22.39509144059492","21.43689769068876","21.04283326064024","20.84491871201545","18.62954606508428","22.63871558412098","22.853453014993","20.74251858428454","20.36765192335363","20.67743172633881","23.7143722879525","21.71932266776964","18.07150723267494","17.38244680948607","18.46147113312131","17.73939161795349","19.6008035953686","20.14579782297823","20.50239996164324","20.50239996164325","20.50239996164326"
"IMF.FAD:FM(5.0.0)","ARE.GNLB_S13_POGDP_PT.A","OBS_VALUE","United Arab Emirates","Net lending (+) / net borrowing (-), General government, Percent of GDP","Annual","Units","","","","","","","","","","","","","","","","","","","","","","","","","","","","","","","","","","","","3.890170445095065","3.337217598185425","-2.885747835245926","-1.7836441879362","3.58260364924912","0.9167317147501781","6.711355502339231","0.9959330049493312","1.306052277575547","10.66035757492028","1.205320944699276","-1.237839317079393","2.351605960831631","6.400208212265354","15.98714404005521","20.15002894503586","17.12593107206284","17.6379329003646","-6.126634178484787","0.5186560716783081","5.053237163816623","8.588207802837229","7.994792510731426","1.743246445973829","-6.354338081326437","-2.951690340127659","-0.1590983211025964","3.65390610392736","2.495053147728405","-2.415153345478193","3.963313049404866","9.804753327455835","5.817431282874649","6.414806458473644","5.150746647278067","4.892362934690296","4.829676282799096","4.708299959035139","4.693644111332338","4.576484164358504","4.489106944273489"
"IMF.FAD:FM(5.0.0)","KNA.G2M_S13_POGDP_PT.A","OBS_VALUE","St. Kitts and Nevis","Expenditure, General government, Percent of GDP","Annual","Units","","","","","","","","","","","","","","","","","","","","","","","","48.41129495443719","47.38231933656696","33.29733145368665","29.02244792567518","28.975773505578","25.19048190887163","28.18081571464424","25.32256817758105","38.751738326192","28.63372709940352","24.04314067843633","19.3079013420029","18.21503096214078","19.78019938669539","21.3254101316931","22.24805163491786","23.68944661719284","26.83628276479847","26.28748483387946","29.13643080990161","33.58980082622139","33.34841115082928","29.49320451008723","34.08280319212056","29.96869459915094","32.37887894374508","33.04997436115843","31.24757777201129","30.90831981077019","29.52861493473291","30.37097758077811","31.15670195442153","30.27030795319172","26.4222828184987","27.9421418922024","27.37038487029671","29.04597664577592","26.05830172919666","25.53154768905773","34.22761448017106","37.93423459488692","37.24068531427744","41.95040357784791","50.35533778278996","43.71202293084707","44.35310246022152","42.42297992000551","40.82587190412616","40.17176868717981","38.74989876180728","38.89843518252418","39.03457086133124","39.16234226471593"
"IMF.FAD:FM(5.0.0)","BRB.G1_S13_POGDP_PT.A","OBS_VALUE","Barbados","Revenue, General government, Percent of GDP","Annual","Units","","","","","","","","","","","","","","","","","","","","","","","","","","","","","","","","","","","","","","","22.176740148446","23.08962523986586","22.56818819117464","24.73790354959445","23.39169623084452","23.54145482248124","24.37234454098926","24.53516493518898","24.16416982077624","24.84050056102757","23.46405975666693","23.59461527182933","21.84316554153655","22.0444591174362","23.11554562531093","21.63570521296085","20.85933364850314","23.00145684415474","22.21834308835617","20.59908895437556","21.15905703838924","21.58496980544175","24.0687244459409","24.33269357626283","24.70293480859205","25.06967601051758","26.37991511361419","23.24330607954741","25.17187108161168","24.87882534741713","27.24498355120573","26.66327296307823","26.1201925620498","26.15775721571857","26.15858284244271","26.17200474539688","26.16235177767471","26.1623517776747"
"IMF.FAD:FM(5.0.0)","JOR.GNLB_S13_POGDP_PT.A","OBS_VALUE","Jordan","Net lending (+) / net borrowing (-), General government, Percent of GDP","Annual","Units","","","","","","","","","","","","","","","","","","","","","","","","","","","","","","-7.473327461406474","-3.814542591403101","-13.37228993095327","-12.88795436067329","-6.835776702335586","-6.819474405108887","-8.102142218770484","2.07143387119834","-1.431625452649997","-1.674565673435304","-1.452746995326273","-2.688211259749736","-2.676672046576623","-5.58873968075037","-1.125448073797474","-1.852819402795035","-1.125572257743648","-3.214488760045277","-1.600131137786117","0.563452244707567","-2.200901499981625","-1.857220682011382","2.764770667834075","1.915465521170407","-2.277616594907305","0.189613682748958","-1.207926742351422","-3.325940410703954","-8.778592730890983","-6.751751471604611","-5.182060030299813","-2.622847195146883","-3.2158430499779","-4.231868901657388","-5.063999114222866","-7.55567707841244","-6.620485785035836","-4.902495877427525","-6.487045545231492","-7.270805065041912","-6.345420991621007","-5.44518932727192","-5.319657037586608","-4.298925728043671","-4.11008142913816","-4.123078340223102","-4.299337125135135"
"IMF.FAD:FM(5.0.0)","QAT.G1_S13_POGDP_PT.A","OBS_VALUE","Qatar","Revenue, General government, Percent of GDP","Annual","Units","","","","","","","","","","","","","","","","","","","","","","","","","","","","","","","","","","","53.20207511738241","54.95627699654645","51.45804908047107","53.27285421862677","47.97034327503599","46.46410832535601","46.42714886897215","38.2442674185196","48.1108413301793","38.00857365380106","34.40737301352367","36.59031053437047","39.47192537439703","35.21775582096242","47.60987291831508","38.79328770114522","37.94025516619505","39.79965006503124","33.03618320207672","50.56154090408042","36.59678859420861","33.73302363509535","39.53739593044286","47.56324261891234","45.66766756632181","57.00665666779338","30.93508115986638","27.84306302342595","31.15581852040159","33.4630643315858","32.56589029036855","29.61152508693492","34.72437772832192","32.22621452276591","26.73982107882851","26.07734559247834","25.54754636433937","23.68121152911058","23.22156868879876","26.31096757702516","28.07844542046712","28.8333364818957"
"IMF.FAD:FM(5.0.0)","VCT.GNLB_S13_POGDP_PT.A","OBS_VALUE","St. Vincent and the Grenadines","Net lending (+) / net borrowing (-), General government, Percent of GDP","Annual","Units","","","","","","","","","","","","","","","","","","","","","","","","-2.179645936666219","-3.609755924116764","-2.67770399897773","0.3301319687521394","-1.920393279820734","2.50035435798251","4.227975196735477","2.316195303958547","1.10008467479028","0.5886188952121563","-1.922510733847238","1.727997956750567","-0.485343009211028","-3.318023895928916","-1.496470377642718","0.1244465715692241","1.101730027909176","1.584536536847718","-2.807608594239388","-1.819485265132777","-1.947026571874237","-0.815609926213651","-1.595261441252847","-1.998614399122015","-2.505463574432471","-2.708399863976678","-4.298840103974099","-3.123214448866869","-3.069189830456327","-1.293227218083457","-2.851015249554152","-3.694947267144133","-3.497322877826039","-1.800336578805731","-5.817254850456629","-2.821087756359128","-2.012782345123188","0.03957653915343047","-1.561653134110651","-1.6458303403869","-3.449090518670019","-5.92267651684851","-7.188065840281195","-9.352235629096275","-12.51270739747494","-16.01959802471954","-12.32785586573987","-12.10149427139006","-11.08177525573639","-10.232691156863","-9.394391262851205","-9.519033790067401","-9.64245379678613"
"IMF.FAD:FM(5.0.0)","IRQ.G1_S13_POGDP_PT.A","OBS_VALUE","Iraq","Revenue, General government, Percent of GDP","Annual","Units","","","","","","","","","","","","","","","","","","","","","","","","","","","","","","","","","","","","","","","","","","","","","","","","","56.05201913502613","67.27397559579479","61.03971351293343","53.95978934304902","56.39862611421294","46.18031139479646","45.39644421777289","48.11364294926101","46.98537259563523","42.18670139589096","38.15224804842041","30.63424099509915","27.91998912499581","33.97390409210544","38.81135718403378","35.48382120803587","29.05413326544147","35.95001116892969","42.03560261272154","40.02540029532255","38.26463238559947","36.32473866184597","34.72507095408193","38.77320564545192","37.48629219585711","36.57644628213101","36.43756792083763","36.08645667529128"
"IMF.FAD:FM(5.0.0)","IRQ.GNLB_S13_POGDP_PT.A","OBS_VALUE","Iraq","Net lending (+) / net borrowing (-), General government, Percent of GDP","Annual","Units","","","","","","","","","","","","","","","","","","","","","","","","","","","","","","","","","","","","","","","","","","","","","","","","","-35.39817073357693","4.06868164292343","10.72068827938654","9.980376369799119","-0.8556325885660499","-14.91419746874032","-4.178909482167525","4.744457625202258","4.093865283295134","-6.062282776264789","-5.630533748619095","-12.82965396819829","-14.44870206870897","-1.520809675045598","7.685295177473739","0.8337869102264876","-12.81538055627364","-0.3770128673148787","8.097763283614086","-1.140825791441639","-3.453446082743482","-6.405799890547563","-7.903489305541097","-2.664142618742065","-4.403672054808836","-5.680967849430587","-6.320014594505027","-7.274564962832267"
"IMF.FAD:FM(5.0.0)","AFG.G1_S13_POGDP_PT.A","OBS_VALUE","Afghanistan, Islamic Republic of","Revenue, General government, Percent of GDP","Annual","Units","","","","","","","","","","","","","","","","","","","","","","","","","","","","","","","","","","","","","","","","","","","","","","","6.844626448500506","9.825829100638667","12.67587504043151","14.73347690524512","18.94591165701909","18.9857911257064","17.03577894328105","19.39054437480299","21.72248841731695","21.26482388029668","25.21026166178926","24.34602989790791","23.68365247646221","24.56904147967918","28.15623310146367","27.05872456391442","30.56983055471367","26.94093851508739","25.69422151210258","17.44893419485114","15.11825238263543","15.63728201059645","19.12104375420233","19.12104375420235","","","","","",""
"IMF.FAD:FM(5.0.0)","AFG.G2M_S13_POGDP_PT.A","OBS_VALUE","Afghanistan, Islamic Republic of","Expenditure, General government, Percent of GDP","Annual","Units","","","","","","","","","","","","","","","","","","","","","","","","","","","","","","","","","","","","","","","","","","","","","","","6.94308452478337","11.92749833701976","15.06871329518272","15.65058431988047","18.26221589184549","21.44751051410911","20.89937273507944","21.15113646501271","20.78914479182157","21.93664557782108","25.02820460933599","24.97697546746917","25.40244928490511","25.94674180836465","28.02897511697031","27.73183047005704","28.9356348144642","27.99901963293784","27.93702090507549","17.93387301276182","16.11558909934645","16.96698551464369","19.66909555791223","20.01180512456108","","","","","",""
"IMF.FAD:FM(5.0.0)","EGY.G1_S13_POGDP_PT.A","OBS_VALUE","Egypt, Arab Republic of","Revenue, General government, Percent of GDP","Annual","Units","","","","","","","","","","","","","","","","","","","","","","","","","","","","","","","","","","","","","","","","","","","","28.38655530300277","27.31270478793348","26.79221201128692","24.15584770971535","24.90898711378402","24.35608206267275","23.62264137130744","27.18588028076931","26.36205226507864","26.63924489848331","26.33069738398982","23.91089020048064","20.94845895391517","19.71986942513142","20.607030890988","23.16891257805531","20.8949431443319","19.172041621565","20.65455291446703","19.65609703827526","19.30220872051465","18.22676429476969","18.5878990259789","19.1977672935926","16.9732292846241","15.81646199227913","16.11492972657047","16.63452875059733","17.83149039586301","17.79538858061385","17.48245874951374","17.37230485375508","17.19691794352687"
"IMF.FAD:FM(5.0.0)","BWA.G2M_S13_POGDP_PT.A","OBS_VALUE","Botswana","Expenditure, General government, Percent of GDP","Annual","Units","","","","","","","","","","","","","","","","","","","","","","","","","34.31254013413524","37.25091215637989","36.70237417405379","34.4312893034445","34.56011798280016","31.44348463673213","35.49034039711216","35.94230842044681","32.05322821240893","34.04369716893864","38.9207456956349","41.10089640789032","42.31257819812001","41.97018722083806","37.60181175431675","36.12113887295317","36.06609525781884","39.00065893944967","41.77157963508841","40.06805133487893","38.81882028867237","42.11907025697944","45.08212266741695","42.74556836295738","39.8471005607895","33.78338804771626","33.12132124199105","37.06687448860006","48.12235742124867","52.12313281024728","42.58092892618318","37.15796848830188","37.14697781071809","33.4867663240415","36.53243592002258","37.81331325528409","34.11107192105574","34.67172591894685","35.59085712699981","36.86100876281187","36.53479050865962","31.40631779542265","29.07706010030006","32.35622109349959","33.71775362830677","35.01087031780124","35.69020083334272","34.80835114721236","34.95541451175486","35.27690831411366","35.70173464532475","36.00756708718057"
"IMF.FAD:FM(5.0.0)","BDI.G1_S13_POGDP_PT.A","OBS_VALUE","Burundi","Revenue, General government, Percent of GDP","Annual","Units","","","","","","","","","","","","","","","","","","","","","","","","","","","","","","","","","","","25.54947425596289","23.35607598909603","21.94808559010801","22.80459797052449","17.61400347230058","18.40179531882293","15.82874820013714","14.29729360231678","15.50665376224443","15.12926855813415","16.02424503401061","14.87857640998321","17.00935110359038","20.20223893813474","24.3688057627957","22.5867354579594","26.54990389496397","36.4547770894902","38.45843050924082","32.84299085208117","37.20676146848672","38.69561589747242","33.75021168752841","32.87032827441311","24.5294204371375","15.60861195091884","15.46289704779056","19.08708857729986","19.35965699332697","22.39995198960622","22.58908962668389","23.79166975370246","22.784991739556","20.74767189611227","17.46690022887622","17.41686134618608","17.40311848932759","17.87658925329614","17.86482421928291","18.08355061167316","18.15301254054973","18.59864726613375"
"IMF.FAD:FM(5.0.0)","ERI.G1_S13_POGDP_PT.A","OBS_VALUE","Eritrea, The State of","Revenue, General government, Percent of GDP","Annual","Units","","","","","","","","","","","","","","","","","","","","","","","","","","","","","","","","","","","","","39.51014950578276","71.44482730492668","59.04483515673724","58.26115456237598","50.24235739856346","54.50012631331949","47.6429148587364","46.31964070892859","59.34158532724397","49.91529768170571","46.78201558186646","64.37927836458725","49.40197528919222","45.59899811331597","34.99276549673607","31.37641429136218","31.41650242485761","22.7799701851889","25.9277805255168","26.74858775203626","28.10751240552663","25.10464764814723","21.47666647121261","28.31525698448288","29.50033910608531","36.75499799914989","31.5810537941909","33.97346692402138","","","","","","","","","","","",""
"IMF.FAD:FM(5.0.0)","LBY.G1_S13_POGDP_PT.A","OBS_VALUE","Libya","Revenue, General government, Percent of GDP","Annual","Units","","","","","","","","","","","","","","","","","","","","","","","","","","","","","","","","","","","33.3495714511893","35.88722640615502","25.75385971228363","24.44243731178751","25.86269215396761","31.45707090703377","42.07757998473671","32.21873364141255","30.49519541533916","32.64873281625335","40.40853789564489","37.04577131035748","47.86541408205087","47.88568445044889","52.36812742816923","58.5333489574096","57.58570016975348","61.80443670432215","68.7089825884105","54.8180537298395","64.40770548299536","28.17569954187038","63.99197464776669","57.1600614464973","29.51108687998882","25.0305399099407","12.74594286142469","23.86352467597954","46.94871505818064","59.23972254034411","35.06937291625063","79.53449609721427","85.78375417963796","73.57370281991453","70.36285529928934","71.2078896799912","67.87112411259031","65.54893810460036","63.95641001722872","63.39273955559644","63.26320142525134","63.29616242883542"
"IMF.FAD:FM(5.0.0)","DZA.G2M_S13_POGDP_PT.A","OBS_VALUE","Algeria","Expenditure, General government, Percent of GDP","Annual","Units","","","","","","","","","","","","","","","","","","","","","","","","","","","","","","","","","","","23.27475916135536","27.58805171656244","28.20971280723845","32.58112584707688","30.94639820340408","28.91058542978742","26.88602174432557","28.52018562522819","28.7329785305558","29.42568888325454","26.3521744127472","29.08943595212057","32.49367568934986","27.02555476742514","27.08157723691392","27.84331068624465","27.8384035170223","33.108108997788","37.30613868484443","40.11395251151471","35.0895399190425","37.72052419296601","40.03124607862565","33.46633912995066","36.94727758441011","40.91780163435347","37.17932691780345","36.24854164285901","36.24978481381794","37.09905271519191","37.50559990936806","32.54606192149025","32.68796698215364","37.3918589751127","36.78610052619516","36.1606050508317","33.80515679421527","32.60778443683535","31.78058428359513","31.42932841466806","31.40767399807985","31.50633198132703"
"IMF.FAD:FM(5.0.0)","GNB.G2M_S13_POGDP_PT.A","OBS_VALUE","Guinea-Bissau","Expenditure, General government, Percent of GDP","Annual","Units","","","","","","","","","","","","","","","","","","","","","","","","","","","","","","","","","","","","9.185966145862845","10.14610013335713","13.10129194151937","18.44698460704509","8.136760445925641","8.926057457398948","12.73732770180562","8.718554791084697","12.13854233351393","23.51436415536968","19.07452673061694","14.05473751853649","17.03242448972296","22.97256774161094","20.16662371963444","19.80745969124554","23.6893726350869","21.75467727599449","20.60730814217004","18.5485979562106","17.3133911300116","12.97392728048978","12.41569000069258","22.95905239035378","21.50320897803547","20.51556919348597","18.10815911507546","19.47629730097609","18.79679876642091","25.03435530565725","25.00397074595464","21.27549154476049","21.89143176055852","20.35874702302606","19.87142225534131","17.71978817002489","18.22535646676449","18.07048429518485","18.1382916423461","18.23964223773537","18.29112040388788"
"IMF.FAD:FM(5.0.0)","TCD.G1_S13_POGDP_PT.A","OBS_VALUE","Chad","Revenue, General government, Percent of GDP","Annual","Units","","","","","","","","","","","","","","","","","","","","","","","","","","","","","","","","","","","","","","","","9.173844104466483","9.128356386633741","9.426423505640703","8.415160623159802","8.819224038469372","9.354884239095022","8.452290182589235","9.703154120443698","10.59573601896042","7.996181382879541","8.820399099425658","12.39366910517949","15.65721689721685","17.46339793738481","11.30697834761624","15.36558877898207","18.0817879050405","16.90517244142259","15.08901132208083","13.70305341394345","10.49594405981441","9.697817181599635","11.13649387220762","11.12098275815895","10.51424498162782","15.32046240885452","11.68849188151082","16.40312793231172","15.83771885057803","16.04200733850319","17.33267207538646","17.19741760166168","18.15069425616189","17.88547759453729","17.01794933465349","16.99515804941748","16.65020585484914"
"IMF.FAD:FM(5.0.0)","VNM.GNLB_S13_POGDP_PT.A","OBS_VALUE","Vietnam","Net lending (+) / net borrowing (-), General government, Percent of GDP","Annual","Units","","","","","","","","","","","","","","","","","","","","","","","","","","","","","","","","","","","","","","","","","","","-0.09904227840273484","-1.245925400960995","-1.605298969153338","-2.192236614334041","-1.854854446577293","-2.558549625794989","-0.1495490577131521","-0.9539257946417903","0.2005798694980319","-1.738695463790975","-0.4471870845845895","-4.824294863166194","-2.250905537990784","-0.9009558742823687","-5.462264630088989","-5.964025797757349","-5.016688996078639","-4.983223682902402","-3.163970781591563","-1.964006586709422","-1.021052308469518","-0.3967406952090243","-2.861165510345375","-1.431931067838008","0.6709022496202947","-1.717893943944781","-1.535028993323078","-2.202552839527662","-1.979171668409146","-1.555360275052952","-1.401676347484952","-1.316073215396409","-1.315683783050804","-1.250702820483866"
"IMF.FAD:FM(5.0.0)","PHL.G1_S13_POGDP_PT.A","OBS_VALUE","Philippines","Revenue, General government, Percent of GDP","Annual","Units","","","","","","","","","","","","","","","","","","","","","","","","","","","","","","","","","","14.08476755460827","17.28861788948947","17.78049668366881","17.98718801187136","18.2192696006115","19.23792272923187","19.08656136615908","20.15757423507177","20.65408725050183","19.02841293457929","18.46158030823396","17.53541388836677","17.52240761607137","16.85067192052562","16.92016233799955","16.56286439424903","17.11633740502393","18.23592915978342","17.89889312495827","17.90062989250328","16.64042084468908","16.09457828973203","16.83829387317192","17.4860319825644","17.69416318350475","18.15289121657373","17.93035929954614","18.26650790298639","18.70560447278861","19.42948641997141","20.21707896077942","20.37446590351693","20.96676045729481","20.40573149136791","20.28231600653249","21.20608707982703","20.28949026398366","20.30368448984447","20.21982564143196","20.21205611772992","20.1778823446819","20.17930566648135","20.11875260738686"
"IMF.FAD:FM(5.0.0)","CMR.GNLB_S13_POGDP_PT.A","OBS_VALUE","Cameroon","Net lending (+) / net borrowing (-), General government, Percent of GDP","Annual","Units","","","","","","","","","","","","","","","","","","","","","","","","","","","","","","","","","","","","","","","","","","","","","2.058882276494669","1.195416670272317","1.587007402081635","3.507136844705792","2.066257779754919","3.432070580981098","6.336289828314218","3.660048851457181","1.944076352148961","-0.05004391430777782","-0.5712464065616388","-1.545189017325537","-1.216382338844056","-3.542822649126473","-3.36244494451847","-2.85780653219284","-5.785788264489585","-3.682195367414465","-2.296202187623216","-3.645713119988881","-3.518454682801935","-2.881091081357959","-1.111700817471031","-0.639930841786943","-1.509184361033731","-2.009669570398925","-1.668852479706128","-1.357228968506547","-1.284287573228609","-1.235587830300935","-1.227346906144712","-1.202446915809172"
"IMF.FAD:FM(5.0.0)","GMB.GNLB_S13_POGDP_PT.A","OBS_VALUE","Gambia, The","Net lending (+) / net borrowing (-), General government, Percent of GDP","Annual","Units","","","","","","","","","","","","","","","","","","","","","","","","","","","","","","","","","","","","","","","","","","","","","-0.09077711364308324","-2.522861367446267","0.05938281432091731","-1.732202163927891","-1.766022400384615","-3.332376240697447","-3.193722105073191","0.2748081611015273","-0.4543985193333163","-1.647543535186549","-2.927866697906718","-3.027887968450038","-2.847695405310218","-5.10644023397258","-3.936774188203613","-5.375322950839254","-6.224009694961092","-4.348708194446601","-3.922607514418811","-2.746377979294906","-2.368863705325883","-4.766030178731055","-5.716026328447534","-3.556328858716624","-4.004451827614344","-2.948681150180184","-0.9918265578650051","-0.427067820634227","-0.6082738894277062","-0.5425697115776105","-0.4649693201279966","-0.498284810227735"
"IMF.FAD:FM(5.0.0)","GNQ.G2M_S13_POGDP_PT.A","OBS_VALUE","Equatorial Guinea, Republic of","Expenditure, General government, Percent of GDP","Annual","Units","","","","","","","","","","","","","","","","","","","","","","","","","248.5370424090733","206.9793485950274","221.296431599157","199.4112956577397","158.0321138256045","115.3596299472179","118.9856875650974","182.999634000732","227.9468077604748","116.796735301879","212.9313225441813","284.516471089515","594.7697869050963","256.3074107405522","509.8442696375044","141.5013868462712","22.94291415357638","14.75259509003917","35.08712706706114","18.68598935948045","22.64532188123561","13.47648992514726","11.25452556029847","11.76895873761397","15.4878429007887","14.12182875285538","18.09293864826647","19.68894342250665","19.89269238827617","39.84715721811368","31.17890715810241","27.49252760586367","35.19963368216871","29.27359676519182","31.59790183075937","41.57078263883242","27.81849431205337","20.06960395006707","19.05344763440165","16.79936389726376","16.16560204756997","12.71487389209495","14.78588757600218","19.24215446250019","18.46788813247118","20.67830735597364","19.20042961369047","19.327928415487","19.2012384615431","18.82575499275233","18.08396232900686","17.75455531174745"
"IMF.FAD:FM(5.0.0)","IDN.G1_S13_POGDP_PT.A","OBS_VALUE","Indonesia","Revenue, General government, Percent of GDP","Annual","Units","","","","","","","","","","","","","","","","","","","","","","","","","","19.07359519566783","17.08649548357214","17.63636406629675","18.55477614626017","17.66300978154992","15.09591843623157","14.56663836454295","14.62989393270843","13.99134857513636","16.81482264641213","15.55098846684623","15.28015600959392","13.50485099180685","13.52865746077913","12.54799053409249","12.47034872878722","14.21575291214547","13.1852802603677","14.18078514814594","13.43287302439307","17.74535035444449","16.35281929650713","17.0987337695865","17.57303121180095","17.85957809210316","18.86751619185055","17.78220354001195","19.448114296579","15.38227768189474","15.64410660089531","17.01016377859606","17.2493455749896","16.86441737983093","16.56021658427884","14.87824028471571","14.35953028644354","14.17964705757779","14.92104243778926","14.26816725369384","12.35184104964976","13.71885159371539","14.95043798721512","14.99531002128472","14.58306758047887","13.27782731248291","13.84104336507482","13.77290764007051","13.86316825781197","14.00380056980279","14.12815884842718","14.23057955728775"
"IMF.FAD:FM(5.0.0)","COG.G1_S13_POGDP_PT.A","OBS_VALUE","Congo, Republic of","Revenue, General government, Percent of GDP","Annual","Units","","","","","","","","","","","","","","","","","","","","","","","","","","","","","","","","","","21.06914686493774","26.33377093261644","22.88491002857181","20.08205629155391","21.53741398419235","20.08093161067532","21.20097242431219","24.91409003759571","25.86475005285163","19.90756600349862","24.00639307370103","23.69168640724092","28.37254035615892","24.79313365923333","27.3785296224497","27.71470603040406","35.52779321837543","42.58771088445617","37.5680991341909","48.06263937841006","29.18910826001312","38.51445355033491","43.9378638106035","37.89273798493805","39.54235810225105","37.83012640905959","23.48303459728014","24.26436511356538","21.02869325555909","23.00846399989171","24.45659530258871","20.00358605443327","22.56451182240412","31.78056923446421","26.48032514980892","25.2667266750838","24.20378539117454","25.15090196535958","25.10647321450477","24.83503885193297","24.52380048931522","24.30876996972939","24.04078970834504"
"IMF.FAD:FM(5.0.0)","DZA.GNLB_S13_POGDP_PT.A","OBS_VALUE","Algeria","Net lending (+) / net borrowing (-), General government, Percent of GDP","Annual","Units","","","","","","","","","","","","","","","","","","","","","","","","","","","","","","","","","","","3.350608002662983","1.525128803298129","-1.048070575571394","-7.790027579376398","-4.050915260877223","-1.297940937375393","2.69817487453355","2.19155578072173","-3.520114995749277","-1.830808198555169","8.912596972981434","3.151861090106454","0.2149245570942445","7.217154860125215","6.363179989597417","11.43132549658139","12.86888165557718","4.627705277367876","7.785620806864112","-6.5294446612198","-1.347212295523019","-1.058276246854723","-4.036427828826225","-0.7882931495661108","-7.144960998537169","-13.87860866755566","-11.84700830986705","-7.547024306015626","-6.154000787785316","-8.508545730814017","-10.51819469690257","-6.316661979391414","-2.961754107662701","-5.515725246942371","-13.79127157479191","-10.15356029991647","-10.24219024317456","-9.6888026772526","-9.509403177003145","-8.828717747003688","-8.621312589658929","-8.600571690331632"
"IMF.FAD:FM(5.0.0)","CIV.G1_S13_POGDP_PT.A","OBS_VALUE","Côte d'Ivoire","Revenue, General government, Percent of GDP","Annual","Units","","","","","","","","","","","","","","","","","","","","","","","","","","","","","","","","","","","","","","","","","","14.42299789709261","13.8680207929919","12.39999051016746","12.04681181650385","12.13820507339398","12.46060306885562","11.41351460892136","12.47023781068121","12.5714489186706","13.42694791087219","14.45378331610024","14.37953180154163","13.38398474408711","13.12846972040284","10.30784838175636","13.86528206381604","14.2362979840986","13.6453798923177","14.46045622783834","14.6021886454026","14.83497432858402","14.65591171425147","14.97774832801457","14.95062010799949","15.57325575456344","15.109775502554","15.86090287921295","16.40173668193509","17.18262975946078","17.57872119645858","18.00733611188765","18.49773763758847","18.94223293498176","19.3024338950771","19.48593273762374"
"IMF.FAD:FM(5.0.0)","CPV.G2M_S13_POGDP_PT.A","OBS_VALUE","Cabo Verde","Expenditure, General government, Percent of GDP","Annual","Units","","","","","","","","","","","","","","","","","","","","","","","","","","","","","","","","","","","","","","","48.05554203660373","44.50878748244482","38.92366096942404","34.79298120221371","29.84631067957166","34.9585768381753","36.68926870377862","24.15570362347692","28.5305383120142","23.4081033441403","26.27315182532213","26.22523540993456","28.40043364747468","27.06041649151504","27.60060995556865","30.62889033038999","35.70784467895949","30.34212607501191","31.58096744369705","30.86684277503692","27.76893409339977","28.6969393775996","26.64761242279947","27.98318439466728","27.53893456953986","27.5066090383237","34.54109361700584","30.79330077598938","26.59952570933311","25.70145125805089","26.09495976258231","27.04568795018863","27.45882443876122","26.8294377231882","26.83350321821042","26.94774381607683","27.08691105158145","26.98799459696813"
"IMF.FAD:FM(5.0.0)","MAC.G1_S13_POGDP_PT.A","OBS_VALUE","Macao Special Administrative Region, People's Republic of China","Revenue, General government, Percent of GDP","Annual","Units","","","","","","","","","","","","","","","","","","","","","","","","","","","","","","","","","","","","","","","","","","","","","","20.15929083921832","20.08671731700974","23.11421757932452","23.71529061408728","24.44875585119488","24.42969373608369","28.97116935044979","33.16603596098174","32.87763131230385","36.53013757821128","39.85019891555231","39.16901413192895","38.2437510296199","37.24142527302233","31.82903076774075","30.30566602402524","31.97628353622883","31.44723033245165","32.92808500673304","27.98048583987245","24.79263954427871","20.66499485446705","27.42673893456191","31.86442969290673","31.07467049725026","30.4706799154303","31.08137877734844","31.59137877734845","32.00137877734859","32.01137877734857","32.01137877734852"
"IMF.FAD:FM(5.0.0)","GNB.G1_S13_POGDP_PT.A","OBS_VALUE","Guinea-Bissau","Revenue, General government, Percent of GDP","Annual","Units","","","","","","","","","","","","","","","","","","","","","","","","","","","","","","","","","","","","10.79250286630224","9.893718134998308","12.76354427880779","12.90558483219268","10.58640467190742","12.40411002294777","10.18151786198667","2.764126022252444","8.073952834816045","20.71353351985814","17.24886488240827","10.35107267842023","11.40487109287765","17.05305168200738","15.20635392314698","15.23298861783147","14.91491497060504","21.01986722675369","23.28666035843687","18.32352162850696","15.95971491448287","10.85109448399362","10.74284774479697","20.52323573299549","18.34174634211489","15.17456755163966","16.78750369174498","14.71217401910018","14.9353413680553","15.39677529989335","19.12237412797956","15.21910160657409","13.73932810267866","13.10326567049637","13.17781369963884","13.73465000203986","14.67713832561082","15.0699355231025","15.16638291465916","15.21710291156051","15.30989545546026"
"IMF.FAD:FM(5.0.0)","KEN.G2M_S13_POGDP_PT.A","OBS_VALUE","Kenya","Expenditure, General government, Percent of GDP","Annual","Units","","","","","","","","","","","","","","","","","","","","","","","","","","","16.18093881689782","14.62690143209855","14.87299213965878","15.58793743479857","15.29564678758702","15.47577963620611","15.93483273177939","16.31252276160758","17.18292390886294","16.43721803838398","17.60164515830984","18.9223914381117","18.79658929901327","17.32849159267295","15.21869921857095","15.55178793493563","15.34271341383923","13.68239288335155","14.09417688914371","14.93970256344498","15.65086080097738","16.01352322416111","15.44805466765841","16.24933595044721","17.31056435408303","18.07617164313086","18.91556219685024","20.27411921833405","21.54334952129261","20.11830990486379","22.09787665334081","23.23046903924492","23.42485395727364","23.82673798812512","25.34441872610995","25.16890342831582","24.45209843299534","24.39995952822071","24.79799791999857","24.0153982816875","23.11473750901903","22.60417722757852","23.24890725868704","24.00324861428952","23.66567047729133","22.85817394989365","22.66400127466581","22.65402063130673","22.76832988168583","22.92923333083743"
"IMF.FAD:FM(5.0.0)","BWA.G1_S13_POGDP_PT.A","OBS_VALUE","Botswana","Revenue, General government, Percent of GDP","Annual","Units","","","","","","","","","","","","","","","","","","","","","","","","","","","","","","","","","","","","","","","","","","","","46.01725862050679","47.54878819133793","39.20590748005459","41.14126429865013","42.57054779992391","41.1929196136489","44.10872450325073","46.4319936080348","42.80014113207324","40.508773735241","38.34347632333478","34.63042432738802","37.0420863829613","38.03378451815967","39.32560817621817","40.42932657380192","32.99195799093167","34.82517254644115","33.52854167064453","30.56008410703493","28.32824866425592","25.66550057174806","29.07292089661924","29.11262113079606","28.19298695848852","26.46007432436857","27.58913934652544","25.00201546546586","27.01490139133871","27.36382591786855","27.78289604162477","28.61911187575786","28.54928713356453"
"IMF.FAD:FM(5.0.0)","LAO.GNLB_S13_POGDP_PT.A","OBS_VALUE","Lao People's Democratic Republic","Net lending (+) / net borrowing (-), General government, Percent of GDP","Annual","Units","","","","","","","","","","","","","","","","","","","","","","","","","","","","","","","","","","","","","","","","","","","","","-3.575557095053673","-3.68297891237945","-2.849637309767153","-3.885364167525075","-1.810630608280474","-2.54180908859213","-1.48189762595723","-1.123091609265438","-1.85796854327267","-3.095611839244372","-1.469136839799214","-1.429071372726675","-2.344185332280226","-4.030674230940835","-3.132231383350066","-5.570364601091012","-5.060118302507036","-5.50867160536596","-4.464936877262642","-3.202639057485201","-5.366609597536035","-0.6692146689306743","0.05928956479197672","-0.01225616214326117","2.356302218525543","1.639863356522986","0.3586324262957616","1.784562217951754","1.715543074736953","1.684056620985476","1.761584425537817","1.677118998965343"
"IMF.FAD:FM(5.0.0)","BEN.GNLB_S13_POGDP_PT.A","OBS_VALUE","Benin","Net lending (+) / net borrowing (-), General government, Percent of GDP","Annual","Units","","","","","","","","","","","","","","","","","","","","","","","","","","","","","","","","","","0.8862654756697507","-3.24363599403915","-3.077511533909503","-2.711399087008526","-0.564952819011113","-2.140558024636944","-2.614604868620044","-0.1479595961246223","0.6399190827694193","2.503976632220994","1.94414694368199","-3.692199256099331","-3.269426664146049","-3.329892396606032","-1.072040365116765","-0.7047726564800891","-1.523283515850685","-0.1465429149599484","0.2220042328334953","-0.04090461089915212","-2.241002705381438","-0.2755385134426923","-0.9813090043125098","-0.2155656657166293","-1.36503398745095","-1.650544396094274","-5.552835896714212","-4.288630664903222","-4.180999388845818","-2.958164481291919","-0.5283887956059671","-4.68177003073388","-2.529492888735981","-5.554661899102694","-4.129498783700699","-3.064048660092682","-2.899999999999975","-2.900000000000002","-2.900000000000042","-2.899999999999973","-2.900000000000036","-2.899999999999999","-2.899999999999967"
"IMF.FAD:FM(5.0.0)","IND.G1_S13_POGDP_PT.A","OBS_VALUE","India","Revenue, General government, Percent of GDP","Annual","Units","","","","","","","","","","","","","","","","","","","","","","","","","","","","","","","","","17.87596611223738","17.99984838382067","17.74779498178872","19.37133754114698","18.79601156069364","17.62337697918926","18.21102114697782","18.16555433899036","17.65870076425632","16.95518899365168","16.29200022569542","17.14907205295082","17.67666562299931","17.2427480520378","18.04302718836882","18.51368114219006","19.22853408152953","19.38378472136185","20.52941031300019","22.35821632854699","20.12213505254663","18.84211541512407","19.19038217453209","19.29143266561769","19.86619498814682","19.70328706457812","19.3006595286323","20.06357083691679","20.379064360255","20.32302128096391","20.32355695760489","19.56062166305468","18.5920215156528","20.98659875267716","20.72848997401372","21.32749066292298","21.42313162012946","21.02308494528118","21.22738570250546","21.35833468420647","21.48716830601768","21.61812402619515","21.75079627576302","21.88550582153476"
"IMF.FAD:FM(5.0.0)","AGO.GNLB_S13_POGDP_PT.A","OBS_VALUE","Angola","Net lending (+) / net borrowing (-), General government, Percent of GDP","Annual","Units","","","","","","","","","","","","","","","","","","","","","","","","","","","","","","","","","","","","","","","","","5.216057828484127","-0.2688312856933486","-5.924153300419663","-9.398902509709861","2.021410084430501","2.804730006290749","-2.244912196577616","-4.10213245684684","1.032485272080155","6.403892840283053","8.415084325981239","3.812566756029591","-3.820904285314685","-6.83032755730892","2.955558052305022","7.174917976739919","3.67293319199977","-0.2825322061987822","-5.078021971375637","-2.58208548736783","-3.93417815396481","-5.682721202293789","1.998795721212354","-0.1954095119126155","-3.04626106221528","1.352043347169751","1.779135998630764","-2.491800287981756","-1.192327165217637","-4.070236577365188","-2.445145487598515","-3.609328696613231","-3.935930394271627","-3.971902619917253","-3.831440753736477","-3.879604329730241"
"IMF.FAD:FM(5.0.0)","AGO.G1_S13_POGDP_PT.A","OBS_VALUE","Angola","Revenue, General government, Percent of GDP","Annual","Units","","","","","","","","","","","","","","","","","","","","","","","","","","","","","","","","","","","","","","","","","34.52775378752821","30.79964445101761","24.39592332485277","36.31476924909348","37.84215553386302","33.07911970428595","25.32415844833075","26.02035545825408","27.0316982070213","30.09465675363823","35.74612985255636","37.88413392561155","43.37980086748931","31.89817805852312","37.50651748603957","40.47710139824011","36.85958830067106","32.65845949425506","27.22510104775546","21.29108500432496","15.2040639130093","15.04203197275126","19.82907175406555","20.66572312786378","21.33857205193452","24.13042369307893","26.62052593426615","20.85416377428422","17.79073586738156","14.78291010439359","14.38111057637369","13.63671593118215","13.57337152112349","13.55453615122936","13.54253019889203","13.40236513868953"
"IMF.FAD:FM(5.0.0)","PAK.G2M_S13_POGDP_PT.A","OBS_VALUE","Pakistan","Expenditure, General government, Percent of GDP","Annual","Units","","","","","","","","","","","","","","","","","","","","","","","","","","","","","","","","","","","","","","16.99649096874496","14.51128177192102","13.97184678957349","15.02062949676787","13.72772625000332","14.12165251032441","13.23604044579406","13.82000915079283","12.94852486413106","14.3649119909282","12.85363807680871","12.12539468958093","12.95404277318443","14.46803310657957","16.1214982149053","18.03548107370071","17.300776882539","18.3165523246336","17.92283524985771","19.42845888000249","19.50626960468161","18.09386737614798","17.83293367357","17.71201320431942","19.12794031888161","19.10782930562817","19.05375038691481","20.29641772749578","18.45826790761732","19.95455628698101","19.29040424543271","19.43087531291013","21.21002025960783","19.01553908871778","18.48877593378125","18.50721122050465","18.30253958808345","19.14937931286939","20.08441787630982"
"IMF.FAD:FM(5.0.0)","SGP.G1_S13_POGDP_PT.A","OBS_VALUE","Singapore","Revenue, General government, Percent of GDP","Annual","Units","","","","","","","","","","","","","","","","","","","","","","","","","","","","","","","","","","","17.02458098971452","16.53188583202143","17.22964056430266","18.87470780246549","19.6289401925281","18.60386223224902","20.08002812762084","20.20942166983245","20.47924945507948","21.08764074403509","20.715431446113","19.40975485042878","18.1634895862644","16.32332741311391","16.12511951293429","14.9343507499287","14.43957772817569","16.1349613167991","17.56421485879148","15.75864660169597","15.91501961240019","17.62220832852334","17.1611217891532","16.87722868244313","17.17444690559406","17.27584629812471","18.4627616346693","18.78496945655942","17.52663756867882","17.76534104338196","17.28442457923048","16.46537580936262","16.07752247879697","18.06426202640382","18.03929197016716","19.60855522902277","19.39480797289775","19.45728890002551","19.47290913180745","19.50414959537129","19.53539005893501","19.56663052249907"
"IMF.FAD:FM(5.0.0)","KOR.G2M_S13_POGDP_PT.A","OBS_VALUE","Korea, Republic of","Expenditure, General government, Percent of GDP","Annual","Units","","","","","","","","","","","","","","","","","","","","","","","","","","","","","","","","","","","","","","","","13.5109972153126","14.04163788057705","13.87416994051761","16.03424416055766","16.1457371948","16.02093091261247","16.94128095593001","15.88576070053887","17.86874921236994","18.50029393819163","18.1539035074718","18.7154716738621","18.80902193688321","19.10180678218104","19.53893823991038","17.86059003369579","18.28489384434655","18.82261414614633","19.01628078152793","18.84649769103748","18.79977665133251","18.50687919678193","18.63745641103695","19.27812140721661","21.26797080634794","23.65994297211055","24.09693917344825","26.68021814098192","23.08340314660189","22.5334037009651","23.98781681289583","25.23114080445477","24.38010810450081","24.38593150566697","24.33607519133701","24.33547476339248","24.32018836349032"
"IMF.FAD:FM(5.0.0)","LAO.G1_S13_POGDP_PT.A","OBS_VALUE","Lao People's Democratic Republic","Revenue, General government, Percent of GDP","Annual","Units","","","","","","","","","","","","","","","","","","","","","","","","","","","","","","","","","","","","","","","","","","","","","16.31524837150057","15.16267701897015","13.76995035739059","12.15389525736478","11.7587982434905","12.78947025194861","13.23612972488058","13.98536242961971","14.19619371566577","17.00759016320842","20.93292759678226","18.76029162557738","22.37584409656648","20.20896487691326","21.85478813239138","20.21191336715106","16.02449206865219","16.29380131427064","16.24411781664154","15.41787050380279","12.99040190268567","15.03564841126979","14.78668624955103","16.44208724729478","18.122151225489","19.57800155894107","19.20839891131894","19.13901619434569","19.11887145816146","19.05545986730887","19.11019204731802","19.07614053890227"
"IMF.FAD:FM(5.0.0)","MDV.G1_S13_POGDP_PT.A","OBS_VALUE","Maldives","Revenue, General government, Percent of GDP","Annual","Units","","","","","","","","","","","","","","","","","","","","","","","","","","","","","","","","","","","20.56085196671215","27.48010822675686","23.48873664293595","20.84181080234534","25.83419742964196","25.66243213925277","25.26380073328184","23.76136877915303","23.65167871383142","24.99504791039199","25.15275459776078","25.68345308159677","25.60868063669372","22.92912836698652","21.80862730841105","30.97769034533673","30.52240624538246","31.65420202604174","25.64405454247984","19.05726351385336","19.61315652283017","23.12983029976645","22.86168412561327","23.50372673813258","26.66624847743095","27.27303949075079","27.411948965947","27.33582674504859","26.71756121849247","26.37615038366482","26.6561674906229","26.44582511785332","30.82663512127087","33.50405432356001","32.28546923908643","33.56318109406605","30.91468647338036","30.94488551732069","31.20313603380355","31.18960554953925","31.17692885604369","31.16426800124432"
"IMF.FAD:FM(5.0.0)","TWN.G2M_S13_POGDP_PT.A","OBS_VALUE","Taiwan Province of China","Expenditure, General government, Percent of GDP","Annual","Units","","","","","","","","","","","","","","","","","","19.94606904044702","20.44115197708238","23.48081965338996","24.20514598648193","24.97237068961657","23.3873428476738","24.58508066000254","24.80059319317814","25.38839113271718","26.24674732962406","23.12650326396693","22.91344118036258","23.41467012957505","21.46410930152881","21.18450732226486","22.83440764097972","32.60780505418027","28.4067319761267","30.16509104489242","29.20716224693846","28.89320168499041","28.36417875574756","27.85533391547791","27.10904392250076","27.05677984374535","27.15955020623324","22.79166062821542","32.29310081870435","24.33230370033853","22.05981497348129","22.17312881120198","21.24298768696658","20.92466061420201","19.49439961949804","19.01982382657607","19.75223672130406","22.55633782619191","20.13849325437989","20.20364790658658","20.12804181455024","19.33613337106626","18.1561105464379","17.39254742985169","17.52093440037122","17.30758569748801","17.33066757808043","17.22824856797607","18.07357913805974","17.3158327466157","17.88770292045356","18.97569609644506","17.71281716293533","17.9931256129019","17.99312561290184","17.9931256129019","17.9931256129019","17.99312561290188","17.99312561290189","17.99312561290186"
"IMF.FAD:FM(5.0.0)","MMR.G2M_S13_POGDP_PT.A","OBS_VALUE","Myanmar","Expenditure, General government, Percent of GDP","Annual","Units","","","","","","","","","","","","","","","","","","","","","","","","","","","","","","","","","","","","","","","","","","","25.2045383123812","22.78993259437842","21.43706560485632","19.07668441105497","15.31573908639952","14.34195753955575","14.55325876547789","14.64407449332725","15.60191927505079","15.71974129458147","14.39678822720904","14.44552147611425","15.77798218258245","15.60650708647784","19.95032226913473","23.89100827032686","24.73945719408246","23.73138098020633","21.26002210706456","19.69650447593933","18.71571043321896","20.53983837472291","21.30576440008932","20.89698308021478","21.32794338318064","21.38115064342652","25.80678552448495","25.2365506655811","25.03593423689139","24.50103140809848","24.22093087695333","23.81936378209554","23.75597842724364","23.88027092387861"
"IMF.FAD:FM(5.0.0)","MDV.G2M_S13_POGDP_PT.A","OBS_VALUE","Maldives","Expenditure, General government, Percent of GDP","Annual","Units","","","","","","","","","","","","","","","","","","","","","","","","","","","","","","","","","","","33.3280755914666","37.70059749150954","36.09297707221749","34.72932146598754","30.65016868619032","31.32446950103632","27.27658934818705","25.22244488866197","25.90264409551769","28.02325305875027","29.0454049489631","29.64908575236579","29.57604999681504","26.37454938524545","24.06546075896172","38.78439871240603","35.04613623618751","34.81201204031702","35.56891932453169","36.98985316702658","33.19290380177401","31.25992217151895","29.76684067540138","26.99056776802543","29.08443805149458","33.78895217510253","37.33966565885478","30.35689669263552","31.88642490880861","32.9189931124202","50.35242223695932","40.62962614515625","41.9848157513361","46.67233418862146","43.85426759354756","36.50607823879748","42.13041950006663","40.03177165383474","40.08352441703057","39.86302777431744","39.53310752157709","37.88515466585253"
"IMF.FAD:FM(5.0.0)","BTN.G2M_S13_POGDP_PT.A","OBS_VALUE","Bhutan","Expenditure, General government, Percent of GDP","Annual","Units","","","","","","","","","","","","","","","","","","","","","","","","","","49.95091540008355","33.93252263271711","42.21345906447423","39.3143109778704","54.14170306840582","48.72096407216649","47.45674932816243","45.3433192031877","46.80895544078451","35.84568167398708","30.80640589344475","34.45555633649502","35.21269648053338","37.875431506661","38.60988209217066","37.88509967128085","37.82869137109112","31.10480345653625","40.17193127771709","43.03003258143743","50.30010702742911","39.30503089921322","34.72426852438158","30.99760941986621","36.43138293250624","33.42775783109521","33.19401897504226","36.10068713087467","39.30727785990458","41.54730783652798","36.08166175519005","35.11931516960478","32.49736680197658","28.87819661298461","27.54322118207281","30.45081779152611","30.57837516482041","31.69220448389209","24.24815408467621","30.94779826837428","36.6293017010644","32.08786980172647","28.87495240187586","28.33446724612868","30.47117847523598","34.98566091856257","35.32641639192168","34.46307962875913","31.29870726771272","31.20308539488723","31.27370599826314"
"IMF.FAD:FM(5.0.0)","THA.G1_S13_POGDP_PT.A","OBS_VALUE","Thailand","Revenue, General government, Percent of GDP","Annual","Units","","","","","","","","","","","","","","","","","","","","","","","","","","","","","","","","","","","","","","","","20.23036199147078","20.71101128478478","19.95364624634809","17.62944376172512","17.45474040166605","17.55400452867041","19.05567115637828","18.98981188980393","20.2640627827907","20.43741309216839","21.75280267816666","20.60557458718994","20.21900070294979","20.02735869263962","19.50786261674516","20.93915299153387","21.20754280165048","21.39081876274977","22.23541451206463","21.48686614731276","22.46532233258815","21.76867335427525","21.10050220164325","21.36216504547795","20.97999894648297","20.41434258391264","20.04881062559932","20.04735990970674","20.81944018162634","21.31859692705548","21.05928026070757","21.03783589931869","21.13155658653197","21.11246405081786","21.10409602614997","21.0931043529907","21.08400099914424"
"IMF.FAD:FM(5.0.0)","KOR.GNLB_S13_POGDP_PT.A","OBS_VALUE","Korea, Republic of","Net lending (+) / net borrowing (-), General government, Percent of GDP","Annual","Units","","","","","","","","","","","","","","","","","","","","","","","","","","","","","","","","","","","","","","","","2.159946146197858","2.298685778792063","2.314889152937902","1.090699332186156","1.145349310428691","3.905181724250095","2.419900505388734","3.228798559415385","1.508541538370802","0.08627348416610165","0.9547863668267557","1.184913077174371","2.494124982492925","1.581036530415606","0.2393563488008575","1.606444970286203","1.720757223802664","1.630585653066003","0.7894645880700201","0.5729683912844355","0.4968473830061995","1.563097969396514","2.076636129684212","2.424096448455302","0.3506331464318998","-2.105353669831401","-0.01863259356386112","-1.491749482825753","-0.6692441978666139","-0.783187986940531","-1.431952878622746","-1.460378192053089","-1.315645615390054","-1.275653811020882","-1.082925982758749","-1.088440114775036","-1.079033277492609"
"IMF.FAD:FM(5.0.0)","HKG.G2M_S13_POGDP_PT.A","OBS_VALUE","Hong Kong Special Administrative Region, People's Republic of China","Expenditure, General government, Percent of GDP","Annual","Units","","","","","","","","","","","","","","","","","","","","","","","","","","17.11973168761579","16.66325727859862","15.48288713112676","13.34165546430307","14.51056174173981","12.69602868892591","11.76713693754569","11.6810819883943","12.97608256919788","13.83881529138527","12.80910903043439","13.54350114208741","15.31320750052025","15.37331921252431","16.06365893905027","14.37046173575598","14.13541424803292","18.54801474413437","17.07697218711879","17.45661700941715","18.24304081021295","18.50658691285719","19.56065431510326","18.2086636874343","16.19996723363699","14.8397755567477","13.93141387669559","18.62982478697077","17.28623733546068","16.59298815136699","18.62511736514388","18.29394348688442","20.035274791807","17.2528708324721","18.0345059773278","18.25128749843266","17.36078701302494","18.39258285227212","20.95026712939053","29.90681411855423","23.70625977986921","28.29400170939635","23.72558339930532","23.17686354035584","23.22674996348651","22.90405676642266","22.85152171457651","21.48644561113303","21.26326848697103","21.25400672525199","21.25400672525202"
"IMF.FAD:FM(5.0.0)","HKG.GNLB_S13_POGDP_PT.A","OBS_VALUE","Hong Kong Special Administrative Region, People's Republic of China","Net lending (+) / net borrowing (-), General government, Percent of GDP","Annual","Units","","","","","","","","","","","","","","","","","","","","","","","","","","2.800043626351803","-0.399441969295086","-1.109584352304405","0.8962488098607391","1.012557273119831","1.753802907850467","3.041035420408613","3.316239115677598","2.01163689855653","0.6416793090716975","3.12749259292587","2.626541993892501","1.990420656944983","1.015467898711296","-0.2730132667498531","2.019940335183312","6.317533066270805","-1.800939753687319","0.7619446642351574","-0.5871687816019937","-4.836345160483669","-4.773165169982785","-3.171906962045765","-0.3035330703574259","0.9705660690346512","4.00008592324208","7.336107348631146","0.247467858191346","1.531527340381057","4.136196364829009","3.769974075451037","3.142954203804339","1.007558468833233","3.592047879543352","0.5950400877564746","4.387428085688318","5.492666001968066","2.349935732012424","-0.5826152060369011","-9.22938239221542","0.00811250808328655","-6.57467904162671","-5.654076166630386","-5.794416730869774","-4.765278830365202","-5.164665148469163","-3.250718119207915","-1.340647788154801","-0.760868525327787","-0.7516067636087425","-0.7516067636087591"
"IMF.FAD:FM(5.0.0)","TWN.GNLB_S13_POGDP_PT.A","OBS_VALUE","Taiwan Province of China","Net lending (+) / net borrowing (-), General government, Percent of GDP","Annual","Units","","","","","","","","","","","","","","","","","","0.08183610835449869","-0.7864414349212473","-2.485803772546184","-2.561536492732527","-3.653315444581035","-2.009048337216071","-1.901083888481866","-2.416206720248141","-2.571677332078644","-2.797030582196393","-1.871451052480679","-1.579188045851528","-2.01070055257162","-1.742363615885357","-1.746083526286759","-1.664313644361669","-9.753904858171083","-3.991644659440787","-9.241877840637909","-6.78804251538991","-6.049668556619723","-6.197684778998011","-6.75648611796248","-7.134904987421098","-7.473442062852686","-5.235738763189922","-2.348050564553859","-5.330334519198002","-5.587762145671757","-5.241701445863577","-4.333123342523715","-4.622086724318424","-2.497317357031738","-2.178808190303714","-2.222664258763729","-2.736624734933545","-6.196160372748675","-5.092248798785094","-4.033822232414688","-4.31360959683862","-3.24238548949834","-2.724889840777493","-1.782374009381076","-2.19267221149435","-2.021832992974168","-1.865928746637127","-1.776367311123633","-2.910926898859015","-2.062641517967725","-1.714868065895603","-2.496589330157857","-1.452427207397239","-2.12749060405552","-2.127490604055484","-2.127490604055499","-2.127490604055478","-2.127490604055493","-2.127490604055491","-2.127490604055468"
"IMF.FAD:FM(5.0.0)","MMR.G1_S13_POGDP_PT.A","OBS_VALUE","Myanmar","Revenue, General government, Percent of GDP","Annual","Units","","","","","","","","","","","","","","","","","","","","","","","","","","","","","","","","","","","","","","","","","","","20.31052633565959","18.32801658223605","15.41064057964002","12.73917498841677","11.3079179063451","10.1028433094888","9.936677174430733","11.15845184428043","12.17982887201618","12.20144150313626","11.67066740861927","10.89469697461154","10.38030888024471","10.78521290399409","17.25359048914119","22.3594129263304","23.6748861753092","19.40569572158389","18.73486831525664","16.27265357687423","15.94886212562319","15.84474711558985","14.8037481109069","18.6769216357856","18.57645740242802","18.61673597385658","21.6989839887667","20.29230483072861","20.01377352369463","19.50969955686209","19.8761271565787","20.17115759744257","20.27115759744257","20.57115759744258"
"IMF.FAD:FM(5.0.0)","AFG.GNLB_S13_POGDP_PT.A","OBS_VALUE","Afghanistan, Islamic Republic of","Net lending (+) / net borrowing (-), General government, Percent of GDP","Annual","Units","","","","","","","","","","","","","","","","","","","","","","","","","","","","","","","","","","","","","","","","","","","","","","","-0.09845807628286331","-2.101669236381097","-2.392838254751212","-0.9171074146353554","0.6836957651736008","-2.46171938840271","-3.863593791798393","-1.760592090209719","0.9333436254953815","-0.6718216975243956","0.1820570524532652","-0.6309455695612631","-1.718796808442897","-1.377700328685467","0.1272579844933607","-0.6731059061426188","1.634195740249465","-1.058081117850457","-2.24279939297291","-0.4849388179106889","-0.9973367167110265","-1.329703504047239","-0.5480518037099003","-0.8907613703587256","","","","","",""
"IMF.FAD:FM(5.0.0)","MYS.G1_S13_POGDP_PT.A","OBS_VALUE","Malaysia","Revenue, General government, Percent of GDP","Annual","Units","","","","","","","","","","","","","","","","","","","","","","","","","","","","","","","","","","","30.67355052981159","28.99475429441183","30.01486789509603","28.05329977658457","28.71825706259806","25.7002653724087","25.66039920679723","25.99522993411835","22.48630425621576","21.63982269546848","19.57959182621958","23.86265657307438","23.1842718758311","23.47212751729355","22.53099929885997","21.70486203196159","22.97232442809151","23.31784620682728","23.51527477432794","25.00939533588061","22.28540122241641","23.52019211312717","25.40255327399957","24.30187564430807","23.32852953233051","22.16229643383811","20.25479107589679","19.63123314775391","20.15527974823597","21.56685779494789","20.13851465559373","18.41834147963468","20.08314162211796","20.88739759165099","20.57686441500604","19.89461024444617","19.22271708279382","19.04751363952186","19.04746559785933","18.95610749639745","18.89858400196837","18.84910384375834"
"IMF.FAD:FM(5.0.0)","DJI.G2M_S13_POGDP_PT.A","OBS_VALUE","Djibouti","Expenditure, General government, Percent of GDP","Annual","Units","","","","","","","","","","","","","","","","","","","","","","","","","","","","","","","","","","","30.18806552853048","27.68229516461829","34.86514111271045","35.30892533792084","30.9193248218668","26.99689557032793","23.66401110443961","24.99307277148185","24.00789702052245","23.52217910970426","23.20554417598247","20.95779951643037","23.39335592778502","25.84519508605239","26.69562190312573","26.21204917869132","23.84986607525349","26.57083976419127","28.82625972858586","31.00406604027992","26.62960465492393","25.27800455455001","26.4766669162684","26.81364681198511","28.98545369234823","41.96315845425505","25.87312714604988","23.86547164139887","25.91815085512284","24.91120524411184","25.79534887812722","23.12481664695396","20.96315844105068","21.61507506483084","21.31320632914979","19.54334836269417","19.53560523842432","19.10235398134914","18.64406208316579","18.33710521222013","18.15064317947283","17.98081946569916"
"IMF.FAD:FM(5.0.0)","MAC.G2M_S13_POGDP_PT.A","OBS_VALUE","Macao Special Administrative Region, People's Republic of China","Expenditure, General government, Percent of GDP","Annual","Units","","","","","","","","","","","","","","","","","","","","","","","","","","","","","","","","","","","","","","","","","","","","","","16.89651525123387","17.42427978334116","18.31487940067487","15.91751511814504","16.13389997536339","14.68890475990421","12.59431222454633","15.68683396923606","19.51324570136387","17.12645871702003","15.18137061128203","15.18981631419837","11.26949557459112","13.09320672543688","17.9788076479327","18.86424361917067","18.67943817448301","18.09395836823638","18.47310266223577","49.44446238219188","37.82495408375808","57.80383085963464","25.3075442051372","24.85464716986115","26.57202351933671","26.25902074672009","26.23056885651392","26.28201834284055","26.44659832261158","26.42764083499009","26.5819851447743"
"IMF.FAD:FM(5.0.0)","PLW.G2M_S13_POGDP_PT.A","OBS_VALUE","Palau, Republic of","Expenditure, General government, Percent of GDP","Annual","Units","","","","","","","","","","","","","","","","","","","","","","","","","","","","","","","","","","","","","","","","","","","","","56.58582076864548","49.55192703432699","48.55685675355249","51.95782323865563","48.54055553985229","40.29712817244393","45.53218632605038","49.06340350016837","44.32880270809177","42.32746597953653","47.78079309968563","43.41219222048427","43.23430016013335","40.12482164809077","39.84234468952292","35.47684833334657","37.59578011950009","34.88865486707925","37.78491337217768","42.71470381693468","58.21567299614271","65.91477819668452","63.70693271150916","50.42522736976206","52.58352936968279","52.11931799562159","51.50287683219682","51.08528239227858","50.92118575765207","50.85642662353945","50.75670387935276","50.57804389665395"
"IMF.FAD:FM(5.0.0)","SGP.GNLB_S13_POGDP_PT.A","OBS_VALUE","Singapore","Net lending (+) / net borrowing (-), General government, Percent of GDP","Annual","Units","","","","","","","","","","","","","","","","","","","","","","","","","","","","","","","","","","","1.965814015602438","0.6816685068147158","2.701406573683812","4.356950717585237","7.90468591108219","4.803523194424267","1.982856984991917","5.663036097849474","2.41393315670642","5.203832730859971","4.592846764025541","1.196592558729118","2.232090069221484","0.6780516355340457","2.059766049106382","2.555514611046946","2.159889319093472","7.120218448003667","3.589224188868128","-0.09374348442923438","5.684105968463194","7.961742096966684","7.335980767276026","5.962658223423365","4.599607634209985","2.857737408350062","3.242711083530409","5.225962445259556","3.674167271388297","3.762013515154133","-6.684447245088583","1.111322097428642","1.200721780314255","3.420506666110372","3.7871657243861","4.156368592631056","3.313468902076667","2.925949829204418","2.491570060986358","2.072810524550258","1.804050988114063","1.835291451677947"
"IMF.FAD:FM(5.0.0)","MDV.GNLB_S13_POGDP_PT.A","OBS_VALUE","Maldives","Net lending (+) / net borrowing (-), General government, Percent of GDP","Annual","Units","","","","","","","","","","","","","","","","","","","","","","","","","","","","","","","","","","","-12.76722362475445","-10.22048926475269","-12.60424042928154","-13.8875106636422","-4.815971256548357","-5.662037361783547","-2.012788614905213","-1.461076109508944","-2.250965381686267","-3.02820514835828","-3.892650351202325","-3.965632670769024","-3.967369360121322","-3.445421018258929","-2.256833450550669","-7.806708367069295","-4.523729990805048","-3.157810014275279","-9.924864782051848","-17.93258965317322","-13.57974727894384","-8.130091871752509","-6.905156549788107","-3.48684102989285","-2.418189574063635","-6.515912684351738","-9.927716692907778","-3.021069947586927","-5.168863690316135","-6.542842728755383","-23.69625474633641","-14.18380102730293","-11.15818063006523","-13.16827986506145","-11.56879835446113","-2.94289714473143","-11.21573302668627","-9.086886136514047","-8.880388383227023","-8.673422224778195","-8.356178665533403","-6.72088666460821"
"IMF.FAD:FM(5.0.0)","AGO.G2M_S13_POGDP_PT.A","OBS_VALUE","Angola","Expenditure, General government, Percent of GDP","Annual","Units","","","","","","","","","","","","","","","","","","","","","","","","","","","","","","","","","","","","","","","","","29.31169595904409","31.06847573671095","30.32007662527243","45.71367175880334","35.82074544943252","30.2743896979952","27.56907064490836","30.12248791510092","25.99921293494115","23.69076391335518","27.33104552657512","34.07156716958196","47.20070515280399","38.72850561583204","34.55095943373455","33.30218342150019","33.18665510867129","32.94099170045385","32.3031230191311","23.87317049169279","19.13824206697411","20.72475317504505","17.83027603285319","20.8611326397764","24.3848331141498","22.77838034590918","24.84138993563539","23.34596406226598","18.9830630325992","18.85314668175878","16.82625606397221","17.24604462779538","17.50930191539512","17.52643877114662","17.3739709526285","17.28196946841977"
"IMF.FAD:FM(5.0.0)","BTN.G1_S13_POGDP_PT.A","OBS_VALUE","Bhutan","Revenue, General government, Percent of GDP","Annual","Units","","","","","","","","","","","","","","","","","","","","","","","","","","46.43364582691966","35.02418279093455","41.24228082346416","41.40630599503566","45.09522012131212","45.28263644800354","46.89464317735191","46.67472133843473","36.66486885241129","28.63108176876066","30.32519324684272","30.98468776046766","39.91989282338685","37.74647119069053","37.72510969093679","40.43923155698436","35.91298633239283","32.38181463108751","38.8911029654478","39.63924566717972","38.13079348910628","34.97317573739977","24.51160016399861","32.79795901385784","29.46978659535504","33.35425853217778","33.98678197863919","33.53500553281985","38.5059747144672","43.47005778559615","33.05739792839616","33.01715861909832","27.95193425988529","31.33420221126708","27.05342735771264","28.14196438187252","26.08648325931082","30.17325268344391","22.76248982999417","29.14108720967122","30.86890418967919","25.13635454164931","24.14361937838386","26.54520107382829","27.7690897379299","32.10335198510943","31.04238100441783","30.30104428574276","25.66285057442872","26.60336643933952","26.24172924068189"
"IMF.FAD:FM(5.0.0)","MMR.GNLB_S13_POGDP_PT.A","OBS_VALUE","Myanmar","Net lending (+) / net borrowing (-), General government, Percent of GDP","Annual","Units","","","","","","","","","","","","","","","","","","","","","","","","","","","","","","","","","","","","","","","","","","","-4.89401197672161","-4.461916012142368","-6.026425025216295","-6.337509422638196","-4.007821180054421","-4.239114230066947","-4.616581591047158","-3.485622649046819","-3.422090403034609","-3.51829979144521","-2.726120818589772","-3.550824501502708","-5.397673302337743","-4.821294182483756","-2.696731779993537","-1.531595343996461","-1.064571018773264","-4.325685258622446","-2.525153791807925","-3.423850899065094","-2.766848307595769","-4.695091259133061","-6.502016289182423","-2.220061444429173","-2.751485980752626","-2.764414669569936","-4.107801535718251","-4.94424583485249","-5.022160713196764","-4.991331851236392","-4.344803720374631","-3.648206184652972","-3.484820829801074","-3.309113326436031"
"IMF.FAD:FM(5.0.0)","BGD.G2M_S13_POGDP_PT.A","OBS_VALUE","Bangladesh","Expenditure, General government, Percent of GDP","Annual","Units","","","","","","","","","","","","","","","","","","","","","","","","","10.9869924727193","10.29119749535556","10.57908329820417","10.60339808885702","9.443184638444958","9.324656828112577","9.848139902031056","9.487917639562571","9.316733503543048","9.601335354123964","9.137852507826261","8.862055408183621","8.796619221574091","9.739478093240012","10.04848587515203","10.46215886963231","9.791327416592279","9.888545794937878","9.820550436576487","8.657617112032897","9.755794688346142","10.72961742320699","10.35568968077248","10.15224655092995","9.884659336791731","10.26255390464932","10.12689555865545","9.626748827232025","11.53966629164234","10.57558393744466","10.60109210685938","11.53421356379398","11.6947752810011","12.08754091769976","11.74809822930493","11.50314101274496","11.60095210521524","12.23513072928834","12.95039344540566","13.55214711246654","13.30822032954746","12.91717006332529","13.03466682565754","12.62466009434267","12.0331915039412","10.8781713493945","12.13961626322552","14.61228670022904","16.04707397994475","16.49421287039138","16.7846821184476","16.88684497478266"
"IMF.FAD:FM(5.0.0)","TWN.G1_S13_POGDP_PT.A","OBS_VALUE","Taiwan Province of China","Revenue, General government, Percent of GDP","Annual","Units","","","","","","","","","","","","","","","","","","20.02790514880152","19.65471054216113","20.99501588084377","21.6436094937494","21.31905524503553","21.37829451045773","22.68399677152068","22.38438647293","22.81671380063854","23.44971674742766","21.25505221148625","21.33425313451105","21.40396957700343","19.72174568564345","19.4384237959781","21.17009399661805","22.85390019600919","24.41508731668592","20.92321320425451","22.41911973154855","22.84353312837068","22.16649397674955","21.09884779751543","19.97413893507967","19.58333778089266","21.92381144304332","20.44361006366156","26.96276629950635","18.74454155466677","16.81811352761772","17.84000546867827","16.62090096264815","18.42734325717027","17.31559142919433","16.79715956781234","17.01561198637052","16.36017745344324","15.0462444555948","16.16982567417189","15.81443221771162","16.09374788156793","15.4312207056604","15.61017342047062","15.32826218887687","15.28575270451384","15.4647388314433","15.45188125685243","15.16265223920073","15.25319122864798","16.17283485455796","16.4791067662872","16.26038995553809","15.86563500884638","15.86563500884636","15.8656350088464","15.86563500884642","15.86563500884639","15.8656350088464","15.86563500884639"
"IMF.FAD:FM(5.0.0)","IND.G2M_S13_POGDP_PT.A","OBS_VALUE","India","Expenditure, General government, Percent of GDP","Annual","Units","","","","","","","","","","","","","","","","","","","","","","","","","","","","","","","","","24.46346594545989","25.24001829415251","25.37763884692229","26.80802252891614","26.68910010509721","26.19356157033756","26.20794009167259","24.97996151230113","24.36387634246713","25.231288625436","26.03436889917057","25.84976109764317","26.08557729602924","28.27573815241616","29.11513273235685","29.94177681170838","28.44953590561634","26.02623309187722","25.6420896764231","26.09304074991937","28.26880498354234","28.10065578559973","27.72056423039189","27.31973488709127","27.18445917959401","26.48796529564836","26.20256781074785","27.34474924791976","27.59332056319355","26.64943313783951","26.78076353061222","27.41894943983864","31.76623380416283","30.68801397887889","29.96272433601364","29.70187531288912","29.27804977758264","28.46332004589265","28.64116047388399","28.66664344686973","28.60015698691611","28.52509382546876","28.49042299214843","28.43766072316596"
"IMF.FAD:FM(5.0.0)","DJI.G1_S13_POGDP_PT.A","OBS_VALUE","Djibouti","Revenue, General government, Percent of GDP","Annual","Units","","","","","","","","","","","","","","","","","","","","","","","","","","","","","","","","","","","26.93360981503494","26.81952437937688","28.73169163073399","28.2103538726233","25.95388639040478","21.86551366076135","21.89796751255812","22.13542156306805","20.41591747739285","18.3255547340602","19.23130902959832","17.3517430238693","18.82850369544532","21.71095961218508","23.02708882655868","25.03377001310109","24.11117017745573","24.68955607675425","29.44903692208147","27.12115819971688","25.58496049562631","24.09332038100343","24.43476473553782","26.4765784114053","22.06743121823167","26.41962381432462","25.11495451197072","23.65405287613266","23.93516510730583","23.9293374971428","23.21812259520649","20.0699447154808","19.47955255873368","18.14123660211892","18.62711518242002","18.84585765885598","19.07589662835183","18.81603502811263","18.5947670265437","18.38589328793161","18.18975496379911","18.0057723602622"
"IMF.FAD:FM(5.0.0)","BGD.GNLB_S13_POGDP_PT.A","OBS_VALUE","Bangladesh","Net lending (+) / net borrowing (-), General government, Percent of GDP","Annual","Units","","","","","","","","","","","","","","","","","","","","","","","","","-5.936100389164214","-5.185311024871226","-5.64824020432735","-5.769430072391179","-4.627563579171354","-4.237593498837964","-4.632617804494227","-4.399902198073441","-4.13975475915063","-4.310724237318123","-0.1531490580403278","0.4422745075503867","0.3557906844279623","0.4260164522682379","0.03205604773636335","-0.3767393308918997","-2.014710377310428","-1.940527594342597","-2.196612848115379","-1.349645487192931","-2.495755871527843","-3.439108826008133","-2.304819078890897","-1.957904161795573","-2.207668023904455","-2.398161727922149","-2.1475280733069","-1.863860980484285","-3.364729061632303","-2.679681507071918","-2.233345862343959","-2.964583094908785","-2.556051327083467","-2.856794877387305","-2.619012618111572","-3.289744759277524","-3.162914558343614","-4.166970951157356","-4.068500194211609","-5.408184918000704","-4.840447797227382","-3.555290875339054","-4.527664664073195","-4.387763211515561","-3.695016906726924","-2.933240824857731","-4.300483675703767","-4.70480905265622","-5.484966998725766","-5.609981787428805","-5.727702596670897","-5.654208663139533"
"IMF.FAD:FM(5.0.0)","THA.G2M_S13_POGDP_PT.A","OBS_VALUE","Thailand","Expenditure, General government, Percent of GDP","Annual","Units","","","","","","","","","","","","","","","","","","","","","","","","","","","","","","","","","","","","","","","","17.17603524479235","17.96171000131927","21.63447514150704","23.92153501492995","26.47193264616446","19.34607253007343","20.82376471247805","25.71231053091047","18.28573860511361","19.33148838715637","19.5797624986615","18.73891479216341","19.99905612891931","19.22632581534943","21.7218364782777","22.0088575031867","21.11340126936619","22.25129831392857","21.63600434322487","22.18707526285521","22.27766561774532","21.35566688046162","21.60619800222606","21.15926469820364","20.55313720328463","24.88471832034716","26.77360499703413","24.65671965763314","22.72839225757086","22.60604829368564","22.96552943161657","23.26739410333585","23.07368321429266","23.1568052630101","23.29348682213052","23.29674999660854","23.29974560530811"
"IMF.FAD:FM(5.0.0)","VNM.G2M_S13_POGDP_PT.A","OBS_VALUE","Vietnam","Expenditure, General government, Percent of GDP","Annual","Units","","","","","","","","","","","","","","","","","","","","","","","","","","","","","","","","","","","","","","","","","","","16.01670713226958","16.70233202675971","17.78828898822646","19.19209310384175","19.74718792411746","22.19605929093575","19.44060016854808","20.62545125822372","20.53383724680812","22.29663499981958","21.38000497111244","24.9747881590964","23.72059126050027","21.22381892834601","23.46646309533232","24.45702347610213","22.75492792758209","24.17359358238721","22.23067661396615","21.52930646458831","20.47975990209018","19.81125367359743","21.25114405960252","20.12480601277401","18.19688535418615","18.78139112740722","19.1174599332683","22.14991426022614","21.76686650574423","21.32855839592843","21.21406093729074","21.14737599743588","21.1689456844823","21.17451710632662"
"IMF.FAD:FM(5.0.0)","YEM.GNLB_S13_POGDP_PT.A","OBS_VALUE","Yemen, Republic of","Net lending (+) / net borrowing (-), General government, Percent of GDP","Annual","Units","","","","","","","","","","","","","","","","","","","","","","","","","","","","","","","","","","","","","","","","","","","","","","","","","","","","","","","","","","","","","","","-13.63297186847772","-9.069496412514","-8.375108690911555","-1.715887699725753","-4.091380931060005","-9.73277374837525","0.09619695213533014","-3.477004828011144","-1.233617815103816","-0.9377717852075541","0.1866634879420728","0.07605312936963459","0.05673225691487849","0.2671104421103023"
"IMF.FAD:FM(5.0.0)","BRN.G1_S13_POGDP_PT.A","OBS_VALUE","Brunei Darussalam","Revenue, General government, Percent of GDP","Annual","Units","","","","","","","","","","","","","","","","","","","","","","","","","","","","","","70.87334575506555","46.48570566545722","33.72734146295668","33.48446447731243","31.51941118716462","30.3286870650721","29.5867788195747","25.83106336713692","25.18751265852513","24.5056712106297","24.17474289881676","28.15105248024217","27.18532692826023","21.38637339795985","25.88908180926204","44.35165798963509","38.06074792660032","36.81187650601053","38.94774319183448","41.71911241389724","45.0622935806959","47.76897914535105","32.44520378744705","63.31158200415446","38.44478840141454","36.78196798753629","51.46806516155124","50.65908319975384","43.86055116125279","35.25111231548709","25.59761057580864","23.10976958383126","22.7387790713435","29.99074732874403","27.9786456447561","16.59961237441319","21.72123800899669","25.87005102137298","21.49124593948497","17.4284379937438","16.51674194139952","18.35823437221308","18.87501077995168","19.01114437297179","19.41835733167376","19.77118588557628","20.07596017912618"
"IMF.FAD:FM(5.0.0)","BGD.G1_S13_POGDP_PT.A","OBS_VALUE","Bangladesh","Revenue, General government, Percent of GDP","Annual","Units","","","","","","","","","","","","","","","","","","","","","","","","","5.050892083555085","5.105886470484334","4.930843093876818","4.833968016465838","4.815621059273604","5.087063329274613","5.21552209753683","5.08801544148913","5.176978744392418","5.290611116805841","8.984703449785933","9.304329915734008","9.152409906002053","10.16549454550825","10.0805419228884","10.08541953874041","7.776617039281851","7.948018200595282","7.623937588461108","7.307971624839966","7.260038816818299","7.290508597198855","8.050870601881584","8.194342389134381","7.676991312887276","7.864392176727167","7.979367485348547","7.76288784674774","8.174937230010037","7.895902430372739","8.367746244515418","8.569630468885196","9.138723953917631","9.230746040312459","9.129085611193354","8.213396253467439","8.438037546871623","8.068159778130987","8.881893251194052","8.143962194465833","8.467772532320076","9.361879187986239","8.507002161584347","8.23689688282711","8.338174597214274","7.944930524536765","7.839132587521749","9.907477647572825","10.56210698121898","10.88423108296257","11.05697952177671","11.23263631164312"
"IMF.FAD:FM(5.0.0)","KHM.GNLB_S13_POGDP_PT.A","OBS_VALUE","Cambodia","Net lending (+) / net borrowing (-), General government, Percent of GDP","Annual","Units","","","","","","","","","","","","","","","","","","","","","","","","","","","","","","","","","","","","","","","","","-7.535788244840385","-3.723821425083599","-5.357758978434495","-3.802439323122817","-4.664271142101994","-4.964051969822107","-6.060681143691437","-5.672571933927161","-3.177648766677668","-0.338023619686547","-0.1495862980248944","0.6254627177376381","0.4232528664831381","-3.881758685794056","-3.10711052684749","-3.747934081891497","-3.581715370135348","-2.024434155911665","-1.23713734286847","-0.6509455067516787","-0.2930129801510527","-0.7704474591702236","0.2806411549362322","2.230706846300521","-2.557609109222464","-5.266929044572262","-0.2908119678018593","-2.828257726587245","-1.446199892430334","-1.000220277213908","-3.676854805438057","-3.564016499048377","-3.501076117478745","-3.422673287059708","-3.34543085474961","-3.309600318057631"
"IMF.FAD:FM(5.0.0)","MYS.GNLB_S13_POGDP_PT.A","OBS_VALUE","Malaysia","Net lending (+) / net borrowing (-), General government, Percent of GDP","Annual","Units","","","","","","","","","","","","","","","","","","","","","","","","","","","","","","","","","","","0.149006251973239","1.601570993694281","1.805474310227162","3.439744485264713","5.448558356272489","3.102752361731895","3.269790264449173","4.840118078680021","-0.6272488573373529","-3.002698643351691","-6.052531378166155","-4.360678478982099","-3.959800367542235","-4.5969589668819","-3.353463670487428","-2.832840098986425","-2.601963365861462","-2.570830379819489","-3.404737749231227","-5.879790485603586","-4.319070488678484","-3.567623430556352","-3.102877242459005","-3.478227832172571","-2.628437469725351","-2.545883963953573","-2.602872310746218","-2.411829460282552","-2.644669076639231","-2.00814714511855","-4.901736352362148","-6.03241828472219","-4.559302536001113","-4.113413003750546","-3.447063852081655","-3.537333233169008","-3.305670988740913","-3.019037084843579","-2.744788619432331","-2.740166038442409","-2.733733106268798","-2.722117595583905"
"IMF.FAD:FM(5.0.0)","LAO.G2M_S13_POGDP_PT.A","OBS_VALUE","Lao People's Democratic Republic","Expenditure, General government, Percent of GDP","Annual","Units","","","","","","","","","","","","","","","","","","","","","","","","","","","","","","","","","","","","","","","","","","","","","19.89080546655424","18.8456559313496","16.61958766715774","16.03925942488985","13.56942885177098","15.33127934054074","14.71802735083781","15.10845403888515","16.05416225893844","20.1032020024528","22.40206443658147","20.18936299830406","24.7200294288467","24.2396391078541","24.98701951574145","25.78227796824207","21.08461037115922","21.8024729196366","20.70905469390419","18.62050956128799","18.35701150022171","15.70486308020046","14.72739668475906","16.45434340943804","15.76584900696346","17.93813820241809","18.84976648502318","17.35445397639394","17.40332838342451","17.37140324632339","17.34860762178021","17.39902153993693"
"IMF.FAD:FM(5.0.0)","IDN.G2M_S13_POGDP_PT.A","OBS_VALUE","Indonesia","Expenditure, General government, Percent of GDP","Annual","Units","","","","","","","","","","","","","","","","","","","","","","","","","","","","","","","","","","","","","","14.09342494728383","13.52380709037539","11.9070423991953","11.50798781624915","15.24950934081909","15.07877224545669","15.14017535286828","15.30287063701809","19.50874834855967","16.9288976126538","18.17600294606286","17.83322521777265","17.39779549696235","18.41657279004164","18.73488607542626","19.39400129532332","17.02665303695078","16.88654691889774","17.71370220145291","18.83580438634531","18.81998492792999","18.36475611103367","17.602161837744","16.92049346185897","16.44362274639034","16.61110186729939","16.35879139944968","18.42670038136536","18.1237036819731","17.25750215819672","16.6371085214919","16.86621293081277","16.19452173465066","16.78053501537455","16.70785973064592","16.76895575299676","16.88088270890258","16.96569414369576","17.06325305954391"
"IMF.FAD:FM(5.0.0)","IND.GNLB_S13_POGDP_PT.A","OBS_VALUE","India","Net lending (+) / net borrowing (-), General government, Percent of GDP","Annual","Units","","","","","","","","","","","","","","","","","","","","","","","","","","","","","","","","","-6.587499833222517","-7.24016991033184","-7.629843865133568","-7.436684987769154","-7.893088544403573","-8.570184591148301","-7.996918944694765","-6.814407173310772","-6.705175578210809","-8.276099631784325","-9.742368673475145","-8.700689044692344","-8.408911673029922","-11.03299010037836","-11.07210554398803","-11.42809566951832","-9.221001824086802","-6.642448370515373","-5.112679363422906","-3.734824421372375","-8.146669930995711","-9.258540370475668","-8.530182055859804","-8.028302221473578","-7.318264191447189","-6.784678231070236","-6.90190828211555","-7.281178411002973","-7.214256202938548","-6.326411856875604","-6.457206573007331","-7.85832777678396","-13.17421228851003","-9.701415226201738","-9.234234361999921","-8.374384649966136","-7.854918157453177","-7.440235100611475","-7.413774771378529","-7.308308762663253","-7.112988680898432","-6.906969799273615","-6.739626716385411","-6.552154901631206"
"IMF.FAD:FM(5.0.0)","YEM.G1_S13_POGDP_PT.A","OBS_VALUE","Yemen, Republic of","Revenue, General government, Percent of GDP","Annual","Units","","","","","","","","","","","","","","","","","","","","","","","","","","","","","","","","","","","","","","","","","","","","","","","","","","","","","","","","","","","","","","","12.9242361598927","15.99116093952021","11.58815088011814","13.88915765833568","22.36562884988745","14.99738471775166","20.40595985062564","14.74274067835468","17.19176369027476","17.13809466200487","17.73809466200485","18.53809466200479","18.83809466200482","19.20565673080401"
"IMF.FAD:FM(5.0.0)","MWI.G1_S13_POGDP_PT.A","OBS_VALUE","Malawi","Revenue, General government, Percent of GDP","Annual","Units","","","","","","","","","","","","","","","","","","","","","","","","","","","","","","","","","","","","","","","","","","","","","","","9.373844929908812","12.79205252071525","14.55820617553054","15.80640083947397","17.78200515034192","18.16783863333942","17.71710590802702","17.2083426996384","20.22786313399484","14.14720332595251","17.31350662985323","16.9843001337014","15.19180931870961","15.35167483559438","14.8437650799875","15.84232574341614","15.03577089333222","14.76500670480487","14.69619236754234","15.30930258094378","17.35827299834895","17.64095436671184","18.49694261655288","19.10032425976455","18.57880464508369","18.70593790029131","18.40102051649891","17.74671238540466","17.48710699505993","17.43483224819463"
"IMF.FAD:FM(5.0.0)","GNB.GNLB_S13_POGDP_PT.A","OBS_VALUE","Guinea-Bissau","Net lending (+) / net borrowing (-), General government, Percent of GDP","Annual","Units","","","","","","","","","","","","","","","","","","","","","","","","","","","","","","","","","","","","1.606536720439393","-0.2523819983588192","-0.337747662711584","-5.541399774852404","2.449644225981775","3.478052565548825","-2.555809839818954","-5.954428768832253","-4.064589498697887","-2.800830635511547","-1.825661848208671","-3.703664840116257","-5.627553396845304","-5.919516059603562","-4.960269796487457","-4.574471073414068","-8.774457664481861","-0.7348100492407969","2.679352216266831","-0.2250763277036451","-1.353676215528731","-2.122832796496161","-1.672842255895617","-2.435816657358295","-3.161462635920582","-5.341001641846313","-1.320655423330479","-4.764123281875914","-3.861457398365611","-9.637580005763901","-5.881596617975072","-6.056389938186404","-8.152103657879862","-7.255481352529694","-6.693608555702465","-3.985138167985034","-3.548218141153661","-3.000548772082344","-2.971908727686939","-3.02253932617486","-2.981224948427619"
"IMF.FAD:FM(5.0.0)","MLI.G2M_S13_POGDP_PT.A","OBS_VALUE","Mali","Expenditure, General government, Percent of GDP","Annual","Units","","","","","","","","","","","","","","","","","","","","","","","","","","","","","","","","","","","","","","","","","","","","","16.50020486059102","15.68972388031205","16.81537679203776","17.76411722548396","18.51115788112096","18.33362262252703","18.8512854406018","18.13039850237314","16.18314313450479","19.57945376829451","17.42642018808602","17.27889346417166","13.0508633882431","16.61036890951578","16.82129206324246","17.59987872180469","18.61668313910289","19.20342187597594","16.98633468392955","19.49437091435482","21.98456221458186","22.54145781900076","20.787613825738","21.20791841978448","21.02193788698287","20.92941696212633","22.63141408818257","23.64025812958579","23.8507910732065","23.98154837006337","24.18094772235173","24.20359226359772"
"IMF.FAD:FM(5.0.0)","LBY.GNLB_S13_POGDP_PT.A","OBS_VALUE","Libya","Net lending (+) / net borrowing (-), General government, Percent of GDP","Annual","Units","","","","","","","","","","","","","","","","","","","","","","","","","","","","","","","","","","","3.355203678572954","8.413030540516799","0.1064169462853547","-5.773753539783161","-2.667015141660916","3.797005444170631","11.31864382137121","-2.104626720480487","-2.362674930021031","5.692012580743173","13.63962052314247","0.06689730413396419","6.991209280799203","6.165786700991856","11.312073589782","30.38139425878537","29.0911854873445","28.36268474626782","27.67668881673202","-5.459464780930341","11.46864206904063","-11.45018973424402","24.61269358500861","-16.29897561342138","-30.50778965133211","-28.4923241540222","-29.28993230176868","-11.06177861913654","9.392683952079791","11.92969121925075","-22.27300167860041","14.82838435363453","23.59458472654599","-7.164317823706746","-25.93064264908713","-31.06079437499481","-20.90840484899621","-23.84128591981845","-23.88494082321185","-22.66792634458582","-21.38254631118802","-20.36762290264917"
"IMF.FAD:FM(5.0.0)","MWI.G2M_S13_POGDP_PT.A","OBS_VALUE","Malawi","Expenditure, General government, Percent of GDP","Annual","Units","","","","","","","","","","","","","","","","","","","","","","","","","","","","","","","","","","","","","","","","","","","","","","","13.84335560019661","15.39446232210064","17.17113588803959","17.43589660425701","17.83030501915124","20.72400534530196","20.64128191562567","20.17712031779965","19.60237207580937","16.99700238492448","18.767346670182","20.71155576607869","18.2743719091214","19.52058260773952","19.74607574578316","20.99240548897841","19.38136702476724","19.31447869923038","22.72913084236562","23.65147394063723","26.67924807324781","25.48212136198925","29.49600816870681","30.5761116173343","29.08495561062289","30.67910435842764","29.77514903808422","29.21410795108903","28.9874478156945","28.72330263709211"
"IMF.FAD:FM(5.0.0)","NER.GNLB_S13_POGDP_PT.A","OBS_VALUE","Niger","Net lending (+) / net borrowing (-), General government, Percent of GDP","Annual","Units","","","","","","","","","","","","","","","","","","","","","","","","","","","","","","","","","","","","","","","","-3.187751327842071","-0.3604750535440824","-2.387364613283914","-2.231274026307319","-4.274022437429061","-2.828269088321818","-2.587942767692404","-2.213222471285676","-2.174764882004148","-2.763591399982384","-1.527615980880416","31.04509167330603","-0.7466682678155752","1.110801669909258","-3.926786257951727","-0.9851978037663954","-2.193744972206659","-0.8301598747255403","-1.932357666555602","-6.124642974369065","-6.746851709215209","-4.463526077121365","-4.116706327110212","-3.0079686355482","-3.558157224152181","-4.816395433857578","-6.09921018872583","-6.772006034298486","-5.373899129111","-4.266858446758477","-3.2835996364487","-3.652157513360855","-2.984692804511704","-2.993057619556796","-2.999999999999994","-3.038282564502898","-3.045386688929034"
"IMF.FAD:FM(5.0.0)","SWZ.G1_S13_POGDP_PT.A","OBS_VALUE","Eswatini, Kingdom of","Revenue, General government, Percent of GDP","Annual","Units","","","","","","","","","","","","","","","","","","","","","","","","","20.41769289698216","15.47078704518278","18.21287558212541","16.52058793998195","17.90632552953028","17.8675820633745","16.52239722002796","18.75086587934055","20.16634138524468","21.65900088784722","23.70484413041395","22.86880546792758","21.97142793163579","19.8078785857855","19.97814309151582","20.74532644804495","21.53564092682369","22.7132159055541","23.08854229584295","24.55352481846432","23.53308142818434","23.33492587678449","22.79835684925089","23.76310061053734","26.99787948872719","27.32462729548214","36.23945353896251","32.7604818752793","35.00790959043807","30.86554437099341","21.72072458487712","21.26164650297391","30.45637368000551","29.37742725538576","31.51953942124597","28.59022832528949","25.62625842802382","27.98240518797194","24.97714380389779","26.52979541153901","28.02037467576965","24.7120304578555","23.63484680594033","30.86137638959872","32.4946514958481","29.57908013062384","31.46236598117119","32.35701567774604","32.32364916948424","32.44237328475539","32.44237328475545","32.4423732847556"
"IMF.FAD:FM(5.0.0)","COD.G2M_S13_POGDP_PT.A","OBS_VALUE","Congo, Democratic Republic of the","Expenditure, General government, Percent of GDP","Annual","Units","","","","","","","","","","","","","","","","","","","","","","","","","","","","","","","","","","","","","","","","","2.173257293228056","2.51207383659209","2.78476403941075","2.147378497654159","2.489422086373472","4.15643221434906","4.168488700043806","8.866897838608851","7.184364130753063","7.504028071472382","7.347038335973461","7.983438362014491","9.936199948372361","12.26428310411622","15.20568004916686","13.45449830661153","13.19250699451326","11.72449724288827","13.54398150563335","15.89074624875448","14.30746833804742","11.16732129710274","12.22127764668274","15.15427795940435","13.44784964602276","13.45748073356381","17.09827155219723","15.89857552952772","16.46481312619161","17.18629722641835","18.04568350445751","17.38757297288547","16.69747547008379","16.52139338589766","16.23868986630542","16.02401036532803"
"IMF.FAD:FM(5.0.0)","TZA.GNLB_S13_POGDP_PT.A","OBS_VALUE","Tanzania, United Republic of","Net lending (+) / net borrowing (-), General government, Percent of GDP","Annual","Units","","","","","","","","","","","","","","","","","","","","","","","","","","","","","","","","","","","","0.6045111812650472","-4.958785043846203","-2.023239438012563","-3.737071551570325","-2.117470592470437","1.570933933978947","-0.0264716723141391","0.1326499649186775","-1.138976744410687","-0.7304892352786268","-0.4140885839116147","-0.7266872090140703","-1.774952997224734","-2.433816886353762","-3.276093708260964","-3.383750056789447","-1.443480429961742","-1.917194570262505","-4.463528259822692","-4.74383797105643","-3.511364762465944","-3.996943200547648","-3.759214944800085","-2.911427175385054","-3.168578541710597","-2.083237999370605","-1.142497881171832","-2.00978841738827","-2.05893348712128","-2.55744761333374","-3.545681433652642","-3.916480607220319","-3.667037982392132","-3.025130164118582","-3.039590096896395","-3.209962053936631","-3.21329014419651","-3.191197678637679","-3.214226512546692","-3.202030886760004","-3.156158857459627"
"IMF.FAD:FM(5.0.0)","SSD.G1_S13_POGDP_PT.A","OBS_VALUE","South Sudan, Republic of","Revenue, General government, Percent of GDP","Annual","Units","","","","","","","","","","","","","","","","","","","","","","","","","","","","","","","","","","","","","","","","","","","","","","","","","","","","","","","","25.41719100649436","16.80817921717285","21.88634008317665","28.09581870686147","17.41247404846474","36.52162702110303","46.33061810574639","58.05500827839644","47.96815002463116","28.60076891945755","34.81594236882281","33.87659867410989","30.40635567035642","30.47162267859994","21.87665402842965","28.13154089794126","26.56637792263624","25.88644104512203","25.53273373428322","25.49919008847132","25.62168272956783"
"IMF.FAD:FM(5.0.0)","CIV.G2M_S13_POGDP_PT.A","OBS_VALUE","Côte d'Ivoire","Expenditure, General government, Percent of GDP","Annual","Units","","","","","","","","","","","","","","","","","","","","","","","","","","","","","","","","","","","","","","","","","","15.17216765377189","14.56491298179896","13.66795961254521","12.87736487421339","11.43897533176959","13.09788681735487","12.6747302083752","13.50810763861845","13.59657591995821","14.46129650157073","14.84228838002852","14.58940086211732","14.38582724603158","14.46536342943057","13.19699950317728","16.14177042464054","15.85723112710461","15.21354754777201","16.50259660203231","17.58083219743142","18.10908885819251","17.56062830648688","17.19793844730737","20.3695142242796","20.45458979375507","21.85027455268479","20.97968351420136","20.36549292055954","20.18547897509394","20.61997609066454","21.05283794163785","21.48671060132815","21.99031475865777","22.30468942878086","22.48437228286721"
"IMF.FAD:FM(5.0.0)","STP.GNLB_S13_POGDP_PT.A","OBS_VALUE","São Tomé and Príncipe, Democratic Republic of","Net lending (+) / net borrowing (-), General government, Percent of GDP","Annual","Units","","","","","","","","","","","","","","","","","","","","","","","","","","","","","","","","","","","","","","","","","","","","","51.51664023932728","-13.51966268799723","-10.42332872808695","-15.92586518562691","-25.11516189261265","26.81209963681332","17.99199567640818","125.1352833850921","13.64808899759784","-18.02415674118725","-12.11945143964413","-13.0245804855144","-12.25689862566832","2.134129389362503","-6.274228311870072","-7.600221303254611","-5.006395910467231","-3.107337201410339","-2.023117840322798","-0.06619929104361606","2.939859295537387","-1.515512048427141","-2.240516525208792","-2.131129189303424","0.9208078191965982","-2.527705666941215","1.019022060175035","1.611120481349394","2.899924312803492","2.698545891343462","2.89389646266271","2.651237174780489"
"IMF.FAD:FM(5.0.0)","STP.G1_S13_POGDP_PT.A","OBS_VALUE","São Tomé and Príncipe, Democratic Republic of","Revenue, General government, Percent of GDP","Annual","Units","","","","","","","","","","","","","","","","","","","","","","","","","","","","","","","","","","","","","","","","","","","","","62.25358478233494","39.27974635144745","33.84215362075439","35.93835554650562","35.52282428577714","70.47784353375886","50.45782169547778","164.0542045498629","44.09476881596187","30.58735771394806","39.57006445181349","40.33584272225705","38.24329246111179","37.64280941836483","29.69359028956738","33.98469809812215","33.28984050928777","28.82251239300844","25.9381492896308","22.76563399338026","26.12065076993265","24.11699210127114","25.46494004243797","21.78835801346862","24.71917505358285","18.66202390396211","21.62608771446161","21.29145567397824","22.10066029413993","21.66298038216724","21.71137701112758","21.53605440140153"
"IMF.FAD:FM(5.0.0)","RWA.G1_S13_POGDP_PT.A","OBS_VALUE","Rwanda","Revenue, General government, Percent of GDP","Annual","Units","","","","","","","","","","","","","","","","","","","","","","","","","","","","","","","","","","","","","14.5030346579528","13.87188536934153","3.837030959875526","16.19521630665265","14.71041345952953","14.99029998184032","13.97670577183841","18.22053279192815","18.27860602748379","17.51265222571018","18.68656056756741","17.51304320862824","20.43982981897072","21.3743240694954","20.84323920265781","21.12884991702321","23.56695704919614","22.85591208791209","23.47009634457353","24.11356800626836","22.47747586721542","25.22921749906235","23.87995917481291","24.18232409439845","23.12589683345331","22.79153238657512","23.77107450176161","22.74917029146951","23.20150820822855","24.16145962594364","23.1692074219659","21.27864986541482","20.95038646729928","19.64337809757903","20.30706672491459","20.56577954923153","20.91169926390287","20.92462588306534","21.01903325300108","20.46428964416251"
"IMF.FAD:FM(5.0.0)","CAF.GNLB_S13_POGDP_PT.A","OBS_VALUE","Central African Republic","Net lending (+) / net borrowing (-), General government, Percent of GDP","Annual","Units","","","","","","","","","","","","","","","","","","","","","","","","","","","","","","","","-4.643597777537095","-3.722074752231154","-3.247253052708703","-6.597603479895614","-7.996194502196467","-7.326653764743987","-5.663068801942635","-7.573890850629726","-4.840336162327133","-1.05902869611251","-1.56536210524296","0.0009476466733990443","-0.495962010014686","-2.008457304875076","-0.8761569609242761","-1.189831432670642","-3.063012965845452","-1.737740792336944","-4.366567233650622","8.583724637057386","1.043556485091175","-1.230862628333683","-0.5427841165038202","-1.347113087742976","-2.149098759130937","-0.7761649173555531","-2.303630247993981","-3.016623017157933","-0.5349974474274282","1.182651343557075","-0.9954935051685427","-0.9297512453564421","1.327324706339535","-3.231710881483328","-5.711325691009612","-5.12850178334605","-3.415979934287653","-5.030593369142683","-5.493627049375546","-4.98351845141647","-6.217097947602464","-7.080291417290724","-7.824570648161762","-8.718687068895594","-9.552847090999949"
"IMF.FAD:FM(5.0.0)","MDG.G1_S13_POGDP_PT.A","OBS_VALUE","Madagascar, Republic of","Revenue, General government, Percent of GDP","Annual","Units","","","","","","","","","","","","","","","","","","","","","","","","","11.72848499087654","8.204100054648645","7.314108523272164","7.396092157927908","7.849648575556813","9.459693704247055","8.827760932509889","8.267166603805644","10.85807018593176","12.12897819789609","12.85156912552741","9.085019275892551","11.18335935804904","10.73779538137061","9.463290218179109","9.411538522597505","10.42510792488893","12.45597795202345","11.6253344105074","13.05699100908372","12.99427539058855","11.69566165891182","8.350475307016999","13.24198485099911","17.46861559566156","15.87843676116239","12.76283283325354","13.77893232625297","13.98795123115273","10.24707776993798","11.52013962789278","9.997886195802233","9.278439015205851","9.299126290010786","10.59406308209038","10.17888426471253","12.43833116301129","12.83949015893706","13.01323140222954","13.94074426535009","12.39824030983115","11.07045916214929","10.77607977197843","13.5820530598673","13.6117709038446","11.31941636043904","12.44972668571088","12.48567457673947","12.48887443865763","12.58418163030616","12.74164617621513","12.99545861458971"
"IMF.FAD:FM(5.0.0)","MDG.GNLB_S13_POGDP_PT.A","OBS_VALUE","Madagascar, Republic of","Net lending (+) / net borrowing (-), General government, Percent of GDP","Annual","Units","","","","","","","","","","","","","","","","","","","","","","","","","-11.01666251256941","-9.96540832141215","-6.966201398157643","-6.036583595221495","-6.090177375718443","-2.388635638672976","-2.239919682471262","-2.124048038337487","-0.571590777882052","-3.345032594722648","-0.4941673094150745","-4.398129484351477","-5.003861735936001","-6.338217480061722","-7.232908359382725","-5.087550777473472","-3.970637580893716","-1.997251403334913","-5.307739178722601","-2.420563571698055","-2.352537540281244","-3.614406154005297","-4.092046062065715","-3.321644201400225","-4.232413881855754","-2.474755887012137","-5.710995497629839","-2.307582103316914","-1.723202611534538","-2.261323330991809","-0.7603758330364357","-2.043157171378663","-2.237311653571749","-3.402964519280234","-1.960686062995859","-2.850272850736784","-1.1072338585617","-2.102886553749925","-1.337842684773443","-1.42078555010809","-3.956818444243975","-2.827430027504762","-5.454405133023111","-4.151068249751201","-2.486286826976308","-2.206256867860085","-4.608254068839332","-3.943528616765773","-3.852512193742786","-3.916960263248077","-3.813587270665937","-3.595633342579892"
"IMF.FAD:FM(5.0.0)","MOZ.GNLB_S13_POGDP_PT.A","OBS_VALUE","Mozambique, Republic of","Net lending (+) / net borrowing (-), General government, Percent of GDP","Annual","Units","","","","","","","","","","","","","","","","","","","","","","","","","-1.47455811218144","-7.412703539516813","-3.60873013372882","-15.77041538938259","-13.39462648221616","-9.689442135439971","-12.10342676878592","-7.24040149575813","-6.472075270189711","-4.232337852993728","-4.416018220860123","-2.007233273056058","-1.850392162430782","-2.53023943975094","-4.001142025415664","-2.456643627048789","-2.072995715698121","-1.808869967594046","-1.075091402824764","-0.3139188490214711","-1.259799796252824","-4.434345312976432","-3.364414962456175","-2.635508905205115","-3.16791389973794","-2.058618629492118","-3.033675574400121","-2.190821437568081","-1.897673569268281","-4.346340345347426","-3.403603851202816","-4.335946649433223","-3.449742350248579","-2.463468638557519","-9.753243981647465","-6.554664660090267","-5.063882481538548","-1.986222297204606","-5.700950907687264","1.704169217306763","-6.192313798776979","-5.232565008758156","-5.218983580205336","-4.25783990439344","-6.231450597247343","-3.966852808700598","-6.478898055353378","-7.262184394211721","-8.350787687523278","-9.420897050410688","-9.787607332832277","-10.96242821050674"
"IMF.FAD:FM(5.0.0)","SSD.GNLB_S13_POGDP_PT.A","OBS_VALUE","South Sudan, Republic of","Net lending (+) / net borrowing (-), General government, Percent of GDP","Annual","Units","","","","","","","","","","","","","","","","","","","","","","","","","","","","","","","","","","","","","","","","","","","","","","","","","","","","","","","","4.57049565895537","-14.80985657087229","-3.449580019013268","-9.534404732534465","-16.28237373202335","-15.51693095495342","4.159932279283688","-1.151547438725351","0.04191497345089563","-5.499090263946062","-9.298136844413282","4.425781554510427","9.119344591714379","11.52443967506178","3.452019078446975","1.367625567986515","-0.222502537611207","-1.027024383113198","-1.104295212728121","-1.054660586590141","-0.9347973790386726"
"IMF.FAD:FM(5.0.0)","CAF.G2M_S13_POGDP_PT.A","OBS_VALUE","Central African Republic","Expenditure, General government, Percent of GDP","Annual","Units","","","","","","","","","","","","","","","","","","","","","","","","","","","","","","","","21.93716345814879","21.43271029791016","19.61376847964744","22.00840907610318","22.6331666958113","23.09160912829044","20.62573857909715","22.35222533467703","20.56916121894595","11.71184076484059","14.46033319592395","18.05032244821273","18.19564301520665","17.1639078882674","14.14164542865343","16.66257809705822","12.29411850932816","13.07552126428716","16.17946095556232","13.36992288958797","12.87190211035586","16.02667945342713","15.99799992825672","17.25907465175403","14.15796505792395","14.74249745540719","13.39901880525635","16.65187607331718","12.69485468471863","11.0687557896618","13.05844311909712","16.84424823378375","15.76386740628251","23.9660582491356","18.9965654784378","17.11301717336262","17.46168176282086","19.35331747015572","21.06879678968356","19.29390639120302","20.02051411084816","20.54850815079449","21.04256660229034","21.58843098577906","22.20432927601153"
"IMF.FAD:FM(5.0.0)","GAB.G2M_S13_POGDP_PT.A","OBS_VALUE","Gabon","Expenditure, General government, Percent of GDP","Annual","Units","","","","","","","","","","","","","","","","","","","","","","","","","","","","","","","","","","","22.59269933549287","25.08368556427577","26.53746319717197","26.87939597168584","23.90900706337599","25.07372896941262","22.22800464553892","29.69681908129532","45.49714580379061","25.49691780211799","20.29727153369931","27.83309341489111","25.72234833185771","21.24973121383303","20.87402856158292","20.76763906050196","21.13483360228785","19.38837436341244","18.92910078050942","22.59828307383811","23.09072042072791","22.0736037822032","23.94958037311273","34.67456872504259","23.75548400778042","22.25333398556497","21.84773544939961","18.11373198952049","17.13016652113144","17.407290080071","19.77559844906432","17.25390851439052","19.65319384346119","21.46442864407121","24.77111286503552","28.63806000941739","29.5532139215467","30.46856267796434","31.17511659472217","29.67754238291132","30.32001545941242","30.9508519832606"
"IMF.FAD:FM(5.0.0)","KEN.GNLB_S13_POGDP_PT.A","OBS_VALUE","Kenya","Net lending (+) / net borrowing (-), General government, Percent of GDP","Annual","Units","","","","","","","","","","","","","","","","","","","","","","","","","","","-3.070939957715558","-2.165831349019288","-2.551586301931102","-3.0505490110374","-2.981126860529208","-2.26841496549345","-1.96937518451601","-2.392264448932048","-3.279702298484621","-6.561075358189894","-8.276277869815116","-8.574595374872313","-4.142066420460259","-0.2296396224504465","-0.4904151558936156","-0.9067704348930347","-0.02765946608906054","0.8426499421137756","0.3807629197800245","-0.5276888967488688","-1.29455426668185","-0.7275208395543675","0.5023325064312368","-0.1933575688539008","-0.4321969249675358","-0.9542132148898213","-1.951632015914635","-3.124429860909269","-3.673265480825211","-3.638726354180429","-5.287786928068733","-5.245940060357424","-5.753333226442888","-6.682220834833698","-7.453007214972313","-7.366444587714491","-6.908667541247784","-7.399774448443649","-8.130436584255858","-7.196172612669279","-6.011129040836805","-5.61460672684387","-5.739652698132827","-6.411579619171009","-6.424898831994409","-5.968933353409258","-5.958749332933362","-6.051501611546066","-6.159060385505527","-6.318981687948799"
"IMF.FAD:FM(5.0.0)","MOZ.G2M_S13_POGDP_PT.A","OBS_VALUE","Mozambique, Republic of","Expenditure, General government, Percent of GDP","Annual","Units","","","","","","","","","","","","","","","","","","","","","","","","","14.21287760170843","23.81585020711064","27.04486914886652","35.33838747691771","30.87343471850936","21.04692065754936","24.23023235260102","22.88165378157949","27.04725200379434","27.0491633013388","20.96468969655537","17.33092242314647","21.05893857731081","20.65545770295595","22.93847617981302","18.75537412760979","14.88036910908492","16.54594177705014","14.94455148140844","15.60857442415784","17.19371484253887","20.76783012335547","18.61670330328881","18.60746243354133","17.76755273217024","16.98341528839475","20.13959730330332","20.92069445894435","21.29536061232182","25.69054450241382","26.61800344685137","28.89961929566911","28.11477753488486","31.71225322704946","39.73343491770676","32.16579413121629","28.73821314436966","28.59097104494625","31.16664456830828","28.00432542577747","33.85803695759676","32.12215690609405","32.89830917069905","33.33181253076912","33.30080123819934","30.26940535142344","32.9328081626381","33.13247976975128","34.29888680788561","35.45217325989338","38.04192583657742","37.81666499356122"
"IMF.FAD:FM(5.0.0)","SOM.GNLB_S13_POGDP_PT.A","OBS_VALUE","Somalia","Net lending (+) / net borrowing (-), General government, Percent of GDP","Annual","Units","","","","","","","","","","","","","","","","","","","","","","","","","","","","","","","","","","","","","","","","","","","","","","","","","","","","","","","","","","-0.112995506456065","-0.05553926374274451","0.2417294800391761","0.4608175613528916","0.3741958346042565","0.03064242347262797","0.2755564760277296","0.2865506549122856","-0.8820607239495361","0.02351653101250613","0.04779073356587743","0.1654689397920919","-0.2972928064441504","-0.590606176969932","-0.7774060193595631","-1.218423554916905","-1.971708332040122","-1.990392068086258","-2.108182768536955"
"IMF.FAD:FM(5.0.0)","SLE.GNLB_S13_POGDP_PT.A","OBS_VALUE","Sierra Leone","Net lending (+) / net borrowing (-), General government, Percent of GDP","Annual","Units","","","","","","","","","","","","","","","","","","","","","","","","","","","","","","","","","","","","","","","","","","","","","-1.943868437569672","-3.219264515864249","-3.027523058485109","-2.782891778609748","-1.455915109712196","-1.166853854490742","-0.9303036278397451","12.56829108086879","-2.217025912735539","-1.509519662307676","-3.089633480381883","-2.78470923890919","-3.412526878083178","-1.74425752119434","-2.768457592415707","-2.86496088944196","-5.413617458286722","-5.610760124975976","-3.573307662146105","-1.952509246172406","-3.498323540284136","-4.34802985466969","-5.927598301769104","-4.985619360774841","-5.155556270918781","-4.198906495287506","-2.189617959153855","-0.2382157896660918","-0.2029705605860038","-0.6804340241224933","-0.4325470417218987","-0.1037406532140416"
"IMF.FAD:FM(5.0.0)","GIN.GNLB_S13_POGDP_PT.A","OBS_VALUE","Guinea","Net lending (+) / net borrowing (-), General government, Percent of GDP","Annual","Units","","","","","","","","","","","","","","","","","","","","","","","","","","","","","","","","","","","-3.755477352366728","-3.248325356378041","-0.8906227136963766","-2.332215360481081","-2.591085318299902","-1.070797313524937","-2.201280485038619","0.06637618935022077","2.460829467911811","-1.298691858211315","-2.420873732614858","-3.230052158209444","-3.373341624647075","-4.654864721223244","-3.845659370337192","-1.055376100636603","-2.128912002945508","1.280676807158671","0.3847865889096923","-4.868053832795832","-9.660504287334208","-0.920975739330618","23.71737677640807","-3.857298850284176","-3.013821093833058","-6.53065971148526","-0.08378746532255069","-1.984771793042788","-0.9736956073729934","-0.1691434198017638","-3.081455355423841","-1.704982408410152","-1.881004550957883","-3.858483459110399","-4.989945769364977","-7.00000000000003","-4.96146378008907","-4.173072026349071","-3.499999999999996","-2.99999999999999","-2.699999999999993","-2.500000000000005"
"IMF.FAD:FM(5.0.0)","ETH.GNLB_S13_POGDP_PT.A","OBS_VALUE","Ethiopia, The Federal Democratic Republic of","Net lending (+) / net borrowing (-), General government, Percent of GDP","Annual","Units","","","","","","","","","","","","","","","","","","","","","","","","","-2.563333875393737","-2.194797830497054","-3.598963075985572","-7.590360950242453","-3.69187577463974","-4.711352694739249","-3.98268252885188","-3.544141472083083","-3.48279882799557","-4.330051349712812","-6.860645961701351","-6.000025162214961","-4.922496265775796","-4.121896595878064","-5.386154761714998","-2.756967364195782","-3.927985343985","-1.76413209988372","-3.645262903117778","-8.538677746730023","-8.880363659704012","-3.760400444115235","-5.764230503562912","-5.592003549427586","-2.651278615051472","-4.122289719908693","-3.787920744872748","-3.56743510213281","-2.882350063766326","-0.9321167845285469","-1.320751330571462","-1.607127794499193","-1.171938786682899","-1.930531161714095","-2.582291151681464","-1.947067005395784","-2.300454263315616","-3.243369512650272","-3.029069445161339","-2.533412526108586","-2.764306794724122","-2.767054972463965","-4.158727878003181","-2.599214619576502","-1.988786643224099","-1.187665249905171","-1.756579635375708","-1.025633415693992","-1.686849944665305","-1.492390664331612","-1.486193094797208","-1.525033483539015"
"IMF.FAD:FM(5.0.0)","CPV.G1_S13_POGDP_PT.A","OBS_VALUE","Cabo Verde","Revenue, General government, Percent of GDP","Annual","Units","","","","","","","","","","","","","","","","","","","","","","","","","","","","","","","","","","","","","","","35.27691562056694","33.37799716396912","27.70836882569167","24.61080604963557","26.68462599393729","24.08767091294317","21.15746003404226","19.12689492137449","22.39156564203262","19.78144203805559","23.29415475014007","21.53239856465304","24.0844569865753","26.19692320898389","26.18558575520858","25.30937899192601","26.11116692688203","23.36658810809795","22.2170800842551","22.37710155432172","20.83543152743027","24.53994062232381","23.91918042299687","25.34860667065325","25.17509712894071","25.88939245878625","25.24781551128463","23.28110879986765","22.34863157523348","25.42391725980259","25.02882128368936","28.10274121118238","26.58381031199005","26.78559510387773","26.88356152481067","27.0589985244335","27.24876491980471","27.18189231909783"
"IMF.FAD:FM(5.0.0)","COD.GNLB_S13_POGDP_PT.A","OBS_VALUE","Congo, Democratic Republic of the","Net lending (+) / net borrowing (-), General government, Percent of GDP","Annual","Units","","","","","","","","","","","","","","","","","","","","","","","","","","","","","","","","","","","","","","","","","-0.5619809508547376","-1.055730251793235","-1.54847803566618","-1.348249247717145","-1.852544829839138","-1.126910204565905","0.8937747177307532","-3.922823836585068","-0.1669896053717469","1.382451960006311","2.092175734932131","1.207765742935379","-0.2816949810153889","1.036096579975282","-0.8028025437243842","-0.7058748387830059","1.925823360589129","3.496519760287691","3.871432940184388","-1.199233188542984","-0.9087372382380142","-0.01438477911864353","-1.34873531002374","-3.412014504581522","-3.488775934985288","-1.578938600162966","-0.8678167021764755","-1.594135081591111","-1.660667608475892","-2.752427199855862","-3.455230969646497","-2.387651599011413","-1.497028235426257","-1.457176397357514","-1.273485671470392","-1.150930760045104"
"IMF.FAD:FM(5.0.0)","GNQ.GNLB_S13_POGDP_PT.A","OBS_VALUE","Equatorial Guinea, Republic of","Net lending (+) / net borrowing (-), General government, Percent of GDP","Annual","Units","","","","","","","","","","","","","","","","","","","","","","","","","-204.1151379534738","-174.9202388057509","-184.9223857304373","-154.626365123713","-114.3818703583903","-89.32804384334777","-97.30120909478383","-157.9616840766318","-208.4945148884094","-76.17106118876202","-160.1852513026936","-236.0355385168272","-557.4986031048409","-217.9360725981269","-487.3124279762448","-123.4159248313545","-6.355378715079401","3.213610565899265","-7.651485523876038","-0.1911279883395087","-2.667315265617452","14.90892618003837","17.59412695631345","9.993204088447134","9.217541200292249","18.54692495606619","21.79465642399736","17.15997261542631","14.61374223536644","-6.474637041375472","-4.533053247695543","0.8345489680235288","-7.238722748265585","-4.40328357206697","-7.540969235158351","-15.09709085177845","-10.91693684935194","-2.590037527829247","0.522467841688325","1.823553452108932","-1.771039544521876","2.652518646354183","11.68288714020361","2.386551181756348","-0.5543606704022827","-2.546685369619676","-1.658000139387786","-3.661076520573109","-3.906861191650822","-3.549812019243302","-2.520255933027513","-2.234486019844054"
"IMF.FAD:FM(5.0.0)","CPV.GNLB_S13_POGDP_PT.A","OBS_VALUE","Cabo Verde","Net lending (+) / net borrowing (-), General government, Percent of GDP","Annual","Units","","","","","","","","","","","","","","","","","","","","","","","","","","","","","","","","","","","","","","","-12.77862641603678","-11.1307903184757","-11.21529214373237","-10.18217515257814","-3.161684685634372","-10.87090592523213","-15.53180866973636","-5.028808702102429","-6.138972669981577","-3.626661306084711","-2.978997075182059","-4.692836845281519","-4.31597666089938","-0.8634932825311463","-1.415024200360064","-5.319511338463981","-9.596677752077464","-6.975537966913958","-9.363887359441949","-8.489741220715194","-6.933502565969506","-4.156998755275793","-2.728431999802605","-2.634577724014033","-2.36383744059915","-1.617216579537446","-9.293278105721208","-7.512191976121737","-4.250894134099621","-0.2775339982482991","-1.066138478892956","1.057053260993753","-0.8750141267711619","-0.04384261931046648","0.05005830660024395","0.1112547083566764","0.1618538682232523","0.1938977221296959"
"IMF.FAD:FM(5.0.0)","MDG.G2M_S13_POGDP_PT.A","OBS_VALUE","Madagascar, Republic of","Expenditure, General government, Percent of GDP","Annual","Units","","","","","","","","","","","","","","","","","","","","","","","","","22.74514750344595","18.1695083760608","14.28030992142981","13.4326757531494","13.93982595127526","11.84832934292003","11.06768061498115","10.39121464214313","11.42966096381381","15.47401079261874","13.34573643494249","13.48314876024403","16.18722109398504","17.07601286143233","16.69619857756183","14.49908930007098","14.39574550578265","14.45322935535836","16.93307358923","15.47755458078178","15.34681293086979","15.31006781291712","12.44252136908271","16.56362905239933","21.70102947751731","18.35319264817453","18.47382833088338","16.08651442956988","15.71115384268727","12.50840110092979","12.28051546092921","12.0410433671809","11.5157506687776","12.70209080929102","12.55474914508624","13.02915711544931","13.54556502157299","14.94237671268699","14.35107408700298","15.36152981545818","16.35505875407512","13.89788918965405","16.23048490500154","17.7331213096185","16.09805773082091","13.52567322829912","17.05798075455021","16.42920319350525","16.34138663240041","16.50114189355424","16.55523344688107","16.5910919571696"
"IMF.FAD:FM(5.0.0)","TCD.GNLB_S13_POGDP_PT.A","OBS_VALUE","Chad","Net lending (+) / net borrowing (-), General government, Percent of GDP","Annual","Units","","","","","","","","","","","","","","","","","","","","","","","","","","","","","","","","","","","","","","","","-3.123791445994658","-2.860703148486889","-2.579028912735742","-1.730417907687394","-4.069054784607783","-4.681241267691572","-3.534653380961873","-4.07912063358675","-4.31522657887319","-1.840013170079587","-0.05277576761976385","1.703206276070676","2.018346794703541","2.816626614260072","-8.44414442974896","-3.157813847472729","1.745981254252632","0.3285805011833073","-1.502409238179191","-3.220531524591185","-3.293249531263513","-1.511003657069837","-0.1759533172541613","1.386939853458723","-0.1107160059523802","1.235357601569477","-1.29309908565706","3.786787144175608","-1.257349399420262","-2.027958580247245","-1.261036771916751","-1.38228070736673","-1.301461452535155","-0.2557336394837745","-0.7051850679881576","-0.9288997061557968","-1.167984047708367"
"IMF.FAD:FM(5.0.0)","GHA.GNLB_S13_POGDP_PT.A","OBS_VALUE","Ghana","Net lending (+) / net borrowing (-), General government, Percent of GDP","Annual","Units","","","","","","","","","","","","","","","","","","","","","","","","","-4.729918208190028","-3.801220984361733","-2.033659794431196","-1.133873150562004","-0.976323386143743","-1.190200844015496","-1.260715349354375","-0.9247054867057519","-1.075417385534804","-0.8119837804731308","-1.92689356362379","-1.472630958054696","-4.500550692259131","-5.38849821344744","-4.994068550705252","-4.521015625076954","-5.612851308848871","-6.141985673667691","-5.270576376183413","-5.644412439906037","-3.980349924946674","-3.63663851877762","-2.725710202936423","-1.993635970700211","-2.024377736605522","-1.873773263529068","-3.107785552389886","-4.914905729969666","-5.556904529914599","-5.045795339170497","-7.128473724203094","-5.465268040346713","-8.357017110429638","-9.116924642896955","-7.81200406787057","-4.007388133091768","-6.74580746689782","-3.966311294892809","-6.791244371983487","-7.519198325874625","-17.44290028656096","-12.03182184836522","-11.75989216666509","-3.366265748235113","-6.225395347371531","-1.345536219778455","-2.25585340259826","-1.831965862019396","-1.669080094390088","-1.826221983584488","-2.229712924987862","-2.174053944607115"
"IMF.FAD:FM(5.0.0)","GMB.G1_S13_POGDP_PT.A","OBS_VALUE","Gambia, The","Revenue, General government, Percent of GDP","Annual","Units","","","","","","","","","","","","","","","","","","","","","","","","","","","","","","","","","","","","","","","","","","","","","9.447168792602077","7.15857382233202","8.653991221529656","7.569831592479543","10.61056178424359","9.614405220193349","10.82750353973716","11.46922938653815","11.09667634783737","12.70555727322945","11.62695286090351","13.51637784333818","16.27146926162731","12.07270225423734","15.04565452037332","14.20297898605077","13.14844436190367","19.27323225564421","15.08501208947767","21.18870184422969","22.97897291349588","16.73042146807065","18.91904092181356","20.38891151591111","21.32800835635348","24.189037389759","24.48253664204774","23.62130231661463","22.89448024212351","22.73336651557521","22.5988041381201","22.1743498909481"
"IMF.FAD:FM(5.0.0)","ETH.G1_S13_POGDP_PT.A","OBS_VALUE","Ethiopia, The Federal Democratic Republic of","Revenue, General government, Percent of GDP","Annual","Units","","","","","","","","","","","","","","","","","","","","","","","","","10.93307142736495","11.98808319313864","12.80845318991515","13.66029223786893","15.13192352503607","14.98651949085124","15.86534433221139","14.8367054752817","18.08719546369274","19.68655991445703","13.99807777683494","11.32101149947176","9.312853057979475","9.651599405274782","12.23900613712805","14.63253005659345","14.8613641263105","16.17617820263637","17.48436848461845","18.27016082143511","16.71793093050776","18.67766680881786","19.10531507753071","21.4494775873344","20.4977949997903","18.7677395563264","18.27909542036435","16.95398911534476","15.87368065390917","16.18065830354736","17.16248426551909","16.62100239899338","15.4763018322119","15.82525774909025","14.90141568379119","15.37866764816989","15.61251446505776","14.74335027512662","13.07028981242318","12.81935619475974","11.70494836533923","11.03168522529656","8.538810447306205","8.221245615474797","7.549077915207281","10.8587023722713","11.31021345833948","11.45747136975854","11.7746864891539","12.09011738480125","12.26806869177286","12.21841736832999"
"IMF.FAD:FM(5.0.0)","COG.GNLB_S13_POGDP_PT.A","OBS_VALUE","Congo, Republic of","Net lending (+) / net borrowing (-), General government, Percent of GDP","Annual","Units","","","","","","","","","","","","","","","","","","","","","","","","","","","","","","","","","","0.7797016238531508","-4.103315378715438","-11.19545204917281","-12.68441324212696","-11.30642929442461","-10.62698921896769","-6.379538955810263","9.195060399101971","3.667710096697214","-5.159991397782129","-4.745997859439669","1.046864034856083","-0.7058582672693997","-7.341981695803711","0.365582582994471","3.325541757389192","13.40279368183103","15.95727855042435","8.986431278888255","23.89676581463198","4.755979122362318","15.51710742502328","16.06509503146399","7.235995846287839","-2.849273704472372","-10.73220658287324","-17.80514785001764","-14.54225267634559","-5.570996106688534","5.22187398223339","4.303832358088156","-1.104885441813391","1.629394877521721","8.94412233984325","5.805340953252034","3.615402581368136","0.2795115542252374","0.4009131860955722","2.937706473648347","3.894440810793822","4.454150098550397","4.712783825342413","4.648244140594809"
"IMF.FAD:FM(5.0.0)","GNQ.G1_S13_POGDP_PT.A","OBS_VALUE","Equatorial Guinea, Republic of","Revenue, General government, Percent of GDP","Annual","Units","","","","","","","","","","","","","","","","","","","","","","","","","44.42190445559952","32.0591097892765","36.37404586871965","44.78493053402674","43.65024346721416","26.03158610387015","21.68447847031359","25.03794992410015","19.45229287206537","40.62567411311698","52.74607124148769","48.48093257268777","37.27118380025539","38.37133814242535","22.53184166125956","18.0854620149167","16.58753543849698","17.96620565593844","27.4356415431851","18.49486137114094","19.97800661561815","28.38541610518563","28.84865251661192","21.76216282606111","24.70538410108095","32.66875370892156","39.88759507226383","36.84891603793297","34.50643462364261","33.37252017673821","26.64585391040687","28.3270765738872","27.96091093390313","24.87031319312485","24.05693259560102","26.47369178705397","16.90155746270142","17.47956642223782","19.57591547608998","18.62291734937269","14.39456250304809","15.36739253844914","26.46877471620579","21.62870564425654","17.9135274620689","18.13162198635396","17.54242947430268","15.66685189491389","15.29437726989228","15.27594297350903","15.56370639597934","15.5200692919034"
"IMF.FAD:FM(5.0.0)","ERI.GNLB_S13_POGDP_PT.A","OBS_VALUE","Eritrea, The State of","Net lending (+) / net borrowing (-), General government, Percent of GDP","Annual","Units","","","","","","","","","","","","","","","","","","","","","","","","","","","","","","","","","","","","","6.852970971388418","4.223687456077576","8.690480878707378","-22.93464570574634","-18.40294822829153","-5.647864515928854","-40.34926295778179","-59.74224536196973","-25.40760757862046","-9.616395518169258","-13.28761606291099","6.234582276692556","-7.651012086110003","-30.97116805927861","-15.47985295746143","-19.82194435729681","-37.97589451869396","-22.1557492438533","-16.51646435320065","-5.501972421793798","-5.214572134502502","-7.624069252578604","-0.1216961073024281","-2.76586861832009","-1.435204667541496","-5.736498525762744","5.223745833132134","2.717379839187194","","","","","","","","","","","",""
"IMF.FAD:FM(5.0.0)","PAK.G1_S13_POGDP_PT.A","OBS_VALUE","Pakistan","Revenue, General government, Percent of GDP","Annual","Units","","","","","","","3.55455875573059","3.981892840897806","4.341957939099075","4.743852363586083","4.507870196891072","5.202115130935282","4.817610485818045","5.492121893331178","6.362790878543886","6.341206590708729","6.219132456664273","7.5594668577015","8.077543071898065","7.722859405804582","9.590536310734276","9.435663949312023","9.941105347659204","10.15596480235506","10.65406019718368","11.12454860595428","10.49981260627055","10.70806006802234","12.0361933904158","11.52365814905446","12.70208670707329","13.21212457737549","11.30307893035498","11.83382590612522","12.06941941035582","10.56475785002859","11.37902403822332","11.47034795903893","10.88433280564728","10.07429357407468","10.68727808946511","9.862392834291352","9.659405024524869","10.16732746035158","10.6077894423942","10.49372522241699","11.72796481394971","12.73576441555525","10.83404999528356","10.66675081956258","11.68175978894158","11.88710420220481","12.09761545241425","12.76996848432492","12.90130951902802","11.6889843054316","11.68526374491886","12.02524429892634","13.72497188565803","13.09416523038939","13.78875246298333","13.95667387162745","13.43453566118335","11.26461899830544","13.26482908466353","12.41708227947","12.11627198687297","11.53407513405773","12.64099330022107","15.83928084194142","15.809684468826","15.26068019667775","15.4979101947185","15.4969215780144","15.50155917340788","15.4904745148052"
"IMF.FAD:FM(5.0.0)","COM.G1_S13_POGDP_PT.A","OBS_VALUE","Comoros, Union of the","Revenue, General government, Percent of GDP","Annual","Units","","","","","","","","","","","","","","","","","","","","","","","","","","","","","17.59853275950015","19.74356612962521","20.7423124719987","19.31010777658581","17.50959462902727","18.35173453141407","19.22537217739177","17.67778232175398","18.36289481196314","17.54565015469489","18.08000843699161","14.2483752275846","12.08305018948443","13.22901828084165","11.06160808370972","10.99599800797259","8.602334034936392","10.859677388117","12.11103270405962","10.71448879500762","10.73359471022887","11.3957816079556","10.9478635222483","11.88441568899299","13.6644922425952","14.02163704232586","17.47120150866751","14.07838815449968","16.8215102902852","25.31518185535369","14.199788207689","21.65714034888177","13.38554551429515","18.751722429068","17.82058956274076","15.84420097813046","18.25076709337786","17.13784626113858","14.50234554354686","16.51239619467453","16.46294096620786","17.20675646761022","17.64398113708138","16.96200564038761","16.82647632697312","17.84495807929037","17.95129618129369","17.80775084331152"
"IMF.FAD:FM(5.0.0)","PLW.GNLB_S13_POGDP_PT.A","OBS_VALUE","Palau, Republic of","Net lending (+) / net borrowing (-), General government, Percent of GDP","Annual","Units","","","","","","","","","","","","","","","","","","","","","","","","","","","","","","","","","","","","","","","","","","","","","-13.42634237217677","-16.68387436589194","-12.69910927157267","-6.908741441415406","-4.815785943065125","1.381904552079227","0.1430575484603832","-2.078390240635429","-1.705737439525326","-2.136228852198817","-1.273819397552852","1.286531813335855","0.9828889302446346","0.5445199571598248","3.593044358015396","5.078833341528592","3.515458833426893","4.755621470055866","6.184754351468253","-0.3598058548557566","-13.02206540595997","-9.940056796451523","-4.255937859338462","-2.281970302942038","1.232760219664391","1.725158172906637","0.752079797170403","0.9482449560096763","0.7427900325927288","0.5430812988414155","0.07072525814060591","0.1090265503876395"
"IMF.FAD:FM(5.0.0)","CAF.G1_S13_POGDP_PT.A","OBS_VALUE","Central African Republic","Revenue, General government, Percent of GDP","Annual","Units","","","","","","","","","","","","","","","","","","","","","","","","","","","","","","","","17.2935656806117","17.71063554567901","16.36651542693874","15.41080559620756","14.63697219361483","15.76495536354645","14.96266977715452","14.7783344840473","15.72882505661882","10.65281206872808","12.89497109068099","18.05127009488613","17.69968100519196","15.15545058339232","13.26548846772915","15.47274666438757","9.231105543482704","11.33778047195021","11.8128937219117","21.95364752664536","13.91545859544704","14.79581682509344","15.4552158117529","15.91196156401105","12.00886629879302","13.96633253805164","11.09538855726237","13.63525305615925","12.15985723729121","12.25140713321887","12.06294961392858","15.91449698842731","17.09119211262205","20.73434736765227","13.28523978742819","11.98451539001657","14.04570182853321","14.32272410101303","15.57516974030801","14.31038793978655","13.8034161632457","13.46821673350377","13.21799595412857","12.86974391688347","12.65148218501159"
"IMF.FAD:FM(5.0.0)","ERI.G2M_S13_POGDP_PT.A","OBS_VALUE","Eritrea, The State of","Expenditure, General government, Percent of GDP","Annual","Units","","","","","","","","","","","","","","","","","","","","","","","","","","","","","","","","","","","","","32.65717853439434","67.2211398488491","50.35435427802986","81.19580026812232","68.645305626855","60.14799082924835","87.99217781651819","106.0618860708983","84.74919290586443","59.53169319987497","60.06963164477745","58.14469608789469","57.05298737530222","76.57016617259458","50.4726184541975","51.19835864865899","69.39239694355157","44.9357194290422","42.44424487871745","32.25056017383006","33.32208454002913","32.72871690072583","21.59836257851504","31.08112560280297","30.93554377362681","42.49149652491264","26.35730796105876","31.25608708483418","","","","","","","","","","","",""
"IMF.FAD:FM(5.0.0)","LSO.GNLB_S13_POGDP_PT.A","OBS_VALUE","Lesotho, Kingdom of","Net lending (+) / net borrowing (-), General government, Percent of GDP","Annual","Units","","","","","","","","","","","","","","","","","","","","","","","","","","","-2.03336693208054","1.848713001985721","4.816845393590617","1.678636534239742","0.8721952228556964","-2.848345112273753","-1.872182082937831","3.878067256794034","8.777864050998531","9.740569553334174","4.653906204165368","7.55318357950528","5.694118909084178","5.131748133330709","2.113805581695239","0.2667730377269767","-11.78794169104281","-15.30211778980873","-0.9484628149451025","-2.762364684939534","-2.437457929442091","0.8888954224790059","6.054826218290012","4.459061099931925","11.57026923797204","10.75152526863975","8.095899729908832","-4.157202463444998","-1.485735122393756","-9.846266374637556","4.563783752954952","-2.58288326277904","3.157204915350344","-1.38019386790163","-9.427825939787486","-2.015544358034104","-4.408828421410833","-5.087545982580986","1.445466098906015","-4.793788749986131","-6.333582555293613","7.363972320530423","8.172878847057478","2.154001692286017","4.191240761412161","4.493167157973453","4.376208738757168","3.961769032427468","3.713162693976097","3.420016177047955"
"IMF.FAD:FM(5.0.0)","ETH.G2M_S13_POGDP_PT.A","OBS_VALUE","Ethiopia, The Federal Democratic Republic of","Expenditure, General government, Percent of GDP","Annual","Units","","","","","","","","","","","","","","","","","","","","","","","","","13.49640530275869","14.18288102363569","16.40741626590072","21.25065318811138","18.82379929967581","19.69787218559049","19.84802686106327","18.38084694736479","21.56999429168831","24.01661126416984","20.85872373853629","17.32103666168672","14.23534932375527","13.77349600115285","17.62516089884305","17.38949742078924","18.7893494702955","17.94031030252009","21.12963138773623","26.80883856816513","25.59829459021178","22.4380672529331","24.86954558109362","27.04148113676198","23.14907361484177","22.8900292762351","22.0670161652371","20.52142421747757","18.75603071767549","17.11277508807591","18.48323559609055","18.22813019349257","16.6482406188948","17.75578891080434","17.48370683547266","17.32573465356567","17.91296872837337","17.98671978777689","16.09935925758452","15.35276872086833","14.46925516006336","13.79874019776053","12.69753832530939","10.8204602350513","9.537864558431379","12.04636762217647","13.06679309371519","12.48310478545253","13.46153643381921","13.58250804913286","13.75426178657006","13.743450851869"
"IMF.FAD:FM(5.0.0)","DJI.GNLB_S13_POGDP_PT.A","OBS_VALUE","Djibouti","Net lending (+) / net borrowing (-), General government, Percent of GDP","Annual","Units","","","","","","","","","","","","","","","","","","","","","","","","","","","","","","","","","","","-3.254455713495542","-0.8627707852414125","-6.133449481976461","-7.098571465297539","-4.965438431462023","-5.131381909566578","-1.766043591881492","-2.857651208413793","-3.5919795431296","-5.196624375644063","-3.97423514638415","-3.60605649256107","-4.564852232339703","-4.134235473867312","-3.668533076567056","-1.178279165590225","0.2613041022022367","-1.881283687437014","0.6227771934956116","-3.882907840563048","-1.044644159297626","-1.184684173546575","-2.041902180730583","-0.337068400579815","-6.918022474116568","-15.54353463993043","-0.7581726340791533","-0.2114187652662072","-1.982985747817005","-0.9818677469690371","-2.577226282920723","-3.054871931473163","-1.483605882317006","-3.473838462711918","-2.686091146729771","-0.697490703838188","-0.459708610072483","-0.2863189532365093","-0.04929505662208369","0.04878807571147324","0.03911178432627516","0.02495289456304127"
"IMF.FAD:FM(5.0.0)","COM.G2M_S13_POGDP_PT.A","OBS_VALUE","Comoros, Union of the","Expenditure, General government, Percent of GDP","Annual","Units","","","","","","","","","","","","","","","","","","","","","","","","","","","","","23.30169328922326","24.7654712414831","25.57180402251517","22.42097080507126","20.19888271171817","19.6662646891632","20.25439842613075","19.93368578145445","20.35323772817822","16.27209987593934","21.78013964366022","18.37749879381226","15.50879068739589","14.52923457580755","13.06508354538323","11.45219946093772","9.740395731799245","12.98784502016419","14.25662313935823","12.75988589400027","11.71349445867806","12.80956616677251","12.45465744846189","13.06377538764441","15.1289486130835","13.66199914819407","13.2671621079631","13.21716096748386","14.85993193871779","14.82664004138468","14.52781196599654","19.05894811857398","18.9059305650928","18.84948271928189","19.1675400335558","20.13932612512534","18.76706356413721","19.95437605627548","18.43405770806607","17.85176355686507","19.13753049553739","19.54341545623447","18.75382838688019","18.64291600441506","18.74448331581625","18.97941511439604","19.11861606096347","19.19845016709977"
"IMF.FAD:FM(5.0.0)","THA.GNLB_S13_POGDP_PT.A","OBS_VALUE","Thailand","Net lending (+) / net borrowing (-), General government, Percent of GDP","Annual","Units","","","","","","","","","","","","","","","","","","","","","","","","","","","","","","","","","","","","","","","","3.054326746678422","2.749301283465501","-1.680828895158941","-6.292091253204823","-9.017192244498417","-1.792068001403018","-1.768093556099767","-6.722498641106538","1.978324177677096","1.10592470501202","2.173040179505155","1.866659795026536","0.2199445740304827","0.8010328772901831","-2.213973861532538","-1.069704511652828","0.094141532284296","-0.8604795511787993","0.5994101688397673","-0.7002091155424533","0.187656714842833","0.4130064738136374","-0.5056958005828104","0.2029003472743127","0.4268617431983397","-4.470375736434518","-6.724794371434808","-4.609359747926406","-1.908952075944526","-1.28745136663016","-1.906249170908993","-2.229558204017161","-1.94212662776069","-2.044341212192249","-2.189390795980549","-2.203645643617846","-2.215744606163874"
"IMF.FAD:FM(5.0.0)","COG.G2M_S13_POGDP_PT.A","OBS_VALUE","Congo, Republic of","Expenditure, General government, Percent of GDP","Annual","Units","","","","","","","","","","","","","","","","","","","","","","","","","","","","","","","","","","20.28944524108459","30.43708631133188","34.08036207774462","32.76646953368087","32.84384327861696","30.70792082964301","27.58051138012246","15.71902963849374","22.19703995615441","25.06755740128074","28.7523909331407","22.64482237238484","29.07839862342832","32.13511535503704","27.01294703945523","24.38916427301487","22.1249995365444","26.63043233403183","28.58166785530264","24.16587356377808","24.4331291376508","22.99734612531163","27.87276877913951","30.65674213865021","42.39163180672342","48.56233299193283","41.28818244729778","38.80661778991097","26.59968936224763","17.78659001765832","20.15276294450055","21.10847149624666","20.9351169448824","22.83644689462096","20.67498419655689","21.65132409371567","23.92427383694931","24.74998877926401","22.16876674085642","20.94059804113914","20.06965039076482","19.59598614438698","19.39254556775023"
"IMF.FAD:FM(5.0.0)","CMR.G1_S13_POGDP_PT.A","OBS_VALUE","Cameroon","Revenue, General government, Percent of GDP","Annual","Units","","","","","","","","","","","","","","","","","","","","","","","","","","","","","","","","","","","","","","","","","","","","","16.47218498281284","15.58030548668789","15.63690739435199","14.13973760111918","12.77990713498211","14.85577018589979","18.35086832958522","17.19590467711288","17.87868548561716","14.66415142406188","14.24557613875105","15.58084646572007","15.7482169799048","15.64940214248351","16.16242955562868","15.07484622492421","14.30327898712912","14.50270301344911","15.54070639916654","15.42133732068122","13.30908562656329","14.1657690333011","15.96895341383641","16.62531450072431","15.55248153338711","14.2490330976077","14.98846270346824","15.2001683559753","15.34519641555342","15.62894920939938","15.91752816038259","16.24314194356662"
"IMF.FAD:FM(5.0.0)","DZA.G1_S13_POGDP_PT.A","OBS_VALUE","Algeria","Revenue, General government, Percent of GDP","Annual","Units","","","","","","","","","","","","","","","","","","","","","","","","","","","","","","","","","","","26.62536716401835","29.11318051986057","27.16164223166706","24.79109826770048","26.89548294252685","27.61264449241202","29.58419661885912","30.71174140594992","25.21286353480652","27.59488068469937","35.26477138572863","32.24129704222703","32.70860024644411","34.24270962755035","33.44475722651134","39.27463618282604","40.70728517259948","37.73581427515588","45.09175949170854","33.58450785029491","33.74232762351948","36.66224794611129","35.99481824979942","32.67804598038455","29.80231658587294","27.03919296679781","25.3323186079364","28.70151733684339","30.09578402603262","28.59050698437789","26.98740521246549","26.22939994209883","29.72621287449094","31.87613372817033","22.99482895140325","26.00704475091523","23.56296655104071","22.91898175958275","22.27118110659199","22.60061066766437","22.78636140842092","22.9057602909954"
"IMF.FAD:FM(5.0.0)","GAB.GNLB_S13_POGDP_PT.A","OBS_VALUE","Gabon","Net lending (+) / net borrowing (-), General government, Percent of GDP","Annual","Units","","","","","","","","","","","","","","","","","","","","","","","","","","","","","","","","","","","-3.83442429039429","-2.03077183172781","-4.896678633443162","-5.353771431422714","-1.52908053270221","2.643109812159419","2.115203535433104","1.407471586016994","-13.11337194045145","1.114115205613335","11.13195094670153","4.067452055271121","3.724263009699636","7.75237564601365","6.992646229022739","7.97728045621996","8.671886167121328","8.062386682243412","10.99433596372967","6.770050763286357","2.697552737840754","1.409810344639205","6.204178226203496","-3.069110620011276","5.97962609769529","-1.117194276081315","-4.71007020405681","-1.699244897176673","-0.2119959091358557","2.126968340037322","-2.189963818396726","-1.92653031566148","-0.8895331960155042","1.793099382100926","-3.2991318074191","-8.472329579059616","-9.970445873677364","-11.15084960451323","-11.95536913330381","-10.47408865816917","-11.12723638202142","-11.81329204971488"
"IMF.FAD:FM(5.0.0)","GHA.G1_S13_POGDP_PT.A","OBS_VALUE","Ghana","Revenue, General government, Percent of GDP","Annual","Units","","","","","","","","","","","","","","","","","","","","","","","","","2.775499827474403","1.940255854253132","2.694112092773954","2.352034623233842","3.664456810556286","4.885954239404436","6.03094342801959","6.399507571418573","6.154645954469951","6.429953438831942","4.663309773331526","5.612701351906021","4.703602783851743","6.709627700863677","7.709266792813964","8.448473133086613","6.822136498038443","5.825740740169615","6.516317472482835","5.46113991454348","8.002199721597521","10.1477125951038","7.928100878106637","10.12999805762405","11.72174749728661","11.01056645617462","11.26463873948275","11.88688074290727","11.07371227788202","11.52189275872157","11.83985570311129","14.03346195944157","13.69569638236161","12.44752337154203","13.15435666865572","14.61597253482172","13.1447705072045","13.61588494033682","14.10399984310171","14.9713822649392","14.06799557384169","15.18243144789205","15.7326303249439","15.17011941625851","15.77556792498167","15.68101188218653","16.79030959398047","16.79829366572252","17.00023886018167","16.99999999999999","17","17.00000000000001"
"IMF.FAD:FM(5.0.0)","PAK.GNLB_S13_POGDP_PT.A","OBS_VALUE","Pakistan","Net lending (+) / net borrowing (-), General government, Percent of GDP","Annual","Units","","","","","","","","","","","","","","","","","","","","","","","","","","","","","","","","","","","","","","-5.526143009706035","-3.626948966273746","-3.897553215498801","-4.333351407302759","-3.865333415711965","-4.462247485799538","-3.068712985442475","-3.212219708398621","-2.454799641714072","-2.63694717697849","-0.1178736612534629","-1.291344694297368","-2.287291953621854","-2.786273317637986","-4.234394012700495","-5.937865621286462","-4.53080839821408","-5.41524280560558","-6.233850944426115","-7.743195135083632","-7.481025305755264","-4.368895490489956","-4.738768443180608","-3.923260741336094","-5.171266447254154","-5.673293644444819","-7.78913138860937","-7.031588642832248","-6.041185628147318","-7.838284300108038","-7.756329111374986","-6.789882012689058","-5.370739417666411","-3.20585461989178","-3.2280957371035","-3.009301025786144","-2.805618010069052","-3.647820139461506","-4.593943361504619"
"IMF.FAD:FM(5.0.0)","BEN.G1_S13_POGDP_PT.A","OBS_VALUE","Benin","Revenue, General government, Percent of GDP","Annual","Units","","","","","","","","","","","","","","","","","","","","","","","","","","","","","","","","","","17.9663218668185","14.87867392794075","14.14877272994414","15.69034852943707","15.81349079331054","16.39087338227194","17.5814111542338","18.00282521534264","17.98915719351294","17.38821152115687","12.69011698987954","11.94925497431515","12.17803123969128","11.95410271521502","12.61386999762453","12.65477946883045","12.61524136374933","12.8592800685457","16.03146974057455","14.5085124577802","14.75579378522572","13.80024046942592","13.74647421138859","14.02036749435579","13.5289943130615","12.57401212900401","12.59972708781202","11.1391557572842","13.50774280723937","13.50763905857667","13.76993279298566","14.38920162289584","17.490989794075","14.4701306697592","15.21432703227527","15.1503845210074","15.56935440264838","15.90285085691785","16.354151012481","16.73569264613297","17.12828305034258","17.51535902360731","17.83343999374138"
"IMF.FAD:FM(5.0.0)","BWA.GNLB_S13_POGDP_PT.A","OBS_VALUE","Botswana","Net lending (+) / net borrowing (-), General government, Percent of GDP","Annual","Units","","","","","","","","","","","","","","","","","","","","","","","","","","","","","","","","","","","","","","","","","","","","5.949207285627864","8.729967902665557","-2.913162776924858","-3.940858368766825","-0.175020563033466","1.345819052859406","10.32533645553447","13.31067236604375","5.73326664347318","-7.613583686007662","-13.7796564869125","-7.950504598795159","-0.1158821053405819","0.8868067074415833","5.838841852176672","3.896890653779343","-4.821355264352417","0.7141006253854128","-1.14318424830232","-5.030773019964873","-8.532760098555948","-10.86928993691155","-2.33339689880341","0.03556103049599251","-4.163234135011063","-7.257679303938203","-7.421730971275808","-10.68818536787686","-7.79344975587365","-7.591588593886308","-7.494012272488883","-7.082622769566882","-7.45827995361604"
"IMF.FAD:FM(5.0.0)","KEN.G1_S13_POGDP_PT.A","OBS_VALUE","Kenya","Revenue, General government, Percent of GDP","Annual","Units","","","","","","","","","","","","","","","","","","","","","","","","","","","13.10999885918227","12.46107008307926","12.32140583772768","12.53738842376117","12.31451992705782","13.20736467071266","13.96545754726338","13.92025831267553","13.90322161037832","9.876142680194088","9.325367288494721","10.34779606323939","14.65452287855301","17.0988519702225","14.72828406267734","14.64501750004259","15.31505394775016","14.52504282546533","14.47493980892374","14.41201366669611","14.35630653429553","15.28600238460674","15.95038717408964","16.05597838159331","16.87836742911549","17.12195842824104","16.96393018093561","17.14968935742479","17.8700840404674","16.47958355068336","16.81008972527208","17.9845289788875","17.67152073083075","17.14451715329142","17.89141151113764","17.80245884060133","17.54343089174756","17.00018507977706","16.66756133574271","16.81922566901822","17.10360846818222","16.98957050073465","17.50925456055422","17.59166899511851","17.24077164529692","16.88924059648439","16.70525194173245","16.60251901976067","16.60926949618031","16.61025164288863"
"IMF.FAD:FM(5.0.0)","GHA.G2M_S13_POGDP_PT.A","OBS_VALUE","Ghana","Expenditure, General government, Percent of GDP","Annual","Units","","","","","","","","","","","","","","","","","","","","","","","","","7.505418035664431","5.741476838614865","4.72777188720515","3.485907773795846","4.640780196700029","6.076155083419932","7.291658777373965","7.324213058124325","7.230063340004755","7.241937219305073","6.590203336955317","7.085332309960717","9.204153476110874","12.09812591431112","12.70333534351922","12.96948875816357","12.43498780688731","11.96772641383731","11.78689384866625","11.10555235444952","11.98254964654419","13.78435111388142","10.65381108104306","12.12363402832426","13.74612523389213","12.88433971970369","14.37242429187264","16.80178647287693","16.63061680779662","16.56768809789207","18.96832942731439","19.49872999978829","22.05271349279125","21.56444801443898","20.96636073652629","18.62336066791349","19.89057797410232","17.58219623522963","20.8952442150852","22.49058059081382","31.51089586040264","27.21425329625727","27.49252249160899","18.53638516449362","22.0009632723532","17.02654810196498","19.04616299657873","18.63025952774192","18.66931895457176","18.82622198358448","19.22971292498787","19.17405394460712"
"IMF.FAD:FM(5.0.0)","TLS.G1_S13_POGDP_PT.A","OBS_VALUE","Timor-Leste, Democratic Republic of","Revenue, General government, Percent of GDP","Annual","Units","","","","","","","","","","","","","","","","","","","","","","","","","","","","","","","","","","","","","","","","","","","","","109.2062553766784","98.90033224733484","85.90625923688694","71.88083832750166","66.67415681206071","47.83833467436949","100.8732857166923","45.89517902672363","103.7913230748936","104.6652127361166","101.4938296572543","107.8975163799972","90.63777785498836","81.77599062476502","73.44899195459855","64.8576012982013","56.43561659008557","53.49716285081521","58.63178184827004","43.35807882501956","42.81198199632443","25.52879219218983","30.44630162040942","43.8895282639059","51.05572750824589","45.85253378474554","41.37035818090467","39.22013380408292","36.46268976061053","33.89066814347551","31.49934789611101","29.24930453250595"
"IMF.FAD:FM(5.0.0)","CMR.G2M_S13_POGDP_PT.A","OBS_VALUE","Cameroon","Expenditure, General government, Percent of GDP","Annual","Units","","","","","","","","","","","","","","","","","","","","","","","","","","","","","","","","","","","","","","","","","","","","","14.41330270631817","14.38488881641557","14.04989999227036","10.63260075641339","10.71364935522719","11.42369960491869","12.014578501271","13.5358558256557","15.9346091334682","14.71419533836966","14.81682254531269","17.1260354830456","16.96459931874886","19.19222479160999","19.52487450014715","17.93265275711705","20.0890672516187","18.18489838086358","17.83690858678976","19.06705044067011","16.82754030936523","17.04686011465906","17.08065423130744","17.26524534251126","17.06166589442084","16.25870266800663","16.65731518317437","16.55739732448184","16.62948398878203","16.86453703970031","17.1448750665273","17.4455888593758"
"IMF.FAD:FM(5.0.0)","BDI.GNLB_S13_POGDP_PT.A","OBS_VALUE","Burundi","Net lending (+) / net borrowing (-), General government, Percent of GDP","Annual","Units","","","","","","","","","","","","","","","","","","","","","","","","","","","","","","","","","","","8.138627941187684","4.141386075279211","-4.163913298268283","-1.219058588303676","-1.761551270212355","-3.716604581779831","-8.614674504916723","-4.481088531457559","-4.433695206523992","-5.327257499830449","-5.662044462706706","-7.778622263612448","-4.897835292918361","-13.70158606387655","-14.86524542468325","-10.55558276584307","-9.923767140497672","-2.510488922928223","-2.704250222860137","-5.144892601869674","-3.637291734510267","-3.490980520608015","-3.793882970206874","-1.898919929993443","-3.929128776374857","-7.559298915074861","-7.111496679370264","-5.006278457316846","-6.658993932205187","-6.402217819994944","-6.578815233697574","-4.599241325631201","-10.73081862936972","-7.697430382145286","-4.827493937841171","-2.981126476591115","-2.538764762656403","-2.942945616543134","-3.460186899590389","-3.239845533736236","-3.905864519126322","-3.159575567787318"
"IMF.FAD:FM(5.0.0)","COD.G1_S13_POGDP_PT.A","OBS_VALUE","Congo, Democratic Republic of the","Revenue, General government, Percent of GDP","Annual","Units","","","","","","","","","","","","","","","","","","","","","","","","","","","","","","","","","","","","","","","","","1.611276342373318","1.456343584798854","1.236286003744571","0.7991292499370144","0.6368772565343341","3.029522009783155","5.062263417774559","4.944074002023783","7.017374525381316","8.886480031478693","9.439214070905592","9.191204104949869","9.654504967356972","13.3003796840915","14.40287750544248","12.74862346782853","15.11833035510239","15.22101700317596","17.41541444581774","14.6915130602115","13.39873109980941","11.1529365179841","10.872542336659","11.74226345482283","9.95907371103747","11.87854213340085","16.23045485002076","14.30444044793661","14.80414551771572","14.43387002656248","14.59045253481101","14.99992137387406","15.20044723465753","15.06421698854015","14.96520419483503","14.87307960528292"
"IMF.FAD:FM(5.0.0)","NAM.G1_S13_POGDP_PT.A","OBS_VALUE","Namibia","Revenue, General government, Percent of GDP","Annual","Units","","","","","","","","","","","","","","","","","","","","","","","","","","","","","","","","","","","31.30131470503909","31.42502054427294","30.24973897656981","29.72153122491528","28.14044273432086","27.88378758214944","26.72987690919885","28.54026588642487","28.5026898731012","29.94952613620089","29.3339705235884","28.71186792451789","28.46246632605989","26.61560571733839","25.72111033342887","27.3885913358988","30.7853932910686","32.08668611099521","31.87419534065631","31.55728782210581","28.48779139379545","31.38521243883728","31.93955872332381","33.61825796486451","35.34842098683367","35.37247122723344","32.45914637958674","33.09912614215061","31.23551279474575","31.92346194127123","33.40660141357501","30.57941392377398","30.22738422146925","33.86165377537958","35.77879977078562","32.95531712736421","31.55241623131485","31.02221429606166","31.2663358049533","31.29094997595092","31.2814812879788","31.28300534608297"
"IMF.FAD:FM(5.0.0)","BFA.GNLB_S13_POGDP_PT.A","OBS_VALUE","Burkina Faso","Net lending (+) / net borrowing (-), General government, Percent of GDP","Annual","Units","","","","","","","","","","","","","","","","","","","","","","","","","","","","","","-1.213977134829449","-5.099522728106556","-5.270219723218103","-4.322867695000593","1.964973567953631","-7.535957506948915","-2.771556458056641","-2.509119285492132","-3.810411980751124","-1.8870766296617","-2.645588122053058","-1.666069792389443","-2.642848880932222","-2.597693741205233","-3.286904207896631","-3.027830264638291","-3.557443583892956","-4.432617636587863","-1.789912826538667","-4.194054415481677","-4.889532821955474","14.34567379129755","-5.014919427253513","-3.627314480451307","-4.160443428024727","-4.058343740794895","-2.039418508748902","-2.763269570243565","-3.547978635570732","-1.737416155982376","-2.089716887723791","-3.082403548087603","-6.918727721827779","-4.434287455040413","-3.386741050347382","-5.159541864725113","-7.449626808803887","-10.88904515608928","-6.911613531991541","-5.835994880232242","-3.540000000000035","-3.499999999999978","-3.043999999999983","-2.999999999999991","-2.999999999999991","-3.00000000000002","-3.000000000000011"
"IMF.FAD:FM(5.0.0)","ZMB.GNLB_S13_POGDP_PT.A","OBS_VALUE","Zambia","Net lending (+) / net borrowing (-), General government, Percent of GDP","Annual","Units","","","","","","","","","","","","","","","","","","","","","","","","","","","","","","","","","","","","","","","","","","","","","1.160610162781302","-5.892186390801713","-4.498904659271016","-5.31429471949678","-2.508440647890314","-2.372064413942183","16.91274578948802","-1.036850221912594","-0.6678917722917788","-2.057125339091705","-2.432208233050572","-1.783437911422724","-3.157418532461329","-6.395298489751354","-5.432978520455078","-8.877562284719702","-5.690863347110626","-7.498814185852651","-8.308663398760111","-9.407156138791717","-13.76213387712909","-8.134937246061845","-7.820745790653303","-5.478546101160058","-3.455214499521231","-3.834341765574256","-4.86748873877022","-4.416371984251618","-3.117030788691677","-1.879709882003551","-1.510613738421317","-1.962604827694342"
"IMF.FAD:FM(5.0.0)","TUV.G1_S13_POGDP_PT.A","OBS_VALUE","Tuvalu","Revenue, General government, Percent of GDP","Annual","Units","","","","","","","","","","","","","","","","","","","","","","","","","","","","","","","","","","","","","","","","","","","","","","","","","70.51034294892047","69.33767100056575","61.70341998754252","69.97457030807883","68.61253353284054","86.46842885566915","70.57725044394607","68.40811594042462","86.42508438953235","106.2461028600295","100.0504561189551","131.6588179988911","147.0685088391423","108.5419731408342","155.8951965742446","112.5177673979448","133.2234946592568","100.5293063207331","100.7237514180562","155.9679784072629","114.011576333932","136.8792730528375","112.9341354414724","110.8034404498667","109.6448383098103","108.6714929041099","107.8293561143816","107.0892023484966"
"IMF.FAD:FM(5.0.0)","TGO.G1_S13_POGDP_PT.A","OBS_VALUE","Togo","Revenue, General government, Percent of GDP","Annual","Units","","","","","","","","","","","","","","","","","","","","","","","","","","","","","","","","","","14.71229252554051","15.20057643035609","11.07287670207961","10.3744114551861","6.32709940127952","7.818485835707914","9.729321429358352","9.123525117340538","9.61519210073571","9.515836487518289","10.14890113655544","8.455615938407296","10.13771516560864","8.141129597848022","10.31848036176335","11.17014978163971","11.58412097846127","12.78556019934619","11.8612424209219","11.800379969454","11.66315507321429","13.42683200097084","13.73082758477911","14.46273901154086","15.40280904997428","14.78673276856396","15.85506942654849","15.87817277242143","16.06358132761373","18.20525463971708","18.23047164240911","16.43041505545343","16.71714201119702","16.58530509776966","18.53251794908238","17.43900074930038","16.57989346945853","16.70807240771922","17.19246889048878","17.80192828028295","18.20067620753386","18.63602690645485","19.08144007599695"
"IMF.FAD:FM(5.0.0)","SDN.G2M_S13_POGDP_PT.A","OBS_VALUE","Sudan","Expenditure, General government, Percent of GDP","Annual","Units","","","","","","","","","","","","","","","","","","","","","","","","","","","","","","","","","","","30.96500862013862","45.70000288747538","50.42081621932127","23.68570874943493","19.55146613368903","12.87801379306485","9.305089076329331","7.380384509481365","7.789469306865282","8.395855651333355","10.36163794802285","9.866310688343186","10.54064285092226","12.54346021053074","16.51169463874364","19.74966108128532","18.82358558829352","19.58331539710431","19.71183548608754","18.75479889397381","17.35109906610244","18.23295943335941","16.48162125262295","15.32352358056902","13.51041309467402","12.3784458515908","9.976238017639297","12.81240775728015","16.83267809205459","18.68347457868141","10.90321994452599","9.838644321157722","17.89444861404103","8.228511293040126","6.390001885770489","5.993520906750989","8.45300292003625","13.37981287228851","13.09847025307345","13.35004210701623","13.25811560067703","12.92203042646645"
"IMF.FAD:FM(5.0.0)","FJI.G1_S13_POGDP_PT.A","OBS_VALUE","Fiji, Republic of","Revenue, General government, Percent of GDP","Annual","Units","","","","","","","","","","","","","","","","","","","","","","","","","","","","","","","","","","","","","24.85951413800813","24.79603584772328","24.66065640246304","24.28746331846334","23.75714533523148","24.7354793644805","33.11348819252108","25.76535348091147","22.84381292520501","22.48782283705482","24.43928342621145","23.2791370615578","23.71278363530447","22.85595711562789","24.63863018996554","23.86451082623524","24.39325672616732","23.43068709747035","24.25291731291351","25.78444351406762","25.33385040607155","25.83025648731574","26.70522970240062","26.73698549131447","26.38308353823514","25.84485805483947","27.67146730883985","27.06837568619788","24.35131181021537","21.5350783081997","21.63693889798072","23.0481038939582","27.37609521539079","29.06270710560035","28.22210197326162","27.84207173573028","27.95123294867712","28.02230134214422","28.01680504354568","28.01126758712067"
"IMF.FAD:FM(5.0.0)","FSM.G1_S13_POGDP_PT.A","OBS_VALUE","Micronesia, Federated States of","Revenue, General government, Percent of GDP","Annual","Units","","","","","","","","","","","","","","","","","","","","","","","","","","","","","","","","","","","","","","","","76.78735027543239","73.77387010079524","66.93993886814357","69.0944176306591","67.78286665008047","63.91991308128447","58.72397343618001","66.75728147113828","70.14634833744711","56.35900363138215","54.58119795272314","55.72632039442995","56.59294282865601","58.24809454465909","66.22712771228521","68.91118875389232","65.32320022674468","66.7124747521456","63.09700560071878","65.99151450433447","66.91305283714808","70.02320121470697","79.49100890517966","81.21925272351272","76.80733453082806","67.00634070837961","70.97386010346093","76.11653705559212","61.34914999524326","61.4820980707755","60.6273608774704","62.36932897792699","66.64407073891188","69.27502417326483","69.16611428495096","64.79589134757689","62.21498759962141"
"IMF.FAD:FM(5.0.0)","NRU.GNLB_S13_POGDP_PT.A","OBS_VALUE","Nauru, Republic of","Net lending (+) / net borrowing (-), General government, Percent of GDP","Annual","Units","","","","","","","","","","","","","","","","","","","","","","","","","","","","","","","","","","","","","","","","","","","","","","","","","","","","","","0.3674814205997765","0.09271554545601898","2.733101583772564","8.115583371819224","1.710948037309198","29.5618705600954","10.74096847643724","18.88952274393909","16.16962899683055","29.55903895299902","30.98798161578501","42.80929877555828","52.38457972523376","20.48397460118419","18.22980791837581","28.85868480477143","3.514464257974636","13.11910036648339","10.32178768541931","13.36551165944626","13.8688622709271","15.00061592485224","15.51471102234262"
"IMF.FAD:FM(5.0.0)","NAM.GNLB_S13_POGDP_PT.A","OBS_VALUE","Namibia","Net lending (+) / net borrowing (-), General government, Percent of GDP","Annual","Units","","","","","","","","","","","","","","","","","","","","","","","","","","","","","","","","","","","1.075115876977287","-1.586913078204588","-2.546251530071751","-2.725765976195924","-0.5684597341202128","-1.744218339215586","-3.702327306188058","-2.380530731778989","-2.759241797908181","-1.878563588125647","-0.788247522294103","-2.014083701907478","-1.378490338916832","-4.474067409159431","-2.671548153161446","-0.3091431841449207","3.409772840661521","6.00654638425293","3.480378127195671","-0.4048668043621793","-4.980934530908111","-7.086965568247595","-3.101709706723425","-4.689866597619485","-6.443662373023522","-8.301099947905814","-9.303132158210466","-4.993985841439451","-5.094105573424201","-5.491475120308192","-8.070297895506442","-8.682144727305365","-6.330473731992086","-3.144304929778927","-3.843261837356672","-6.461335978545114","-6.075096150953794","-5.387119921715744","-5.031871806508285","-4.977968945151926","-5.130327714924972","-5.258493234304673"
"IMF.FAD:FM(5.0.0)","NAM.G2M_S13_POGDP_PT.A","OBS_VALUE","Namibia","Expenditure, General government, Percent of GDP","Annual","Units","","","","","","","","","","","","","","","","","","","","","","","","","","","","","","","","","","","30.22619882806181","33.01193362247753","32.79599050664156","32.4472972011112","28.70890246844107","29.62800592136502","30.4322042153869","30.92079661820386","31.26193167100938","31.82808972432654","30.1222180458825","30.72595162642537","29.84095666497672","31.08967312649782","28.39265848659031","27.69773452004372","27.37562045040707","26.08013972674228","28.39381721346064","31.96215462646799","33.46872592470356","38.47217800708487","35.04126843004724","38.308124562484","41.79208335985719","43.67357117513926","41.76227853779721","38.09311198359006","36.32961836816995","37.41493706157942","41.47689930908145","39.26155865107935","36.55785795346134","37.00595870515851","39.62206160814229","39.41665310590932","37.62751238226864","36.40933421777741","36.29820761146159","36.26891892110285","36.41180900290377","36.54149858038764"
"IMF.FAD:FM(5.0.0)","FJI.GNLB_S13_POGDP_PT.A","OBS_VALUE","Fiji, Republic of","Net lending (+) / net borrowing (-), General government, Percent of GDP","Annual","Units","","","","","","","","","","","","","","","","","","","","","","","","","","","","","","","","","","","","","-2.245534211779851","-1.899700523141176","-0.1951541443893077","0.7793717769889155","-3.456098360881446","-4.504556695859393","5.396959836188976","1.166692767492499","-1.329526926991233","-4.50141480979055","-3.680267658362558","-3.457515811657693","-0.9815715769667243","-1.178641970847199","-0.7574125057356558","0.3574217343863821","1.558727830584109","-2.764337813517539","-1.294998686645437","-0.7194777725418574","-0.6828622852280323","-0.07878397831980797","-3.483854025534645","-3.906894052877558","-5.698662513143449","-2.284879172175097","-4.822235362980072","-3.651991560205832","-8.34318756304178","-14.22240621042912","-12.2746756476985","-7.153296845617152","-3.435239360398","-2.461848665807678","-6.373815572498834","-5.060639573562543","-3.848009847666326","-2.727487523849896","-2.266143755269612","-1.758147196643358"
"IMF.FAD:FM(5.0.0)","SDN.G1_S13_POGDP_PT.A","OBS_VALUE","Sudan","Revenue, General government, Percent of GDP","Annual","Units","","","","","","","","","","","","","","","","","","","","","","","","","","","","","","","","","","","14.75751927826008","19.22284314273856","25.90366545536818","15.64350826312364","16.51911889785637","9.397979390045911","6.694605983972037","6.790077684650807","7.228460318004537","7.596293643146403","9.66356683752845","9.099429927004155","9.855352630366824","13.31187113491789","16.66772573469455","17.87398906058795","17.50023528684631","16.74134667201906","20.20330594316308","14.95901803621005","17.46166722428971","15.90605306121937","9.113179650835705","9.562768479155271","8.791961474724024","8.509042881258057","6.057881292697075","6.74300853912563","8.910511022719143","7.90416485559408","4.866994374655769","9.551344750629328","15.74542679259683","4.532071561226739","2.93258123894325","2.892393037946495","4.082772003880227","8.377657491884986","8.993605179588796","9.646319439984991","10.14656561101689","10.22167520955317"
"IMF.FAD:FM(5.0.0)","MHL.GNLB_S13_POGDP_PT.A","OBS_VALUE","Marshall Islands, Republic of the","Net lending (+) / net borrowing (-), General government, Percent of GDP","Annual","Units","","","","","","","","","","","","","","","","","","","","","","","","","","","","","","","","","","","","","","","","","","7.907674033980897","13.53412121172452","9.007179190157975","7.835943031479124","7.832264596410963","5.120072436722437","10.54311415184989","-1.597684517251192","-22.28295780946502","0.235352479243307","0.2656351788556134","3.684396927294684","1.51212635103253","3.512922591406238","2.133226354301067","-0.7623253584573716","-0.2307445270773023","3.195377615519771","2.812386675794481","3.875772667398791","4.375937548664756","2.552599531323131","-1.804140000055955","2.538708163819636","0.1794997169554402","0.5098962567404915","1.010382791439349","2.617372318555239","1.354720871579376","-6.145568441953973","0.23782650271596","0.12101599969475","0.05553709809834584","0.01935403092628194","-3.706562117547782"
"IMF.FAD:FM(5.0.0)","ZMB.G2M_S13_POGDP_PT.A","OBS_VALUE","Zambia","Expenditure, General government, Percent of GDP","Annual","Units","","","","","","","","","","","","","","","","","","","","","","","","","","","","","","","","","","","","","","","","","","","","","21.40879361807356","27.9624330112933","27.57071673619279","27.31332131822122","23.27254741274277","22.45146677666815","19.69153597146057","19.92290029391031","19.45740219135269","17.80709181004043","18.0658909708175","19.5270493399869","21.85194982225322","24.0245047126987","24.32775218461744","27.64752963526946","23.92761056346879","24.97368648584491","27.73257313720684","29.8202384374578","34.0305252522076","30.5035907441204","28.20349744251164","27.3842802810268","26.50705203572053","29.72111961016033","29.63097968915664","29.160534835752","29.0733301882874","28.47705265935302","28.21384676135547","29.10335301970332"
"IMF.FAD:FM(5.0.0)","AZE.G1_S13_POGDP_PT.A","OBS_VALUE","Azerbaijan, Republic of","Revenue, General government, Percent of GDP","Annual","Units","","","","","","","","","","","","","","","","","","","","","","","","","","","","","","","","","","","","","","","17.86791290898934","17.57171243790421","17.58598924020898","17.58674242864617","20.35268761804053","18.47198421005229","18.38443408151586","38.54885737720257","42.53187120734004","23.26667806618625","25.99728955944761","25.2387773703334","25.96204542947371","28.40483538019428","48.63283713114019","40.36292140782607","45.78928491463558","44.59426046810798","40.34191667169008","39.42281672500034","39.11653189722829","33.86609476478135","34.2550985194965","34.22922603996059","38.61193710537082","41.47488724626112","33.71621016598202","36.37296457347194","32.13977886703881","40.6479319248253","37.9133909844078","37.14717587743815","38.77851067404709","36.60586493295465","35.04544903907021","34.31458129636803","33.65948844940501","33.23760126109326"
"IMF.FAD:FM(5.0.0)","KIR.G2M_S13_POGDP_PT.A","OBS_VALUE","Kiribati","Expenditure, General government, Percent of GDP","Annual","Units","","","","","","","","","","","","","","","","","","","","","","","","","","","","","","","","","","","105.549885423545","82.05949583013646","65.9264795507543","55.25940306353497","54.58441371212664","69.62254620426957","68.39783215777285","70.90805834409373","74.74104270551482","77.61564893087885","66.00223371563683","101.2932124901283","96.88423213098645","84.41558143375938","103.7587821040915","95.62229668144298","82.11738228025293","77.29870157599826","79.37499829304442","74.66589348172005","75.73549929642673","80.85549680339558","83.90103198826973","77.98314123462494","101.2305266081923","90.94837607880413","99.00914391433327","92.05910868552848","108.8305082870972","108.2759700025909","102.2241329456911","83.95645042735621","87.16967989639971","94.40191619544562","86.12748424877309","88.21859222470112","116.2781933864789","94.21106455012337","93.22627249230416","93.20737327445407","92.25992171884833","91.29319892071445"
"IMF.FAD:FM(5.0.0)","KIR.GNLB_S13_POGDP_PT.A","OBS_VALUE","Kiribati","Net lending (+) / net borrowing (-), General government, Percent of GDP","Annual","Units","","","","","","","","","","","","","","","","","","","","","","","","","","","","","","","","","","","-4.620039441404683","3.873763637514123","0.7890938467476679","6.266569827709747","0.7410850552416142","-5.143114561242247","-20.24614766493304","5.918991179454154","14.58340473335429","-1.810709034361438","-0.02854423055327738","-10.87471507951441","3.127581583246908","-8.933003641746426","-19.20168321089706","-9.957022147217643","-12.27071789133109","-12.47260314704557","-15.8291339100358","-8.563751870927004","-7.796260434360933","-17.55524667955998","-5.425857553807203","11.75693904119417","34.97326562627366","42.51753306670527","20.10158956581048","34.08541943348247","5.181633722247727","10.80422046339023","3.572936542755503","-10.7559022423997","-18.23124166808422","1.809993771607781","-14.14704236083455","-14.49229766983207","-16.74660554763791","-15.25042132834772","-12.57168943351824","-14.6588885832588","-14.53181365841772","-14.72016696555926"
"IMF.FAD:FM(5.0.0)","UGA.G1_S13_POGDP_PT.A","OBS_VALUE","Uganda","Revenue, General government, Percent of GDP","Annual","Units","","","","","","","","","","","","","","","","","","","","","","","","","","","","","","","","","","","","","","","","","","13.0330849365369","13.24647047579611","13.47482642988653","14.60532305340185","15.21238959273571","14.69305943127641","15.48984387395133","15.93543192837441","14.30122418792875","13.05777653494471","12.4169388891417","10.95100139403076","10.14660123485848","10.77933809934844","11.13159920376367","10.73228342407575","10.11214866023395","10.8245899843572","12.29720194656275","12.54575124046703","12.45979263467539","13.16151835614831","13.45342798136256","13.684791142546","14.20305327745853","14.03593100506117","14.38951441280007","14.4865114124242","15.06436875608792","15.33031837003678","16.23320737885909","16.73159555117029","16.93066983125574","17.28455115244238","17.31932406055982"
"IMF.FAD:FM(5.0.0)","VUT.G2M_S13_POGDP_PT.A","OBS_VALUE","Vanuatu","Expenditure, General government, Percent of GDP","Annual","Units","","","","","","","","","","","","","","","","","","","","","","","","","","","","","","","","","","","","30.0236846800435","28.7769134678272","23.68543483844224","22.01693035693279","25.27778784513734","22.10982571026314","20.08085882300475","25.20996412616301","21.57410164923761","23.00312501602915","20.19019702094379","20.19182751354436","17.03354603550848","16.73650338275588","16.53864132709011","18.1752613939255","20.2954181148833","25.13469442829136","24.91625451598267","25.61391603639109","22.71648448305589","22.10744682825169","20.12067677002806","20.51367898622047","38.11891437894621","31.16455873854566","32.72865236896613","29.40634460971436","35.12997356191602","38.77226803421133","38.56885117188153","38.51456740923596","38.94529973895585","33.11997724201693","35.45843045823901","32.32334247527215","31.48420744160809","31.13684371771949","30.91122973560418","30.6159200814696","30.6773748694058"
"IMF.FAD:FM(5.0.0)","MHL.G1_S13_POGDP_PT.A","OBS_VALUE","Marshall Islands, Republic of the","Revenue, General government, Percent of GDP","Annual","Units","","","","","","","","","","","","","","","","","","","","","","","","","","","","","","","","","","","","","","","","","","62.86960944101985","64.04715449547581","57.72204340947959","64.35556759888851","66.65044467625857","60.30288577603447","63.44947606777284","52.93108265686849","63.05287460727794","61.41533604933769","67.51486239708056","67.96530004732201","64.56935351015212","62.73449035596074","58.04817448152898","52.45013447296411","54.77413000414661","52.39829147293287","59.10694398809007","60.62803860779756","68.08027233742603","63.00312150425844","63.70718969356022","70.34290624170696","69.34469552808509","66.29904603194292","68.54075313108482","73.52433103837152","66.640744938261","76.35582322068358","79.44557835274601","78.42029358790986","78.79529184141671","78.55135578858245","73.86789794475874"
"IMF.FAD:FM(5.0.0)","SWZ.G2M_S13_POGDP_PT.A","OBS_VALUE","Eswatini, Kingdom of","Expenditure, General government, Percent of GDP","Annual","Units","","","","","","","","","","","","","","","","","","","","","","","","","15.30576556700587","18.87501944547096","18.13269933635627","16.962157785228","16.95303564425456","18.99858158779842","18.80417853197722","16.7508179890919","16.71132654598746","15.83853824980209","18.23791876206813","19.58718190204921","24.73051833271058","22.96201094266867","23.40616839207872","19.87554611515931","22.50081426129588","20.65802111104462","22.03915313758749","25.78645810592551","24.72620581540446","25.57216596503225","26.48892830221003","25.87065211248697","30.96937572683121","28.98649957782659","27.56873320495155","30.39174710986263","33.42558158798704","33.86810813431328","31.05907524381027","25.13819333648816","27.06241299577669","28.8029379906842","32.68376213461723","34.47525937136129","33.98802798075539","33.61850812159027","31.56232650270185","32.75832345008896","32.22795549312121","29.2636021555641","28.90084910380669","31.51902927495679","33.55924333073604","35.71541321353276","38.33857882830597","37.42365694088647","36.44150113343118","35.96264356951864","35.55290641833094","35.10140009806814"
"IMF.FAD:FM(5.0.0)","BFA.G1_S13_POGDP_PT.A","OBS_VALUE","Burkina Faso","Revenue, General government, Percent of GDP","Annual","Units","","","","","","","","","","","","","","","","","","","","","","","","","","","","","","10.255640081595","11.21025011140942","13.96203747026513","11.88580363517308","16.1479481854966","10.88652386406832","14.19699637439971","14.24072551360716","14.0542730016444","15.94277783520863","16.78989590274668","18.08601007025406","17.38317047053513","17.14294965558395","18.10738073065404","16.79930669555486","16.10232244499553","15.03389156854226","15.80854109003459","16.06312973082318","15.32743949516803","36.2237817702896","17.8235595026044","14.9632533903772","17.35867211426936","17.59670432427207","18.39661287195637","19.904706119256","21.71259520737399","19.19030771613429","18.2690253757953","18.55011833311322","19.34308681992105","19.75728558077801","19.96136946886736","19.26753575800731","20.35970030107373","21.96937787795931","22.51601085952331","21.99030231048112","22.54561629314481","21.18632930162457","21.19317776686186","21.49809205512048","21.64961010737766","21.79906643478445","21.91847458945595"
"IMF.FAD:FM(5.0.0)","TCD.G2M_S13_POGDP_PT.A","OBS_VALUE","Chad","Expenditure, General government, Percent of GDP","Annual","Units","","","","","","","","","","","","","","","","","","","","","","","","","","","","","","","","","","","","","","","","12.29763555046114","11.98905953512063","12.00545241837644","10.1455785308472","12.88827882307715","14.03612550678659","11.98694356355111","13.78227475403045","14.91096259783361","9.836194552959128","8.873174867045421","10.69046282910881","13.63887010251331","14.64677132312474","19.7511227773652","18.5234026264548","16.33580665078787","16.57659194023928","16.59142056026003","16.92358493853463","13.78919359107792","11.20882083866947","11.31244718946178","9.73404290470023","10.6249609875802","14.08510480728504","12.98159096716788","12.61634078813611","17.09506824999829","18.06996591875044","18.59370884730322","18.57969830902841","19.45215570869704","18.14121123402106","17.72313440264165","17.92405775557327","17.81818990255751"
"IMF.FAD:FM(5.0.0)","SOM.G1_S13_POGDP_PT.A","OBS_VALUE","Somalia","Revenue, General government, Percent of GDP","Annual","Units","","","","","","","","","","","","","","","","","","","","","","","","","","","","","","","","","","","","","","","","","","","","","","","","","","","","","","","","","","1.888444155574298","2.254644497159885","2.063964171380959","2.314479908028538","3.254151048196372","3.431566937634955","3.908797007512421","5.759400126194437","3.970224843145065","7.075673037693551","6.729347053658248","7.525586925672782","7.187864607757699","7.175981159367763","6.196634447214366","5.751905386028819","5.20117094638964","5.219635854594469","5.120821410204317"
"IMF.FAD:FM(5.0.0)","GIN.G1_S13_POGDP_PT.A","OBS_VALUE","Guinea","Revenue, General government, Percent of GDP","Annual","Units","","","","","","","","","","","","","","","","","","","","","","","","","","","","","","","","","","","14.9616945324151","13.04328875832266","12.9057660070254","10.96394141183286","10.03715354237758","11.62233275783567","9.777892801774056","12.65889310241075","12.77390502647594","10.31993200008794","10.20225358744833","11.69448989380021","11.03388794376735","10.08505608216294","9.135166745661391","9.93430906361412","11.0353000736377","9.937010235503811","10.45930645658429","11.35726246588936","10.84941455272848","15.10576412254294","43.27278425875801","14.76535548001365","17.04980821376426","15.15096637886648","15.98883809156968","15.28435200259551","14.942081143235","14.71451241061976","13.99500302080928","13.39577423309541","13.81264607938431","14.42016558402673","15.57054781420484","18.15057855820597","17.81081758752211","17.88409762298231","18.22445890591935","18.2153861536232","18.15213718928115","18.13675543150807"
"IMF.FAD:FM(5.0.0)","LSO.G1_S13_POGDP_PT.A","OBS_VALUE","Lesotho, Kingdom of","Revenue, General government, Percent of GDP","Annual","Units","","","","","","","","","","","","","","","","","","","","","","","","","","","27.86880347309669","29.02528614349799","31.63394011693022","34.47058672220421","34.0756312936354","37.45018135315601","33.46793735011932","39.65235797093716","41.72337706738391","41.05363782271059","39.98470713163308","43.57840065651422","45.89320054945276","47.19219784871947","43.61514438709797","44.849326767594","39.59833050385686","35.47736393685675","38.31629830297956","38.68393007984735","38.79068384043838","40.64656356606552","42.30834093215591","42.07361760896254","54.78870354092447","58.8689620683683","62.16685601176116","62.28490084119901","53.83216901647968","50.32621223635843","62.71179328004551","55.77426634179546","53.26010859157677","50.36865756121393","44.68523057495416","48.42451714006414","47.507138742907","47.84258198663566","55.61885187148555","48.85505108336333","44.44463684881847","56.35929882844131","60.64696776718712","56.38243931141845","56.81503398280085","57.45498227881219","57.35826945969371","57.17540698858226","57.16937329311755","57.06880577903666"
"IMF.FAD:FM(5.0.0)","PNG.G1_S13_POGDP_PT.A","OBS_VALUE","Papua New Guinea","Revenue, General government, Percent of GDP","Annual","Units","","","","","","","","","","","","","","","","","","","","","","","","","","","","19.95595394957293","23.05760465741115","22.86450322730923","23.07589524127084","23.90189731331934","19.45544489638279","22.68538487474588","22.49741222611954","21.7645537376337","18.4594344166119","18.64384184649905","18.28229723382376","18.17221867247256","19.62151392540973","21.23586687253376","19.86444318738707","19.50888250952632","20.76049277744396","20.23557297056408","19.06711778949249","18.85665960597923","21.46218713572244","23.46090646273757","24.78245865582785","24.92063666601974","22.48803483694797","19.16856732969272","21.45606251685988","21.90341166453731","21.22709806345529","20.74002381637215","20.78540516884388","18.29613530913853","16.12210649508985","15.89194484951877","17.73925875368753","16.31667286364857","14.65575787145698","15.12716964934415","16.64197348272099","17.908249478989","17.54817120768324","17.33760070612975","18.17474558796487","18.5279723976388","18.47834907672162","18.81483451451715","18.68656682065881","18.58803955619399"
"IMF.FAD:FM(5.0.0)","COM.GNLB_S13_POGDP_PT.A","OBS_VALUE","Comoros, Union of the","Net lending (+) / net borrowing (-), General government, Percent of GDP","Annual","Units","","","","","","","","","","","","","","","","","","","","","","","","","","","","","-5.703160529723112","-5.02190511185789","-4.829491550516475","-3.110863028485449","-2.689288082690897","-1.314530157749127","-1.029026248738979","-2.255903459700476","-1.990342916215075","1.273550278755544","-3.700131206668611","-4.129123566227661","-3.425740497911453","-1.3002162949659","-2.003475461673516","-0.4562014529651324","-1.138061696862853","-2.128167632047197","-2.145590435298616","-2.045397098992641","-0.9798997484491864","-1.413784558816911","-1.50679392621359","-1.179359698651423","-1.464456370488299","0.3596378941317813","4.204039400704416","0.86122718701582","1.961578351567417","10.48854181396901","-0.3280237583075477","2.598192230307789","-5.520385050797651","-0.09776029021388824","-1.346950470815039","-4.295125146994876","-0.5162964707593524","-2.816529795136899","-3.931712164519209","-1.339367362190532","-2.674589529329532","-2.336658988624247","-1.109847249798814","-1.680910364027448","-1.918006988843122","-1.134457035105667","-1.16731987966978","-1.390699323788256"
"IMF.FAD:FM(5.0.0)","PNG.GNLB_S13_POGDP_PT.A","OBS_VALUE","Papua New Guinea","Net lending (+) / net borrowing (-), General government, Percent of GDP","Annual","Units","","","","","","","","","","","","","","","","","","","","","","","","","","","","-3.015274098196777","-1.09500371326683","-1.85471965319304","-2.431279871252229","0.3141294008798285","0.3124601593259598","0.3386121391394272","-2.035210175245692","-0.6229973131760017","-4.332955730937945","-4.904576711349662","-1.009218289885395","1.077478841598635","2.054535470162931","0.6729052707843606","-0.1647365212509637","-1.936498922578101","0.3035212245796906","-1.329111154951396","-1.749991284984065","0.1878830018387548","2.025059805373204","2.849152347710771","5.337371912972076","6.899333849133255","2.734141083192542","-5.48253483286185","3.062360766433224","2.215389454312999","-1.189962176355906","-6.869731618208812","-6.265024183148791","-4.549721476618478","-4.746220040312949","-2.474709410020853","-2.579697115609588","-4.975806989500052","-8.852328860190646","-6.843405043416964","-5.253026007319449","-4.343411765687314","-3.312326633496035","-2.356875453561745","-1.124311298792304","-0.1474624820570538","-0.06220624218714052","0.2003961702879588","0.1554441173720777","0.1729887915878367"
"IMF.FAD:FM(5.0.0)","WSM.G2M_S13_POGDP_PT.A","OBS_VALUE","Samoa","Expenditure, General government, Percent of GDP","Annual","Units","","","","","","","","","","","","","","","","","","","","","","","","","","","","","","","","","","","","","43.39529795472388","49.45228693335602","54.07905741588802","42.20969990224907","38.8571951717878","31.04764685561273","28.12725135993599","33.80470640690312","30.38168473950437","29.99259635753345","30.74257860713118","28.54091577120917","27.32089739484013","30.58007442475175","27.68427689093792","31.07267105135709","27.68764979722021","31.45979210918908","29.38952536734645","33.65307095756151","33.60911987115262","30.73815324722195","35.34944168984555","30.53360563979119","27.34754556365964","30.87213564670717","29.9742551425654","31.75032967776761","30.50347253384138","34.09072068763963","31.07358371913279","28.80264731495539","26.34218466920972","26.39659433155026","29.91917269267633","30.61194338368355","30.9935913932419","31.12000087781058","31.16084301623435","31.16795172260791"
"IMF.FAD:FM(5.0.0)","ZMB.G1_S13_POGDP_PT.A","OBS_VALUE","Zambia","Revenue, General government, Percent of GDP","Annual","Units","","","","","","","","","","","","","","","","","","","","","","","","","","","","","","","","","","","","","","","","","","","","","22.56940378085486","22.07024662049159","23.07181207692177","21.99902659872444","20.76410676485245","20.07940236272597","36.60428176094859","18.88605007199771","18.78951041906091","15.74996647094873","15.63368273776693","17.74361142856418","18.69453128979189","17.62920622294735","18.89477366416236","18.76996735054976","18.23674721635816","17.47487229999226","19.42390973844673","20.41308229866608","20.26839137507851","22.36865349805856","20.38275165185834","21.90573417986674","23.0518375361993","25.88677784458607","24.76349095038642","24.74416285150039","25.95629939959573","26.59734277734947","26.70323302293415","27.14074819200897"
"IMF.FAD:FM(5.0.0)","SEN.G2M_S13_POGDP_PT.A","OBS_VALUE","Senegal","Expenditure, General government, Percent of GDP","Annual","Units","","","","","","","","","","","","","","","","","","","","","","","","","","","","","","","","","","","","","","","15.89828362946769","14.44041139123371","15.37756712041018","14.05771940986195","13.46870211408187","14.62399694536741","13.98160277773203","15.71234507036336","15.51507552121903","17.06995059549123","18.14490404147626","18.6690224325087","21.28355095688483","22.17195828775669","20.93858658270436","21.11859737358212","21.6986910700502","23.25146071004314","22.97151722373916","22.09029363171523","23.09986473710233","22.94690564439771","23.96309152836903","22.46302239876159","22.5523497609618","34.26955872471378","29.59387250520914","33.65143729603779","36.09258628790771","35.49530135350724","33.53563478526137","29.17045258446686","29.08125529366282","28.33934838182252","27.14844949517329","26.41798615454788","26.41449018136832","26.4553674227109"
"IMF.FAD:FM(5.0.0)","SYC.G2M_S13_POGDP_PT.A","OBS_VALUE","Seychelles","Expenditure, General government, Percent of GDP","Annual","Units","","","","","","","","","","","","","","","","","","","","","","","","","","","","47.9303051666834","50.52897668757607","53.0417462030044","58.00521867819449","49.70279077917837","46.74704160025253","51.67344567112144","46.06273194041991","52.10342911974143","50.71132721051684","60.35408861378075","63.64745263072294","53.09576133217633","59.11044596432283","54.74516716143623","60.69773591978257","56.12604226400263","55.40907602538922","46.84238283629179","56.31546164691292","44.62770012121848","39.89550073972359","38.97971012033534","43.55089102838258","41.89645407269601","26.98863411541621","32.11741087157065","34.57591316188583","36.40441821798455","38.55694043483875","37.83212078033168","33.38114227523971","31.52107954334344","34.47279942260975","34.25200962987178","33.02175677083727","31.74343442776069","46.71221941474827","38.82799925585568","31.58838366733827","33.10427431084656","33.00155874897066","32.72602379481538","35.33698199433444","33.36477332104025","33.37199234417971","33.53627040770027","33.51961064502473","33.4655628883624"
"IMF.FAD:FM(5.0.0)","CIV.GNLB_S13_POGDP_PT.A","OBS_VALUE","Côte d'Ivoire","Net lending (+) / net borrowing (-), General government, Percent of GDP","Annual","Units","","","","","","","","","","","","","","","","","","","","","","","","","","","","","","","","","","","","","","","","","","-0.7491697566792825","-0.696892188807058","-1.267969102377752","-0.8305530577095366","0.6992297416243955","-0.6372837484992517","-1.261215599453846","-1.037869827937245","-1.025127001287611","-1.034348590698547","-0.3885050639282789","-0.2098690605756903","-1.001842501944469","-1.336893709027724","-2.889151121420914","-2.2764883608245","-1.620933143006006","-1.568167655454317","-2.042140374193963","-2.978643552028812","-3.274114529608486","-2.904716592235403","-2.2201901192928","-5.41889411628011","-4.88133403919163","-6.74049905013079","-5.118780634988414","-3.963756238624453","-3.002849215633164","-3.041254894205961","-3.045501829750197","-2.988972963739688","-3.048081823676013","-3.002255533703759","-2.998439545243461"
"IMF.FAD:FM(5.0.0)","MLI.GNLB_S13_POGDP_PT.A","OBS_VALUE","Mali","Net lending (+) / net borrowing (-), General government, Percent of GDP","Annual","Units","","","","","","","","","","","","","","","","","","","","","","","","","","","","","","","","","","","","","","","","","","","","","-2.248504316338605","-2.393587400011432","-2.609408933912756","-1.01348666024496","-2.00762427872261","-2.342367119395309","23.72953258979453","-2.349009828492701","-1.694829802336213","-3.189951086528307","-2.208306384895639","-2.871288284666422","-0.8035891763750045","-1.994000010337752","-2.425547688296416","-1.531226445527396","-3.299618635667049","-2.397477001564685","-3.966546763284613","-1.418120249550942","-4.562825247364847","-4.115661632556887","-4.049939163259281","-3.049906867648925","-2.162991742806974","-1.588185968112177","-2.415736636335124","-2.269119164229473","-2.368779494459978","-2.364251984608461","-2.380249010118281","-2.380060162259634"
"IMF.FAD:FM(5.0.0)","LBR.G2M_S13_POGDP_PT.A","OBS_VALUE","Liberia","Expenditure, General government, Percent of GDP","Annual","Units","","","","","","","","","","","","","","","","","","","","","","","","","","","","","","","","","","","","","","","","","","","","","14.54314227432383","12.06015766436239","12.73407247391405","8.980061059394993","12.12505704623226","11.68659857513374","10.64566579481841","16.05115735547329","21.78097888657482","23.95209562878451","25.06305047391851","29.84726628982087","30.75126710614003","27.41598977481409","33.44187635541743","37.12217883511619","35.75151525320032","35.08053372140866","32.66003057412366","32.31291731327939","35.28639510191562","29.78774307437349","27.42000780910155","28.6469809571669","24.12778396404829","22.43084795873197","22.31778615492986","21.60666189199546","21.86792067923728","22.75312457009645","21.20082691056803","20.96052013609971"
"IMF.FAD:FM(5.0.0)","MAR.GNLB_S13_POGDP_PT.A","OBS_VALUE","Morocco","Net lending (+) / net borrowing (-), General government, Percent of GDP","Annual","Units","","","","","","","","","","","","","","","","","","","","","","","","","","","","","","","","","","","-1.324269608662543","-0.8963334056527485","-1.844340712964865","-2.001067286111155","-2.511106855515351","-2.539229656078642","0.8675350450359723","1.498731492676352","1.470155453530786","3.205616955000068","-1.973310536362951","-3.789964365625259","-4.368704042214975","-3.744922526274784","-3.313372104627469","-5.45513619613849","-1.800354774921484","-0.1162197760171697","0.6259062355812976","-1.629220185007247","-3.93226961222251","-6.075340113442509","-6.631759569654355","-4.70175272499753","-4.77965038833536","-4.593074247730074","-4.485540002995662","-3.303487263849177","-3.521499083445375","-3.803636045412458","-7.147087456023369","-5.924410512558252","-5.365621280528204","-4.406239628527406","-3.922221571142016","-3.543790716022462","-3.533622187811748","-3.36553008873109","-3.277977832850656","-3.240284090835882","-3.147598266038302","-3.044022099205972"
"IMF.FAD:FM(5.0.0)","MAR.G1_S13_POGDP_PT.A","OBS_VALUE","Morocco","Revenue, General government, Percent of GDP","Annual","Units","","","","","","","","","","","","","","","","","","","","","","","","","","","","","","","","","","","21.26297802789696","19.90197432003314","20.43706338606945","21.10872192488189","19.22824673145374","18.73215384700684","18.45639726959439","20.09704576536579","20.21919983430564","21.63779559644492","20.78096461492867","19.91194994613408","21.44523984398525","20.35488617273015","21.16473985986264","23.18124527423944","24.17896382384782","26.31398584888793","28.8808579015212","26.47670145932658","24.77708703622943","25.155320462694","25.90913966878381","25.72922209964764","25.89702971878888","23.89895678038463","24.12511229162649","24.57800756378955","24.24320364915075","23.23414223539888","26.97388858685814","24.1588912307948","26.4709176329194","25.84098351463809","26.93125411768294","27.73289039215487","28.1279727093792","27.58588144693416","27.27038261123792","27.1668088000727","27.20918004335043","27.17752665994442"
"IMF.FAD:FM(5.0.0)","MWI.GNLB_S13_POGDP_PT.A","OBS_VALUE","Malawi","Net lending (+) / net borrowing (-), General government, Percent of GDP","Annual","Units","","","","","","","","","","","","","","","","","","","","","","","","","","","","","","","","","","","","","","","","","","","","","","","-4.469510670287801","-2.602409801385396","-2.612929712509042","-1.629495764783038","-0.04829986880931882","-2.556166711962548","-2.924176007598653","-2.96877761816125","0.6254910581854739","-2.849799058971967","-1.453840040328767","-3.727255632377285","-3.082562590411789","-4.168907772145141","-4.902310665795665","-5.150079745562275","-4.345596131435019","-4.549471994425507","-8.03293847482328","-8.342171359693453","-9.320975074898861","-7.841166995277413","-10.99906555215392","-11.47578735756975","-10.5061509655392","-11.97316645813633","-11.37412852158531","-11.46739556568437","-11.50034082063456","-11.28847038889748"
"IMF.FAD:FM(5.0.0)","LBR.GNLB_S13_POGDP_PT.A","OBS_VALUE","Liberia","Net lending (+) / net borrowing (-), General government, Percent of GDP","Annual","Units","","","","","","","","","","","","","","","","","","","","","","","","","","","","","","","","","","","","","","","","","","","","","-0.08139358161153891","-0.9388948636067291","-1.573988051355475","0.3562769933885169","-0.5555422438282281","-0.505556569779234","4.231084213358596","2.277419076848392","-2.702092813324224","-1.400320355212752","1.16337792758061","-4.392161292342476","-2.857898883736489","1.289904236371183","-4.919927431856311","-3.73666735515563","-3.82782854697607","-7.135716697818539","-4.702570280313504","-4.92482708951026","-4.020875916234469","-2.504373878482344","-5.820602297256111","-8.547687912645163","-1.797909756834635","-1.414250724749178","-1.62840549067394","-1.069549570275652","-1.37938537368536","-2.183717693933628","-0.9749540200285174","-0.946911002680244"
"IMF.FAD:FM(5.0.0)","MUS.GNLB_S13_POGDP_PT.A","OBS_VALUE","Mauritius","Net lending (+) / net borrowing (-), General government, Percent of GDP","Annual","Units","","","","","","","","","","","","","","","","","","","","","","","","","","","","","","","","","","","","","","","","","","","","","-4.192890668100479","-5.317965578527605","-4.891411271388597","-4.554795848925091","-4.219661521811494","-4.199860548132627","-3.863613367424557","-2.921157796636161","-2.627544923700319","-3.315269944490321","-2.957158162340813","-2.997172969305632","-1.730951615715336","-3.297497177799893","-3.053748567796641","-3.479853003514999","-2.735677247458393","-1.6150039608646","-2.1542624422983","-8.191853803752368","-10.45039433230851","-4.083997446545123","-3.146123116533867","-4.478870151825891","-6.839792746976629","-3.691491437324253","-3.127960078875517","-1.850449003169137","-1.508951593430039","-0.7883980321038375","-0.4673483897762789","-0.02678004440281665"
"IMF.FAD:FM(5.0.0)","RWA.G2M_S13_POGDP_PT.A","OBS_VALUE","Rwanda","Expenditure, General government, Percent of GDP","Annual","Units","","","","","","","","","","","","","","","","","","","","","","","","","","","","","","","","","","","","","21.81411388091847","20.56910654353185","13.51927020550722","18.26529936041807","19.78838916847183","17.2430875278858","16.60458210752459","22.69721483022826","18.50016234827938","19.3399051763925","20.74753208852252","18.76346766815928","18.13262352572728","20.23450164717097","20.8726534940753","22.70437786346787","22.73155896277967","22.59359497645212","24.11621139132899","24.98418093405044","24.88901335631193","26.51609489722574","27.84851114072855","26.89346391748923","25.42148238089362","25.33229003526112","26.34052104279699","27.74453047130494","32.45901183584221","31.04657955281951","28.72462433634213","26.15705891105997","27.144684820745","24.13836631825297","24.64274075014892","23.57061064166485","23.70864883953074","23.99858468298945","22.9984347629978","24.10647788826821"
"IMF.FAD:FM(5.0.0)","NGA.G1_S13_POGDP_PT.A","OBS_VALUE","Nigeria","Revenue, General government, Percent of GDP","Annual","Units","","","","","","","","","","","","","","","","","","","","","","","","","","","","","","","","","","","13.70221702507397","12.42989069138012","16.88946193257346","13.92656213065252","9.103554158732554","11.39548026186732","11.23779545312901","10.81605678619074","7.689130541653844","13.52711701819838","20.45638294067103","19.62433252333047","14.71625380145053","14.92024268701325","16.92078570436117","16.13364998276565","14.96630468217853","12.08482170522695","14.25665842674589","7.175778097331481","8.820080905245647","12.58985611275204","10.44760634241821","8.154237169756199","7.766543755706664","5.149038471042145","3.633577567585211","4.669527074801779","6.039386866165541","5.561808729290064","4.706185685205002","5.121822223813301","6.610664291019524","7.288817591732505","10.75542778882748","9.966139789817247","10.59572460878803","10.39573439135281","10.10994763700565","10.26074554087665","10.32577116015301","10.39917369542311"
"IMF.FAD:FM(5.0.0)","MUS.G1_S13_POGDP_PT.A","OBS_VALUE","Mauritius","Revenue, General government, Percent of GDP","Annual","Units","","","","","","","","","","","","","","","","","","","","","","","","","","","","","","","","","","","","","","","","","","","","","17.00265500273964","16.22368218388528","17.08538029851592","17.61493729088501","17.69798305331458","17.56969089819831","16.79780929349499","17.44749234128798","19.77467077644392","21.15572901346217","20.2346217296809","20.05118333187149","20.13520869539065","20.11519205103875","19.40225037045515","20.24812798910004","20.57843013678386","21.98146109607926","21.79371543806028","22.05577017810581","21.63106251684596","24.20212796549245","24.48994785267061","24.01090493675077","25.75963708907789","27.66657652315733","28.15571472147042","28.05275013887678","27.91640492295159","27.83688509510614","27.88493224757942","27.74811212898816"
"IMF.FAD:FM(5.0.0)","GIN.G2M_S13_POGDP_PT.A","OBS_VALUE","Guinea","Expenditure, General government, Percent of GDP","Annual","Units","","","","","","","","","","","","","","","","","","","","","","","","","","","","","","","","","","","18.71717188478183","16.2916141147007","13.79638872072177","13.29615677231394","12.62823886067748","12.6931300713606","11.97917328681267","12.59251691306053","10.31307555856413","11.61862385829925","12.62312732006319","14.92454205200965","14.40722956841443","14.73992080338618","12.98082611599858","10.98968516425072","13.16421207658321","8.65633342834514","10.07451986767459","16.22531629868519","20.50991884006269","16.02673986187356","19.55540748234994","18.62265433029782","20.06362930759732","21.68162609035174","16.07262555689223","17.2691237956383","15.915776750608","14.88365583042153","17.07645837623312","15.10075664150556","15.69365063034219","18.27864904313713","20.56049358356982","25.150578558206","22.77228136761118","22.05716964933138","21.72445890591935","21.21538615362319","20.85213718928114","20.63675543150807"
"IMF.FAD:FM(5.0.0)","NER.G2M_S13_POGDP_PT.A","OBS_VALUE","Niger","Expenditure, General government, Percent of GDP","Annual","Units","","","","","","","","","","","","","","","","","","","","","","","","","","","","","","","","","","","","","","","","12.49087382167065","10.87786485106555","12.89927634762396","13.6320616066755","14.9635747974673","13.50338737186271","13.73249783985232","14.44911230852434","14.03619200124393","16.07125271780224","15.5512836283744","15.19725497595994","17.39718415695834","16.87450445778835","17.68750709208966","14.29454895341433","15.32935983715433","16.64131211999009","20.44820113207345","23.63868013883515","24.23784209156081","19.36160476208825","19.50927764922702","21.15843509870622","21.5617626269312","22.36636245626695","24.26008723532761","21.57382758462708","15.80381731214691","13.4232365208153","14.78685488179192","15.39715607414177","15.05083298904523","15.12502758334675","14.97814292085728","14.96368996453563","15.1635147143405"
"IMF.FAD:FM(5.0.0)","SEN.GNLB_S13_POGDP_PT.A","OBS_VALUE","Senegal","Net lending (+) / net borrowing (-), General government, Percent of GDP","Annual","Units","","","","","","","","","","","","","","","","","","","","","","","","","","","","","","","","","","","","","","","5.903216208527041","2.407289396097906","0.9215370126638061","0.980116505505274","0.9271355104170756","-0.6154765909281216","0.7818551611932211","-1.441364810166861","0.190711365914849","-0.516173280264951","0.1844223808405594","-0.2630325428657644","-3.665182270187308","-2.797821262718085","-3.531098519826728","-3.662829140093977","-3.937663911963078","-4.924469194318624","-4.184508792255593","-4.33543818139036","-3.896273247492926","-3.663397440603693","-3.272104039921403","-2.968032331321981","-3.662685396373234","-13.93194073076206","-9.622644002883971","-13.69722749754261","-16.07606185857631","-14.76565020027298","-13.4105288305541","-7.9","-6.699906931998962","-5.702108395015281","-4.000000000000008","-2.999999999999981","-3","-3.000000000000003"
"IMF.FAD:FM(5.0.0)","SEN.G1_S13_POGDP_PT.A","OBS_VALUE","Senegal","Revenue, General government, Percent of GDP","Annual","Units","","","","","","","","","","","","","","","","","","","","","","","","","","","","","","","","","","","","","","","21.80149983799473","16.84770078733161","16.29910413307399","15.03783591536722","14.39583762449895","14.00852035443929","14.76345793892525","14.27098026019649","15.70578688713387","16.55377731522628","18.32932642231682","18.40598988964294","17.61836868669752","19.3741370250386","17.40748806287763","17.45576823348814","17.76102715808712","18.32699151572451","18.78700843148356","17.75485545032488","19.2035914896094","19.28350820379402","20.69098748844763","19.49499006743961","18.88966436458857","20.33761799395172","19.97122850232517","19.95420979849518","20.0165244293314","20.72965115323425","20.12510595470727","21.27045258446686","22.38134836166386","22.63723998680724","23.14844949517328","23.4179861545479","23.41449018136832","23.4553674227109"
"IMF.FAD:FM(5.0.0)","ZWE.G2M_S13_POGDP_PT.A","OBS_VALUE","Zimbabwe","Expenditure, General government, Percent of GDP","Annual","Units","","","","","","","","","","","","","","","","","","","","","","","","","","","","","","","","","","","","","","","","","","","","","","","","","","10.61872151241431","5.78685163713822","3.463946536734565","2.565682469249644","8.017631971896206","13.12972328351452","16.48341508897155","14.8136531574358","15.19289566704725","14.2177267254414","14.89453688545415","16.96386887256077","21.10915577590126","14.6437469746787","7.699678722550641","8.397937590951164","12.37408644366164","12.14485505170238","21.05349508350395","13.69241540869548","15.46141366999333","16.70548667082728","17.04390282871783","17.2779604488884","17.47035047610506","17.68198748411882","17.87738157720182"
"IMF.FAD:FM(5.0.0)","LBY.G2M_S13_POGDP_PT.A","OBS_VALUE","Libya","Expenditure, General government, Percent of GDP","Annual","Units","","","","","","","","","","","","","","","","","","","","","","","","","","","","","","","","","","","29.99436777261635","27.47419586563822","25.64744276599828","30.21619085157067","28.52970729562853","27.66006546286314","30.7589361633655","34.32336036189304","32.85787034536019","26.95672023551018","26.76891737250242","36.97887400622352","40.87420480125167","41.71989774945704","41.05605383838723","28.15195469862423","28.49451468240898","33.44175195805433","41.03229377167848","60.27751851076984","52.93906341395474","39.6258892761144","39.37928106275808","73.45903705991868","60.01887653132093","53.52286406396291","42.03587516319337","34.92530329511608","37.55603110610085","47.31003132109336","57.34237459485105","64.70611174357974","62.18916945309197","80.73802064362128","96.29349794837646","102.268684054986","88.77952896158652","89.3902240244188","87.84135084044057","86.06066590018226","84.64574773643936","83.66378533148459"
"IMF.FAD:FM(5.0.0)","ZWE.G1_S13_POGDP_PT.A","OBS_VALUE","Zimbabwe","Revenue, General government, Percent of GDP","Annual","Units","","","","","","","","","","","","","","","","","","","","","","","","","","","","","","","","","","","","","","","","","","","","","","","","","","7.040260652942757","4.323565702692607","1.751543451798155","1.341223150867609","6.538814656436069","12.73229644807653","14.5057469878451","14.46142769502261","13.98198840937915","13.34549154532202","13.28852570019599","11.97064038436873","12.43301743465919","10.09229347402764","7.644072255646429","8.928844419949088","10.54654737990961","11.14523380106475","11.60215336921991","12.93651045256207","15.54322534402577","15.95264156041427","16.17674953407339","16.37674953407343","16.57670070594841","16.77674953407344","16.96660392066689"
"IMF.FAD:FM(5.0.0)","MRT.G1_S13_POGDP_PT.A","OBS_VALUE","Mauritania, Islamic Republic of","Revenue, General government, Percent of GDP","Annual","Units","","","","","","","","","","","","","","","","","","","","","","","","","","","","","","","","","","","22.47013913893467","19.39969716449345","17.953310258897","21.29528066044703","19.44021915711716","19.21658184329051","24.10380675412528","20.93102280081108","12.37685325354695","13.11747408504738","15.00660034208259","15.84847399497845","22.48332287822651","22.18376690073664","20.8046774183465","18.16138459264914","21.04520684760213","18.27700493485082","16.49351824322674","16.04223277147286","16.8710584065777","17.11070716395202","23.20987768824741","19.4476962938345","21.25699345670563","23.21353224577541","20.9674523441287","20.82930970489302","22.21643794775658","20.47330909384043","21.31599556430611","23.37813592246802","25.60667816656089","22.33941825617365","22.20347286595264","23.10630777077101","24.50168968976618","24.95802927996942","25.07821151601867","25.75223064702028","26.17937203400604","26.63917198500797"
"IMF.FAD:FM(5.0.0)","MUS.G2M_S13_POGDP_PT.A","OBS_VALUE","Mauritius","Expenditure, General government, Percent of GDP","Annual","Units","","","","","","","","","","","","","","","","","","","","","","","","","","","","","","","","","","","","","","","","","","","","25.91961449085952","21.19554567084012","21.54164776241288","21.97679156990452","22.1697331398101","21.91764457512608","21.76955144633094","20.66142266091954","20.36865013792414","22.40221570014423","24.47099895795249","23.19177989202171","23.04835630117713","21.86616031110599","23.41268922883864","22.45599893825179","23.72798099261504","23.31410738424226","23.59646505694386","23.94797788035858","30.24762398185818","32.08145684915447","28.28612541203757","27.63607096920447","28.48977508857666","32.59942983605452","31.35806796048158","31.28367480034593","29.90319914204592","29.42535651638163","28.62528312720998","28.3522806373557","27.77489217339098"
"IMF.FAD:FM(5.0.0)","SYC.G1_S13_POGDP_PT.A","OBS_VALUE","Seychelles","Revenue, General government, Percent of GDP","Annual","Units","","","","","","","","","","","","","","","","","","","","","","","","","","","","44.79806627052065","44.44340417563899","48.18657149970952","47.94952681388013","52.47520070012706","58.55978275781319","59.93027309703661","57.97366681917544","55.25478511186304","57.15379074374212","56.7306157354618","56.70082133853785","50.51609437626542","49.41804655627548","48.83941193101497","44.02773873114046","45.86194153171287","40.66888680158255","37.91552580317703","40.05502825449978","48.02401924802561","40.33293179611292","39.40160656186664","41.01326332455209","31.96702476928311","34.87056306212877","36.95610658011626","35.09739847000737","39.76425074053498","41.49098028949391","38.16070191391745","36.25490966064861","32.91009973378873","34.49041962523442","32.58127115548986","32.2196887331635","32.16661916379706","30.96602055599892","33.07277529596953","30.82334915657947","31.9511220291663","32.32404526614798","31.74093871845768","33.25896097857382","32.14636171952552","32.5984122947902","32.66545560099312","32.71272704390703","32.83294878748411"
"IMF.FAD:FM(5.0.0)","LBR.G1_S13_POGDP_PT.A","OBS_VALUE","Liberia","Revenue, General government, Percent of GDP","Annual","Units","","","","","","","","","","","","","","","","","","","","","","","","","","","","","","","","","","","","","","","","","","","","","14.46174869271229","11.12126280075567","11.16008442255858","9.33633805278351","11.56951480240404","11.1810420053545","14.87675000817701","18.32857643232169","19.07888607325059","22.55177527357176","26.22642840149912","25.45510499747839","27.89336822240354","28.70589401118528","28.52194892356112","33.38551147996056","31.92368670622425","27.94481702359012","27.95746029381015","27.38809022376913","31.26551918568115","27.28336919589115","21.59940551184544","20.09929304452174","22.32987420721366","21.01659723398279","20.68938066425592","20.53711232171981","20.48853530555192","20.56940687616282","20.22587289053951","20.01360913341947"
"IMF.FAD:FM(5.0.0)","MOZ.G1_S13_POGDP_PT.A","OBS_VALUE","Mozambique, Republic of","Revenue, General government, Percent of GDP","Annual","Units","","","","","","","","","","","","","","","","","","","","","","","","","12.73831948952699","16.40314666759382","23.4361390151377","19.56797208753512","17.47880823629319","11.35747852210939","12.12680558381509","15.64125228582136","20.57517673360463","22.81682544834508","16.54867147569525","15.32368915009042","19.20854641488002","18.12521826320501","18.93733415439736","16.298730500561","12.8073733933868","14.7370718094561","13.86946007858367","15.29465557513637","15.93391504628604","16.33348481037904","15.25228834083264","15.97195352833622","14.5996388324323","14.92479665890263","17.1059217289032","18.72987302137627","19.39768704305354","21.34420415706639","23.21439959564855","24.56367264623588","24.66503518463628","29.24878458849194","29.9801909360593","25.61112947112603","23.67433066283111","26.60474874774164","25.46569366062101","29.70849464308423","27.66572315881978","26.8895918973359","27.67932559049372","29.07397262637568","27.06935064095199","26.30255254272284","26.45391010728472","25.87029537553956","25.94809912036233","26.0312762094827","28.25431850374514","26.85423678305448"
"IMF.FAD:FM(5.0.0)","ZWE.GNLB_S13_POGDP_PT.A","OBS_VALUE","Zimbabwe","Net lending (+) / net borrowing (-), General government, Percent of GDP","Annual","Units","","","","","","","","","","","","","","","","","","","","","","","","","","","","","","","","","","","","","","","","","","","","","","","","","","-3.578460859471558","-1.463285934445613","-1.71240308493641","-1.224459318382036","-1.478817315460136","-0.3974268354379866","-1.977668101126443","-0.3522254624131922","-1.210907257668107","-0.8722351801193862","-1.606011185258154","-4.993228488192037","-8.676138341242065","-4.551453500651053","-0.05560646690421275","0.5309068289979241","-1.82753906375203","-0.9996212506376332","-9.451341714284034","-0.7559049561334054","0.08181167403243439","-0.7528451104130069","-0.8671532946444392","-0.9012109148149706","-0.8936497701566509","-0.9052379500453835","-0.9107776565349273"
"IMF.FAD:FM(5.0.0)","BEN.G2M_S13_POGDP_PT.A","OBS_VALUE","Benin","Expenditure, General government, Percent of GDP","Annual","Units","","","","","","","","","","","","","","","","","","","","","","","","","","","","","","","","","","17.08005639114875","18.1223099219799","17.22628426385365","18.40174761644559","16.37844361232165","18.53143140690888","20.19601602285385","18.15078481146726","17.34923811074352","14.88423488893588","10.74597004619755","15.64145423041448","15.44745790383733","15.28399511182105","13.68591036274129","13.35955212531054","14.13852487960001","13.00582298350565","15.80946550774106","14.54941706867935","16.99679649060716","14.07577898286861","14.7277832157011","14.23593316007242","14.89402830051245","14.22455652509828","18.15256298452623","15.42778642218742","17.68874219608519","16.46580353986859","14.29832158859162","19.07097165362972","20.02048268281098","20.0247925688619","19.34382581597597","18.21443318110008","18.46935440264836","18.80285085691785","19.25415101248104","19.63569264613294","20.02828305034261","20.41535902360731","20.73343999374134"
"IMF.FAD:FM(5.0.0)","BDI.G2M_S13_POGDP_PT.A","OBS_VALUE","Burundi","Expenditure, General government, Percent of GDP","Annual","Units","","","","","","","","","","","","","","","","","","","","","","","","","","","","","","","","","","","17.41084631477521","19.21468991381682","26.11199888837629","24.02365655882816","19.37555474251293","22.11839990060276","24.44342270505386","18.77838213377434","19.94034896876843","20.4565260579646","21.68628949671731","22.65719867359566","21.90718639650874","33.90382500201129","39.23405118747896","33.14231822380248","36.47367103546164","38.96526601241843","41.16268073210096","37.98788345395085","40.84405320299698","42.18659641808043","37.54409465773529","34.76924820440656","28.45854921351236","23.1679108659937","22.57439372716082","24.09336703461671","26.01865092553216","28.80216980960116","29.16790486038146","28.39091107933366","33.51581036892572","28.44510227825756","22.29439416671739","20.3979878227772","19.941883251984","20.81953486983927","21.3250111188733","21.3233961454094","22.05887705967605","21.75822283392107"
"IMF.FAD:FM(5.0.0)","NGA.G2M_S13_POGDP_PT.A","OBS_VALUE","Nigeria","Expenditure, General government, Percent of GDP","Annual","Units","","","","","","","","","","","","","","","","","","","","","","","","","","","","","","","","","","","14.17883393872859","13.61059947283932","15.9475018122042","20.00148751617162","12.06164175189816","8.874324551852427","7.865986898787361","9.680427392630583","11.16304606135333","14.91785375642164","17.56969880129945","21.91233898391832","13.76293157024866","16.47906788981982","13.02338781678884","12.64860048030528","8.746315416102045","12.87759064752509","10.21117474868637","10.95784585269354","11.78233885467678","12.28312858970418","10.53894026041695","10.04461969268768","9.491301347078661","7.846520924287886","6.931288184105093","8.514759117619333","9.10354964026365","8.868778189059795","8.731863160348436","9.088670981126575","10.61206833844202","10.41353123981277","12.02791150963873","11.72783035639868","14.98364462799517","13.30188869732859","12.45529623640376","12.42477171001817","12.41802801709416","12.27117948541393"
"IMF.FAD:FM(5.0.0)","SLE.G2M_S13_POGDP_PT.A","OBS_VALUE","Sierra Leone","Expenditure, General government, Percent of GDP","Annual","Units","","","","","","","","","","","","","","","","","","","","","","","","","","","","","","","","","","","","","","","","","","","","","10.27864519715335","11.99663706711886","12.57748912779469","11.71114590548976","11.14344355033516","10.86421096281627","9.970567914744709","8.103790058695473","10.33781826987087","11.30010475341319","12.48907115417216","13.18579991657444","13.45260721061968","11.42441946962125","13.54845570197535","13.06450659312916","14.93624522224602","14.96822670779343","13.65228258418429","13.29387783606211","15.62675242783","16.75146076187492","16.7158718898146","15.42573214746437","17.5561727925423","16.48389258627716","15.89505960309848","14.02069008447519","14.09532045268888","13.55177674781877","13.25775951978011","12.8782690394228"
"IMF.FAD:FM(5.0.0)","LSO.G2M_S13_POGDP_PT.A","OBS_VALUE","Lesotho, Kingdom of","Expenditure, General government, Percent of GDP","Annual","Units","","","","","","","","","","","","","","","","","","","","","","","","","","","29.90217040517723","27.17657314151227","26.81709472333961","32.79195018796446","33.2034360707797","40.29852646542976","35.34011943305715","35.77429071414313","32.94551301638538","31.31306826937641","35.33080092746771","36.02521707700894","40.19908164036858","42.06044971538876","41.50133880540273","44.58255372986702","51.38627219489967","50.77948172666548","39.26476111792466","41.44629476478689","41.22814176988048","39.75766814358651","36.2535147138659","37.61455650903062","43.21843430295243","48.11743679972855","54.07095628185233","66.44210330464401","55.31790413887343","60.17247861099599","58.14800952709056","58.3571496045745","50.10290367622643","51.74885142911556","54.11305651474165","50.44006149809825","51.91596716431783","52.93012796921664","54.17338577257953","53.64883983334946","50.77821940411209","48.99532650791088","52.47408892012964","54.22843761913243","52.62379322138869","52.96181512083874","52.98206072093654","53.21363795615479","53.45621059914145","53.6487896019887"
"IMF.FAD:FM(5.0.0)","SSD.G2M_S13_POGDP_PT.A","OBS_VALUE","South Sudan, Republic of","Expenditure, General government, Percent of GDP","Annual","Units","","","","","","","","","","","","","","","","","","","","","","","","","","","","","","","","","","","","","","","","","","","","","","","","","","","","","","","","20.84669534753899","31.61803578804514","25.33592010218992","37.63022343939594","33.69484778048808","52.03855797605644","42.17068582646271","59.20655571712179","47.92623505118027","34.09985918340361","44.11407921323609","29.45081711959946","21.28701107864204","18.94718300353816","18.42463494998268","26.76391532995474","26.78888046024744","26.91346542823523","26.63702894701134","26.55385067506146","26.5564801086065"
"IMF.FAD:FM(5.0.0)","TGO.GNLB_S13_POGDP_PT.A","OBS_VALUE","Togo","Net lending (+) / net borrowing (-), General government, Percent of GDP","Annual","Units","","","","","","","","","","","","","","","","","","","","","","","","","","","","","","","","","","-2.183689928365035","-1.646280855492684","-3.519135946294894","-2.27237443614534","-8.459314857623777","-5.372335618439303","-2.969339461548059","-3.259356468528636","-0.9833921997504887","-3.250921051417143","-1.755993403716534","-3.445716841494703","-0.715579383808364","-0.2802095646741074","1.434829902714768","0.6099861674797103","-1.666330644068369","-1.944883433892607","-1.832555577097705","-0.590603996682444","-2.625934221697657","-1.66194855372719","-4.475169961904922","-4.63476831315788","-5.082524636506205","-7.114644511806398","-7.035764719787704","-7.02479512660809","-0.2080937568789784","-0.5905681685689537","1.665950415643656","-6.956323771613155","-4.5401559845643","-7.833096553203238","-6.282577661400406","-6.824782519691972","-3.227952736234427","-6.698804057287715","-3.030544813901555","-3.031762983727231","-3.031107544336786","-3.023908378319472","-3.001250498731825"
"IMF.FAD:FM(5.0.0)","MLI.G1_S13_POGDP_PT.A","OBS_VALUE","Mali","Revenue, General government, Percent of GDP","Annual","Units","","","","","","","","","","","","","","","","","","","","","","","","","","","","","","","","","","","","","","","","","","","","","14.25170054425241","13.29613648030062","14.205967858125","16.750630565239","16.50353360239835","15.99125550313172","42.58081803039633","15.78138867388044","14.48831333216857","16.38950268176621","15.21811380319038","14.40760517950523","12.2472742118681","14.61636889917802","14.39574437494604","16.06865227627729","15.31706450343584","16.80594487441125","13.01978792064494","18.07625066480388","17.42173696721701","18.42579618644388","16.73767466247872","18.15801155213556","18.8589461441759","19.34123099401415","20.21567745184745","21.37113896535632","21.48201157874652","21.61729638545491","21.80069871223345","21.82353210133809"
"IMF.FAD:FM(5.0.0)","MRT.G2M_S13_POGDP_PT.A","OBS_VALUE","Mauritania, Islamic Republic of","Expenditure, General government, Percent of GDP","Annual","Units","","","","","","","","","","","","","","","","","","","","","","","","","","","","","","","","","","","","","","","","","","","","","","","","","23.86050134426615","21.31938359177047","18.99561220469008","19.65891273320314","19.81461080041506","19.63415304513611","17.32190142559252","17.03626184898502","21.54390803524907","20.10926579300793","23.89652216722676","25.65606446691719","20.83540997900846","20.29856860672794","18.98992101910631","17.82549121483647","18.53227931715732","20.77985089621992","28.7015643609145","24.7881404816342","23.55681486480952","23.40461728616064","23.9719420904424","24.4389357402027","24.48178789294664","25.0325885346593","25.52841266646215","25.94871488909914"
"IMF.FAD:FM(5.0.0)","NER.G1_S13_POGDP_PT.A","OBS_VALUE","Niger","Revenue, General government, Percent of GDP","Annual","Units","","","","","","","","","","","","","","","","","","","","","","","","","","","","","","","","","","","","","","","","9.303122493828583","10.51738979752146","10.51191173434005","11.40078758036818","10.68955236003824","10.6751182835409","11.14455507215992","12.23588983723866","11.86142711923978","13.30766131781985","14.02366764749398","46.24234664926597","16.65051588914276","17.9853061276976","13.76072083413793","13.30935114964793","13.13561486494767","15.81115224526455","18.51584346551785","17.51403716446608","17.4909903823456","14.89807868496688","15.39257132211681","18.15046646315802","18.00360540277902","17.54996702240938","18.16087704660178","14.80182155032859","10.42991818303591","9.156378074056824","11.50325524534322","11.74499856078091","12.06614018453352","12.13196996378995","11.97814292085728","11.92540740003274","12.11812802541146"
"IMF.FAD:FM(5.0.0)","MRT.GNLB_S13_POGDP_PT.A","OBS_VALUE","Mauritania, Islamic Republic of","Net lending (+) / net borrowing (-), General government, Percent of GDP","Annual","Units","","","","","","","","","","","","","","","","","","","","","","","","","","","","","","","","","","","","","","","","","","","","","","","","","-3.055823925919643","-3.157998999121328","2.049594642912053","-1.381907798352316","-3.321092557188315","-3.591920273663251","-0.4508430190148244","0.07444531496700451","1.665969652998333","-0.661569499173433","-2.639528710521134","-2.442532221141781","0.1320423651202449","0.5307410981650815","3.226516928650273","2.647817879003951","2.78371624714879","2.598285026248099","-3.094886194353605","-2.448722225460549","-1.353341998856877","-0.298309515389631","0.5297475993237761","0.5190935397667164","0.5964236230720278","0.719642112360984","0.6509593675438901","0.6904570959088289"
"IMF.FAD:FM(5.0.0)","TUN.G1_S13_POGDP_PT.A","OBS_VALUE","Tunisia","Revenue, General government, Percent of GDP","Annual","Units","","","","","","","","","","","","","","","","","","","","","","","","","","","","","","","","","","","27.47339311972689","22.3748163255426","22.25026256185664","23.44701748522269","23.07215033372497","22.05017222499605","21.49859309214164","20.82674064790151","21.33884542840722","20.95707769168805","20.82884508770171","21.11337537154252","21.57743782396552","20.82901958268513","20.92044349395877","20.45004199712958","20.5180261804932","20.85285097836169","23.05108477605605","22.05066317398484","23.54212368485331","24.6940417403893","23.45060488120865","23.75005965900349","24.57190650407764","22.49588954934954","21.34428958330878","23.11738886606143","24.4193332688713","25.92895907578877","25.47544926815257","25.6064720109834","29.5832839651022","28.67671316282898","29.42588508938681","28.79188211215863","28.66962507601481","28.70236712059159","28.69412670525586","28.63432682336427","28.56242336940563","28.15985349460131"
"IMF.FAD:FM(5.0.0)","STP.G2M_S13_POGDP_PT.A","OBS_VALUE","São Tomé and Príncipe, Democratic Republic of","Expenditure, General government, Percent of GDP","Annual","Units","","","","","","","","","","","","","","","","","","","","","","","","","","","","","","","","","","","","","","","","","","","","","10.73694454300765","52.79940903944468","44.26548234884134","51.86422073213253","60.63798617838979","43.66574389694555","32.4658260190696","38.91892116477076","30.44667981836404","48.61151445513531","51.68951589145762","53.36042320777145","50.50019108678011","35.50868002900232","35.96781860143745","41.58491940137676","38.296236419755","31.92984959441878","27.96126712995359","22.83183328442388","23.18079147439527","25.63250414969828","27.70545656764676","23.91948720277205","23.79836723438626","21.18972957090332","20.60706565428658","19.68033519262885","19.20073598133644","18.96443449082377","18.81748054846487","18.88481722662104"
"IMF.FAD:FM(5.0.0)","SLE.G1_S13_POGDP_PT.A","OBS_VALUE","Sierra Leone","Revenue, General government, Percent of GDP","Annual","Units","","","","","","","","","","","","","","","","","","","","","","","","","","","","","","","","","","","","","","","","","","","","","8.334776759583678","8.777372551254611","9.549966069309585","8.928254126880014","9.687528440622964","9.69735710832553","9.040264286904964","20.67208113956426","8.120792357135331","9.790585091105514","9.399437673790274","10.40109067766525","10.0400803325365","9.680161948426912","10.77999810955964","10.1995457036872","9.522627763959299","9.35746658281745","10.07897492203818","11.3413685898897","12.12842888754587","12.40343090720523","10.7882735880455","10.44011278668952","12.40061652162352","12.28498609098966","13.70544164394463","13.7824742948091","13.89234989210287","12.87134272369628","12.82521247805821","12.77452838620876"
"IMF.FAD:FM(5.0.0)","SYC.GNLB_S13_POGDP_PT.A","OBS_VALUE","Seychelles","Net lending (+) / net borrowing (-), General government, Percent of GDP","Annual","Units","","","","","","","","","","","","","","","","","","","","","","","","","","","","-3.132238896162752","-6.085572511937085","-4.855174703294879","-10.05569186431437","2.772409920948693","11.81274115756066","8.256827425915166","11.91093487875553","3.15135599212161","6.442463533225284","-3.623472878318944","-6.946631292185086","-2.579666955910912","-9.692399408047352","-5.905755230421259","-16.66999718864211","-10.26410073228975","-14.74018922380667","-8.926857033114761","-16.26043339241314","3.396319126807126","0.4374310563893295","0.4218964415312979","-2.537627703830495","-9.929429303412897","7.881928946712561","4.83869570854561","0.5214853081215369","3.359832522550428","2.93403985465516","0.3285811335857725","2.873767385408896","1.38902019044529","0.01762020262467369","-1.670738474381917","-0.8020680376737764","0.4231847360363656","-15.74619885874935","-5.755223959886144","-0.7650345107587996","-1.15315228168026","-0.6775134828226828","-0.9850850763577014","-2.07802101576062","-1.218411601514726","-0.7735800493895091","-0.8708148067071466","-0.8068836011177033","-0.6326141008782874"
"IMF.FAD:FM(5.0.0)","NGA.GNLB_S13_POGDP_PT.A","OBS_VALUE","Nigeria","Net lending (+) / net borrowing (-), General government, Percent of GDP","Annual","Units","","","","","","","","","","","","","","","","","","","","","","","","","","","","","","","","","","","-0.4766169136546222","-1.180708781459204","0.941960120369261","-6.074925385519102","-2.958087593165609","2.521155710014896","3.371808554341651","1.135629393560161","-3.473915519699485","-1.390736738223258","2.886684139371582","-2.288006460587853","0.9533222312018663","-1.558825202806576","3.897397887572332","3.485049502460367","6.219989266076484","-0.79276894229814","4.045483678059515","-3.782067755362055","-2.962257949431133","0.3067275230478588","-0.09133391799874035","-1.890382522931485","-1.724757591371998","-2.69748245324574","-3.297710616519883","-3.845232042817554","-3.064162774098109","-3.306969459769731","-4.025677475143434","-3.966848757313274","-4.0014040474225","-3.124713648080269","-1.272483720811244","-1.761690566581438","-4.387920019207138","-2.906154305975781","-2.345348599398109","-2.164026169141519","-2.092256856941154","-1.872005789990822"
"IMF.FAD:FM(5.0.0)","ARM.GNLB_S13_POGDP_PT.A","OBS_VALUE","Armenia, Republic of","Net lending (+) / net borrowing (-), General government, Percent of GDP","Annual","Units","","","","","","","","","","","","","","","","","","","","","","","","","","","","","","","","","","","","","","","","","","","","","","","","","","-1.976350626682852","-1.950417060345612","-2.334240508727446","-1.756566508373401","-7.68653220870173","-4.979433626045954","-2.867997945642732","-1.493390636355358","-1.592909041429585","-1.942697168827292","-4.829421492235002","-5.57312622602776","-4.699017250197785","-1.756721060594759","-0.9761039325163558","-5.404364656290444","-4.602497244237367","-2.115829976937815","-2.018732102838128","-3.673356171979964","-3.737375823203034","-4.508020685915076","-3.523035576212085","-2.851518321885282","-2.348015883170991","-1.815118295630131","-1.320755014284918"
"IMF.FAD:FM(5.0.0)","UZB.GNLB_S13_POGDP_PT.A","OBS_VALUE","Uzbekistan, Republic of","Net lending (+) / net borrowing (-), General government, Percent of GDP","Annual","Units","","","","","","","","","","","","","","","","","","","","","","","","","","","","","","","","","","","","","6.440476232830523","-10.76244573162068","-4.02765403915269","-1.593506631554687","-1.414205790585419","-1.845029768032574","-2.73664543785166","-2.61747871472568","-3.292899864655467","-2.952020911825009","-5.685991651509895","-4.386997030032852","-3.368741045558186","-3.170551830914952","2.451197125981658","3.20028500731598","5.376647066741438","1.637630739108876","2.294997781680599","4.56206058589447","5.275660068455175","1.904357272389393","1.680699818901037","-0.244960825512262","0.6198714346719336","1.043850680323922","1.568628393017827","-0.289932340893527","-2.795005060734128","-3.903654824824161","-3.489711710846636","-3.848382441745433","-2.24521652530287","-1.655449277567215","-0.8206788376681608","-2.062592566048068","-2.07627887573365","-2.076769639907285","-2.075048140633205","-2.071199714911517"
"IMF.FAD:FM(5.0.0)","CHN.GNLB_S13_POGDP_PT.A","OBS_VALUE","China, People's Republic of","Net lending (+) / net borrowing (-), General government, Percent of GDP","Annual","Units","","","","","","","","","","","","","","","","","","","","","","","","","","","0.2199342085725933","-0.009518437735287307","0.06957133114155064","0.9233869816726575","-0.3446603966837347","-0.6993027908620647","-0.9625739694849867","-0.9120964451508032","-0.7174652407623908","-1.036732213485813","-1.216603501541938","-0.8889639677707733","-1.676444043784239","-0.9439279035944317","-0.7331407124572729","-0.7258827385678018","-1.075739036205571","-2.29567203525474","-2.811463742494402","-2.561827646968896","-2.843221392731581","-2.360139608830776","-1.489298312663389","-1.380091863041891","-1.126060306612942","0.05801633831498254","-0.02436872005962561","-1.721318081346944","-0.3557778715077602","-0.09639114042328455","-0.2967338504271571","-0.8226630480252423","-0.6717165018109083","-2.499951607640762","-3.326400681179841","-3.338694381326941","-4.20178960311223","-6.004814894771729","-9.56318208321288","-5.901650463720486","-7.318963870863348","-6.707992103976313","-7.107551299830916","-7.867517096696648","-8.153034256800758","-8.358347597033175","-8.207881026410317","-8.0305525655908","-7.976319259432117","-8.013840178261747"
"IMF.FAD:FM(5.0.0)","UKR.GNLB_S13_POGDP_PT.A","OBS_VALUE","Ukraine","Net lending (+) / net borrowing (-), General government, Percent of GDP","Annual","Units","","","","","","","","","","","","","","","","","","","","","","","","","","","","","","","","","","","","","","","","-4.882932518312831","-3.199089782750034","-5.557746478873239","-2.779910910101079","5.123942135201852","-3.181922110056323","-2.919818579558281","-1.773441171018801","-0.8602096144637739","-4.252500944409639","-2.193166905453015","-1.314481981008747","-1.894987105018466","-3.023335971954514","-6.040717922975961","-5.559596103820772","-2.660879439184452","-4.146402978282443","-4.603794551235111","-4.45997627530334","-1.159825106472877","-2.459300114662817","-2.356404029297668","-2.12369644942929","-2.082171094727494","-5.9180028841433","-3.971656563432045","-15.60159204904283","-19.34104347267101","-17.20156314202683","-23.31666774377727","-18.44065282510956","-17.67636107244461","-7.42514574450884","-2.870859891570167","-1.995783175986327","-1.299463292652628"
"IMF.FAD:FM(5.0.0)","RUS.G1_S13_POGDP_PT.A","OBS_VALUE","Russian Federation","Revenue, General government, Percent of GDP","Annual","Units","","","","","","","","","","","","","","","","","","","","","","","","","","","","","","","","","","","","","","","","","","","32.25928496136797","30.70014278748099","33.75779094534977","34.45551143016361","34.4905233500539","33.94881343115482","34.20314646052721","37.05482627015708","36.84329296796144","37.5268850471811","36.55990183983497","32.70722920157234","32.31095438134308","34.6930299314549","34.41103898090743","33.48969104631741","33.86823513343673","31.88702711110005","32.91617542330014","33.36124560269228","35.54430189800016","35.68187685474156","35.16381616603478","35.71537695529888","33.80491563506551","33.89848182459487","35.06365461170763","35.23250932910196","35.44196210098596","35.20679880659299","34.67643607690416","34.64912242206162","34.66116472603238","34.78533095952909"
"IMF.FAD:FM(5.0.0)","TJK.G1_S13_POGDP_PT.A","OBS_VALUE","Tajikistan, Republic of","Revenue, General government, Percent of GDP","Annual","Units","","","","","","","","","","","","","","","","","","","","","","","","","","","","","","","","","","","","","","","","","","","12.04784708620669","13.50825329244112","13.60178651685393","15.2030144500617","16.74025449979071","17.3263770019757","17.93218038513984","20.08392421823255","23.62167704799465","22.46207752859105","22.1195667277952","23.41475503946583","23.15983781438621","24.88518071272028","25.13434664874686","26.93865003639773","28.39463209897117","29.94427395995174","29.7399243408231","28.12861581851197","28.18141940854949","26.77270184112461","24.82425947166629","27.0015423878935","27.14706191022728","27.10334430292939","27.50780557666198","27.50819797498276","26.94327225995137","27.20105670593738","26.69438721060309","26.63480574808108","26.65278629693536","26.63743596332853"
"IMF.FAD:FM(5.0.0)","SRB.G1_S13_POGDP_PT.A","OBS_VALUE","Serbia, Republic of","Revenue, General government, Percent of GDP","Annual","Units","","","","","","","","","","","","","","","","","","","","","","","","","","","","","","","","","","","","","","","","","","","","","27.8515133621027","30.82296559830314","36.2342402412057","35.2450448943814","37.86964338654544","39.92214062337819","40.41476622081821","39.78078759542993","39.43039653973161","37.84152490254666","37.8192471793582","36.26369836399646","37.22890961979478","35.79366811982389","37.32749939420125","37.71642286254736","39.21555171945787","39.83423029080397","39.81174264026066","40.19110016603157","39.12040835934579","41.23966036234554","41.22947206137264","39.38944201760281","40.45708287736004","40.95566063035941","40.79051788804868","40.92420317572925","40.64744864441786","40.55682707477033","40.54702100396938","40.50168994546548"
"IMF.FAD:FM(5.0.0)","TON.G2M_S13_POGDP_PT.A","OBS_VALUE","Tonga","Expenditure, General government, Percent of GDP","Annual","Units","","","","","","","","","","","","","","","","","","","","","","","","","","","","","","","","","","","","","","","","","","","","18.77439024390244","20.04241877256318","19.07905138339921","21.31714451303516","19.98577539903252","19.30016115463203","19.82213344089489","25.58496887728938","23.20421930185881","23.99263732616924","23.8987532916979","28.36783367541472","32.60525836592635","32.04313154911957","34.27701878022375","31.45590307793056","37.38198778515905","37.17277653854149","39.68373364510279","39.33014426213574","38.99985045890907","37.14808690357422","44.52751169658866","41.32224480007852","41.46199466911888","44.33231544856828","46.7742095474842","46.27895694969382","45.0071187681926","44.8584188202271","44.58199927482759","44.25289693345717","43.83279735267793"
"IMF.FAD:FM(5.0.0)","MNG.GNLB_S13_POGDP_PT.A","OBS_VALUE","Mongolia","Net lending (+) / net borrowing (-), General government, Percent of GDP","Annual","Units","","","","","","","","","","","","","","","","","","","","","","","","","","-3.091615414436834","-2.768852435132628","-3.169971377855587","-3.470745577889763","-3.928584836849878","-12.81759281693232","-13.68000048399553","-14.34560424450384","-11.76893759338032","-9.366584098268352","-6.365786556408092","-8.102580369438841","-13.34168368081007","-9.736635525274168","-4.967950527065298","-6.88295836957645","-8.093351521291784","-12.3369418644023","-9.907976465703286","-5.821111521234911","-4.327369882463127","-4.735704318668416","-3.382272170557291","-1.617960766691923","2.434672766816253","7.584876247414159","2.638636445203049","-4.521413160779138","-5.198800741204356","0.4254274602023033","-4.013807892071812","-6.243683981989307","-0.927077627998655","-3.725394185159839","-5.042965863641107","-15.29496043951471","-3.716047368914402","2.854285339696697","1.002708299352502","-9.240418933485588","-3.045435985020899","0.6720126471076659","2.732991503292734","1.38976692098257","1.701911638682453","-0.547494524526712","-2.595316737132963","-3.002191047752583","-2.966495391667436","-3.000434117902726","-3.076447482566225"
"IMF.FAD:FM(5.0.0)","SVK.G2M_S13_POGDP_PT.A","OBS_VALUE","Slovak Republic","Expenditure, General government, Percent of GDP","Annual","Units","","","","","","","","","","","","","","","","","","","","","","","","","","","","","","","","","","","","","","","","47.84173919122016","52.84990628413213","48.556258518624","46.190447756738","48.40568668702952","53.23864049494027","46.23884712583036","45.99394188177279","40.04984118279387","38.40680221232781","39.13513061950282","38.18162135686284","35.92605958158042","36.48474399255506","43.23590159097402","41.04774265643097","40.7843137254902","40.04009353349356","41.10052436544279","41.97300760295864","44.12644025664282","40.89922275476099","39.78359329758334","39.65005017956086","40.64881741856466","44.49971692292034","44.8423618826282","43.08187454130923","48.2405918145488","47.46761899276155","48.71447257832097","48.48779623652359","46.73349347572193","46.34689235685222","46.30621383519007","46.40933776470552","46.5142993692335"
"IMF.FAD:FM(5.0.0)","UKR.G1_S13_POGDP_PT.A","OBS_VALUE","Ukraine","Revenue, General government, Percent of GDP","Annual","Units","","","","","","","","","","","","","","","","","","","","","","","","","","","","","","","","","","","","","","","","37.81979814521937","34.95770924569732","36.65618486584909","35.57455615880226","31.85708820778584","32.23448310319767","32.40690401136498","34.71476925573807","36.59036559023778","35.83400641463456","40.37439782951293","41.63141329956479","40.15654666832378","42.35574998209865","40.79315895635146","41.78174792630635","41.37333991511869","42.99922691858521","41.69028218436588","40.31391485077021","41.88367270697908","38.32604205515797","39.313584817983","39.79779005979324","39.4207624020094","39.68215550368543","36.51597468147934","49.79237496179946","54.0628650236566","54.03449167923918","51.22910385397171","43.80911958011949","41.67459688213444","44.93504288056719","43.84744672928278","42.83266076041852","42.71974632636117"
"IMF.FAD:FM(5.0.0)","BGR.G2M_S13_POGDP_PT.A","OBS_VALUE","Bulgaria","Expenditure, General government, Percent of GDP","Annual","Units","","","","","","","","","","","","","","","","","","","","","","","","","","","","","","","","","","","","","","","","","","","30.60485088935567","36.1562330949349","37.13010119504041","36.47715242467151","35.07466694958222","35.76464091138181","34.61059276241561","34.03333892421899","32.50092452206272","33.11418477081639","33.45220549525895","33.77147734907063","34.55402134048638","31.95400577640259","32.51876104943852","35.4699868983905","37.08045500962265","37.32952277349246","32.72467508724469","32.02848055754993","34.4486699331166","36.06543099063294","37.65876256789067","38.45247107706088","37.56744402267524","37.51129707029125","36.28464867671083","38.87431607473966","37.81989975972195","37.20661973816375","36.8426339064661","36.56316095113674","36.08901376836729","35.67178458459832"
"IMF.FAD:FM(5.0.0)","TKM.G2M_S13_POGDP_PT.A","OBS_VALUE","Turkmenistan","Expenditure, General government, Percent of GDP","Annual","Units","","","","","","","","","","","","","","","","","","","","","","","","","","","","","","","","","","","","","","","","","","26.87659358948132","26.0858210043149","20.81544762451326","25.8633420435661","22.63587398987084","19.36901554320433","20.76898637318773","20.26698044976028","21.10805950717105","16.04336241143173","14.42571317176151","11.6606122395671","14.38691950896932","14.6101309986176","15.3857231282291","14.6628057578364","16.87558411286063","17.01112294113766","17.31316139012312","14.11766834317658","17.7678638018591","13.73526201906396","13.63966711136522","13.54631282528348","13.37575792573771","12.98753346003196","13.70715221425712","14.52268551847605","14.14627453037494","13.48333487254591","13.49601224057165","13.45394100431267","13.40882640853266","13.36838069101877","13.3319368334843"
"IMF.FAD:FM(5.0.0)","SRB.G2M_S13_POGDP_PT.A","OBS_VALUE","Serbia, Republic of","Expenditure, General government, Percent of GDP","Annual","Units","","","","","","","","","","","","","","","","","","","","","","","","","","","","","","","","","","","","","","","","","","","","","27.99979744659134","30.49802493489546","38.56233911382247","37.63006552297734","37.80858323011626","38.90161260231746","41.31976269945045","40.58278912754381","43.68492132512803","41.14361189426409","41.16673285936694","40.01690259727226","43.33559425881657","40.58228092141493","42.93587322754663","40.96159191784856","40.29399827579684","38.51791921599519","39.03356635044939","40.19546372626752","46.03351459911106","44.39530843732596","41.37061536661811","40.6001352341067","42.19073215794899","43.17023216832502","43.67066346059033","43.82955762132839","43.11392193257208","42.96982596518843","42.47401835695608","42.42930236084007"
"IMF.FAD:FM(5.0.0)","LVA.GNLB_S13_POGDP_PT.A","OBS_VALUE","Latvia, Republic of","Net lending (+) / net borrowing (-), General government, Percent of GDP","Annual","Units","","","","","","","","","","","","","","","","","","","","","","","","","","","","","","","","","","","","","","","","","","","-0.6582354428909515","-3.54150763690119","-2.565476931293334","-2.026179876124904","-2.588155353952078","-1.666366694460002","-1.035591059379659","-1.063686424289339","-0.48142501212802","0.6267466971963681","-3.286232517832249","-7.135371592358724","-6.560301730508905","-3.384892507957175","0.1818208410623709","-0.5811510880494364","-1.743280353107629","-1.573014425352243","-0.4092258822024928","-0.8529725047691801","-0.7651508895466931","-0.3935795327496485","-3.847732081802965","-5.714191992309567","-3.945537296737224","-3.36157843693212","-1.722850282614432","-4.045708976057418","-3.347306687417321","-3.881783140027827","-3.727865498855118","-3.662831279952197","-3.921729944433033","-4.014688622894186"
"IMF.FAD:FM(5.0.0)","BGR.G1_S13_POGDP_PT.A","OBS_VALUE","Bulgaria","Revenue, General government, Percent of GDP","Annual","Units","","","","","","","","","","","","","","","","","","","","","","","","","","","","","","","","","","","","","","","","","","","31.68849650471675","36.30690235142923","36.52534848490855","35.89706393202407","34.46034662479627","35.76719291283702","36.20384370168273","36.22048740917695","35.72201092476592","36.20050086182905","36.18371116391753","32.9159711455942","30.78464886156028","30.12021440333075","32.08459439451487","33.71843547052042","33.42860442174793","34.55493803572936","34.26436048303482","32.85192346355913","34.57206065026891","35.10254190750539","34.73957154649023","35.65005269624655","36.7671741786539","34.47172448211537","33.27672618713676","35.86508970874983","34.54711318126889","33.654523712492","33.49994436965198","33.19133108806724","32.72614724863003","32.33675378100534"
"IMF.FAD:FM(5.0.0)","MDA.G1_S13_POGDP_PT.A","OBS_VALUE","Moldova, Republic of","Revenue, General government, Percent of GDP","Annual","Units","","","","","","","","","","","","","","","","","","","","","","","","","","","","","","","","","","","","","","","","39.44198163036492","35.87231239713131","38.47997779516035","37.57238043422615","30.37947161534982","30.4791204563595","29.1629517858696","29.56046894780061","33.97381461504031","35.40078341579364","38.56022127347782","39.87812608320435","42.86016071512159","40.62757835968586","38.91717800238402","31.91803238066852","30.51255380970007","31.73681602713842","30.87719702367226","32.17242353607596","29.76021465964287","28.89552790877181","30.32794783111629","30.67549674955061","30.5199010246667","31.36942089347333","31.96415987633506","33.32797025858279","33.70049058612753","33.93619732737","35.53222463641059","35.43479024797833","35.5083256251206","35.40051856974822","35.41827173425687","35.43855357540336","35.34594198468662"
"IMF.FAD:FM(5.0.0)","ARM.G1_S13_POGDP_PT.A","OBS_VALUE","Armenia, Republic of","Revenue, General government, Percent of GDP","Annual","Units","","","","","","","","","","","","","","","","","","","","","","","","","","","","","","","","","","","","","","26.09699719497619","26.15177944315523","17.83681058514756","15.40950183678686","15.75067670758325","17.14613147798322","19.33446939810341","16.49440737670656","17.04601621530419","16.74395518619484","15.21659570821326","15.45676980446972","17.89478348939527","18.05005080075885","20.08542959328462","20.47945789668798","20.86697026499761","21.22110350683502","22.09638751320294","20.92139063843436","22.20379399976012","22.04803111102116","21.49394224020296","21.4138354682771","21.23781292801089","22.29345855701492","23.92019279523284","25.24856249816683","24.08797852012831","24.26428634849371","24.85547476217444","25.30146595338071","25.49979454096112","25.79564427130492","25.81614062730161","25.77132193867028","25.76496056642577","25.75883213672118","25.78831756825499"
"IMF.FAD:FM(5.0.0)","CZE.G2M_S13_POGDP_PT.A","OBS_VALUE","Czech Republic","Expenditure, General government, Percent of GDP","Annual","Units","","","","","","","","","","","","","","","","","","","","","","","","","","","","","","","","","","","","","","","","52.82624747214932","41.42666672462017","41.33482107501779","41.63094937304162","40.88485075696596","40.59315747801809","43.10183695314122","44.43553736671121","48.95035537592338","42.20657774185118","42.33252130991308","41.46788954442912","40.469306225722","40.92219962333724","44.45636236679462","43.19637327694453","42.83931429631863","44.36810925445065","42.38213811381165","42.30833274897093","41.69701146628207","39.37444120726074","38.46738119730993","40.11537731750385","40.37248918255781","46.25267530014663","45.02446591536926","42.9889507213748","43.68923926730381","42.85815691377608","43.47461886813872","43.33683167204181","43.06168424924382","43.59333459900617","43.84173289792535","43.99957339575808","44.03468637257868"
"IMF.FAD:FM(5.0.0)","ALB.G2M_S13_POGDP_PT.A","OBS_VALUE","Albania","Expenditure, General government, Percent of GDP","Annual","Units","","","","","","","","","","","","","","","","","","","","","","","","","","","","","","","","","","","","","","","","","","30.29986290793922","36.75129519735805","37.10750223609517","33.83799838500097","32.6850078477456","31.5345853687993","29.67996351006863","30.15481256820903","28.89199563016971","29.19121621627723","29.30901316062225","31.72648509106952","32.67947807252223","29.38664876090804","28.92326889067177","28.22910397838074","29.19271364009617","31.72915482086439","30.75780466226846","29.13947574454614","29.16156954199486","28.66939559193944","28.73168618976645","32.38428104650462","31.94345496368686","30.28329575689357","28.54391924449985","28.93660473067215","30.07973748537389","31.02963727177686","31.70816523384275","31.79744773293413","31.51341716942559","31.5983256611368","31.63540105196987"
"IMF.FAD:FM(5.0.0)","KAZ.GNLB_S13_POGDP_PT.A","OBS_VALUE","Kazakhstan, Republic of","Net lending (+) / net borrowing (-), General government, Percent of GDP","Annual","Units","","","","","","","","","","","","","","","","","","","","","","","","","","","","","","","","","","","","","","","","","","","","","","","1.923887760352326","3.996048748770104","3.287320030923996","6.077754759137427","7.652628518544888","5.13441478213285","1.227135160620757","-1.328048731134883","1.469692440979877","5.811035753903517","4.430881585167679","4.945693552814778","2.481847879833575","-6.259289214765072","-4.503216920020694","-4.265508720676701","2.579564375872378","-0.5695426937230489","-7.036965098463839","-4.966052048194729","0.105380592188245","-1.412439902489562","-3.43416755526265","-3.113865380499164","-1.343846792171576","-1.777446617685572","-2.018661605337199","-1.966799006103293","-1.73983782177802","-1.716655200931538"
"IMF.FAD:FM(5.0.0)","SVK.GNLB_S13_POGDP_PT.A","OBS_VALUE","Slovak Republic","Net lending (+) / net borrowing (-), General government, Percent of GDP","Annual","Units","","","","","","","","","","","","","","","","","","","","","","","","","","","","","","","","","","","","","","","","-3.428251871158446","-9.720830093356287","-6.235124193909311","-5.368751819314967","-7.251993765333296","-12.68995735344792","-7.743249978867471","-8.353120145523619","-2.281435251353404","-2.359294559621539","-2.85704056424761","-3.570065892800417","-2.258288145411724","-2.54082028572012","-8.184516143133021","-7.444403056740602","-4.355607675608513","-4.366207498955615","-2.861234737267994","-3.245069701406567","-2.782038984128406","-2.593553667166534","-0.9846940456965833","-1.005917421944752","-1.205004050878184","-5.295979881383282","-5.089722803449941","-1.563663778638901","-5.29542564394801","-5.496687978803064","-5.017496314686851","-4.361554253656784","-4.977524425937374","-5.099193091222495","-5.12629506735466","-5.28868480953711","-5.448577286922635"
"IMF.FAD:FM(5.0.0)","EST.GNLB_S13_POGDP_PT.A","OBS_VALUE","Estonia, Republic of","Net lending (+) / net borrowing (-), General government, Percent of GDP","Annual","Units","","","","","","","","","","","","","","","","","","","","","","","","","","","","","","","","","","","","","","","","-0.256884230758379","-0.9308142949581382","2.97927904126689","0.6477946518503146","-3.419697076467618","-0.1122681311244661","0.3991096417208527","0.2934444833517788","1.665337177822086","2.28593472957027","1.065093671912529","2.706271166208342","2.503403880952265","-2.921861528908016","-3.428414283631959","-1.087896085677694","0.08572410711832497","-0.855918206668377","-0.6643203677041918","0.4152704219570471","-0.2424147668185403","-0.6183300614359573","-1.065899302232715","-1.14638371797471","-0.1094010760022281","-5.424109632409739","-2.569313023017291","-1.078891477435978","-3.066582328251301","-1.540471218575704","-1.331403027640246","-4.470350583914888","-4.547385304435212","-4.226830793962309","-3.597756661630295","-3.615361749763651","-3.583021855869547"
"IMF.FAD:FM(5.0.0)","RUS.GNLB_S13_POGDP_PT.A","OBS_VALUE","Russian Federation","Net lending (+) / net borrowing (-), General government, Percent of GDP","Annual","Units","","","","","","","","","","","","","","","","","","","","","","","","","","","","","","","","","","","","","","","","","","","-7.423507760122941","-3.586600528226796","3.107075866961355","2.991244534394221","0.6725936230895508","1.350124439021405","4.574750690091406","7.59695964521044","7.803539031960198","5.585366968682453","4.549490199974585","-5.888910069339079","-3.19387629644846","1.431818841050024","0.3823405064251517","-1.162177860638346","-1.069955790530917","-3.386425437013283","-3.670032607424558","-1.468925890462233","2.92332462706548","1.929614825897775","-3.988749570858145","0.7762426021526108","-1.342419235811499","-2.243821470499426","-1.594199015643598","-3.904621340081308","-2.049366552592272","-2.424394529128653","-3.132599915341022","-2.394860412616728","-2.499651362438721","-2.755569363916633"
"IMF.FAD:FM(5.0.0)","KGZ.G2M_S13_POGDP_PT.A","OBS_VALUE","Kyrgyz Republic","Expenditure, General government, Percent of GDP","Annual","Units","","","","","","","","","","","","","","","","","","","","","","","","","","","","","","","","","","","","","","","","37.87557320751732","28.61258357549909","31.15786467914824","35.94108216107368","35.88700948551154","30.21516082983082","28.08823539127245","29.34976899145025","28.07740699278713","28.45703211543618","29.0661249971643","29.1295644832219","29.5954259659738","27.88414886137195","32.54145343248706","37.10699675885434","37.36743036172847","40.58386379806539","38.14707040525642","38.50805685059796","38.08371241389962","38.9230449999895","37.02014381616341","33.05969425517365","30.8404559135303","32.0735234129306","32.07791932708475","35.01939075458298","32.89612813109302","32.52987457942331","38.40258674243532","37.79572440943322","36.45251809896443","36.01760769301006","35.30854674752187","35.11389205276168","35.11896862870273"
"IMF.FAD:FM(5.0.0)","MDA.G2M_S13_POGDP_PT.A","OBS_VALUE","Moldova, Republic of","Expenditure, General government, Percent of GDP","Annual","Units","","","","","","","","","","","","","","","","","","","","","","","","","","","","","","","","","","","","","","","","42.02499646975214","43.29558392738653","45.95056058809181","39.09401253854233","33.01856243132968","34.02518425286109","29.50770203192594","30.73946643927267","33.50384689219179","34.80793463316131","37.1194986363094","40.29684969066818","42.71192819422039","41.49818635254427","45.29999874399723","34.09628665934985","32.56219887512778","33.66755602518814","32.44237318713609","33.77566067927272","31.68995163936155","30.45963925168954","30.97831860864993","31.52865320124849","31.98540820866999","36.68630074434516","34.58116081779363","36.56771041442338","38.83031857411826","37.9526298400698","39.40341136344557","40.15886491209489","40.20808544394559","39.70627270369092","39.44450060630951","39.03290775473848","38.71453616815118"
"IMF.FAD:FM(5.0.0)","MNG.G2M_S13_POGDP_PT.A","OBS_VALUE","Mongolia","Expenditure, General government, Percent of GDP","Annual","Units","","","","","","","","","","","","","","","","","","","","","","","","","","45.0074504921782","45.41621908115857","45.92604639744975","47.00277708819339","47.83437678723579","52.00419220537245","52.80494217858973","52.36387633787394","52.6506877583391","51.70042453756646","46.03274382685095","29.12510639392836","38.29453241909626","32.17690574123572","26.59658719787322","28.62221787865193","30.8328770067749","36.18826408499403","33.2020832638182","34.52846054894355","35.18486904851797","35.50095352802791","33.66475090485766","31.8198236669565","25.11371721918857","26.19265467794025","35.30009242103094","37.62868202577964","35.45377452474914","31.57543375927785","37.93175682074742","36.05973918665545","32.1508676855446","32.14356650476955","31.17729640770383","39.67739301223827","32.17695063221188","28.40555393308347","30.81907948647834","37.12431400138825","35.89167226494725","33.72172343674493","31.88729309885763","37.50624491460743","34.59664182814991","33.52702026016388","33.44985448706505","32.69963361550959","32.46160999895964","32.52130635183925","32.44118709383725"
"IMF.FAD:FM(5.0.0)","CZE.G1_S13_POGDP_PT.A","OBS_VALUE","Czech Republic","Revenue, General government, Percent of GDP","Annual","Units","","","","","","","","","","","","","","","","","","","","","","","","","","","","","","","","","","","","","","","","40.54849772112434","38.45055515833259","38.19835625393773","37.49232324089255","37.80441278627427","37.0462141100971","37.34460216069462","38.09062491449329","42.07554222314933","39.80157893526637","39.2713622926976","39.2820682489522","39.7914085072741","38.92334585903778","39.00010264845691","39.05221287037386","40.12748589560612","40.45060370737469","41.08362870714421","40.21486110866834","41.03127103346588","40.05932236636981","39.92768196126768","40.99687843159313","40.65524296770738","40.60293209807701","40.07329073497623","39.9201716002787","39.95452797808779","40.82931856138835","41.44888420820394","41.06680730778135","40.60612026848809","40.93009525294648","40.96448804752787","40.9362719534574","40.97110018060872"
"IMF.FAD:FM(5.0.0)","TKM.GNLB_S13_POGDP_PT.A","OBS_VALUE","Turkmenistan","Net lending (+) / net borrowing (-), General government, Percent of GDP","Annual","Units","","","","","","","","","","","","","","","","","","","","","","","","","","","","","","","","","","","","","","","","","","-0.2038374338586401","1.150236095786687","2.48214434696852","-0.553947361245823","0.773906562700212","0.1852665752929126","3.987310096974796","1.47482134269711","0.8646313017597188","5.636327784794867","4.19261980378299","10.73348162880914","7.534570350017696","2.126094397998815","3.837146141505501","7.530162894704754","1.530241529633973","0.8872034591719067","-0.6975061598613553","-2.381034054303483","-2.838440612948888","-0.2152563555297612","-0.4015627977892129","-0.1578332034294622","0.5659178841600739","3.376955300926043","0.1098941086568902","-0.08341565029619899","0.06307282023991519","0.3396900108557881","-0.06838338790280559","-0.2462200092938541","-0.3971444794317235","-0.5478889789243626","-0.7015972383259868"
"IMF.FAD:FM(5.0.0)","VUT.GNLB_S13_POGDP_PT.A","OBS_VALUE","Vanuatu","Net lending (+) / net borrowing (-), General government, Percent of GDP","Annual","Units","","","","","","","","","","","","","","","","","","","","","","","","","","","","","","","","","","","","-2.537866137298019","-2.100430055708668","-3.316749508340541","-1.349843641321173","-2.338125627765802","-1.606565971141919","-0.4586048875479188","-6.008480792221952","-0.499116576443141","-5.67329413344746","-3.006825099544325","-3.285091921787391","-1.218747437987962","0.7231463787160245","1.678558900398425","0.4392299109318111","0.2493391184561439","-0.03896149460766145","-0.7644311687314526","-2.375890754810475","-1.981729492206431","-1.536656635360422","-0.2157480122024429","1.263109257827147","-8.133081451114401","-0.6375435012619961","-1.057697630569462","5.531393971304462","2.480089331165739","-1.740544178280574","2.068208015235295","-5.956842681678608","-0.778693133622405","-2.45747425179898","-3.882618124465464","-4.199526574683766","-3.965997478133356","-3.879914926320736","-3.818276118752561","-3.70525309951622","-3.761631556166862"
"IMF.FAD:FM(5.0.0)","TKM.G1_S13_POGDP_PT.A","OBS_VALUE","Turkmenistan","Revenue, General government, Percent of GDP","Annual","Units","","","","","","","","","","","","","","","","","","","","","","","","","","","","","","","","","","","","","","","","","","26.67275615562268","27.23605710010158","23.29759197148178","25.30939468232027","23.40978055257105","19.55428211849724","24.75629647016252","21.7418017924574","21.97269080893077","21.6796901962266","18.6183329755445","22.39409386837625","21.92148985898702","16.73622539661642","19.2228692697346","22.19296865254116","18.40582564249461","17.89832640030957","16.61565523026177","11.73663428887309","14.92942318891021","13.5200056635342","13.23810431357601","13.38847962185402","13.94167580989779","16.364488760958","13.81704632291401","14.43926986817985","14.20934735061485","13.82302488340169","13.42762885266884","13.20772099501881","13.01168192910093","12.8204917120944","12.63033959515831"
"IMF.FAD:FM(5.0.0)","TZA.G1_S13_POGDP_PT.A","OBS_VALUE","Tanzania, United Republic of","Revenue, General government, Percent of GDP","Annual","Units","","","","","","","","","","","","","","","","","","","","","","","","","","","","","","","","","","","","14.76795416861027","12.62108863957609","14.38654338818254","13.01672146032896","13.45842612770391","14.94730417410506","12.80201095137158","11.50389722657909","11.6215905888604","11.59377126001909","11.96282033345353","12.88259888788989","13.58872292428046","14.58917475311592","15.03758062769855","14.2342734583771","16.38634627016726","16.16649576355467","15.11524320733596","15.06086395775125","15.51841211031149","15.57996892165826","15.03254676067252","14.37713517585457","13.98221484778126","14.82742135596173","15.20788370080546","15.26802820435243","15.2252263748399","14.88371658267757","14.8564050404368","15.20377815654267","15.34179150766546","16.07763633216778","16.89351139659576","17.35238477577523","17.56038058435126","17.7362035050262","17.79273504603349","17.84230182490386","17.74432672107054"
"IMF.FAD:FM(5.0.0)","CHN.G2M_S13_POGDP_PT.A","OBS_VALUE","China, People's Republic of","Expenditure, General government, Percent of GDP","Annual","Units","","","","","","","","","","","","","","","","","","","","","","","","","","","24.23066480803502","24.64729593862847","23.40709060685464","22.45637182038411","22.30312225758802","20.3989936532408","18.15372159822335","18.56244532929592","18.1718528538431","16.53328720952414","14.64927528342542","13.43226736988341","12.36758499080694","11.07631674631207","10.98901174968885","11.50798705320922","12.59558217144777","14.850379084996","16.07083819188594","17.2111469013985","18.20611406661173","17.96784483179953","17.60469387032454","17.98811227378608","18.05608399327645","17.86681605913205","22.15715804188019","25.22235030248321","24.66449515873464","26.64728300261589","27.69383081719605","28.10351825118581","28.41176662970586","31.01161275644497","31.69204328645589","32.01402689157258","32.64222059717777","33.60932798950645","34.8383080819105","31.91085465834951","32.64148940313486","32.73366408614204","32.93808873799566","32.87862789869882","32.81841049160659","33.21986838794552","33.22427704646951","33.13488984953459","33.16410342773954","33.20162434656919"
"IMF.FAD:FM(5.0.0)","BGR.GNLB_S13_POGDP_PT.A","OBS_VALUE","Bulgaria","Net lending (+) / net borrowing (-), General government, Percent of GDP","Annual","Units","","","","","","","","","","","","","","","","","","","","","","","","","","","","","","","","","","","","","","","","","","","1.083645615361078","0.1506692564943291","-0.6047527101318669","-0.5800884926474324","-0.6143203247859499","0.002552001455211981","1.593250939267119","2.187148484957964","3.221086402703196","3.086316091012654","2.73150566865858","-0.8555062034764383","-3.769372478926099","-1.833791373071842","-0.4341666549236468","-1.751551427870077","-3.651850587874716","-2.774584737763101","1.539685395790135","0.8234429060091961","0.1233907171523116","-0.9628890831275439","-2.919191021400439","-2.802418380814332","-0.8002698440213467","-3.039572588175886","-3.007922489574077","-3.009226365989825","-3.272786578453054","-3.552096025671744","-3.342689536814122","-3.371829863069502","-3.362866519737263","-3.335030803592986"
"IMF.FAD:FM(5.0.0)","TUV.G2M_S13_POGDP_PT.A","OBS_VALUE","Tuvalu","Expenditure, General government, Percent of GDP","Annual","Units","","","","","","","","","","","","","","","","","","","","","","","","","","","","","","","","","","","","","","","","","","","","","","","","","74.10556468197015","82.11620625754932","98.51859673585642","88.56717601670114","85.83774943480419","99.97491109497911","93.92763783314669","77.21034733100695","76.84503309595089","80.20227947941727","96.78968906705123","116.9434344432579","119.6014589094357","106.4473475883842","125.6068207628842","113.5898031623996","119.5337062214359","113.8125012615559","115.3194686272384","145.8730062250093","117.4543027745723","105.2642159749591","114.1899407546247","115.3428018894954","115.4702948210353","115.6002190347244","115.731958911696","115.8654123010654"
"IMF.FAD:FM(5.0.0)","TZA.G2M_S13_POGDP_PT.A","OBS_VALUE","Tanzania, United Republic of","Expenditure, General government, Percent of GDP","Annual","Units","","","","","","","","","","","","","","","","","","","","","","","","","","","","","","","","","","","","14.16344298734523","17.5798736834223","16.4097828261951","16.75379301189928","15.57589672017434","13.37637024012611","12.82848262368572","11.37124726166042","12.76056733327109","12.32426049529772","12.37690891736515","13.60928609690396","15.36367592150519","17.02299163946968","18.31367433595952","17.61802351516655","17.829826700129","18.08369033381718","19.57877146715865","19.80470192880768","19.02977687277744","19.57691212220591","18.79176170547261","17.28856235123963","17.15079338949186","16.91065935533233","16.35038158197729","17.2778166217407","17.28415986196118","17.44116419601131","18.40208647408945","19.12025876376299","19.00882949005759","19.10276649628636","19.93310149349216","20.56234682971186","20.77367072854777","20.92740118366388","21.00696155858019","21.04433271166387","20.90048557853016"
"IMF.FAD:FM(5.0.0)","WSM.G1_S13_POGDP_PT.A","OBS_VALUE","Samoa","Revenue, General government, Percent of GDP","Annual","Units","","","","","","","","","","","","","","","","","","","","","","","","","","","","","","","","","","","","","33.50882677744802","36.2833551983209","44.57395019200398","36.38536383326312","40.0704976974276","32.96880987486856","29.76409569539284","34.07841305568937","29.76581906569674","28.03516332121316","28.97304404314981","28.02908996895769","26.57788329034486","30.81106809426266","27.24029609595577","31.61846962111296","27.33194810029522","28.47746495525391","23.90312496627204","28.40312643274902","26.17892995625923","26.92164764106508","29.97326102929513","26.74657250785494","27.00121892730899","28.89538456731256","30.03115041580083","33.25735523886664","35.91137287996085","35.80322575000235","36.10119192614824","31.50389575504093","35.63066561458242","31.07730879997278","30.47843018910335","30.20799418842754","29.70799418842758","29.66374747963625","29.62374747963625","29.62374747963618"
"IMF.FAD:FM(5.0.0)","SLB.GNLB_S13_POGDP_PT.A","OBS_VALUE","Solomon Islands","Net lending (+) / net borrowing (-), General government, Percent of GDP","Annual","Units","","","","","","","","","","","","","","","","","","","","","","","","","2.888414640979196","-0.8953414361800276","0.5536105531217779","-0.7062940429052573","-5.797296079616899","-7.491182543843492","-9.210061907685792","-21.78468990378939","-14.14342626323805","-12.93494358460287","0.4901724710148269","0.115858391200991","3.484697515910744","2.069991575766736","3.653857581696121","2.693541281735369","3.149855262650601","1.803158647655053","4.253708337755364","-0.2718878932954841","-2.472334598354995","-2.02242252337541","-3.671285066665804","8.913758286582703","14.46828624172375","11.54799988093474","11.30867676246286","13.65790414459907","1.745407790809133","2.14778037209371","5.672449065882092","6.142832854304312","4.63335287912612","3.571131008259389","2.126970828374863","0.8084289690233529","-3.558227106753651","-2.271472092200557","1.487492647569304","-1.524093662407812","-2.437892872537794","-1.816292635971266","-2.701761827098002","-4.126933772312708","-2.092417966038975","-3.23586542845985","-3.389323610617454","-3.200575840601597","-3.210676889208748","-3.011275031874489","-2.875126534381741","-2.948230349256491"
"IMF.FAD:FM(5.0.0)","NRU.G2M_S13_POGDP_PT.A","OBS_VALUE","Nauru, Republic of","Expenditure, General government, Percent of GDP","Annual","Units","","","","","","","","","","","","","","","","","","","","","","","","","","","","","","","","","","","","","","","","","","","","","","","","","","","","","","67.97771540460285","73.77153434626336","44.69739427150601","45.97396364037516","66.01911518228714","61.32771578633117","85.35847104375983","96.00835360336667","102.2833094065128","90.77700472753052","105.9695817207703","109.3913443015059","109.4626948481694","113.7921635679505","111.0155036180862","118.3712355196125","128.7203049489604","131.6068286290569","130.9185990866568","127.4532105088423","126.9510822008376","126.2000625045076","126.0398615153905"
"IMF.FAD:FM(5.0.0)","SLB.G2M_S13_POGDP_PT.A","OBS_VALUE","Solomon Islands","Expenditure, General government, Percent of GDP","Annual","Units","","","","","","","","","","","","","","","","","","","","","","","","","17.63760451250748","19.51894815837316","17.91980573660185","17.04850833454663","23.31550184024528","25.63908015221807","27.95712118300337","41.96457735615001","35.72195252154091","37.24498275857692","25.35246570995745","33.24309609567702","29.64453440371543","28.05331580636876","25.48277453425059","20.83307163998798","20.39884153389963","16.29255617730202","13.09294950024984","15.76789903151376","15.75859743711245","15.30964373006782","14.05416449990153","12.5689779838232","12.4525643224999","14.67004698757991","17.38160240941193","21.14417129104665","24.27493277326639","22.68251162506051","22.5742439369593","26.68185042265472","29.36322098457968","41.78432548257916","39.84084471517013","41.45878361452966","39.60865691672079","40.38244112970667","34.81559844614794","35.60657937563881","40.38432272608226","36.90371197859561","43.53532677936434","44.18894914906402","39.59181550043485","40.610090879311","40.76801151433706","39.70097321690077","39.50582589648126","39.47054786457465","39.46583300485089","39.63565876070208"
"IMF.FAD:FM(5.0.0)","FJI.G2M_S13_POGDP_PT.A","OBS_VALUE","Fiji, Republic of","Expenditure, General government, Percent of GDP","Annual","Units","","","","","","","","","","","","","","","","","","","","","","","","","","","","","","","","","","","","","27.10504834978798","26.69573637086446","24.85581054685235","23.50809154147443","27.21324369611293","29.24003606033989","27.7165283563321","24.59866071341897","24.17333985219624","26.98923764684536","28.11955108457401","26.73665287321549","24.6943552122712","24.03459908647508","25.39604269570119","23.50708909184885","22.83452889558321","26.19502491098789","25.54791599955895","26.50392128660948","26.01671269129959","25.90904046563555","30.18908372793526","30.64387954419203","32.08174605137859","28.12973722701456","32.49370267181992","30.72036724640372","32.69449937325715","35.75748451862881","33.91161454567922","30.20140073957535","30.81133457578879","31.52455577140803","34.59591754576045","32.90271130929283","31.79924279634344","30.74978886599411","30.28294879881529","29.76941478376403"
"IMF.FAD:FM(5.0.0)","BFA.G2M_S13_POGDP_PT.A","OBS_VALUE","Burkina Faso","Expenditure, General government, Percent of GDP","Annual","Units","","","","","","","","","","","","","","","","","","","","","","","","","","","","","","11.46961721642444","16.30977283951597","19.23225719348323","16.20867133017367","14.18297461754297","18.42248137101724","16.96855283245636","16.74984479909929","17.86468498239552","17.82985446487033","19.43548402479974","19.75207986264351","20.02601935146736","19.74064339678918","21.39428493855067","19.82713696019315","19.65976602888849","19.46650920513013","17.59845391657326","20.25718414630485","20.2169723171235","21.87810797899204","22.83847892985792","18.59056787082851","21.51911554229409","21.65504806506697","20.43603138070527","22.66797568949956","25.26057384294472","20.92772387211666","20.35874226351909","21.63252188120083","26.26181454174883","24.19157303581843","23.34811051921474","24.42707762273242","27.80932710987761","32.85842303404859","29.42762439151486","27.82629719071336","26.08561629314485","24.68632930162455","24.23717776686184","24.49809205512047","24.64961010737765","24.79906643478447","24.91847458945596"
"IMF.FAD:FM(5.0.0)","FSM.GNLB_S13_POGDP_PT.A","OBS_VALUE","Micronesia, Federated States of","Net lending (+) / net borrowing (-), General government, Percent of GDP","Annual","Units","","","","","","","","","","","","","","","","","","","","","","","","","","","","","","","","","","","","","","","","-0.450697254244422","2.337446985397718","2.620992233696294","-3.269399103257353","-5.175490419559226","-3.484753920257147","-5.463055828643341","7.204700501437587","2.617586638921214","-15.5523514557886","-5.631441488666075","-5.444946325743148","-3.54832594229714","-1.553448645862416","1.804222133574514","0.3959070161901771","-0.6082213378260527","0.8444908904642601","2.806137248205032","11.00402984599805","10.39296322564829","7.140531766460441","14.32715023545671","24.38699560959178","19.33813978292226","6.200608348861835","4.236700557469784","16.75164070707962","-1.822621781565304","1.70144856540831","0.398598762677364","0.3913240630042144","-0.258107779769751","-0.6446432924984439","-0.8488047089642378","-0.9316647468068123","-1.19383265643008"
"IMF.FAD:FM(5.0.0)","SDN.GNLB_S13_POGDP_PT.A","OBS_VALUE","Sudan","Net lending (+) / net borrowing (-), General government, Percent of GDP","Annual","Units","","","","","","","","","","","","","","","","","","","","","","","","","","","","","","","","","","","-16.20748934187854","-26.47715974473682","-24.51715076395309","-8.042200486311297","-3.03234723583266","-3.48003440301894","-2.610483092357294","-0.5903068248305582","-0.5610089888607449","-0.7995620081869524","-0.6980711104944006","-0.7668807613390311","-0.6852902205554384","0.7684109243871553","0.156031095950915","-1.875672020697368","-1.323350301447208","-2.841968725085244","0.4914704570755445","-3.795780857763757","0.110568158187266","-2.326906372140046","-7.368441601787244","-5.760755101413748","-4.718451619949992","-3.869402970332738","-3.918356724942222","-6.069399218154519","-7.922167069335451","-10.77930972308733","-6.036225569870226","-0.2872995705283938","-2.149021821444203","-3.696439731813387","-3.457420646827239","-3.101127868804493","-4.370230916156023","-5.002155380403528","-4.104865073484649","-3.703722667031243","-3.111549989660143","-2.700355216913284"
"IMF.FAD:FM(5.0.0)","TGO.G2M_S13_POGDP_PT.A","OBS_VALUE","Togo","Expenditure, General government, Percent of GDP","Annual","Units","","","","","","","","","","","","","","","","","","","","","","","","","","","","","","","","","","16.89598245390555","16.84685728584878","14.5920126483745","12.64678589133144","14.7864142589033","13.19082145414722","12.69866089090641","12.38288158586917","10.5985843004862","12.76675753893543","11.90489454027197","11.901332779902","10.853294549417","8.421339162522129","8.883650459048581","10.56016361416","13.25045162252964","14.7304436332388","13.69379799801961","12.39098396613645","14.28908929491195","15.08878055469803","18.20599754668403","19.09750732469874","20.48533368648048","21.90137728037036","22.8908341463362","22.90296789902952","16.27167508449271","18.79582280828603","16.56452122676545","23.38673882706659","21.25729799576132","24.4184016509729","24.81509561048279","24.26378326899235","19.80784620569295","23.40687646500694","20.22301370439033","20.83369126401018","21.23178375187065","21.65993528477432","22.08269057472878"
"IMF.FAD:FM(5.0.0)","KIR.G1_S13_POGDP_PT.A","OBS_VALUE","Kiribati","Revenue, General government, Percent of GDP","Annual","Units","","","","","","","","","","","","","","","","","","","","","","","","","","","","","","","","","48.70752622635996","62.67910034631536","100.9298459821403","85.93325946765058","66.71557339750197","61.52597289124472","55.32549876736825","64.47943164302733","48.1516844928398","76.82704952354789","89.32444743886911","75.80493989651742","65.97368948508355","90.41849741061387","100.0118137142334","75.48257779201295","84.55709889319441","85.66527453422534","69.84666438892184","64.82609842895269","63.54586438300862","66.10214161079304","67.93923886206579","63.3002501238356","78.47517443446252","89.74008027581911","136.2037922344659","133.4659091455094","119.1107334801438","126.144528119011","114.0121420093449","119.0801904659812","105.7970694884466","73.20054818495652","68.9384382283155","96.2119099670534","71.98044188793854","73.72629455486906","99.53158783884098","78.96064322177564","80.65458305878593","78.54848469119527","77.72810806043061","76.57303195515519"
"IMF.FAD:FM(5.0.0)","TUV.GNLB_S13_POGDP_PT.A","OBS_VALUE","Tuvalu","Net lending (+) / net borrowing (-), General government, Percent of GDP","Annual","Units","","","","","","","","","","","","","","","","","","","","","","","","","","","","","","","","","","","","","","","","","","","","","","","","","-3.595221733049678","-12.77853525698357","-36.8151767483139","-18.59260570862231","-17.22521590196365","-13.50648223930996","-23.35038738920062","-8.802231390582328","9.580051293581459","26.04382338061224","3.260767051903837","14.71538355563316","27.4670499297066","2.094625552450065","30.28837581136034","-1.072035764454745","13.68978843782081","-13.28319494082275","-14.59571720918222","10.09497218225361","-3.44272644064033","31.61505707787846","-1.255805313152387","-4.539361439628642","-5.825456511224965","-6.928726130614528","-7.902602797314474","-8.776209952568812"
"IMF.FAD:FM(5.0.0)","VUT.G1_S13_POGDP_PT.A","OBS_VALUE","Vanuatu","Revenue, General government, Percent of GDP","Annual","Units","","","","","","","","","","","","","","","","","","","","","","","","","","","","","","","","","","","","27.48581854274548","26.67648341211853","20.3686853301017","20.66708671561162","22.93966221737153","20.50325973912123","19.62225393545683","19.20148333394106","21.07498507279447","17.32983088258169","17.18337192139947","16.90673559175697","15.81479859752052","17.4596497614719","18.21720022748853","18.61449130485731","20.54475723333944","25.0957329336837","24.15182334725122","23.23802528158062","20.73475499084945","20.57079019289127","19.90492875782561","21.77678824404762","29.9858329278318","30.52701523728367","31.67095473839666","34.93773858101882","37.61006289308176","37.03172385593076","40.63705918711682","32.55772472755735","38.16660660533345","30.66250299021795","31.57581233377354","28.12381590058839","27.51820996347474","27.25692879139875","27.09295361685162","26.91066698195338","26.91574331323894"
"IMF.FAD:FM(5.0.0)","SLB.G1_S13_POGDP_PT.A","OBS_VALUE","Solomon Islands","Revenue, General government, Percent of GDP","Annual","Units","","","","","","","","","","","","","","","","","","","","","","","","","20.52601915348667","18.62360672219314","18.47341628972363","16.34221429164138","17.51820576062838","18.14789760837458","18.74705927531758","20.17988745236063","21.57852625830286","24.31003917397405","25.84263818097227","33.35895448687801","33.12923191962618","30.1233073821355","29.13663211594671","23.52661292172335","23.54869679655023","18.09571482495707","17.3466578380052","15.49601113821828","13.28626283875745","13.28722120669241","10.38287943323573","21.4827362704059","26.92085056422365","26.21804686851465","28.69027917187479","34.80207543564573","26.02034056407552","24.83029199715422","28.24669300284139","32.82468327695903","33.9965738637058","45.35545649083855","41.96781554354499","42.26721258355301","36.05042980996713","38.11096903750611","36.30309109371725","34.08248571323099","37.94642985354446","35.08741934262434","40.83356495226634","40.06201537675132","37.49939753439588","37.37422545085115","37.3786879037196","36.50039737629918","36.29514900727251","36.45927283270016","36.59070647046914","36.68742841144559"
"IMF.FAD:FM(5.0.0)","NRU.G1_S13_POGDP_PT.A","OBS_VALUE","Nauru, Republic of","Revenue, General government, Percent of GDP","Annual","Units","","","","","","","","","","","","","","","","","","","","","","","","","","","","","","","","","","","","","","","","","","","","","","","","","","","","","","68.34519682520262","73.86424989171938","47.43049585527858","54.08954701219438","67.73006321959634","90.88958634642657","96.09943952019707","114.8978763473058","118.4529384033434","120.3360436805295","136.9575633365554","152.2006430770642","161.8472745734032","134.2761381691347","129.245311536462","147.2299203243839","132.2347692069351","144.7259289955403","141.2403867720761","140.8187221682886","140.8199444717647","141.2006784293598","141.5545725377332"
"IMF.FAD:FM(5.0.0)","MAR.G2M_S13_POGDP_PT.A","OBS_VALUE","Morocco","Expenditure, General government, Percent of GDP","Annual","Units","","","","","","","","","","","","","","","","","","","","","","","","","","","","","","","","","","","22.5872476365595","20.79830772568588","22.28140409903431","23.10978921099305","21.73935358696909","21.27138350308548","17.58886222455842","18.59831427268943","18.74904438077485","18.43217864144485","22.75427515129162","23.70191431175934","25.81394388620023","24.09980869900494","24.47811196449011","28.63638147037793","25.97931859876931","26.4302056249051","28.2549516659399","28.10592164433383","28.70935664845194","31.23066057613651","32.54089923843817","30.43097482464517","30.67668010712424","28.49203102811471","28.61065229462216","27.88149482763873","27.76470273259613","27.03777828081133","34.12097604288151","30.08330174335305","31.8365389134476","30.24722314316549","30.85347568882496","31.27668110817733","31.66159489719095","30.95141153566525","30.54836044408858","30.40709289090858","30.35677830938874","30.22154875915039"
"IMF.FAD:FM(5.0.0)","TUN.G2M_S13_POGDP_PT.A","OBS_VALUE","Tunisia","Expenditure, General government, Percent of GDP","Annual","Units","","","","","","","","","","","","","","","","","","","","","","","","","","","","","","","","","","","","27.62801910994389","25.70168829128004","26.66795237152241","25.9431682842242","26.57724337560707","26.67730431434656","24.53043003984861","24.17643230068247","24.00948903902126","24.04386690263616","23.9878719231861","24.12473801345442","23.47320869201854","23.0205268510039","23.03884383160419","22.85247154296813","23.3189743170108","23.67047803789616","24.63757617783242","23.9987326589409","27.88719749350739","28.34922987969819","30.79767648992829","27.68665267916169","27.44444601758487","27.21323636053686","28.72472413896182","28.68466024571985","29.53193399326029","34.53263185461801","33.42093756402142","36.5804143463598","35.94607497531045","35.78351872519337","34.03245768886212","36.07406148070307","35.22689509636316","34.67926324233162","34.70976763193535","35.01660002009747","34.96065355957889"
"IMF.FAD:FM(5.0.0)","TON.GNLB_S13_POGDP_PT.A","OBS_VALUE","Tonga","Net lending (+) / net borrowing (-), General government, Percent of GDP","Annual","Units","","","","","","","","","","","","","","","","","","","","","","","","","","","","","","","","","","","","","","","","","","","","1.54813863928113","1.348676293622142","2.232545736871824","2.588931745745594","2.370098447643658","4.232688513661125","4.230460742650165","1.341528361054521","5.390819686751326","2.138953437686306","6.850237425071999","-1.216934642619762","-6.023470326046823","-1.737399701836083","-1.300861746239639","6.380321313971893","-2.748206954320001","1.46772319224462","3.578639916977026","2.898328683965103","3.201139918784544","5.145808812941097","-0.8667786765323482","-0.09367075559947884","5.284227671291496","3.60192727464135","4.855909919857254","-8.357009571757652","-8.013013565467485","-9.268962105697007","-10.34926590249184","-11.70974403171292","-11.63611942953861"
"IMF.FAD:FM(5.0.0)","UGA.GNLB_S13_POGDP_PT.A","OBS_VALUE","Uganda","Net lending (+) / net borrowing (-), General government, Percent of GDP","Annual","Units","","","","","","","","","","","","","","","","","","","","","","","","","","","","","","","","","","","","","","","","","","-0.8291494699319031","-0.7045804481947442","-1.237206579637891","-0.6236786852460944","-0.9938177306442974","-2.068174875734019","-0.9691204202559974","0.3425054221736258","-0.1699689396758531","-0.6370134414694133","-0.8150825866191187","-1.994766340840225","-1.60983615365588","-4.64466213577255","-2.042710280954439","-2.385337725625361","-3.19048282182662","-2.740455130970626","-2.593776563257248","-2.64051316955695","-3.825702041025895","-3.022980264057618","-4.816091151917424","-7.760482473901385","-7.76218325399733","-5.444978014273789","-4.868900689937236","-3.929028522287917","-7.133023306413362","-5.924523984518317","-4.918778734068446","-4.56207267909063","-5.151029519264155","-4.554157210248191","-4.639744999995035"
"IMF.FAD:FM(5.0.0)","MHL.G2M_S13_POGDP_PT.A","OBS_VALUE","Marshall Islands, Republic of the","Expenditure, General government, Percent of GDP","Annual","Units","","","","","","","","","","","","","","","","","","","","","","","","","","","","","","","","","","","","","","","","","","54.96193540703895","50.51303328375129","48.71486421932161","56.51962456740939","58.8181800798476","55.18281333931203","52.90636191592296","54.52876717411968","85.33583241674296","61.17998357009438","67.24922721822494","64.28090312002733","63.05722715911959","59.2215677645545","55.91494812722791","53.21245983142148","55.00487453122391","49.2029138574131","56.29455731229559","56.75226594039877","63.70433478876128","60.45052197293531","65.51132969361618","67.80419807788733","69.16519581112965","65.78914977520243","67.53037033964547","70.90695871981628","65.28602406668163","82.50139166263755","79.20775185003005","78.29927758821511","78.73975474331837","78.53200175765617","77.57446006230653"
"IMF.FAD:FM(5.0.0)","TON.G1_S13_POGDP_PT.A","OBS_VALUE","Tonga","Revenue, General government, Percent of GDP","Annual","Units","","","","","","","","","","","","","","","","","","","","","","","","","","","","","","","","","","","","","","","","","","","","20.32252888318357","21.39109506618532","21.31159712027103","23.90607625878075","22.35587384667618","23.53284966829316","24.05259418354506","26.9264972383439","28.59503898861014","26.13159076385554","30.7489907167699","27.15089903279496","26.58178803987953","30.30573184728349","32.97615703398411","37.83622439190245","34.63378083083905","38.64049973078611","43.26237356207982","42.22847294610085","42.20099037769361","42.29389571651532","43.66073302005631","41.22857404447904","46.74622234041038","47.93424272320963","51.63011946734146","37.92194737793617","36.99410520272512","35.58945671453009","34.23273337233576","32.54315290174425","32.19667792313931"
"IMF.FAD:FM(5.0.0)","FSM.G2M_S13_POGDP_PT.A","OBS_VALUE","Micronesia, Federated States of","Expenditure, General government, Percent of GDP","Annual","Units","","","","","","","","","","","","","","","","","","","","","","","","","","","","","","","","","","","","","","","","77.23804752967681","71.43642311539753","64.31894663444728","72.36381673391646","72.9583570696397","67.40466700154161","64.18702926482335","59.5525809697007","67.5287616985259","71.91135508717074","60.21263944138921","61.1712667201731","60.14126877095315","59.8015431905215","64.42290557871069","68.51528173770214","65.93142156457073","65.86798386168134","60.29086835251374","54.98748465833641","56.52008961149979","62.88266944824653","65.16385866972296","56.83225711392094","57.46919474790579","60.80573235951778","66.73715954599115","59.3648963485125","63.17177177680857","59.78064950536719","60.22876211479304","61.97800491492277","66.90217851868163","69.91966746576327","70.0149189939152","65.7275560943837","63.40882025605149"
"IMF.FAD:FM(5.0.0)","RWA.GNLB_S13_POGDP_PT.A","OBS_VALUE","Rwanda","Net lending (+) / net borrowing (-), General government, Percent of GDP","Annual","Units","","","","","","","","","","","","","","","","","","","","","","","","","","","","","","","","","","","","","-7.311079222965674","-6.697221174190321","-9.682239245631691","-2.070083053765423","-5.077975708942301","-2.252787546045481","-2.62787633568618","-4.476682038300113","-0.2215563207955835","-1.827252950682315","-2.060971520955105","-1.250424459531032","2.307206293243441","1.139822422324422","-0.02941429141749723","-1.575527946444652","0.8353980864164702","0.2623171114599686","-0.6461150467554548","-0.8706129277820764","-2.41153748909651","-1.286877398163392","-3.968551965915645","-2.711139823090775","-2.295585547440307","-2.540757648685999","-2.569446541035379","-4.99536017983543","-9.257503627613666","-6.885119926875865","-5.555416914376236","-4.878409045645144","-6.194298353445727","-4.494988220673934","-4.335674025234333","-3.004831092433315","-2.796949575627876","-3.073958799924113","-1.979401509996714","-3.642188244105699"
"IMF.FAD:FM(5.0.0)","PNG.G2M_S13_POGDP_PT.A","OBS_VALUE","Papua New Guinea","Expenditure, General government, Percent of GDP","Annual","Units","","","","","","","","","","","","","","","","","","","","","","","","","","","","22.97122804776971","24.15260837067798","24.71922288050227","25.50717511252307","23.58776791243951","19.14298473705683","22.34677273560645","24.53262240136523","22.3875510508097","22.79239014754984","23.54841855784871","19.29151552370915","17.09473983087393","17.56697845524679","20.5629616017494","20.02917970863803","21.44538143210442","20.45697155286427","21.56468412551548","20.81710907447656","18.66877660414048","19.43712733034924","20.6117541150268","19.44508674285578","18.02130281688648","19.75389375375543","24.65110216255457","18.39370175042666","19.68802221022431","22.4170602398112","27.60975543458096","27.05042935199267","22.84585678575701","20.8683265354028","18.36665425953962","20.31895586929712","21.29247985314862","23.50808673164763","21.97057469276112","21.89499949004044","22.25166124467631","20.86049784117927","19.69447615969149","19.29905688675718","18.67543487969586","18.54055531890876","18.61443834422919","18.53112270328673","18.41505076460616"
"IMF.FAD:FM(5.0.0)","SWZ.GNLB_S13_POGDP_PT.A","OBS_VALUE","Eswatini, Kingdom of","Net lending (+) / net borrowing (-), General government, Percent of GDP","Annual","Units","","","","","","","","","","","","","","","","","","","","","","","","","5.111927329976295","-3.404232400288181","0.08017624576913902","-0.4415698452460552","0.953289885275725","-1.130999524423912","-2.281781311949261","2.000047890248645","3.455014839257222","5.820462638045131","5.466925368345816","3.281623565878373","-2.75909040107479","-3.154132356883175","-3.428025300562901","0.8697803328856471","-0.9651733344721823","2.055194794509484","1.049389158255463","-1.232933287461191","-1.193124387220121","-2.23724008824776","-3.69057145295914","-2.107551501949626","-3.971496238104017","-1.661872282344449","8.670720334010959","2.368734765416666","1.582328002451029","-3.002563763319864","-9.338350658933152","-3.876546833514252","3.393960684228813","0.5744892647015577","-1.164222713371256","-5.885031046071797","-8.361769552731569","-5.636102933618334","-6.585182698804064","-6.228528038549947","-4.207580817351552","-4.551571697708594","-5.266002297866353","-0.6576528853580704","-1.064591834887941","-6.136333082908915","-6.876212847134777","-5.066641263140426","-4.117851963946944","-3.520270284763248","-3.110533133575482","-2.659026813312542"
"IMF.FAD:FM(5.0.0)","UGA.G2M_S13_POGDP_PT.A","OBS_VALUE","Uganda","Expenditure, General government, Percent of GDP","Annual","Units","","","","","","","","","","","","","","","","","","","","","","","","","","","","","","","","","","","","","","","","","","13.86223440646881","13.95105092399085","14.71203300952442","15.22900173864794","16.20620732338001","16.76123430701042","16.45896429420733","15.59292650620078","14.4711931276046","13.69478997641412","13.23202147576082","12.94576773487099","11.75643738851436","15.42400023512099","13.17430948471811","13.11762114970112","13.30263148206057","13.56504511532783","14.89097850982","15.18626441002399","16.28549467570129","16.18449862020593","18.26951913327999","21.44527361644738","21.96523653145586","19.48090901933496","19.25841510273731","18.41553993471212","22.19739206250128","21.2548423545551","21.15198611292754","21.29366823026092","22.0816993505199","21.83870836269057","21.95906906055486"
"IMF.FAD:FM(5.0.0)","WSM.GNLB_S13_POGDP_PT.A","OBS_VALUE","Samoa","Net lending (+) / net borrowing (-), General government, Percent of GDP","Annual","Units","","","","","","","","","","","","","","","","","","","","","","","","","","","","","","","","","","","","","-9.886471177275868","-13.16893173503513","-9.505107223884045","-5.824336068985948","1.213302525639797","1.92116301925583","1.636844335456844","0.2737066487862546","-0.615865673807637","-1.95743303632029","-1.76953456398137","-0.5118258022514791","-0.7430141044952665","0.2309936695109089","-0.4439807949821481","0.5457985697558685","-0.3557016969249921","-2.982327153935177","-5.486400401074408","-5.24994452481249","-7.430189914893392","-3.816505606156878","-5.376180660550421","-3.78703313193625","-0.346326636350645","-1.976751079394606","0.05689527323543136","1.507025561099033","5.407900346119467","1.712505062362724","5.02760820701545","2.701248440085539","9.288480945372707","4.680714468422519","0.5592574964270161","-0.4039491952560114","-1.285597204814325","-1.456253398174336","-1.5370955365981","-1.54420424297173"
"IMF.FAD:FM(5.0.0)","TUN.GNLB_S13_POGDP_PT.A","OBS_VALUE","Tunisia","Net lending (+) / net borrowing (-), General government, Percent of GDP","Annual","Units","","","","","","","","","","","","","","","","","","","","","","","","","","","","","","","","","","","","-5.253202784401292","-3.451425729423393","-3.220934886299716","-2.871017950499228","-4.527071150611025","-5.178711222204926","-3.7036893919471","-2.837586872275254","-3.052411347333214","-3.215021814934453","-2.874496551643578","-2.547300189488906","-2.644189109333417","-2.100083357045135","-2.588801834474612","-2.334445362474933","-2.466123338649114","-0.6193932618401067","-2.586913003847585","-0.4566089740875939","-3.193155753118091","-4.898624998489537","-7.047616830924798","-3.11474617508406","-4.94855646823533","-5.868946777228076","-5.607335272900393","-4.26532697684855","-3.602974917471517","-9.057182586465441","-7.814465553038017","-6.997130381257604","-7.26936181248147","-6.357633635806553","-5.240575576703494","-7.404436404688261","-6.524527975771571","-5.98513653707576","-6.07544080857108","-6.454176650691831","-6.800800064977582"
"IMF.FAD:FM(5.0.0)","GEO.G1_S13_POGDP_PT.A","OBS_VALUE","Georgia","Revenue, General government, Percent of GDP","Annual","Units","","","","","","","","","","","","","","","","","","","","","","","","","","","","","","","","","","","","","","","11.31815095008488","10.76372617370545","12.49343444456171","14.78008447657203","14.78042122829984","14.97627077442908","14.99655055854232","16.11471298441986","15.79847887911916","15.53538190697939","22.44427436231817","23.75258219361535","25.94075664033293","28.45977085765964","29.85186507228271","28.47054505535155","26.48603745663788","26.32400201154242","27.02385698015063","25.34916172253244","25.73594434970066","25.82902363128927","26.32579083907534","26.75802938124929","25.91985826490372","26.84648384309191","24.94914099783368","25.21667754802291","26.30874832634983","27.35447350000239","27.62264950579848","26.91872213443439","26.57054996001182","26.23894048961822","26.11448558740602","25.99737116805248","25.95000758790242","25.90655140625952"
"IMF.FAD:FM(5.0.0)","AZE.G2M_S13_POGDP_PT.A","OBS_VALUE","Azerbaijan, Republic of","Expenditure, General government, Percent of GDP","Annual","Units","","","","","","","","","","","","","","","","","","","","","","","","","","","","","","","","","","","","","","","14.66280489310241","18.91180054363108","19.83918858071056","18.52371075879007","18.7214975283362","19.50477068708301","18.239706564083","16.78481175629161","23.13878406689897","21.66205180744672","24.21585147238881","22.49795845142751","25.29908029690561","26.06772667052622","31.4390177364146","34.50635259975198","31.9580403893046","33.73461955385181","36.63643664416892","37.77934162575642","36.37419251842932","38.69913735764619","35.42502058004094","35.57145172895598","33.1829190371524","32.52003131900699","40.15656277582949","32.16767178773797","26.17667373376053","32.72681201087645","33.85929332096152","34.58867182053387","37.0014905910546","36.4250102791022","35.60739735691244","34.79801674915054","34.2658296122659","33.7255074175004"
"IMF.FAD:FM(5.0.0)","GEO.GNLB_S13_POGDP_PT.A","OBS_VALUE","Georgia","Net lending (+) / net borrowing (-), General government, Percent of GDP","Annual","Units","","","","","","","","","","","","","","","","","","","","","","","","","","","","","","","","","","","","","","","","-4.888191406146849","-5.910288559042542","-6.632475502567331","-3.962555978897756","-4.703229036621196","-1.920674602256704","-0.7072420678297116","-0.1863286231638271","-0.5476832724175138","3.591741747688165","2.144569128011115","3.283765302955491","0.8091718581862307","-1.921929578542108","-6.364511802562341","-4.47657060468378","-0.8077588064848296","-0.709675729217505","-1.248203605655307","-1.778733405566206","-1.163179038985518","-1.489762556767451","-0.4516063189228909","-0.802560442353807","-1.824872335463474","-9.157584530037817","-5.972157246557959","-2.19827078332451","-2.328575838372087","-2.267180328894343","-1.455466411993329","-2.326909828671243","-2.320738076982792","-2.319067287957074","-2.217532258402149","-2.213007513569825","-2.211960279294409"
"IMF.FAD:FM(5.0.0)","ROU.GNLB_S13_POGDP_PT.A","OBS_VALUE","Romania","Net lending (+) / net borrowing (-), General government, Percent of GDP","Annual","Units","","","","","","","","","","","","","","","","","","","","","","","","","","","","","","","","","","","1.027002962042008","3.229649259749292","-4.552457335586801","-0.3498219797364639","-2.199574370636165","-3.320022929575024","-4.738327067814976","-5.187122268724349","-5.329424961856857","-3.578793463748766","-3.988470826517099","-3.201223513817878","-2.594812817894353","-2.28623298296769","-3.393431561705239","-0.6904147954120084","-1.359979180925807","-3.04626993611095","-4.604771045181885","-6.857780349416371","-6.219779079861781","-4.135324637666352","-2.385104465332195","-2.442676219598692","-1.758976868432737","-1.347543186948932","-2.49650484358071","-2.856179500028534","-2.756612064038247","-4.581012874496578","-9.595737207422512","-6.736167035309997","-5.852999895589896","-5.657942192139126","-8.681143574805422","-7.644150157695541","-6.247269518267197","-5.762840305944693","-5.747512125883614","-5.630457754219728","-5.377167648681702","-5.242333239851426"
"IMF.FAD:FM(5.0.0)","MNE.G1_S13_POGDP_PT.A","OBS_VALUE","Montenegro","Revenue, General government, Percent of GDP","Annual","Units","","","","","","","","","","","","","","","","","","","","","","","","","","","","","","","","","","","","","","","","","","","","","","","36.06694050642862","39.23892435571059","37.50504806453977","36.81251860637376","46.9261299092777","52.32913220847001","48.85427832583646","44.8063568821663","41.83813793448737","38.86405549009986","40.01765416574626","41.74463425262404","43.64590012828014","40.86169793663089","41.52235834076465","40.72271421150567","41.5266771242849","42.70825622919857","44.02643056247129","43.72912129640267","38.10451701075856","40.7377328866973","40.66418029754609","40.27045862977766","40.6471699167155","40.70159689873253","40.80468475751568","40.80468475751575","40.80468475751572","40.80468475751573"
"IMF.FAD:FM(5.0.0)","LTU.G1_S13_POGDP_PT.A","OBS_VALUE","Lithuania, Republic of","Revenue, General government, Percent of GDP","Annual","Units","","","","","","","","","","","","","","","","","","","","","","","","","","","","","","","","","","","","","","","","32.14661060856535","30.7720550043893","34.29790696383779","34.6483271010356","34.6043606180195","35.51976729768562","32.97011418973575","32.58389441865219","31.56612837922133","32.5523410630608","33.76798539721575","34.14827221291736","34.4748189536018","35.06531302461799","35.72246622560738","36.08362984176574","34.18529733908898","33.4563711953023","33.03962863033063","33.21396302999179","34.43161909238527","34.50608791537205","33.72612278494186","34.30690925549949","35.05224145809006","35.93890851201433","36.19930332025222","35.8342179337325","36.5237373214168","38.13267645320172","39.00854296958651","39.90267751086663","39.67546427972142","38.99803153059144","39.0286726315886","38.90657705044485","38.98056826457931"
"IMF.FAD:FM(5.0.0)","ROU.G2M_S13_POGDP_PT.A","OBS_VALUE","Romania","Expenditure, General government, Percent of GDP","Annual","Units","","","","","","","","","","","","","","","","","","","","","","","","","","","","","","","","","","","38.35682972840039","38.28414553663868","41.5321835371133","33.45345615824438","33.10201306673089","34.39281359047606","33.45631737407578","33.51945761369728","34.72636811002988","35.11330324490625","35.0365449080102","33.16432626240082","32.08239112374936","31.81591165422035","33.65455969901299","32.30125715544658","33.85716527999262","34.56522816662129","35.2716051715406","36.31101582989213","37.42379057033958","35.04874809982375","33.47011860971738","34.22366760717441","33.75786293098706","34.16270910269559","31.81241469745952","31.01865163035277","31.92934647598151","33.44380573609854","38.29715616390982","37.24084687083743","37.49597866050632","36.96683181109231","39.95127329920651","40.45934277732595","39.70194228807625","37.66403979184919","37.61968594687802","37.55204020965276","37.47045456321538","36.97025596023382"
"IMF.FAD:FM(5.0.0)","KOS.G2M_S13_POGDP_PT.A","OBS_VALUE","Kosovo, Republic of","Expenditure, General government, Percent of GDP","Annual","Units","","","","","","","","","","","","","","","","","","","","","","","","","","","","","","","","","","","","","","","","","","","","","8.506140554442553","8.547849266973546","13.89646452331469","18.10291554249291","25.08794794749409","22.71364305181318","19.83927176182854","18.60017227982165","26.62172286635007","30.26894651617549","29.88556191400719","29.67942861320573","30.22644405311321","29.30270900676355","27.71422704437475","27.78458284576343","28.4805859407351","28.17388210369417","29.46277828912883","29.92170935515277","33.45254641769154","29.03531262426796","28.83299212074811","29.77409421245648","30.17655037997092","31.17612225935501","32.30081997126414","32.4222729024866","32.41933968439803","32.36352355929295","32.38927408999859","32.29799030002219"
"IMF.FAD:FM(5.0.0)","SVN.G1_S13_POGDP_PT.A","OBS_VALUE","Slovenia, Republic of","Revenue, General government, Percent of GDP","Annual","Units","","","","","","","","","","","","","","","","","","","","","","","","","","","","","","","","","","","","","","","","44.82276907452481","44.02647146923194","43.03896984430472","43.96350743906337","44.14323533184834","44.03824491909523","44.5805631973101","45.31681032630647","44.91395514712547","44.93324435011251","45.27292100547295","44.44710731917749","43.41010052437544","43.73801070425521","44.12801455751138","45.16752702429066","44.72501570057175","45.80977135605673","46.49804529803309","46.02947607919315","46.65726257926581","44.91017964071856","44.66434411326553","44.95495178433167","44.46324891395536","44.12061097120801","45.27313750663048","44.65785069337009","43.96518345042935","45.53279539588834","46.11","46.97499999999997","46.77499999999996","46.84499999999998","46.51499999999996","46.51500000000002","46.51500000000001"
"IMF.FAD:FM(5.0.0)","LVA.G2M_S13_POGDP_PT.A","OBS_VALUE","Latvia, Republic of","Expenditure, General government, Percent of GDP","Annual","Units","","","","","","","","","","","","","","","","","","","","","","","","","","","","","","","","","","","","","","","","","","","38.09397245199488","40.42752571278013","37.04314320769732","35.02089216106667","35.364869840689","34.43284176790972","34.7999538216929","35.81197573879528","35.54586212032697","34.76462587758019","38.18281510262457","43.58538011427852","43.5539432915258","41.23544196404035","38.55410103231102","38.67683140488327","39.18293256200015","38.69629164132611","37.41279108275948","37.83425190134489","39.40338918212739","38.97567145225256","42.64199737488751","44.58596933547033","43.55451956461541","42.86184802654328","43.96159827766923","45.36405298438248","44.89121628122227","45.28648503164824","45.03350430549298","45.01600034288265","45.24864464085329","45.34151549587407"
"IMF.FAD:FM(5.0.0)","POL.G1_S13_POGDP_PT.A","OBS_VALUE","Poland, Republic of","Revenue, General government, Percent of GDP","Annual","Units","","","","","","","","","","","","","","","","","","","","","","","","","","","","","","","","","","","","","","","","42.93551254197726","45.7522077061074","41.36724132204139","39.65604428342644","40.06592897051616","38.92505234091899","39.84889271149268","40.11456708949024","39.29012736473755","38.3615081571695","40.18771498563717","40.76561141550929","40.95408420977585","40.43043218587943","37.66690364658298","38.56901149904942","39.14366923339672","39.37476652681906","38.96346703668256","39.02048608776244","38.90165930559413","38.66925993383996","39.64496833991374","40.79565406116801","40.68889241535867","40.88190465267699","41.89237434369216","39.87871196216237","41.66339460104194","42.96664421015452","42.94158250918192","44.40634024073276","44.33538103140482","43.5416493756635","43.67641562199162","44.03685183026488","44.15858668156933"
"IMF.FAD:FM(5.0.0)","MNG.G1_S13_POGDP_PT.A","OBS_VALUE","Mongolia","Revenue, General government, Percent of GDP","Annual","Units","","","","","","","","","","","","","","","","","","","","","","","","","","41.91583507774136","42.64736664602595","42.75607501959416","43.53203151030362","43.90579195038591","39.18659938844013","39.12494169459421","38.01827209337011","40.88175016495878","42.33384043929811","39.66695727044286","21.02252602448952","24.9528487382862","22.44027021596155","21.62863667080792","21.73925950907547","22.73952548548312","23.85132222059173","23.29410679811491","28.70734902770864","30.85749916605484","30.76524920935949","30.28247873430037","30.20186290026457","27.54838998600483","33.77753092535441","37.93872886623399","33.1072688650005","30.25497378354478","32.00086121948015","33.9179489286756","29.81605520466615","31.22379005754595","28.41817231960971","26.13433054406273","24.38243257272356","28.46090326329748","31.25983927278017","31.82178778583084","27.88389506790266","32.84623627992635","34.39373608385259","34.62028460215036","38.89601183559","36.29855346683236","32.97952573563717","30.85453774993208","29.69744256775701","29.4951146072922","29.52087223393652","29.36473961127103"
"IMF.FAD:FM(5.0.0)","ROU.G1_S13_POGDP_PT.A","OBS_VALUE","Romania","Revenue, General government, Percent of GDP","Annual","Units","","","","","","","","","","","","","","","","","","","","","","","","","","","","","","","","","","","39.3838326904424","41.51379479638797","36.9797262015265","33.10363417850792","30.90243869609473","31.07279066090103","28.7179903062608","28.33233534497293","29.39694314817303","31.53450978115749","31.0480740814931","29.96310274858295","29.487578305855","29.52967867125266","30.26112813730775","31.61084236003457","32.49718609906682","31.51895823051034","30.66683412635871","29.45323548047576","31.2040114904778","30.9134234621574","31.08501414438519","31.78099138757572","31.99888606255432","32.81516591574666","29.31590985387881","28.16247213032423","29.17273441194327","28.86279286160196","28.70141895648731","30.50467983552743","31.64297876491643","31.30888961895318","31.27012972440109","32.81519261963041","33.45467276980905","31.9011994859045","31.8721738209944","31.92158245543303","32.09328691453367","31.72792272038239"
"IMF.FAD:FM(5.0.0)","KOS.GNLB_S13_POGDP_PT.A","OBS_VALUE","Kosovo, Republic of","Net lending (+) / net borrowing (-), General government, Percent of GDP","Annual","Units","","","","","","","","","","","","","","","","","","","","","","","","","","","","","","","","","","","","","","","","","","","","","-3.152772475596544","2.922245085830746","3.394641417717825","1.570293812813544","-4.618969711421641","-2.285693731353599","2.643792611598378","6.682631731868955","0.03907340202397105","1.618183195213827","-1.009465804018854","-1.036484516193727","-2.673811072061368","-3.420374122603869","-2.650188545567219","-2.115887543881291","-1.708709939873785","-1.425765024326595","-2.861426369470584","-2.926952970696551","-7.811442395008565","-1.243767994811445","-0.7400702042041661","-0.2331085653040774","-0.2821518926660805","-0.7998482988161655","-1.606904788033146","-2.002272382154162","-1.992211417529572","-1.990941278114284","-1.988617426475112","-1.960585721558738"
"IMF.FAD:FM(5.0.0)","BIH.GNLB_S13_POGDP_PT.A","OBS_VALUE","Bosnia and Herzegovina","Net lending (+) / net borrowing (-), General government, Percent of GDP","Annual","Units","","","","","","","","","","","","","","","","","","","","","","","","","","","","","","","","","","","","","","","","","","","-0.9778993245841621","-2.782004804500986","-4.625059174668795","-3.443100948714294","-2.987729876220887","-0.4424033671789306","-0.18350725438863","0.740048195810849","2.081697704039085","0.1688403781246954","-3.822738519430641","-5.341506098197849","-4.057752110576917","-2.727537371875245","-3.757808797445542","-2.187746431102299","-2.866456659700118","-0.194224025173902","0.3417468637205545","1.789494494608388","1.631880190871084","1.367679991561215","-4.501582663874471","-0.1766833395202212","0.1490445734597892","-1.670973721456337","-1.964238756141578","-2.405129547872143","-3.950692481499973","-4.255610807779805","-4.520805062757241","-4.607352308115718","-4.613225075820194","-4.625765355510778"
"IMF.FAD:FM(5.0.0)","SVK.G1_S13_POGDP_PT.A","OBS_VALUE","Slovak Republic","Revenue, General government, Percent of GDP","Annual","Units","","","","","","","","","","","","","","","","","","","","","","","","","","","","","","","","","","","","","","","","44.41348732006171","43.12907619077584","42.32113432471469","40.82169593742303","41.15369292169622","40.54868314149234","38.49559714696289","37.64082173624917","37.76840593144047","36.04750765270628","36.27809005525521","34.61155546406243","33.6677714361687","33.94392370683494","35.051385447841","33.60333959969037","36.42870604988168","35.67388603453795","38.2392896281748","38.72793790155207","41.34440127251441","38.30566908759446","38.79889925188676","38.64413275761611","39.44381336768647","39.20373704153706","39.75263907917826","41.51821076267032","42.94516617060079","41.97093101395849","43.69697626363412","44.12624198286681","41.75596904978456","41.24769926562972","41.17991876783541","41.12065295516841","41.06572208231087"
"IMF.FAD:FM(5.0.0)","MKD.GNLB_S13_POGDP_PT.A","OBS_VALUE","North Macedonia, Republic of","Net lending (+) / net borrowing (-), General government, Percent of GDP","Annual","Units","","","","","","","","","","","","","","","","","","","","","","","","","","","","","","","","","","","","","","","","","","-0.3522247210269956","-1.594419965968065","0.02716299667635246","2.374911691666667","-5.882148173631479","-5.241777265344322","-0.07222778040365771","0.3740573848896138","0.2131753722681692","-0.5077123078554171","0.5772983744492329","-0.9284388633131673","-2.627694623054252","-2.410718573418066","-2.473792833045374","-3.806917889964281","-3.836091900432564","-4.194977171546024","-3.475241254199809","-2.701775740844729","-2.733511727761905","-1.755243411406359","-1.967855425930765","-8.048362491576756","-5.316789225766474","-5.229584555541954","-4.587636573061396","-4.376787962899575","-4.00764071766801","-4.169482206568283","-3.868080302348424","-3.55927361166836","-3.259273611668396","-2.959273611668398","-2.965240654839571"
"IMF.FAD:FM(5.0.0)","HUN.G2M_S13_POGDP_PT.A","OBS_VALUE","Hungary","Expenditure, General government, Percent of GDP","Annual","Units","","","","","","","","","","","","","","","","","","","","","","","","","","","","","","","","","","","","","","","","55.04965430439486","50.89312940794682","49.49480439521317","50.71331782775422","48.93453807709912","47.28938071890636","47.20837482685935","50.97405177535505","49.17618292269951","48.77111784816478","49.3679169397321","51.4071754693672","49.8837633108848","48.77506633541889","50.66023434740456","48.91534329032114","49.14003963699512","49.24735794831336","50.07933370824257","50.01573099182466","50.35379917324849","46.66325082693703","46.64723656580569","45.92247550248951","45.84648612374474","51.03107771824672","48.08727666179042","48.8590490335589","49.33425905940669","46.90836325979048","47.50531338232837","48.12436214622891","48.29374862979394","48.68047158883135","49.07571405489871","48.98151651707369","48.74893053350373"
"IMF.FAD:FM(5.0.0)","BIH.G1_S13_POGDP_PT.A","OBS_VALUE","Bosnia and Herzegovina","Revenue, General government, Percent of GDP","Annual","Units","","","","","","","","","","","","","","","","","","","","","","","","","","","","","","","","","","","","","","","","","","","53.45025651125725","54.72052977891024","51.53949169872256","46.76061644116003","44.4465400292322","46.84503829625766","45.40717794429868","45.26857411868072","46.3110590359739","45.37002398174929","44.54912488362299","43.62935325491098","44.62179635276042","43.65453344471788","44.19099918771332","41.62296635598659","43.31121651931796","42.49410899408219","41.79702198575511","41.77034186809549","42.05498638698011","41.28236224253165","40.88319196267826","40.4665591115203","39.51749782842266","40.20047389417391","41.29059970271802","42.45911128462613","41.39558214215555","41.80975653708072","41.83069916335139","41.84627951056152","41.91108732615639","42.08920751295876"
"IMF.FAD:FM(5.0.0)","BIH.G2M_S13_POGDP_PT.A","OBS_VALUE","Bosnia and Herzegovina","Expenditure, General government, Percent of GDP","Annual","Units","","","","","","","","","","","","","","","","","","","","","","","","","","","","","","","","","","","","","","","","","","","54.42815583584142","57.50253458341123","56.16455087339136","50.20371738987433","47.43426990545309","47.28744166343659","45.59068519868731","44.52852592286987","44.22936133193481","45.2011836036246","48.37186340305363","48.97085935310883","48.67954846333733","46.38207081659312","47.94880798515886","43.81071278708889","46.17767317901808","42.68833301925609","41.45527512203455","39.9808473734871","40.42310619610902","39.91468225097044","45.38477462655274","40.64324245104052","39.36845325496287","41.87144761563025","43.2548384588596","44.86424083249828","45.34627462365553","46.06536734486053","46.35150422610863","46.45363181867724","46.52431240197659","46.71497286846954"
"IMF.FAD:FM(5.0.0)","AZE.GNLB_S13_POGDP_PT.A","OBS_VALUE","Azerbaijan, Republic of","Net lending (+) / net borrowing (-), General government, Percent of GDP","Annual","Units","","","","","","","","","","","","","","","","","","","","","","","","","","","","","","","","","","","","","","","3.205108015886923","-1.340088105726872","-2.253199340501573","-0.9369683301438993","1.631190089704332","-1.032786477030723","0.1447275174328649","21.76404562091096","19.39308714044107","1.604626258739523","1.781438087058803","2.740818918905889","0.6629651325680938","2.337108709668059","17.19381939472559","5.856568808074098","13.83124452533098","10.85964091425617","3.705480027521158","1.643475099243924","2.742339378798965","-4.83304259286484","-1.169922060544442","-1.342225688995391","5.429018068218424","8.954855927254134","-6.440352609847461","4.205292785733966","5.963105133278272","7.921119913948853","4.054097663446281","2.558504056904271","1.777020082992495","0.1808546538524535","-0.5619483178422319","-0.4834354527825084","-0.6063411628608862","-0.4879061564071384"
"IMF.FAD:FM(5.0.0)","UKR.G2M_S13_POGDP_PT.A","OBS_VALUE","Ukraine","Expenditure, General government, Percent of GDP","Annual","Units","","","","","","","","","","","","","","","","","","","","","","","","","","","","","","","","","","","","","","","","42.7027306635322","38.15679902844736","42.21393134472233","38.35446706890334","26.73314607258398","35.416405213254","35.32672259092326","36.48821042675687","37.45057520470156","40.0865073590442","42.56756473496594","42.94589528057354","42.05153377334224","45.37908595405316","46.83387687932742","47.34134403012712","44.03421935430314","47.14562989686765","46.29407673560099","44.77389112607355","43.04349781345195","40.78534216982079","41.66998884728067","41.92148650922253","41.5029334967369","45.60015838782873","40.48763124491139","65.39396701084229","73.4039084963276","71.23605482126601","74.54577159774898","62.24977240522906","59.35095795457904","52.36018862507603","46.71830662085295","44.82844393640484","44.0192096190138"
"IMF.FAD:FM(5.0.0)","TJK.G2M_S13_POGDP_PT.A","OBS_VALUE","Tajikistan, Republic of","Expenditure, General government, Percent of GDP","Annual","Units","","","","","","","","","","","","","","","","","","","","","","","","","","","","","","","","","","","","","","","","","","","17.13612030118913","17.53872154522922","18.11547128466264","17.31792194312858","19.1403170937841","19.07123093830493","20.24899050892356","22.91131625245222","21.62003577945601","20.3306958619297","20.17802596240418","23.61623375278342","25.86666188372783","24.28077466701919","24.72778764839258","27.67332808610964","27.47217157034132","31.90678793882847","32.6506237866856","33.77560714118711","30.87180002775151","28.81570211457936","29.16366837227528","27.64227022651502","27.38116038787743","28.01894769597009","27.1888269503705","29.29508158636414","29.44327225995137","29.70105670593738","29.19438721060308","29.13480574808108","29.15278629693535","29.13743596332855"
"IMF.FAD:FM(5.0.0)","MDA.GNLB_S13_POGDP_PT.A","OBS_VALUE","Moldova, Republic of","Net lending (+) / net borrowing (-), General government, Percent of GDP","Annual","Units","","","","","","","","","","","","","","","","","","","","","","","","","","","","","","","","","","","","","","","","-2.583014839387226","-7.423271530255226","-7.470582792931459","-1.521632104316182","-2.639090815979867","-3.546063796501585","-0.3447502460563406","-1.17899749147206","0.46996772284852","0.5928487826323216","1.440722637168423","-0.4187236074638258","0.1482325209012066","-0.870607992858408","-6.382820741613207","-2.178254278681322","-2.049645065427704","-1.930739998049719","-1.56517616346383","-1.603237143196759","-1.92973697971868","-1.564111342917724","-0.6503707775336332","-0.853156451697881","-1.465507184003292","-5.316879850871824","-2.61700094145857","-3.239740155840584","-5.129827987990725","-4.016432512699799","-3.871186727034978","-4.724074664116558","-4.699759818824992","-4.305754133942706","-4.026228872052642","-3.594354179335117","-3.368594183464556"
"IMF.FAD:FM(5.0.0)","TJK.GNLB_S13_POGDP_PT.A","OBS_VALUE","Tajikistan, Republic of","Net lending (+) / net borrowing (-), General government, Percent of GDP","Annual","Units","","","","","","","","","","","","","","","","","","","","","","","","","","","","","","","","","","","","","","","","","","","-5.088273214982442","-4.030468252788104","-4.513684767808712","-2.114907493066876","-2.400062593993392","-1.744853936329228","-2.316810123783719","-2.827392034219678","2.001641268538642","2.131381666661346","1.941540765391015","-0.2014787133175902","-2.706824069341623","0.6044060457010971","0.4065590003542757","-0.7346780497119027","0.9224605286298492","-1.962513978876731","-2.910699445862498","-5.64699132267514","-2.690380619202017","-2.043000273454743","-4.339408900608993","-0.6407278386215166","-0.2340984776501498","-0.9156033930406983","0.3189786262914771","-1.786883611381382","-2.5","-2.5","-2.499999999999989","-2.5","-2.499999999999991","-2.500000000000024"
"IMF.FAD:FM(5.0.0)","SVN.GNLB_S13_POGDP_PT.A","OBS_VALUE","Slovenia, Republic of","Net lending (+) / net borrowing (-), General government, Percent of GDP","Annual","Units","","","","","","","","","","","","","","","","","","","","","","","","","","","","","","","","","","","","","","","","-8.192891976211517","-1.155003635729753","-2.368357573050643","-2.394024570862468","-3.043255157614844","-3.772174739348384","-4.579799021855418","-2.474154155530538","-2.663902933051706","-1.980970719414753","-1.378616056293201","-1.258048538880634","-0.07728240708937281","-1.440570187059509","-5.871845895792109","-5.555755889589442","-6.685860785545143","-4.197185920698177","-11.22711999844623","-4.526319461027236","-2.837332668292898","-1.999090300200934","0.05372370998580662","0.8963451115647216","0.6806987233264945","-7.676721860043176","-4.61058878698657","-3.01397991617676","-2.583294301327088","-0.9442582099735976","-2.354067074118764","-2.653716066979726","-2.763307422785283","-2.789213142500269","-2.88480982423732","-2.927751948223337","-2.939460299274001"
"IMF.FAD:FM(5.0.0)","HUN.GNLB_S13_POGDP_PT.A","OBS_VALUE","Hungary","Net lending (+) / net borrowing (-), General government, Percent of GDP","Annual","Units","","","","","","","","","","","","","","","","","","","","","","","","","","","","","","","","","","","","","","","","-8.570899406293308","-4.360066134938775","-5.53878724907921","-7.412519631747754","-5.267325754305834","-3.037684860097879","-3.995679764033679","-8.794130736595837","-7.19105073774152","-6.597284097182384","-7.786605508871021","-9.268702109358095","-5.085304624617445","-3.784907452447086","-4.759277490357245","-4.43619653974475","-5.219831525748446","-2.330587244622879","-2.598215608668577","-2.772976264509119","-2.002875396374638","-1.791645505845442","-2.454930102983715","-2.046415622554759","-2.024293397165311","-7.486859775552931","-7.110069124339238","-6.190228398696876","-6.772920192425642","-4.898344912273482","-4.684806914067542","-5.495455158492942","-5.722659372982988","-5.84706428064381","-5.709974023192296","-5.604530243854454","-5.487465557235766"
"IMF.FAD:FM(5.0.0)","SVN.G2M_S13_POGDP_PT.A","OBS_VALUE","Slovenia, Republic of","Expenditure, General government, Percent of GDP","Annual","Units","","","","","","","","","","","","","","","","","","","","","","","","","","","","","","","","","","","","","","","","53.01566105073633","45.1814751049617","45.40732741735537","46.35753200992584","47.18649048946319","47.81041965844362","49.16036221916552","47.79096448183701","47.57785808017717","46.91421506952726","46.65153706176615","45.70515585805813","43.48738293146482","45.17858089131472","49.99986045330349","50.7232829138801","51.41087648611689","50.0069572767549","57.72516529647932","50.55579554022039","49.4945952475587","46.9092699409195","44.61062040327973","44.05860667276695","43.78255019062887","51.79733283125119","49.88372629361705","47.67183060954685","46.54847775175644","46.47705360586194","48.46406707411876","49.6287160669797","49.53830742278525","49.63421314250025","49.39980982423728","49.44275194822335","49.45446029927401"
"IMF.FAD:FM(5.0.0)","CZE.GNLB_S13_POGDP_PT.A","OBS_VALUE","Czech Republic","Net lending (+) / net borrowing (-), General government, Percent of GDP","Annual","Units","","","","","","","","","","","","","","","","","","","","","","","","","","","","","","","","","","","","","","","","-12.27774975102498","-2.976111566287578","-3.136464821080062","-4.138626132149068","-3.080437970691689","-3.54694336792099","-5.757234792446598","-6.344912452217924","-6.874813152774057","-2.404998806584802","-3.061159017215484","-2.185821295476923","-0.6778977184478984","-1.998853764299464","-5.456259718337703","-4.144160406570671","-2.711828400712515","-3.917505547075966","-1.298509406667433","-2.093471640302595","-0.6657404328161945","0.6848811591090701","1.460300763957752","0.8815011140892802","0.2827537851495763","-5.649743202069619","-4.951175180393024","-3.068779121096099","-3.734711289216029","-2.028838352387729","-2.025734659934775","-2.270024364260465","-2.45556398075573","-2.663239346059696","-2.877244850397478","-3.063301442300681","-3.063586191969962"
"IMF.FAD:FM(5.0.0)","LVA.G1_S13_POGDP_PT.A","OBS_VALUE","Latvia, Republic of","Revenue, General government, Percent of GDP","Annual","Units","","","","","","","","","","","","","","","","","","","","","","","","","","","","","","","","","","","","","","","","","","","37.43573700910393","36.88601807587894","34.47766627640398","32.99471228494177","32.77671448673692","32.76647507344972","33.76436276231324","34.74828931450594","35.06443710819895","35.39137257477656","34.89658258479232","36.4500085219198","36.9936415610169","37.85054945608317","38.73592187337339","38.09568031683383","37.43965220889252","37.12327721597387","37.00356520055699","36.98127939657571","38.6382382925807","38.58209191950291","38.79426529308455","38.87177734316076","39.60898226787819","39.50026958961116","42.2387479950548","41.31834400832507","41.54390959380495","41.40470189162041","41.30563880663786","41.35316906293045","41.32691469642026","41.32682687297989"
"IMF.FAD:FM(5.0.0)","HUN.G1_S13_POGDP_PT.A","OBS_VALUE","Hungary","Revenue, General government, Percent of GDP","Annual","Units","","","","","","","","","","","","","","","","","","","","","","","","","","","","","","","","","","","","","","","","46.47875489810156","46.53306327300805","43.95601714613396","43.30079819600647","43.66721232279328","44.25169585880848","43.21269506282567","42.17992103875922","41.98513218495799","42.1738337509824","41.58131143086107","42.1384733600091","44.79845868626735","44.9901588829718","45.90095685704731","44.47914675057639","43.92020811124668","46.91677070369048","47.481118099574","47.24275472731554","48.35092377687385","44.87160532109159","44.19230646282198","43.87605987993475","43.82219272657942","43.54421794269379","40.97720753745118","42.66882063486203","42.56133886698105","42.010018347517","42.82050646826083","42.62890698773597","42.57108925681095","42.83340730818754","43.36574003170642","43.37698627321923","43.26146497626796"
"IMF.FAD:FM(5.0.0)","BLR.G1_S13_POGDP_PT.A","OBS_VALUE","Belarus, Republic of","Revenue, General government, Percent of GDP","Annual","Units","","","","","","","","","","","","","","","","","","","","","","","","","","","","","","","","","","","","","","","","","41.22141311869441","40.0030975227273","44.88373480160547","45.56456590984146","44.32306012768759","37.641842899642","35.97504351240181","36.79216456359199","36.93913450910225","38.27932694262731","39.50474228959253","41.34984715110243","49.10283659320495","44.47080496694731","40.13191232339859","37.48860232723071","39.25238751362769","39.83108064308766","38.92855905731089","38.8064744555008","39.0241340602534","38.70556402926007","39.6494207071224","38.26302621068773","35.17483956225855","36.49333357776421","36.03111897196959","41.08961182458196","41.34492605520017","41.44859580438337","41.13684626077886","40.91641147670835","40.79673752804904","40.61471350688279","40.51893006231488","40.39276948090497"
"IMF.FAD:FM(5.0.0)","MKD.G2M_S13_POGDP_PT.A","OBS_VALUE","North Macedonia, Republic of","Expenditure, General government, Percent of GDP","Annual","Units","","","","","","","","","","","","","","","","","","","","","","","","","","","","","","","","","","","","","","","","","","32.26585841897147","32.15280021245678","32.51033254581034","32.02447196723145","37.36184941074978","38.19244765489344","35.99981989463812","34.11654056604829","32.4908295428388","31.45305325843166","31.44876893660044","33.761719973969","33.56213611434029","32.51039911090174","31.85576471500648","33.25691071195171","31.67301266609682","31.71439888861723","32.22232956558143","31.10724048998477","31.76332214862823","30.26644897613323","31.40570795010127","36.40275580139224","35.27179605288411","35.03505972721546","35.28233867350386","36.1482274402906","36.19521765411958","36.18763908957932","36.05623718535949","35.94743049467943","35.84743049467946","35.74743049467942","36.01991445452954"
"IMF.FAD:FM(5.0.0)","GEO.G2M_S13_POGDP_PT.A","OBS_VALUE","Georgia","Expenditure, General government, Percent of GDP","Annual","Units","","","","","","","","","","","","","","","","","","","","","","","","","","","","","","","","","","","","","","","","15.6519175798523","18.40372300360425","21.41255997913936","18.7429772071976","19.67949981105028","16.91722516079902","16.82195505224957","15.98480750228299","16.0830651793969","18.85253261463001","21.60801306560423","22.65699133737744","27.65059899947341","31.77379465082481","34.83505685791389","30.96260806132166","27.13176081802725","27.73353270936813","26.59736532818775","27.51467775526687","26.99220267027479","27.81555339584279","27.20963570017219","26.72241870725752","28.67135617855539","34.1067255278715","31.18883479458087","28.50701910967434","29.68304933837447","29.88982983469282","28.37418854642772","28.89745978868307","28.55967856660101","28.4335528753631","28.21490342645463","28.16301510147224","28.11851168555393"
"IMF.FAD:FM(5.0.0)","BLR.G2M_S13_POGDP_PT.A","OBS_VALUE","Belarus, Republic of","Expenditure, General government, Percent of GDP","Annual","Units","","","","","","","","","","","","","","","","","","","","","","","","","","","","","","","","","","","","","","","","","","","","","","42.38025428019597","43.78222360569633","43.53144067491003","44.00253876451747","44.98549826534722","47.20984649291527","49.17077692634428","60.00914898061702","51.70276823507139","44.3185403713146","40.29452237211346","38.89256270283576","40.81303968368326","38.83644865181827","41.77011358440475","40.68321674340341","39.04208857376958","37.84462233044947","37.35347451640864","38.04518517074268","36.7161507451728","38.00714326817555","40.33131958117744","40.80612714211862","41.2982703495468","41.31611772038675","41.08291579229001","40.9341000662918","40.77786264580819","40.71058857868345","40.64491766970603"
"IMF.FAD:FM(5.0.0)","HRV.G2M_S13_POGDP_PT.A","OBS_VALUE","Croatia, Republic of","Expenditure, General government, Percent of GDP","Annual","Units","","","","","","","","","","","","","","","","","","","","","","","","","","","","","","","","","","","","","37.09769279873584","35.9476377365327","45.3561341482158","50.2778322264277","52.07445567593033","51.65494134790667","56.79894123698195","58.92435990507308","54.55478594675791","50.61577884764715","49.17909392889957","49.64122970284321","49.00811702791901","46.47613256308908","44.61254051863857","46.36670442199672","46.30764934590682","49.2759623992838","48.17280676122188","48.63606179999115","47.3230192217534","47.96027518863737","48.74788267807792","47.60757951529391","45.91535971071774","44.10544094583183","44.97271003696114","44.35463602090808","53.75386737609617","48.18901686548745","45.01271925932499","46.28120777400331","48.00307104796856","49.2888571485358","50.1994240288495","49.07371451698423","48.49425717460235","48.2363699985832","48.21480758262339","48.16806576420609"
"IMF.FAD:FM(5.0.0)","ARM.G2M_S13_POGDP_PT.A","OBS_VALUE","Armenia, Republic of","Expenditure, General government, Percent of GDP","Annual","Units","","","","","","","","","","","","","","","","","","","","","","","","","","","","","","","","","","","","","","","","","","","","","","","","","","19.87113411607812","20.00046786110447","22.41967010201206","22.23602440506138","28.55350247369934","26.20053713288097","24.96438545884568","22.41478127478972","23.79670304118971","23.99072827984845","26.32336373243796","26.98696169430486","25.93683017820868","24.05017961760968","24.8962967277492","30.65292715445727","28.69047576436568","26.38011632543152","26.87420686501257","28.97482212536067","29.23717036416416","30.30366495721999","29.3391762035137","28.62284026055556","28.11297644959676","27.57395043235131","27.1090725825399"
"IMF.FAD:FM(5.0.0)","EST.G2M_S13_POGDP_PT.A","OBS_VALUE","Estonia, Republic of","Expenditure, General government, Percent of GDP","Annual","Units","","","","","","","","","","","","","","","","","","","","","","","","","","","","","","","","","","","","","","","","39.52723036400862","38.63643971631997","35.80535063299665","38.9031585194662","40.65521024804814","36.36634670849239","35.28441218426495","35.86517841852762","35.04856677703185","34.08107881492328","33.71219299366706","33.49455757650783","33.84371326703312","39.54950141164408","46.09716300113072","40.69663323782235","37.62186519299528","39.39168089454269","38.30669464385701","37.55355850410349","39.25630946618634","38.90403155443067","38.85733461698058","38.82182334234041","39.12045703753083","44.73913180814436","42.09731821547557","40.12183709893934","43.49260118132881","43.61601345119862","45.24861385773446","47.28150394528649","46.59914746274737","46.23319405197521","45.83531674826915","45.60588690509412","45.47250908819507"
"IMF.FAD:FM(5.0.0)","EST.G1_S13_POGDP_PT.A","OBS_VALUE","Estonia, Republic of","Revenue, General government, Percent of GDP","Annual","Units","","","","","","","","","","","","","","","","","","","","","","","","","","","","","","","","","","","","","","","","39.27034613325025","37.70562542136183","38.78462967426354","39.55095317131652","37.23551317158052","36.25407857736793","35.6835218259858","36.15862290187939","36.71390395485393","36.36701354449355","34.77728666557959","36.20082874271617","36.34711714798539","36.62763988273606","42.66874871749877","39.60873715214466","37.70758930011361","38.53576268787431","37.64237427615282","37.96882892606054","39.0138946993678","38.28570149299471","37.79143531474786","37.6754396243657","39.0110559615286","39.31502217573462","39.52800519245828","39.04294562150336","40.42601885307751","42.07554223262292","43.91721083009421","42.8111533613716","42.05176215831216","42.0063632580129","42.23756008663885","41.99052515533047","41.88948723232552"
"IMF.FAD:FM(5.0.0)","KGZ.GNLB_S13_POGDP_PT.A","OBS_VALUE","Kyrgyz Republic","Net lending (+) / net borrowing (-), General government, Percent of GDP","Annual","Units","","","","","","","","","","","","","","","","","","","","","","","","","","","","","","","","","","","","","","","","-13.51656687049279","-9.095450037452996","-9.30824139280971","-11.96859915984469","-13.52752068899276","-10.69669466124218","-6.74745922128546","-5.900032633141057","-5.169327700397173","-4.891663885423633","-3.789101181709568","-2.095369145913668","1.276876611205256","1.924070328072805","0.3775122042469818","-5.946895222346851","-4.704615830261748","-5.861999576475185","-3.699422342028085","-3.068269880990232","-2.516820406802583","-5.790195419697471","-3.732926298311516","-0.5900989580674327","-0.0740652833018254","-3.062229058990265","-0.7074281837120905","-0.2937208521128596","1.586390351691347","1.707874385505477","-0.06680009479980248","-3.631486080873544","-3.099041762212444","-2.813554060253518","-2.463002646063061","-2.324245056811882","-2.526455390141884"
"IMF.FAD:FM(5.0.0)","POL.G2M_S13_POGDP_PT.A","OBS_VALUE","Poland, Republic of","Expenditure, General government, Percent of GDP","Annual","Units","","","","","","","","","","","","","","","","","","","","","","","","","","","","","","","","","","","","","","","","47.31268893925183","50.57621521644686","45.95927191170235","43.89576913771627","42.35782367981918","42.90950955930048","44.56224527410288","44.90089966254635","45.28584340409345","43.36059629869919","44.11357533843737","44.29264596113119","42.8333631515476","44.02579068679459","44.90321623908511","45.99876419346282","44.11812661827336","43.17013121346877","43.20955202737873","42.68264544479106","41.49618455095431","41.05239758061292","41.13086402689054","41.04050099772461","41.42250185053231","47.73507734218231","43.56803475069752","43.24791728874074","46.85899560966386","49.44173446570795","49.95304433205754","51.15197807699025","50.70049073446543","49.26129920778152","49.06876839647266","49.06028431673459","48.97005767991617"
"IMF.FAD:FM(5.0.0)","CHN.G1_S13_POGDP_PT.A","OBS_VALUE","China, People's Republic of","Revenue, General government, Percent of GDP","Annual","Units","","","","","","","","","","","","","","","","","","","","","","","","","","","24.45059901660762","24.63777750089318","23.47666193799619","23.37975880205677","21.95846186090429","19.69969086237874","17.19114762873836","17.65034888414512","17.45438761308071","15.49655499603832","13.43267178188348","12.54330340211263","10.6911409470227","10.13238884271764","10.25587103723158","10.78210431464141","11.5198431352422","12.55470704974126","13.25937444939153","14.64931925442961","15.36289267388015","15.60770522296876","16.11539555766115","16.60802041074419","16.93002368666351","17.92483239744703","22.13278932182056","23.50103222113627","24.30871728722688","26.55089186219261","27.39709696676889","27.28085520316057","27.74005012789495","28.51166114880421","28.36564260527604","28.67533251024564","28.44043099406554","27.60451309473472","25.27512599869762","26.00920419462903","25.32252553227152","26.02567198216572","25.83053743816475","25.01111080200217","24.66537623480583","24.86152079091235","25.0163960200592","25.10433728394379","25.18778416830743","25.18778416830744"
"IMF.FAD:FM(5.0.0)","POL.GNLB_S13_POGDP_PT.A","OBS_VALUE","Poland, Republic of","Net lending (+) / net borrowing (-), General government, Percent of GDP","Annual","Units","","","","","","","","","","","","","","","","","","","","","","","","","","","","","","","","","","","","","","","","-4.377176397274574","-4.824007510339461","-4.592030589660957","-4.239724854289831","-2.291894709303016","-3.984457218381491","-4.713352562610195","-4.786332573056114","-5.995716039355898","-4.999088141529696","-3.925860352800196","-3.527034545621902","-1.879278941771753","-3.595358500915168","-7.23631259250213","-7.4297526944134","-4.974457384876639","-3.795364686649711","-4.246084990696176","-3.662159357028626","-2.594525245360181","-2.383137646772959","-1.485895686976797","-0.244846936556598","-0.733609435173632","-6.853172689505328","-1.675660407005356","-3.369205326578368","-5.195601008621915","-6.475090255553429","-7.011461822875623","-6.745637836257483","-6.365109703060614","-5.719649832118016","-5.392352774481043","-5.023432486469714","-4.811470998346835"
"IMF.FAD:FM(5.0.0)","UZB.G2M_S13_POGDP_PT.A","OBS_VALUE","Uzbekistan, Republic of","Expenditure, General government, Percent of GDP","Annual","Units","","","","","","","","","","","","","","","","","","","","","","","","","","","","","","","","","","","","","16.19828318860139","35.62293407736329","24.40740411119489","26.4585036877126","31.57150056629285","28.66566540051006","31.633357915226","30.29304832542394","29.58200060431658","27.56940002440025","31.18038000623006","28.39885743132525","26.47909932304087","25.27510451488867","22.25466371240785","22.36186642653666","23.8485182771057","24.74103638088322","23.65822095941144","21.11637443943017","21.45049612036309","22.32998082986096","22.01698287055544","21.70431671709048","20.50999329504368","19.88728862557323","21.24864075017609","23.35542099153048","24.65957967014355","26.13983413734548","29.95368667461043","28.5848096247823","26.1403495016059","27.37220816046863","29.0713715641856","30.40116921418158","30.43282889931568","30.37875117625104","30.33915796520711","30.34722273342296"
"IMF.FAD:FM(5.0.0)","KOS.G1_S13_POGDP_PT.A","OBS_VALUE","Kosovo, Republic of","Revenue, General government, Percent of GDP","Annual","Units","","","","","","","","","","","","","","","","","","","","","","","","","","","","","","","","","","","","","","","","","","","","","5.353368078846009","11.47009435280429","17.29110594103252","19.67320935530645","20.46897823607245","20.42794932045958","22.48306437342692","25.28280401169061","26.66079626837404","31.88712971138932","28.87609610998834","28.64294409701201","27.55263298105184","25.88233488415968","25.06403849880753","25.66869530188214","26.77187600086131","26.74811707936758","26.60135191965825","26.99475638445622","25.64110402268297","27.79154462945651","28.09292191654395","29.54098564715241","29.89439848730484","30.37627396053885","30.69391518323099","30.42000052033243","30.42712826686846","30.37258228117866","30.40065666352348","30.33740457846345"
"IMF.FAD:FM(5.0.0)","KGZ.G1_S13_POGDP_PT.A","OBS_VALUE","Kyrgyz Republic","Revenue, General government, Percent of GDP","Annual","Units","","","","","","","","","","","","","","","","","","","","","","","","","","","","","","","","","","","","","","24.60979004452166","20.75432955863947","24.35900633702452","19.51713353804609","21.84962328633853","23.97248300122899","22.35948879651877","19.51846616858865","21.34077616998699","23.4497363583092","22.90807929238996","23.56536823001255","25.27702381545473","27.03419533730823","30.87230257717905","29.80821918944476","32.91896563673404","31.16010153650749","32.66281453146672","34.72186422159021","34.44764806322834","35.43978696960773","35.56689200709704","33.13284958029203","33.28721751785189","32.46959529710621","30.76639063022847","29.01129435394034","31.37049114337266","34.72566990247012","34.48251848278437","34.23774896492879","38.33578664763552","34.16423832855967","33.35347633675199","33.20405363275655","32.8455441014588","32.78964699594979","32.59251323856085"
"IMF.FAD:FM(5.0.0)","ALB.G1_S13_POGDP_PT.A","OBS_VALUE","Albania","Revenue, General government, Percent of GDP","Annual","Units","","","","","","","","","","","","","","","","","","","","","","","","","","","","","","","","","","","","","","","","","","18.39781800471258","26.8257387216365","28.26607429455223","26.06593425257967","25.8478419376302","25.32297457468855","24.67385439441424","24.99206444195154","25.43420767565038","25.92800000015082","26.12987630567713","26.84228700047656","26.09299983817748","25.86652690200512","25.40695693759047","24.78850359552623","23.97749475708777","26.27161066612386","26.43999402917024","27.64188583100665","27.75601551426184","27.08959131669673","26.8889374108911","25.71913390415929","27.37230266790911","26.64457311343041","27.22515126987266","28.21203815983001","28.33327208649619","29.00804562138447","29.46684977609816","29.54365726802889","29.29578456868596","29.30570681425847","29.38565091179406"
"IMF.FAD:FM(5.0.0)","SRB.GNLB_S13_POGDP_PT.A","OBS_VALUE","Serbia, Republic of","Net lending (+) / net borrowing (-), General government, Percent of GDP","Annual","Units","","","","","","","","","","","","","","","","","","","","","","","","","","","","","","","","","","","","","","","","","","","","","-0.1482840844886414","0.3249406634076724","-2.328098872616771","-2.385020628595933","0.06106015642917921","1.020528021060729","-0.904996478632247","-0.8020015321138791","-4.254524785396423","-3.302086991717427","-3.34748568000874","-3.753204233275799","-6.106684639021786","-4.78861280159104","-5.608373833345382","-3.245169055301192","-1.078446556338963","1.316311074808783","0.7781762898112702","-0.004363560235955636","-6.913106239765269","-3.155648074980414","-0.1411433052454734","-1.210693216503891","-1.733649280588953","-2.214571537965605","-2.880145572541644","-2.905354445599143","-2.466473288154224","-2.412998890418099","-1.926997352986702","-1.927612415374586"
"IMF.FAD:FM(5.0.0)","UZB.G1_S13_POGDP_PT.A","OBS_VALUE","Uzbekistan, Republic of","Revenue, General government, Percent of GDP","Annual","Units","","","","","","","","","","","","","","","","","","","","","","","","","","","","","","","","","","","","","22.63875942143191","24.86048834574261","20.3797500720422","24.86499705615791","30.15729477570743","26.82063563247749","28.89671247737434","27.67556961069826","26.28910073966111","24.61737911257525","25.49438835472017","24.0118604012924","23.11035827748269","22.10455268397372","24.70586083838951","25.56215143385264","29.22516534384714","26.3786671199921","25.95321874109204","25.67843502532464","26.72615618881826","24.23433810225035","23.69768268945648","21.45935589157822","21.12986472971562","20.93113930589715","22.81726914319391","23.06548865063695","21.86457460940942","22.23617931252132","26.4639749637638","24.73642718303687","23.89513297630304","25.71675888290141","28.25069272651744","28.33857664813351","28.35655002358203","28.30198153634375","28.26410982457391","28.27602301851144"
"IMF.FAD:FM(5.0.0)","HRV.G1_S13_POGDP_PT.A","OBS_VALUE","Croatia, Republic of","Revenue, General government, Percent of GDP","Annual","Units","","","","","","","","","","","","","","","","","","","","","","","","","","","","","","","","","","","","","31.40871224274223","33.27790645395192","44.53979615632137","46.0474801351942","47.66827320688531","46.72078581295898","50.43844381067101","47.81391575751396","45.35758991905199","45.82427395558317","44.28086790585907","44.61331108401258","42.91439954806291","43.2336438265292","42.6114262560778","44.09745498254779","43.97353554013705","42.12488809310654","41.72177392164355","41.12289167293816","41.86636304779765","42.44584997780737","43.55487206918071","44.07649131967106","44.87974603708531","44.91293682390316","45.19351935193519","46.66982351976979","46.51335106907084","45.61908679555738","45.15337060372112","45.49572530844709","46.05606778069535","46.39528930923534","47.2919201832581","46.21775351661004","45.72548136767265","45.61604890010031","45.74965201208235","45.7263033005882"
"IMF.FAD:FM(5.0.0)","RUS.G2M_S13_POGDP_PT.A","OBS_VALUE","Russian Federation","Expenditure, General government, Percent of GDP","Annual","Units","","","","","","","","","","","","","","","","","","","","","","","","","","","","","","","","","","","","","","","","","","","39.68279272149091","34.28674331570778","30.65071507838842","31.46426689576939","33.81792972696435","32.59868899213341","29.6283957704358","29.45786662494664","29.03975393600124","31.94151807849865","32.01041163986038","38.59613927091142","35.50483067779154","33.26121109040488","34.02869847448228","34.65186890695576","34.93819092396765","35.27345254811334","36.58620803072469","34.83017149315451","32.62097727093468","33.75226202884378","39.15256573689292","34.93913435314627","35.14733487087701","36.1423032950943","36.65785362735123","39.13713066918327","37.49132865357824","37.63119333572164","37.80903599224518","37.04398283467834","37.1608160884711","37.54090032344572"
"IMF.FAD:FM(5.0.0)","MNE.GNLB_S13_POGDP_PT.A","OBS_VALUE","Montenegro","Net lending (+) / net borrowing (-), General government, Percent of GDP","Annual","Units","","","","","","","","","","","","","","","","","","","","","","","","","","","","","","","","","","","","","","","","","","","","","","","-1.441459043717029","-4.056102466580973","-2.453718977352454","-1.416533975843812","4.337780511095744","8.437487197264542","-2.298067350779634","-6.739401156873937","-4.876584350518246","-6.789654633455457","-5.865694648172444","-4.535129434922435","-0.7002936637946914","-6.025747375165111","-6.205640825022881","-6.886619435705054","-6.297217164417367","-1.73596388221436","-10.91913322473905","-1.372259077009121","-4.046486694587712","0.3779990527445581","-3.442256418942695","-3.612389353588608","-3.957509272546966","-3.998939599055977","-3.796852106197525","-3.893338788991764","-4.040980497721959","-4.330814553571948"
"IMF.FAD:FM(5.0.0)","KAZ.G2M_S13_POGDP_PT.A","OBS_VALUE","Kazakhstan, Republic of","Expenditure, General government, Percent of GDP","Annual","Units","","","","","","","","","","","","","","","","","","","","","","","","","","","","","","","","","","","","","","","","","","","","","","","20.5271807126437","21.35511168208848","21.26276155154073","22.00600411401532","19.79979804330602","23.70458261346742","27.0682985919572","23.47015091023114","22.47342029845234","21.23391482208414","21.91202158997681","19.80863947148241","21.26023261221306","22.87029785200318","21.5116699938756","24.08791832515938","18.84662792036242","20.24848542229276","24.54598916620939","22.06965552738085","21.71760693050691","23.39229122650554","22.66730627825422","21.84495987635388","20.73886811814848","20.76692757141966","20.91909048336354","20.80724454147658","20.93284885246128","21.28243442196202"
"IMF.FAD:FM(5.0.0)","ALB.GNLB_S13_POGDP_PT.A","OBS_VALUE","Albania","Net lending (+) / net borrowing (-), General government, Percent of GDP","Annual","Units","","","","","","","","","","","","","","","","","","","","","","","","","","","","","","","","","","","","","","","","","","-11.90204490322664","-9.925556475721557","-8.84142794154294","-7.772064132421305","-6.837165910115396","-6.211610794110752","-5.006109115654393","-5.162748126257491","-3.457787954519327","-3.263216216126409","-3.179136854945114","-4.884198090592954","-6.586478234344747","-3.520121858902918","-3.5163119530813","-3.440600382854514","-5.215218883008393","-5.457544154740531","-4.317810633098221","-1.497589913539488","-1.405554027733019","-1.579804275242702","-1.842748778875353","-6.665147142345335","-4.571152295777753","-3.638722643463161","-1.318767974627195","-0.7245665708421395","-1.746465398877695","-2.021591650392397","-2.241315457744589","-2.25379046490524","-2.217632600739635","-2.292618846878335","-2.249750140175808"
"IMF.FAD:FM(5.0.0)","KAZ.G1_S13_POGDP_PT.A","OBS_VALUE","Kazakhstan, Republic of","Revenue, General government, Percent of GDP","Annual","Units","","","","","","","","","","","","","","","","","","","","","","","","","","","","","","","","","","","","","","","22.19762321931159","16.8607475701531","13.22267751685539","13.47050390670325","18.18778077000212","17.53825369975883","21.85467528615939","25.65378071016581","22.45106847299602","25.35116043085858","24.55008158246473","28.08375887315275","27.4524265618509","28.83899739560027","28.29543375257796","22.14210217909626","23.94311273943221","27.04495057598766","26.34290317514449","24.75433302429719","23.74208049204663","16.6110086372381","17.00845307385491","19.82240960448268","21.4261922962348","19.67894272856971","17.50902406774556","17.10360347918612","21.82298752269516","21.97985132401597","19.23313872299157","18.73109449585472","19.3950213259769","18.98948095373409","18.90042887802634","18.84044553537329","19.19301103068326","19.56577922103048"
"IMF.FAD:FM(5.0.0)","ECU.GNLB_S13_POGDP_PT.A","OBS_VALUE","Ecuador","Net lending (+) / net borrowing (-), General government, Percent of GDP","Annual","Units","","","","","","","","","","","","","","","","","","","","","","","","","","","","","","","","","","","","","","","","-2.024094851830966","-3.440007398642249","-2.825145807545344","-5.099174805879538","-4.824863980189515","-0.3203235993013393","0.03271016159351028","0.7381023371421077","1.045310643005466","1.941576413829548","0.6608869860085128","2.921270772481645","2.658325399211916","0.5680604811503174","-3.714036841975547","-1.385372952062167","-0.1271936663581419","-2.834871902770031","-8.165211021689435","-8.106317115101012","-6.866372605155966","-10.29248490405767","-5.772174498109201","-2.802726470044063","-3.46760496651399","-7.375708681568924","-1.588786366088437","0.04364820719682366","-3.491437771611075","-1.284540407663588","-2.881428588959716","","","","","",""
"IMF.FAD:FM(5.0.0)","LBN.GNLB_S13_POGDP_PT.A","OBS_VALUE","Lebanon","Net lending (+) / net borrowing (-), General government, Percent of GDP","Annual","Units","","","","","","","","","","","","","","","","","","","","","","","","","","","","","","","","","","","-30.16298689274286","-19.49887857696452","-23.97469723194092","-7.186175793679124","-29.11165526908447","-13.64090768926804","-25.68920097817722","-24.54952898948013","-17.27017191801811","-16.71755423016583","-23.9447916567571","-21.02524584109732","-16.18804920836308","-13.9671440962711","-9.832321383785692","-8.572799885209985","-10.5724330406458","-10.92836234249333","-9.85610956619359","-8.097662752064087","-7.466124107050419","-5.944953178268815","-8.43485097359537","-8.825342256630906","-6.220442877646215","-7.489396779812001","-8.97689595974157","-8.678199129420324","-11.22029058536995","-10.50417561327194","-7.789327464564961","-2.569367466046914","-7.486253093351483","-1.641490940848787","0.393522292852673","3.254024585650216","","","","","",""
"IMF.FAD:FM(5.0.0)","LKA.G1_S13_POGDP_PT.A","OBS_VALUE","Sri Lanka","Revenue, General government, Percent of GDP","Annual","Units","","","","","","","","","","","","","","","","","","","","","","","","","","","","","","","","","","","18.96406483449441","18.44944398803215","18.07686895066692","17.40199003759299","16.69633234950596","17.65394312002501","16.20465360099438","15.69504206831966","14.5876547969594","14.92595517141172","13.95440835980181","13.92596161210897","13.89708066604248","13.19221576825043","12.94351990455376","14.2122075227245","14.60969811356435","14.06742787423311","13.15640535100978","12.68437864099135","12.58269834668921","13.12220703987475","11.87559522147495","11.60455566746727","11.17944983866824","12.6298404243041","13.21751687001004","12.78599577864368","12.58772347510092","11.93395290492771","8.777226087293872","8.311265849308412","8.363778065784704","11.21205689519473","13.68227517206662","","","","","","",""
"IMF.FAD:FM(5.0.0)","ECU.G1_S13_POGDP_PT.A","OBS_VALUE","Ecuador","Revenue, General government, Percent of GDP","Annual","Units","","","","","","","","","","","","","","","","","","","","","","","","","","","","","","","","","","","","","","","","19.92806378779531","19.29538016451849","19.13803457725059","16.43237946881123","19.30369058870828","23.9391398585142","21.42341253367928","23.51160662823676","22.31615194770502","23.23196159766011","22.70606981317686","24.64988138850584","27.34391414636162","36.16057945830676","30.58227751962818","34.01019782924732","39.48739920776863","40.33381904186728","38.56505381816853","37.82721767587318","37.22168394851687","33.83564982891088","34.71377480203056","38.12194885683581","36.2855477538752","32.82470688300889","35.86823737397575","38.89637252221894","36.07792767710155","37.05611948157957","35.50503325215921","","","","","",""
"IMF.FAD:FM(5.0.0)","ECU.G2M_S13_POGDP_PT.A","OBS_VALUE","Ecuador","Expenditure, General government, Percent of GDP","Annual","Units","","","","","","","","","","","","","","","","","","","","","","","","","","","","","","","","","","","","","","","","21.95215863962628","22.73538756316074","21.96318038479593","21.53155427469077","24.12855456889779","24.25946345781554","21.39070237208577","22.77350429109465","21.27084130469955","21.29038518383057","22.04518282716835","21.7286106160242","24.6855887471497","35.59251897715645","34.29631436160373","35.39557078130949","39.61459287412678","43.16869094463731","46.73026483985796","45.93353479097419","44.08805655367284","44.12813473296854","40.48594930013976","40.92467532687988","39.75315272038919","40.20041556457782","37.45702374006419","38.85272431502212","39.56936544871263","38.34065988924316","38.38646184111893","","","","","",""
"IMF.FAD:FM(5.0.0)","LBN.G1_S13_POGDP_PT.A","OBS_VALUE","Lebanon","Revenue, General government, Percent of GDP","Annual","Units","","","","","","","","","","","","","","","","","","","","","","","","","","","","","","","","","","","9.816326286108925","16.0876534272451","12.142859560026","15.849149374225","18.19881152126338","17.45953200824738","17.89243982662189","15.99538438732614","17.41281239360991","18.84645403072772","18.89993540981621","17.90071893478155","20.59307049472144","22.45684259789323","23.46623941954022","22.85000154287654","25.56061176541462","24.26535280221396","24.46864250404356","23.98860893999232","21.68512958553335","22.87568456228211","21.79567178200823","20.09661993075438","22.62960862245039","19.18918670974433","19.60239558625028","21.97852402875171","20.8779961367263","20.74941201358902","16.73236500490891","7.956546251176623","5.425789347419482","12.704926999866","15.70717656376479","18.74856305395817","","","","","",""
"IMF.FAD:FM(5.0.0)","LBN.G2M_S13_POGDP_PT.A","OBS_VALUE","Lebanon","Expenditure, General government, Percent of GDP","Annual","Units","","","","","","","","","","","","","","","","","","","","","","","","","","","","","","","","","","","39.97931317885178","35.58653200420962","36.11755679196692","23.03532516790412","47.31046679034785","31.10043969751542","43.58164080479911","40.54491337680627","34.68298431162802","35.56400826089355","42.84472706657331","38.92596477587887","36.78111970308452","36.42398669416433","33.29856080332591","31.42280142808652","36.13304480606042","35.1937151447073","34.32475207023715","32.0862716920564","29.15125369258377","28.82063774055092","30.2305227556036","28.92196218738529","28.8500515000966","26.67858348955633","28.57929154599185","30.65672315817203","32.09828672209625","31.25358762686096","24.52169246947387","10.52591371722354","12.91204244077096","14.34641794071479","15.31365427091212","15.49453846830795","","","","","",""
"IMF.FAD:FM(5.0.0)","MKD.G1_S13_POGDP_PT.A","OBS_VALUE","North Macedonia, Republic of","Revenue, General government, Percent of GDP","Annual","Units","","","","","","","","","","","","","","","","","","","","","","","","","","","","","","","","","","","","","","","","","","31.91363369794447","30.55838024648872","32.53749554248669","34.39938365889811","31.4797012371183","32.95067038954912","35.92759211423446","34.4905979509379","32.70400491510697","30.94534095057625","32.02606731104967","32.83328111065584","30.93444149128604","30.09968053748368","29.38197188196111","29.44999282198743","27.83692076566426","27.51942171707121","28.74708831138162","28.40546474914004","29.02981042086632","28.51120556472687","29.43785252417051","28.35439330981549","29.95500682711764","29.8054751716735","30.69470210044246","31.77143947739102","32.18757693645157","32.01815688301103","32.18815688301107","32.38815688301107","32.58815688301106","32.78815688301102","33.05467379968997"
"IMF.FAD:FM(5.0.0)","HRV.GNLB_S13_POGDP_PT.A","OBS_VALUE","Croatia, Republic of","Net lending (+) / net borrowing (-), General government, Percent of GDP","Annual","Units","","","","","","","","","","","","","","","","","","","","","","","","","","","","","","","","","","","","","-5.688980555993611","-2.669731282580781","-0.816337991894432","-4.230352091233497","-4.406182469045018","-4.934155534947692","-6.360497426310939","-11.11044414755912","-9.197196027705917","-4.791504892063985","-4.898226023040498","-5.027918618830627","-6.093717479856094","-3.242488736559883","-2.001114262560778","-2.269249439448926","-2.334113805769768","-7.151074306177261","-6.451032839578323","-7.51317012705299","-5.456656173955752","-5.514425210830004","-5.19301060889721","-3.531088195622852","-1.035613673632427","0.8074958780713395","0.2208093149740506","2.315187498861712","-7.240516307025323","-2.56993006993007","0.140651344396131","-0.785482465556215","-1.947003267273204","-2.893567839300465","-2.907503845591398","-2.855961000374192","-2.768775806929697","-2.620321098482894","-2.465155570541042","-2.441762463617885"
"IMF.FAD:FM(5.0.0)","LTU.G2M_S13_POGDP_PT.A","OBS_VALUE","Lithuania, Republic of","Expenditure, General government, Percent of GDP","Annual","Units","","","","","","","","","","","","","","","","","","","","","","","","","","","","","","","","","","","","","","","","35.45439368444372","34.35654035612223","35.05873603188419","39.58096161634127","42.42542054266141","38.7040949833636","36.49492832001605","34.43796980408011","32.83065718792138","33.94063000650675","34.11160835561402","34.42075177695006","35.2910357474002","38.15328341931452","44.81273512351513","43.03422141224797","40.10276399716513","36.60210939239151","35.73343502607788","35.00341908039096","35.19811340911033","34.47208009357304","33.36613148906781","33.78443366561997","34.64040209168909","42.35689766678275","37.34961858988492","36.552384246559","37.18728179517571","39.41382055881225","41.19334395180287","42.73517563705083","42.70783622661759","42.31146563319139","42.84531032205138","43.24570022764425","43.29034241636792"
"IMF.FAD:FM(5.0.0)","MNE.G2M_S13_POGDP_PT.A","OBS_VALUE","Montenegro","Expenditure, General government, Percent of GDP","Annual","Units","","","","","","","","","","","","","","","","","","","","","","","","","","","","","","","","","","","","","","","","","","","","","","","37.50839955014564","43.29502682229157","39.95876704189222","38.22905258221757","42.58834939818195","43.89164501120546","51.15234567661609","51.54575803904024","46.71472228500561","45.65371012355531","45.88334881391871","46.27976368754648","44.34619379207483","46.88744531179601","47.72799916578753","47.60933364721072","47.82389428870226","44.44422011141293","54.94556378721034","45.10138037341179","42.15100370534628","40.35973383395274","44.10643671648878","43.88284798336626","44.60467918926247","44.70053649778851","44.6015368637132","44.69802354650751","44.84566525523768","45.13549931108768"
"IMF.FAD:FM(5.0.0)","LTU.GNLB_S13_POGDP_PT.A","OBS_VALUE","Lithuania, Republic of","Net lending (+) / net borrowing (-), General government, Percent of GDP","Annual","Units","","","","","","","","","","","","","","","","","","","","","","","","","","","","","","","","","","","","","","","","-3.307783075878367","-3.584485351732929","-0.7608290680463976","-4.932634515305679","-7.82105992464191","-3.184327685677978","-3.524814130280305","-1.854075385427912","-1.26452880870005","-1.388288943445953","-0.343622958398269","-0.2724795640326975","-0.8162167937984069","-3.087970394696533","-9.090268897907748","-6.950591570482224","-5.917466658076155","-3.145738197089207","-2.693806395747255","-1.789456050399167","-0.7664943167250662","0.03400782179901377","0.3599912958740551","0.5224755898795107","0.4118393664009748","-6.417989154768419","-1.1503152696327","-0.718166312826507","-0.6635444737589149","-1.281144105610528","-2.184800982216364","-2.8324981261842","-3.032371946896166","-3.31343410259995","-3.816637690462775","-4.339123177199399","-4.309774151788617"
"IMF.FAD:FM(5.0.0)","GX161.G1_S13_POGDP_PT.A","OBS_VALUE","Oil Producers","Revenue, General government, Percent of GDP","Annual","Units","","","","","","","","","","","","","","","","","","","","","","","","","","","","","","","","","","","28.83671142863384","32.49194502635053","36.9862000404167","35.70338527114851","34.36847864008213","33.48232192344897","33.43144027959712","33.09206647847202","30.01708639926015","32.82672006703956","35.82620429471859","33.82723181714608","34.58052458277264","35.02478056777369","35.990666285883","38.0506311741517","38.04692715067614","36.79019599923752","38.14176892805258","32.79232324714982","33.12693114210998","35.10574032232388","35.62978384468791","34.28985617910905","32.60885678980818","29.47198757437118","29.06477242828001","30.0988100417272","32.60867058151003","32.53410048562402","31.5935508210352","33.04363580361304","33.91847133729431","33.53064862741641","34.09225376454348","33.44217778461962","33.56134916585357","33.31763752684298","32.88732269229185","32.80204416284542","32.72169669965453","32.63499537444003"
"IMF.FAD:FM(5.0.0)","G001.G2M_S13_POGDP_PT.A","OBS_VALUE","World","Expenditure, General government, Percent of GDP","Annual","Units","","","","","","","","","","","","","","","","","","","","","","","","","","","","","","","","","","","","38.34007128532957","39.65631310029653","38.7209892654603","38.21274416803695","38.34175467528339","36.89793705256287","35.56597184242703","37.02377752332561","35.9297613960669","34.81666121997996","34.44013899074505","35.22539859848661","35.74422213687256","35.17898614956384","34.81931639683463","34.3183361778845","34.32877999127295","35.88315661740805","38.94863092295193","37.36940190695912","36.63146426865085","36.2518686234738","35.82656432922727","35.47605568646153","35.25000398491374","35.22707780160017","34.84916038107597","34.92944593754239","35.25343390648189","40.78994382679479","38.39562182591401","35.9978445462731","36.45066853300053","36.72044256697845","36.93593142224163","37.12749981878324","37.02588144566679","36.85168098401924","36.65414508065586","36.63016942603053","36.55719688980566"
"IMF.FAD:FM(5.0.0)","BOL.G2M_S13_POGDP_PT.A","OBS_VALUE","Bolivia","Expenditure, General government, Percent of GDP","Annual","Units","","","","","","","","","","","","","","","","","","","","","","","","","","41.78837351656491","22.35715584266337","28.69700164401696","25.97321684537485","19.48948332193854","19.8910773180275","21.84932428450153","21.45195409663057","21.84003423916186","20.37917153079457","21.63611977487452","22.59562247942369","24.32085918955701","23.94972787476902","23.06743092393247","23.30635615623522","25.30353167385615","26.81855096191569","26.27400811606067","26.22932010137507","28.63765184731576","29.6323652468792","28.58335296203087","29.02413186079378","29.54871467997049","26.64843469327097","28.94280822456636","31.09883271173869","28.89123228985578","27.45825226451452","30.56874589990066","31.26846605940295","30.43165239640632","34.87695508464344","36.96103765148421","32.86487608000347","31.5568578418177","31.38518546452646","30.13281555142391","31.93469984747558","29.43192036533068","31.17835849486148","33.48650322734225","33.52364633159394","32.17626928065221","29.00239977558751","","","","",""
"IMF.FAD:FM(5.0.0)","AND.GNLB_S13_POGDP_PT.A","OBS_VALUE","Andorra, Principality of","Net lending (+) / net borrowing (-), General government, Percent of GDP","Annual","Units","","","","","","","","","","","","","","","","","","","","","","","","","","","","","","","","","","","","","","","","","","","","","","0.6577747178499326","0.9776514044687887","1.764419602961066","1.854838388725194","-0.0814270898271465","-1.435979671013709","-2.828197900802349","-3.191714901801912","-3.509616298528455","-0.343485233888353","0.4174901408396683","-1.648178088522675","3.360523582473155","2.143372826462121","1.654706169790536","4.082614886161277","3.349103215275477","2.680237231907297","2.314945977178703","-1.049764463136435","-1.154774945659328","4.845098370873841","2.150282228659251","2.783463155570543","3.498424739095242","2.238496661595304","1.859951832858182","1.875968520592929","1.891607653686433","1.881249339592387","1.749546683174087"
"IMF.FAD:FM(5.0.0)","GTM.GNLB_S13_POGDP_PT.A","OBS_VALUE","Guatemala","Net lending (+) / net borrowing (-), General government, Percent of GDP","Annual","Units","","","","","","","","","","","","","","","","","","","","","","","","","","","","","","","","","","","","","","","","-0.5281099055996574","0.03706665463654331","-0.78987108561143","-2.291332638658577","-2.961907689672385","-1.876629031123794","-2.003346106583072","-1.032200499501477","-2.468632804841586","-1.047614789551068","-1.670119167172505","-1.878487661381465","-1.403011626788431","-1.569811648632944","-3.120003492587669","-3.27725404596114","-2.80411076204941","-2.416249522609355","-2.163820818538269","-1.921281985762224","-1.472112171559103","-1.110088955393267","-1.384181337712369","-1.880525562488037","-2.236042158272034","-4.909562253732259","-1.162111967913216","-1.695140175563341","-1.251580828919372","-0.9603368972983387","-1.912765221256491","-2.167309138083913","-2.525484081458217","-2.542531434818944","-2.465428008825887","-2.488918181877813","-2.44636165727277"
"IMF.FAD:FM(5.0.0)","JAM.GNLB_S13_POGDP_PT.A","OBS_VALUE","Jamaica","Net lending (+) / net borrowing (-), General government, Percent of GDP","Annual","Units","","","","","","","","","","","","","","","","","","","","","","","","","","","","","","","","","","","2.062398773539511","3.144088232397674","2.834316708605414","2.366928944858939","2.39710345641803","1.534207650389445","-5.24731268915717","-6.388794366708844","-5.731028218665968","-3.413952529806212","-0.7826828401767996","-4.769814209752365","-6.55445373257969","-5.423905464177231","-4.555154231266413","-3.222055317534313","-4.741547471803494","-3.702720762076442","-7.32172305202497","-10.84404088659367","-6.172347502488146","-6.241300336321885","-3.973550773862083","0.1159705180861321","-0.4830728905862797","-0.2750496436805819","-0.1828158685735953","0.4249814971663363","1.104383485172303","0.8460789359917663","-2.866624538270211","0.841182177938682","0.2575278871006664","0.03510746841259935","0.2195606891108033","-3.770637795257955","-4.885413437546772","-3.088290559826986","-2.052202628037909","-1.726540633386744","-1.635885338042249","-1.53866835263635"
"IMF.FAD:FM(5.0.0)","GRD.G2M_S13_POGDP_PT.A","OBS_VALUE","Grenada","Expenditure, General government, Percent of GDP","Annual","Units","","","","","","","","","","","","","","","","","","","","","","","","","","","","","","","","","","","28.97305791948007","26.83086016870882","21.79542170688893","23.13032504871547","24.7490385543404","23.24221178304307","26.25140179274423","26.56971206240379","25.30026413276409","23.74165341193917","25.60894724097655","29.56569171648164","35.74618119006656","28.70689255835814","24.72436864034817","26.56490864336618","32.36377918939406","27.66355433864629","27.89837855748428","27.15684188951422","27.98087856944993","28.32243005950432","26.21723504917386","28.11540829456927","28.691467330013","25.26071678448839","23.52679713402386","22.58587423097047","22.07648493251191","21.64422291486706","32.68277132542491","31.26091687342914","32.00187704409892","28.66636551039373","38.30622721542965","39.13210076634915","36.87152092518211","31.21376726399613","30.95234844695351","30.75327913955548","30.31151555329944","30.28737440339433"
"IMF.FAD:FM(5.0.0)","GAB.G1_S13_POGDP_PT.A","OBS_VALUE","Gabon","Revenue, General government, Percent of GDP","Annual","Units","","","","","","","","","","","","","","","","","","","","","","","","","","","","","","","","","","","18.75827504509858","23.05291373254796","21.64078456372881","21.52562454026312","22.37992653067378","27.71683878157204","24.34320818097202","31.10429066731231","32.38377386333916","26.61103300773132","31.42922248040083","31.90054547016223","29.44661134155735","29.00210685984668","27.86667479060566","28.74491951672192","29.80671976940917","27.45076104565586","29.92343674423909","29.36833383712447","25.78827315856866","23.4834141268424","30.15375859931623","31.60545810503131","29.73511010547571","21.13613970948365","17.1376652453428","16.41448709234381","16.91817061199558","19.53425842010833","17.58563463066759","15.32737819872904","18.76366064744568","23.25752802617214","21.47198105761642","20.16573043035778","19.58276804786933","19.31771307345111","19.21974746141836","19.20345372474215","19.192779077391","19.13755993354573"
"IMF.FAD:FM(5.0.0)","GMB.G2M_S13_POGDP_PT.A","OBS_VALUE","Gambia, The","Expenditure, General government, Percent of GDP","Annual","Units","","","","","","","","","","","","","","","","","","","","","","","","","","","","","","","","","","","","","","","","","","","","","9.53794590624516","9.681435189778287","8.594608407208739","9.302033756407434","12.3765841846282","12.9467814608908","14.02122564481035","11.19442122543663","11.55107486717068","14.353100808416","14.55481955881023","16.54426581178822","19.11916466693753","17.17914248820992","18.98242870857693","19.57830193689003","19.37245405686476","23.62194045009081","19.00761960389648","23.9350798235246","25.34783661882176","21.49645164680171","24.6350672502611","23.94524037462773","25.33246018396782","27.13771853993919","25.47436319991275","24.04837013724886","23.50275413155122","23.27593622715282","23.0637734582481","22.67263470117583"
"IMF.FAD:FM(5.0.0)","SOM.G2M_S13_POGDP_PT.A","OBS_VALUE","Somalia","Expenditure, General government, Percent of GDP","Annual","Units","","","","","","","","","","","","","","","","","","","","","","","","","","","","","","","","","","","","","","","","","","","","","","","","","","","","","","","","","","2.001439662030363","2.310183760902629","1.822234691341783","1.853662346675646","2.879955213592115","3.400924514162327","3.633240531484691","5.472849471282151","4.852285567094601","7.052156506681045","6.68155632009237","7.36011798588069","7.48515741420185","7.766587336337695","6.974040466573929","6.970328940945724","7.172879278429762","7.210027922680727","7.229004178741272"
"IMF.FAD:FM(5.0.0)","BOL.G1_S13_POGDP_PT.A","OBS_VALUE","Bolivia","Revenue, General government, Percent of GDP","Annual","Units","","","","","","","","","","","","","","","","","","","","","","","","","","33.15587307415198","8.131464475357766","10.98145928804967","3.246359181503355","10.72083430068394","17.47522538375376","14.95967335957807","15.63601425192681","16.91885432521145","16.44222696617003","17.87812783773762","18.65867850738011","18.86282337757411","21.26544793165107","21.44202388235697","21.60631218084338","22.36791128009964","22.25527506741343","22.84120145396456","22.89353822044665","22.525989352365","21.81052462597777","21.54655897680018","24.04978129891235","27.54979962058365","30.64103966662763","27.57774054159125","34.20373892115727","31.17978060492816","28.87373971596094","31.28756593644067","32.75686486950861","30.94290829847601","31.99343129712002","31.20282052100275","26.91276658340843","25.14171652122721","24.58468039617124","24.08952454176212","20.95223365009032","21.56638299163714","25.02969921422483","24.02494116544369","24.82273864021419","20.57746323868516","19.70363866716594","","","","",""
"IMF.FAD:FM(5.0.0)","LKA.GNLB_S13_POGDP_PT.A","OBS_VALUE","Sri Lanka","Net lending (+) / net borrowing (-), General government, Percent of GDP","Annual","Units","","","","","","","","","","","","","","","","","","","","","","","","","","","","","","","","","","","-6.388579983354363","-7.972537515560302","-4.951440055762094","-5.774540618788732","-7.405552745646291","-7.110119594174636","-6.892287397570523","-5.710359366917505","-6.785599896334546","-5.58394933305292","-7.777838188947979","-8.480272856194902","-6.904441725566601","-6.152273326016532","-6.322859786080388","-5.933252353432437","-5.913277332196165","-5.808207168004501","-5.930205426454054","-8.327736252369027","-6.727562636253073","-6.009432990048532","-5.439399570667397","-5.004734167204145","-5.991644603887108","-6.638963111136893","-4.997481459027389","-5.098197933888864","-4.95552547320748","-7.519227905602082","-13.35806409138022","-11.68346976058032","-10.22295826827289","-8.32342585234424","-5.425595690812753","","","","","","",""
"IMF.FAD:FM(5.0.0)","VEN.G2M_S13_POGDP_PT.A","OBS_VALUE","Venezuela, República Bolivariana de","Expenditure, General government, Percent of GDP","Annual","Units","","","","","","","","","","","","","","","","","","","","","","","","","","","","","","","","","33.20974511669583","32.52608948398403","31.93282252432068","33.89180092925587","30.64722802793287","27.66699372581298","42.21708758623275","32.86949663462982","27.72998755437504","30.98882027561871","28.7901081999868","26.10464223966602","28.29303120764939","31.89871876269309","30.98983831190247","32.17542790298127","31.91444790335169","33.53026316328485","39.26663212154897","35.94942626987794","34.8794137209568","33.26949818700425","31.09867922469948","39.3606400724623","38.00705812915893","36.45071738104379","31.60658868596581","22.94833589219562","19.68590492611366","21.76641089695299","37.86053895899548","21.0219344172212","11.15919715337654","13.13042208358097","15.13913242653045","13.12107431311673","17.51595015785875","20.29385224270948","","","","","",""
"IMF.FAD:FM(5.0.0)","VEN.G1_S13_POGDP_PT.A","OBS_VALUE","Venezuela, República Bolivariana de","Revenue, General government, Percent of GDP","Annual","Units","","","","","","","","","","","","","","","","","","","","","","","","","","","","","","","","","23.96504886942667","31.61862178364717","35.7705140351837","31.61562058078675","24.27933435619576","24.7460828600369","31.02964790663232","27.00511291974607","35.66987032692558","33.5660078203233","24.30075791765766","26.84739302705379","32.742655512065","27.30531074452904","29.50752603212335","32.34684434785827","34.38490098770791","37.62501402976944","37.66198207229277","33.13400030734364","31.41839446124036","24.58353170862976","26.35918794439904","31.11667229724572","28.15121289183648","26.09927845621474","21.79819467393755","14.88499873672864","11.22323854510122","8.493169486935623","6.884412625179364","10.08903880238159","4.53098073543746","7.283766926797441","9.849302608263328","11.87260794033206","13.84659906982989","14.452180914427","","","","","",""
"IMF.FAD:FM(5.0.0)","BOL.GNLB_S13_POGDP_PT.A","OBS_VALUE","Bolivia","Net lending (+) / net borrowing (-), General government, Percent of GDP","Annual","Units","","","","","","","","","","","","","","","","","","","","","","","","","","-8.63250044241293","-14.22569136730561","-17.71554235596729","-22.7268576638715","-8.768649021254596","-2.415851934273745","-6.889650924923463","-5.815939844703763","-4.921179913950405","-3.936944564624545","-3.757991937136895","-3.936943972043578","-5.458035811982899","-2.68427994311795","-1.625407041575494","-1.700043975391842","-2.935620393756509","-4.563275894502255","-3.432806662096103","-3.335781880928416","-6.111662494950757","-7.821840620901427","-7.036793985230691","-4.974350561881435","-1.998915059386842","3.992604973356658","-1.36506768297511","3.104906209418574","2.288548315072386","1.415487451446418","0.7188200365400171","1.488398810105664","0.5112559020696877","-2.883523787523423","-5.75821713048146","-5.952109496595041","-6.415141320590483","-6.800505068355227","-6.043291009661794","-10.98246619738526","-7.865537373693535","-6.148659280636658","-9.461562061898568","-8.700907691379746","-11.59880604196705","-9.298761108421575","","","","",""
"IMF.FAD:FM(5.0.0)","LKA.G2M_S13_POGDP_PT.A","OBS_VALUE","Sri Lanka","Expenditure, General government, Percent of GDP","Annual","Units","","","","","","","","","","","","","","","","","","","","","","","","","","","","","","","","","","","25.35264481784878","26.42198150359245","23.02830900642902","23.17653065638173","24.10188509515225","24.76406271419965","23.09694099856491","21.40540143523716","21.37325469329395","20.50990450446464","21.73224654874979","22.40623446830388","20.80152239160908","19.34448909426697","19.26637969063415","20.14545987615694","20.52297544576051","19.87563504223761","19.08661077746384","21.01211489336037","19.31026098294228","19.13164002992329","17.31499479214235","16.60928983467141","17.17109444255535","19.26880353544099","18.21499832903743","17.88419371253254","17.5432489483084","19.45318081052979","22.13529017867409","19.99473560988873","18.58673633405759","19.53548274753897","19.10787086287937","","","","","","",""
"IMF.FAD:FM(5.0.0)","VEN.GNLB_S13_POGDP_PT.A","OBS_VALUE","Venezuela, República Bolivariana de","Net lending (+) / net borrowing (-), General government, Percent of GDP","Annual","Units","","","","","","","","","","","","","","","","","","","","","","","","","","","","","","","","","-9.244696247269158","-0.9074677003368584","3.837691510863014","-2.276180348469123","-6.367893671737116","-2.920910865776087","-11.18743967960043","-5.864383714883754","7.939882772550544","2.577187544704592","-4.489350282329148","0.742750787387773","4.449624304415612","-4.593408018164055","-1.482312279779115","0.1714164448770003","2.470453084356228","4.094750866484592","-1.604650049256205","-2.815425962534296","-3.461019259716438","-8.685966478374492","-4.739491280300442","-8.243967775216577","-9.855845237322453","-10.35143892482905","-9.808394012028262","-8.063337155466983","-8.462666381012436","-13.27324141001737","-30.97612633381611","-10.93289561483961","-6.628216417939083","-5.846655156783526","-5.289829818267126","-1.248466372784672","-3.669351088028858","-5.841671328282483","","","","","",""
"IMF.FAD:FM(5.0.0)","BEL.G1_S13_POGDP_PT.A","OBS_VALUE","Belgium","Revenue, General government, Percent of GDP","Annual","Units","","","","","","","","","","","","","","","","","","","","","","","","","47.31653707615324","47.93771902617024","49.20837204137345","49.60790512874529","50.20845527395733","50.29019808147967","49.5725770274653","49.83281683789914","48.47913052206607","46.56227224822498","47.37638363437088","47.95299963832087","47.49182540683115","49.34925551587627","49.37253673101834","48.13630101192456","49.04941013962518","49.45051561572684","49.93435758993053","49.84829225613682","49.31908602989359","49.61215881362665","49.8600208596366","49.18307545136753","49.08014958560744","49.14706954331257","49.02903574031758","48.62935402291491","49.67999363171406","49.08269228004084","49.7693823952076","50.58553599104415","51.89642105914378","52.73840204552769","52.24128862428048","51.40557542270502","50.94749420608822","51.49088424205247","51.40267948081795","49.70324082378412","49.41837196765499","49.53713785478424","48.9025474382203","48.79722963730295","49.6927476977842","49.73353503000967","49.80603981691305","49.88448951418124","49.95875788774829","50.20678802555407","50.24685014759054","50.36818796373245"
"IMF.FAD:FM(5.0.0)","BLR.GNLB_S13_POGDP_PT.A","OBS_VALUE","Belarus, Republic of","Net lending (+) / net borrowing (-), General government, Percent of GDP","Annual","Units","","","","","","","","","","","","","","","","","","","","","","","","","","","","","","","","","","","","","","","","","","","","","","-4.738411380553976","-7.807180093294521","-6.739276111318036","-7.063404255415223","-6.706171322719903","-7.705104203322745","-7.82092977524185","-10.90631238741207","-7.231963268124086","-4.186628047916004","-2.805920044882748","0.359824810791928","-0.9819590405955969","0.09211040549262856","-2.963639128903954","-1.659082683150007","-0.3365245445095047","1.804798376672932","0.9095516942790916","-2.870345608484125","-0.2228171674085911","-1.976024296205966","0.758292243404521","0.5387989130815501","0.1503254548365785","-0.1792714596078886","-0.1665043155816573","-0.1373625382427627","-0.1631491389253974","-0.1916585163685676","-0.2521481888010597"
"IMF.FAD:FM(5.0.0)","GX35.GNLB_S13_POGDP_PT.A","OBS_VALUE","Emerging Market and Middle-Income Economies","Net lending (+) / net borrowing (-), General government, Percent of GDP","Annual","Units","","","","","","","","","","","","","","","","","","","","","","","","","","","","","","","","","","","","","","-2.54137641076413","-2.803460919396919","-1.897297453484993","-1.425604859218775","-1.951302298232314","-3.801893024971078","-3.054206613541637","-1.327703637632519","-2.87957204270238","-3.459428287408183","-2.688769824434903","-1.125535727725452","0.553318508674386","0.8451508544827098","0.7427262946459203","0.6618740486662913","-3.788649725678837","-2.209376424778833","-0.8969227072314342","-0.879472772047738","-1.577706659266487","-2.306262212621947","-4.012436186651501","-4.363652892725513","-3.759235527646831","-3.428846640234245","-4.379676402352683","-8.633777417869675","-4.985488385072601","-4.836442394008618","-5.272486652475379","-5.493393449332885","-6.072646161313201","-5.955587746718297","-5.904552747901824","-5.694320478350493","-5.450071434622932","-5.372827739068321","-5.371004397280297"
"IMF.FAD:FM(5.0.0)","GX35.G2M_S13_POGDP_PT.A","OBS_VALUE","Emerging Market and Middle-Income Economies","Expenditure, General government, Percent of GDP","Annual","Units","","","","","","","","","","","","","","","","","","","","","","","","","","","","","","","","","","","22.77792142245667","","","21.25085080843668","21.35288041888164","21.60054971528475","21.4085584929668","21.79261393933814","23.13582977738443","22.75395791322242","23.06440659688257","25.61984563662667","26.63281696989655","26.29353397307814","25.71211227536793","25.88274641315248","26.22278269059399","26.43835378191935","28.59060407793578","30.37190074158034","29.26288905303929","29.39994121904412","29.93807936978188","30.17390782020848","30.33494062947825","31.24329610386198","31.2123157151785","30.84854613283723","31.03195228297771","31.52734209281995","33.9166927834999","31.18383200457415","31.23756196240406","31.88212089022407","32.11448053970999","32.32317138433236","32.2339980142152","32.15660034552657","31.92006843924048","31.68004453068821","31.61113493936492","31.56882131704189"
"IMF.FAD:FM(5.0.0)","GX229.G2M_S13_POGDP_PT.A","OBS_VALUE","Low-Income Developing Countries","Expenditure, General government, Percent of GDP","Annual","Units","","","","","","","","","","","","","","","","","","","","","","","","","","","","","","","","","","","14.56359368688209","14.08383093492126","15.52316389438343","17.98976231366608","14.18838367854685","12.30542097496287","10.78220175239752","11.73472037133241","12.74410812129961","14.60587407178829","15.35805170756473","17.09860479636139","14.75831566697793","15.67124320816998","14.81118677690753","14.79707056704944","13.36494904354619","15.2595470353441","14.53533543255656","15.31513785744479","15.61436903622441","15.94836433646633","15.81906031775035","15.93189288841673","15.66532007617183","14.9862045129334","14.87375982308583","15.62872436077788","15.85865516619583","15.99411914886849","16.72108424558826","16.67682747215834","17.39097548160547","17.24646159367628","17.96050887366103","18.1283279552282","19.13413821618398","19.39724642628796","19.57178567600259","19.68210198928085","19.78595693297229","19.82071990681091"
"IMF.FAD:FM(5.0.0)","G110.GNLB_S13_POGDP_PT.A","OBS_VALUE","Advanced Economies","Net lending (+) / net borrowing (-), General government, Percent of GDP","Annual","Units","","","","","","","","","","","","","","","","","","","","","","","","","","","","","","","","","","","","-2.77567637977291","-3.581137657606918","-4.673893967544158","-4.512061363331228","-5.286834507727238","-3.796632794117096","-2.435907402662274","-3.785197110317856","-2.321499753793451","-2.133020572120933","-1.656834009630198","-3.468577317458088","-3.951345672161363","-3.228505372148043","-2.399499246587413","-1.370794257019831","-1.247412675269227","-3.480871485378277","-8.593681124179786","-7.603989587487037","-6.204441419364967","-5.500810950383503","-3.693881843312705","-3.075426326859835","-2.573421814828417","-2.636261631270137","-2.448210887119346","-2.420332964477024","-2.967622142538637","-10.2386068163763","-7.264569152806148","-2.902642430479337","-4.912809799343378","-4.89139725991578","-4.360819750400993","-4.761675176703933","-4.663924254678441","-4.698392697551054","-4.573097383668718","-4.558077376499296","-4.51148080747438"
"IMF.FAD:FM(5.0.0)","GX229.GNLB_S13_POGDP_PT.A","OBS_VALUE","Low-Income Developing Countries","Net lending (+) / net borrowing (-), General government, Percent of GDP","Annual","Units","","","","","","","","","","","","","","","","","","","","","","","","","","","","","","","","","","","-1.654809131573809","-2.081439782205577","-1.88996862272286","-4.557072921533159","-2.568502720961236","0.5255212594926797","0.8968669304939859","-0.219634325228846","-2.708637501823313","-1.978182376021348","-0.7386689903043249","-2.304587778747646","-1.318930545368734","-1.727741270669063","0.2350855006176754","0.2965868129055153","2.727634668731407","-0.835737480809112","1.051528126156139","-2.954580914512986","-2.256981717740545","-0.9816427778157081","-1.317942891180952","-2.444915220241523","-2.407363105757848","-3.153251707858581","-3.239356499897053","-3.570312788483699","-3.305145760282361","-3.729615205304305","-4.993079439810092","-4.212066307759432","-4.189834353211034","-3.764946424529384","-2.98469192383207","-2.757150286414939","-3.513908365043318","-3.230874730012609","-3.175388096367028","-3.142598215239254","-3.124699956548387","-3.107043229318311"
"IMF.FAD:FM(5.0.0)","G110.G2M_S13_POGDP_PT.A","OBS_VALUE","Advanced Economies","Expenditure, General government, Percent of GDP","Annual","Units","","","","","","","","","","","","","","","","","","","","","","","","","","","","","","","","","","","","41.28618917295289","42.45406338239155","42.64852606502555","42.02974289904438","42.37680549259883","41.30465484824728","40.09694322999974","41.97281378187683","40.37465127946545","39.58380140145587","36.95472056281805","37.63047879867172","38.36329689926846","37.99708024338005","37.86660633665203","37.49192344520999","37.77315783345393","39.61823704085914","43.35937724353232","42.13196229017103","41.32873944027811","40.70346524768825","40.10474841545728","39.49323186491884","38.56650294410077","38.43526237391849","38.10419982576133","38.15766175604916","38.44562347554094","46.07554242951959","44.01342891224832","40.06246468249325","40.26611929665304","40.4786013080422","40.7011308738884","41.11919317551791","41.02574479544218","40.97149786747227","40.90083076250558","41.00920467946982","41.02109576869739"
"IMF.FAD:FM(5.0.0)","G110.G1_S13_POGDP_PT.A","OBS_VALUE","Advanced Economies","Revenue, General government, Percent of GDP","Annual","Units","","","","","","","","","","","","","","","","","","","","","","","","","","","","","","","","","","","","38.51051279317998","38.87292572478465","37.97463209748141","37.51768153571315","37.08997098487161","37.50802205413019","37.66103582733747","38.18761667155898","38.053151525672","37.44809201714048","35.29648840197086","34.16052014320972","34.41044783582928","34.7669149698153","35.46536977206803","36.11920697556125","36.52365327431602","36.13538993749378","34.76415909678476","34.52615455721335","35.12429802091317","35.20265429730475","36.41086657214456","36.41780553805901","35.99308112927235","35.79900074264832","35.65598893864194","35.73732879157214","35.4780013330023","35.8369356131433","36.7488597594422","37.1598222520139","35.35330949730962","35.58720404812647","36.3403111234874","36.35751799881396","36.36182054076376","36.27310516992123","36.32773337883689","36.45112730297055","36.50961496122303"
"IMF.FAD:FM(5.0.0)","GX35.G1_S13_POGDP_PT.A","OBS_VALUE","Emerging Market and Middle-Income Economies","Revenue, General government, Percent of GDP","Annual","Units","","","","","","","","","","","","","","","","","","","","","","","","","","","","","","","","","","","19.10168107875643","","20.1755375510309","18.68153061043252","18.53955741908764","19.67000316320925","20.00300242064486","19.85189043020986","19.38985979215352","19.7510567327901","21.77500941136612","22.74794610369048","23.17111107184305","23.60165796203914","24.58296072314536","26.43606492182685","27.06793354507672","27.18108007656529","29.25247812660206","26.58325101590151","27.05351262826047","28.50301851181267","29.05860659773414","28.596201160942","28.02867841685632","27.23085991721049","26.84866282245299","27.08931060519041","27.60310564274348","27.14766569046725","25.28291536563016","26.19834361950153","26.40111956839541","26.60963423774864","26.62108709037709","26.25052522301919","26.27841026749684","26.25204759762475","26.22574796089008","26.22997309606533","26.23830720029671","26.19781691976162"
"IMF.FAD:FM(5.0.0)","GX229.G1_S13_POGDP_PT.A","OBS_VALUE","Low-Income Developing Countries","Revenue, General government, Percent of GDP","Annual","Units","","","","","","","","","","","","","","","","","","","","","","","","","","","","","","","","","","","12.96325800628849","12.04864390561268","13.66159653942385","13.51101252172948","11.69873661315562","12.85593667800518","11.71681845915895","11.53998666701762","10.04378902788201","12.6304001517538","14.70841705451573","14.79863177071877","13.47489084263644","13.97673445687902","15.0462722775252","15.09365737995495","16.0925837122776","14.42380955453498","15.5868635587127","12.36055694293178","13.35738731848387","14.96672155865063","14.5011174265694","13.48697766817521","13.25795697041399","11.83295280507481","11.63440332318878","12.05841157229418","12.55350940591347","12.2645039435642","11.72800480577818","12.46476116439892","13.20114112839443","13.4815151691469","14.97581694982896","15.37117766881325","15.62022985114065","16.16637169627535","16.39639757963556","16.5395037740416","16.6612569764239","16.71367667749261"
