"DATASET","SERIES_CODE","OBS_MEASURE","COUNTRY","INDICATOR","FREQUENCY","SCALE","1950","1951","1952","1953","1954","1955","1956","1957","1958","1959","1960","1961","1962","1963","1964","1965","1966","1967","1968","1969","1970","1971","1972","1973","1974","1975","1976","1977","1978","1979","1980","1981","1982","1983","1984","1985","1986","1987","1988","1989","1990","1991","1992","1993","1994","1995","1996","1997","1998","1999","2000","2001","2002","2003","2004","2005","2006","2007","2008","2009","2010","2011","2012","2013","2014","2015","2016","2017","2018","2019","2020","2021","2022","2023","2024"
"IMF.FAD:GDD(2.0.0)","KHM.FL_S1311MIXED_POGDP_PT.A","OBS_VALUE","Cambodia","Debt instruments, Central government, Percent of GDP","Annual","Units","","","","","","","","","","","","","","","","","","","","","","","","","","","","","","","","","","","","","","","","","","","","","","","","","","","","","","","","","","","","","","","","","","","","","","","","","","",""
"IMF.FAD:GDD(2.0.0)","COD.FL_S1311MIXED_POGDP_PT.A","OBS_VALUE","Congo, Democratic Republic of the","Debt instruments, Central government, Percent of GDP","Annual","Units","","","","","","","","","","","","","","","","","","","","","","","","","","","","","","","","","","","","","","","","","","","","","","","","","","","","","","","","","","","","","","","","","","","","","","","","","","",""
"IMF.FAD:GDD(2.0.0)","CHN.FL_S1311MIXED_POGDP_PT.A","OBS_VALUE","China, People's Republic of","Debt instruments, Central government, Percent of GDP","Annual","Units","","","","","","","","","","","","","","","","","","","","","","","","","","","","","","","","","","","","","","","","","","","","","","","","","","","","","","","","","","","","","","","","","","","","","","","","","","",""
"IMF.FAD:GDD(2.0.0)","ETH.FL_S1311MIXED_POGDP_PT.A","OBS_VALUE","Ethiopia, The Federal Democratic Republic of","Debt instruments, Central government, Percent of GDP","Annual","Units","","","","","","","","","","","","","","","","","","","","","","","","","","","","","","","","","","","","","","","","","","","","","","","","","","","","","","","","","","","","","","","","","","","","","","","","","","",""
"IMF.FAD:GDD(2.0.0)","GEO.FL_S1311MIXED_POGDP_PT.A","OBS_VALUE","Georgia","Debt instruments, Central government, Percent of GDP","Annual","Units","","","","","","","","","","","","","","","","","","","","","","","","","","","","","","","","","","","","","","","","","","","","","","","","","","","","","","","","","","","","","","","","","","","","","","","","","","",""
"IMF.FAD:GDD(2.0.0)","MHL.FL_S1311MIXED_POGDP_PT.A","OBS_VALUE","Marshall Islands, Republic of the","Debt instruments, Central government, Percent of GDP","Annual","Units","","","","","","","","","","","","","","","","","","","","","","","","","","","","","","","","","","","","","","","","","","","","","","","","","","","","","","","","","","","","","","","","","","","","","","","","","","",""
"IMF.FAD:GDD(2.0.0)","MUS.FL_S1311MIXED_POGDP_PT.A","OBS_VALUE","Mauritius","Debt instruments, Central government, Percent of GDP","Annual","Units","","","","","","","","","","","","","","","","","","","","","","","","","","","","","","","","","","","","","","","","","","","","","","","","","","","","","","","","","","","","","","","","","","","","","","","","","","",""
"IMF.FAD:GDD(2.0.0)","FSM.FL_S1311MIXED_POGDP_PT.A","OBS_VALUE","Micronesia, Federated States of","Debt instruments, Central government, Percent of GDP","Annual","Units","","","","","","","","","","","","","","","","","","","","","","","","","","","","","","","","","","","","","","","","","","","","","","","","","","","","","","","","","","","","","","","","","","","","","","","","","","",""
"IMF.FAD:GDD(2.0.0)","NRU.FL_S1311MIXED_POGDP_PT.A","OBS_VALUE","Nauru, Republic of","Debt instruments, Central government, Percent of GDP","Annual","Units","","","","","","","","","","","","","","","","","","","","","","","","","","","","","","","","","","","","","","","","","","","","","","","","","","","","","","","","","","","","","","","","","","","","","","","","","","",""
"IMF.FAD:GDD(2.0.0)","NLD.FL_S1311MIXED_POGDP_PT.A","OBS_VALUE","Netherlands, The","Debt instruments, Central government, Percent of GDP","Annual","Units","","","","","","","","","","","","","","","","","","","","","","","","","","","","","","","","","","","","","","","","","","","","","","","","","","","","","","","","","","","","","","","","","","","","","","","","","","",""
"IMF.FAD:GDD(2.0.0)","PAN.FL_S1311MIXED_POGDP_PT.A","OBS_VALUE","Panama","Debt instruments, Central government, Percent of GDP","Annual","Units","","","","","","","","","","","","","","","","","","","","","","","","","","","","","","","","","","","","","","","","","","","","","","","","","","","","","","","","","","","","","","","","","","","","","","","","","","",""
"IMF.FAD:GDD(2.0.0)","PHL.FL_S1311MIXED_POGDP_PT.A","OBS_VALUE","Philippines","Debt instruments, Central government, Percent of GDP","Annual","Units","","","","","","","","","","","","","","","","","","","","","","","","","","","","","","","","","","","","","","","","","","","","","","","","","","","","","","","","","","","","","","","","","","","","","","","","","","",""
"IMF.FAD:GDD(2.0.0)","TZA.FL_S1311MIXED_POGDP_PT.A","OBS_VALUE","Tanzania, United Republic of","Debt instruments, Central government, Percent of GDP","Annual","Units","","","","","","","","","","","","","","","","","","","","","","","","","","","","","","","","","","","","","","","","","","","","","","","","","","","","","","","","","","","","","","","","","","","","","","","","","","",""
"IMF.FAD:GDD(2.0.0)","TJK.FL_S1311MIXED_POGDP_PT.A","OBS_VALUE","Tajikistan, Republic of","Debt instruments, Central government, Percent of GDP","Annual","Units","","","","","","","","","","","","","","","","","","","","","","","","","","","","","","","","","","","","","","","","","","","","","","","","","","","","","","","","","","","","","","","","","","","","","","","","","","",""
"IMF.FAD:GDD(2.0.0)","ARE.FL_S1311MIXED_POGDP_PT.A","OBS_VALUE","United Arab Emirates","Debt instruments, Central government, Percent of GDP","Annual","Units","","","","","","","","","","","","","","","","","","","","","","","","","","","","","","","","","","","","","","","","","","","","","","","","","","","","","","","","","","","","","","","","","","","","","","","","","","",""
"IMF.FAD:GDD(2.0.0)","UZB.FL_S1311MIXED_POGDP_PT.A","OBS_VALUE","Uzbekistan, Republic of","Debt instruments, Central government, Percent of GDP","Annual","Units","","","","","","","","","","","","","","","","","","","","","","","","","","","","","","","","","","","","","","","","","","","","","","","","","","","","","","","","","","","","","","","","","","","","","","","","","","",""
"IMF.FAD:GDD(2.0.0)","BRN.FL_S1311MIXED_POGDP_PT.A","OBS_VALUE","Brunei Darussalam","Debt instruments, Central government, Percent of GDP","Annual","Units","","","","","","","","","","","","","","","","","","","","","","","","","","","","","","","","","","","","","","","","","","","","","","","","","","","","2.63","1.77","0.89","0.37","0.29","0.59","0.68","0.94","1.11","1.11","2.13","2.10","2.21","3.23","2.95","3.00","2.83","2.59","2.58","2.86","2.51","2.06","2.33","2.29"
"IMF.FAD:GDD(2.0.0)","BLZ.FL_S1311MIXED_POGDP_PT.A","OBS_VALUE","Belize","Debt instruments, Central government, Percent of GDP","Annual","Units","","","","","","","","","","","","","","","","","","","","","","","","","","","10.30","12.73","21.26","22.33","25.68","30.96","36.75","44.39","42.80","51.82","46.99","42.31","35.41","32.73","30.00","30.93","31.03","30.66","31.45","35.70","38.35","39.40","38.69","41.49","79.00","49.51","53.16","67.16","70.64","72.70","71.34","66.41","64.65","69.71","68.55","66.38","63.39","62.85","61.54","65.08","70.44","78.11","78.77","78.39","103.26","82.48","66.82","67.18","60.95"
"IMF.FAD:GDD(2.0.0)","BRB.FL_S1311MIXED_POGDP_PT.A","OBS_VALUE","Barbados","Debt instruments, Central government, Percent of GDP","Annual","Units","","","","","","","","","","","","","","","","","","","","","23.09","22.13","25.25","30.09","26.81","20.94","23.53","28.25","27.70","25.46","24.22","26.18","27.28","28.13","27.98","30.73","33.79","35.89","37.29","35.33","40.51","41.80","44.47","45.56","55.02","55.90","56.12","56.91","50.54","50.10","56.61","62.61","66.09","66.57","66.48","68.20","69.79","69.05","72.63","88.52","96.04","98.70","109.35","118.56","122.00","131.89","136.45","143.58","115.02","109.47","128.39","130.18","116.94","113.44","104.38"
"IMF.FAD:GDD(2.0.0)","BEL.FL_S1311MIXED_POGDP_PT.A","OBS_VALUE","Belgium","Debt instruments, Central government, Percent of GDP","Annual","Units","64.99","65.55","69.46","62.66","63.32","65.51","62.90","59.86","60.80","65.36","66.43","64.93","63.17","61.78","59.76","56.48","53.36","52.06","52.63","52.03","48.30","44.79","45.09","43.07","40.78","39.43","40.24","41.03","43.95","47.33","52.43","62.07","72.55","82.43","87.84","95.03","100.07","104.17","105.63","103.78","104.24","106.79","108.97","115.49","112.70","116.61","114.05","111.37","106.87","103.87","98.93","98.16","95.30","89.33","85.09","83.86","80.87","77.20","82.74","86.18","85.74","87.82","88.57","89.23","89.62","89.11","89.53","87.35","85.12","82.78","92.83","90.81","84.98","85.28","85.43"
"IMF.FAD:GDD(2.0.0)","BRB.B1GQ_V_XDC.A","OBS_VALUE","Barbados","Gross domestic product (GDP), Current prices, Domestic currency","Annual","Billions","","","","","","","","","","","0.13","0.13","0.14","0.15","0.17","0.18","0.20","0.21","0.24","0.27","0.31","0.37","0.41","0.50","0.69","1.02","1.15","1.20","1.35","1.63","2.10","2.31","2.41","2.56","2.79","2.92","3.21","3.53","3.75","4.15","4.17","4.18","4.03","4.27","4.45","4.70","5.03","5.33","6.11","6.42","6.62","6.61","6.73","6.96","7.51","8.43","9.40","10.55","10.80","10.13","10.28","10.60","10.47","10.68","10.73","10.58","10.66","11.03","11.26","11.58","10.34","10.55","12.51","13.44","14.33"
"IMF.FAD:GDD(2.0.0)","BLZ.B1GQ_V_XDC.A","OBS_VALUE","Belize","Gross domestic product (GDP), Current prices, Domestic currency","Annual","Billions","","","","","","","","","","","0.05","0.05","0.05","0.06","0.09","0.08","0.08","0.07","0.04","0.05","0.06","0.07","0.09","0.16","0.21","0.25","0.24","0.28","0.28","0.37","0.46","0.48","0.48","0.50","0.56","0.56","0.61","0.71","0.84","0.96","1.09","1.19","1.39","1.51","1.54","1.64","1.70","1.75","1.86","2.00","2.28","2.35","2.49","2.62","2.80","2.95","3.18","3.41","3.48","3.38","3.49","3.65","3.82","4.07","4.28","4.39","4.48","4.53","4.59","4.78","4.09","4.84","5.69","6.13","6.85"
"IMF.FAD:GDD(2.0.0)","BHS.FL_S1311MIXED_POGDP_PT.A","OBS_VALUE","Bahamas, The","Debt instruments, Central government, Percent of GDP","Annual","Units","","","","","","","","","","","","","","","","","","","6.34","6.48","6.77","7.47","6.47","6.24","7.74","9.74","10.41","12.04","11.37","10.85","9.36","10.44","11.60","12.64","12.31","12.19","12.32","11.31","11.83","12.28","13.22","15.39","17.88","19.76","20.38","20.50","20.23","20.85","20.03","18.67","18.71","18.21","18.82","20.85","21.40","22.04","22.78","22.99","25.46","30.91","33.69","35.31","36.45","45.11","47.02","49.16","51.64","54.35","61.61","60.48","85.19","89.43","83.67","79.70","77.79"
"IMF.FAD:GDD(2.0.0)","BLR.FL_S1311MIXED_POGDP_PT.A","OBS_VALUE","Belarus, Republic of","Debt instruments, Central government, Percent of GDP","Annual","Units","","","","","","","","","","","","","","","","","","","","","","","","","","","","","","","","","","","","","","","","","","","","","31.53","50.84","10.35","10.11","15.66","12.29","10.26","10.93","10.52","10.07","8.62","7.98","8.49","11.10","12.50","21.43","22.49","46.91","30.32","30.84","32.94","46.91","47.15","47.21","42.51","37.60","44.12","38.77","36.72","",""
"IMF.FAD:GDD(2.0.0)","BOL.FL_S1311MIXED_POGDP_PT.A","OBS_VALUE","Bolivia","Debt instruments, Central government, Percent of GDP","Annual","Units","","","","","","","","","","","","","","","","","","","","","69.24","62.91","73.60","77.50","50.56","53.54","64.80","76.49","76.38","84.84","91.98","111.79","144.26","150.59","160.21","192.10","140.04","135.90","118.01","100.03","104.85","94.62","94.11","85.40","89.05","83.04","73.55","65.55","62.22","62.50","74.32","82.98","86.69","95.64","89.81","82.16","54.38","40.03","36.79","39.21","37.64","35.33","35.39","36.10","37.60","40.90","46.49","51.26","53.08","58.63","77.97","81.40","80.13","90.78","100.86"
"IMF.FAD:GDD(2.0.0)","BHR.B1GQ_V_XDC.A","OBS_VALUE","Bahrain, Kingdom of","Gross domestic product (GDP), Current prices, Domestic currency","Annual","Billions","","","","","","","","","","","","","0.13","0.14","0.15","0.16","0.16","0.17","0.18","0.19","0.19","0.21","0.24","0.32","0.43","0.46","0.69","0.94","1.10","1.24","1.41","1.59","1.67","1.71","1.78","1.68","1.31","1.42","1.76","1.83","1.95","2.04","2.13","2.35","2.51","2.66","2.77","2.87","2.74","2.97","3.55","3.60","3.76","4.34","5.15","6.26","7.25","8.52","10.08","8.99","10.08","11.25","12.02","12.72","13.07","12.23","12.74","13.99","14.88","15.21","13.47","15.36","17.47","17.37","17.65"
"IMF.FAD:GDD(2.0.0)","ARM.FL_S1311MIXED_POGDP_PT.A","OBS_VALUE","Armenia, Republic of","Debt instruments, Central government, Percent of GDP","Annual","Units","","","","","","","","","","","","","","","","","","","","","","","","","","","","","","","","","","","","","","","","","","","","","","","40.79","46.51","45.20","39.20","39.60","38.06","38.25","33.02","26.45","24.40","18.73","16.10","16.15","40.16","39.67","42.01","41.23","40.86","43.69","48.70","56.75","58.94","55.65","53.67","67.36","63.35","49.25","50.72","50.30"
"IMF.FAD:GDD(2.0.0)","AZE.FL_S1311MIXED_POGDP_PT.A","OBS_VALUE","Azerbaijan, Republic of","Debt instruments, Central government, Percent of GDP","Annual","Units","","","","","","","","","","","","","","","","","","","","","","","","","","","","","","","","","","","","","","","","","","","","","11.67","19.21","16.72","11.44","14.29","25.41","13.13","12.95","11.89","10.66","9.71","6.85","5.30","4.00","3.22","4.73","4.98","4.97","5.83","6.18","8.53","17.98","20.61","22.51","18.69","17.66","21.33","26.35","17.32","21.81","20.85"
"IMF.FAD:GDD(2.0.0)","BEL.B1GQ_V_XDC.A","OBS_VALUE","Belgium","Gross domestic product (GDP), Current prices, Domestic currency","Annual","Billions","8.23","9.71","10.21","10.27","10.70","11.37","12.09","12.83","12.93","13.39","14.22","15.13","16.18","17.39","19.47","21.19","22.75","24.39","26.07","28.92","32.18","35.26","39.47","44.84","52.60","58.21","66.16","71.55","76.84","82.18","89.38","93.71","101.40","107.43","116.06","123.44","129.20","134.41","143.81","155.94","165.35","173.23","181.90","187.35","197.44","210.49","214.29","224.10","232.62","242.31","256.38","264.34","273.26","281.20","296.82","310.04","325.15","343.62","351.74","347.74","363.24","378.75","387.94","394.62","404.96","415.54","428.47","443.41","459.49","479.45","463.75","506.02","563.54","596.32","614.54"
"IMF.FAD:GDD(2.0.0)","COM.FL_S1311MIXED_POGDP_PT.A","OBS_VALUE","Comoros, Union of the","Debt instruments, Central government, Percent of GDP","Annual","Units","","","","","","","","","","","","","","","","","","","","","","","","","","","","","","","","","","","150.12","142.80","136.64","128.81","119.86","113.65","108.13","103.87","100.99","95.74","87.78","77.70","75.35","70.88","69.36","64.48","60.71","52.96","48.17","44.45","42.40","39.89","38.48","35.62","33.22","31.73","30.46","27.67","25.07","10.28","11.82","14.27","16.16","18.93","17.02","21.23","24.32","26.28","28.18","28.65","30.82"
"IMF.FAD:GDD(2.0.0)","ARG.B1GQ_V_XDC.A","OBS_VALUE","Argentina","Gross domestic product (GDP), Current prices, Domestic currency","Annual","Billions","0.00","0.00","0.00","0.00","0.00","0.00","0.00","0.00","0.00","0.00","0.00","0.00","0.00","0.00","0.00","0.00","0.00","0.00","0.00","0.00","0.00","0.00","0.00","0.00","0.00","0.00","0.00","0.00","0.00","0.00","0.00","0.00","0.00","0.00","0.00","0.01","0.01","0.03","0.12","3.63","77.06","202.26","253.40","264.43","287.84","288.50","304.28","327.44","334.24","317.00","317.76","300.42","349.49","420.29","485.12","582.54","715.90","896.98","1149.65","1247.93","1661.72","2179.02","2637.91","3348.31","4579.09","5954.51","8228.16","10660.23","14744.81","21558.44","27209.81","46219.08","82652.82","191405.00","579245.80"
"IMF.FAD:GDD(2.0.0)","KHM.B1GQ_V_XDC.A","OBS_VALUE","Cambodia","Gross domestic product (GDP), Current prices, Domestic currency","Annual","Billions","","","","","","","","","","","","","","","","","","","","","43.21","58.38","30.45","41.47","35.39","35.63","35.20","34.72","34.18","33.88","33.88","34.31","33.10","41.58","72.14","68.46","182.84","125.36","240.89","296.20","736.20","1642.00","3083.67","6654.03","7092.69","8406.80","9207.98","10199.15","11728.16","13410.74","14237.33","16267.59","17631.31","20080.79","23629.09","28918.82","34264.32","41080.52","49356.66","51753.68","57788.15","65068.40","71894.42","79768.29","88992.41","98334.48","107784.91","118907.47","134279.54","148984.70","142502.83","150792.68","164059.09","177718.89","193714.48"
"IMF.FAD:GDD(2.0.0)","CAN.FL_S1311MIXED_POGDP_PT.A","OBS_VALUE","Canada","Debt instruments, Central government, Percent of GDP","Annual","Units","","","","","","","","","","","","","","","","","","","","","","","","","","","","","","","","","","","","","","","","","51.22","56.09","59.25","62.69","63.29","64.38","64.69","61.65","58.89","53.07","46.33","46.15","43.06","40.60","36.68","36.24","33.79","29.90","36.25","43.67","44.07","44.95","45.28","42.59","40.57","43.17","42.88","41.28","39.65","39.09","60.60","55.88","48.66","50.97","52.00"
"IMF.FAD:GDD(2.0.0)","COL.FL_S1311MIXED_POGDP_PT.A","OBS_VALUE","Colombia","Debt instruments, Central government, Percent of GDP","Annual","Units","5.64","5.08","5.07","4.70","4.84","4.03","4.43","4.89","5.87","5.09","4.87","6.27","11.86","12.03","11.36","12.45","13.88","12.61","13.42","13.95","14.44","14.68","15.13","14.07","13.67","12.40","10.93","8.42","6.75","7.24","7.33","7.75","8.18","9.60","13.25","16.51","19.47","18.57","17.96","17.09","16.62","14.83","16.45","14.32","12.35","8.80","9.26","11.74","13.68","20.31","26.45","31.05","37.11","36.63","34.97","32.71","31.03","27.22","26.13","28.88","29.52","29.09","27.33","29.57","32.88","37.30","37.38","38.29","41.36","40.68","52.38","50.95","48.49","43.89",""
"IMF.FAD:GDD(2.0.0)","COD.B1GQ_V_XDC.A","OBS_VALUE","Congo, Democratic Republic of the","Gross domestic product (GDP), Current prices, Domestic currency","Annual","Billions","0.00","0.00","0.00","0.00","0.00","0.00","0.00","0.00","0.00","0.00","0.00","0.00","0.00","0.00","0.00","0.00","0.00","0.00","0.00","0.00","0.00","0.00","0.00","0.00","0.00","0.00","0.00","0.00","0.00","0.00","0.00","0.00","0.00","0.00","0.00","0.00","0.00","0.00","0.00","0.00","0.00","0.00","0.00","0.00","0.31","1.76","12.84","34.58","44.29","229.77","1317.08","2231.45","3025.87","3623.25","4113.63","5975.85","7250.85","9587.24","12832.33","15208.34","20261.58","24267.56","27619.66","32084.75","35485.19","37185.00","38997.91","57845.59","77940.34","83859.42","91858.65","110109.52","127090.76","157410.67","200438.53"
"IMF.FAD:GDD(2.0.0)","BRN.B1GQ_V_XDC.A","OBS_VALUE","Brunei Darussalam","Gross domestic product (GDP), Current prices, Domestic currency","Annual","Billions","","","","","","","","","","","","","","","","0.54","0.63","0.66","0.76","0.77","0.85","0.94","1.19","1.65","4.06","4.30","5.46","6.56","6.85","9.46","16.38","14.32","14.17","12.61","12.53","12.03","8.11","9.23","8.41","9.07","10.10","10.28","10.19","10.22","10.38","11.48","11.50","11.84","10.14","11.09","11.46","11.12","11.59","12.66","14.74","17.58","20.20","20.45","22.60","17.30","18.69","23.30","23.80","22.64","21.66","17.78","15.75","16.75","18.30","18.37","16.56","18.82","23.00","20.27","20.66"
"IMF.FAD:GDD(2.0.0)","BGR.FL_S1311MIXED_POGDP_PT.A","OBS_VALUE","Bulgaria","Debt instruments, Central government, Percent of GDP","Annual","Units","","","","","","","","","","","","","","","","","","","","","","","","","","","","","","","","3.90","6.70","10.30","14.90","22.00","27.00","29.40","39.60","48.00","57.10","115.20","145.96","199.91","118.96","72.03","113.84","88.37","65.14","70.34","71.50","65.30","51.48","43.84","36.09","27.09","21.73","17.07","13.84","14.96","17.02","16.93","18.51","19.20","29.15","27.59","30.98","26.90","23.99","21.93","","23.30","22.03","22.34","23.55"
"IMF.FAD:GDD(2.0.0)","BDI.B1GQ_V_XDC.A","OBS_VALUE","Burundi","Gross domestic product (GDP), Current prices, Domestic currency","Annual","Billions","","","","","","","","","","","9.08","9.41","9.89","10.79","11.95","13.24","14.67","14.65","15.85","17.88","19.56","23.86","22.11","25.10","28.82","33.71","38.84","46.63","48.21","61.82","85.55","89.02","94.03","102.82","120.37","141.25","140.74","143.49","152.80","179.42","193.66","211.85","225.44","227.74","233.55","249.69","262.89","342.54","399.88","487.88","627.26","727.96","768.15","849.38","1007.49","1208.24","1309.90","1467.23","1911.14","2184.18","2501.05","2819.53","3365.81","3812.50","4185.00","4879.79","4897.10","5485.07","5414.49","5553.57","5916.43","6622.37","7978.22","10902.92","13673.17"
"IMF.FAD:GDD(2.0.0)","BDI.FL_S1311MIXED_POGDP_PT.A","OBS_VALUE","Burundi","Debt instruments, Central government, Percent of GDP","Annual","Units","","","","","","","","","","","","","","","4.68","6.34","7.25","8.98","10.39","9.51","8.47","6.93","7.55","7.83","7.28","8.86","10.29","12.41","17.34","22.19","19.21","22.69","27.19","37.01","44.29","47.69","54.81","74.87","81.84","83.45","84.04","84.35","93.46","111.97","119.63","117.12","139.40","122.80","138.87","140.65","136.43","127.39","159.09","171.97","172.74","136.98","130.25","129.61","102.52","25.69","46.91","42.71","41.43","37.86","37.97","39.93","46.12","46.90","52.97","60.05","65.90","66.47","68.28","47.22","43.18"
"IMF.FAD:GDD(2.0.0)","BIH.B1GQ_V_XDC.A","OBS_VALUE","Bosnia and Herzegovina","Gross domestic product (GDP), Current prices, Domestic currency","Annual","Billions","","","","","","","","","","","","","","","","","","","","","","","","","","","","","","","","","","","","","","","","","0.00","0.00","0.02","1.48","2.69","3.47","5.52","7.89","9.22","10.57","11.82","12.68","13.98","14.73","16.00","17.65","20.06","22.55","25.52","24.80","25.36","26.23","26.22","26.78","27.36","28.93","30.27","31.80","33.94","35.78","34.73","39.15","45.62","49.92","52.05"
"IMF.FAD:GDD(2.0.0)","BWA.B1GQ_V_XDC.A","OBS_VALUE","Botswana","Gross domestic product (GDP), Current prices, Domestic currency","Annual","Billions","","","","","","","","","","","0.03","0.03","0.04","0.04","0.05","0.04","0.05","0.05","0.06","0.07","0.08","0.10","0.14","0.19","0.23","0.28","0.36","0.41","0.53","0.74","0.88","0.92","1.17","1.40","1.82","2.42","2.81","3.78","5.88","6.53","7.05","7.96","8.74","10.07","11.42","13.32","16.26","18.28","20.20","25.03","28.99","31.90","34.14","36.97","41.39","50.31","57.83","64.87","73.26","72.40","85.85","103.33","106.26","119.87","138.86","137.05","164.42","166.65","173.73","179.58","171.04","207.89","251.35","263.92","262.53"
"IMF.FAD:GDD(2.0.0)","COG.FL_S1311MIXED_POGDP_PT.A","OBS_VALUE","Congo, Republic of","Debt instruments, Central government, Percent of GDP","Annual","Units","","","","","","","","","","","","","","","","","","","","","35.06","36.50","33.75","32.87","39.36","44.09","48.56","56.79","67.53","63.06","64.17","82.76","124.25","143.64","159.78","191.31","170.07","166.41","161.20","151.67","155.45","142.31","129.84","148.48","231.14","226.32","189.82","198.99","230.18","206.32","145.02","180.08","163.51","185.31","122.59","99.75","94.72","93.76","69.60","83.84","43.49","34.39","30.20","33.94","42.32","74.18","84.64","88.48","71.22","77.60","102.51","97.76","92.48","99.01","95.44"
"IMF.FAD:GDD(2.0.0)","COL.B1GQ_V_XDC.A","OBS_VALUE","Colombia","Gross domestic product (GDP), Current prices, Domestic currency","Annual","Billions","11.26","12.78","13.82","15.38","18.32","19.09","21.40","25.56","29.61","33.82","38.56","43.97","49.31","64.96","81.12","87.01","109.84","123.77","138.98","162.79","190.09","219.62","268.23","345.66","454.23","571.31","719.33","996.85","1266.25","1648.59","2198.50","2760.46","3476.79","4252.03","5369.21","6913.60","9450.33","12285.52","16332.62","21059.72","28162.00","36346.27","46660.32","61115.90","80724.10","100932.96","120383.44","145481.50","167925.73","181171.02","207268.00","224483.00","243837.00","270695.00","305896.00","337957.00","381604.00","428506.00","476554.00","501574.00","544060.00","619023.00","666508.00","714094.00","762903.00","804692.00","863782.00","920471.00","987791.00","1060068.00","998471.00","1192634.00","1471079.00","1584562.00","1705323.00"
"IMF.FAD:GDD(2.0.0)","CAF.FL_S1311MIXED_POGDP_PT.A","OBS_VALUE","Central African Republic","Debt instruments, Central government, Percent of GDP","Annual","Units","","","","","","","","","","","","","","","","","","","","","20.27","20.38","20.53","24.72","26.62","25.14","25.38","26.49","24.30","20.36","30.90","35.06","36.42","40.36","42.05","38.93","40.96","48.81","48.76","50.89","44.57","55.78","57.42","68.22","103.44","83.83","92.99","88.46","85.32","84.16","94.68","103.11","98.52","95.89","99.72","102.96","46.75","47.85","35.77","20.30","19.88","19.69","31.53","51.79","62.24","59.79","53.89","50.27","50.03","48.15","44.40","48.52","51.03","58.18","60.67"
"IMF.FAD:GDD(2.0.0)","CPV.B1GQ_V_XDC.A","OBS_VALUE","Cabo Verde","Gross domestic product (GDP), Current prices, Domestic currency","Annual","Billions","","","","","","","","","","","0.97","1.18","1.13","0.96","1.07","1.20","1.37","1.57","1.72","1.87","2.03","2.26","2.44","2.73","2.83","3.31","3.66","3.87","4.64","5.24","6.29","9.10","8.66","10.29","12.42","15.05","16.99","19.14","23.17","25.86","28.89","31.64","32.59","34.63","36.83","43.83","50.48","56.75","63.58","71.17","81.02","97.51","101.62","108.04","112.09","123.69","127.65","132.98","147.63","148.25","151.96","162.27","165.14","168.55","169.55","173.91","184.40","195.29","205.99","221.73","176.87","191.27","241.58","263.82","277.77"
"IMF.FAD:GDD(2.0.0)","BIH.FL_S1311MIXED_POGDP_PT.A","OBS_VALUE","Bosnia and Herzegovina","Debt instruments, Central government, Percent of GDP","Annual","Units","","","","","","","","","","","","","","","","","","","","","","","","","","","","","","","","","","","","","","","","","","","","","","","","","54.40","56.04","34.60","35.13","31.12","27.56","25.49","24.86","20.58","18.17","30.32","36.37","42.21","40.94","43.56","43.75","47.14","46.38","44.87","38.62","34.89","33.17","37.10","35.62","31.01","31.59","32.75"
"IMF.FAD:GDD(2.0.0)","BRA.FL_S1311MIXED_POGDP_PT.A","OBS_VALUE","Brazil","Debt instruments, Central government, Percent of GDP","Annual","Units","8.97","6.87","5.54","13.95","14.68","17.04","34.55","22.06","30.61","23.99","22.27","25.65","23.65","20.40","22.17","21.90","17.35","16.34","17.35","18.43","18.24","20.10","26.48","21.06","21.19","23.98","26.08","28.74","32.43","30.76","48.15","53.72","52.24","47.91","91.02","58.86","56.28","107.66","75.65","33.80","50.00","60.31","98.41","77.03","39.50","33.39","40.23","42.48","54.42","64.58","62.65","66.27","74.98","70.57","67.07","66.26","63.95","62.45","60.66","63.81","61.32","59.34","59.85","57.23","58.46","67.54","73.42","78.61","80.36","82.68","90.94","84.51","80.15","80.55","83.48"
"IMF.FAD:GDD(2.0.0)","BFA.B1GQ_V_XDC.A","OBS_VALUE","Burkina Faso","Gross domestic product (GDP), Current prices, Domestic currency","Annual","Billions","","","","","","","","","","94.21","112.23","118.84","128.66","161.35","173.99","183.11","198.59","192.05","195.32","231.96","259.08","267.19","203.44","207.24","243.54","286.37","260.62","333.15","377.21","447.27","504.06","564.05","635.40","673.37","690.17","784.45","793.11","801.03","876.34","938.44","949.66","994.70","999.27","1018.96","1183.48","1335.83","1488.14","1606.77","1861.09","2086.19","2108.16","2336.62","2512.87","2749.16","2874.88","3240.72","3420.54","3649.93","4215.34","4444.60","5002.18","5692.82","6413.11","6640.13","6884.47","6995.31","7604.80","8186.77","8836.57","9428.06","10252.17","10944.54","12192.00","12845.78","14533.93"
"IMF.FAD:GDD(2.0.0)","CHN.B1GQ_V_XDC.A","OBS_VALUE","China, People's Republic of","Gross domestic product (GDP), Current prices, Domestic currency","Annual","Billions","","","66.51","80.30","84.13","89.16","100.63","104.56","127.20","137.63","137.69","118.90","114.58","122.96","144.96","171.09","186.23","176.85","171.79","193.20","224.59","241.90","251.04","271.26","278.14","298.82","293.47","319.22","363.41","407.82","454.87","493.04","539.65","604.58","730.41","912.50","1040.93","1221.95","1523.65","1728.08","1900.60","2214.29","2732.60","3583.44","4880.77","6160.64","7223.17","8023.61","8572.99","9115.37","10102.46","11185.53","12304.74","13913.16","16379.66","19056.63","22303.69","27480.19","32335.10","35360.64","41562.51","49268.04","54808.88","60612.50","65743.25","70415.75","76067.21","84506.67","93358.13","100672.28","104224.49","117310.97","123341.28","129427.17","134908.42"
"IMF.FAD:GDD(2.0.0)","CMR.B1GQ_V_XDC.A","OBS_VALUE","Cameroon","Gross domestic product (GDP), Current prices, Domestic currency","Annual","Billions","","","","","","","","","","","143.58","165.91","176.87","217.57","239.13","249.50","261.17","293.50","308.46","338.08","385.99","368.52","466.35","522.32","639.57","763.62","855.54","1036.95","1241.61","1490.64","1851.52","2358.60","2852.70","3437.27","4194.78","5040.15","5391.10","5149.17","4784.95","4612.31","4401.97","4385.42","4195.11","4142.59","4619.97","5225.06","5634.02","6142.68","6688.53","7118.46","7504.47","8022.31","8614.01","9261.14","9927.78","10286.73","10924.19","11452.87","12360.95","13136.69","13610.55","14434.77","15395.86","16658.55","17966.12","19043.07","20038.57","20960.87","22203.33","23243.66","23486.47","24960.50","27662.02","29889.03","31998.27"
"IMF.FAD:GDD(2.0.0)","BWA.FL_S1311MIXED_POGDP_PT.A","OBS_VALUE","Botswana","Debt instruments, Central government, Percent of GDP","Annual","Units","","","","","","","","","","","","","","","","","","","","","","","43.38","43.42","40.24","40.19","43.18","40.13","20.72","13.36","12.57","15.62","18.45","18.55","21.82","30.76","26.66","22.71","17.16","15.88","14.40","15.93","15.27","16.58","16.21","14.71","12.60","10.67","11.98","9.68","8.37","7.61","8.55","7.29","11.33","7.74","6.32","6.12","7.77","23.47","27.90","28.09","27.29","24.72","23.86","25.67","22.42","19.80","19.81","21.26","24.77","23.45","21.25","22.48","32.79"
"IMF.FAD:GDD(2.0.0)","CHL.FL_S1311MIXED_POGDP_PT.A","OBS_VALUE","Chile","Debt instruments, Central government, Percent of GDP","Annual","Units","9.19","8.04","8.54","6.91","5.54","5.04","7.21","9.23","8.96","9.54","6.97","7.91","6.94","9.16","9.54","12.51","12.52","14.78","17.73","21.32","26.14","19.88","9.99","11.00","18.69","28.16","19.40","16.43","25.78","23.07","17.26","13.92","20.17","45.18","56.23","79.22","87.77","81.02","70.66","51.53","49.90","43.95","35.86","32.34","28.85","22.15","16.81","14.33","14.60","15.97","15.49","14.35","15.05","12.57","10.31","7.04","5.02","3.90","4.92","5.84","8.61","11.13","11.94","12.78","15.02","17.37","21.10","23.65","25.80","28.33","32.38","36.45","37.91","39.42","41.65"
"IMF.FAD:GDD(2.0.0)","CAN.B1GQ_V_XDC.A","OBS_VALUE","Canada","Gross domestic product (GDP), Current prices, Domestic currency","Annual","Billions","19.90","23.19","26.19","27.47","27.61","30.44","34.24","35.87","37.14","39.42","41.05","42.55","46.22","49.62","54.32","59.86","67.01","71.88","78.49","86.41","92.74","101.25","113.05","132.56","158.30","178.42","205.50","227.11","251.91","287.61","322.78","368.36","388.18","421.32","461.99","500.03","526.63","574.34","626.89","671.58","695.50","701.77","718.44","747.04","791.97","831.62","859.83","906.93","940.55","1007.93","1106.07","1144.54","1193.69","1254.75","1335.73","1421.59","1496.60","1577.66","1657.04","1571.33","1666.05","1774.06","1827.20","1902.25","1994.90","1990.44","2025.54","2140.64","2235.68","2313.56","2220.53","2535.82","2850.94","2933.81","3069.08"
"IMF.FAD:GDD(2.0.0)","TCD.FL_S1311MIXED_POGDP_PT.A","OBS_VALUE","Chad","Debt instruments, Central government, Percent of GDP","Annual","Units","","","","","","","","","","","","","","","","","","","","","10.87","12.14","8.73","9.44","12.64","16.57","18.86","23.05","25.14","32.15","31.47","23.81","20.83","20.43","17.31","15.96","15.91","18.53","18.31","19.65","21.42","26.02","29.63","37.35","44.03","41.12","40.51","41.32","34.70","44.68","52.41","43.51","41.96","34.42","25.16","21.96","20.08","17.64","15.66","23.87","22.86","22.32","19.94","22.28","29.50","31.31","40.27","38.93","33.42","38.18","41.07","41.56","32.23","32.60","33.80"
"IMF.FAD:GDD(2.0.0)","BGR.B1GQ_V_XDC.A","OBS_VALUE","Bulgaria","Gross domestic product (GDP), Current prices, Domestic currency","Annual","Billions","","","","","","","","","","","","","","","","","","","","0.03","0.03","0.03","0.03","0.03","0.03","0.03","0.03","0.03","0.03","0.03","0.04","0.04","0.04","0.04","0.05","0.05","0.05","0.05","0.06","0.06","0.07","0.20","0.29","0.43","0.76","1.28","2.19","19.03","26.46","25.04","28.12","30.99","34.07","36.64","41.20","47.02","53.61","63.49","72.85","73.18","74.89","81.13","82.64","82.25","84.15","89.57","95.35","102.68","109.78","119.91","121.09","139.60","168.36","185.23","202.86"
"IMF.FAD:GDD(2.0.0)","BRA.B1GQ_V_XDC.A","OBS_VALUE","Brazil","Gross domestic product (GDP), Current prices, Domestic currency","Annual","Billions","0.00","0.00","0.00","0.00","0.00","0.00","0.00","0.00","0.00","0.00","0.00","0.00","0.00","0.00","0.00","0.00","0.00","0.00","0.00","0.00","0.00","0.00","0.00","0.00","0.00","0.00","0.00","0.00","0.00","0.00","0.00","0.00","0.00","0.00","0.00","0.00","0.00","0.00","0.00","0.00","0.01","0.06","0.63","13.80","349.38","705.99","854.76","952.09","1002.35","1087.71","1199.09","1315.76","1488.79","1717.95","1957.75","2170.58","2409.45","2720.26","3109.80","3333.04","3885.85","4376.38","4814.76","5331.62","5778.95","5995.79","6269.33","6585.48","7004.14","7389.13","7609.60","9012.14","10079.68","10943.34","11744.71"
"IMF.FAD:GDD(2.0.0)","CMR.FL_S1311MIXED_POGDP_PT.A","OBS_VALUE","Cameroon","Debt instruments, Central government, Percent of GDP","Annual","Units","","","","","","","","","","","","","","","","","","","","","10.67","13.81","12.57","12.74","12.50","14.64","18.28","25.96","27.86","28.64","26.92","24.24","24.11","24.13","21.69","23.73","24.42","24.93","26.21","34.70","40.97","43.46","53.71","53.47","90.26","106.49","94.22","","67.76","68.37","75.88","62.18","56.60","51.52","51.73","43.84","18.35","13.80","11.15","11.26","13.99","15.05","14.87","17.47","20.71","25.83","26.18","29.71","33.20","36.28","39.39","41.64","40.62","38.89","39.54"
"IMF.FAD:GDD(2.0.0)","CIV.B1GQ_V_XDC.A","OBS_VALUE","Côte d'Ivoire","Gross domestic product (GDP), Current prices, Domestic currency","Annual","Billions","","","","","","","","","","","254.46","285.89","301.26","316.28","340.03","368.09","415.09","445.88","494.83","546.27","632.77","662.93","696.22","803.66","996.64","1213.00","1522.44","2030.78","2352.75","2566.25","2932.03","3125.32","3391.13","3548.57","4056.83","4254.50","4389.55","4190.64","4197.27","4302.60","4063.05","4091.67","4080.61","4323.40","6380.19","7589.66","8583.72","9457.38","10284.87","10533.39","10547.19","11341.05","11895.46","12297.07","12088.70","12456.80","12866.17","13477.30","14995.06","15845.80","17036.26","16743.16","18905.93","21350.41","24136.05","27086.37","28686.71","30491.65","32506.10","35379.06","36277.95","40366.86","44238.80","48293.90","52798.95"
"IMF.FAD:GDD(2.0.0)","DNK.B1GQ_V_XDC.A","OBS_VALUE","Denmark","Gross domestic product (GDP), Current prices, Domestic currency","Annual","Billions","22.72","24.16","25.86","27.82","29.15","30.25","32.45","34.59","35.98","40.29","43.61","48.46","54.54","58.28","66.26","74.34","82.32","90.46","100.64","114.46","126.65","139.99","160.93","184.55","206.73","230.89","268.21","298.19","332.42","370.34","399.09","437.80","500.65","551.73","609.68","661.77","709.97","746.85","777.76","821.02","855.38","890.27","923.32","927.92","992.37","1035.60","1087.15","1144.17","1185.22","1240.98","1325.98","1372.28","1411.48","1438.89","1509.67","1590.08","1685.24","1743.14","1809.72","1729.53","1812.90","1848.53","1892.94","1935.56","1980.26","2030.21","2101.52","2189.59","2243.54","2303.64","2326.59","2567.52","2844.23","2804.74","2960.89"
"IMF.FAD:GDD(2.0.0)","DMA.B1GQ_V_XDC.A","OBS_VALUE","Dominica","Gross domestic product (GDP), Current prices, Domestic currency","Annual","Billions","","","","","","","","","","","","","0.01","0.02","0.02","0.02","0.02","0.03","0.03","0.03","0.04","0.04","0.04","0.05","0.07","0.09","0.11","0.12","0.15","0.15","0.20","0.22","0.24","0.27","0.29","0.32","0.36","0.41","0.46","0.50","0.54","0.59","0.63","0.66","0.71","0.74","0.79","0.82","0.87","0.90","0.90","0.92","0.90","0.93","0.99","0.98","1.05","1.14","1.24","1.32","1.33","1.35","1.31","1.35","1.41","1.46","1.56","1.41","1.50","1.65","1.36","1.50","1.64","1.77","1.88"
"IMF.FAD:GDD(2.0.0)","CZE.B1GQ_V_XDC.A","OBS_VALUE","Czech Republic","Gross domestic product (GDP), Current prices, Domestic currency","Annual","Billions","","","","","","","","","","","","","","","","","","","","","","","","","","","","","","","","","","","","","","","","","736.38","886.40","990.89","1199.81","1387.11","1607.59","1840.56","1982.42","2168.88","2267.28","2399.70","2591.57","2704.47","2833.20","3087.78","3288.49","3530.25","3856.63","4037.56","3945.51","4032.95","4095.36","4118.39","4169.01","4377.99","4651.81","4843.03","5179.34","5475.77","5888.87","5828.32","6307.76","7049.87","7618.53","8008.21"
"IMF.FAD:GDD(2.0.0)","SLV.FL_S1311MIXED_POGDP_PT.A","OBS_VALUE","El Salvador","Debt instruments, Central government, Percent of GDP","Annual","Units","","5.06","5.49","6.09","5.25","4.62","5.56","6.40","6.74","6.53","6.39","7.55","","7.42","7.61","8.46","9.37","9.49","9.66","10.38","10.13","10.36","11.01","11.15","12.18","13.08","14.42","12.13","14.63","15.91","21.99","39.50","50.09","66.42","102.35","112.07","92.90","96.32","84.67","84.93","55.74","57.52","52.61","41.56","36.97","32.50","32.34","28.63","26.17","28.40","30.52","35.08","40.21","42.57","44.08","43.92","43.96","41.50","41.41","50.30","49.89","48.15","51.34","49.19","49.63","49.66","49.57","48.75","47.70","47.99","61.94","57.99","54.45","53.76","56.19"
"IMF.FAD:GDD(2.0.0)","EST.B1GQ_V_XDC.A","OBS_VALUE","Estonia, Republic of","Gross domestic product (GDP), Current prices, Domestic currency","Annual","Billions","","","","","","","","","","","","","","","","","","","","","","","","","","","","","","","","","","","","","","","","","0.05","0.11","0.89","1.51","2.08","2.86","3.68","4.57","5.10","5.41","6.17","6.98","7.82","8.75","9.78","11.35","13.57","16.40","16.62","14.13","14.74","16.74","18.09","19.16","20.37","21.01","22.19","24.32","26.44","28.47","27.86","31.46","36.44","38.19","39.51"
"IMF.FAD:GDD(2.0.0)","EST.FL_S1311MIXED_POGDP_PT.A","OBS_VALUE","Estonia, Republic of","Debt instruments, Central government, Percent of GDP","Annual","Units","","","","","","","","","","","","","","","","","","","","","","","","","","","","","","","","","","","","","","","","","","","","","","","","","","","3.33","2.92","3.47","3.13","2.82","2.30","2.09","1.44","1.81","4.25","4.50","4.52","11.91","11.96","11.87","11.22","10.71","9.86","9.21","9.70","18.32","17.92","18.97","20.00","23.06"
"IMF.FAD:GDD(2.0.0)","FRA.FL_S1311MIXED_POGDP_PT.A","OBS_VALUE","France","Debt instruments, Central government, Percent of GDP","Annual","Units","37.83","32.06","31.06","33.02","32.43","31.34","31.20","30.98","30.50","29.44","26.72","24.59","22.09","20.75","18.33","16.45","14.43","15.14","14.95","13.58","19.84","18.93","16.82","14.93","14.47","15.23","14.26","14.10","13.61","13.49","13.30","14.47","17.80","18.99","20.85","22.06","23.14","24.77","24.92","26.08","27.36","27.98","31.21","36.62","40.51","45.86","48.22","49.43","50.71","50.64","49.45","49.46","51.62","54.72","54.61","55.13","52.25","52.15","56.32","68.11","69.33","70.63","73.21","75.96","77.38","78.07","79.16","80.17","81.16","81.60","93.30","92.12","91.96","91.62","94.34"
"IMF.FAD:GDD(2.0.0)","CYP.B1GQ_V_XDC.A","OBS_VALUE","Cyprus","Gross domestic product (GDP), Current prices, Domestic currency","Annual","Billions","0.08","0.10","0.12","0.13","0.14","0.15","0.18","0.19","0.18","0.19","0.19","0.20","0.23","0.24","0.22","0.27","0.29","0.33","0.36","0.41","0.43","0.50","0.56","0.63","0.61","0.51","0.62","0.78","0.93","1.16","1.40","1.61","1.88","2.09","2.45","2.72","2.94","3.27","3.66","4.14","4.69","4.91","5.69","6.03","6.72","7.68","7.98","8.37","9.06","9.73","10.60","11.42","11.88","12.85","13.86","14.82","16.00","17.51","19.01","18.68","19.46","19.86","19.50","18.04","17.48","17.94","19.01","20.31","21.81","23.40","22.37","25.68","29.42","31.34","33.41"
"IMF.FAD:GDD(2.0.0)","CZE.FL_S1311MIXED_POGDP_PT.A","OBS_VALUE","Czech Republic","Debt instruments, Central government, Percent of GDP","Annual","Units","","","","","","","","","","","","","","","","","","","","","","","","","","","","","","","","","","","","","","","","","","","","13.24","11.34","12.39","10.24","10.80","12.55","13.92","15.74","21.40","24.21","26.38","26.27","25.53","25.29","25.19","25.99","31.01","34.30","36.95","41.23","41.59","39.14","37.41","35.39","33.49","32.00","30.44","38.13","42.18","44.04","44.00","43.81"
"IMF.FAD:GDD(2.0.0)","GAB.FL_S1311MIXED_POGDP_PT.A","OBS_VALUE","Gabon","Debt instruments, Central government, Percent of GDP","Annual","Units","","","","","","","","","","","","","","","","","","","","","12.77","15.47","19.90","26.60","33.60","35.79","46.39","63.35","75.25","67.46","33.54","26.78","25.52","22.44","24.23","31.82","35.76","73.69","72.25","72.84","57.89","64.53","61.56","60.87","93.64","85.29","74.41","71.62","92.67","77.46","72.50","80.98","81.07","70.24","60.30","41.70","34.88","39.24","20.05","25.99","21.30","21.42","21.44","31.11","34.06","44.70","64.50","62.93","62.34","59.78","83.04","72.94","65.59","70.59","73.40"
"IMF.FAD:GDD(2.0.0)","GNQ.B1GQ_V_XDC.A","OBS_VALUE","Equatorial Guinea, Republic of","Gross domestic product (GDP), Current prices, Domestic currency","Annual","Billions","","","","","","","","","","","0.74","0.81","0.89","1.06","1.16","1.35","1.47","1.49","1.56","1.73","1.93","2.12","2.32","2.75","3.34","4.01","4.64","5.58","5.81","6.19","6.66","8.06","11.56","15.15","19.22","33.16","31.44","33.33","35.58","33.46","36.27","37.18","42.37","45.77","66.50","84.13","141.30","306.77","259.84","454.39","822.85","1225.98","1436.75","2165.05","3131.00","4316.63","5274.15","6264.84","8844.11","7095.92","8072.29","10064.62","11430.51","10840.52","10746.85","7795.42","6661.37","7084.54","7389.22","6658.37","5694.74","6774.08","8537.80","7483.58","7604.63"
"IMF.FAD:GDD(2.0.0)","FIN.FL_S1311MIXED_POGDP_PT.A","OBS_VALUE","Finland","Debt instruments, Central government, Percent of GDP","Annual","Units","12.87","7.11","7.50","8.36","8.16","7.53","8.04","7.22","7.15","6.93","5.35","4.82","6.26","7.71","7.54","8.52","9.07","8.26","8.13","6.76","5.66","4.81","3.80","2.42","1.67","3.06","2.74","4.30","7.72","7.89","8.26","8.79","10.79","12.25","12.05","12.58","12.98","13.87","12.43","10.14","9.98","16.46","33.22","48.30","51.32","51.30","51.96","49.32","44.11","41.59","45.14","43.44","42.64","45.16","44.94","42.14","40.22","36.00","34.72","44.13","50.11","52.02","57.86","60.81","64.81","68.76","68.65","66.58","65.36","65.33","75.32","73.20","74.03","77.16","82.05"
"IMF.FAD:GDD(2.0.0)","DOM.B1GQ_V_XDC.A","OBS_VALUE","Dominican Republic","Gross domestic product (GDP), Current prices, Domestic currency","Annual","Billions","0.49","0.60","0.62","0.61","0.66","0.66","0.73","0.85","0.81","0.82","0.89","0.86","1.04","1.18","1.25","1.10","1.24","1.30","1.31","1.48","1.91","2.14","2.55","3.01","3.75","4.62","5.07","5.88","6.07","7.05","8.67","9.70","10.60","11.83","14.87","20.14","22.80","28.73","42.13","54.37","77.34","123.55","145.07","163.51","184.77","214.12","235.25","280.36","318.65","350.52","393.30","427.32","477.43","628.61","935.98","1083.45","1261.40","1458.42","1660.57","1734.70","1981.02","2207.11","2381.30","2614.47","2918.45","3196.73","3480.30","3758.55","4208.09","4572.74","4439.81","5427.46","6257.30","6764.53","7402.89"
"IMF.FAD:GDD(2.0.0)","ECU.B1GQ_V_XDC.A","OBS_VALUE","Ecuador","Gross domestic product (GDP), Current prices, Domestic currency","Annual","Billions","0.36","0.39","0.44","0.47","0.52","0.55","0.56","0.60","0.62","0.65","0.70","0.75","0.80","0.87","0.97","1.03","1.13","1.26","1.37","1.50","1.75","1.88","2.20","2.92","4.36","5.07","6.25","7.81","8.98","10.98","16.12","16.50","16.47","14.48","15.41","18.02","13.22","12.35","11.75","11.53","11.71","13.14","14.37","16.78","20.24","21.98","23.00","25.85","26.29","18.89","17.53","23.13","27.05","30.97","35.19","40.28","45.69","49.85","61.14","60.09","68.15","78.99","87.74","96.57","102.72","97.21","97.67","104.47","107.48","107.60","95.87","107.18","116.13","121.15","121.73"
"IMF.FAD:GDD(2.0.0)","DMA.FL_S1311MIXED_POGDP_PT.A","OBS_VALUE","Dominica","Debt instruments, Central government, Percent of GDP","Annual","Units","","","","","","","","","","","","","","","","","","","","","","","","","","13.59","13.35","16.66","10.67","11.99","12.36","28.53","33.06","38.05","47.02","51.37","51.07","49.74","43.90","","56.56","58.71","55.30","55.41","56.98","59.28","54.66","49.28","57.09","61.98","69.55","97.49","99.36","98.22","85.82","84.94","80.45","74.90","66.53","62.81","67.32","68.64","74.03","75.57","73.53","71.13","72.91","86.69","90.01","89.11","118.15","113.57","108.33","103.19","104.35"
"IMF.FAD:GDD(2.0.0)","FJI.B1GQ_V_XDC.A","OBS_VALUE","Fiji, Republic of","Gross domestic product (GDP), Current prices, Domestic currency","Annual","Billions","","","","","","","","","","","0.12","0.12","0.13","0.14","0.15","0.16","0.18","0.21","0.22","0.24","0.28","0.31","0.37","0.46","0.54","0.61","0.69","0.72","0.76","0.92","1.07","1.14","1.21","1.24","1.38","1.43","1.58","1.59","1.72","1.90","2.14","2.21","2.49","2.73","2.89","3.00","3.24","3.27","3.57","4.14","3.88","4.09","4.37","4.76","5.12","5.51","5.82","5.94","6.08","6.08","6.53","7.33","7.70","8.36","9.17","9.82","10.33","11.06","11.65","11.76","9.61","8.91","10.94","12.25","13.49"
"IMF.FAD:GDD(2.0.0)","FJI.FL_S1311MIXED_POGDP_PT.A","OBS_VALUE","Fiji, Republic of","Debt instruments, Central government, Percent of GDP","Annual","Units","","","","","","","","","","","","","","","","","","","","","7.35","7.51","8.01","10.94","11.63","12.18","12.64","15.72","15.31","15.71","19.36","21.66","25.73","28.97","26.35","28.27","27.29","32.00","32.85","","36.16","36.39","42.22","44.27","47.62","48.37","48.80","54.13","36.63","32.70","36.93","41.03","43.39","44.85","44.53","43.99","49.20","46.04","47.46","51.50","51.84","48.64","47.65","45.85","44.51","43.04","43.65","42.22","44.81","48.76","69.55","85.97","84.13","79.60","76.95"
"IMF.FAD:GDD(2.0.0)","HRV.FL_S1311MIXED_POGDP_PT.A","OBS_VALUE","Croatia, Republic of","Debt instruments, Central government, Percent of GDP","Annual","Units","","","","","","","","","","","","","","","","","","","","","","","","","","","","","","","","","","","","","","","","","","","","","","23.39","25.53","24.61","22.43","28.29","33.60","34.84","34.84","36.32","39.08","40.13","37.62","36.25","38.12","46.97","55.48","61.83","67.57","77.93","81.55","81.23","77.88","74.90","71.34","69.36","84.41","76.15","66.85","60.45","56.52"
"IMF.FAD:GDD(2.0.0)","CYP.FL_S1311MIXED_POGDP_PT.A","OBS_VALUE","Cyprus","Debt instruments, Central government, Percent of GDP","Annual","Units","","","","","","","","","","","","","","","","","","","","","","","","","","","","","","","","","","","","","","","","","","","","","","","","","","","86.93","89.05","94.02","95.51","97.13","97.85","91.68","84.88","77.32","89.09","92.46","102.87","119.09","145.97","152.15","149.76","143.12","131.86","136.27","127.34","151.41","130.75","112.51","106.57","100.19"
"IMF.FAD:GDD(2.0.0)","DJI.B1GQ_V_XDC.A","OBS_VALUE","Djibouti","Gross domestic product (GDP), Current prices, Domestic currency","Annual","Billions","","","","","","","","","","","","","","","","","","","","","21.28","23.98","26.63","30.32","37.69","41.86","49.96","53.82","59.01","65.25","74.44","79.01","82.58","83.43","84.34","87.84","94.97","98.53","105.25","108.22","112.92","115.44","119.35","116.35","122.75","124.26","123.33","125.49","128.39","134.96","138.78","144.17","148.83","156.67","166.32","176.95","191.97","211.63","245.55","253.39","274.33","309.28","337.93","363.34","394.65","430.87","462.96","490.97","517.78","548.95","558.78","602.97","633.19","696.16","756.58"
"IMF.FAD:GDD(2.0.0)","COM.B1GQ_V_XDC.A","OBS_VALUE","Comoros, Union of the","Gross domestic product (GDP), Current prices, Domestic currency","Annual","Billions","","","","","","","","","","","2.88","3.12","3.57","4.18","4.81","5.51","6.30","6.98","7.69","8.51","9.74","10.73","11.58","13.66","16.67","23.05","25.34","28.82","34.33","43.25","51.42","57.87","66.43","74.76","82.63","86.23","89.40","94.15","100.20","104.85","109.33","113.01","115.55","121.12","131.08","147.04","150.58","158.82","161.03","171.74","180.84","204.75","222.35","237.83","246.27","259.16","269.77","285.63","306.29","319.33","336.95","361.60","388.98","413.48","425.71","428.35","450.16","469.22","490.96","522.04","524.95","529.20","571.13","603.70","654.96"
"IMF.FAD:GDD(2.0.0)","IRN.FL_S1311MIXED_POGDP_PT.A","OBS_VALUE","Iran, Islamic Republic of","Debt instruments, Central government, Percent of GDP","Annual","Units","","","","","","","","","","","","","","","","","","","","","14.14","14.16","12.73","12.84","6.68","8.81","6.92","9.23","","","35.48","47.56","47.71","35.72","10.03","8.73","47.43","48.61","53.18","48.82","37.01","29.32","25.25","25.63","41.66","31.16","35.81","37.68","36.16","27.12","22.15","25.61","28.53","26.79","25.71","22.18","18.24","16.06","12.37","13.28","14.76","12.26","13.56","11.76","12.59","37.02","47.90","45.04","42.94","46.55","48.34","42.40","36.93","33.52","36.85"
"IMF.FAD:GDD(2.0.0)","GHA.FL_S1311MIXED_POGDP_PT.A","OBS_VALUE","Ghana","Debt instruments, Central government, Percent of GDP","Annual","Units","","","","","","","","","","","","","7.90","20.47","17.20","16.88","16.30","18.96","19.08","17.42","15.99","14.95","17.04","14.85","13.15","13.72","14.99","13.95","12.20","11.46","9.75","8.77","8.51","9.21","12.98","14.39","18.19","26.81","23.47","23.03","22.42","22.78","25.04","34.13","50.59","47.56","42.87","45.15","37.59","51.66","74.46","57.77","54.06","49.30","38.36","31.69","17.29","21.06","23.19","25.39","32.92","31.22","35.47","42.93","50.11","53.90","55.94","56.98","61.98","58.34","72.34","79.18","85.74","76.37","70.51"
"IMF.FAD:GDD(2.0.0)","HND.FL_S1311MIXED_POGDP_PT.A","OBS_VALUE","Honduras","Debt instruments, Central government, Percent of GDP","Annual","Units","1.92","1.62","2.52","2.22","2.40","2.24","3.40","4.01","","6.97","7.77","7.11","7.40","7.88","8.47","7.76","8.20","8.42","8.44","11.26","13.30","14.87","15.69","15.49","17.03","21.20","22.88","24.08","26.99","29.21","35.43","41.80","47.07","55.23","59.12","59.63","59.89","58.07","56.93","52.91","89.24","80.20","78.24","94.33","89.85","80.96","88.65","70.31","65.76","69.56","62.47","59.83","54.38","58.11","58.09","43.89","28.32","17.16","20.08","23.87","29.18","31.59","35.34","43.12","44.44","44.33","45.98","47.44","48.55","49.08","60.11","56.47","53.76","48.55","47.87"
"IMF.FAD:GDD(2.0.0)","HTI.B1GQ_V_XDC.A","OBS_VALUE","Haiti","Gross domestic product (GDP), Current prices, Domestic currency","Annual","Billions","","","","","","2.65","2.80","2.77","2.92","2.60","2.61","2.48","2.69","2.77","2.98","3.11","3.37","3.20","3.35","3.53","3.60","4.20","4.37","5.62","6.84","8.07","9.37","10.03","10.15","11.36","13.32","14.66","15.25","16.36","18.13","20.14","22.37","11.02","7.25","6.70","8.53","9.19","8.98","13.57","45.09","70.19","80.39","93.07","108.56","119.34","133.69","150.88","164.06","195.27","239.56","280.06","311.62","356.15","401.23","471.80","478.04","524.12","569.99","642.67","675.57","720.26","844.48","986.92","1076.41","1244.01","1449.89","1699.21","2168.22","2798.32","3460.94"
"IMF.FAD:GDD(2.0.0)","GHA.B1GQ_V_XDC.A","OBS_VALUE","Ghana","Gross domestic product (GDP), Current prices, Domestic currency","Annual","Billions","","","","","","0.00","0.00","0.00","0.00","0.00","0.00","0.00","0.00","0.00","0.00","0.00","0.00","0.00","0.00","0.00","0.00","0.00","0.00","0.00","0.00","0.00","0.00","0.00","0.01","0.01","0.01","0.02","0.02","0.04","0.06","0.09","0.13","0.20","0.27","0.37","0.52","0.65","0.77","0.94","1.28","1.88","2.72","3.49","4.28","5.11","6.73","9.39","12.07","16.29","19.57","23.91","28.33","34.09","43.47","52.22","64.98","81.53","101.75","124.48","158.68","183.53","219.59","262.80","308.59","356.54","391.94","461.70","614.34","887.75","1176.22"
"IMF.FAD:GDD(2.0.0)","AFG.FL_S1311MIXED_POGDP_PT.A","OBS_VALUE","Afghanistan, Islamic Republic of","Debt instruments, Central government, Percent of GDP","Annual","Units","","","","","","","","","","","","","","","","","","","","","","","","","","","","","","","","","","","","","","","","","","","","","","","","","","","","","345.98","270.60","244.97","206.36","22.98","20.14","19.06","16.25","7.70","7.50","6.76","6.90","8.70","9.15","8.44","8.00","7.38","6.14","7.33","11.14","10.64","8.25",""
"IMF.FAD:GDD(2.0.0)","HKG.B1GQ_V_XDC.A","OBS_VALUE","Hong Kong Special Administrative Region, People's Republic of China","Gross domestic product (GDP), Current prices, Domestic currency","Annual","Billions","","","","","","","","","","","6.86","7.46","8.69","10.43","11.89","13.95","14.28","15.48","16.53","19.44","23.11","26.68","32.21","41.33","47.24","49.59","63.16","73.28","85.78","112.69","143.62","173.58","196.01","217.28","261.99","278.13","320.53","394.77","466.08","536.56","599.26","691.32","807.13","931.01","1049.61","1119.01","1235.30","1373.08","1308.07","1285.95","1337.50","1321.14","1297.34","1256.67","1316.95","1412.13","1503.35","1650.76","1707.49","1659.25","1776.33","1934.43","2037.06","2138.31","2260.01","2398.28","2490.60","2659.61","2835.43","2845.02","2675.79","2867.97","2808.97","2983.59","3176.99"
"IMF.FAD:GDD(2.0.0)","GIN.FL_S1311MIXED_POGDP_PT.A","OBS_VALUE","Guinea","Debt instruments, Central government, Percent of GDP","Annual","Units","","","","","","","","","","","","","","","","","","","","","","","","","","","","","","","","","","","","","","","","","71.60","70.86","62.00","68.91","71.28","66.53","67.68","67.87","75.94","92.25","91.49","90.44","82.61","81.57","86.87","97.92","95.22","60.80","58.46","61.33","71.14","53.85","26.87","33.97","35.16","44.39","43.01","41.88","39.27","38.58","47.93","42.88","40.59","37.34","47.84"
"IMF.FAD:GDD(2.0.0)","HND.B1GQ_V_XDC.A","OBS_VALUE","Honduras","Gross domestic product (GDP), Current prices, Domestic currency","Annual","Billions","0.78","0.86","0.86","1.00","0.94","1.01","1.12","1.13","1.20","1.24","1.23","1.32","1.43","1.50","1.66","1.86","2.00","2.15","2.32","2.37","2.59","2.71","2.99","3.29","3.71","3.89","4.51","5.39","6.19","7.09","7.94","8.09","8.53","8.95","9.83","10.56","11.36","12.38","13.75","15.75","20.24","24.72","27.18","32.10","39.04","51.28","61.75","75.44","86.20","92.05","106.65","118.42","129.17","142.82","161.51","183.75","206.29","233.57","262.42","275.63","299.29","335.03","361.35","376.54","414.63","460.41","495.92","543.40","575.28","609.83","574.04","675.93","769.49","846.31","921.12"
"IMF.FAD:GDD(2.0.0)","GNB.FL_S1311MIXED_POGDP_PT.A","OBS_VALUE","Guinea-Bissau","Debt instruments, Central government, Percent of GDP","Annual","Units","","","","","","","","","","","","","","","","","","","","","","","","","","","","","","","","","","","","","73.91","111.73","141.43","124.56","117.28","88.86","85.30","112.38","105.49","103.33","117.34","118.99","152.63","145.15","217.14","204.44","197.47","183.38","201.96","203.65","190.41","163.97","148.82","148.26","61.73","45.62","47.39","49.65","60.11","56.35","59.10","51.78","59.07","65.13","77.59","78.80","80.69","79.39","82.29"
"IMF.FAD:GDD(2.0.0)","DEU.B1GQ_V_XDC.A","OBS_VALUE","Germany","Gross domestic product (GDP), Current prices, Domestic currency","Annual","Billions","56.08","68.53","78.28","84.30","90.72","103.68","114.12","124.10","132.58","143.59","163.37","179.02","194.71","206.36","226.77","247.81","263.50","266.80","287.81","322.17","364.46","404.64","444.24","495.04","531.03","554.07","604.73","645.10","692.73","749.34","795.08","829.93","862.70","904.60","948.99","990.79","1047.73","1082.06","1139.31","1211.70","1322.26","1591.61","1709.89","1757.34","1838.02","1899.93","1928.56","1967.18","2022.31","2077.24","2129.66","2195.53","2223.36","2240.81","2293.04","2325.71","2426.18","2542.22","2589.68","2494.87","2616.06","2747.81","2800.38","2867.28","2985.17","3085.65","3196.11","3331.11","3431.13","3534.88","3449.62","3676.46","3953.85","4185.55","4305.26"
"IMF.FAD:GDD(2.0.0)","GNB.B1GQ_V_XDC.A","OBS_VALUE","Guinea-Bissau","Gross domestic product (GDP), Current prices, Domestic currency","Annual","Billions","","","","","","","","","","","17.18","16.94","17.60","19.86","20.39","20.76","20.10","21.21","22.57","26.18","31.14","30.47","34.02","37.99","43.27","50.02","53.29","50.98","61.33","65.23","61.15","100.58","138.34","180.96","144.30","217.96","164.06","120.48","111.14","143.21","148.58","217.42","218.46","182.62","200.29","384.62","376.03","407.46","348.68","356.71","277.94","302.20","323.81","321.04","307.00","337.33","331.63","360.49","424.89","418.64","465.16","545.27","535.78","548.07","560.54","681.30","737.84","853.55","863.24","870.94","875.17","954.52","1071.31","1216.06","1324.14"
"IMF.FAD:GDD(2.0.0)","HTI.FL_S1311MIXED_POGDP_PT.A","OBS_VALUE","Haiti","Debt instruments, Central government, Percent of GDP","Annual","Units","","","","","","","","","","","","","","","","","","","","","12.54","10.95","11.14","8.92","13.33","14.19","14.90","18.50","20.11","19.79","20.33","23.69","25.54","28.88","27.33","25.65","26.47","58.60","90.89","98.69","85.11","80.69","118.86","98.02","35.30","26.23","26.24","26.23","24.01","24.15","32.45","28.75","31.95","37.79","30.45","29.71","32.16","24.44","33.92","19.41","24.90","22.29","24.06","25.11","21.35","23.89","24.39","22.52","24.11","26.53","22.32","28.86","29.51","28.46","14.95"
"IMF.FAD:GDD(2.0.0)","GRD.B1GQ_V_XDC.A","OBS_VALUE","Grenada","Gross domestic product (GDP), Current prices, Domestic currency","Annual","Billions","","","","","","","","","","","","","","0.01","0.01","0.01","0.01","0.02","0.02","0.03","0.03","0.04","0.05","0.07","0.09","0.10","0.14","0.17","0.22","0.26","0.30","0.31","0.34","0.36","0.39","0.45","0.51","0.58","0.64","0.72","0.75","0.81","0.84","0.84","0.88","0.92","0.99","1.06","1.20","1.30","1.40","1.41","1.46","1.60","1.62","1.88","1.89","2.05","2.23","2.08","2.08","2.10","2.16","2.28","2.46","2.69","2.87","3.04","3.15","3.28","2.82","3.03","3.32","3.58","3.76"
"IMF.FAD:GDD(2.0.0)","GUY.B1GQ_V_XDC.A","OBS_VALUE","Guyana","Gross domestic product (GDP), Current prices, Domestic currency","Annual","Billions","","","","","","","","","","","0.50","0.54","0.57","0.46","0.54","0.62","0.63","0.71","0.73","0.77","0.83","0.86","0.88","0.97","1.22","1.45","1.62","1.67","1.89","1.98","2.15","2.27","2.08","2.11","2.50","2.96","3.37","7.11","8.28","22.60","34.52","84.99","102.78","127.10","162.66","189.15","209.92","225.94","225.84","264.85","273.05","281.71","296.54","308.67","328.50","342.16","380.06","449.98","507.16","529.55","588.40","679.07","830.33","856.04","852.15","883.79","925.68","980.50","994.47","1078.73","1140.76","1676.62","3068.78","3527.51","5141.33"
"IMF.FAD:GDD(2.0.0)","GTM.B1GQ_V_XDC.A","OBS_VALUE","Guatemala","Gross domestic product (GDP), Current prices, Domestic currency","Annual","Billions","0.63","0.67","0.68","0.72","0.77","0.80","0.88","0.92","0.96","1.02","1.02","1.05","1.12","1.24","1.27","1.30","1.36","1.42","1.58","1.68","1.86","1.94","2.06","2.52","3.10","3.57","4.28","5.37","5.95","6.76","7.72","8.43","8.54","8.86","9.28","10.95","15.51","17.35","20.12","23.20","33.61","46.07","52.48","62.17","71.90","81.58","91.33","102.97","117.92","128.44","140.70","154.99","171.45","183.29","198.55","215.18","238.02","268.82","304.33","309.99","334.43","369.35","390.93","416.38","447.33","476.02","502.00","526.51","551.37","593.97","600.12","668.86","740.97","818.05","873.50"
"IMF.FAD:GDD(2.0.0)","ISR.B1GQ_V_XDC.A","OBS_VALUE","Israel","Gross domestic product (GDP), Current prices, Domestic currency","Annual","Billions","0.00","0.00","0.00","0.00","0.00","0.00","0.00","0.00","0.00","0.00","0.00","0.00","0.00","0.00","0.00","0.00","0.00","0.00","0.00","0.00","0.00","0.00","0.00","0.00","0.01","0.01","0.01","0.02","0.03","0.05","0.13","0.30","0.69","1.78","8.81","32.93","51.17","65.51","81.37","99.23","123.18","157.96","190.45","220.29","267.54","317.85","367.62","412.25","458.24","502.67","556.62","567.72","593.83","599.07","628.20","661.68","708.81","758.79","793.78","839.17","896.15","959.28","1016.39","1077.74","1127.11","1179.53","1236.44","1290.27","1351.13","1428.12","1414.04","1582.32","1764.41","1878.37","1999.26"
"IMF.FAD:GDD(2.0.0)","ISL.B1GQ_V_XDC.A","OBS_VALUE","Iceland","Gross domestic product (GDP), Current prices, Domestic currency","Annual","Billions","0.02","0.03","0.03","0.04","0.04","0.05","0.06","0.06","0.07","0.08","0.09","0.10","0.13","0.15","0.19","0.23","0.28","0.28","0.30","0.37","0.47","0.60","0.76","1.06","1.56","2.22","3.10","4.47","6.90","10.18","16.47","25.59","40.16","69.38","91.66","124.90","164.98","215.09","264.30","325.15","379.10","409.98","408.89","420.85","447.14","460.84","493.83","536.72","603.41","649.72","709.56","802.28","854.14","876.73","970.42","1061.43","1225.72","1386.95","1589.63","1626.39","1680.97","1765.01","1845.16","1970.15","2086.36","2310.85","2512.06","2641.96","2844.06","3026.10","2929.17","3272.55","3882.05","4338.61","4616.46"
"IMF.FAD:GDD(2.0.0)","HUN.B1GQ_V_XDC.A","OBS_VALUE","Hungary","Gross domestic product (GDP), Current prices, Domestic currency","Annual","Billions","","","","","","","","","","","96.18","101.68","107.25","134.91","150.20","166.13","192.26","225.63","261.23","286.89","346.86","376.37","407.78","447.46","468.26","502.19","550.27","605.56","655.37","710.17","752.05","813.47","884.35","934.93","1020.55","1078.13","1135.65","1279.13","1502.34","1796.96","2179.21","2605.81","3069.28","3700.93","4552.61","5855.59","7149.02","8853.54","10459.46","11658.14","13340.29","15413.05","17440.96","19108.79","21088.68","22572.43","24321.95","25730.26","27233.19","26467.80","27427.57","28492.07","28919.19","30343.34","32826.77","34984.76","36311.88","39335.93","43553.98","47940.50","48807.77","55560.47","66149.43","75568.87","81514.21"
"IMF.FAD:GDD(2.0.0)","HUN.FL_S1311MIXED_POGDP_PT.A","OBS_VALUE","Hungary","Debt instruments, Central government, Percent of GDP","Annual","Units","","","","","","","","","","","","","","","","","","","","","","","","","","","","","","","","","","","","","","","","70.44","63.32","74.05","76.25","86.33","84.78","83.24","71.28","62.82","60.57","60.54","55.69","52.13","54.91","57.34","57.94","59.25","62.60","63.16","68.81","74.54","75.72","76.39","74.79","75.79","76.44","75.65","75.17","73.12","70.70","66.40","79.76","76.93","74.49","73.38","74.49"
"IMF.FAD:GDD(2.0.0)","GIN.B1GQ_V_XDC.A","OBS_VALUE","Guinea","Gross domestic product (GDP), Current prices, Domestic currency","Annual","Billions","","","","","","","","","","27.20","29.88","32.44","33.54","35.74","39.88","44.87","51.02","58.67","64.32","70.05","75.85","84.42","91.19","101.85","111.64","120.39","137.98","139.51","152.21","161.85","176.42","192.83","254.53","333.44","423.46","529.12","925.66","1216.87","1573.75","2002.00","2449.46","3162.42","4122.17","4359.28","4597.07","5095.08","5337.24","5708.60","6187.29","6656.55","7055.30","7424.09","7947.46","9446.37","11246.36","16422.58","21728.00","26369.00","32046.00","32248.00","39243.50","45176.00","51605.01","57864.63","61573.26","65829.15","77087.90","93833.93","106845.29","123457.57","134759.57","159336.00","170313.00","196878.55","222002.25"
"IMF.FAD:GDD(2.0.0)","GRD.FL_S1311MIXED_POGDP_PT.A","OBS_VALUE","Grenada","Debt instruments, Central government, Percent of GDP","Annual","Units","","","","","","","","","","","","","","","","","","","","","124.07","68.29","58.97","46.00","42.12","37.53","33.91","31.44","32.12","24.59","22.59","27.43","38.97","48.52","46.64","45.03","43.80","44.90","44.57","39.94","46.17","46.88","40.07","45.28","45.68","43.08","43.87","41.43","40.27","34.48","41.63","44.61","79.09","79.56","94.69","87.31","92.92","89.06","83.91","91.09","96.22","102.78","101.50","105.44","99.34","90.10","81.57","70.40","68.54","62.70","89.49","86.55","78.79","75.22","73.18"
"IMF.FAD:GDD(2.0.0)","IRL.B1GQ_V_XDC.A","OBS_VALUE","Ireland","Gross domestic product (GDP), Current prices, Domestic currency","Annual","Billions","0.53","0.56","0.64","0.70","0.71","0.74","0.75","0.78","0.81","0.86","0.91","0.98","1.06","1.14","1.29","1.38","1.46","1.59","1.79","2.07","2.26","2.59","3.15","3.80","4.22","5.31","6.54","7.96","9.40","11.14","13.22","16.04","19.03","20.97","23.23","25.23","26.88","28.72","30.68","34.04","36.90","38.40","40.90","44.05","47.35","54.84","60.23","69.40","80.43","92.79","108.50","122.09","136.00","145.58","156.26","170.31","184.92","197.07","187.28","169.52","167.45","173.38","176.89","183.19","200.82","272.54","276.21","308.52","334.87","363.68","382.21","449.22","520.94","509.95","533.44"
"IMF.FAD:GDD(2.0.0)","IRQ.FL_S1311MIXED_POGDP_PT.A","OBS_VALUE","Iraq","Debt instruments, Central government, Percent of GDP","Annual","Units","","","","","","","","","","","","","","","","","","","","","","","","","","","","","","","","","","","","","","","","","","","","","","","","","","","","","","","344.32","227.34","143.16","117.08","74.17","87.38","53.53","40.72","34.78","31.99","27.57","48.33","60.30","55.87","44.36","41.71","72.46","54.71","38.97","42.08","42.91"
"IMF.FAD:GDD(2.0.0)","IRN.B1GQ_V_XDC.A","OBS_VALUE","Iran, Islamic Republic of","Gross domestic product (GDP), Current prices, Domestic currency","Annual","Billions","","","","","","161.78","187.32","216.34","251.75","293.40","320.29","337.43","357.54","374.96","410.03","472.95","518.88","576.98","661.03","745.93","840.38","1048.34","1313.69","1881.25","3149.89","3558.40","4841.11","5742.10","5488.81","6352.59","6891.35","8160.73","10640.57","13708.84","14906.59","15708.53","15887.21","19298.98","21705.25","27331.36","38748.41","55354.95","74189.80","107507.11","139682.04","201145.98","277281.11","323163.01","359775.78","482785.86","643939.45","751016.39","1056702.51","1313459.74","1649382.25","2062997.20","2505521.68","3348041.70","4080696.25","4369336.13","5357811.73","6896000.00","7895674.00","10634999.00","12254707.00","12103890.00","14408892.00","16736418.00","21627071.00","27364016.00","40791378.00","66774502.00","104350050.00","143039264.00","200806220.96"
"IMF.FAD:GDD(2.0.0)","GTM.FL_S1311MIXED_POGDP_PT.A","OBS_VALUE","Guatemala","Debt instruments, Central government, Percent of GDP","Annual","Units","3.30","2.83","2.62","3.29","2.10","4.72","3.86","3.99","4.54","6.24","6.65","7.41","7.66","7.60","7.82","10.70","10.77","11.41","11.58","11.19","11.42","13.22","14.82","13.26","12.52","12.09","13.21","12.86","13.16","12.72","15.38","22.08","35.74","42.92","48.44","61.25","51.10","51.24","45.83","45.62","47.25","34.34","30.06","26.67","23.69","21.01","19.22","18.46","18.96","21.99","20.65","21.10","18.76","21.32","21.47","20.78","21.11","21.00","19.82","23.15","24.33","24.04","24.80","25.18","24.79","24.92","25.03","25.15","26.48","26.49","31.52","30.60","28.98","27.21","28.24"
"IMF.FAD:GDD(2.0.0)","GMB.B1GQ_V_XDC.A","OBS_VALUE","Gambia, The","Gross domestic product (GDP), Current prices, Domestic currency","Annual","Billions","","","","","","","","","","","0.12","0.12","0.13","0.13","0.14","0.15","0.18","0.19","0.20","0.23","0.20","0.23","0.27","0.33","0.39","0.52","0.67","0.85","0.86","1.03","1.04","1.14","1.25","1.45","1.48","1.88","2.60","3.56","3.92","4.66","5.68","6.64","7.29","8.01","8.33","8.68","9.30","10.03","10.74","11.81","12.91","15.73","17.66","24.05","28.89","29.37","29.58","31.83","34.66","38.64","43.23","41.53","45.39","49.46","51.31","58.58","64.39","70.14","80.45","90.79","93.33","105.49","121.09","146.70","173.41"
"IMF.FAD:GDD(2.0.0)","FRA.B1GQ_V_XDC.A","OBS_VALUE","France","Gross domestic product (GDP), Current prices, Domestic currency","Annual","Billions","16.43","20.13","23.71","24.72","26.17","28.00","31.11","34.64","39.86","43.52","48.29","52.69","58.83","65.95","73.16","78.75","84.55","91.33","99.31","113.22","126.42","140.86","157.40","180.00","207.58","233.86","270.92","305.54","347.72","395.28","447.42","504.71","579.25","642.95","699.50","749.58","807.71","848.79","917.93","988.88","1043.98","1082.83","1121.46","1134.84","1172.96","1213.80","1246.97","1289.67","1346.32","1395.15","1473.52","1530.07","1578.33","1622.31","1696.11","1762.05","1846.02","1937.88","1990.00","1935.84","1996.08","2062.14","2088.29","2120.35","2153.73","2201.40","2231.82","2291.68","2355.36","2432.21","2318.28","2508.10","2654.06","2826.31","2922.24"
"IMF.FAD:GDD(2.0.0)","GRC.B1GQ_V_XDC.A","OBS_VALUE","Greece","Gross domestic product (GDP), Current prices, Domestic currency","Annual","Billions","","0.15","0.15","0.20","0.24","0.27","0.31","0.33","0.35","0.36","0.38","0.43","0.46","0.52","0.58","0.67","0.75","0.81","0.88","1.01","1.15","1.27","1.47","1.93","2.21","2.66","3.31","3.88","4.73","5.87","7.01","8.39","10.56","12.59","15.66","19.11","22.84","25.73","31.31","37.21","44.91","55.46","64.11","72.19","81.87","91.77","100.66","111.19","121.09","128.67","136.16","147.44","158.90","174.10","188.91","194.77","214.30","229.28","238.74","234.32","223.59","203.48","185.90","178.11","176.07","175.36","174.45","177.38","180.62","185.18","167.54","184.57","207.85","225.20","237.57"
"IMF.FAD:GDD(2.0.0)","ERI.B1GQ_V_XDC.A","OBS_VALUE","Eritrea, The State of","Gross domestic product (GDP), Current prices, Domestic currency","Annual","Billions","","","","","","","","","","","","","","","","","","","","","","","","","","","","","","","","","","","","","","","","","1.18","1.42","1.70","1.96","2.67","3.05","3.68","4.14","4.61","5.01","5.26","6.59","7.88","9.35","11.83","13.06","14.41","15.68","14.19","19.94","24.44","31.75","34.67","30.10","40.04","30.95","33.37","28.70","30.24","29.88","","","","",""
"IMF.FAD:GDD(2.0.0)","GMB.FL_S1311MIXED_POGDP_PT.A","OBS_VALUE","Gambia, The","Debt instruments, Central government, Percent of GDP","Annual","Units","","","","","","","","","","","","","","","","","","","","","","","","5.10","5.40","6.26","8.98","14.55","13.52","19.13","27.28","37.26","42.92","47.87","56.28","69.50","64.01","82.25","73.03","66.90","67.96","58.76","71.02","63.47","67.31","68.82","71.44","68.81","72.16","70.17","73.25","75.23","93.88","91.69","81.30","82.60","87.34","38.02","39.53","38.87","42.95","49.24","49.49","58.24","71.09","69.37","80.66","86.98","83.60","82.97","85.89","83.11","83.86","76.83","73.49"
"IMF.FAD:GDD(2.0.0)","GUY.FL_S1311MIXED_POGDP_PT.A","OBS_VALUE","Guyana","Debt instruments, Central government, Percent of GDP","Annual","Units","","","","","","","","","","","","","","25.33","22.16","20.03","23.00","23.25","24.13","29.69","25.10","42.36","47.25","53.99","46.94","66.69","88.16","102.20","99.23","112.47","125.02","138.87","199.06","233.78","230.65","256.38","279.97","204.03","262.92","243.62","305.29","265.26","316.16","280.00","236.16","210.63","146.97","128.30","120.76","107.04","110.99","100.63","105.08","95.62","91.77","90.74","74.50","46.99","47.60","51.69","52.52","51.19","44.30","41.05","38.28","41.83","43.84","42.89","47.03","43.56","51.08","41.17","24.83","26.65","24.27"
"IMF.FAD:GDD(2.0.0)","FIN.B1GQ_V_XDC.A","OBS_VALUE","Finland","Gross domestic product (GDP), Current prices, Domestic currency","Annual","Billions","0.98","1.42","1.48","1.46","1.62","1.79","1.99","2.17","2.33","2.54","2.83","3.21","3.44","3.73","4.21","4.66","4.99","5.46","6.26","7.15","7.96","8.74","10.19","12.40","15.65","18.15","20.62","22.63","25.07","29.07","33.68","38.09","42.83","47.79","53.50","58.29","62.74","67.75","76.75","85.93","90.96","86.91","84.79","85.61","90.65","98.45","101.98","110.76","120.43","126.89","136.39","144.61","148.44","151.71","158.74","164.67","172.86","187.06","194.25","181.74","188.15","197.66","200.38","203.50","205.86","210.19","215.72","224.71","231.91","238.52","236.39","248.76","266.14","272.78","276.17"
"IMF.FAD:GDD(2.0.0)","ERI.FL_S1311MIXED_POGDP_PT.A","OBS_VALUE","Eritrea, The State of","Debt instruments, Central government, Percent of GDP","Annual","Units","","","","","","","","","","","","","","","","","","","","","","","","","","","","","","","","","","","","","","","","","","","","","","40.78","57.06","64.51","111.16","","219.10","238.57","243.44","263.99","193.51","205.37","199.05","201.28","259.67","207.05","201.79","171.57","171.58","232.43","204.48","271.41","251.23","290.39","267.09","260.39","","","","",""
"IMF.FAD:GDD(2.0.0)","ETH.B1GQ_V_XDC.A","OBS_VALUE","Ethiopia, The Federal Democratic Republic of","Gross domestic product (GDP), Current prices, Domestic currency","Annual","Billions","2.97","3.36","3.42","3.53","3.64","3.74","3.92","3.85","3.79","4.09","4.19","4.38","4.56","4.78","5.26","5.86","6.08","6.48","6.90","7.30","8.02","8.47","8.53","9.00","9.99","9.93","10.80","12.28","13.07","14.37","15.29","15.69","16.50","18.35","17.34","20.30","21.09","22.54","23.36","24.58","26.07","28.83","30.42","39.02","41.45","49.58","55.87","57.87","55.65","59.80","67.13","68.55","67.07","73.99","87.42","107.35","132.67","173.30","250.13","337.61","385.94","515.08","747.33","866.92","1060.83","1297.96","1568.10","1832.79","2200.12","2690.75","3374.35","4341.02","6157.02","8723.12","11752.14"
"IMF.FAD:GDD(2.0.0)","LVA.B1GQ_V_XDC.A","OBS_VALUE","Latvia, Republic of","Gross domestic product (GDP), Current prices, Domestic currency","Annual","Billions","","","","","","","","","","","","","","","","","","","","","","","","","","","","","","","","","","","","","","","","","0.11","0.25","1.72","2.51","3.49","3.93","4.54","5.25","5.85","6.10","6.70","7.32","8.14","9.14","10.63","13.10","16.29","21.51","23.35","18.48","17.72","19.12","21.10","21.96","22.79","23.74","24.50","26.02","28.15","29.57","29.22","32.28","36.10","39.37","40.21"
"IMF.FAD:GDD(2.0.0)","KAZ.FL_S1311MIXED_POGDP_PT.A","OBS_VALUE","Kazakhstan, Republic of","Debt instruments, Central government, Percent of GDP","Annual","Units","","","","","","","","","","","","","","","","","","","","","","","","","","","","","","","","","","","","","","","","","","","","","","","","","","","21.62","17.66","15.36","13.22","9.99","7.06","5.94","5.32","6.33","9.51","10.19","9.71","11.69","12.22","14.15","21.20","18.90","18.75","18.88","18.48","23.58","22.31","21.21","20.67","24.95"
"IMF.FAD:GDD(2.0.0)","KWT.FL_S1311MIXED_POGDP_PT.A","OBS_VALUE","Kuwait","Debt instruments, Central government, Percent of GDP","Annual","Units","","","","","","","","","","","","","","","","","","","","","","","","","","","","","","","","","","","","","","9.08","21.36","24.57","","45.29","27.89","28.76","37.68","34.91","26.45","24.26","25.62","25.49","21.37","23.02","21.27","17.25","13.86","10.20","7.79","7.05","5.38","6.65","6.16","4.64","3.60","3.09","3.43","4.60","9.88","19.62","14.26","10.52","10.23","7.19","2.94","3.17","3.04"
"IMF.FAD:GDD(2.0.0)","KOR.FL_S1311MIXED_POGDP_PT.A","OBS_VALUE","Korea, Republic of","Debt instruments, Central government, Percent of GDP","Annual","Units","","","","","","","","","16.61","","13.47","13.15","12.83","9.06","6.46","6.04","4.37","3.68","2.71","","10.60","14.53","18.35","17.91","18.64","21.48","20.39","20.08","18.40","15.74","18.55","18.82","20.53","19.32","16.95","16.23","14.54","15.26","12.65","12.36","11.87","11.07","10.81","10.09","8.94","7.88","7.25","9.00","12.83","14.63","14.94","15.44","15.57","18.29","20.80","24.00","26.13","25.48","24.76","27.57","27.10","27.81","28.25","29.54","30.70","31.97","32.29","32.44","32.48","34.25","39.80","42.27","44.47","45.50","44.77"
"IMF.FAD:GDD(2.0.0)","JPN.B1GQ_V_XDC.A","OBS_VALUE","Japan","Gross domestic product (GDP), Current prices, Domestic currency","Annual","Billions","4167.77","5772.23","6516.18","7354.44","8166.46","8977.25","10106.38","11646.75","12376.01","14148.06","17172.04","20740.27","23535.90","26936.59","31685.96","35252.15","40941.02","47978.15","56821.01","66746.66","78670.03","86560.52","99102.57","120665.74","143990.23","159096.12","178666.83","199098.62","219244.45","237631.54","256076.00","274615.80","288612.90","301844.10","319663.60","340395.30","357276.20","373273.10","400566.90","428994.10","461295.00","491418.80","504161.30","504497.80","510916.20","521613.60","535562.00","543545.30","536497.40","528069.90","535417.80","531653.90","524478.70","523968.70","529400.90","532515.60","535170.20","539281.70","527823.80","494938.40","505530.60","497449.00","500474.60","508700.60","518811.10","538032.40","544364.60","553073.00","556630.10","557910.90","539646.10","553068.30","560464.30","591912.50","609432.60"
"IMF.FAD:GDD(2.0.0)","KAZ.B1GQ_V_XDC.A","OBS_VALUE","Kazakhstan, Republic of","Gross domestic product (GDP), Current prices, Domestic currency","Annual","Billions","","","","","","","","","","","","","","","","","","","","","","","","","","","","","","","","","","","","","","","","","0.10","0.17","2.44","29.88","423.47","1014.19","1415.75","1672.14","1733.26","2016.46","2599.90","3250.59","3776.28","4611.98","5870.13","7590.59","10213.73","12849.79","16052.92","17007.65","21815.52","28243.05","31015.19","35999.03","39675.83","40884.13","46971.15","54378.86","61819.54","69532.63","70649.03","83951.59","103765.52","119442.29","134339.76"
"IMF.FAD:GDD(2.0.0)","ITA.B1GQ_V_XDC.A","OBS_VALUE","Italy","Gross domestic product (GDP), Current prices, Domestic currency","Annual","Billions","5.21","6.07","6.54","7.24","7.71","8.50","9.25","9.93","10.67","11.33","13.13","14.60","16.40","18.79","20.56","22.13","23.97","26.41","28.62","31.60","35.56","38.74","42.46","51.36","64.88","73.61","92.89","113.83","134.80","164.73","211.92","253.86","299.63","348.89","398.91","447.69","494.98","541.47","601.70","660.64","719.13","785.55","826.71","851.51","900.64","990.52","1047.75","1095.09","1141.26","1177.55","1244.74","1308.62","1355.52","1399.39","1457.36","1499.07","1559.86","1621.71","1643.72","1584.11","1617.94","1657.36","1632.90","1621.26","1635.87","1663.28","1704.86","1744.49","1777.74","1804.07","1670.01","1842.51","1998.07","2131.39","2192.18"
"IMF.FAD:GDD(2.0.0)","JPN.FL_S1311MIXED_POGDP_PT.A","OBS_VALUE","Japan","Debt instruments, Central government, Percent of GDP","Annual","Units","","","","","","","","","","","","","","","","","","","","7.58","7.44","8.38","11.46","10.59","10.94","14.00","18.03","22.15","28.92","32.46","33.75","38.09","42.22","47.27","49.05","51.83","57.25","58.29","54.67","48.81","46.26","45.04","47.62","51.43","56.77","62.21","65.88","63.68","72.00","80.73","89.20","99.46","104.72","113.74","122.95","131.27","133.38","134.08","140.69","150.92","156.78","168.35","176.72","183.27","186.44","188.25","193.12","191.26","192.42","197.46","205.56","214.13","214.77","205.65","200.93"
"IMF.FAD:GDD(2.0.0)","KOS.FL_S1311MIXED_POGDP_PT.A","OBS_VALUE","Kosovo, Republic of","Debt instruments, Central government, Percent of GDP","Annual","Units","","","","","","","","","","","","","","","","","","","","","","","","","","","","","","","","","","","","","","","","","","","","","","","","","","","","","","","","","","","","6.90","6.45","5.57","8.56","9.42","11.19","13.42","14.47","16.38","17.14","17.67","22.49","21.58","20.04","17.52","16.91"
"IMF.FAD:GDD(2.0.0)","JAM.FL_S1311MIXED_POGDP_PT.A","OBS_VALUE","Jamaica","Debt instruments, Central government, Percent of GDP","Annual","Units","","","","","","","","","","","","","","16.05","16.18","17.33","19.07","20.47","22.77","22.04","21.35","22.89","23.86","24.33","27.56","34.27","52.82","53.89","65.02","","124.04","143.63","144.14","211.75","237.77","232.17","200.57","205.79","179.36","168.15","128.79","175.08","100.38","106.19","90.41","85.21","70.23","74.41","75.60","86.75","93.69","110.65","122.24","128.78","123.25","127.72","121.07","118.25","128.89","145.21","143.74","141.73","146.68","141.67","140.29","124.03","115.43","103.01","95.60","94.74","108.68","98.98","80.87","74.21","69.92"
"IMF.FAD:GDD(2.0.0)","JAM.B1GQ_V_XDC.A","OBS_VALUE","Jamaica","Gross domestic product (GDP), Current prices, Domestic currency","Annual","Billions","","","","0.27","0.30","0.34","0.41","0.50","0.51","0.52","0.56","0.60","0.62","0.63","0.72","0.78","0.81","0.88","0.97","1.07","1.29","1.40","1.61","1.92","2.33","2.73","2.80","3.04","3.85","4.14","4.57","5.02","5.76","7.10","9.24","11.26","13.03","14.70","17.51","21.05","33.58","51.85","99.55","135.72","180.40","231.15","274.46","297.40","321.17","346.98","387.09","422.92","470.55","544.51","622.66","700.28","784.34","885.63","997.44","1065.32","1152.78","1240.70","1314.13","1432.10","1541.90","1659.68","1760.98","1895.03","2027.25","2110.43","1966.93","2210.22","2623.26","2994.28","3155.99"
"IMF.FAD:GDD(2.0.0)","JOR.FL_S1311MIXED_POGDP_PT.A","OBS_VALUE","Jordan","Debt instruments, Central government, Percent of GDP","Annual","Units","","","","","","","","","","","","","","","","","","","","19.78","24.16","31.34","35.22","40.70","41.34","41.80","38.60","43.95","46.67","46.19","51.05","53.41","61.25","68.69","72.35","85.22","84.31","101.89","129.27","195.44","227.52","207.74","155.06","140.59","129.02","117.83","116.49","108.97","110.80","109.00","99.26","94.41","94.88","88.79","81.53","72.96","66.30","64.25","54.24","57.96","59.44","62.07","70.52","75.58","75.01","78.42","77.43","75.66","74.30","78.02","87.95","98.23","97.88","96.96","95.90"
"IMF.FAD:GDD(2.0.0)","JOR.B1GQ_V_XDC.A","OBS_VALUE","Jordan","Gross domestic product (GDP), Current prices, Domestic currency","Annual","Billions","","","","","0.05","0.04","0.06","0.07","0.07","0.08","0.09","0.10","0.11","0.11","0.14","0.16","0.18","0.21","0.21","0.24","0.23","0.25","0.28","0.29","0.33","0.41","0.56","0.68","0.83","0.99","1.17","1.46","1.66","1.80","1.92","1.98","2.25","2.30","2.36","2.44","2.78","2.98","3.67","3.94","4.45","4.79","5.00","5.24","5.79","5.97","6.19","6.57","7.07","7.50","8.35","9.31","11.20","12.73","16.08","17.42","19.27","20.96","22.46","24.46","26.16","27.40","28.32","29.54","30.79","31.60","31.03","32.87","34.54","36.27","37.88"
"IMF.FAD:GDD(2.0.0)","KOS.B1GQ_V_XDC.A","OBS_VALUE","Kosovo, Republic of","Gross domestic product (GDP), Current prices, Domestic currency","Annual","Billions","","","","","","","","","","","","","","","","","","","","","","","","","","","","","","","","","","","","","","","","","","","","","","","","","","","2.40","2.80","2.89","3.00","2.98","3.07","3.20","3.55","3.54","3.61","4.03","4.56","4.80","5.07","5.33","5.67","6.04","6.36","6.67","7.06","6.77","7.96","8.90","9.68","10.31"
"IMF.FAD:GDD(2.0.0)","KWT.B1GQ_V_XDC.A","OBS_VALUE","Kuwait","Gross domestic product (GDP), Current prices, Domestic currency","Annual","Billions","","","","","","","","","","","","","0.65","0.68","0.74","0.75","0.85","0.87","0.95","0.99","1.03","1.38","1.46","1.60","3.81","3.48","3.84","4.05","4.26","6.84","7.75","7.04","6.21","6.08","6.42","6.45","5.20","6.23","5.77","7.14","5.33","3.13","5.83","7.23","7.38","8.11","9.43","9.21","7.91","9.17","11.57","10.70","11.59","14.27","17.52","23.59","29.47","32.58","39.62","30.50","33.08","42.51","48.72","49.39","46.29","34.47","33.06","36.61","41.87","42.77","34.01","44.78","56.33","50.29","48.63"
"IMF.FAD:GDD(2.0.0)","IND.FL_S1311MIXED_POGDP_PT.A","OBS_VALUE","India","Debt instruments, Central government, Percent of GDP","Annual","Units","26.13","25.18","26.39","24.65","24.86","29.63","25.48","27.38","23.73","33.58","34.46","36.79","36.21","35.43","33.81","36.73","36.38","33.99","40.31","38.78","38.18","37.58","37.16","34.13","30.61","31.38","33.26","35.94","35.91","37.91","38.03","37.18","41.70","39.65","41.56","44.28","47.86","48.87","48.91","50.46","50.77","50.11","42.83","51.77","49.73","47.43","45.66","","55.84","56.29","56.57","58.01","60.87","58.22","56.10","53.06","49.55","48.29","48.49","50.22","45.62","45.77","47.09","46.98","46.03","45.77","45.53","44.27","44.13","46.70","55.03","54.42","54.48","55.03","53.82"
"IMF.FAD:GDD(2.0.0)","KIR.B1GQ_V_XDC.A","OBS_VALUE","Kiribati","Gross domestic product (GDP), Current prices, Domestic currency","Annual","Billions","","","","","","","","","","","","","","","","","","","","","0.01","0.01","0.01","0.02","0.03","0.03","0.03","0.03","0.03","0.03","0.03","0.03","0.03","0.03","0.04","0.04","0.04","0.04","0.05","0.05","0.05","0.05","0.08","0.09","0.09","0.09","0.10","0.11","0.12","0.12","0.13","0.13","0.14","0.15","0.14","0.15","0.15","0.16","0.18","0.18","0.18","0.19","0.20","0.21","0.22","0.25","0.28","0.29","0.31","0.31","0.32","0.38","0.39","0.43","0.47"
"IMF.FAD:GDD(2.0.0)","KOR.B1GQ_V_XDC.A","OBS_VALUE","Korea, Republic of","Gross domestic product (GDP), Current prices, Domestic currency","Annual","Billions","","","","49.09","67.95","117.14","155.47","202.70","210.57","223.72","251.79","301.82","365.00","517.46","736.53","826.64","1060.30","1304.33","1688.08","2206.37","2821.40","3473.30","4318.20","5603.30","8033.20","10709.00","14699.70","18907.20","25567.10","32952.60","40423.30","50591.80","58429.20","69523.50","80395.80","90277.00","105744.50","125228.00","150300.30","170708.40","206712.60","249964.90","286437.40","325647.70","384996.60","452187.20","507768.40","560502.00","556786.90","613069.30","675732.60","732723.10","813225.40","868110.60","942885.30","995175.50","1045663.20","1134541.30","1202972.90","1255305.40","1379460.20","1448575.70","1504674.10","1570938.10","1638484.80","1740776.00","1833026.50","1934233.90","2006974.60","2040594.30","2058466.60","2221913.00","2323781.50","2401189.40","2549120.70"
"IMF.FAD:GDD(2.0.0)","KIR.FL_S1311MIXED_POGDP_PT.A","OBS_VALUE","Kiribati","Debt instruments, Central government, Percent of GDP","Annual","Units","","","","","","","","","","","","","","","","","","","","","","","","","","","","","","","","","","","","","","","2.46","5.03","7.72","8.43","7.31","10.93","12.29","12.27","11.02","10.72","9.81","11.84","12.69","17.01","13.26","12.31","13.62","12.12","12.87","11.11","13.85","10.27","9.43","8.80","8.13","8.86","8.97","18.80","21.23","20.16","18.98","18.96","20.98","17.35","16.32","11.42","9.92"
"IMF.FAD:GDD(2.0.0)","IDN.B1GQ_V_XDC.A","OBS_VALUE","Indonesia","Gross domestic product (GDP), Current prices, Domestic currency","Annual","Billions","","","","","","","","","","","1.01","1.20","3.44","7.36","13.84","50.85","576.93","1213.63","3034.82","3816.15","4563.21","5097.90","5936.04","8656.71","13101.94","16376.90","20976.77","25359.57","30612.14","43764.91","62257.71","70029.20","75268.73","93789.90","109999.80","118901.20","129820.30","156517.90","180840.10","216981.60","254781.00","301434.90","341591.60","398454.60","461820.40","549170.80","643480.00","758418.50","1154797.60","1328760.70","1511556.60","1790590.70","1981482.20","2190134.70","2497011.50","3017393.80","3631835.30","4297113.40","5414841.90","6011375.00","6864133.10","7831726.00","8615704.50","9546134.00","10569705.30","11526332.80","12401728.50","13589825.70","14838756.00","15832657.20","15443353.20","16976751.40","19588459.90","20892348.50","22138964.00"
"IMF.FAD:GDD(2.0.0)","KEN.B1GQ_V_XDC.A","OBS_VALUE","Kenya","Gross domestic product (GDP), Current prices, Domestic currency","Annual","Billions","5.15","6.51","6.64","6.74","7.86","9.00","9.31","9.95","10.07","9.93","10.82","10.84","11.89","12.86","13.55","14.19","16.37","16.83","18.37","19.35","21.21","23.50","28.95","33.53","40.32","48.39","55.99","70.37","77.76","86.31","99.79","114.60","133.21","150.14","168.68","191.37","224.43","249.50","279.09","321.09","370.86","421.26","485.26","607.79","703.23","817.97","1031.72","1153.81","1245.35","1307.66","1386.82","1468.86","1498.59","1624.35","1804.38","1987.63","2139.08","2471.07","2840.22","3275.64","3597.63","4162.51","4767.19","5311.32","6003.84","6884.32","7594.06","8483.40","9340.31","10237.73","10714.09","12027.66","13489.65","15108.81","16441.04"
"IMF.FAD:GDD(2.0.0)","ITA.FL_S1311MIXED_POGDP_PT.A","OBS_VALUE","Italy","Debt instruments, Central government, Percent of GDP","Annual","Units","30.93","31.48","33.43","34.38","36.16","35.95","34.92","34.14","33.96","35.09","31.35","30.00","29.04","27.32","27.32","28.52","29.69","29.06","30.49","30.77","31.14","34.52","38.05","40.65","40.96","48.09","48.06","49.85","54.87","54.15","51.39","54.20","58.55","64.55","69.37","76.06","80.74","85.03","87.30","89.93","93.81","96.41","103.07","112.88","119.91","117.43","117.41","114.76","112.04","110.43","105.67","105.24","102.75","100.88","100.30","101.16","100.31","97.41","100.07","109.35","112.05","112.65","119.46","125.76","129.26","129.55","129.36","129.14","129.82","129.70","149.94","141.61","134.64","131.54","132.50"
"IMF.FAD:GDD(2.0.0)","AUS.B1GQ_V_XDC.A","OBS_VALUE","Australia","Gross domestic product (GDP), Current prices, Domestic currency","Annual","Billions","8.41","9.21","9.65","10.53","11.47","12.44","13.35","13.56","14.68","16.24","17.18","17.28","18.59","20.40","22.40","24.24","25.85","28.24","31.03","34.69","38.48","42.49","46.36","54.90","65.52","76.44","90.14","100.33","111.05","126.55","142.98","163.93","183.85","198.89","224.13","248.84","270.51","304.06","345.74","389.24","414.94","416.44","432.50","454.58","482.97","511.43","542.40","573.07","606.13","638.38","687.43","730.49","782.37","830.19","894.33","964.21","1039.95","1133.01","1235.36","1264.78","1364.46","1468.21","1515.87","1569.45","1613.99","1639.52","1697.37","1801.20","1894.25","1993.43","1973.59","2202.57","2482.84","2620.92","2722.07"
"IMF.FAD:GDD(2.0.0)","IRQ.B1GQ_V_XDC.A","OBS_VALUE","Iraq","Gross domestic product (GDP), Current prices, Domestic currency","Annual","Billions","","","","","","","","","","","2.19","2.38","2.54","2.57","3.04","3.32","3.60","3.63","4.12","4.28","4.67","5.41","5.41","6.06","12.75","15.20","19.94","22.45","26.84","42.32","59.26","41.40","47.47","49.25","55.44","57.57","55.97","66.51","74.43","78.12","86.56","74.09","183.77","462.50","2289.50","7211.81","8840.17","12149.44","17065.88","36248.67","50149.14","40726.64","41219.40","29989.13","53235.36","73533.60","95587.95","111455.81","157026.06","130642.19","162064.57","217327.11","254225.49","273587.53","273603.02","207121.63","198774.37","224636.32","272083.89","279757.64","217413.59","305592.42","417686.13","356378.61","360720.91"
"IMF.FAD:GDD(2.0.0)","KEN.FL_S1311MIXED_POGDP_PT.A","OBS_VALUE","Kenya","Debt instruments, Central government, Percent of GDP","Annual","Units","","","","","","","","","","","","","","9.68","9.08","10.04","9.63","10.18","9.52","10.27","10.46","9.95","10.59","13.43","13.13","13.38","15.03","16.53","16.79","19.07","19.50","23.03","26.91","26.12","25.58","28.83","31.29","36.32","33.87","33.44","37.57","43.04","41.16","61.64","57.01","52.08","40.54","35.98","35.89","38.41","43.12","41.28","42.01","43.79","40.75","37.41","37.07","34.19","34.25","35.96","36.69","35.69","37.62","39.76","41.28","45.83","50.40","53.87","56.45","59.08","67.96","68.23","67.80","73.04","65.59"
"IMF.FAD:GDD(2.0.0)","MDV.B1GQ_V_XDC.A","OBS_VALUE","Maldives","Gross domestic product (GDP), Current prices, Domestic currency","Annual","Billions","","","","","","","","","","","","","","0.06","0.07","0.08","0.09","0.10","0.11","0.12","0.14","0.15","0.16","0.18","0.23","0.21","0.28","0.27","0.32","0.42","0.47","0.55","0.62","0.67","0.80","0.95","1.13","1.37","1.57","1.82","2.21","2.69","3.23","3.79","4.43","5.48","6.21","7.68","8.16","8.90","9.43","9.82","10.60","13.47","15.70","14.89","20.16","23.92","29.08","30.02","33.13","40.51","44.35","50.63","56.87","63.46","67.77","74.11","83.18","88.08","57.10","80.77","95.05","101.41","108.16"
"IMF.FAD:GDD(2.0.0)","MNE.FL_S1311MIXED_POGDP_PT.A","OBS_VALUE","Montenegro","Debt instruments, Central government, Percent of GDP","Annual","Units","","","","","","","","","","","","","","","","","","","","","","","","","","","","","","","","","","","","","","","","","","","","","","","","","","","","","84.48","42.29","40.23","38.57","32.31","27.41","28.83","38.08","40.66","45.44","53.42","57.49","56.19","62.30","60.77","61.13","67.62","74.91","103.47","82.54","67.97","58.30",""
"IMF.FAD:GDD(2.0.0)","MEX.B1GQ_V_XDC.A","OBS_VALUE","Mexico","Gross domestic product (GDP), Current prices, Domestic currency","Annual","Billions","0.06","0.07","0.08","0.08","0.10","0.12","0.14","0.16","0.18","0.20","0.22","0.24","0.26","0.29","0.33","0.36","0.40","0.44","0.49","0.54","0.60","0.66","0.75","0.91","1.20","1.46","1.77","2.36","3.00","3.95","5.56","7.61","12.26","22.08","36.41","59.05","96.93","239.42","486.08","641.68","865.19","1112.91","1323.38","1651.78","1868.53","2440.39","3284.16","4144.91","5092.99","6035.00","7016.60","7437.11","7827.76","8259.53","9248.39","9999.60","11120.12","12046.75","12927.76","12749.12","13968.15","15268.44","16529.12","16954.01","18137.65","19228.61","20758.79","22536.21","24176.67","25121.82","24086.76","26690.03","29516.05","31855.57","33913.83"
"IMF.FAD:GDD(2.0.0)","MRT.FL_S1311MIXED_POGDP_PT.A","OBS_VALUE","Mauritania, Islamic Republic of","Debt instruments, Central government, Percent of GDP","Annual","Units","","","","","","","","","","","","","","","","","","","","","7.23","9.80","12.51","19.23","23.28","24.67","43.77","52.39","64.89","58.21","60.65","65.58","80.36","85.80","95.96","112.77","116.07","118.11","110.94","107.57","107.94","96.40","85.10","104.82","104.17","101.69","101.74","100.24","101.09","","55.53","63.46","59.45","22.94","22.01","71.06","38.00","61.50","57.24","54.34","43.95","38.84","39.32","40.73","49.54","59.89","57.55","55.66","59.18","57.69","56.49","54.45","50.46","47.45","44.92"
"IMF.FAD:GDD(2.0.0)","MLT.FL_S1311MIXED_POGDP_PT.A","OBS_VALUE","Malta","Debt instruments, Central government, Percent of GDP","Annual","Units","","","","","","","","","","","","","","","","16.59","19.45","22.90","23.87","25.90","34.64","37.05","33.05","30.87","27.88","25.67","22.10","18.72","17.61","","14.39","12.84","12.12","14.31","14.81","14.23","11.90","15.26","17.63","17.24","22.93","25.39","27.20","31.38","31.92","33.87","39.84","49.71","53.63","55.04","52.30","55.28","55.75","61.63","64.33","63.61","59.07","57.08","56.53","61.82","60.77","63.77","62.16","61.26","57.32","52.19","50.39","42.85","38.89","36.51","47.09","48.56","48.33","47.42","46.58"
"IMF.FAD:GDD(2.0.0)","LTU.B1GQ_V_XDC.A","OBS_VALUE","Lithuania, Republic of","Gross domestic product (GDP), Current prices, Domestic currency","Annual","Billions","","","","","","","","","","","","","","","","","","","","","","","","","","","","","","","","","","","","","","","","","0.04","0.13","1.04","3.54","5.17","7.81","9.78","11.77","13.07","12.76","13.37","14.20","15.21","16.67","18.29","20.98","24.00","29.01","32.64","26.98","27.66","31.04","33.24","34.88","36.41","37.44","38.81","42.28","45.95","49.24","50.25","56.67","67.45","73.80","78.41"
"IMF.FAD:GDD(2.0.0)","MDG.FL_S1311MIXED_POGDP_PT.A","OBS_VALUE","Madagascar, Republic of","Debt instruments, Central government, Percent of GDP","Annual","Units","","","","","","","","","","","","","","","","","","","","","29.83","27.97","26.68","22.79","31.04","27.50","11.00","31.23","20.10","28.61","37.70","51.48","56.06","57.55","70.95","82.74","84.91","127.54","126.57","121.98","104.40","126.69","109.75","105.19","95.96","95.84","98.72","89.74","108.46","104.11","90.21","82.14","86.69","85.86","81.90","74.37","32.23","28.21","31.01","34.86","32.34","29.95","30.44","36.24","37.85","44.06","40.28","40.13","42.90","41.25","52.08","49.54","49.97","52.70","50.41"
"IMF.FAD:GDD(2.0.0)","ARM.B1GQ_V_XDC.A","OBS_VALUE","Armenia, Republic of","Gross domestic product (GDP), Current prices, Domestic currency","Annual","Billions","","","","","","","","","","","","","","","","","","","","","","","","","","","","","","","","","","","","","","","","","0.05","0.08","0.29","3.90","187.06","522.26","661.21","804.34","955.38","987.44","1031.34","1175.88","1362.47","1624.64","1907.95","2242.88","2656.19","3149.28","3568.23","3141.65","3460.20","3777.95","4266.46","4555.64","4828.63","5043.63","5067.29","5564.49","6017.04","6543.32","6181.90","6991.78","8501.45","9453.18","10125.25"
"IMF.FAD:GDD(2.0.0)","MYS.B1GQ_V_XDC.A","OBS_VALUE","Malaysia","Gross domestic product (GDP), Current prices, Domestic currency","Annual","Billions","","","","","","6.11","6.18","6.23","6.01","6.76","7.47","7.43","7.78","8.78","9.15","9.82","10.75","11.83","12.75","13.15","14.06","15.30","17.27","21.33","27.11","28.56","32.68","36.91","41.39","50.72","58.25","62.95","68.37","76.01","86.92","84.65","78.22","87.00","99.11","112.90","127.77","147.17","164.11","187.54","212.88","242.30","276.35","306.91","308.49","327.57","388.17","384.01","417.37","456.10","516.30","569.37","625.10","696.91","806.48","746.68","833.10","924.69","985.05","1033.09","1122.16","1176.94","1249.70","1372.31","1447.76","1512.74","1418.49","1548.70","1793.90","1822.90","1931.12"
"IMF.FAD:GDD(2.0.0)","MLT.B1GQ_V_XDC.A","OBS_VALUE","Malta","Gross domestic product (GDP), Current prices, Domestic currency","Annual","Billions","","","","","0.08","0.08","0.09","0.10","0.10","0.11","0.12","0.12","0.12","0.12","0.12","0.13","0.14","0.15","0.17","0.20","0.23","0.24","0.25","0.28","0.32","0.40","0.49","0.58","0.67","0.78","0.94","1.05","1.11","1.10","1.11","1.15","1.23","1.32","1.46","1.61","1.77","1.94","2.11","2.26","2.48","2.76","2.87","3.11","3.32","3.55","4.12","4.27","4.50","4.76","4.90","5.14","5.38","5.78","6.24","6.29","6.86","7.03","7.48","8.13","8.95","10.22","10.86","12.54","13.68","14.59","14.37","16.68","18.27","20.54","22.47"
"IMF.FAD:GDD(2.0.0)","LAO.FL_S1311MIXED_POGDP_PT.A","OBS_VALUE","Lao People's Democratic Republic","Debt instruments, Central government, Percent of GDP","Annual","Units","","","","","","","","","","","","","","","","","","","","","","","","","","","11.25","14.96","32.54","52.60","33.39","64.13","70.78","40.80","33.02","31.47","63.55","121.12","213.49","192.61","193.28","172.56","154.04","140.99","128.49","113.03","58.79","82.71","194.09","87.58","59.27","94.72","95.31","90.15","80.65","73.20","60.01","55.93","51.72","51.82","49.32","43.00","46.10","49.49","53.53","53.05","54.47","57.20","60.59","69.13","75.97","92.86","130.73","115.60","96.45"
"IMF.FAD:GDD(2.0.0)","MKD.FL_S1311MIXED_POGDP_PT.A","OBS_VALUE","North Macedonia, Republic of","Debt instruments, Central government, Percent of GDP","Annual","Units","","","","","","","","","","","","","","","","","","","","","","","","","","","","","","","","","","","","","","","","","","","","","45.43","18.19","20.04","25.04","","","","","39.56","35.71","33.90","36.00","29.79","22.88","19.97","23.14","23.68","27.37","33.28","33.83","37.92","37.87","39.72","39.29","40.31","40.36","50.68","51.21","50.36","53.04","60.67"
"IMF.FAD:GDD(2.0.0)","LTU.FL_S1311MIXED_POGDP_PT.A","OBS_VALUE","Lithuania, Republic of","Debt instruments, Central government, Percent of GDP","Annual","Units","","","","","","","","","","","","","","","","","","","","","","","","","","","","","","","","","","","","","","","","","","","","","","11.37","13.64","14.85","15.83","21.54","22.16","21.74","21.18","19.28","17.70","16.85","16.45","14.99","13.42","26.35","34.10","34.29","36.89","35.96","37.80","39.63","37.49","37.88","32.31","34.68","44.96","42.40","37.29","36.74","37.65"
"IMF.FAD:GDD(2.0.0)","KGZ.FL_S1311MIXED_POGDP_PT.A","OBS_VALUE","Kyrgyz Republic","Debt instruments, Central government, Percent of GDP","Annual","Units","","","","","","","","","","","","","","","","","","","","","","","","","","","","","","","","","","","","","","","","","","","","","42.40","52.43","57.65","64.80","85.12","119.57","123.30","108.21","107.94","108.23","92.67","85.66","73.35","57.74","49.01","58.49","59.70","50.06","50.48","47.12","53.60","67.09","59.07","58.79","54.82","48.85","63.64","56.20","46.82","41.95","36.64"
"IMF.FAD:GDD(2.0.0)","LSO.FL_S1311MIXED_POGDP_PT.A","OBS_VALUE","Lesotho, Kingdom of","Debt instruments, Central government, Percent of GDP","Annual","Units","","","","","","","","","","","","","","","","","","","","","6.98","6.09","6.06","5.08","4.63","6.09","7.99","16.34","15.13","22.58","29.15","39.12","61.42","56.72","57.23","86.31","92.46","97.36","105.20","112.48","101.21","108.01","74.49","72.92","68.45","63.97","72.90","67.04","80.88","83.96","88.48","108.68","79.62","52.63","49.43","40.97","43.73","49.62","47.03","35.87","33.81","36.17","39.85","41.19","41.51","45.81","41.45","40.99","48.19","58.22","54.69","57.96","64.55","61.51","59.75"
"IMF.FAD:GDD(2.0.0)","LBY.FL_S1311MIXED_POGDP_PT.A","OBS_VALUE","Libya","Debt instruments, Central government, Percent of GDP","Annual","Units","","","","","","","","","","","","","","","","","","","","","","","","5.99","7.03","14.59","11.94","9.39","21.40","19.06","10.14","17.34","21.65","15.79","25.38","25.64","29.55","29.75","31.01","64.86","65.18","63.77","61.06","62.56","59.34","57.59","50.71","48.75","52.23","40.20","41.96","41.66","33.91","26.24","2.79","1.94","1.66","4.10","1.19","2.32","1.74","11.79","2.37","4.16","80.36","189.27","192.75","142.71","","","","","","",""
"IMF.FAD:GDD(2.0.0)","LBR.FL_S1311MIXED_POGDP_PT.A","OBS_VALUE","Liberia","Debt instruments, Central government, Percent of GDP","Annual","Units","","","","","","","","","","","","","","","","","","","","","","","","29.54","27.00","24.25","27.53","30.98","40.02","47.27","180.10","157.98","162.93","173.71","","","","","","","","","","","","","","","","","488.51","484.26","480.92","658.22","543.14","534.89","471.53","393.78","233.10","130.94","25.56","22.71","20.50","20.61","24.33","24.77","28.61","31.84","37.13","48.55","58.67","53.28","54.31","58.81","56.47"
"IMF.FAD:GDD(2.0.0)","MEX.FL_S1311MIXED_POGDP_PT.A","OBS_VALUE","Mexico","Debt instruments, Central government, Percent of GDP","Annual","Units","5.57","4.11","4.15","4.03","4.64","4.53","4.27","4.04","3.87","3.83","4.37","4.25","3.96","3.90","5.87","9.43","8.97","12.31","","","11.82","10.83","11.76","12.77","13.08","14.90","21.10","21.29","19.21","18.43","14.88","","29.75","25.30","25.22","30.45","47.82","52.68","36.49","36.03","35.68","29.21","21.52","19.24","26.84","30.74","23.93","19.74","21.01","19.48","18.19","17.57","19.22","20.19","19.20","18.71","19.15","19.55","22.95","26.19","25.74","26.56","26.94","29.53","31.44","33.78","35.88","34.27","34.40","35.16","40.28","40.08","39.40","39.86","45.45"
"IMF.FAD:GDD(2.0.0)","MLI.FL_S1311MIXED_POGDP_PT.A","OBS_VALUE","Mali","Debt instruments, Central government, Percent of GDP","Annual","Units","","","","","","","","","","","","","","","","","","","","","65.80","61.96","58.02","43.50","48.38","44.66","46.73","48.33","49.62","40.54","45.85","57.42","70.91","80.81","84.68","98.80","86.65","89.01","89.92","77.47","76.83","78.99","86.93","87.54","105.04","87.20","86.69","90.74","91.24","87.68","90.52","77.50","42.64","44.15","42.43","46.63","18.07","18.53","20.10","21.86","25.29","23.96","25.39","26.38","26.91","30.66","37.22","38.23","37.52","40.72","47.33","51.56","50.34","51.88","51.83"
"IMF.FAD:GDD(2.0.0)","LUX.FL_S1311MIXED_POGDP_PT.A","OBS_VALUE","Luxembourg","Debt instruments, Central government, Percent of GDP","Annual","Units","","","","","","","","","","","","","","","","","","","","","13.54","12.67","11.39","9.88","7.89","6.67","6.20","6.08","5.59","4.83","4.41","4.66","5.20","5.60","5.83","5.53","5.80","4.86","3.58","2.66","1.83","1.29","1.53","1.94","1.92","2.63","3.43","3.75","4.08","3.53","3.03","2.92","2.57","1.66","1.39","0.82","1.45","1.41","8.08","8.28","12.34","11.80","13.39","14.83","14.45","13.82","12.81","15.83","15.76","17.01","19.54","20.45","21.20","",""
"IMF.FAD:GDD(2.0.0)","MDV.FL_S1311MIXED_POGDP_PT.A","OBS_VALUE","Maldives","Debt instruments, Central government, Percent of GDP","Annual","Units","","","","","","","","","","","","","","","","","","","","","","","","","","","40.35","45.03","38.93","38.15","69.78","82.04","78.86","79.18","67.40","62.88","62.89","63.39","48.00","43.03","42.39","46.72","49.04","55.70","54.61","52.23","46.93","38.11","39.26","38.95","39.02","41.84","44.28","37.61","34.67","43.20","36.78","35.82","38.96","48.39","52.75","51.86","57.12","55.95","55.06","54.84","61.88","63.75","70.65","77.20","155.67","123.37","111.62","122.95","133.95"
"IMF.FAD:GDD(2.0.0)","MLI.B1GQ_V_XDC.A","OBS_VALUE","Mali","Gross domestic product (GDP), Current prices, Domestic currency","Annual","Billions","","","","","","","","","","","55.32","56.62","59.50","64.88","72.75","74.75","79.70","88.77","89.72","102.26","132.34","152.79","152.23","207.94","226.97","237.96","259.40","319.74","340.37","404.44","429.11","451.01","482.24","540.43","618.93","640.67","686.02","693.55","689.85","769.73","877.44","923.33","890.72","951.03","1401.97","1650.18","1734.52","1857.88","1959.38","2117.67","2103.27","2540.20","2711.12","2733.68","2876.23","3294.06","3607.84","3903.96","4402.81","4825.41","5288.94","6123.93","6352.36","6540.56","7093.00","7747.73","8311.93","8922.04","9481.93","10124.69","10052.81","10707.69","12024.38","12847.97","13775.43"
"IMF.FAD:GDD(2.0.0)","LBN.B1GQ_V_XDC.A","OBS_VALUE","Lebanon","Gross domestic product (GDP), Current prices, Domestic currency","Annual","Billions","","","","","","","","","","","","","4.65","3.49","3.70","4.07","4.25","4.21","4.70","5.02","5.35","5.94","6.99","7.76","8.92","7.46","4.14","8.40","8.68","11.00","13.81","16.58","12.43","16.35","27.80","58.54","106.66","730.89","1337.96","1332.04","1946.76","4077.04","9372.65","12947.07","15101.43","17787.82","20145.77","23916.59","25863.35","25894.92","25655.16","26171.20","28397.19","29375.01","31898.00","32407.00","33199.00","37427.00","43897.00","53365.00","57954.00","60190.00","66355.00","70672.00","72503.00","75268.00","77109.00","79943.00","82761.00","80273.00","96906.00","245572.00","661202.41","2056199.32","2532499.08"
"IMF.FAD:GDD(2.0.0)","LBR.B1GQ_V_XDC.A","OBS_VALUE","Liberia","Gross domestic product (GDP), Current prices, Domestic currency","Annual","Billions","","","","","","","","","","","0.25","0.24","0.25","0.26","0.29","0.30","0.32","0.34","0.36","0.40","0.42","0.45","0.48","0.57","0.69","0.83","0.86","0.96","1.06","1.22","1.25","1.44","1.49","1.48","1.46","1.44","1.42","1.49","1.58","1.63","0.80","0.72","0.46","0.33","0.27","0.28","0.33","0.56","0.68","0.82","0.86","0.90","0.94","0.71","0.90","0.94","1.11","1.34","1.68","1.77","1.97","2.34","2.67","3.04","3.09","3.09","3.26","3.32","3.26","3.08","3.04","3.51","3.97","4.39","4.82"
"IMF.FAD:GDD(2.0.0)","KGZ.B1GQ_V_XDC.A","OBS_VALUE","Kyrgyz Republic","Gross domestic product (GDP), Current prices, Domestic currency","Annual","Billions","","","","","","","","","","","","","","","","","","","","","","","","","","","","","","","","","","","","","","0.03","0.03","0.04","0.04","0.09","0.74","5.34","12.02","16.15","23.40","30.69","34.18","48.74","65.36","73.88","75.37","83.87","94.35","100.90","113.80","141.90","187.99","201.22","220.37","285.99","310.47","355.29","400.69","430.49","476.33","530.48","569.39","654.02","639.69","782.85","1020.74","1333.73","1523.24"
"IMF.FAD:GDD(2.0.0)","LBN.FL_S1311MIXED_POGDP_PT.A","OBS_VALUE","Lebanon","Debt instruments, Central government, Percent of GDP","Annual","Units","","","","","","","","","","","","","","","","","","","","","6.84","4.96","3.98","5.22","5.06","","22.36","17.70","22.79","26.28","33.98","44.44","126.98","133.83","109.27","86.04","82.08","35.99","41.54","","99.70","67.13","51.68","50.50","71.51","79.58","101.15","100.24","108.20","130.21","148.08","163.08","163.12","171.31","169.55","178.93","183.29","169.30","161.49","144.50","136.83","134.39","131.05","135.40","138.40","140.84","146.40","149.98","155.08","172.10","148.71","360.85","246.47","192.08","164.13"
"IMF.FAD:GDD(2.0.0)","LUX.B1GQ_V_XDC.A","OBS_VALUE","Luxembourg","Gross domestic product (GDP), Current prices, Domestic currency","Annual","Billions","0.42","0.58","0.63","0.57","0.59","0.65","0.71","0.77","0.76","0.78","0.84","0.84","0.88","0.94","1.07","1.12","1.20","1.29","1.38","1.53","1.70","1.86","2.08","2.36","2.77","3.07","3.49","3.77","4.10","4.35","4.66","5.09","5.14","5.65","6.26","6.64","7.30","7.59","8.46","9.66","10.43","11.54","12.19","13.46","14.47","15.02","15.70","16.32","17.31","19.77","22.99","23.88","25.01","26.23","28.19","30.28","34.18","37.64","40.01","39.05","42.40","44.32","46.53","49.09","51.79","54.14","56.21","58.17","60.19","62.42","64.50","73.04","76.73","80.99","86.10"
"IMF.FAD:GDD(2.0.0)","MUS.B1GQ_V_XDC.A","OBS_VALUE","Mauritius","Gross domestic product (GDP), Current prices, Domestic currency","Annual","Billions","0.59","0.68","0.76","0.78","0.78","0.74","0.88","0.91","0.82","0.88","0.81","0.96","0.98","1.29","1.22","1.29","1.28","1.35","1.35","1.45","1.46","1.53","1.75","2.22","3.09","3.59","4.95","5.76","6.63","7.74","9.54","10.54","12.30","14.02","15.29","17.33","20.33","24.71","29.90","34.87","40.76","47.23","52.88","61.80","69.81","77.18","82.37","90.76","104.45","115.77","129.54","142.22","153.50","171.74","191.44","202.54","225.87","258.65","288.08","295.68","312.10","335.10","355.37","377.41","400.35","420.94","447.62","472.86","500.05","512.11","448.87","478.81","570.30","638.32","694.02"
"IMF.FAD:GDD(2.0.0)","NLD.B1GQ_V_XDC.A","OBS_VALUE","Netherlands, The","Gross domestic product (GDP), Current prices, Domestic currency","Annual","Billions","9.05","10.33","10.78","11.47","12.81","14.34","15.55","16.90","17.06","18.19","20.35","21.49","23.13","25.10","29.53","32.98","35.91","39.40","43.69","55.52","62.25","70.65","79.11","91.03","103.53","114.69","130.82","141.85","152.95","162.40","174.83","183.32","190.74","198.17","207.21","216.54","223.53","226.96","236.82","250.80","265.32","280.31","291.85","300.23","315.68","330.03","345.30","369.66","394.84","420.14","452.19","482.94","502.90","514.90","531.57","553.12","587.44","622.78","651.30","630.17","643.02","656.01","658.23","665.57","678.63","699.18","720.18","750.86","787.27","829.77","816.46","891.55","993.82","1067.60","1134.12"
"IMF.FAD:GDD(2.0.0)","NAM.FL_S1311MIXED_POGDP_PT.A","OBS_VALUE","Namibia","Debt instruments, Central government, Percent of GDP","Annual","Units","","","","","","","","","","","","","","","","","","","","","","","","","","","","","","","","","","","","","","","","12.29","12.94","11.84","14.11","17.16","16.41","17.99","18.72","17.72","19.57","21.80","20.86","24.39","22.19","27.15","29.18","26.90","26.14","19.36","19.10","15.85","16.33","27.45","24.63","26.11","27.57","42.09","45.83","43.83","48.74","57.57","64.30","69.60","69.43","67.16","67.70"
"IMF.FAD:GDD(2.0.0)","MDA.B1GQ_V_XDC.A","OBS_VALUE","Moldova, Republic of","Gross domestic product (GDP), Current prices, Domestic currency","Annual","Billions","","","","","","","","","","","","","","","","","","","","","","","","","","","","","","","","","","","","","","","","","0.01","0.03","0.19","1.82","4.74","6.48","7.80","8.92","9.12","12.32","16.34","19.05","22.56","27.62","32.03","37.65","44.75","53.43","62.92","60.43","86.28","98.77","105.48","119.53","131.96","146.74","159.01","176.01","189.06","206.26","199.73","242.08","274.49","303.55","323.10"
"IMF.FAD:GDD(2.0.0)","MOZ.FL_S1311MIXED_POGDP_PT.A","OBS_VALUE","Mozambique, Republic of","Debt instruments, Central government, Percent of GDP","Annual","Units","","","","","","","","","","","","","","","","","","","","","","","","","","","","","","","","","","","","","","","","","","","","","","","","","","94.68","95.82","99.77","63.35","63.16","50.77","60.08","40.03","31.18","32.76","39.33","38.55","34.16","36.68","49.48","63.40","86.03","124.81","103.79","105.53","98.26","119.97","104.34","100.26","90.76","96.63"
"IMF.FAD:GDD(2.0.0)","FSM.B1GQ_V_XDC.A","OBS_VALUE","Micronesia, Federated States of","Gross domestic product (GDP), Current prices, Domestic currency","Annual","Billions","","","","","","","","","","","","","","","","","","","","","0.02","0.02","0.03","0.04","0.05","0.05","0.05","0.05","0.06","0.06","0.07","0.08","0.08","0.09","0.09","0.11","0.12","0.12","0.14","0.14","0.16","0.18","0.19","0.21","0.21","0.22","0.22","0.21","0.22","0.22","0.23","0.24","0.24","0.24","0.24","0.25","0.25","0.25","0.26","0.28","0.29","0.31","0.32","0.31","0.32","0.31","0.33","0.36","0.39","0.39","0.37","0.39","0.42","0.44","0.47"
"IMF.FAD:GDD(2.0.0)","MAR.B1GQ_V_XDC.A","OBS_VALUE","Morocco","Gross domestic product (GDP), Current prices, Domestic currency","Annual","Billions","6.30","7.56","9.09","9.95","10.33","10.12","10.79","11.00","12.58","12.56","13.90","13.82","16.24","17.67","18.58","19.59","19.12","20.20","22.82","22.78","24.23","26.69","28.28","30.58","41.08","46.14","53.58","62.95","69.77","78.48","93.72","99.97","117.51","125.41","142.11","163.82","195.72","198.22","230.51","245.31","269.21","304.21","311.49","318.57","354.60","360.72","407.12","403.62","434.54","441.73","446.84","482.68","503.76","539.46","572.24","598.11","653.37","700.77","775.90","810.02","849.13","887.50","917.59","971.74","1001.45","1078.12","1094.25","1148.90","1195.24","1239.84","1152.48","1276.56","1330.56","1463.36","1544.50"
"IMF.FAD:GDD(2.0.0)","NIC.FL_S1311MIXED_POGDP_PT.A","OBS_VALUE","Nicaragua","Debt instruments, Central government, Percent of GDP","Annual","Units","","","","","","","","","","","","","","","","","","","","","","","","","","","","","","","","","","","","","","","","","","","","","","","","86.40","86.47","99.83","95.22","87.48","110.39","109.54","84.05","66.61","51.16","30.92","26.00","29.26","30.35","28.79","27.85","28.84","28.69","28.91","30.92","34.65","39.09","44.20","49.16","48.43","45.92","42.26","39.12"
"IMF.FAD:GDD(2.0.0)","PAN.B1GQ_V_XDC.A","OBS_VALUE","Panama","Gross domestic product (GDP), Current prices, Domestic currency","Annual","Billions","0.31","0.32","0.34","0.36","0.37","0.40","0.42","0.46","0.46","0.49","0.50","0.56","0.61","0.68","0.73","0.80","0.87","0.97","1.05","1.15","1.24","1.40","1.54","1.76","2.01","2.24","2.38","2.51","2.98","3.40","4.25","4.81","5.32","5.46","5.70","6.03","6.27","6.29","5.44","5.46","5.93","6.52","7.41","8.10","8.63","8.83","10.41","11.24","12.19","12.77","12.96","13.17","13.68","14.42","15.81","17.24","19.11","22.07","26.07","28.10","30.51","35.95","41.90","47.26","51.74","56.06","60.02","64.47","67.29","69.72","57.09","67.41","76.52","83.38","87.69"
"IMF.FAD:GDD(2.0.0)","MNG.B1GQ_V_XDC.A","OBS_VALUE","Mongolia","Gross domestic product (GDP), Current prices, Domestic currency","Annual","Billions","1.19","1.27","1.36","1.46","1.56","1.66","1.78","1.90","2.03","2.17","2.32","2.48","2.65","2.84","3.03","3.24","3.47","3.71","3.96","4.24","4.61","4.83","5.00","5.44","5.67","6.04","6.28","6.77","7.28","7.59","8.07","8.88","9.81","10.47","10.75","11.20","11.13","11.60","12.31","12.83","12.51","22.60","56.13","227.68","382.10","651.46","738.00","932.93","945.46","1080.53","1224.06","1391.88","1550.61","1829.07","2361.16","3041.41","4027.56","4956.65","6555.57","6590.64","9756.59","13173.76","16688.42","19174.24","22227.05","22894.78","23931.34","28010.71","32582.63","37839.23","37453.28","43555.48","53851.54","70441.52","79956.29"
"IMF.FAD:GDD(2.0.0)","OMN.FL_S1311MIXED_POGDP_PT.A","OBS_VALUE","Oman","Debt instruments, Central government, Percent of GDP","Annual","Units","","","","","","","","","","","","","","","","","","","","","","","2.19","2.08","11.99","9.55","11.00","5.73","6.22","0.28","0.13","0.02","1.10","0.60","0.63","1.33","4.53","2.30","4.32","1.87","0.98","22.61","23.08","22.23","23.63","21.88","21.22","20.77","30.92","28.92","21.74","22.45","15.88","13.03","14.53","8.39","7.56","4.44","3.20","5.80","5.46","4.44","4.59","4.66","4.04","13.86","29.34","40.11","44.69","52.46","67.90","61.87","41.67","37.49","35.51"
"IMF.FAD:GDD(2.0.0)","MNE.B1GQ_V_XDC.A","OBS_VALUE","Montenegro","Gross domestic product (GDP), Current prices, Domestic currency","Annual","Billions","","","","","","","","","","","","","","","","","","","","","","","","","","","","","","","","","","","","","","","","","1.72","1.45","1.15","0.67","0.68","0.86","0.65","0.73","0.75","0.76","1.05","1.28","1.34","1.49","1.67","1.82","2.17","2.69","3.10","2.99","3.13","3.26","3.18","3.36","3.46","3.65","3.95","4.30","4.66","4.95","4.19","4.96","5.92","6.96","7.41"
"IMF.FAD:GDD(2.0.0)","NPL.FL_S1311MIXED_POGDP_PT.A","OBS_VALUE","Nepal","Debt instruments, Central government, Percent of GDP","Annual","Units","","","","","","","","","","","","","","","","","","","","","0.56","1.30","1.73","2.49","2.83","3.72","6.51","9.01","8.78","9.37","11.71","12.68","17.98","22.64","25.22","28.90","31.35","36.32","35.90","40.77","45.99","45.89","50.20","50.98","52.89","52.12","50.28","47.19","51.37","55.79","50.79","50.77","51.82","52.97","51.32","45.13","42.87","37.89","36.76","39.46","35.39","32.42","34.51","31.90","27.55","25.73","24.96","24.99","31.09","34.03","43.31","43.28","42.73","47.12","47.87"
"IMF.FAD:GDD(2.0.0)","OMN.B1GQ_V_XDC.A","OBS_VALUE","Oman","Gross domestic product (GDP), Current prices, Domestic currency","Annual","Billions","","","","","","","","","","","0.05","0.06","0.07","0.08","0.10","0.13","0.15","0.18","0.22","0.26","0.28","0.30","0.34","0.33","0.49","0.75","1.01","1.16","1.16","1.58","2.51","3.06","3.21","3.36","3.70","4.12","3.60","3.80","3.70","4.13","5.15","5.00","5.49","5.51","5.69","6.08","6.73","6.98","6.17","6.86","8.56","8.54","8.87","9.51","10.91","13.65","16.37","18.57","26.84","21.32","24.99","29.80","33.61","34.58","35.64","30.26","28.89","31.09","35.18","33.86","29.19","33.58","42.24","40.72","41.12"
"IMF.FAD:GDD(2.0.0)","NER.FL_S1311MIXED_POGDP_PT.A","OBS_VALUE","Niger","Debt instruments, Central government, Percent of GDP","Annual","Units","","","","","","","","","","","","","","","","","","","","","5.76","7.38","8.92","9.48","13.27","11.76","10.76","8.77","10.55","10.54","13.78","23.16","24.99","32.10","39.95","48.46","44.33","44.64","44.62","40.74","41.27","41.08","40.79","45.02","72.19","64.37","63.51","69.10","61.28","63.35","82.10","73.98","69.04","60.60","55.05","49.46","18.28","17.83","14.17","15.94","15.08","14.75","18.13","19.55","22.09","29.87","32.83","36.51","37.01","39.79","44.97","51.34","50.60","51.89","47.17"
"IMF.FAD:GDD(2.0.0)","NPL.B1GQ_V_XDC.A","OBS_VALUE","Nepal","Gross domestic product (GDP), Current prices, Domestic currency","Annual","Billions","","","","","","","","","","","4.04","4.98","5.12","5.59","6.19","6.88","8.42","8.06","8.21","8.93","10.55","10.21","11.41","12.66","16.13","17.51","17.71","20.05","22.90","25.78","27.10","31.69","34.53","40.28","47.65","57.05","68.24","78.20","94.17","109.31","126.64","151.60","187.00","215.13","244.01","268.39","304.80","343.50","368.39","418.83","464.70","503.62","524.07","561.47","612.25","672.31","746.08","830.20","930.38","1127.28","1360.54","1559.22","1758.38","1949.29","2232.53","2423.64","2608.18","3077.14","3455.95","3858.93","3888.70","4352.55","4976.56","5348.53","5776.25"
"IMF.FAD:GDD(2.0.0)","MMR.B1GQ_V_XDC.A","OBS_VALUE","Myanmar","Gross domestic product (GDP), Current prices, Domestic currency","Annual","Billions","","","","","","","","","","","6.45","6.58","6.89","7.85","7.22","8.01","7.89","8.48","9.66","10.25","10.61","11.07","12.39","14.60","17.50","20.81","23.32","25.10","27.44","30.22","33.31","36.66","39.50","42.27","44.79","47.01","52.20","59.24","82.12","113.06","138.45","178.28","249.20","340.50","440.40","570.87","777.20","1111.45","1553.19","2162.57","2699.19","3472.09","5220.61","7592.62","9558.05","12158.84","16582.79","22870.77","28912.11","32870.79","36888.53","42351.43","48829.78","56839.86","65262.09","72714.02","79690.36","89547.99","100252.24","112559.12","113043.12","108632.84","133449.08","149606.00","157542.74"
"IMF.FAD:GDD(2.0.0)","PAK.FL_S1311MIXED_POGDP_PT.A","OBS_VALUE","Pakistan","Debt instruments, Central government, Percent of GDP","Annual","Units","","10.78","12.76","13.66","15.46","14.79","15.35","17.28","18.69","17.41","17.75","17.00","16.64","19.17","21.32","22.67","25.06","25.94","27.52","29.13","31.57","33.19","88.68","43.39","37.97","32.09","35.84","36.41","36.15","36.76","33.28","29.65","33.77","33.58","33.38","37.04","43.07","44.38","44.97","46.62","48.28","55.77","53.33","57.93","58.53","52.33","52.53","52.78","53.82","60.74","61.67","65.15","60.53","56.33","50.61","47.88","46.19","44.21","49.48","54.57","56.72","56.15","58.36","59.23","58.78","59.06","62.07","62.14","66.32","78.71","80.81","74.75","77.32","78.23","70.07"
"IMF.FAD:GDD(2.0.0)","PNG.B1GQ_V_XDC.A","OBS_VALUE","Papua New Guinea","Gross domestic product (GDP), Current prices, Domestic currency","Annual","Billions","","","","","","","","","","","0.39","0.43","0.46","0.49","0.51","0.54","0.58","0.63","0.67","0.70","0.78","0.90","0.97","1.15","1.47","1.63","1.73","2.08","2.27","2.62","2.74","2.70","2.81","3.17","3.14","3.25","3.43","3.53","4.68","4.50","4.54","5.33","6.24","7.19","8.17","9.15","10.04","10.46","11.53","13.04","14.38","15.36","17.09","19.56","20.23","22.77","25.54","28.30","31.51","32.01","38.75","42.64","44.37","47.72","57.13","60.14","65.04","72.52","79.40","83.84","82.52","91.63","111.39","110.62","122.26"
"IMF.FAD:GDD(2.0.0)","NAM.B1GQ_V_XDC.A","OBS_VALUE","Namibia","Gross domestic product (GDP), Current prices, Domestic currency","Annual","Billions","","","","","","","","","","","0.18","0.18","0.20","0.23","0.26","0.29","0.32","0.31","0.33","0.36","0.39","0.43","0.47","0.53","0.64","0.74","0.84","0.93","1.07","1.28","1.69","1.77","2.06","2.29","2.57","3.21","3.70","4.19","5.07","5.95","6.65","7.84","9.40","10.31","12.55","14.32","16.99","18.94","21.20","23.38","27.33","30.78","35.72","37.62","43.04","46.60","52.18","61.58","70.11","75.21","82.60","90.11","106.86","117.42","134.84","146.02","157.71","171.57","181.07","181.21","174.24","183.29","205.58","228.89","245.10"
"IMF.FAD:GDD(2.0.0)","MNG.FL_S1311MIXED_POGDP_PT.A","OBS_VALUE","Mongolia","Debt instruments, Central government, Percent of GDP","Annual","Units","","","","","","","","","","","","","","","","","","","","","","","","","","","","","","","","","","","","","","","","","","","","","","","","","","","","","","","","","40.94","36.11","30.99","48.54","30.98","32.65","43.69","49.42","43.96","50.55","78.68","75.42","65.18","62.48","75.18","61.24","59.03","44.57","38.95"
"IMF.FAD:GDD(2.0.0)","MOZ.B1GQ_V_XDC.A","OBS_VALUE","Mozambique, Republic of","Gross domestic product (GDP), Current prices, Domestic currency","Annual","Billions","","","","","","","","","","","0.05","0.06","0.06","0.07","0.07","0.07","0.07","0.07","0.07","0.08","0.09","0.10","0.11","0.11","0.12","0.13","0.14","0.14","0.14","0.15","0.16","0.13","0.14","0.13","0.14","0.19","0.21","0.69","1.11","1.75","3.29","5.53","7.04","11.17","17.86","27.63","45.52","56.26","65.92","80.29","90.31","116.98","140.90","156.57","179.23","204.52","241.56","279.37","313.97","337.48","387.55","424.95","473.49","517.73","563.67","648.08","761.03","843.42","905.94","970.30","988.86","1058.44","1205.73","1338.68","1402.36"
"IMF.FAD:GDD(2.0.0)","MDA.FL_S1311MIXED_POGDP_PT.A","OBS_VALUE","Moldova, Republic of","Debt instruments, Central government, Percent of GDP","Annual","Units","","","","","","","","","","","","","","","","","","","","","","","","","","","","","","","","","","","","","","","","","","","","","","45.77","40.15","48.14","82.93","77.87","71.59","60.82","59.56","52.87","40.05","33.26","30.28","23.20","18.44","24.20","21.87","19.47","20.08","19.68","20.82","22.84","31.94","29.35","27.51","25.45","33.96","32.12","34.49","34.26","37.57"
"IMF.FAD:GDD(2.0.0)","NZL.FL_S1311MIXED_POGDP_PT.A","OBS_VALUE","New Zealand","Debt instruments, Central government, Percent of GDP","Annual","Units","89.03","85.11","79.90","74.03","69.60","68.41","65.78","63.89","63.58","62.29","59.97","60.42","58.07","57.28","54.84","53.39","54.16","55.73","57.32","55.06","49.62","44.49","40.57","38.52","37.73","36.71","40.20","43.10","45.27","45.67","44.70","43.06","46.53","55.72","56.56","62.44","68.48","62.89","54.70","54.90","55.51","58.00","58.68","54.58","48.92","43.48","37.26","34.64","34.48","32.00","30.02","28.16","26.40","24.72","22.50","20.78","18.40","16.31","18.97","24.27","29.60","34.68","35.66","34.55","34.15","34.17","33.34","31.10","28.08","31.81","43.24","47.52","46.89","46.98","51.15"
"IMF.FAD:GDD(2.0.0)","NER.B1GQ_V_XDC.A","OBS_VALUE","Niger","Gross domestic product (GDP), Current prices, Domestic currency","Annual","Billions","","","","","","","","","","","81.65","88.72","96.19","106.47","101.21","112.67","153.66","149.02","133.39","145.75","160.52","161.54","163.91","163.18","179.16","235.62","335.60","400.72","503.82","615.81","746.01","830.32","933.21","967.14","898.59","910.83","928.01","944.62","956.02","978.68","950.42","922.68","892.50","861.09","1072.38","1145.34","1226.16","1332.01","1554.72","1556.85","1586.92","1788.19","1924.54","1961.82","1976.31","2304.13","2477.72","2735.74","3246.71","3448.08","3875.00","4126.05","4802.44","5040.75","5346.05","5724.87","6135.41","6494.70","7114.53","7567.90","7910.95","8270.76","9621.24","10194.45","12042.83"
"IMF.FAD:GDD(2.0.0)","MAR.FL_S1311MIXED_POGDP_PT.A","OBS_VALUE","Morocco","Debt instruments, Central government, Percent of GDP","Annual","Units","","","","","","","","","","","","","","","","25.49","29.24","30.02","29.31","27.05","28.34","28.78","27.73","26.42","24.59","33.41","36.19","47.49","52.53","52.07","52.82","66.66","70.72","83.56","93.27","104.00","94.33","100.67","88.99","91.95","88.52","76.22","75.22","79.04","74.68","72.22","65.33","67.96","64.52","63.36","64.86","60.43","59.37","56.93","54.43","54.77","50.64","47.07","41.99","42.62","45.28","48.55","52.28","57.08","58.56","58.39","60.08","60.26","60.46","60.27","72.24","69.35","71.53","69.47","70.03"
"IMF.FAD:GDD(2.0.0)","NRU.B1GQ_V_XDC.A","OBS_VALUE","Nauru, Republic of","Gross domestic product (GDP), Current prices, Domestic currency","Annual","Billions","","","","","","","","","","","","","","","","","","","","","0.02","0.02","0.02","0.02","0.02","0.03","0.03","0.04","0.04","0.04","0.04","0.04","0.05","0.05","0.05","0.05","0.06","0.06","0.06","0.07","0.07","0.07","0.07","0.06","0.06","0.05","0.05","0.05","0.04","0.04","0.04","0.04","0.04","0.04","0.04","0.04","0.04","0.03","0.04","0.06","0.05","0.07","0.10","0.09","0.11","0.10","0.13","0.14","0.17","0.17","0.19","0.24","0.21","0.23","0.24"
"IMF.FAD:GDD(2.0.0)","SAU.FL_S1311MIXED_POGDP_PT.A","OBS_VALUE","Saudi Arabia","Debt instruments, Central government, Percent of GDP","Annual","Units","","","","","","","","","","","","","","","","","","","","","","","","","","","","","","","","","","","","","","","","11.83","16.09","39.35","47.80","58.60","67.87","74.25","75.21","76.70","101.52","102.99","86.70","93.15","96.35","81.56","62.93","37.34","25.83","17.12","12.06","13.99","8.43","5.34","3.01","2.13","1.54","5.67","12.68","16.53","17.64","21.56","31.00","28.61","23.82","26.23","29.87"
"IMF.FAD:GDD(2.0.0)","SLB.B1GQ_V_XDC.A","OBS_VALUE","Solomon Islands","Gross domestic product (GDP), Current prices, Domestic currency","Annual","Billions","","","","","","","","","","","","","","0.02","0.02","0.03","0.03","0.03","0.04","0.04","0.04","0.05","0.05","0.05","0.07","0.07","0.08","0.09","0.11","0.14","0.15","0.17","0.19","0.21","0.23","0.25","0.26","0.31","0.37","0.40","0.54","0.62","0.79","0.96","1.33","1.60","1.82","1.96","2.20","2.36","2.14","2.16","2.34","2.65","2.98","3.59","4.10","4.75","5.42","5.93","6.83","8.02","8.72","9.39","9.85","10.35","10.96","11.59","12.85","13.23","12.62","12.23","12.77","13.91","14.89"
"IMF.FAD:GDD(2.0.0)","SLE.B1GQ_V_XDC.A","OBS_VALUE","Sierra Leone","Gross domestic product (GDP), Current prices, Domestic currency","Annual","Billions","","","","","","","","","","","0.27","0.28","0.29","0.31","0.38","0.42","0.46","0.50","0.53","0.61","0.69","0.78","0.81","0.88","1.05","1.30","1.48","1.62","1.86","2.57","2.84","3.36","4.04","5.35","8.24","14.23","33.67","62.05","97.15","164.17","228.57","535.18","788.96","1013.60","1242.93","1527.72","2014.34","1938.68","2442.41","2805.72","3090.54","3448.50","4188.78","5230.60","6362.23","7918.16","9316.03","10300.28","11678.79","12849.05","16604.63","20870.49","24960.66","29210.11","29549.59","34263.41","37966.54","42989.95","50687.21","58778.88","65748.40","74800.72","100007.15","136604.08","172898.64"
"IMF.FAD:GDD(2.0.0)","WSM.FL_S1311MIXED_POGDP_PT.A","OBS_VALUE","Samoa","Debt instruments, Central government, Percent of GDP","Annual","Units","","","","","","","","","","","","","","","","","","","","","6.95","6.24","11.29","16.96","19.55","22.42","29.06","37.06","42.72","47.12","53.77","70.41","61.06","59.11","60.70","62.18","57.79","58.38","52.45","51.57","50.52","63.88","60.42","70.02","96.34","74.11","65.65","60.50","58.95","59.44","55.77","53.78","50.29","42.76","39.84","34.15","33.50","31.47","28.18","33.26","40.28","41.53","50.93","54.08","54.87","56.37","48.99","46.68","49.40","44.29","43.19","46.30","43.75","35.43","27.71"
"IMF.FAD:GDD(2.0.0)","WSM.B1GQ_V_XDC.A","OBS_VALUE","Samoa","Gross domestic product (GDP), Current prices, Domestic currency","Annual","Billions","","","","","","","","","","","","","","0.02","0.03","0.02","0.03","0.02","0.03","0.03","0.03","0.04","0.04","0.05","0.06","0.06","0.07","0.08","0.08","0.10","0.12","0.12","0.15","0.17","0.21","0.24","0.25","0.26","0.29","0.32","0.42","0.42","0.48","0.51","0.40","0.60","0.63","0.72","0.79","0.79","0.84","0.94","1.00","1.08","1.20","1.33","1.43","1.54","1.74","1.76","1.73","1.78","1.78","1.82","1.85","2.00","2.21","2.24","2.25","2.39","2.34","2.17","2.17","2.56","2.94"
"IMF.FAD:GDD(2.0.0)","SGP.FL_S1311MIXED_POGDP_PT.A","OBS_VALUE","Singapore","Debt instruments, Central government, Percent of GDP","Annual","Units","","","","","","","","","","","","","","15.62","18.71","19.78","21.14","26.75","37.33","35.24","35.52","42.08","46.21","37.40","34.57","40.77","49.22","55.26","58.21","58.64","56.71","56.46","61.01","65.77","67.28","78.71","82.64","84.03","78.29","75.37","75.60","77.90","82.07","73.89","69.37","72.03","72.38","71.36","83.41","87.86","83.84","93.94","97.22","101.76","97.60","94.97","89.37","89.45","96.45","106.40","101.28","104.50","107.51","99.03","99.26","102.96","108.52","108.96","110.41","127.89","151.27","149.02","154.11","175.75","177.00"
"IMF.FAD:GDD(2.0.0)","RWA.B1GQ_V_XDC.A","OBS_VALUE","Rwanda","Gross domestic product (GDP), Current prices, Domestic currency","Annual","Billions","","","","","","","","","","","18.21","18.72","19.47","20.01","19.27","21.30","21.69","24.10","27.18","30.31","33.81","34.39","35.55","40.20","53.08","70.49","76.93","91.96","103.99","125.10","138.64","157.39","167.90","182.25","203.91","222.62","218.27","220.32","226.21","247.10","244.03","272.73","309.78","321.80","199.51","385.39","488.41","648.28","718.39","720.00","806.00","871.00","935.00","1150.00","1372.00","1637.00","1832.00","2226.00","2833.00","3225.00","3571.00","4133.00","4702.00","5057.00","5623.00","6150.00","6845.00","7694.00","8299.00","9308.00","9597.00","10943.00","13720.00","16626.00","18785.40"
"IMF.FAD:GDD(2.0.0)","RUS.FL_S1311MIXED_POGDP_PT.A","OBS_VALUE","Russian Federation","Debt instruments, Central government, Percent of GDP","Annual","Units","","","","","","","","","","","","","","","","","","","","","","","","","","","","","","","","","","","","","","","","","","","116.00","92.40","63.50","53.70","51.90","54.70","73.10","88.70","58.80","48.50","34.50","27.80","21.70","13.29","8.44","6.75","6.09","7.78","8.38","8.89","9.57","11.06","13.79","14.15","13.85","13.49","12.92","13.16","18.50","","","",""
"IMF.FAD:GDD(2.0.0)","ROU.B1GQ_V_XDC.A","OBS_VALUE","Romania","Gross domestic product (GDP), Current prices, Domestic currency","Annual","Billions","","","","","","","","","","","0.01","0.02","0.02","0.03","0.04","0.04","0.04","0.04","0.04","0.04","0.05","0.05","0.05","0.05","0.06","0.06","0.07","0.07","0.08","0.08","0.08","0.08","0.08","0.08","0.08","0.08","0.08","0.09","0.09","0.08","0.09","0.22","0.61","2.02","5.03","7.29","11.00","25.55","37.76","55.13","80.87","117.39","152.27","191.92","244.69","286.86","342.76","425.69","539.83","530.92","540.45","587.24","621.21","631.63","668.91","712.55","752.13","851.62","959.66","1066.59","1069.63","1192.28","1389.45","1604.55","1766.07"
"IMF.FAD:GDD(2.0.0)","PRY.FL_S1311MIXED_POGDP_PT.A","OBS_VALUE","Paraguay","Debt instruments, Central government, Percent of GDP","Annual","Units","","","","","","","","","","","","","","","","","","","","","33.80","34.53","34.39","31.83","25.30","25.41","27.02","24.26","25.31","21.37","18.80","16.32","19.78","23.33","30.26","41.13","40.32","57.05","39.84","56.13","39.33","25.75","25.40","24.61","23.92","21.33","19.97","19.05","23.56","27.67","30.24","30.23","42.67","32.19","22.57","18.45","14.21","11.79","10.16","9.76","8.72","7.40","9.15","10.37","12.43","14.83","15.49","15.90","17.86","20.83","30.95","30.86","33.62","34.19","38.17"
"IMF.FAD:GDD(2.0.0)","SLB.FL_S1311MIXED_POGDP_PT.A","OBS_VALUE","Solomon Islands","Debt instruments, Central government, Percent of GDP","Annual","Units","","","","","","","","","","","","","","","","","","","","","","","","","","","","","7.63","8.04","10.40","11.30","14.82","19.63","23.71","39.58","54.20","72.08","69.52","70.34","61.11","63.99","52.60","49.73","40.77","36.18","32.49","30.59","35.81","35.29","39.49","51.20","60.41","61.33","58.21","44.67","42.30","33.02","28.93","18.86","22.95","18.34","13.27","11.57","10.14","7.88","7.54","8.77","7.95","7.82","12.84","15.94","15.51","20.30","22.02"
"IMF.FAD:GDD(2.0.0)","SEN.B1GQ_V_XDC.A","OBS_VALUE","Senegal","Gross domestic product (GDP), Current prices, Domestic currency","Annual","Billions","","","","","","","","","","","196.59","208.04","214.75","221.67","217.38","213.17","209.04","205.00","216.72","217.29","241.81","251.00","283.47","297.67","358.55","508.74","554.85","622.50","636.67","748.90","916.48","1068.85","1265.27","1308.97","1463.81","1647.81","1796.60","1875.78","1838.51","1940.65","1927.19","1962.13","1968.05","1986.14","2635.14","3007.53","3222.88","3424.69","3764.28","4057.71","4270.61","4766.32","4860.43","5084.96","5313.89","5804.60","6111.29","6698.10","7516.88","7593.30","7976.73","8394.96","9016.87","9343.92","9775.04","10508.65","11283.40","12191.80","12840.09","13712.80","14101.00","15287.93","17272.18","18573.35","19939.52"
"IMF.FAD:GDD(2.0.0)","SEN.FL_S1311MIXED_POGDP_PT.A","OBS_VALUE","Senegal","Debt instruments, Central government, Percent of GDP","Annual","Units","","","","","","","","","","","","","","","","","","","","","14.54","15.10","14.21","15.71","18.90","14.90","18.89","22.02","26.92","27.36","31.19","38.32","47.24","58.85","61.26","66.51","60.69","63.27","63.57","53.95","51.11","51.77","49.97","53.44","77.34","65.26","62.27","67.85","18.80","14.99","57.51","53.21","51.99","42.88","38.00","36.13","17.49","18.96","19.07","29.94","34.60","32.88","34.49","36.86","42.37","44.51","47.52","61.14","61.52","72.09","81.63","89.39","94.63","107.36","113.67"
"IMF.FAD:GDD(2.0.0)","PRT.B1GQ_V_XDC.A","OBS_VALUE","Portugal","Gross domestic product (GDP), Current prices, Domestic currency","Annual","Billions","0.25","0.28","0.29","0.31","0.32","0.34","0.36","0.38","0.39","0.42","0.46","0.50","0.53","0.57","0.62","0.69","0.76","0.85","0.92","1.01","1.13","1.27","1.48","1.77","2.13","2.37","2.95","3.94","4.95","6.25","8.14","9.92","12.00","15.33","18.83","23.11","28.25","33.28","39.72","46.93","56.35","64.62","72.64","75.97","82.37","89.03","94.35","102.33","111.35","119.60","128.41","135.78","142.55","146.07","152.25","158.55","166.26","175.48","179.10","175.42","179.86","176.32","168.54","170.68","173.19","179.39","186.38","195.51","205.00","214.49","201.03","216.49","243.96","267.92","285.19"
"IMF.FAD:GDD(2.0.0)","PHL.B1GQ_V_XDC.A","OBS_VALUE","Philippines","Gross domestic product (GDP), Current prices, Domestic currency","Annual","Billions","8.38","9.33","9.77","10.36","10.72","11.42","12.48","13.61","14.38","15.68","16.78","18.28","20.44","23.81","25.74","27.93","30.58","34.52","37.32","39.86","47.52","57.37","66.11","81.89","115.08","132.69","150.31","173.54","200.66","248.59","278.54","321.79","362.45","421.76","599.34","653.51","695.80","780.22","913.26","1057.54","1227.88","1422.96","1541.53","1682.42","1932.66","2176.58","2481.30","2773.37","3046.22","3347.59","3697.56","4024.40","4350.56","4717.81","5323.90","5917.28","6550.42","7198.24","8050.20","8390.42","9399.45","10144.66","11060.59","12050.59","13206.83","13944.16","15132.38","16556.65","18265.19","19517.86","17951.58","19410.62","22028.28","24313.56","26446.37"
"IMF.FAD:GDD(2.0.0)","PRT.FL_S1311MIXED_POGDP_PT.A","OBS_VALUE","Portugal","Debt instruments, Central government, Percent of GDP","Annual","Units","20.71","19.67","19.23","17.82","18.24","17.34","16.14","15.30","18.84","18.28","17.47","17.59","20.36","21.58","22.78","22.06","21.35","19.53","18.04","17.29","17.01","16.78","15.69","15.07","14.68","21.10","25.61","26.68","29.47","20.26","29.10","35.84","39.19","42.52","47.15","50.75","50.66","56.62","56.04","54.64","50.65","51.68","49.66","55.42","57.39","60.13","61.31","57.28","55.08","55.42","53.56","56.10","58.45","62.10","65.12","69.67","71.10","70.19","73.15","84.72","96.96","111.48","127.54","130.31","133.02","131.88","132.62","128.65","124.27","119.01","137.94","128.26","116.08","103.70","101.54"
"IMF.FAD:GDD(2.0.0)","QAT.B1GQ_V_XDC.A","OBS_VALUE","Qatar","Gross domestic product (GDP), Current prices, Domestic currency","Annual","Billions","","","","","","","","","","","","","","0.40","0.50","0.62","0.77","0.91","1.20","1.62","2.17","2.86","3.82","5.07","6.45","8.20","10.66","11.86","12.98","18.10","24.37","26.84","23.54","20.04","20.78","19.44","15.34","16.16","15.51","16.39","22.81","20.31","23.24","21.13","21.64","24.97","28.25","36.31","30.90","41.01","65.83","63.69","70.38","86.32","111.57","162.48","213.41","276.59","409.94","321.03","435.73","610.70","680.07","723.37","750.66","588.73","552.31","586.40","667.34","641.99","525.66","654.23","857.98","775.33","806.09"
"IMF.FAD:GDD(2.0.0)","SLE.FL_S1311MIXED_POGDP_PT.A","OBS_VALUE","Sierra Leone","Debt instruments, Central government, Percent of GDP","Annual","Units","","","","","","","","","","","","","","","","","","","","","9.08","13.70","13.68","16.13","18.34","18.43","21.53","23.99","25.85","25.09","27.66","31.81","33.03","34.69","28.75","38.04","45.98","57.08","35.91","38.26","77.44","60.13","79.68","79.57","105.92","80.51","73.57","79.16","93.54","91.80","89.97","83.41","79.30","76.93","73.74","67.29","61.87","26.38","46.06","31.07","28.94","25.77","24.06","22.29","26.85","28.83","38.86","44.18","44.17","45.27","46.37","47.06","53.98","49.87","43.00"
"IMF.FAD:GDD(2.0.0)","SVK.FL_S1311MIXED_POGDP_PT.A","OBS_VALUE","Slovak Republic","Debt instruments, Central government, Percent of GDP","Annual","Units","","","","","","","","","","","","","","","","","","","","","","","","","","","","","","","","","","","","","","","","","","","","","","","","","","","","","","","","","35.48","34.76","33.87","42.60","46.01","48.53","57.71","57.57","56.76","55.79","56.86","55.74","54.18","52.70","64.03","65.31","65.00","61.43","64.04"
"IMF.FAD:GDD(2.0.0)","ROU.FL_S1311MIXED_POGDP_PT.A","OBS_VALUE","Romania","Debt instruments, Central government, Percent of GDP","Annual","Units","","","","","","","","","","","","","","","","","","","","","","","","","","","","","","","","","","","","","","","","","","","","","","18.82","18.88","18.38","18.65","22.96","23.10","27.39","26.80","23.46","19.90","16.13","13.42","13.01","12.49","21.18","27.96","31.40","34.12","36.62","38.27","37.36","38.07","35.93","35.26","35.59","46.91","48.78","48.33","49.23","54.73"
"IMF.FAD:GDD(2.0.0)","SGP.B1GQ_V_XDC.A","OBS_VALUE","Singapore","Gross domestic product (GDP), Current prices, Domestic currency","Annual","Billions","","","","","","","","","","","2.14","2.32","2.51","2.76","2.71","2.92","3.31","3.83","4.38","4.98","5.68","6.50","7.54","10.05","13.08","13.98","14.86","16.52","18.37","21.14","25.87","30.35","33.98","38.06","41.73","40.86","40.89","45.55","53.43","61.31","70.49","78.54","84.92","97.92","112.56","124.46","135.78","148.66","143.47","146.25","165.63","160.89","165.70","170.12","194.43","212.72","236.16","272.70","273.94","282.39","326.98","351.37","368.77","384.87","398.95","423.44","441.61","474.59","508.68","513.14","481.76","586.55","701.77","678.69","731.44"
"IMF.FAD:GDD(2.0.0)","QAT.FL_S1311MIXED_POGDP_PT.A","OBS_VALUE","Qatar","Debt instruments, Central government, Percent of GDP","Annual","Units","","","","","","","","","","","","","","","","","","","","","","","","","","","","","","","","","","","","","","","","","12.59","21.77","19.91","46.28","54.78","50.20","57.84","54.38","76.57","81.85","51.60","59.22","47.67","38.79","30.06","19.13","13.95","9.37","11.36","35.98","30.43","33.47","32.12","30.88","24.91","35.55","46.71","51.57","52.18","62.09","72.61","58.40","42.56","43.67","40.84"
"IMF.FAD:GDD(2.0.0)","SMR.B1GQ_V_XDC.A","OBS_VALUE","San Marino, Republic of","Gross domestic product (GDP), Current prices, Domestic currency","Annual","Billions","","","","","","","","","","","","","","","","","","","","","0.02","0.02","0.03","0.03","0.04","0.05","0.06","0.07","0.09","0.11","0.13","0.16","0.19","0.22","0.25","0.28","0.31","0.34","0.37","0.41","0.45","0.50","0.52","0.59","0.66","0.76","0.82","0.86","0.94","1.04","1.09","1.18","1.21","1.29","1.38","1.44","1.52","1.60","1.63","1.48","1.42","1.30","1.25","1.26","1.26","1.28","1.33","1.35","1.40","1.44","1.35","1.57","1.74","1.85","1.91"
"IMF.FAD:GDD(2.0.0)","SYC.FL_S1311MIXED_POGDP_PT.A","OBS_VALUE","Seychelles","Debt instruments, Central government, Percent of GDP","Annual","Units","","","","","","","","","","","","","","","","","","","","","","","7.66","6.18","6.24","7.24","4.48","4.95","","","2.94","6.05","7.42","12.39","15.27","26.53","31.51","36.99","41.30","39.92","36.31","41.03","79.91","82.18","123.45","133.52","146.66","143.01","161.24","159.79","177.84","199.79","195.86","176.97","163.23","144.06","135.07","144.00","192.10","106.13","82.22","82.51","80.07","68.20","70.39","64.67","62.84","56.65","51.26","48.85","77.37","71.25","60.01","55.29","57.80"
"IMF.FAD:GDD(2.0.0)","POL.B1GQ_V_XDC.A","OBS_VALUE","Poland, Republic of","Gross domestic product (GDP), Current prices, Domestic currency","Annual","Billions","","","","","","","","","","","","","","0.05","0.06","0.07","0.07","0.08","0.09","0.10","0.11","0.12","0.12","0.13","0.15","0.16","0.17","0.19","0.22","0.25","0.25","0.28","0.56","0.69","0.86","1.05","1.30","1.70","2.97","9.68","59.28","85.58","121.54","164.81","236.84","338.95","424.59","517.99","603.97","669.09","748.18","783.55","814.76","850.00","937.34","993.29","1073.37","1189.43","1290.42","1375.64","1441.65","1563.94","1622.24","1637.77","1710.19","1809.56","1865.96","1996.84","2147.59","2313.93","2362.91","2661.52","3100.85","3401.61","3617.44"
"IMF.FAD:GDD(2.0.0)","PRY.B1GQ_V_XDC.A","OBS_VALUE","Paraguay","Gross domestic product (GDP), Current prices, Domestic currency","Annual","Billions","","2.57","4.64","8.20","11.52","15.02","19.19","24.06","27.51","31.14","37.11","42.58","46.69","49.39","52.23","57.31","59.66","64.32","67.14","71.17","73.40","81.06","94.51","113.99","154.44","175.35","197.04","242.03","296.09","395.03","515.95","657.66","689.17","764.67","991.18","1292.43","1706.82","2318.90","3071.21","4273.29","6031.16","9255.68","10738.28","12645.36","14992.33","17789.15","20132.86","21702.87","25248.61","27563.44","30874.09","34883.19","41135.70","49411.96","57501.99","66335.83","75681.66","89866.05","107403.59","111030.93","129092.88","141486.45","147225.51","166350.81","180174.06","188477.33","204647.27","219122.28","230576.48","236681.50","239914.73","270633.90","292946.79","314281.97","332570.00"
"IMF.FAD:GDD(2.0.0)","PER.B1GQ_V_XDC.A","OBS_VALUE","Peru","Gross domestic product (GDP), Current prices, Domestic currency","Annual","Billions","0.00","0.00","0.00","0.00","0.00","0.00","0.00","0.00","0.00","0.00","0.00","0.00","0.00","0.00","0.00","0.00","0.00","0.00","0.00","0.00","0.00","0.00","0.00","0.00","0.00","0.00","0.00","0.00","0.00","0.00","0.00","0.00","0.00","0.00","0.00","0.00","0.00","0.00","0.00","0.11","5.32","26.26","43.99","68.08","94.73","115.57","130.81","149.75","157.83","164.77","175.86","178.98","189.74","203.61","225.69","244.65","286.31","319.69","354.83","367.05","421.58","471.99","509.76","548.70","578.49","614.25","662.79","706.23","748.10","777.52","721.69","877.97","937.19","1001.33","1085.22"
"IMF.FAD:GDD(2.0.0)","RWA.FL_S1311MIXED_POGDP_PT.A","OBS_VALUE","Rwanda","Debt instruments, Central government, Percent of GDP","Annual","Units","","","","","","","","","","","","","","","","","","","","","4.78","5.59","7.62","8.83","8.41","7.47","8.83","9.89","11.63","9.23","12.20","13.91","15.24","17.67","21.02","20.65","24.21","29.89","33.01","26.92","49.17","47.84","47.91","50.99","54.77","91.87","83.45","72.23","70.10","78.37","85.99","84.02","92.03","79.53","80.94","58.94","22.49","22.10","18.28","18.49","18.82","18.72","19.09","26.66","29.14","33.08","41.07","45.63","49.24","53.64","68.71","67.25","60.90","63.42","67.24"
"IMF.FAD:GDD(2.0.0)","TZA.B1GQ_V_XDC.A","OBS_VALUE","Tanzania, United Republic of","Gross domestic product (GDP), Current prices, Domestic currency","Annual","Billions","","","","","","","","","","","8.31","8.69","9.44","10.45","12.78","13.01","14.93","15.56","16.69","17.53","19.45","20.80","23.68","27.77","33.90","40.30","51.76","61.19","68.19","76.91","89.28","106.74","129.11","149.29","175.94","224.43","295.98","400.12","615.00","769.62","1008.78","1319.15","1663.55","2095.46","2791.70","3668.05","4575.36","5718.08","7631.15","8770.96","9900.61","11051.22","12683.64","14702.61","16966.87","19387.99","23633.85","27155.84","33236.64","38269.96","44467.11","53522.18","62318.66","72977.20","82603.39","94349.32","108362.32","120358.17","123997.77","134540.19","145384.35","156167.14","170820.03","188588.05","208374.22"
"IMF.FAD:GDD(2.0.0)","ESP.B1GQ_V_XDC.A","OBS_VALUE","Spain","Gross domestic product (GDP), Current prices, Domestic currency","Annual","Billions","1.66","2.09","2.16","2.11","2.45","2.75","3.17","3.70","4.26","4.39","4.50","5.17","6.04","7.14","7.99","9.28","10.74","12.06","13.53","15.38","17.10","19.41","22.81","27.51","33.88","39.93","48.00","60.89","74.51","87.11","99.32","113.20","130.05","148.45","166.35","185.41","211.43","236.00","261.80","293.61","327.33","359.28","386.87","403.22","427.48","460.26","488.95","518.97","555.56","595.24","647.57","700.96","749.74","802.68","860.06","928.12","1004.98","1077.54","1112.43","1072.99","1077.15","1068.69","1035.96","1025.65","1038.95","1087.11","1122.97","1170.02","1212.28","1253.71","1129.21","1235.47","1373.63","1498.32","1591.63"
"IMF.FAD:GDD(2.0.0)","SWZ.FL_S1311MIXED_POGDP_PT.A","OBS_VALUE","Eswatini, Kingdom of","Debt instruments, Central government, Percent of GDP","Annual","Units","","","","","","","","","","","","","","","","","","","","","22.30","19.78","18.90","20.21","15.38","15.44","13.99","13.69","31.24","30.81","27.23","24.31","29.23","28.72","29.71","45.54","43.99","36.13","27.48","26.78","20.40","20.15","16.56","15.19","13.37","12.51","11.61","12.60","15.47","16.69","18.16","21.76","17.14","17.48","15.03","13.50","14.59","16.12","14.60","10.49","14.10","14.69","14.77","15.01","13.86","15.76","20.04","22.18","26.89","31.48","39.56","37.87","42.16","37.93","37.21"
"IMF.FAD:GDD(2.0.0)","TLS.B1GQ_V_XDC.A","OBS_VALUE","Timor-Leste, Democratic Republic of","Gross domestic product (GDP), Current prices, Domestic currency","Annual","Billions","","","","","","","","","","","","","","","","","","","","","","","","","","","","","","","","","","","","","","","","","0.20","0.23","0.30","0.34","0.38","0.42","0.47","0.43","0.48","0.32","0.37","0.48","0.47","0.49","0.44","0.46","0.45","0.54","0.65","0.73","0.88","1.04","1.16","1.40","1.45","1.59","1.64","1.58","1.56","2.03","2.16","3.62","3.21","2.08","2.01"
"IMF.FAD:GDD(2.0.0)","TGO.B1GQ_V_XDC.A","OBS_VALUE","Togo","Gross domestic product (GDP), Current prices, Domestic currency","Annual","Billions","","","","","","","","","","","51.69","51.78","55.44","60.54","69.55","77.41","86.68","89.48","93.82","110.98","120.12","135.65","151.66","150.59","177.13","207.73","230.82","298.37","334.07","376.14","421.39","450.02","458.82","506.99","533.86","575.50","621.54","633.35","698.59","734.22","754.77","772.89","760.52","619.83","942.14","1118.31","1252.51","1455.42","1392.84","1456.91","1429.23","1464.53","1597.08","1655.05","1607.56","1622.67","1657.24","1799.65","2042.17","2220.67","2348.49","2555.32","2763.92","2974.13","3156.75","3402.69","3597.81","3708.90","3904.41","4097.07","4253.19","4621.48","5068.94","5507.18","5926.64"
"IMF.FAD:GDD(2.0.0)","LKA.FL_S1311MIXED_POGDP_PT.A","OBS_VALUE","Sri Lanka","Debt instruments, Central government, Percent of GDP","Annual","Units","","9.65","14.28","16.43","14.74","12.59","14.92","17.21","18.20","21.14","24.75","28.78","32.27","29.26","29.97","32.24","34.97","36.40","38.84","36.72","34.18","37.20","38.14","37.04","34.51","36.33","42.71","57.61","60.14","56.23","60.73","62.20","66.32","66.18","56.26","66.48","71.86","79.54","82.57","88.86","78.94","80.49","77.94","79.17","77.90","77.81","76.23","70.15","74.24","77.70","79.20","84.36","96.30","86.45","86.50","76.59","74.29","71.85","68.78","72.75","68.73","69.43","67.50","69.46","69.56","76.33","75.00","72.26","83.58","82.59","96.88","102.67","115.94","110.38","99.43"
"IMF.FAD:GDD(2.0.0)","STP.FL_S1311MIXED_POGDP_PT.A","OBS_VALUE","São Tomé and Príncipe, Democratic Republic of","Debt instruments, Central government, Percent of GDP","Annual","Units","","","","","","","","","","","","","","","","","","","","","","","","","","","","4.40","18.60","22.22","34.23","34.98","45.53","56.53","68.39","74.24","65.69","77.38","101.07","114.24","110.55","138.77","176.47","143.61","152.10","228.88","677.18","495.95","460.13","526.18","485.12","418.38","366.51","329.37","354.45","334.17","283.18","110.14","60.67","70.31","82.99","86.02","86.32","77.14","67.43","84.32","81.69","74.73","71.49","76.39","70.75","59.23","55.08","44.69","43.46"
"IMF.FAD:GDD(2.0.0)","SUR.FL_S1311MIXED_POGDP_PT.A","OBS_VALUE","Suriname","Debt instruments, Central government, Percent of GDP","Annual","Units","","","","","","","","","","","","","","","","","","","","","","25.31","28.02","26.12","25.05","4.64","4.66","2.88","","","","","","","33.84","46.97","66.82","","","","72.88","75.71","64.39","51.05","30.50","16.26","11.77","16.78","21.64","32.30","48.44","37.20","37.41","31.49","29.35","27.11","22.54","16.42","14.77","14.65","17.32","18.74","20.10","27.90","25.21","41.18","75.39","73.03","68.63","84.03","146.44","115.82","116.94","98.23","87.22"
"IMF.FAD:GDD(2.0.0)","CHE.B1GQ_V_XDC.A","OBS_VALUE","Switzerland","Gross domestic product (GDP), Current prices, Domestic currency","Annual","Billions","22.72","24.91","26.32","27.62","29.27","31.57","33.95","36.11","37.13","39.43","43.37","48.79","54.11","59.50","65.95","70.63","75.85","81.65","87.18","94.47","105.36","119.69","135.62","151.14","163.97","162.87","164.97","169.42","176.25","184.24","205.22","220.25","233.26","240.39","257.06","272.65","286.16","296.88","315.14","340.49","369.39","385.75","393.41","401.92","412.01","417.52","420.54","427.88","439.64","447.01","471.70","483.97","482.51","487.67","501.70","520.81","554.07","589.47","614.04","602.69","624.01","635.72","643.77","655.09","665.71","667.71","677.73","684.90","709.86","717.33","696.04","744.51","791.10","804.03","824.74"
"IMF.FAD:GDD(2.0.0)","SDN.B1GQ_V_XDC.A","OBS_VALUE","Sudan","Gross domestic product (GDP), Current prices, Domestic currency","Annual","Billions","","","","","","","","","","","0.00","0.00","0.00","0.00","0.00","0.00","0.00","0.00","0.00","0.00","0.00","0.00","0.00","0.00","0.00","0.00","0.00","0.00","0.00","0.00","0.00","0.01","0.01","0.01","0.01","0.01","0.02","0.03","0.04","0.08","0.10","0.18","0.30","0.84","1.73","3.89","10.48","16.14","21.94","27.06","33.77","40.66","47.76","55.73","68.72","85.71","98.29","119.84","135.51","134.21","170.99","209.07","225.80","314.08","440.70","506.35","743.95","886.33","1362.49","2014.63","5126.17","14667.29","18835.92","26063.75","55832.25"
"IMF.FAD:GDD(2.0.0)","THA.FL_S1311MIXED_POGDP_PT.A","OBS_VALUE","Thailand","Debt instruments, Central government, Percent of GDP","Annual","Units","6.55","6.89","8.16","12.83","16.52","13.30","12.74","12.57","14.99","15.25","14.26","12.88","13.41","12.58","13.33","14.82","14.40","15.03","15.53","17.70","18.53","21.55","26.77","21.17","16.32","15.76","21.98","22.39","22.77","23.69","22.15","24.37","27.11","28.92","30.65","36.76","40.14","38.77","30.33","23.72","17.80","12.97","10.49","8.19","5.69","4.61","3.67","4.64","10.67","20.01","21.96","24.58","30.07","27.05","24.40","24.39","23.26","22.60","21.99","26.80","27.78","27.32","28.46","29.63","29.89","32.09","30.56","32.46","33.90","34.00","45.05","52.74","53.53","54.17","56.57"
"IMF.FAD:GDD(2.0.0)","AFG.B1GQ_V_XDC.A","OBS_VALUE","Afghanistan, Islamic Republic of","Gross domestic product (GDP), Current prices, Domestic currency","Annual","Billions","","","","","","","","","","","","","","","","","","","","","77.91","81.57","74.15","76.62","92.77","104.39","113.11","128.92","145.03","158.78","160.93","169.59","173.59","172.45","170.48","168.52","168.04","150.98","137.32","161.49","180.11","172.17","174.30","143.93","","","","","","","","","178.76","220.01","246.21","304.93","345.82","427.50","517.51","607.23","711.76","836.22","1033.59","1116.83","1183.04","1226.57","1222.92","1285.46","1327.69","1469.60","1547.29","1251.17","1283.44","1350.91",""
"IMF.FAD:GDD(2.0.0)","SYR.B1GQ_V_XDC.A","OBS_VALUE","Syrian Arab Republic","Gross domestic product (GDP), Current prices, Domestic currency","Annual","Billions","","","","","","","","","","","3.24","3.57","4.32","4.44","5.14","5.07","5.20","5.73","5.66","6.74","6.61","7.69","9.42","10.97","15.09","20.38","24.73","27.26","32.69","38.97","51.27","65.78","68.79","73.29","75.34","83.23","99.93","127.71","186.05","208.89","268.33","311.56","371.63","413.76","506.10","570.98","690.86","745.57","790.44","819.09","947.13","1010.15","1118.11","1074.16","1266.89","1506.44","1726.40","2020.84","2448.06","2520.71","2791.78","","","","","","","","","","","","","",""
"IMF.FAD:GDD(2.0.0)","VCT.B1GQ_V_XDC.A","OBS_VALUE","St. Vincent and the Grenadines","Gross domestic product (GDP), Current prices, Domestic currency","Annual","Billions","","","","","","","","","","","0.03","0.03","0.03","0.03","0.03","0.04","0.04","0.04","0.05","0.05","0.06","0.07","0.07","0.08","0.09","0.10","0.13","0.14","0.18","0.21","0.24","0.30","0.33","0.36","0.39","0.42","0.47","0.51","0.58","0.63","0.70","0.74","0.81","0.83","0.84","0.92","0.97","1.01","1.09","1.14","1.15","1.25","1.32","1.37","1.48","1.56","1.74","1.93","1.97","1.93","1.94","1.93","1.96","2.07","2.08","2.12","2.20","2.28","2.39","2.46","2.33","2.40","2.62","2.89","3.14"
"IMF.FAD:GDD(2.0.0)","SDN.FL_S1311MIXED_POGDP_PT.A","OBS_VALUE","Sudan","Debt instruments, Central government, Percent of GDP","Annual","Units","","","","","","","","","","","","","","","","","","","","","","","","","","","","","","","","","","","","","","","","","","","495.20","285.89","386.47","239.02","220.88","167.67","179.66","160.49","143.25","125.59","121.72","117.35","97.80","75.48","63.71","53.69","55.76","70.99","74.57","78.11","117.67","105.75","84.43","93.20","109.93","149.54","209.81","216.50","278.33","189.64","186.78","259.65","271.98"
"IMF.FAD:GDD(2.0.0)","SWE.B1GQ_V_XDC.A","OBS_VALUE","Sweden","Gross domestic product (GDP), Current prices, Domestic currency","Annual","Billions","35.68","43.95","47.79","49.43","52.36","56.29","61.16","65.34","69.02","73.55","80.04","87.07","94.43","102.21","113.99","125.43","136.44","148.10","157.16","170.67","191.12","206.65","226.11","251.62","284.23","333.79","377.52","410.61","457.70","513.03","590.33","645.11","706.19","791.93","890.28","968.74","1059.75","1147.22","1254.17","1388.89","1529.39","1636.62","1639.92","1655.12","1764.66","1904.97","1957.83","2048.08","2153.55","2266.55","2408.79","2504.80","2603.44","2701.42","2826.00","2927.14","3117.51","3312.15","3391.89","3324.15","3551.53","3704.84","3724.51","3804.99","3963.68","4231.75","4402.73","4582.91","4792.29","5033.44","5020.98","5464.88","5865.21","6212.14","6447.50"
"IMF.FAD:GDD(2.0.0)","KNA.B1GQ_V_XDC.A","OBS_VALUE","St. Kitts and Nevis","Gross domestic product (GDP), Current prices, Domestic currency","Annual","Billions","","","","","","","","","","","0.00","0.00","0.00","0.00","0.01","0.01","0.01","0.01","0.01","0.02","0.02","0.03","0.04","0.04","0.05","0.07","0.08","0.10","0.11","0.13","0.16","0.19","0.21","0.21","0.24","0.27","0.32","0.37","0.44","0.48","0.55","0.54","0.60","0.66","0.73","0.79","0.84","0.95","0.99","1.05","1.14","1.24","1.30","1.27","1.37","1.48","1.74","1.86","2.10","2.09","2.10","2.26","2.23","2.36","2.57","2.58","2.72","2.86","2.91","2.99","2.39","2.32","2.65","2.85","3.02"
"IMF.FAD:GDD(2.0.0)","TGO.FL_S1311MIXED_POGDP_PT.A","OBS_VALUE","Togo","Debt instruments, Central government, Percent of GDP","Annual","Units","","","","","","","","","","","","","","","","","","","","","9.20","9.59","7.84","10.30","17.20","18.47","25.21","33.98","51.41","60.10","52.74","56.82","62.09","66.39","62.14","68.60","56.37","56.58","51.34","46.34","44.73","46.87","45.03","58.30","78.96","64.82","60.40","54.38","62.82","59.90","66.49","68.49","54.84","49.98","48.70","63.08","67.74","70.50","67.31","57.65","33.45","33.81","34.34","41.07","44.93","52.38","59.91","57.11","58.02","54.93","62.21","64.86","67.41","67.96","70.62"
"IMF.FAD:GDD(2.0.0)","TWN.B1GQ_V_XDC.A","OBS_VALUE","Taiwan Province of China","Gross domestic product (GDP), Current prices, Domestic currency","Annual","Billions","","13.69","19.18","25.57","28.11","33.49","38.49","45.02","50.51","58.31","70.38","78.96","87.05","98.51","115.09","127.41","142.41","164.70","192.08","219.73","253.35","293.76","342.62","418.35","559.94","601.62","721.34","845.37","1011.16","1219.18","1522.11","1804.43","1938.02","2169.45","2418.24","2535.06","2965.45","3344.94","3615.66","4032.46","4474.29","5018.02","5609.36","6200.15","6779.40","7391.06","8031.31","8705.15","9366.34","9804.50","10328.55","10119.43","10630.91","10924.03","11596.24","12036.68","12572.59","13363.92","13115.10","12919.45","14060.35","14262.20","14677.77","15270.73","16258.05","17055.08","17555.27","18012.39","18420.04","18974.10","20023.75","21773.29","22820.43","23596.73","25125.24"
"IMF.FAD:GDD(2.0.0)","LKA.B1GQ_V_XDC.A","OBS_VALUE","Sri Lanka","Gross domestic product (GDP), Current prices, Domestic currency","Annual","Billions","6.18","7.12","6.48","6.76","7.36","8.27","7.35","7.51","7.77","8.32","8.72","8.95","9.15","11.42","12.51","12.85","13.48","14.62","16.15","18.76","23.01","23.61","27.06","30.72","35.88","40.09","42.37","44.54","52.20","64.10","85.87","104.00","121.42","148.78","188.11","198.67","219.59","240.69","271.59","308.19","393.70","455.56","520.33","611.22","708.51","817.02","939.80","1089.25","1245.51","1353.15","1538.72","1721.95","1935.44","2155.98","2473.47","2901.65","3476.46","4233.60","5217.85","5720.16","6629.67","7491.16","8989.30","9938.39","10775.31","11566.99","12812.97","14387.32","15351.93","15910.98","15646.25","17612.37","24063.16","27419.80","29898.57"
"IMF.FAD:GDD(2.0.0)","SWZ.B1GQ_V_XDC.A","OBS_VALUE","Eswatini, Kingdom of","Gross domestic product (GDP), Current prices, Domestic currency","Annual","Billions","","","","","","","","","","","0.05","0.06","0.06","0.07","0.08","0.09","0.10","0.10","0.11","0.12","0.13","0.14","0.15","0.18","0.23","0.27","0.30","0.37","0.46","0.53","0.59","0.70","0.78","0.82","0.93","1.11","1.45","1.69","2.24","2.64","3.20","3.55","4.06","4.89","5.76","7.01","7.86","9.02","9.94","10.78","12.06","13.28","15.10","16.62","17.89","20.21","22.29","24.44","27.21","30.34","32.50","35.00","40.12","44.39","48.00","51.79","56.13","58.69","61.79","64.96","65.59","71.71","78.39","89.66","95.30"
"IMF.FAD:GDD(2.0.0)","ZAF.B1GQ_V_XDC.A","OBS_VALUE","South Africa","Gross domestic product (GDP), Current prices, Domestic currency","Annual","Billions","3.55","3.86","4.14","4.70","5.06","5.34","5.75","6.08","6.27","6.64","7.11","7.48","7.97","8.66","9.51","10.48","11.34","12.59","13.38","14.60","16.01","17.79","19.33","22.00","26.30","30.53","34.46","38.31","44.15","52.83","69.64","81.74","93.28","107.18","125.21","143.66","167.62","196.55","236.39","283.39","326.13","373.34","419.12","480.99","545.09","622.90","701.80","778.65","845.73","925.69","1053.14","1165.94","1360.68","1490.40","1652.43","1837.00","2057.59","2346.65","2611.63","2794.23","3055.61","3327.05","3566.39","3868.63","4133.87","4420.79","4759.56","5078.19","5363.19","5625.21","5562.76","6220.15","6655.52","7023.99","7336.24"
"IMF.FAD:GDD(2.0.0)","LCA.B1GQ_V_XDC.A","OBS_VALUE","St. Lucia","Gross domestic product (GDP), Current prices, Domestic currency","Annual","Billions","","","","","","","","","","","","","","0.04","0.04","0.04","0.05","0.05","0.05","0.06","0.07","0.08","0.09","0.10","0.14","0.17","0.23","0.27","0.32","0.39","0.46","0.52","0.49","0.53","0.68","0.77","0.92","1.01","1.16","1.31","1.56","1.66","1.82","1.85","1.93","2.06","2.13","2.17","2.37","2.49","2.52","2.41","2.43","2.66","2.88","3.06","3.42","3.59","3.85","3.78","4.00","4.24","4.31","4.48","4.72","4.88","5.05","5.40","5.56","5.66","4.05","5.04","6.33","6.56","6.81"
"IMF.FAD:GDD(2.0.0)","SRB.FL_S1311MIXED_POGDP_PT.A","OBS_VALUE","Serbia, Republic of","Debt instruments, Central government, Percent of GDP","Annual","Units","","","","","","","","","","","","","","","","","","","","","","","","","","","","","","","","","","","","","","","","","","","","","","","","","","","","","","","","46.51","33.04","26.80","25.75","29.76","37.90","41.17","50.78","53.74","63.41","67.17","65.22","55.53","51.44","49.67","54.40","53.88","52.42","48.04","47.20"
"IMF.FAD:GDD(2.0.0)","SRB.B1GQ_V_XDC.A","OBS_VALUE","Serbia, Republic of","Gross domestic product (GDP), Current prices, Domestic currency","Annual","Billions","","","","","","","","","","","","","","","","","","","","","","","","","","","","","","","","","","","","","","","","","0.00","0.00","0.00","32.51","34.36","63.01","123.90","160.54","210.69","243.48","462.78","909.98","1154.70","1358.61","1567.29","1890.29","2235.82","2623.86","3021.36","3173.31","3384.05","3758.42","3967.88","4296.74","4341.97","4493.63","4698.76","4953.98","5287.99","5669.24","5764.15","6576.02","7458.76","8817.76","9638.52"
"IMF.FAD:GDD(2.0.0)","VCT.FL_S1311MIXED_POGDP_PT.A","OBS_VALUE","St. Vincent and the Grenadines","Debt instruments, Central government, Percent of GDP","Annual","Units","","","","","","","","","","","","","","","","","","","","","4.83","2.04","2.13","7.13","7.14","14.30","13.04","16.00","14.92","16.04","15.53","19.10","21.84","22.90","22.26","21.67","26.47","31.14","29.24","31.15","30.24","30.28","31.08","31.78","35.91","36.20","34.88","33.49","35.42","","46.21","45.81","48.89","49.51","52.77","43.88","36.93","37.53","37.03","43.38","50.74","54.03","58.08","59.49","64.77","64.99","65.02","58.03","58.83","61.30","73.37","82.04","84.20","87.93","91.61"
"IMF.FAD:GDD(2.0.0)","SSD.B1GQ_V_XDC.A","OBS_VALUE","South Sudan, Republic of","Gross domestic product (GDP), Current prices, Domestic currency","Annual","Billions","","","","","","","","","","","","","","","","","","","","","","","","","","","","","","","","","","","","","","","","","","","","","","","","","","","","","","","","","","","30.62","27.05","34.90","52.09","33.24","44.09","44.77","54.75","113.60","147.93","380.88","639.09","899.75","1837.78","4305.22","6694.87","12167.84"
"IMF.FAD:GDD(2.0.0)","ZAF.FL_S1311MIXED_POGDP_PT.A","OBS_VALUE","South Africa","Debt instruments, Central government, Percent of GDP","Annual","Units","41.38","40.24","38.81","37.64","36.91","36.17","35.13","34.94","39.29","38.12","35.59","34.79","34.92","33.43","31.52","31.72","33.10","32.23","35.61","34.91","33.55","33.80","36.25","34.12","30.36","33.06","35.13","36.47","36.81","34.42","28.70","26.58","27.45","27.71","27.56","26.86","27.69","28.21","28.40","28.63","27.97","30.69","33.07","36.72","43.54","43.66","43.20","42.80","42.72","40.73","37.93","38.05","31.80","31.51","30.73","29.64","28.03","24.33","24.04","26.99","31.19","34.74","37.41","40.36","43.25","45.20","47.13","48.59","51.54","56.10","68.93","68.67","70.83","73.36","76.36"
"IMF.FAD:GDD(2.0.0)","KNA.FL_S1311MIXED_POGDP_PT.A","OBS_VALUE","St. Kitts and Nevis","Debt instruments, Central government, Percent of GDP","Annual","Units","","","","","","","","","","","","","","","","","","","","","","","","","","","","","","","","","","","16.42","18.75","17.40","15.10","14.57","14.10","13.04","15.72","13.04","10.07","7.87","11.21","14.54","9.79","13.22","14.96","22.45","21.36","18.73","12.61","","88.72","98.43","92.82","84.57","87.02","91.16","85.84","81.65","56.01","44.85","37.15","33.59","31.80","25.37","23.96","28.20","27.91","24.06","",""
"IMF.FAD:GDD(2.0.0)","SVK.B1GQ_V_XDC.A","OBS_VALUE","Slovak Republic","Gross domestic product (GDP), Current prices, Domestic currency","Annual","Billions","","","","","","","","","","","","","","","","","","","","","","","","","","","","","","","","","","","","","","","","","10.08","11.59","12.04","14.16","17.06","20.03","22.25","24.58","26.80","28.61","31.63","34.31","37.27","41.21","46.00","50.28","56.35","63.18","68.56","64.06","68.73","71.63","73.73","74.64","76.56","80.38","81.62","84.96","90.28","94.55","94.32","101.96","110.09","122.92","129.97"
"IMF.FAD:GDD(2.0.0)","SMR.FL_S1311MIXED_POGDP_PT.A","OBS_VALUE","San Marino, Republic of","Debt instruments, Central government, Percent of GDP","Annual","Units","","","","","","","","","","","","","","","","","","","","","","","","","","","","","","","","","","","","","","","","","","","","","","","","","","","","","","","16.91","14.48","14.15","12.63","15.49","20.07","19.96","16.62","17.24","23.16","21.01","19.31","21.38","56.59","56.67","56.21","69.79","77.19","71.34","69.88","65.19"
"IMF.FAD:GDD(2.0.0)","ZMB.FL_S1311MIXED_POGDP_PT.A","OBS_VALUE","Zambia","Debt instruments, Central government, Percent of GDP","Annual","Units","","","","","","","","","","","","","","","","","","","","","2.10","2.05","4.32","6.41","2.56","8.25","10.77","13.32","15.48","14.10","14.98","14.37","18.52","17.08","15.90","13.74","10.20","7.98","17.67","19.30","18.61","24.55","2.26","15.26","17.72","24.38","23.73","18.41","26.45","25.84","260.96","210.24","180.24","159.46","129.91","75.75","25.01","21.92","19.19","20.52","18.90","20.81","24.92","25.91","33.86","61.87","61.15","66.61","81.16","103.33","140.00","111.05","99.48","129.06","114.94"
"IMF.FAD:GDD(2.0.0)","YEM.FL_S1311MIXED_POGDP_PT.A","OBS_VALUE","Yemen, Republic of","Debt instruments, Central government, Percent of GDP","Annual","Units","","","","","","","","","","","","","","","","","","","","","","","","","","","","","","","","","","","","","","","","","91.57","82.69","78.02","76.75","73.35","84.11","114.90","74.16","110.60","96.05","60.84","60.57","57.83","56.82","52.07","43.80","40.84","40.41","36.42","49.84","42.38","45.73","47.58","48.43","48.95","57.74","76.51","83.79","86.90","91.48","87.00","75.91","65.31","77.86","70.94"
"IMF.FAD:GDD(2.0.0)","VEN.B1GQ_V_XDC.A","OBS_VALUE","Venezuela, República Bolivariana de","Gross domestic product (GDP), Current prices, Domestic currency","Annual","Billions","0.00","0.00","0.00","0.00","0.00","0.00","0.00","0.00","0.00","0.00","0.00","0.00","0.00","0.00","0.00","0.00","0.00","0.00","0.00","0.00","0.00","0.00","0.00","0.00","0.00","0.00","0.00","0.00","0.00","0.00","0.00","0.00","0.00","0.00","0.00","0.00","0.00","0.00","0.00","0.00","0.00","0.00","0.00","0.00","0.00","0.00","0.00","0.00","0.00","0.00","0.00","0.00","0.00","0.00","0.00","0.00","0.00","0.00","0.00","0.00","0.00","0.00","0.00","0.00","0.00","0.00","0.00","0.00","0.01","1.01","14.01","185.11","621.80","3025.73","4929.71"
"IMF.FAD:GDD(2.0.0)","YEM.B1GQ_V_XDC.A","OBS_VALUE","Yemen, Republic of","Gross domestic product (GDP), Current prices, Domestic currency","Annual","Billions","","","","","","","","","","","","","","","","","","","","","","","","","","","","","","","","","","","","","","","","117.75","147.96","176.13","215.69","261.06","336.51","518.25","741.67","884.19","859.10","1189.86","1558.37","1662.10","1878.01","2160.61","2563.49","3208.50","3760.04","4308.64","5375.82","5097.59","6786.81","6996.91","7586.55","8684.83","9289.39","9797.60","8891.00","10006.00","11578.73","12606.26","15023.43","19939.29","26240.36","26305.90","34731.23"
"IMF.FAD:GDD(2.0.0)","TON.FL_S1311MIXED_POGDP_PT.A","OBS_VALUE","Tonga","Debt instruments, Central government, Percent of GDP","Annual","Units","","","","","","","","","","","","","","","","","","","","","","","","","","","","","","","","","","","","40.19","40.05","46.14","42.43","40.26","49.76","42.28","39.78","","","35.27","31.52","32.76","36.03","38.40","43.56","53.40","60.66","56.22","52.25","43.35","39.55","37.82","34.01","39.73","44.73","51.85","60.05","48.91","47.36","51.11","49.38","44.72","45.82","42.80","42.55","43.04","43.80","43.95","39.43"
"IMF.FAD:GDD(2.0.0)","TUN.B1GQ_V_XDC.A","OBS_VALUE","Tunisia","Gross domestic product (GDP), Current prices, Domestic currency","Annual","Billions","","","","","","","","","","","0.38","0.42","0.43","0.49","0.53","0.60","0.64","0.66","0.72","0.88","0.96","1.13","1.36","1.43","1.57","1.84","2.09","2.40","2.72","3.20","3.87","4.55","5.26","6.25","7.03","7.72","7.87","8.84","9.50","10.51","12.41","13.77","15.75","16.79","18.09","19.50","21.73","24.07","26.04","28.55","30.87","33.30","34.51","37.10","40.74","43.92","48.00","52.30","57.98","61.55","66.14","67.75","73.90","79.10","85.35","89.80","95.29","102.01","112.99","122.97","119.50","130.82","138.42","150.78","165.15"
"IMF.FAD:GDD(2.0.0)","TUR.B1GQ_V_XDC.A","OBS_VALUE","Türkiye, Republic of","Gross domestic product (GDP), Current prices, Domestic currency","Annual","Billions","0.00","0.00","0.00","0.00","0.00","0.00","0.00","0.00","0.00","0.00","0.00","0.00","0.00","0.00","0.00","0.00","0.00","0.00","0.00","0.00","0.00","0.00","0.00","0.00","0.00","0.00","0.00","0.00","0.00","0.00","0.01","0.01","0.01","0.02","0.03","0.05","0.07","0.10","0.18","0.31","0.54","0.87","1.51","2.73","5.33","10.69","20.35","39.72","71.94","107.37","171.49","247.27","362.11","472.17","582.85","680.28","795.76","887.71","1002.76","1006.37","1167.66","1404.93","1581.48","1823.43","2054.90","2350.94","2626.56","3133.70","3761.17","4317.81","5048.57","7256.14","15011.78","26545.72","43410.51"
"IMF.FAD:GDD(2.0.0)","URY.FL_S1311MIXED_POGDP_PT.A","OBS_VALUE","Uruguay","Debt instruments, Central government, Percent of GDP","Annual","Units","","","","","","","","","","","","","","","","","","","","","6.11","9.30","9.12","7.00","7.61","8.13","8.67","7.26","5.64","3.98","4.59","4.32","13.48","21.16","39.46","29.03","34.60","37.33","34.83","","26.19","20.40","22.23","19.98","19.32","18.50","18.25","18.75","19.38","21.64","27.06","35.52","83.98","86.20","69.44","62.45","57.09","48.61","47.91","41.40","36.81","36.59","35.52","35.65","36.37","43.76","43.18","43.47","46.09","48.51","58.15","56.03","52.21","53.97","58.33"
"IMF.FAD:GDD(2.0.0)","ARE.B1GQ_V_XDC.A","OBS_VALUE","United Arab Emirates","Gross domestic product (GDP), Current prices, Domestic currency","Annual","Billions","","","","","","","","","","","","","3.97","0.53","0.73","0.99","1.32","1.74","2.45","3.28","4.32","5.91","8.22","25.40","35.47","45.97","64.51","88.03","99.57","121.55","154.69","170.56","158.61","145.33","144.07","141.40","112.06","123.05","125.07","144.36","186.05","180.98","190.72","191.42","210.70","232.86","267.44","283.29","276.55","310.03","378.22","379.41","403.30","456.66","542.84","663.31","815.72","947.08","1158.54","931.15","1102.44","1325.16","1412.48","1469.80","1520.80","1359.84","1356.09","1434.17","1568.34","1535.07","1283.44","1524.74","1846.28","1888.14","1972.42"
"IMF.FAD:GDD(2.0.0)","UGA.FL_S1311MIXED_POGDP_PT.A","OBS_VALUE","Uganda","Debt instruments, Central government, Percent of GDP","Annual","Units","","","","","","","","","","","","","","","","","","","","","10.29","11.83","13.52","15.49","15.96","12.68","14.33","9.19","9.30","7.75","13.97","12.73","12.88","26.57","27.05","32.87","27.35","","","","","141.15","88.26","61.06","42.27","46.92","47.68","44.19","45.09","47.72","48.54","51.35","54.71","55.14","48.97","42.56","27.76","16.98","15.65","14.79","18.35","17.96","19.49","22.08","24.77","28.02","31.33","33.64","34.89","37.54","46.34","50.35","50.17","50.20","51.83"
"IMF.FAD:GDD(2.0.0)","TUV.FL_S1311MIXED_POGDP_PT.A","OBS_VALUE","Tuvalu","Debt instruments, Central government, Percent of GDP","Annual","Units","","","","","","","","","","","","","","","","","","","","","","","","","","","","","","","","","","","","","","","","","","","","","","","","","","","","","","","","37.33","37.45","32.37","19.72","20.53","21.03","19.07","19.25","17.77","16.37","14.35","11.48","12.05","11.82","11.53","12.15","11.26","5.75","4.56","3.87"
"IMF.FAD:GDD(2.0.0)","TUN.FL_S1311MIXED_POGDP_PT.A","OBS_VALUE","Tunisia","Debt instruments, Central government, Percent of GDP","Annual","Units","","","","","","","","","","","","","","","","","","","","","38.41","36.01","31.32","31.04","29.25","27.27","29.63","32.59","35.44","33.56","31.25","32.10","34.96","37.65","38.55","41.37","51.42","46.83","50.67","48.76","47.70","53.38","48.32","51.68","51.62","50.34","48.43","54.28","51.66","52.98","52.44","53.92","53.30","51.98","51.58","49.98","45.72","42.70","41.36","40.30","38.80","43.34","49.04","45.63","50.73","52.40","58.91","67.10","72.91","67.30","77.71","79.73","82.93","82.52","83.13"
"IMF.FAD:GDD(2.0.0)","DZA.B1GQ_V_XDC.A","OBS_VALUE","Algeria","Gross domestic product (GDP), Current prices, Domestic currency","Annual","Billions","","","","","","","","","","","17.74","15.75","12.75","20.44","22.03","24.30","23.74","26.65","30.74","34.53","39.51","39.76","45.44","51.93","55.05","66.15","78.53","94.68","113.82","139.15","176.36","207.83","225.31","253.63","286.41","316.47","321.90","339.37","377.35","458.04","601.68","935.66","1166.35","1291.19","1614.25","2175.98","2789.18","3017.31","3071.89","3525.22","4475.17","4587.61","4901.72","5687.16","6623.36","7843.98","8941.66","9872.97","11649.69","10920.16","13224.72","15924.67","17611.81","18231.04","19253.77","18879.03","19783.35","21071.66","22683.85","23090.10","20902.12","25153.20","32039.50","33638.26","35536.50"
"IMF.FAD:GDD(2.0.0)","TUR.FL_S1311MIXED_POGDP_PT.A","OBS_VALUE","Türkiye, Republic of","Debt instruments, Central government, Percent of GDP","Annual","Units","11.62","","","","","","","","9.32","8.01","8.76","12.71","12.72","13.23","12.42","15.86","16.15","16.09","16.61","16.15","20.24","17.87","16.27","13.16","12.02","12.46","12.33","14.72","15.66","17.79","24.78","25.72","29.45","29.23","36.88","38.35","32.69","37.89","38.76","30.34","24.75","27.19","29.08","29.78","39.29","31.68","32.72","32.18","30.31","38.85","37.18","72.06","67.14","59.99","54.38","48.79","43.42","37.61","37.98","43.92","40.61","36.95","33.70","32.15","29.81","28.85","28.93","27.97","28.37","30.78","35.91","37.87","26.88","25.38","21.32"
"IMF.FAD:GDD(2.0.0)","GBR.B1GQ_V_XDC.A","OBS_VALUE","United Kingdom","Gross domestic product (GDP), Current prices, Domestic currency","Annual","Billions","14.34","15.98","17.24","18.49","19.57","21.12","22.72","23.98","25.00","26.49","28.32","30.01","31.52","33.46","36.57","39.42","41.97","44.19","47.92","51.58","56.63","63.17","70.73","81.23","91.73","115.79","137.12","159.74","186.13","220.98","259.97","290.18","319.56","351.35","377.92","414.63","446.60","496.81","555.68","614.63","670.80","705.88","730.87","769.86","810.79","851.85","909.99","953.41","998.50","1043.25","1100.75","1146.14","1191.44","1258.33","1322.64","1398.75","1472.04","1544.64","1593.60","1548.80","1608.55","1662.59","1713.72","1781.36","1862.51","1916.45","1991.65","2082.48","2152.30","2233.92","2103.49","2285.40","2526.43","2711.19","2850.99"
"IMF.FAD:GDD(2.0.0)","UKR.FL_S1311MIXED_POGDP_PT.A","OBS_VALUE","Ukraine","Debt instruments, Central government, Percent of GDP","Annual","Units","","","","","","","","","","","","","","","","","","","","","","","","","","","","","","","","","","","","","","","","","","","","","","30.15","24.37","28.89","46.54","58.96","43.79","35.34","32.34","28.30","23.89","17.09","14.26","11.82","19.12","33.46","40.05","36.39","36.76","39.88","69.60","79.06","80.90","71.84","60.90","50.24","60.44","49.02","77.74","84.42",""
"IMF.FAD:GDD(2.0.0)","TKM.FL_S1311MIXED_POGDP_PT.A","OBS_VALUE","Turkmenistan","Debt instruments, Central government, Percent of GDP","Annual","Units","","","","","","","","","","","","","","","","","","","","","","","","","","","","","","","","","","","","","","","","","","","","","","","","84.87","107.92","88.15","72.90","45.07","31.96","22.37","15.09","9.01","5.59","4.05","4.71","4.08","6.21","10.02","13.76","16.01","12.30","14.54","18.52","19.98","18.66","15.27","13.32","10.65","5.77","4.66","4.62"
"IMF.FAD:GDD(2.0.0)","UGA.B1GQ_V_XDC.A","OBS_VALUE","Uganda","Gross domestic product (GDP), Current prices, Domestic currency","Annual","Billions","0.03","0.04","0.05","0.04","0.05","0.05","0.05","0.05","0.05","0.05","0.05","0.05","0.05","0.06","0.07","0.08","0.08","0.09","0.13","0.14","0.16","0.18","0.20","0.22","0.28","0.39","0.46","0.84","1.11","1.72","2.25","3.64","5.89","8.66","17.02","34.53","73.53","215.38","676.10","1549.41","2381.69","2860.73","4132.93","5152.00","6111.62","7241.01","8068.04","9105.02","10208.16","11380.61","12754.77","13755.45","15144.83","17132.78","19460.48","22186.65","25785.33","30181.84","38570.56","48948.00","53748.00","69379.00","77488.00","83637.00","90352.00","97610.00","103398.00","114076.00","126937.00","140091.00","141155.00","153545.00","174441.00","193513.00","212627.00"
"IMF.FAD:GDD(2.0.0)","SWE.FL_S1311MIXED_POGDP_PT.A","OBS_VALUE","Sweden","Debt instruments, Central government, Percent of GDP","Annual","Units","36.11","30.04","27.42","27.20","27.70","27.53","26.88","27.27","28.33","27.85","27.50","24.87","21.94","19.82","17.86","16.13","15.17","15.29","16.81","16.72","17.21","17.17","17.61","18.38","19.34","22.01","21.30","23.86","28.66","34.14","38.89","45.82","53.40","58.11","60.05","61.49","59.52","54.24","48.63","43.20","40.45","42.34","53.71","68.31","72.80","75.48","79.05","80.52","79.72","74.65","66.55","59.05","56.25","54.81","53.43","53.54","48.42","42.85","41.09","44.63","41.11","39.90","40.57","43.21","46.01","44.69","42.89","41.61","40.20","36.54","42.18","38.81","37.13","33.62","34.43"
"IMF.FAD:GDD(2.0.0)","TWN.FL_S1311MIXED_POGDP_PT.A","OBS_VALUE","Taiwan Province of China","Debt instruments, Central government, Percent of GDP","Annual","Units","","","","","","","","","","","","","","","","","","","","","","","","","","","","","","","","","","","","","","2.68","3.86","4.74","4.50","5.32","10.10","12.88","13.50","14.91","15.25","15.88","14.62","13.39","23.73","27.27","26.80","28.60","28.99","29.49","28.81","27.82","28.81","31.94","32.26","33.31","34.04","33.70","32.45","31.05","30.41","29.72","29.17","28.08","27.65","26.22","25.95","25.68","244.74"
"IMF.FAD:GDD(2.0.0)","TTO.FL_S1311MIXED_POGDP_PT.A","OBS_VALUE","Trinidad and Tobago","Debt instruments, Central government, Percent of GDP","Annual","Units","","","","","","","","","","","","","","12.35","13.61","14.27","13.94","","14.97","15.95","21.70","16.19","17.57","17.24","13.74","11.51","9.51","","15.85","13.66","5.96","8.30","7.45","10.62","15.61","16.39","35.89","45.59","48.99","51.13","47.71","49.48","49.15","58.79","52.58","50.14","46.98","46.11","42.78","42.15","38.91","36.61","37.02","30.15","24.15","19.80","16.89","16.23","13.47","20.69","16.79","26.40","21.77","21.64","23.48","27.08","35.45","39.82","41.47","46.02","62.18","58.53","50.98","61.09","64.48"
"IMF.FAD:GDD(2.0.0)","SYR.FL_S1311MIXED_POGDP_PT.A","OBS_VALUE","Syrian Arab Republic","Debt instruments, Central government, Percent of GDP","Annual","Units","","","","","","","","","","","","","","","","","","","","","49.96","52.08","49.96","40.53","37.98","36.32","46.87","53.08","60.03","54.84","60.44","60.88","84.58","101.22","116.47","138.05","127.95","113.08","138.62","203.85","189.76","182.42","173.62","171.94","162.98","152.64","141.48","147.62","151.23","147.70","152.09","144.49","132.43","133.37","113.05","50.71","44.98","42.67","37.32","31.21","30.02","","","","","","","","","","","","","",""
"IMF.FAD:GDD(2.0.0)","TLS.FL_S1311MIXED_POGDP_PT.A","OBS_VALUE","Timor-Leste, Democratic Republic of","Debt instruments, Central government, Percent of GDP","Annual","Units","","","","","","","","","","","","","","","","","","","","","","","","","","","","","","","","","","","","","","","","","","","","","","","","","","","","","","","","","","","","","","","0.00","0.46","1.52","2.95","4.71","6.71","9.31","9.51","10.09","6.53","7.90","12.45","12.85"
"IMF.FAD:GDD(2.0.0)","THA.B1GQ_V_XDC.A","OBS_VALUE","Thailand","Gross domestic product (GDP), Current prices, Domestic currency","Annual","Billions","26.22","29.16","31.76","33.01","35.26","36.36","40.07","46.77","48.77","52.17","57.79","63.13","68.29","74.70","79.01","85.41","99.66","112.05","123.78","136.83","145.59","153.05","168.27","212.61","278.71","314.43","355.98","410.64","491.01","581.16","684.36","785.51","869.40","951.42","1020.73","1091.39","1170.83","1342.85","1611.32","1918.33","2263.47","2583.49","2935.65","3263.43","3689.09","4217.61","4638.60","4710.31","4701.55","4789.83","5069.82","5345.00","5769.58","6317.30","6954.28","7614.41","8400.64","9076.30","9706.93","9658.67","10808.15","11306.91","12357.34","12915.16","13230.30","13743.48","14590.34","15488.66","16373.34","16889.17","15661.29","16186.63","17378.00","17954.67","18578.92"
"IMF.FAD:GDD(2.0.0)","STP.B1GQ_V_XDC.A","OBS_VALUE","São Tomé and Príncipe, Democratic Republic of","Gross domestic product (GDP), Current prices, Domestic currency","Annual","Billions","","","","","","","","","","","","","","0.00","0.00","0.00","0.00","0.00","0.00","0.00","0.00","0.00","0.00","0.00","0.00","0.00","0.00","0.00","0.00","0.00","0.00","0.00","0.00","0.00","0.00","0.00","0.00","0.01","0.01","0.01","0.02","0.02","0.03","0.05","0.10","0.15","0.30","0.42","0.50","0.55","0.61","0.63","0.73","0.89","1.03","1.32","1.66","1.96","2.76","3.25","3.53","4.02","4.41","4.97","5.45","5.78","6.51","7.06","8.02","9.11","10.21","10.94","12.69","15.50","18.02"
"IMF.FAD:GDD(2.0.0)","TKM.B1GQ_V_XDC.A","OBS_VALUE","Turkmenistan","Gross domestic product (GDP), Current prices, Domestic currency","Annual","Billions","","","","","","","","","","","","","","","","","","","","","","","","","","","","","","","","","","","","","","0.00","0.00","0.00","0.00","0.00","0.00","0.00","0.03","0.22","2.65","3.80","4.79","6.86","8.93","12.33","15.47","20.31","25.24","30.54","38.04","46.16","84.58","98.50","100.22","126.58","143.22","144.96","160.18","157.31","150.07","160.66","172.55","185.62","183.35","213.27","272.87","272.57","288.80"
"IMF.FAD:GDD(2.0.0)","CHE.FL_S1311MIXED_POGDP_PT.A","OBS_VALUE","Switzerland","Debt instruments, Central government, Percent of GDP","Annual","Units","38.58","35.33","33.10","31.66","29.97","27.18","24.81","21.43","19.35","17.86","15.45","13.25","11.42","10.22","8.85","7.81","7.19","6.79","6.57","6.33","5.73","5.53","5.15","4.85","5.59","7.32","12.58","12.91","13.16","13.73","12.82","12.13","11.58","11.38","","","13.68","13.09","12.53","11.27","10.98","11.79","14.06","16.55","17.73","19.37","20.63","22.26","24.32","22.48","22.15","21.69","24.93","24.94","24.81","24.58","21.75","19.50","18.71","17.57","16.67","16.39","16.37","16.01","15.40","14.71","13.71","14.17","12.82","12.27","13.85","13.49","13.85","14.04","13.65"
"IMF.FAD:GDD(2.0.0)","UKR.B1GQ_V_XDC.A","OBS_VALUE","Ukraine","Gross domestic product (GDP), Current prices, Domestic currency","Annual","Billions","","","","","","","","","","","","","","","","0.00","0.00","0.00","0.00","0.00","0.00","0.00","0.00","0.00","0.00","0.00","0.00","0.00","0.00","0.00","0.00","0.00","0.00","0.00","0.00","0.00","0.00","0.00","0.00","0.00","0.00","0.00","0.05","1.59","12.45","56.38","84.31","96.56","106.10","134.90","175.89","203.40","225.52","267.15","344.39","440.49","544.22","723.46","954.36","912.19","1079.35","1299.99","1404.67","1465.20","1586.92","1988.54","2385.37","2981.23","3560.30","3977.20","4222.03","5450.85","5239.11","6537.83","7648.18"
"IMF.FAD:GDD(2.0.0)","TON.B1GQ_V_XDC.A","OBS_VALUE","Tonga","Gross domestic product (GDP), Current prices, Domestic currency","Annual","Billions","","","","","","","","","","","","","","","","","","","","","0.01","0.02","0.02","0.02","0.03","0.03","0.03","0.04","0.04","0.05","0.06","0.07","0.08","0.09","0.09","0.11","0.13","0.15","0.16","0.17","0.19","0.22","0.23","0.25","0.26","0.27","0.27","0.27","0.29","0.31","0.33","0.35","0.40","0.44","0.47","0.51","0.59","0.60","0.65","0.65","0.71","0.76","0.72","0.78","0.80","0.85","0.93","1.02","1.07","1.12","1.15","1.18","1.18","1.20","1.28"
"IMF.FAD:GDD(2.0.0)","TTO.B1GQ_V_XDC.A","OBS_VALUE","Trinidad and Tobago","Gross domestic product (GDP), Current prices, Domestic currency","Annual","Billions","0.32","0.41","0.45","0.52","0.55","0.64","0.75","0.88","0.96","1.07","1.15","1.26","1.33","1.47","1.56","1.63","1.87","2.02","2.26","2.32","2.54","2.68","3.04","3.59","4.54","5.45","6.49","8.17","8.54","11.24","15.22","17.07","19.87","18.95","18.94","18.38","17.56","17.57","17.58","18.69","21.91","22.95","23.52","24.91","29.82","32.24","35.18","36.49","38.72","43.63","52.26","55.85","57.16","72.16","84.86","101.86","117.41","138.82","177.32","123.46","143.59","165.29","174.55","184.00","188.90","171.18","157.55","161.68","161.75","159.32","141.71","163.40","192.56","172.06","172.29"
"IMF.FAD:GDD(2.0.0)","TJK.B1GQ_V_XDC.A","OBS_VALUE","Tajikistan, Republic of","Gross domestic product (GDP), Current prices, Domestic currency","Annual","Billions","","","","","","","","","","","","","","","","","","","","","","","","","","","","","","","","","","","","0.00","0.00","0.00","0.00","0.00","0.00","0.00","0.00","0.01","0.02","0.06","0.31","0.63","1.03","1.35","1.81","2.51","3.34","4.76","6.16","7.20","9.27","12.78","17.61","20.62","24.70","30.07","36.16","40.52","45.61","48.40","54.79","64.43","71.06","79.11","83.96","101.08","115.74","128.98","146.33"
"IMF.FAD:GDD(2.0.0)","GBR.FL_S1311MIXED_POGDP_PT.A","OBS_VALUE","United Kingdom","Debt instruments, Central government, Percent of GDP","Annual","Units","","","","","","","","","","","","","","","","","","","","","","","","","37.75","37.29","36.27","44.86","39.07","38.46","36.78","33.42","37.79","39.34","39.73","40.23","38.08","37.34","32.57","28.49","27.22","27.51","32.13","36.74","39.45","42.43","42.62","42.35","40.27","38.93","37.33","34.61","35.00","36.18","39.05","40.16","41.12","42.19","49.95","64.05","74.89","80.47","83.53","84.41","86.16","86.90","86.77","85.64","85.28","84.69","104.85","104.31","99.01","99.75","100.72"
"IMF.FAD:GDD(2.0.0)","USA.B1GQ_V_XDC.A","OBS_VALUE","United States","Gross domestic product (GDP), Current prices, Domestic currency","Annual","Billions","301.78","348.99","368.03","389.15","390.28","424.87","448.39","471.71","478.17","519.48","539.90","558.58","600.45","633.37","680.15","737.20","808.05","853.88","933.10","1008.75","1064.37","1155.40","1269.88","1418.46","1536.65","1674.01","1867.24","2079.64","2350.40","2627.33","2857.33","3207.03","3343.80","3634.03","4037.65","4339.00","4579.63","4855.25","5236.43","5641.60","5963.13","6158.13","6520.33","6858.55","7287.25","7639.75","8073.13","8577.55","9062.83","9631.18","10250.95","10581.93","10929.10","11456.45","12217.18","13039.20","13815.60","14474.25","14769.85","14478.05","15048.98","15599.73","16253.95","16880.68","17608.13","18295.00","18804.90","19612.10","20656.53","21539.98","21354.13","23681.18","26006.90","27720.73","29184.90"
"IMF.FAD:GDD(2.0.0)","USA.FL_S1311MIXED_POGDP_PT.A","OBS_VALUE","United States","Debt instruments, Central government, Percent of GDP","Annual","Units","78.20","68.20","66.34","64.60","64.96","59.52","55.37","52.25","53.66","50.90","48.84","48.71","46.68","45.10","43.09","40.28","37.60","37.44","35.81","32.96","32.59","32.45","31.07","28.57","27.51","31.08","32.22","32.13","31.20","29.79","30.59","30.33","34.48","37.39","39.20","42.90","46.38","47.56","47.96","48.00","50.08","53.55","55.80","57.39","56.70","56.35","55.72","53.10","50.07","46.85","41.38","39.05","38.55","39.37","41.25","42.01","42.12","41.78","43.19","53.49","61.77","70.43","74.94","79.28","81.20","82.13","83.77","84.56","83.44","86.39","92.64","104.65","101.42","100.18","102.69"
"IMF.FAD:GDD(2.0.0)","VEN.FL_S1311MIXED_POGDP_PT.A","OBS_VALUE","Venezuela, República Bolivariana de","Debt instruments, Central government, Percent of GDP","Annual","Units","0.12","0.05","0.35","0.24","0.19","0.15","0.11","0.08","1.96","2.67","5.36","5.77","4.77","4.09","3.62","3.80","3.76","4.39","5.15","6.21","6.72","7.24","9.19","8.68","7.63","5.79","9.64","12.67","16.57","19.23","16.64","18.89","18.59","21.39","36.40","34.10","45.87","58.28","46.29","61.83","63.26","62.19","54.81","57.75","63.89","45.90","45.90","34.85","31.18","29.70","27.38","29.56","35.46","47.48","37.63","31.66","24.07","19.15","13.98","18.20","18.35","25.16","31.60","45.11","44.54","53.15","53.25","108.60","47.63","68.51","","","","",""
"IMF.FAD:GDD(2.0.0)","URY.B1GQ_V_XDC.A","OBS_VALUE","Uruguay","Gross domestic product (GDP), Current prices, Domestic currency","Annual","Billions","0.00","0.00","0.00","0.00","0.00","0.00","0.00","0.00","0.00","0.00","0.00","0.00","0.00","0.00","0.00","0.00","0.00","0.00","0.00","0.00","0.00","0.00","0.00","0.00","0.01","0.01","0.02","0.02","0.04","0.07","0.11","0.15","0.16","0.21","0.33","0.58","1.07","2.00","3.28","5.83","13.10","27.24","46.93","71.24","106.20","147.62","197.05","246.91","290.02","296.70","301.27","303.68","315.55","370.70","428.59","463.68","514.22","599.46","694.02","779.53","881.59","1010.63","1135.93","1285.53","1451.55","1588.29","1733.77","1864.14","2007.73","2193.67","2250.20","2645.47","2906.44","3027.94","3255.69"
"IMF.FAD:GDD(2.0.0)","ZWE.B1GQ_V_XDC.A","OBS_VALUE","Zimbabwe","Gross domestic product (GDP), Current prices, Domestic currency","Annual","Billions","","","","","","","","","","","0.00","0.00","0.00","0.00","0.00","0.00","0.00","0.00","0.00","0.00","0.00","0.00","0.00","0.00","0.00","0.00","0.00","0.00","0.00","0.00","0.00","0.00","0.00","0.00","0.00","0.00","0.00","0.00","0.00","0.00","0.00","0.00","0.00","0.00","0.00","0.00","0.00","0.00","0.00","0.00","0.00","0.00","0.00","0.00","0.00","0.00","0.00","0.00","0.00","0.00","0.00","0.01","0.01","0.01","0.01","0.01","0.01","0.01","0.01","0.08","0.55","1.28","4.96","53.51","589.72"
"IMF.FAD:GDD(2.0.0)","VUT.FL_S1311MIXED_POGDP_PT.A","OBS_VALUE","Vanuatu","Debt instruments, Central government, Percent of GDP","Annual","Units","","","","","","","","","","","","","","","","","","","","","","","","","","","","","","","","3.77","4.54","3.99","5.05","6.55","8.22","13.66","14.47","18.19","21.16","20.79","21.04","20.27","21.60","24.06","23.06","22.94","28.05","30.62","36.11","37.04","38.81","38.26","30.41","26.27","22.16","19.48","21.21","21.12","20.22","21.30","19.28","18.63","20.23","36.28","42.45","52.63","45.26","45.10","48.02","48.54","43.06","40.60","44.60"
"IMF.FAD:GDD(2.0.0)","AUT.FL_S1311MIXED_POGDP_PT.A","OBS_VALUE","Austria","Debt instruments, Central government, Percent of GDP","Annual","Units","21.04","14.52","12.91","15.80","13.74","11.44","10.51","7.99","10.98","13.07","13.20","11.91","11.54","11.66","11.61","11.05","10.51","11.67","12.51","12.54","12.06","10.65","9.92","9.88","9.48","14.60","17.62","19.59","22.45","23.86","25.12","26.68","28.75","32.87","35.34","37.52","41.89","45.62","45.61","45.69","45.78","46.48","46.54","50.32","53.02","55.55","55.92","57.12","57.15","58.10","56.83","55.35","55.07","55.03","56.35","56.00","54.62","52.22","55.50","58.93","60.12","59.44","59.87","60.38","59.44","58.21","58.41","57.51","55.23","52.76","62.57","62.42","60.44","59.78","62.12"
"IMF.FAD:GDD(2.0.0)","AUT.B1GQ_V_XDC.A","OBS_VALUE","Austria","Gross domestic product (GDP), Current prices, Domestic currency","Annual","Billions","3.97","5.28","6.12","6.29","7.06","8.09","9.00","9.96","10.35","11.01","12.29","13.63","14.49","15.62","17.10","18.59","20.26","21.54","23.14","25.27","28.37","31.97","36.53","41.37","47.08","49.97","55.19","61.05","64.46","70.34","75.56","80.44","86.35","92.02","96.60","101.81","107.01","111.11","118.97","127.26","136.77","146.63","154.91","160.02","168.00","175.61","181.54","187.78","195.27","203.07","212.41","219.37","225.09","230.54","240.54","252.36","265.93","282.21","291.85","286.27","294.05","308.17","316.59","321.19","330.11","342.08","355.67","367.29","383.23","395.71","380.32","406.23","448.19","473.85","481.74"
"IMF.FAD:GDD(2.0.0)","AZE.B1GQ_V_XDC.A","OBS_VALUE","Azerbaijan, Republic of","Gross domestic product (GDP), Current prices, Domestic currency","Annual","Billions","","","","","","","","","","","","","","","","","","","","","","","","","","","","","","","","","","","","","","","","","0.00","0.00","0.00","0.03","0.71","2.13","2.73","3.44","3.31","3.78","4.72","5.32","6.06","7.15","8.53","12.52","18.75","28.36","40.14","35.60","42.47","52.08","54.74","58.18","59.01","54.38","60.43","70.34","80.09","81.90","72.58","93.20","133.97","123.13","126.34"
"IMF.FAD:GDD(2.0.0)","AUS.FL_S1311MIXED_POGDP_PT.A","OBS_VALUE","Australia","Debt instruments, Central government, Percent of GDP","Annual","Units","109.62","86.94","85.92","79.73","76.71","74.85","71.69","67.61","65.94","62.28","48.25","49.29","50.24","47.51","44.93","43.66","42.41","40.46","39.43","36.74","34.90","32.23","30.67","27.31","22.33","23.60","22.94","23.60","24.69","22.85","21.21","19.10","16.81","20.96","22.28","23.99","25.47","25.21","20.49","15.99","12.07","11.91","14.27","17.69","19.89","22.12","21.38","20.51","16.28","15.44","13.69","11.98","10.31","8.97","8.08","7.34","6.55","6.07","7.60","11.48","14.23","16.98","19.23","21.24","24.59","28.45","31.62","32.38","32.92","36.58","43.63","41.01","35.68","35.62","36.79"
"IMF.FAD:GDD(2.0.0)","DZA.FL_S1311MIXED_POGDP_PT.A","OBS_VALUE","Algeria","Debt instruments, Central government, Percent of GDP","Annual","Units","","","","","","","","","","","","","","","","","","","","","24.91","29.32","25.35","30.77","29.97","33.75","39.91","50.16","64.81","60.07","51.23","41.21","41.01","43.08","43.59","43.35","55.78","63.93","76.91","72.27","63.62","66.02","64.61","89.86","90.29","95.87","90.68","79.56","79.89","69.68","53.41","50.00","47.31","38.22","32.69","25.37","22.47","12.79","7.64","8.92","9.51","8.48","8.58","6.48","6.85","7.73","18.09","24.02","34.49","40.88","45.97","55.14","48.07","47.71","46.20"
"IMF.FAD:GDD(2.0.0)","ATG.FL_S1311MIXED_POGDP_PT.A","OBS_VALUE","Antigua and Barbuda","Debt instruments, Central government, Percent of GDP","Annual","Units","","","","","","","","","","","","","","","","","","","","","","","","","","","","","","","","","","","","","","","","","94.13","94.63","90.78","85.29","84.54","92.13","85.54","80.65","94.56","95.92","96.42","107.57","114.53","112.98","107.65","82.82","79.12","68.65","66.84","89.15","79.40","81.13","76.93","85.38","91.89","92.13","83.06","88.18","84.33","81.59","100.46","92.95","82.03","76.33","67.06"
"IMF.FAD:GDD(2.0.0)","ALB.B1GQ_V_XDC.A","OBS_VALUE","Albania","Gross domestic product (GDP), Current prices, Domestic currency","Annual","Billions","8.64","8.87","9.11","9.36","9.61","9.87","10.14","10.41","10.69","10.98","11.28","11.58","11.90","12.22","12.55","12.89","13.23","13.59","13.96","14.34","14.72","15.12","15.53","15.95","16.38","16.82","17.27","17.74","18.22","18.71","18.71","19.35","19.93","20.14","19.88","20.30","20.94","20.77","20.48","22.49","20.24","19.75","64.09","150.92","226.23","270.61","338.34","335.27","389.43","448.87","507.16","570.15","617.76","685.80","746.43","813.73","883.12","977.02","1093.54","1157.55","1254.40","1316.10","1348.67","1366.12","1411.91","1451.38","1490.00","1569.10","1656.21","1712.04","1655.98","1866.67","2149.74","2369.91","2530.04"
"IMF.FAD:GDD(2.0.0)","ALB.FL_S1311MIXED_POGDP_PT.A","OBS_VALUE","Albania","Debt instruments, Central government, Percent of GDP","Annual","Units","","","","","","","","","","","","","","","","","","","","","","","","","","","","","","","","","","","","","","","","","","","","","24.63","29.36","34.69","51.41","57.01","57.79","63.38","60.61","64.10","60.24","57.47","58.20","56.69","53.55","55.14","59.67","57.71","59.40","62.12","65.53","70.03","72.67","72.38","70.12","67.61","65.73","74.30","74.49","64.46","59.13","59.23"
"IMF.FAD:GDD(2.0.0)","ARG.FL_S1311MIXED_POGDP_PT.A","OBS_VALUE","Argentina","Debt instruments, Central government, Percent of GDP","Annual","Units","20.50","17.40","18.70","21.40","23.90","24.10","22.00","19.70","17.20","10.20","8.40","8.70","25.10","21.59","15.50","14.67","12.36","10.06","8.67","8.85","12.45","14.02","15.78","11.07","11.99","31.18","26.49","23.16","16.14","11.44","10.52","24.45","50.92","59.23","50.37","62.64","51.57","68.36","56.64","109.04","44.74","32.93","27.77","26.89","28.43","30.75","32.55","31.68","34.15","38.92","40.83","48.01","147.20","125.16","117.88","80.28","70.79","62.13","53.81","55.40","43.45","38.93","40.44","43.50","44.70","52.56","53.06","57.03","85.25","89.84","103.82","81.04","84.46","155.41","85.33"
"IMF.FAD:GDD(2.0.0)","AGO.B1GQ_V_XDC.A","OBS_VALUE","Angola","Gross domestic product (GDP), Current prices, Domestic currency","Annual","Billions","","","","","","","","","","","","","","","","","","","","0.00","0.00","0.00","0.00","0.00","0.00","0.00","0.00","0.00","0.00","0.00","0.00","0.00","0.00","0.00","0.00","0.00","0.00","0.00","0.00","0.00","0.00","0.00","0.00","0.00","0.00","0.02","1.34","2.82","4.11","27.61","126.98","273.04","753.57","1517.65","2255.45","3608.10","4713.88","5602.45","7412.58","6481.52","8781.31","11793.66","13706.61","14840.76","16165.67","15807.32","18781.82","23200.80","28873.39","34538.51","38466.15","53277.98","65604.31","75190.51","100854.82"
"IMF.FAD:GDD(2.0.0)","ATG.B1GQ_V_XDC.A","OBS_VALUE","Antigua and Barbuda","Gross domestic product (GDP), Current prices, Domestic currency","Annual","Billions","","","","","","","","","","","","","","0.00","0.01","0.01","0.01","0.01","0.01","0.02","0.02","0.02","0.03","0.04","0.06","0.10","0.18","0.21","0.24","0.30","0.36","0.40","0.45","0.50","0.57","0.67","0.80","0.94","1.11","1.23","1.29","1.36","1.42","1.53","1.69","1.66","1.83","1.98","2.13","2.26","2.43","2.37","2.42","2.56","2.77","3.09","3.52","4.02","4.21","3.74","3.51","3.48","3.68","3.58","3.72","3.88","4.02","4.14","4.49","4.66","3.81","4.33","5.04","5.42","6.01"
"IMF.FAD:GDD(2.0.0)","BTN.FL_S1311MIXED_POGDP_PT.A","OBS_VALUE","Bhutan","Debt instruments, Central government, Percent of GDP","Annual","Units","","","","","","","","","","","","","","","","","","","","","","","","","","","","","","","","","1.74","2.49","4.70","10.64","14.86","17.29","24.67","26.44","27.45","33.50","35.59","37.61","39.45","34.68","35.78","32.98","36.40","39.23","44.03","52.35","57.71","68.50","76.03","80.84","80.12","67.25","60.57","61.04","55.81","62.33","71.47","92.37","89.79","90.16","107.48","104.08","107.29","99.74","114.94","123.28","117.34","115.44","107.78"
"IMF.FAD:GDD(2.0.0)","BEN.B1GQ_V_XDC.A","OBS_VALUE","Benin","Gross domestic product (GDP), Current prices, Domestic currency","Annual","Billions","","","","","","","","","","134.34","146.49","150.15","148.21","168.53","187.66","203.31","218.25","228.26","244.30","256.52","278.27","291.53","329.97","360.68","381.59","261.23","294.89","342.35","381.75","448.14","518.03","447.59","518.44","569.40","636.18","682.03","671.54","681.70","703.28","695.77","729.29","765.86","812.37","880.23","1212.59","1480.05","1650.71","1809.38","1979.46","2263.34","2499.93","2685.13","2909.67","3102.02","3264.37","3462.85","3674.80","3909.98","4365.33","4580.01","4718.03","5039.21","5688.29","6182.56","6559.33","6732.81","7005.23","7375.30","7915.66","8432.25","9008.81","9809.69","10854.51","11934.90","12881.53"
"IMF.FAD:GDD(2.0.0)","BHR.FL_S1311MIXED_POGDP_PT.A","OBS_VALUE","Bahrain, Kingdom of","Debt instruments, Central government, Percent of GDP","Annual","Units","","","","","","","","","","","","","","","","","","","","","","","","","0.26","0.29","0.52","0.98","2.15","2.16","6.87","6.39","6.65","6.87","6.96","6.04","10.60","11.38","14.51","14.95","7.24","6.71","6.45","5.95","5.62","13.62","13.12","14.76","20.00","24.67","24.70","25.01","27.22","31.13","28.20","23.21","19.43","15.68","12.05","20.49","28.79","31.55","34.83","42.27","42.63","63.18","77.37","84.03","90.38","97.13","125.70","122.30","111.65","123.02","134.01"
"IMF.FAD:GDD(2.0.0)","BLR.B1GQ_V_XDC.A","OBS_VALUE","Belarus, Republic of","Gross domestic product (GDP), Current prices, Domestic currency","Annual","Billions","","","","","","","","","","","","","","","","","","","","","","","","","","","","","","","","","","","","","","","","","0.00","0.00","0.00","0.00","0.01","0.01","0.02","0.04","0.07","0.30","0.95","1.78","2.70","3.78","5.17","6.73","8.20","10.05","13.42","14.21","17.05","30.72","54.76","67.07","80.58","89.91","94.95","105.75","122.32","134.73","149.72","173.15","193.74","216.10","230.32"
"IMF.FAD:GDD(2.0.0)","BOL.B1GQ_V_XDC.A","OBS_VALUE","Bolivia","Gross domestic product (GDP), Current prices, Domestic currency","Annual","Billions","0.00","0.00","0.00","0.00","0.00","0.00","0.00","0.00","0.00","0.00","0.00","0.00","0.00","0.00","0.00","0.00","0.00","0.00","0.00","0.00","0.00","0.00","0.00","0.00","0.00","0.00","0.00","0.00","0.00","0.00","0.00","0.00","0.00","0.00","0.02","2.37","7.61","8.88","10.81","12.69","15.44","19.13","22.01","24.46","27.64","32.24","37.54","41.64","46.82","48.16","51.93","53.79","56.68","61.90","69.63","77.02","91.75","103.01","120.69","121.73","137.88","166.23","187.15","211.86","228.00","228.03","234.53","259.18","278.39","282.59","253.11","279.21","304.10","311.89","332.05"
"IMF.FAD:GDD(2.0.0)","BEN.FL_S1311MIXED_POGDP_PT.A","OBS_VALUE","Benin","Debt instruments, Central government, Percent of GDP","Annual","Units","","","","","","","","","","","","","","","","","","","","","4.48","4.79","3.86","5.79","6.96","9.68","11.21","12.93","13.36","18.00","18.11","30.89","45.70","54.46","48.51","51.68","47.18","48.58","47.17","50.33","45.27","44.03","41.80","41.88","64.61","48.25","43.43","42.94","41.57","39.41","39.59","37.99","30.77","23.38","21.51","26.98","8.37","14.29","18.31","18.75","21.00","21.86","19.54","18.50","22.28","30.90","35.92","39.60","41.08","41.23","46.14","50.29","54.19","54.90","54.03"
"IMF.FAD:GDD(2.0.0)","BGD.FL_S1311MIXED_POGDP_PT.A","OBS_VALUE","Bangladesh","Debt instruments, Central government, Percent of GDP","Annual","Units","","","","","","","","","","","","","","","","","","","","","","","","6.48","10.01","8.25","12.98","16.79","16.10","14.10","16.30","18.35","21.69","23.82","21.95","24.23","27.95","30.48","29.98","29.04","31.48","31.76","33.14","34.05","35.49","32.89","31.03","29.06","31.12","32.67","31.20","37.07","38.90","37.04","36.58","35.56","35.33","34.99","33.87","33.01","29.62","29.39","29.08","28.34","28.68","28.21","27.72","28.31","29.55","31.95","34.51","35.61","37.86","39.27","40.13"
"IMF.FAD:GDD(2.0.0)","BGD.B1GQ_V_XDC.A","OBS_VALUE","Bangladesh","Gross domestic product (GDP), Current prices, Domestic currency","Annual","Billions","","","","","","","","","","30.01","33.93","34.01","38.61","37.71","40.83","43.12","48.44","48.40","49.76","53.26","67.00","65.21","58.56","97.67","148.41","243.66","216.13","227.27","284.46","340.98","384.09","440.67","494.84","558.55","670.01","768.71","865.49","995.48","1094.27","1218.30","1372.45","1511.84","1635.29","1715.00","1852.38","2086.38","2275.24","2467.74","2718.42","2952.96","3216.44","3489.97","3764.81","4172.57","4591.53","5115.98","5777.98","6586.13","7531.07","8446.15","9553.83","10970.84","12640.43","14362.06","16096.05","18158.00","20758.21","23243.07","26392.48","29514.29","31704.69","35301.85","39717.16","44908.42","50026.54"
"IMF.FAD:GDD(2.0.0)","COG.B1GQ_V_XDC.A","OBS_VALUE","Congo, Republic of","Gross domestic product (GDP), Current prices, Domestic currency","Annual","Billions","","","","","","","","","","","56.36","67.50","65.95","64.81","70.38","79.05","83.35","87.64","94.62","99.60","104.91","115.33","133.14","146.22","177.58","201.63","215.93","226.22","251.73","322.52","457.49","482.36","508.57","536.21","565.36","596.08","628.48","662.64","698.65","790.56","792.04","856.26","868.31","850.51","1148.31","1226.47","1452.99","1498.78","1321.29","1627.10","2580.27","2226.90","2320.86","2240.81","2690.99","3506.27","4217.18","4203.70","5195.84","4572.80","6505.75","7377.58","9033.23","8869.81","8844.63","7029.66","6477.97","6871.77","8206.11","8189.07","6601.22","7419.75","8693.65","8593.07","9028.24"
"IMF.FAD:GDD(2.0.0)","CAF.B1GQ_V_XDC.A","OBS_VALUE","Central African Republic","Gross domestic product (GDP), Current prices, Domestic currency","Annual","Billions","","","","","","","","","","","12.78","14.03","14.17","14.73","17.68","21.22","24.26","28.76","33.39","40.22","46.50","53.65","61.61","71.10","85.55","97.26","115.70","138.51","157.83","188.42","168.40","218.10","240.40","253.90","278.70","379.90","386.04","362.24","380.17","402.88","405.00","396.17","377.86","366.24","473.62","560.04","516.65","566.04","606.40","638.67","616.02","659.24","684.96","690.66","691.97","745.21","803.95","841.08","910.46","972.28","1060.14","1148.90","1281.56","835.45","935.58","1002.59","1081.52","1203.32","1265.69","1334.98","1372.90","1432.76","1531.35","1578.30","1716.13"
"IMF.FAD:GDD(2.0.0)","BFA.FL_S1311MIXED_POGDP_PT.A","OBS_VALUE","Burkina Faso","Debt instruments, Central government, Percent of GDP","Annual","Units","","","","","","","","","","","","","","","","","","","","","2.23","2.46","2.51","3.37","4.80","6.53","9.68","11.08","13.21","14.20","14.49","17.07","19.58","23.95","27.22","28.49","27.58","30.69","28.83","25.54","25.60","28.73","29.59","33.59","55.12","48.93","45.85","48.37","47.68","46.44","47.48","46.63","43.29","39.66","40.74","39.21","20.09","22.42","24.87","25.87","22.67","28.40","25.21","25.90","26.09","31.25","32.85","33.89","38.11","41.73","43.64","55.37","56.37","52.66","52.69"
"IMF.FAD:GDD(2.0.0)","CPV.FL_S1311MIXED_POGDP_PT.A","OBS_VALUE","Cabo Verde","Debt instruments, Central government, Percent of GDP","Annual","Units","","","","","","","","","","","","","","","","","","","","","","","","","","","","","","","","27.10","46.05","56.44","57.95","63.41","54.98","45.30","45.25","42.39","38.66","45.50","61.27","57.01","73.39","74.27","85.74","79.32","72.94","66.36","71.94","62.16","64.66","65.58","67.85","66.71","66.20","59.60","57.49","58.79","73.52","71.56","82.94","93.48","105.59","115.57","115.40","112.76","112.00","109.42","143.78","149.06","124.03","114.04","113.74"
"IMF.FAD:GDD(2.0.0)","TCD.B1GQ_V_XDC.A","OBS_VALUE","Chad","Gross domestic product (GDP), Current prices, Domestic currency","Annual","Billions","","","","","","","","","","","43.75","46.05","50.35","51.53","58.87","66.15","74.36","77.53","79.87","89.67","106.82","118.34","124.50","140.87","161.52","199.09","206.23","227.02","248.20","211.02","215.51","325.64","368.22","457.05","564.39","573.06","543.86","534.96","619.96","627.01","644.92","662.09","647.56","605.40","961.65","1059.54","1207.10","1323.58","1511.14","1387.16","1447.69","1839.50","2033.77","2334.52","3423.86","4563.71","5072.56","5200.54","5969.98","5792.89","6956.07","7862.95","9134.99","8823.67","8958.90","8607.81","7719.45","7751.21","8513.33","8733.31","8595.17","9356.01","11120.71","11124.63","11565.37"
"IMF.FAD:GDD(2.0.0)","CRI.B1GQ_V_XDC.A","OBS_VALUE","Costa Rica","Gross domestic product (GDP), Current prices, Domestic currency","Annual","Billions","1.41","1.53","1.68","1.91","2.09","2.21","2.26","2.49","2.61","2.71","2.91","2.94","3.18","3.42","3.63","3.95","4.31","4.66","5.15","5.68","6.56","7.17","8.25","10.21","13.28","16.88","20.77","26.45","30.34","34.75","41.60","57.37","97.96","129.92","163.78","198.85","247.74","285.87","351.39","427.92","525.31","881.04","1151.92","1362.41","1647.12","2079.86","2425.73","2934.16","3519.45","4072.33","4627.05","5254.08","5965.39","6885.56","8150.14","9577.02","11613.32","13889.05","16208.97","17626.15","19802.01","21623.52","23752.87","25462.95","28001.33","30171.92","32056.29","34343.65","36014.72","37832.15","36495.25","40326.63","44810.03","47059.27","49115.93"
"IMF.FAD:GDD(2.0.0)","CRI.FL_S1311MIXED_POGDP_PT.A","OBS_VALUE","Costa Rica","Debt instruments, Central government, Percent of GDP","Annual","Units","29.38","25.64","21.47","19.53","16.06","15.80","15.29","16.23","14.24","17.07","16.12","20.31","19.68","21.79","22.71","24.08","24.75","26.67","27.69","25.67","28.62","30.42","31.84","32.82","30.35","26.07","29.49","27.80","41.71","39.51","37.72","32.26","31.83","29.79","25.23","22.83","26.14","21.18","18.22","19.31","18.54","28.36","23.32","24.43","26.97","29.06","33.69","30.56","40.69","38.98","38.85","39.64","41.44","40.57","41.00","37.32","33.04","26.98","24.01","25.99","28.08","29.50","33.75","35.09","37.48","39.77","43.78","46.78","51.58","56.08","66.93","67.74","63.07","61.17","59.78"
"IMF.FAD:GDD(2.0.0)","CHL.B1GQ_V_XDC.A","OBS_VALUE","Chile","Gross domestic product (GDP), Current prices, Domestic currency","Annual","Billions","","0.00","0.00","0.00","0.00","0.00","0.00","0.00","0.00","0.00","0.00","0.01","0.01","0.01","0.01","0.02","0.03","0.04","0.05","0.07","0.10","0.13","0.25","1.21","9.69","37.33","135.50","303.02","521.48","839.11","1132.26","1340.60","1304.80","1640.27","1993.74","2792.49","3600.43","4829.20","6357.25","7978.99","10132.31","13357.26","16895.06","20149.65","24167.36","29408.54","32393.86","35946.99","37741.62","38461.78","42215.03","45409.05","48428.96","52897.34","60391.76","68467.94","81577.53","90159.48","93867.12","96138.48","110777.87","121509.30","129973.39","137309.19","147951.29","158622.90","168764.69","179314.91","189434.87","195531.72","201257.75","239418.12","263065.44","281857.49","311630.88"
"IMF.FAD:GDD(2.0.0)","HRV.B1GQ_V_XDC.A","OBS_VALUE","Croatia, Republic of","Gross domestic product (GDP), Current prices, Domestic currency","Annual","Billions","","","","","","","","","","","","","","","","","","","","","","","","","","","","","","","","","","","","","","","","","","","","6.17","13.84","15.57","17.11","19.51","21.52","22.12","23.97","25.76","28.30","31.16","33.64","36.18","39.50","43.27","46.56","44.68","44.49","45.19","44.79","45.07","44.87","45.97","47.57","49.74","52.22","54.91","50.75","58.35","67.62","78.05","85.49"
"IMF.FAD:GDD(2.0.0)","EGY.B1GQ_V_XDC.A","OBS_VALUE","Egypt, Arab Republic of","Gross domestic product (GDP), Current prices, Domestic currency","Annual","Billions","0.98","1.04","0.97","1.03","1.08","1.14","1.19","1.26","1.32","1.44","1.53","1.60","1.73","1.84","1.97","2.32","2.83","2.99","3.00","3.27","3.46","3.74","3.97","4.08","4.75","5.96","7.05","8.63","10.29","13.16","16.47","18.03","21.33","26.08","29.32","34.19","37.85","54.15","64.77","80.75","101.05","116.92","146.26","165.17","184.01","214.50","241.21","270.44","302.19","323.43","357.61","377.16","398.40","438.99","510.28","566.22","649.50","783.14","941.60","1095.85","1268.71","1441.68","1769.10","1958.50","2242.00","2576.70","2863.90","3655.90","4666.20","5596.00","6152.60","6663.10","7842.50","10155.50","13902.70"
"IMF.FAD:GDD(2.0.0)","CIV.FL_S1311MIXED_POGDP_PT.A","OBS_VALUE","Côte d'Ivoire","Debt instruments, Central government, Percent of GDP","Annual","Units","","","","","","","","","","","","","","","","","","","","","11.24","15.03","15.25","16.21","17.02","17.10","19.82","23.41","27.60","33.01","34.74","44.13","56.37","61.42","","95.32","91.55","105.95","102.96","122.62","132.11","144.85","140.44","146.98","173.87","143.73","141.47","121.06","","78.02","73.99","71.17","62.98","56.38","56.72","58.16","57.47","53.53","51.24","46.48","45.61","50.03","24.69","24.62","26.71","29.17","31.12","32.60","35.32","37.22","46.32","50.17","56.04","57.53","59.25"
"IMF.FAD:GDD(2.0.0)","EGY.FL_S1311MIXED_POGDP_PT.A","OBS_VALUE","Egypt, Arab Republic of","Debt instruments, Central government, Percent of GDP","Annual","Units","","","","","16.02","19.21","27.02","26.16","","24.06","32.25","36.72","39.91","","","","","","","","","","","","","","","","","","","","","","","","","","","","","","","","","","","","","","","","","","","","","","","","","","","","","","","","","","","","","",""
"IMF.FAD:GDD(2.0.0)","DOM.FL_S1311MIXED_POGDP_PT.A","OBS_VALUE","Dominican Republic","Debt instruments, Central government, Percent of GDP","Annual","Units","","","","","","","","","","","","","","","","","","","","","","","","","","","","","","","","","","","","","","","","","","","","","","","","","","","11.67","13.78","14.75","24.27","26.73","17.48","18.83","16.58","22.52","26.89","27.14","28.32","31.48","36.82","35.28","33.26","34.51","36.05","36.82","39.60","55.93","49.96","45.21","44.87","46.12"
"IMF.FAD:GDD(2.0.0)","DNK.FL_S1311MIXED_POGDP_PT.A","OBS_VALUE","Denmark","Debt instruments, Central government, Percent of GDP","Annual","Units","46.32","41.07","38.71","36.12","29.38","29.83","28.60","27.08","26.14","23.11","19.92","16.40","15.08","13.47","10.75","7.86","6.09","5.82","5.29","4.75","4.80","5.02","5.28","4.96","4.56","4.34","7.55","10.79","19.46","26.30","34.10","44.06","56.55","67.97","70.45","68.54","66.20","63.28","61.42","59.87","61.45","62.31","66.73","78.43","75.61","74.35","72.54","67.94","62.83","59.52","53.64","50.63","50.20","48.29","45.61","38.18","31.70","27.00","31.09","36.28","38.12","40.99","40.02","38.42","38.43","33.61","30.85","29.38","27.60","26.59","34.66","28.32","22.67","22.17","20.24"
"IMF.FAD:GDD(2.0.0)","ECU.FL_S1311MIXED_POGDP_PT.A","OBS_VALUE","Ecuador","Debt instruments, Central government, Percent of GDP","Annual","Units","","","","","","","","","","","","","","","","","","","","","","","","","","","","","","","","","","","","","","","","","59.34","55.71","60.29","69.38","65.28","54.33","54.30","47.30","50.44","74.92","66.54","52.24","46.28","42.35","37.85","33.38","27.11","25.78","20.79","15.54","18.18","17.32","20.13","22.57","27.25","31.61","36.45","41.24","42.99","","","","","",""
"IMF.FAD:GDD(2.0.0)","DJI.FL_S1311MIXED_POGDP_PT.A","OBS_VALUE","Djibouti","Debt instruments, Central government, Percent of GDP","Annual","Units","","","","","","","","","","","","","","","","","","","","","","","","","","","","","","","","","","","","","","","","","","","","","","50.94","53.13","55.97","55.25","58.46","58.13","58.06","63.68","66.27","65.30","60.31","58.35","56.64","59.26","29.53","27.88","25.68","25.05","24.57","26.86","40.26","45.92","47.99","47.46","41.12","42.06","40.28","38.30","35.44","33.25"
"IMF.FAD:GDD(2.0.0)","SLV.B1GQ_V_XDC.A","OBS_VALUE","El Salvador","Gross domestic product (GDP), Current prices, Domestic currency","Annual","Billions","0.36","0.43","0.45","0.51","0.57","0.62","0.67","0.68","0.67","0.65","0.69","0.70","0.78","0.82","0.91","0.97","1.02","1.09","1.16","1.20","1.27","1.33","1.43","1.60","1.99","2.50","2.78","3.30","3.54","3.97","3.91","3.45","3.41","3.26","2.38","2.32","2.33","2.37","2.77","3.17","4.82","5.25","5.81","6.68","7.68","8.92","9.59","10.22","10.94","11.28","11.78","12.28","12.66","13.24","13.72","14.70","16.00","17.01","17.99","17.60","18.45","20.28","21.39","21.99","22.59","23.44","24.19","24.98","26.02","26.88","24.92","29.04","31.99","34.02","35.34"
"IMF.FAD:GDD(2.0.0)","GNQ.FL_S1311MIXED_POGDP_PT.A","OBS_VALUE","Equatorial Guinea, Republic of","Debt instruments, Central government, Percent of GDP","Annual","Units","","","","","","","","","","","","","","","","","","","","","","","","","","","","","","","146.23","221.07","260.67","259.29","257.94","183.76","152.47","141.32","154.50","187.03","157.00","169.47","136.87","152.58","215.97","136.87","91.19","46.26","59.23","60.48","36.63","25.48","19.45","6.77","4.54","2.85","1.22","0.75","0.49","4.34","7.89","7.17","7.10","6.27","12.56","31.66","41.14","36.24","40.57","43.19","49.39","42.29","29.76","36.27","36.20"
"IMF.FAD:GDD(2.0.0)","GAB.B1GQ_V_XDC.A","OBS_VALUE","Gabon","Gross domestic product (GDP), Current prices, Domestic currency","Annual","Billions","","","","","","","","","","","111.29","128.09","137.04","150.84","166.69","182.74","202.80","217.97","235.08","257.12","282.22","307.76","345.08","392.44","468.80","639.34","811.45","732.61","572.50","684.41","963.21","1117.08","1266.06","1405.67","1550.07","1678.29","1693.20","1111.76","1214.95","1422.22","1725.76","1623.13","1576.33","1630.20","2477.83","2635.85","3101.85","3310.89","2816.67","3057.34","3842.28","3679.03","3701.27","3776.24","4097.53","4989.26","5309.45","5961.58","6944.82","5738.12","7111.48","8581.58","8766.49","8690.52","8988.33","8503.44","8310.62","8669.07","9343.90","9886.90","8830.78","10782.81","12750.06","12165.19","12593.36"
"IMF.FAD:GDD(2.0.0)","GEO.B1GQ_V_XDC.A","OBS_VALUE","Georgia","Gross domestic product (GDP), Current prices, Domestic currency","Annual","Billions","","","","","","","","","","","0.00","0.00","0.00","0.00","0.00","0.00","0.00","0.00","0.00","0.00","0.00","0.00","0.00","0.00","0.00","0.00","0.00","0.00","0.00","0.00","0.00","0.00","0.00","0.00","0.00","0.00","0.00","0.00","0.00","0.00","0.00","0.00","0.00","0.01","0.94","2.53","3.98","4.68","5.16","5.83","6.21","6.86","7.67","8.80","10.10","11.95","14.18","17.47","19.61","18.49","22.15","26.10","27.90","29.14","31.72","34.55","36.55","41.34","45.37","49.73","49.79","60.72","72.86","80.88","91.89"
"IMF.FAD:GDD(2.0.0)","GRC.FL_S1311MIXED_POGDP_PT.A","OBS_VALUE","Greece","Debt instruments, Central government, Percent of GDP","Annual","Units","11.32","14.96","18.34","15.91","13.71","12.23","11.17","7.46","8.41","10.35","10.18","11.10","13.13","19.24","18.46","19.05","16.04","17.91","19.34","21.28","18.82","19.00","20.12","16.56","17.48","18.18","20.80","23.23","23.65","23.13","24.59","28.77","29.63","33.96","40.50","48.93","49.56","55.11","59.89","62.86","76.90","78.20","83.95","95.07","100.64","102.23","105.66","103.04","100.71","100.39","102.22","98.85","104.54","102.13","107.04","110.60","105.56","104.40","109.77","127.40","152.19","180.85","164.36","180.49","184.09","183.24","187.08","185.31","198.74","192.25","223.23","210.40","192.58","180.52","169.99"
"IMF.FAD:GDD(2.0.0)","DEU.FL_S1311MIXED_POGDP_PT.A","OBS_VALUE","Germany","Debt instruments, Central government, Percent of GDP","Annual","Units","","","","","","","","","","","","8.52","8.27","8.83","8.46","8.20","8.25","9.77","9.83","8.52","7.78","7.16","7.26","7.06","7.58","10.61","11.42","12.33","13.43","14.17","15.15","17.12","18.63","19.63","20.14","20.59","20.58","21.09","21.59","21.00","23.17","22.78","24.82","27.05","28.76","35.44","37.21","37.70","38.18","39.14","38.27","36.45","37.08","38.93","39.77","41.17","41.00","39.35","39.85","44.03","51.59","49.47","50.09","49.01","47.30","44.92","43.18","40.94","38.97","37.22","44.36","45.79","45.03","44.36","43.97"
"IMF.FAD:GDD(2.0.0)","ISL.FL_S1311MIXED_POGDP_PT.A","OBS_VALUE","Iceland","Debt instruments, Central government, Percent of GDP","Annual","Units","","","","","","","","","","","","","","","","","","","","","","","14.49","11.45","12.32","16.17","16.60","18.08","19.28","20.46","22.23","23.07","26.46","28.30","30.28","30.82","27.64","25.45","26.73","31.16","31.32","33.57","39.55","47.15","49.47","51.46","49.03","45.28","43.20","75.84","75.55","82.72","80.48","84.51","79.00","66.53","69.68","67.48","107.96","124.76","130.00","135.67","131.60","120.19","114.85","95.31","81.55","69.34","61.35","63.76","74.77","71.80","64.08","58.74","59.94"
"IMF.FAD:GDD(2.0.0)","IDN.FL_S1311MIXED_POGDP_PT.A","OBS_VALUE","Indonesia","Debt instruments, Central government, Percent of GDP","Annual","Units","","","","","","","","","","","","","","","","","","","","","","","33.68","26.38","18.87","17.23","16.34","15.76","24.03","17.49","13.56","14.05","23.23","23.67","20.98","26.25","35.04","45.88","41.40","38.65","37.10","35.72","35.25","33.19","32.14","28.35","23.42","23.34","62.54","83.03","87.44","71.10","61.83","56.25","52.04","43.52","35.85","32.33","30.23","26.46","24.43","23.10","22.95","24.88","24.68","27.46","28.35","29.40","29.78","30.18","39.33","40.70","39.48","38.98","39.21"
"IMF.FAD:GDD(2.0.0)","ISR.FL_S1311MIXED_POGDP_PT.A","OBS_VALUE","Israel","Debt instruments, Central government, Percent of GDP","Annual","Units","","","","","","","","","","","","","","","","","","","","","","","","","","","","","","","","","","243.04","264.47","185.34","151.48","133.57","135.62","137.15","128.15","114.33","110.50","109.02","101.32","90.07","88.67","87.39","89.28","84.04","74.93","78.83","84.91","87.31","86.15","83.31","75.67","68.97","68.68","71.02","67.57","65.82","65.52","64.58","63.54","61.63","59.84","57.91","58.36","57.64","69.58","65.98","58.78","60.02","66.46"
"IMF.FAD:GDD(2.0.0)","IRL.FL_S1311MIXED_POGDP_PT.A","OBS_VALUE","Ireland","Debt instruments, Central government, Percent of GDP","Annual","Units","37.68","45.61","47.43","49.22","55.98","63.82","67.31","70.15","72.79","70.34","73.64","73.66","73.51","74.48","70.89","73.42","78.05","76.97","66.10","63.59","62.24","59.67","55.88","52.06","58.90","65.65","70.16","67.49","69.77","74.55","75.84","80.70","77.86","87.13","91.95","93.11","102.10","104.74","101.84","92.62","86.30","83.92","81.79","81.74","","77.38","69.48","61.26","51.11","48.25","38.92","35.10","32.56","31.37","29.61","28.82","26.09","26.44","45.10","64.68","89.66","113.02","122.37","121.07","105.17","77.02","75.68","68.32","69.29","63.44","63.87","58.88","48.99","49.69","44.79"
"IMF.FAD:GDD(2.0.0)","HKG.FL_S1311MIXED_POGDP_PT.A","OBS_VALUE","Hong Kong Special Administrative Region, People's Republic of China","Debt instruments, Central government, Percent of GDP","Annual","Units","","","","","","","","","","","","","","","","","","","","","","","","","","","","","","","","","","","","","","","","","","","","","","","","","","","","3.56","3.47","3.74","5.54","4.96","4.59","4.18","3.92","4.88","5.52","6.10","6.77","7.67","7.48","7.27","7.51","6.99","6.60","6.17","8.36","10.73","14.60","17.43",""
"IMF.FAD:GDD(2.0.0)","IND.B1GQ_V_XDC.A","OBS_VALUE","India","Gross domestic product (GDP), Current prices, Domestic currency","Annual","Billions","128.04","135.08","132.06","139.65","130.45","136.49","154.18","156.34","172.45","175.83","180.34","190.26","204.56","209.56","255.75","267.22","299.52","367.97","389.23","421.20","468.20","501.20","552.50","672.40","793.80","852.10","918.10","1040.20","1126.70","1235.60","1470.60","1727.80","1932.60","2250.70","2521.90","2845.30","3183.70","3618.70","4293.60","4932.80","5761.10","6622.60","7612.00","8759.90","10275.70","12055.80","13948.20","15452.90","17723.00","19882.60","21398.90","23152.40","24926.10","27925.30","31863.30","36321.30","42546.30","48986.60","55141.50","63664.10","76344.70","87363.30","99440.10","112335.20","124679.60","137718.70","153916.70","170900.40","188996.70","201035.90","198541.00","235974.00","268904.70","301229.60","330728.48"
"IMF.FAD:GDD(2.0.0)","LVA.FL_S1311MIXED_POGDP_PT.A","OBS_VALUE","Latvia, Republic of","Debt instruments, Central government, Percent of GDP","Annual","Units","","","","","","","","","","","","","","","","","","","","","","","","","","","","","","","","","","","","","","","","","","","","","","13.93","13.38","10.14","8.71","11.97","12.23","13.97","13.32","13.27","13.13","10.51","8.74","6.83","16.12","32.20","39.79","38.82","37.27","36.86","39.54","35.43","39.60","37.28","36.22","36.56","42.63","47.26","46.45","44.83","47.39"
"IMF.FAD:GDD(2.0.0)","MKD.B1GQ_V_XDC.A","OBS_VALUE","North Macedonia, Republic of","Gross domestic product (GDP), Current prices, Domestic currency","Annual","Billions","","","","","","","","","","","","","","","","","","","","","","","","","","","","","","","","","","","","","","","","","0.45","0.95","12.41","62.24","154.03","178.35","185.63","195.61","205.03","219.92","248.65","252.39","258.58","268.69","280.79","308.45","334.84","372.89","414.89","414.62","437.30","464.19","466.70","501.89","527.63","558.95","594.79","618.11","660.88","692.68","669.28","729.44","816.08","897.69","948.90"
"IMF.FAD:GDD(2.0.0)","LAO.B1GQ_V_XDC.A","OBS_VALUE","Lao People's Democratic Republic","Gross domestic product (GDP), Current prices, Domestic currency","Annual","Billions","","","","","","","","","","","","","","0.15","0.31","0.36","0.42","0.47","0.51","0.57","0.63","0.67","0.86","1.23","1.91","2.64","3.01","5.61","6.17","6.23","19.79","22.64","39.65","72.54","103.87","167.93","247.89","321.86","469.36","852.82","1224.85","1443.36","1687.85","1901.15","2215.01","2836.74","3450.46","4399.45","4399.45","9920.03","14132.20","16671.69","19693.98","23650.99","28059.24","32483.36","39704.19","45647.65","51950.01","54789.54","61996.76","71961.76","81609.86","93867.57","106797.29","117251.58","129279.12","140697.75","152414.20","163080.40","167668.97","180751.07","217350.48","280240.54","342330.31"
"IMF.FAD:GDD(2.0.0)","LBY.B1GQ_V_XDC.A","OBS_VALUE","Libya","Gross domestic product (GDP), Current prices, Domestic currency","Annual","Billions","","","","","","","","","","","0.22","0.24","0.34","0.48","0.73","0.99","1.31","1.57","2.10","2.61","2.57","2.35","2.56","2.82","3.70","4.21","5.44","6.29","6.22","8.58","11.90","10.28","10.25","9.77","9.15","9.00","7.80","6.83","7.40","8.22","8.95","9.82","10.43","10.20","10.90","11.68","13.32","14.38","14.45","17.22","20.23","21.30","26.85","34.70","44.44","63.92","78.94","85.90","106.10","76.23","95.49","58.97","116.76","95.82","73.00","67.29","69.40","93.61","104.67","96.84","65.07","158.99","208.15","211.91","204.23"
"IMF.FAD:GDD(2.0.0)","LSO.B1GQ_V_XDC.A","OBS_VALUE","Lesotho, Kingdom of","Gross domestic product (GDP), Current prices, Domestic currency","Annual","Billions","","","","","","","","","","","0.02","0.02","0.03","0.03","0.04","0.04","0.04","0.05","0.06","0.08","0.09","0.11","0.14","0.16","0.19","0.23","0.27","0.22","0.29","0.30","0.33","0.38","0.39","0.45","0.52","0.63","0.75","0.88","1.13","1.36","1.64","2.05","2.46","2.83","3.25","3.74","4.20","4.73","5.24","5.72","6.40","7.38","8.32","9.01","10.00","11.07","12.10","12.54","14.64","15.15","16.95","19.13","20.97","23.75","27.40","30.36","31.01","31.51","34.01","34.36","34.24","36.31","38.66","41.47","44.45"
"IMF.FAD:GDD(2.0.0)","MHL.B1GQ_V_XDC.A","OBS_VALUE","Marshall Islands, Republic of the","Gross domestic product (GDP), Current prices, Domestic currency","Annual","Billions","","","","","","","","","","","","","","","","","","","","","0.01","0.01","0.01","0.01","0.02","0.02","0.02","0.02","0.02","0.03","0.03","0.03","0.04","0.04","0.05","0.05","0.06","0.07","0.07","0.08","0.08","0.09","0.10","0.10","0.11","0.13","0.12","0.11","0.11","0.11","0.12","0.12","0.13","0.13","0.13","0.14","0.14","0.15","0.15","0.15","0.16","0.17","0.18","0.19","0.19","0.18","0.20","0.21","0.22","0.23","0.24","0.26","0.25","0.26","0.28"
"IMF.FAD:GDD(2.0.0)","MRT.B1GQ_V_XDC.A","OBS_VALUE","Mauritania, Islamic Republic of","Gross domestic product (GDP), Current prices, Domestic currency","Annual","Billions","","","","","","","","","","","","0.94","0.97","0.99","1.32","1.50","1.57","1.66","1.83","1.82","2.05","2.21","2.35","2.62","3.31","3.61","4.15","4.34","4.42","5.20","5.73","6.35","6.83","7.60","8.16","9.26","10.50","11.82","12.67","14.34","14.46","16.84","18.84","22.32","24.03","27.14","29.26","31.46","38.30","41.61","42.52","44.63","48.29","53.95","62.68","77.98","105.28","112.39","124.02","123.69","155.30","190.17","199.57","217.18","199.57","200.22","225.47","243.41","266.64","289.66","307.21","332.60","353.02","388.67","419.69"
"IMF.FAD:GDD(2.0.0)","MWI.FL_S1311MIXED_POGDP_PT.A","OBS_VALUE","Malawi","Debt instruments, Central government, Percent of GDP","Annual","Units","","","","","","","","","","","","","","","","","","","","","17.50","15.79","17.71","20.97","19.77","19.39","20.70","22.22","25.40","24.85","25.31","29.22","32.52","33.38","32.99","36.80","42.83","51.55","43.54","40.10","38.04","32.62","43.02","41.20","72.48","65.71","40.93","34.79","58.59","62.13","61.47","","101.51","84.74","74.66","70.93","17.91","18.95","23.52","23.49","19.31","19.98","28.61","35.35","33.51","35.46","37.08","39.98","40.81","41.19","53.86","66.55","75.50","86.12","74.38"
"IMF.FAD:GDD(2.0.0)","MWI.B1GQ_V_XDC.A","OBS_VALUE","Malawi","Gross domestic product (GDP), Current prices, Domestic currency","Annual","Billions","","","","","0.22","0.24","0.26","0.28","0.30","0.30","0.32","0.34","0.35","0.37","0.42","0.44","0.50","0.54","0.60","0.64","0.71","0.88","0.91","0.98","1.21","1.48","1.64","1.78","1.95","2.03","2.45","2.71","3.04","3.51","4.17","4.75","5.37","6.26","8.35","10.25","11.52","15.08","15.83","22.26","25.59","52.15","85.26","106.93","132.81","191.17","253.47","301.64","377.44","440.25","533.02","609.57","765.65","873.55","1052.79","1230.57","1474.65","1763.87","2114.44","2831.66","3618.12","4503.57","5552.07","6531.22","7235.94","8219.85","8815.34","9975.52","11795.66","15474.72","20321.40"
"IMF.FAD:GDD(2.0.0)","MYS.FL_S1311MIXED_POGDP_PT.A","OBS_VALUE","Malaysia","Debt instruments, Central government, Percent of GDP","Annual","Units","3.94","3.07","3.87","5.70","7.81","12.18","12.18","14.94","","","19.51","24.92","22.78","23.52","24.22","27.44","28.02","29.80","32.01","35.37","35.69","39.88","42.37","38.04","33.90","39.87","41.94","43.19","42.62","41.05","40.24","49.45","61.23","68.00","66.64","75.47","94.61","94.74","89.82","79.67","74.13","67.32","59.11","51.13","43.72","37.71","32.45","29.30","33.43","34.23","32.36","37.95","39.52","41.39","41.96","40.16","38.75","38.27","38.00","48.53","48.87","49.33","50.92","52.26","51.94","53.57","51.89","50.05","51.19","52.42","62.01","63.27","60.18","64.32","62.62"
"IMF.FAD:GDD(2.0.0)","MDG.B1GQ_V_XDC.A","OBS_VALUE","Madagascar, Republic of","Gross domestic product (GDP), Current prices, Domestic currency","Annual","Billions","","","","","","","","","","","45.99","47.96","50.97","57.63","62.31","64.64","68.06","72.41","78.09","84.08","90.03","97.05","99.21","103.15","127.88","140.17","141.30","149.12","155.01","189.58","219.81","258.65","334.70","403.46","450.47","503.82","588.14","687.06","897.58","1018.39","1174.80","1194.71","1384.91","1555.25","2160.77","3274.38","4005.91","4340.45","4790.57","5376.28","6265.67","7166.08","7312.52","7891.24","9465.27","11736.27","13701.55","15974.09","18322.51","18812.60","20863.37","23393.79","25415.47","27417.73","30240.59","33216.18","37637.59","41058.84","45886.30","51035.22","49435.65","54978.31","62775.45","70297.18","78835.15"
"IMF.FAD:GDD(2.0.0)","MMR.FL_S1311MIXED_POGDP_PT.A","OBS_VALUE","Myanmar","Debt instruments, Central government, Percent of GDP","Annual","Units","","","","","","","","","","","","","","","","","","","","","22.73","25.68","29.62","32.90","34.56","35.01","32.88","34.12","33.65","32.69","29.13","","","","","","","","","123.41","125.18","117.77","107.75","101.75","112.37","","","","225.73","163.06","177.95","283.45","206.26","157.99","136.96","128.71","111.55","83.70","64.71","61.04","58.85","54.03","51.91","48.52","37.31","38.40","35.70","41.88","38.75","38.30","48.72","59.24","55.65","57.94","61.30"
"IMF.FAD:GDD(2.0.0)","NIC.B1GQ_V_XDC.A","OBS_VALUE","Nicaragua","Gross domestic product (GDP), Current prices, Domestic currency","Annual","Billions","0.00","0.00","0.00","0.00","0.00","0.00","0.00","0.00","0.00","0.00","0.00","0.00","0.00","0.00","0.00","0.00","0.00","0.00","0.00","0.00","0.00","0.00","0.00","0.00","0.00","0.00","0.00","0.00","0.00","0.00","0.00","0.00","0.00","0.00","0.00","0.00","0.00","0.00","0.00","0.01","0.52","15.71","19.47","23.36","25.96","31.18","36.34","41.48","49.05","57.35","64.81","71.56","74.45","80.39","92.32","105.78","118.84","136.95","164.60","168.79","187.05","219.18","247.99","271.53","308.40","347.71","380.26","414.28","410.99","420.61","437.05","499.75","560.88","648.87","721.28"
"IMF.FAD:GDD(2.0.0)","PAK.B1GQ_V_XDC.A","OBS_VALUE","Pakistan","Gross domestic product (GDP), Current prices, Domestic currency","Annual","Billions","23.67","25.93","24.99","24.95","24.24","26.00","30.84","32.68","32.20","36.34","38.30","42.07","44.03","44.20","47.97","52.66","59.58","63.42","66.69","71.05","72.45","78.60","83.00","109.21","146.01","184.63","206.96","236.59","271.65","319.39","382.30","452.24","526.96","592.36","682.44","767.55","836.44","930.64","1097.93","1249.80","1399.87","1662.82","1971.07","2179.82","2553.14","3051.66","3467.48","3971.43","4379.22","4805.63","5147.10","5655.82","6030.12","6581.62","7611.68","8619.23","9689.07","11165.23","12647.14","14705.70","16507.05","19731.03","22344.64","25042.17","27952.82","30425.88","32725.05","35552.82","39189.81","43798.40","47540.41","55836.23","66657.87","83948.77","105615.57"
"IMF.FAD:GDD(2.0.0)","NZL.B1GQ_V_XDC.A","OBS_VALUE","New Zealand","Gross domestic product (GDP), Current prices, Domestic currency","Annual","Billions","1.51","1.57","1.64","1.80","2.02","2.13","2.23","2.37","2.46","2.62","2.82","2.87","3.11","3.38","3.69","4.01","4.17","4.33","4.57","5.04","5.80","6.76","7.85","9.09","9.90","11.44","13.83","14.59","16.53","19.31","23.15","26.98","30.91","33.62","38.68","45.24","52.37","62.45","69.37","73.74","76.59","75.24","77.28","82.86","89.14","94.82","100.49","103.87","105.87","111.22","118.34","126.30","133.69","141.53","153.01","160.80","168.96","183.20","189.77","192.36","202.05","211.29","216.34","228.26","241.09","251.98","266.99","286.73","302.69","320.04","323.90","353.02","385.58","412.46","425.49"
"IMF.FAD:GDD(2.0.0)","NOR.FL_S1311MIXED_POGDP_PT.A","OBS_VALUE","Norway","Debt instruments, Central government, Percent of GDP","Annual","Units","31.53","26.34","23.80","25.96","26.19","26.70","26.86","28.15","28.46","29.90","29.46","25.11","24.28","22.98","22.08","19.78","19.44","20.18","20.17","19.91","20.64","21.22","22.78","23.05","22.85","24.13","25.70","30.44","35.24","38.17","33.59","29.49","25.67","20.55","22.86","25.32","33.39","26.03","25.07","24.90","21.99","22.52","26.69","34.65","32.34","30.19","27.01","24.20","21.80","20.43","18.95","17.79","18.61","20.92","17.94","16.73","12.11","11.24","13.35","25.73","25.07","19.84","20.69","19.55","15.35","15.42","16.55","15.71","14.65","14.20","18.43","15.09","12.79","13.89","14.88"
"IMF.FAD:GDD(2.0.0)","NGA.FL_S1311MIXED_POGDP_PT.A","OBS_VALUE","Nigeria","Debt instruments, Central government, Percent of GDP","Annual","Units","","","","","","","","","","","","","","","","","","","8.08","8.40","4.76","3.83","3.54","4.13","3.14","2.89","2.94","4.22","5.81","6.09","6.13","8.39","11.29","16.15","17.41","18.09","27.15","54.93","50.54","60.79","62.42","69.02","66.91","66.42","55.12","37.22","24.53","23.05","22.43","52.78","55.98","51.73","38.70","37.70","31.04","18.94","9.40","8.12","7.28","8.62","9.45","10.23","10.42","10.48","10.58","11.50","14.17","15.99","24.97","26.46","31.03","32.58","34.93","44.52","49.66"
"IMF.FAD:GDD(2.0.0)","NOR.B1GQ_V_XDC.A","OBS_VALUE","Norway","Gross domestic product (GDP), Current prices, Domestic currency","Annual","Billions","17.60","21.73","24.02","24.31","26.47","28.16","31.56","33.60","33.69","35.47","37.85","41.29","44.47","47.72","52.48","57.89","62.48","68.35","72.99","79.48","91.46","102.02","112.67","128.07","148.54","170.26","195.46","219.30","243.97","269.14","318.28","365.01","404.33","449.66","506.49","562.40","581.91","634.88","664.08","708.64","749.86","790.09","813.09","855.40","897.24","963.14","1054.67","1141.34","1163.68","1266.46","1509.13","1566.71","1564.15","1624.09","1788.12","1997.04","2224.87","2360.17","2622.12","2439.71","2605.35","2809.93","2983.08","3090.34","3161.78","3130.18","3116.04","3323.10","3576.58","3596.94","3461.58","4323.93","5732.91","5101.56","5198.05"
"IMF.FAD:GDD(2.0.0)","RUS.B1GQ_V_XDC.A","OBS_VALUE","Russian Federation","Gross domestic product (GDP), Current prices, Domestic currency","Annual","Billions","","","","","","","","","","","","","","","","","","","","","","","","","","","","","","","","","","","","","","","0.57","0.61","0.69","1.49","20.36","183.68","654.26","1530.71","2151.37","2509.96","2817.61","5167.82","7827.47","9582.54","11604.47","14152.13","18243.96","23153.90","28840.56","35623.16","44226.32","41580.16","49617.63","60114.00","68103.45","72985.70","79030.04","83087.36","85616.08","91843.15","103861.65","109608.31","107658.13","134727.47","156940.99","176413.86","200039.54"
"IMF.FAD:GDD(2.0.0)","PNG.FL_S1311MIXED_POGDP_PT.A","OBS_VALUE","Papua New Guinea","Debt instruments, Central government, Percent of GDP","Annual","Units","","","","","","","","","","","","","","","","","","","","","4.13","8.80","11.18","15.75","14.23","16.45","18.11","15.15","14.39","16.46","18.30","20.09","22.77","25.61","29.21","32.21","33.62","36.75","24.96","27.73","33.10","31.52","30.40","29.99","40.07","36.57","37.80","43.92","45.73","41.76","42.33","47.66","48.43","40.42","37.18","31.56","25.98","22.16","21.56","21.72","17.29","16.28","19.12","24.89","26.89","29.93","33.74","32.48","36.68","38.21","48.68","52.58","48.19","53.66","53.70"
"IMF.FAD:GDD(2.0.0)","NGA.B1GQ_V_XDC.A","OBS_VALUE","Nigeria","Gross domestic product (GDP), Current prices, Domestic currency","Annual","Billions","2.62","3.02","3.33","3.61","4.17","4.64","4.90","5.27","5.35","5.83","6.61","7.10","7.68","8.15","9.01","9.91","10.52","8.64","8.58","11.31","21.20","24.55","27.55","31.66","49.11","60.98","75.73","90.66","99.69","114.70","134.69","140.73","150.57","160.37","167.54","189.74","200.14","247.17","318.83","419.08","499.68","596.04","909.80","1259.07","1762.81","2895.20","3779.13","4111.64","4588.99","5307.36","6897.48","8134.14","11332.25","13301.56","17321.30","22269.98","28662.47","32995.38","39157.88","44285.56","55469.35","63713.36","72599.63","81009.97","90136.99","95177.74","102575.42","114899.25","129086.91","145639.14","154252.32","176075.50","202365.03","234425.92","277493.78"
"IMF.FAD:GDD(2.0.0)","POL.FL_S1311MIXED_POGDP_PT.A","OBS_VALUE","Poland, Republic of","Debt instruments, Central government, Percent of GDP","Annual","Units","","","","","","","","","","","","","","","","","","","","","","","","","","","","","","","","","","","","","7.48","7.53","8.27","10.31","3.24","13.71","19.90","21.19","60.15","48.28","42.82","42.26","38.97","39.42","36.09","32.78","41.06","44.77","43.93","46.44","46.44","42.17","44.17","45.91","48.68","49.31","48.94","51.17","45.61","46.12","49.77","46.50","44.43","42.06","46.45","42.76","39.94","39.58","45.04"
"IMF.FAD:GDD(2.0.0)","PER.FL_S1311MIXED_POGDP_PT.A","OBS_VALUE","Peru","Debt instruments, Central government, Percent of GDP","Annual","Units","","","","","","","","","","","","","","","","","","","","","","","","","","","","","","","","","","","","","","","","","","","","","","","","","","","","","43.40","43.58","39.83","37.23","29.92","25.78","23.17","22.70","20.63","18.32","16.84","16.06","16.93","20.01","20.97","21.14","21.82","22.98","30.54","32.38","30.84","",""
"IMF.FAD:GDD(2.0.0)","SVN.B1GQ_V_XDC.A","OBS_VALUE","Slovenia, Republic of","Gross domestic product (GDP), Current prices, Domestic currency","Annual","Billions","","","","","","","","","","","","","","","","","","","","","","","","","","","","","","","","","","","","","","","","","1.25","2.21","6.45","7.81","9.05","10.57","12.13","13.81","15.29","17.15","18.73","20.94","23.27","25.38","27.42","28.91","31.29","34.94","37.74","35.83","36.05","36.78","35.93","36.04","37.27","38.49","40.01","42.63","45.46","48.16","46.74","52.02","56.91","63.95","66.97"
"IMF.FAD:GDD(2.0.0)","SYC.B1GQ_V_XDC.A","OBS_VALUE","Seychelles","Gross domestic product (GDP), Current prices, Domestic currency","Annual","Billions","","","","","","","","","","","0.02","0.02","0.02","0.03","0.03","0.03","0.04","0.04","0.05","0.07","0.09","0.10","0.14","0.17","0.19","0.23","0.37","0.49","0.59","0.81","0.94","0.97","0.97","0.99","1.07","1.20","1.28","1.40","1.53","1.72","1.97","1.98","2.22","2.46","2.46","2.42","2.50","2.83","3.20","3.33","3.51","3.64","3.82","3.81","4.62","5.06","5.61","6.93","9.15","11.53","11.71","12.61","14.52","16.01","17.69","19.07","20.89","22.87","24.82","26.22","24.36","25.16","28.81","30.66","31.50"
"IMF.FAD:GDD(2.0.0)","SAU.B1GQ_V_XDC.A","OBS_VALUE","Saudi Arabia","Gross domestic product (GDP), Current prices, Domestic currency","Annual","Billions","","","","","","","","","","","11.70","12.86","14.26","14.59","15.53","16.14","16.98","17.10","18.96","20.95","24.20","32.24","40.05","55.40","161.22","164.53","225.94","261.52","272.87","375.94","547.38","623.37","525.33","446.29","421.56","376.32","322.02","320.93","330.52","357.06","440.53","495.18","513.40","497.96","506.23","536.82","594.19","621.53","550.41","606.44","710.68","690.52","711.02","809.28","970.28","1230.77","1411.49","1558.83","1949.24","1609.12","1980.78","2537.38","2781.94","2826.99","2874.77","2510.57","2497.50","2681.23","3174.69","3144.62","2753.52","3278.09","4157.14","4003.44","4070.09"
"IMF.FAD:GDD(2.0.0)","SVN.FL_S1311MIXED_POGDP_PT.A","OBS_VALUE","Slovenia, Republic of","Debt instruments, Central government, Percent of GDP","Annual","Units","","","","","","","","","","","","","","","","","","","","","","","","","","","","","","","","","","","","","","","","","","","","16.20","15.81","16.51","19.98","20.34","21.05","21.74","22.57","24.49","25.46","24.52","24.35","24.17","23.49","21.17","19.03","30.93","32.97","41.21","46.85","61.03","69.80","70.87","67.80","67.42","64.19","59.31","73.43","68.96","66.50","62.28","61.59"
"IMF.FAD:GDD(2.0.0)","LCA.FL_S1311MIXED_POGDP_PT.A","OBS_VALUE","St. Lucia","Debt instruments, Central government, Percent of GDP","Annual","Units","","","","","","","","","","","","","","","","","","","","","","","","","","","","","","","","13.18","15.87","16.13","16.40","17.13","17.20","19.55","18.56","18.15","16.98","19.75","22.21","22.93","23.75","22.90","24.05","27.21","29.45","28.88","32.45","38.09","48.81","45.59","49.56","51.90","48.55","49.06","46.68","50.98","52.99","55.20","60.77","62.05","62.37","61.06","61.26","60.39","60.53","62.11","100.81","87.08","74.12","75.56","74.77"
"IMF.FAD:GDD(2.0.0)","SUR.B1GQ_V_XDC.A","OBS_VALUE","Suriname","Gross domestic product (GDP), Current prices, Domestic currency","Annual","Billions","","","","","","","","","","","0.00","0.00","0.00","0.00","0.00","0.00","0.00","0.00","0.00","0.00","0.00","0.00","0.00","0.00","0.00","0.00","0.00","0.00","0.00","0.00","0.00","0.00","0.00","0.00","0.00","0.00","0.00","0.00","0.00","0.00","0.01","0.01","0.01","0.02","0.12","0.44","0.49","0.53","0.64","1.09","1.79","2.54","3.46","4.50","5.47","6.54","7.72","8.63","10.38","11.39","12.84","15.47","17.60","18.18","18.52","17.51","20.66","26.89","29.82","31.73","38.72","60.73","89.47","127.07","147.28"
"IMF.FAD:GDD(2.0.0)","ESP.FL_S1311MIXED_POGDP_PT.A","OBS_VALUE","Spain","Debt instruments, Central government, Percent of GDP","Annual","Units","46.05","39.81","38.76","40.15","37.80","38.73","35.16","33.92","29.90","29.28","29.92","27.38","25.36","22.06","18.71","17.53","17.04","16.90","17.44","17.87","17.92","16.85","16.53","15.42","13.05","11.54","7.98","8.53","9.72","9.67","9.72","10.36","11.54","12.95","17.67","30.28","35.10","36.12","36.55","32.94","34.35","35.86","35.98","39.26","48.97","51.39","54.78","53.75","52.13","50.96","48.61","45.01","42.89","39.93","38.59","35.75","32.48","29.59","33.16","45.45","51.17","58.37","77.13","87.55","91.17","90.45","89.89","89.79","89.39","87.48","106.95","103.72","99.02","95.82","93.57"
"IMF.FAD:GDD(2.0.0)","SSD.FL_S1311MIXED_POGDP_PT.A","OBS_VALUE","South Sudan, Republic of","Debt instruments, Central government, Percent of GDP","Annual","Units","","","","","","","","","","","","","","","","","","","","","","","","","","","","","","","","","","","","","","","","","","","","","","","","","","","","","","","","","","","","","","","8.91","17.59","38.14","57.24","150.48","162.96","80.27","43.10","48.98","51.09","39.11","49.69","54.32"
"IMF.FAD:GDD(2.0.0)","TUV.B1GQ_V_XDC.A","OBS_VALUE","Tuvalu","Gross domestic product (GDP), Current prices, Domestic currency","Annual","Billions","","","","","","","","","","","","","","","","","","","","","0.00","0.00","0.00","0.00","0.00","0.00","0.00","0.00","0.00","0.00","0.00","0.00","0.00","0.00","0.01","0.01","0.01","0.01","0.01","0.01","0.01","0.01","0.02","0.02","0.02","0.02","0.02","0.02","0.02","0.02","0.03","0.03","0.03","0.03","0.03","0.03","0.03","0.03","0.04","0.04","0.04","0.04","0.04","0.04","0.04","0.05","0.06","0.06","0.06","0.08","0.08","0.08","0.09","0.09","0.10"
"IMF.FAD:GDD(2.0.0)","VNM.B1GQ_V_XDC.A","OBS_VALUE","Vietnam","Gross domestic product (GDP), Current prices, Domestic currency","Annual","Billions","","","","","","","","","","","","","","1.45","1.66","1.88","1.86","2.03","1.99","2.25","2.55","2.78","2.97","3.08","3.31","3.58","4.17","4.97","6.00","6.56","7.25","10.18","22.03","35.27","63.03","127.56","774.16","3307.77","14160.43","35670.31","53271.20","97396.60","140344.96","178088.72","226688.62","290629.30","345410.20","398214.15","458390.10","507815.32","560767.82","611111.04","680269.01","778902.23","989542.50","1160527.34","1347892.25","1583050.89","2051931.23","2297116.94","2739843.17","3539881.31","4073762.29","4473655.60","4937031.68","5191323.73","5639401.00","6293904.55","7009042.13","7707200.29","8044385.73","8487475.60","9621371.82","10320311.14","11511867.20"
"IMF.FAD:GDD(2.0.0)","AGO.FL_S1311MIXED_POGDP_PT.A","OBS_VALUE","Angola","Debt instruments, Central government, Percent of GDP","Annual","Units","","","","","","","","","","","","","","","","","","","","","","","","","","","","","","","","","","","","","","","","","","","","","","138.12","91.99","73.46","96.34","104.83","118.24","100.22","65.11","50.76","41.63","29.89","16.73","18.80","28.12","48.45","32.59","26.32","23.81","29.47","35.27","50.39","66.67","60.49","82.54","101.37","119.15","74.29","56.11","71.39","62.50"
"IMF.FAD:GDD(2.0.0)","WBG.FL_S1311MIXED_POGDP_PT.A","OBS_VALUE","West Bank and Gaza","Debt instruments, Central government, Percent of GDP","Annual","Units","","","","","","","","","","","","","","","","","","","","","","","","","","","","","","","","","","","","","","","","","","","","","","","","","","","20.02","22.16","20.87","20.66","21.09","24.00","19.25","23.72","22.98","23.96","22.72","26.28","29.80","30.23","33.95","37.07","31.03","31.78","33.14","34.47","47.08","50.18","47.12","48.50",""
"IMF.FAD:GDD(2.0.0)","UZB.B1GQ_V_XDC.A","OBS_VALUE","Uzbekistan, Republic of","Gross domestic product (GDP), Current prices, Domestic currency","Annual","Billions","","","","","","","","","","","","","","","","","","","","","","","","","","","","","","","","","","","","","","0.03","0.04","0.04","0.04","0.08","0.56","6.39","81.33","379.56","700.83","1224.51","1775.24","2668.40","4081.04","6174.20","9339.31","12332.25","15369.87","19960.91","26022.99","35333.04","47317.68","61477.68","78936.62","103232.58","127590.24","153311.34","186829.50","221350.91","255421.86","356453.84","473652.89","594659.49","668037.90","820536.60","995573.00","1204485.35","1454573.87"
"IMF.FAD:GDD(2.0.0)","VNM.FL_S1311MIXED_POGDP_PT.A","OBS_VALUE","Vietnam","Debt instruments, Central government, Percent of GDP","Annual","Units","","","","","","","","","","","","","","","","","","","","","","","","","","","","","","","","","","","","","","","","","","220.13","177.62","135.15","105.52","85.65","72.91","58.64","61.24","59.67","32.83","31.40","32.05","34.78","31.25","29.72","26.78","26.45","25.72","","32.46","30.87","31.41","34.16","36.99","39.77","42.08","41.11","39.48","37.60","39.02","38.69","","",""
"IMF.FAD:GDD(2.0.0)","BTN.B1GQ_V_XDC.A","OBS_VALUE","Bhutan","Gross domestic product (GDP), Current prices, Domestic currency","Annual","Billions","","","","","","","","","","","","","","0.28","0.30","0.31","0.34","0.38","0.39","0.43","0.48","0.51","0.55","0.63","0.77","0.75","0.82","0.88","0.79","0.88","1.04","1.24","1.42","1.64","1.91","2.15","2.48","3.09","3.80","4.42","5.13","5.77","6.43","7.22","8.27","9.68","11.11","12.97","15.29","17.79","19.83","21.98","25.30","28.78","31.85","35.63","40.33","47.32","54.62","60.88","71.29","85.22","98.88","109.67","120.70","133.92","149.38","163.58","172.71","184.66","187.38","193.39","216.24","238.60","259.80"
"IMF.FAD:GDD(2.0.0)","BHS.B1GQ_V_XDC.A","OBS_VALUE","Bahamas, The","Gross domestic product (GDP), Current prices, Domestic currency","Annual","Billions","","","","","","","","","","","0.18","0.20","0.23","0.28","0.36","0.45","0.57","0.64","0.70","0.81","0.91","0.94","1.01","1.15","1.40","1.31","1.44","1.53","1.78","2.17","2.60","2.69","3.03","3.37","3.60","3.92","4.24","4.67","4.85","5.47","5.22","5.13","5.13","5.10","5.37","5.65","5.95","6.33","6.83","7.68","8.08","8.32","8.88","8.87","9.06","9.84","10.17","10.62","10.53","9.98","10.10","10.07","10.72","10.40","10.97","11.67","11.75","12.24","12.62","13.02","9.96","11.37","13.14","14.34","14.76"
"IMF.FAD:GDD(2.0.0)","ZWE.FL_S1311MIXED_POGDP_PT.A","OBS_VALUE","Zimbabwe","Debt instruments, Central government, Percent of GDP","Annual","Units","","","","","","","","","","","","","","","14.66","14.24","15.38","15.70","15.63","27.92","27.10","23.56","19.28","16.42","14.65","13.50","15.73","17.15","22.81","24.73","23.86","22.65","25.13","15.89","20.49","27.31","28.46","30.94","25.01","24.11","24.64","28.07","37.36","40.53","42.48","42.19","33.14","29.92","27.54","26.63","26.42","25.51","30.76","43.84","","33.06","39.44","44.67","61.08","58.71","47.58","42.86","38.38","37.05","42.31","48.03","49.91","68.93","48.12","82.34","84.47","58.17","99.54","96.59","94.59"
"IMF.FAD:GDD(2.0.0)","WBG.B1GQ_V_XDC.A","OBS_VALUE","West Bank and Gaza","Gross domestic product (GDP), Current prices, Domestic currency","Annual","Billions","","","","","","","","","","","","","","","","","","","","","0.53","0.61","0.89","1.11","1.74","1.74","2.05","2.11","2.19","2.55","3.23","2.99","3.17","3.29","3.24","3.03","4.86","5.36","5.65","5.37","5.83","6.28","7.75","8.35","8.56","9.89","10.88","12.97","15.46","17.68","17.59","16.84","16.85","18.07","20.63","23.00","23.83","23.89","26.23","31.80","36.20","40.03","47.07","48.80","50.05","54.31","59.17","58.05","58.44","61.07","53.47","58.50","64.39","65.45",""
"IMF.FAD:GDD(2.0.0)","ZMB.B1GQ_V_XDC.A","OBS_VALUE","Zambia","Gross domestic product (GDP), Current prices, Domestic currency","Annual","Billions","","","","","","0.00","0.00","0.00","0.00","0.00","0.00","0.00","0.00","0.00","0.00","0.00","0.00","0.00","0.00","0.00","0.00","0.00","0.00","0.00","0.00","0.00","0.00","0.00","0.00","0.00","0.00","0.00","0.00","0.00","0.01","0.01","0.01","0.02","0.03","0.06","0.12","0.24","0.62","1.62","2.45","3.29","4.35","5.66","6.59","8.13","11.20","14.78","18.45","23.20","29.73","37.19","45.96","56.26","67.09","77.35","97.22","114.03","131.27","151.33","167.05","183.38","216.10","246.25","275.17","300.45","332.72","442.34","493.96","557.41","688.85"
"IMF.FAD:GDD(2.0.0)","VUT.B1GQ_V_XDC.A","OBS_VALUE","Vanuatu","Gross domestic product (GDP), Current prices, Domestic currency","Annual","Billions","","","","","","","","","","","","","","0.88","1.33","1.23","1.41","1.55","1.62","1.80","2.09","2.28","2.47","2.98","3.61","4.10","4.16","4.64","5.38","6.98","8.28","9.99","11.02","11.67","14.34","13.98","13.55","15.32","16.54","17.87","19.77","22.48","23.71","24.38","27.20","27.95","29.20","31.61","33.45","34.59","37.44","37.48","36.55","38.43","40.80","43.15","48.61","52.90","59.86","63.26","65.00","68.91","69.28","71.69","75.11","82.80","87.25","94.89","100.77","107.45","104.93","104.02","121.70","132.91","138.38"
