"country_name","country_code","1960","1961","1962","1963","1964","1965","1966","1967","1968","1969","1970","1971","1972","1973","1974","1975","1976","1977","1978","1979","1980","1981","1982","1983","1984","1985","1986","1987","1988","1989","1990","1991","1992","1993","1994","1995","1996","1997","1998","1999","2000","2001","2002","2003","2004","2005","2006","2007","2008","2009","2010","2011","2012","2013","2014","2015","2016","2017","2018","2019","2020","2021","2022","2023","2024","2025"
"aruba","abw",NA,180,180,180,180,180,180,180,180,180,180,180,180,180,180,180,180,180,180,180,180,180,180,180,180,180,180,180,180,180,180,180,180,180,180,180,180,180,180,180,180,180,180,180,180,180,180,180,180,180,180,180,180,180,180,180,180,180,180,180,180,180,180,180,NA,NA
"africa eastern and southern","afe",NA,11094611,11094611,11094611,11094611,11094611,11094611,11094611,11094611,11094611,11094611,11094611,11094611,11094611,11094611,11094611,11094611,11094611,11094611,11094611,11094611,11094611,11094611,11094611,11094611,11094611,11094611,11094611,11094611,11094611,11094611,11094611,11094611,12195611,12195611,12195611,12195611,12195611,12195611,12195611,12195611,12195611,12195611,12195611,12344190.93,12344236.13,12344228.23,12344274.81,12344236.79,12344269.19,12344957.1,12345207.09,14845137.22,14845099.38,14845052.49,14845106.18,14845113.96,14845102.03,14845117.11,14845129.45,14845090.23,14845090.23,14845090.23,NA,NA,NA
"afghanistan","afg",NA,652230,652230,652230,652230,652230,652230,652230,652230,652230,652230,652230,652230,652230,652230,652230,652230,652230,652230,652230,652230,652230,652230,652230,652230,652230,652230,652230,652230,652230,652230,652230,652230,652230,652230,652230,652230,652230,652230,652230,652230,652230,652230,652230,652230,652230,652230,652230,652230,652230,652230,652230,652230,652230,652230,652230,652230,652230,652230,652230,652230,652230,652230,652230,NA,NA
"africa western and central","afw",NA,9046580,9046580,9046580,9046580,9046580,9046580,9046580,9046580,9046580,9046580,9046580,9046580,9046580,9046180,9045780,9045780,9045780,9045780,9045780,9045780,9045780,9045780,9045780,9045780,9045780,9045780,9045780,9045780,9045780,9045780,9045780,9045780,9045780,9045780,9045780,9045780,9045780,9045780,9045780,9045780,9045780,9045780,9045780,9045780,9045780,9045780,9045780,9045780,9045780,9045780,9045780,9045780,9045780,9045780,9045780,9045780,9045780,9045780,9045773,9045770,9045773,9045773,NA,NA,NA
"angola","ago",NA,1246700,1246700,1246700,1246700,1246700,1246700,1246700,1246700,1246700,1246700,1246700,1246700,1246700,1246700,1246700,1246700,1246700,1246700,1246700,1246700,1246700,1246700,1246700,1246700,1246700,1246700,1246700,1246700,1246700,1246700,1246700,1246700,1246700,1246700,1246700,1246700,1246700,1246700,1246700,1246700,1246700,1246700,1246700,1246700,1246700,1246700,1246700,1246700,1246700,1246700,1246700,1246700,1246700,1246700,1246700,1246700,1246700,1246700,1246700,1246700,1246700,1246700,1246700,NA,NA
"albania","alb",NA,27400,27400,27400,27400,27400,27400,27400,27400,27400,27400,27400,27400,27400,27400,27400,27400,27400,27400,27400,27400,27400,27400,27400,27400,27400,27400,27400,27400,27400,27400,27400,27400,27400,27400,27400,27400,27400,27400,27400,27400,27400,27400,27400,27400,27400,27400,27400,27400,27400,27400,27400,27400,27400,27400,27400,27400,27400,27400,27400,27400,27400,27400,27400,NA,NA
"andorra","and",NA,470,470,470,470,470,470,470,470,470,470,470,470,470,470,470,470,470,470,470,470,470,470,470,470,470,470,470,470,470,470,470,470,470,470,470,470,470,470,470,470,470,470,470,470,470,470,470,470,470,470,470,470,470,470,470,470,470,470,470,470,470,470,470,NA,NA
"arab world","arb",NA,11235451,11235451,11235451,11235451,11235451,11235451,11235451,11235451,11235451,11235451,11235451,11235451,11235411,11235411,11235411,11235411,11235411,11235411,11235411,11235411,11235411,11235411,11235411,11235411,11235411,11235411,11235411,11235411,11235411,11235411,11235411,11235431,11235431,11235431,11235431,11235431,11235431,11235431,11235431,11235431,11235431,11235431,11235251,11235241,11235251,11235311,11235331,11235341,11232831,11232823,11232828,13100831,13100639,13100520,13100528,13100529,13100530,13100528,13100544,13100549,13100559,13096083.71,NA,NA,NA
"united arab emirates","are",NA,71020,71020,71020,71020,71020,71020,71020,71020,71020,71020,71020,71020,71020,71020,71020,71020,71020,71020,71020,71020,71020,71020,71020,71020,71020,71020,71020,71020,71020,71020,71020,71020,71020,71020,71020,71020,71020,71020,71020,71020,71020,71020,71020,71020,71020,71020,71020,71020,71020,71020,71020,71020,71020,71020,71020,71020,71020,71020,71020,71020,71020,71020,71020,NA,NA
"argentina","arg",NA,2736690,2736690,2736690,2736690,2736690,2736690,2736690,2736690,2736690,2736690,2736690,2736690,2736690,2736690,2736690,2736690,2736690,2736690,2736690,2736690,2736690,2736690,2736690,2736690,2736690,2736690,2736690,2736690,2736690,2736690,2736690,2736690,2736690,2736690,2736690,2736690,2736690,2736690,2736690,2736690,2736690,2736690,2736690,2736690,2736690,2736690,2736690,2736690,2736690,2736690,2736690,2736690,2736690,2736690,2736690,2736690,2736690,2736690,2736690,2736690,2736690,2736690,2736690,NA,NA
"armenia","arm",NA,NA,NA,NA,NA,NA,NA,NA,NA,NA,NA,NA,NA,NA,NA,NA,NA,NA,NA,NA,NA,NA,NA,NA,NA,NA,NA,NA,NA,NA,NA,NA,28470,28470,28470,28470,28470,28470,28470,28470,28470,28470,28470,28470,28470,28470,28470,28470,28470,28470,28470,28470,28470,28470,28470,28470,28470,28470,28470,28470,28197.41,28197.09,28198.32,28199.44,NA,NA
"american samoa","asm",NA,200,200,200,200,200,200,200,200,200,200,200,200,200,200,200,200,200,200,200,200,200,200,200,200,200,200,200,200,200,200,200,200,200,200,200,200,200,200,200,200,200,200,200,200,200,200,200,200,200,200,200,200,200,200,200,200,200,200,200,200,200,200,200,NA,NA
"antigua and barbuda","atg",NA,440,440,440,440,440,440,440,440,440,440,440,440,440,440,440,440,440,440,440,440,440,440,440,440,440,440,440,440,440,440,440,440,440,440,440,440,440,440,440,440,440,440,440,440,440,440,440,440,440,440,440,440,440,440,440,440,440,440,440,440,440,440,440,NA,NA
"australia","aus",NA,7682300,7682300,7682300,7682300,7682300,7682300,7682300,7682300,7682300,7682300,7682300,7682300,7682300,7682300,7682300,7682300,7682300,7682300,7682300,7682300,7682300,7682300,7682300,7682300,7682300,7682300,7682300,7682300,7682300,7682300,7682300,7682300,7682300,7682300,7682300,7682300,7682300,7682300,7682300,7682300,7682300,7682300,7682300,7682300,7682300,7682300,7682300,7682300,7682300,7682300,7682300,7682300,7682300,7682300,7682300,7692020,7692020,7692020,7692020,7692020,7692020,7692020,7692020,NA,NA
"austria","aut",NA,82520,82520,82520,82520,82520,82520,82520,82520,82520,82520,82520,82520,82520,82520,82520,82520,82520,82520,82520,82520,82520,82520,82520,82520,82520,82520,82520,82520,82520,82520,82520,82520,82520,82520,82520,82520,82520,82520,82520,82520,82520,82520,82520,82520,82520,82520,82520,82520,82520,82520,82520,82520,82520,82520,82520,82520,82520,82520,82520,82520,82520,82520,82520,NA,NA
"azerbaijan","aze",NA,NA,NA,NA,NA,NA,NA,NA,NA,NA,NA,NA,NA,NA,NA,NA,NA,NA,NA,NA,NA,NA,NA,NA,NA,NA,NA,NA,NA,NA,NA,NA,83217,83217,83217,83217,83217,83217,83092,82705,82605,82604,82618,82652,82672,82660,82637,82629,82627,82622,82656,82658,82658,82659,82663,82663,82670,82662,82654,82654,82646,82650,82650,82650,NA,NA
"burundi","bdi",NA,25680,25680,25680,25680,25680,25680,25680,25680,25680,25680,25680,25680,25680,25680,25680,25680,25680,25680,25680,25680,25680,25680,25680,25680,25680,25680,25680,25680,25680,25680,25680,25680,25680,25680,25680,25680,25680,25680,25680,25680,25680,25680,25680,25680,25680,25680,25680,25680,25680,25680,25680,25680,25680,25680,25680,25680,25680,25680,25680,25680,25680,25680,25680,NA,NA
"belgium","bel",NA,NA,NA,NA,NA,NA,NA,NA,NA,NA,NA,NA,NA,NA,NA,NA,NA,NA,NA,NA,NA,NA,NA,NA,NA,NA,NA,NA,NA,NA,NA,NA,NA,NA,NA,NA,NA,NA,NA,NA,30333,30333,30333,30333,30333,30333,30333,30333,30333,30333,30333,30333,30333,30333,30333,30333,30333,30333,30493,30494,30494,30494,30494,30494,NA,NA
"benin","ben",NA,112760,112760,112760,112760,112760,112760,112760,112760,112760,112760,112760,112760,112760,112760,112760,112760,112760,112760,112760,112760,112760,112760,112760,112760,112760,112760,112760,112760,112760,112760,112760,112760,112760,112760,112760,112760,112760,112760,112760,112760,112760,112760,112760,112760,112760,112760,112760,112760,112760,112760,112760,112760,112760,112760,112760,112760,112760,112760,112760,112760,112760,112760,112760,NA,NA
"burkina faso","bfa",NA,273600,273600,273600,273600,273600,273600,273600,273600,273600,273600,273600,273600,273600,273600,273600,273600,273600,273600,273600,273600,273600,273600,273600,273600,273600,273600,273600,273600,273600,273600,273600,273600,273600,273600,273600,273600,273600,273600,273600,273600,273600,273600,273600,273600,273600,273600,273600,273600,273600,273600,273600,273600,273600,273600,273600,273600,273600,273600,273600,273600,273600,273600,273600,NA,NA
"bangladesh","bgd",NA,130170,130170,130170,130170,130170,130170,130170,130170,130170,130170,130170,130170,130170,130170,130170,130170,130170,130170,130170,130170,130170,130170,130170,130170,130170,130170,130170,130170,130170,130170,130170,130170,130170,130170,130170,130170,130170,130170,130170,130170,130170,130170,130170,130170,130170,130170,130170,130170,130170,130170,130170,130170,130170,130170,130170,130170,130170,130170,130170,130170,130170,130260,129980,NA,NA
"bulgaria","bgr",NA,110630,110630,110630,110630,110630,110630,110630,110630,110630,110630,110630,110630,110630,110630,110630,110630,110630,110630,110630,110630,110630,110630,110630,110630,110630,110630,110630,110630,110630,110630,110630,110630,110630,110630,110630,110630,110630,110630,110630,110630,110630,108800,108770,108760,108640,108630,108610,108610,108560,108560,108560,108560,108560,108560,108560,108560,108560,108560,108560,108560,108560,108560,108560,NA,NA
"bahrain","bhr",NA,690,690,690,690,690,690,690,690,690,690,690,690,690,690,690,690,690,690,690,690,690,690,690,690,690,690,690,690,690,690,690,710,710,710,710,710,710,710,710,710,710,710,720,730,740,740,750,760,760,762,767,770,770,771,778,779,780,778,780,785,790,790,800,NA,NA
"bahamas, the","bhs",NA,10010,10010,10010,10010,10010,10010,10010,10010,10010,10010,10010,10010,10010,10010,10010,10010,10010,10010,10010,10010,10010,10010,10010,10010,10010,10010,10010,10010,10010,10010,10010,10010,10010,10010,10010,10010,10010,10010,10010,10010,10010,10010,10010,10010,10010,10010,10010,10010,10010,10010,10010,10010,10010,10010,10010,10010,10010,10010,10010,10010,10010,10010,10010,NA,NA
"bosnia and herzegovina","bih",NA,NA,NA,NA,NA,NA,NA,NA,NA,NA,NA,NA,NA,NA,NA,NA,NA,NA,NA,NA,NA,NA,NA,NA,NA,NA,NA,NA,NA,NA,NA,NA,51200,51200,51200,51200,51200,51200,51200,51200,51200,51200,51200,51200,51200,51200,51200,51200,51200,51200,51200,51200,51200,51200,51200,51200,51200,51200,51200,51200,51200,51200,51200,51200,NA,NA
"belarus","blr",NA,NA,NA,NA,NA,NA,NA,NA,NA,NA,NA,NA,NA,NA,NA,NA,NA,NA,NA,NA,NA,NA,NA,NA,NA,NA,NA,NA,NA,NA,NA,NA,202928,202892,202878,202868,202854,202855,202829,202835,202848,202844,202829,202826,202815,202833,202904,202901,202902,202898,202902,202910,202899,202908,202973,202978,202988,202988,202980,202965,202980,202950,202990,202983,NA,NA
"belize","blz",NA,22810,22810,22810,22810,22810,22810,22810,22810,22810,22810,22810,22810,22810,22810,22810,22810,22810,22810,22810,22810,22810,22810,22810,22810,22810,22810,22810,22810,22810,22810,22810,22810,22810,22810,22810,22810,22810,22810,22810,22810,22810,22810,22810,22810,22810,22810,22810,22810,22810,22810,22810,22810,22810,22810,22810,22810,22810,22810,22810,22810,22810,22810,22810,NA,NA
"bermuda","bmu",NA,54,54,54,54,54,54,54,54,54,54,54,54,54,54,54,54,54,54,54,54,54,54,54,54,54,54,54,54,54,54,54,54,54,54,54,54,54,54,54,54,54,54,54,54,54,54,54,54,54,54,54,54,54,54,54,54,54,54,54,54,54,54,54,NA,NA
"bolivia","bol",NA,1083300,1083300,1083300,1083300,1083300,1083300,1083300,1083300,1083300,1083300,1083300,1083300,1083300,1083300,1083300,1083300,1083300,1083300,1083300,1083300,1083300,1083300,1083300,1083300,1083300,1083300,1083300,1083300,1083300,1083300,1083300,1083300,1083300,1083300,1083300,1083300,1083300,1083300,1083300,1083300,1083300,1083300,1083300,1083300,1083300,1083300,1083300,1083300,1083300,1083300,1083300,1083300,1083300,1083300,1083300,1083300,1083300,1083300,1083300,1083300,1083300,1083300,1083300,NA,NA
"brazil","bra",NA,8358140,8358140,8358140,8358140,8358140,8358140,8358140,8358140,8358140,8358140,8358140,8358140,8358140,8358140,8358140,8358140,8358140,8358140,8358140,8358140,8358140,8358140,8358140,8358140,8358140,8358140,8358140,8358140,8358140,8358140,8358140,8358140,8358140,8358140,8358140,8358140,8358140,8358140,8358140,8358140,8358140,8358140,8358140,8358140,8358140,8358140,8358140,8358140,8358140,8358140,8358140,8358140,8358140,8358140,8358140,8358140,8358140,8358140,8358140,8358140,8358140,8358140,8358140,NA,NA
"barbados","brb",NA,430,430,430,430,430,430,430,430,430,430,430,430,430,430,430,430,430,430,430,430,430,430,430,430,430,430,430,430,430,430,430,430,430,430,430,430,430,430,430,430,430,430,430,430,430,430,430,430,430,430,430,430,430,430,430,430,430,430,430,430,430,430,430,NA,NA
"brunei darussalam","brn",NA,5270,5270,5270,5270,5270,5270,5270,5270,5270,5270,5270,5270,5270,5270,5270,5270,5270,5270,5270,5270,5270,5270,5270,5270,5270,5270,5270,5270,5270,5270,5270,5270,5270,5270,5270,5270,5270,5270,5270,5270,5270,5270,5270,5270,5270,5270,5270,5270,5270,5270,5270,5270,5270,5270,5270,5270,5270,5270,5270,5270,5270,5270,5270,NA,NA
"bhutan","btn",NA,46723,46723,46723,46723,46723,46723,46723,46723,46723,46723,46723,46723,46723,46723,46723,46723,46723,46723,46723,46723,46723,46723,46723,46723,46723,46723,46723,46723,46723,46723,46723,46723,46723,39800,39800,39800,39800,39800,39800,39800,39800,39800,39800,38117,38117,38117,38117,38117,38117,38117,38117,38117,38117,38117,38117,38144,38144,38140,38140,38140,38140,38140,38140,NA,NA
"botswana","bwa",NA,566730,566730,566730,566730,566730,566730,566730,566730,566730,566730,566730,566730,566730,566730,566730,566730,566730,566730,566730,566730,566730,566730,566730,566730,566730,566730,566730,566730,566730,566730,566730,566730,566730,566730,566730,566730,566730,566730,566730,566730,566730,566730,566730,566730,566730,566730,566730,566730,566730,566730,566730,566730,566730,566730,566730,566730,566730,566730,566730,566730,566730,566730,566730,NA,NA
"central african republic","caf",NA,622980,622980,622980,622980,622980,622980,622980,622980,622980,622980,622980,622980,622980,622980,622980,622980,622980,622980,622980,622980,622980,622980,622980,622980,622980,622980,622980,622980,622980,622980,622980,622980,622980,622980,622980,622980,622980,622980,622980,622980,622980,622980,622980,622980,622980,622980,622980,622980,622980,622980,622980,622980,622980,622980,622980,622980,622980,622980,622980,622980,622980,622980,622980,NA,NA
"canada","can",NA,8965590,8965590,8965590,8965590,8965590,8965590,8965590,8965590,8965590,8965590,8965590,8965590,8965590,8965590,8965590,8965590,8965590,8965590,8965590,8965590,8965590,8965590,8965590,8965590,8965590,8965590,8965590,8965590,8965590,8965590,8965590,8965590,8965590,8965590,8965590,8965590,8965590,8965590,8965590,8965590,8965590,8965590,8965590,8965590,8965590,8965590,8965590,8965590,8965590,8965590,8965590,8965590,8965590,8965590,8965590,8965590,8965590,8965590,8965590,8965590,8788700,8788700,8788700,NA,NA
"central europe and the baltics","ceb",NA,737300,737280,737290,737290,737280,737270,737260,737250,737250,737240,737230,737230,737230,737230,737230,737210,737220,737230,737180,737170,737160,737150,737140,737140,737140,737140,737140,737130,736140,736140,736250,979597,1104957,1105007,1104987,1105087,1105037,1105027,1105037,1104969,1104969,1103299,1103361,1103471,1103321,1103291,1103181,1103162.2,1104161.8,1104143.2,1104209,1104048.7,1105114,1105841,1105835.6,1105825,1105100.1,1105067.4,1104992.9,1105004.93,1104953.23,1104902.13,NA,NA,NA
"switzerland","che",NA,39528,39528,39528,39528,39528,39528,39528,39528,39528,39528,39528,39528,39528,39528,39528,39528,39528,39528,39528.71,39528.71,39528.71,39528.71,39528.71,39528.79,39528.87,39528.95,39529.03,39529.11,39529.19,39529.27,39529.35,39529.43,39529.51,39529.59,39529.67,39528.454,39527.237,39526.019,39524.8,39523.581,39522.36,39521.139,39519.917,39518.694,39517.47,39516.245,39515.02,39514.422,39513.824,39513.225,39512.626,39512.028,39511.428,39510.829,39510.23,39509.63,39509.63,39509.63,39509.63,39509.63,39509.63,39509.63,39509.63,NA,NA
"channel islands","chi",NA,198,198,198,198,198,198,198,198,198,198,198,198,198,198,198,198,198,198,198,198,198,198,198,198,198,198,198,198,198,198,198,198,198,198,198,198,198,198,198,198,198,198,198,198,198,198,198,198,198,198,198,198,198,198,198,198,198,198,198,198,198,NA,NA,NA,NA
"chile","chl",NA,743532,743532,743532,743532,743532,743532,743532,743532,743532,743532,743532,743532,743532,743532,743532,743532,743532,743532,743532,743532,743532,743532,743532,743532,743532,743532,743532,743532,743532,743532,743532,743532,743532,743532,743532,743532,743532,743532,743532,743532,743532,743532,743532,743532,743532,743532,743532,743532,743532,743532,743532,743532,743532,741682.76,741682.76,742286.76,742286.76,742286.76,742831.64,742831.64,742831.64,742831.64,742831.64,NA,NA
"china","chn",NA,9388250,9388250,9388250,9388250,9388250,9388250,9388250,9388250,9388250,9388250,9388250,9388250,9388250,9388250,9388250,9388250,9388250,9388250,9388250,9388250,9388250,9388250,9388250,9388250,9388250,9388250,9388250,9388250,9388250,9388250,9388250,9388250,9388250,9388250,9388240,9388230,9388230,9388230,9388230,9388220,9388214.2,9388213.2,9388212.7,9388212.5,9388211.8,9388211.4,9388210.8,9388210.8,9388211,9388211,9388211,9388211,9388211,9388211,9388211,9388210,9388210,9388210,9388210,9388210,9388210,9388210,9388210,NA,NA
"cote d'ivoire","civ",NA,318000,318000,318000,318000,318000,318000,318000,318000,318000,318000,318000,318000,318000,318000,318000,318000,318000,318000,318000,318000,318000,318000,318000,318000,318000,318000,318000,318000,318000,318000,318000,318000,318000,318000,318000,318000,318000,318000,318000,318000,318000,318000,318000,318000,318000,318000,318000,318000,318000,318000,318000,318000,318000,318000,318000,318000,318000,318000,318000,318000,318000,318000,318000,NA,NA
"cameroon","cmr",NA,472710,472710,472710,472710,472710,472710,472710,472710,472710,472710,472710,472710,472710,472710,472710,472710,472710,472710,472710,472710,472710,472710,472710,472710,472710,472710,472710,472710,472710,472710,472710,472710,472710,472710,472710,472710,472710,472710,472710,472710,472710,472710,472710,472710,472710,472710,472710,472710,472710,472710,472710,472710,472710,472710,472710,472710,472710,472710,472710,472710,472710,472710,472710,NA,NA
"congo, dem. rep.","cod",NA,2267050,2267050,2267050,2267050,2267050,2267050,2267050,2267050,2267050,2267050,2267050,2267050,2267050,2267050,2267050,2267050,2267050,2267050,2267050,2267050,2267050,2267050,2267050,2267050,2267050,2267050,2267050,2267050,2267050,2267050,2267050,2267050,2267050,2267050,2267050,2267050,2267050,2267050,2267050,2267050,2267050,2267050,2267050,2267050,2267050,2267050,2267050,2267050,2267050,2267050,2267050,2267050,2267050,2267050,2267050,2267050,2267050,2267050,2267050,2267050,2267050,2267050,2267050,NA,NA
"congo, rep.","cog",NA,341500,341500,341500,341500,341500,341500,341500,341500,341500,341500,341500,341500,341500,341500,341500,341500,341500,341500,341500,341500,341500,341500,341500,341500,341500,341500,341500,341500,341500,341500,341500,341500,341500,341500,341500,341500,341500,341500,341500,341500,341500,341500,341500,341500,341500,341500,341500,341500,341500,341500,341500,341500,341500,341500,341500,341500,341500,341500,341500,341500,341500,341500,341500,NA,NA
"colombia","col",NA,1109500,1109500,1109500,1109500,1109500,1109500,1109500,1109500,1109500,1109500,1109500,1109500,1109500,1109500,1109500,1109500,1109500,1109500,1109500,1109500,1109500,1109500,1109500,1109500,1109500,1109500,1109500,1109500,1109500,1109500,1109500,1109500,1109500,1109500,1109500,1109500,1109500,1109500,1109500,1109500,1109500,1109500,1109500,1109500,1109500,1109500,1109500,1109500,1109500,1109500,1109500,1109500,1109500,1109500,1109500,1109500,1109500,1109500,1109500,1109500,1109500,1109500,1109500,NA,NA
"comoros","com",NA,1861,1861,1861,1861,1861,1861,1861,1861,1861,1861,1861,1861,1861,1861,1861,1861,1861,1861,1861,1861,1861,1861,1861,1861,1861,1861,1861,1861,1861,1861,1861,1861,1861,1861,1861,1861,1861,1861,1861,1861,1861,1861,1861,1861,1861,1861,1861,1861,1861,1861,1861,1861,1861,1861,1861,1861,1861,1861,1861,1861,1861,1861,1861,NA,NA
"cabo verde","cpv",NA,4030,4030,4030,4030,4030,4030,4030,4030,4030,4030,4030,4030,4030,4030,4030,4030,4030,4030,4030,4030,4030,4030,4030,4030,4030,4030,4030,4030,4030,4030,4030,4030,4030,4030,4030,4030,4030,4030,4030,4030,4030,4030,4030,4030,4030,4030,4030,4030,4030,4030,4030,4030,4030,4030,4030,4030,4030,4030,4030,4030,4030,4030,4030,NA,NA
"costa rica","cri",NA,51060,51060,51060,51060,51060,51060,51060,51060,51060,51060,51060,51060,51060,51060,51060,51060,51060,51060,51060,51060,51060,51060,51060,51060,51060,51060,51060,51060,51060,51060,51060,51060,51060,51060,51060,51060,51060,51060,51060,51060,51060,51060,51060,51060,51060,51060,51060,51060,51060,51060,51060,51060,51060,51060,51060,51060,51060,51060,51060,51060,51060,51060,51060,NA,NA
"caribbean small states","css",NA,398477.61,398477.61,398477.61,398477.61,398477.61,398477.61,398477.61,398477.61,398477.61,398477.61,398477.61,398477.61,398477.61,398477.61,398617.61,398617.61,398617.61,398617.61,398617.61,398527.61,398527.61,398527.61,398527.61,398527.61,398527.61,398527.61,398527.61,398527.61,398527.61,398527.61,398527.61,398527.61,398527.61,398527.61,398527.61,398527.61,398527.61,398527.61,398527.61,398527.61,398527.61,398527.61,398527.61,398527.61,398527.61,398527.61,398527.61,398527.61,398527.61,398527.61,398527.61,398527.61,398527.61,398527.61,398527.61,398527.61,398527.61,398527.61,398527.61,398527.61,398527.61,398527.61,NA,NA,NA
"cuba","cub",NA,107400,107400,107400,107400,107400,107400,107400,107400,107400,107400,107400,107400,107400,107400,107400,107400,107400,107400,107400,107400,107400,107400,107400,107400,107400,107400,107400,107400,107400,107400,107400,107400,107400,107400,107400,107400,107400,107400,107400,107400,107400,106390,106400,106410,106440,106430,106440,106440,106440,106440,106863,106649,104220,104020,104100,104040,103800,103800,103800,103800,103800,103800,103800,NA,NA
"curacao","cuw",NA,NA,NA,NA,NA,NA,NA,NA,NA,NA,NA,NA,NA,NA,NA,NA,NA,NA,NA,NA,NA,NA,NA,NA,NA,NA,NA,NA,NA,NA,NA,NA,NA,NA,NA,NA,NA,NA,NA,NA,NA,NA,NA,NA,NA,NA,NA,NA,NA,NA,NA,444,444,444,444,444,444,444,444,444,444,444,444,444,NA,NA
"cayman islands","cym",NA,240,240,240,240,240,240,240,240,240,240,240,240,240,240,240,240,240,240,240,240,240,240,240,240,240,240,240,240,240,240,240,240,240,240,240,240,240,240,240,240,240,240,240,240,240,240,240,240,240,240,240,240,240,240,240,240,240,240,240,240,240,240,240,NA,NA
"cyprus","cyp",NA,9240,9240,9240,9240,9240,9240,9240,9240,9240,9240,9240,9240,9240,9240,9240,9240,9240,9240,9240,9240,9240,9240,9240,9240,9240,9240,9240,9240,9240,9240,9240,9240,9240,9240,9240,9240,9240,9240,9240,9240,9240,9240,9240,9240,9240,9240,9240,9240,9240,9240,9240,9240,9240,9240,9240,9240,9240,9240,9240,9240,9240,9240,9240,NA,NA
"czechia","cze",NA,NA,NA,NA,NA,NA,NA,NA,NA,NA,NA,NA,NA,NA,NA,NA,NA,NA,NA,NA,NA,NA,NA,NA,NA,NA,NA,NA,NA,NA,NA,NA,NA,77270,77270,77270,77270,77270,77270,77270,77270,77270,77270,77270,77260,77260,77250,77250,77240,77240,77230,77230,77230,77220,77220,77210,77210,77210,77210,77205.5,77198.53,77186.83,77171.73,77167.31,NA,NA
"germany","deu",NA,349130,349130,349130,349130,349130,349130,349130,349130,349130,349130,349130,349130,349130,349130,349130,349130,349130,349130,349130,349130,349130,349130,349130,349130,349130,349130,349130,349130,349130,349130,349130,349130,349120,349110,349100,349090,349050,349020,348980,348950,348900,348860,348810,348770,348760,348720,348670,348630,348610,348570,348560,348540,348880,348900,348860,349360,349370,349380,349390,349390,349390,349360,349430,NA,NA
"djibouti","dji",NA,23180,23180,23180,23180,23180,23180,23180,23180,23180,23180,23180,23180,23180,23180,23180,23180,23180,23180,23180,23180,23180,23180,23180,23180,23180,23180,23180,23180,23180,23180,23180,23180,23180,23180,23180,23180,23180,23180,23180,23180,23180,23180,23180,23180,23180,23180,23180,23180,23180,23180,23180,23180,23180,23180,23180,23180,23180,23180,23180,23180,23180,23180,23180,NA,NA
"dominica","dma",NA,750,750,750,750,750,750,750,750,750,750,750,750,750,750,750,750,750,750,750,750,750,750,750,750,750,750,750,750,750,750,750,750,750,750,750,750,750,750,750,750,750,750,750,750,750,750,750,750,750,750,750,750,750,750,750,750,750,750,750,750,750,750,750,NA,NA
"denmark","dnk",NA,40000,40000,40000,40000,40000,40000,40000,40000,40000,40000,40000,40000,40000,40000,40000,40000,40000,40000,40000,40000,40000,40000,40000,40000,40000,40000,40000,40000,40000,40000,40000,40000,40000,40000,40000,40000,40000,40000,40000,40000,40000,40000,40000,40000,40000,40000,40000,40000,40000,40000,40000,40000,40000,40000,40000,40000,40000,40000,40000,40000,40000,40000,40000,NA,NA
"dominican republic","dom",NA,48310,48310,48310,48310,48310,48310,48310,48310,48310,48310,48310,48310,48310,48310,48310,48310,48310,48310,48310,48310,48310,48310,48310,48310,48310,48310,48310,48310,48310,48310,48310,48310,48310,48310,48310,48310,48310,48310,48310,48310,48310,48310,48310,48310,48310,48310,48310,48310,48310,48310,48310,48310,48310,48310,48310,48310,48310,48310,48198.02,48198.02,48198.02,48198.02,48198.02,NA,NA
"algeria","dza",NA,2381740,2381740,2381740,2381740,2381740,2381740,2381740,2381740,2381740,2381740,2381740,2381740,2381740,2381740,2381740,2381740,2381740,2381740,2381740,2381740,2381740,2381740,2381740,2381740,2381740,2381740,2381740,2381740,2381740,2381740,2381740,2381740,2381740,2381740,2381740,2381740,2381740,2381740,2381740,2381740,2381740,2381740,2381740,2381740,2381740,2381740,2381740,2381740,2381740,2381740,2381740,2381740,2381740,2381740,2381741,2381741,2381741,2381741,2381740,2381740,2381740,2381740,2381740,NA,NA
"east asia & pacific (excluding high income)","eap",NA,15922288.74,15922288.74,15922288.74,15922288.74,15922288.74,15922288.74,15922288.74,15922288.74,15922288.74,15922288.74,15922288.74,15922288.74,15922258.74,15922218.74,15922198.74,15922198.74,15922198.74,15922198.74,15922198.74,15922198.74,15922198.74,15922198.74,15922198.74,15922198.74,15922198.74,15922198.74,15922198.74,15922198.74,15922198.74,15922198.74,15923078.74,15923078.74,15923078.74,15923078.74,15923068.74,15923058.74,15923058.74,15923058.74,15923058.74,15974567.74,15974591.94,15974051.17,15980817.76,15980455.52,15983161.89,15986244.49,15986056.89,15986086.89,15986047.13,15986366.42,15986345.95,15986378.95,15985860.38,15986223.92,15986238.4,15985941.4,15985877.4,15985853,15985856,15986074.8,16001111.47,16001111.26,NA,NA,NA
"early-demographic dividend","ear",NA,31114350.61,31114350.61,31114350.61,31114350.61,31114350.61,31114350.61,31114350.61,31114350.61,31114350.61,31114350.61,31114350.61,31114350.61,31114320.61,31114280.61,31114260.61,31114130.61,31114130.61,31114130.61,31114130.61,31114130.61,31114130.61,31114130.61,31114130.61,31114130.61,31114130.61,31114130.61,31114130.61,31114130.61,31114130.61,31114130.61,31114830.61,32150140.61,33150140.61,33143217.61,33143217.61,33143217.61,33143217.61,33114737.61,33114737.61,33191601.61,33191547.61,33191547.61,33191333.61,33318093.91,33318042.41,33318226.81,33318448.81,33318168.91,33318697.21,33318578.61,33318534.71,33318395.71,33318304.71,33316877.91,33321702.01,33321440.11,33315092.41,33315104.01,33314978.53,33315046.03,33330098.5,33302694.25,NA,NA,NA
"east asia & pacific","eas",NA,24396148.74,24396148.74,24396148.74,24396148.74,24396148.74,24396148.74,24396148.74,24396148.74,24396148.74,24396148.74,24396148.74,24396048.74,24396018.74,24395978.74,24395848.74,24395848.74,24395738.74,24395738.74,24395738.74,24395638.74,24395738.74,24395528.74,24395528.74,24394028.74,24393928.74,24394028.74,24393928.74,24393928.74,24393928.74,24393928.74,24395728.74,24395728.74,24395728.74,24395728.74,24395778.74,24395668.74,24395668.74,24395668.74,24395668.74,24446988.74,24447298.94,24446814.17,24453602.76,24453263.52,24455999.89,24459118.09,24458972.09,24459077.09,24459107.63,24459569.12,24459540.85,24459695.85,24459294.68,24459664.22,24459693.8,24469160.9,24469121.2,24469110.9,24469195.9,24469416.7,24484453.47,24447960.26,NA,NA,NA
"europe & central asia (excluding high income)","eca",NA,797030,797030,797030,797030,797030,797030,797030,797030,797030,797030,797030,797030,797030,797030,797030,797030,797030,797030,797030,797030,797030,797030,797030,797030,797030,797030,797030,797030,797030,797030,797030,5796775,5796819,5796795,5796775,5796761,5796752,5796591,5796200,5806658,5806599,5806588,5806575,5806570,5806622,5907561,5907454,5907426,5907385,5907330,5907257,5907247,5907266,5906131,5910951,5910959,5910968,5911046.3,5910999.9,5907730.6,5907793,5907752,NA,NA,NA
"europe & central asia","ecs",NA,5483173.727,5483153.727,5483163.727,5483163.727,5483153.727,5483143.727,5483133.727,5483123.727,5483123.727,5483113.727,5483103.727,5483103.727,5483103.727,5483073.727,5482953.727,5482873.727,5482853.727,5482853.727,5482814.437,5482734.437,5482714.437,5482704.437,5482664.437,5482674.517,5482674.597,5482674.677,5482674.757,5482664.837,5481674.917,5481674.997,5481785.077,27114827.16,27236451.24,27231617.32,27228617.4,27228272.18,27297611.96,27300059.75,27306847.53,27344112.77,27342622.55,27341920.33,27342428.1,27342411.88,27342332.66,27438960.43,27438802.21,27437344.81,27438232.81,27439468.61,27439300.81,27439439.92,27440727.78,27440324.62,27444603.26,27444958.09,27444222.81,27445059.54,27444880.55,27440780.89,27440964.95,27440618.29,NA,NA,NA
"ecuador","ecu",NA,276840,276840,276840,276840,276840,276840,276840,276840,276840,276840,276840,276840,276840,276840,276840,276840,276840,276840,276840,276840,276840,276840,276840,276840,276840,276840,276840,276840,276840,276840,276840,276840,276840,276840,276840,276840,276840,248360,248360,248360,248360,248360,248360,248360,248360,248360,248360,248360,248360,248360,248360,248360,248360,248360,248360,248360,248360,248360,248360,248360,248360,248360,248360,NA,NA
"egypt, arab rep.","egy",NA,995450,995450,995450,995450,995450,995450,995450,995450,995450,995450,995450,995450,995450,995450,995450,995450,995450,995450,995450,995450,995450,995450,995450,995450,995450,995450,995450,995450,995450,995450,995450,995450,995450,995450,995450,995450,995450,995450,995450,995450,995450,995450,995450,995450,995450,995450,995450,995450,995450,995450,995450,995450,995450,995450,995450,995450,995450,995450,995450,995450,995450,995450,995450,NA,NA
"euro area","emu",NA,2410306,2410306,2410306,2410306,2410306,2410306,2410306,2410306,2410306,2410306,2410306,2410306,2410306,2410276,2410156,2410096,2410066,2410056,2410066,2409996,2409986,2409986,2409956,2409966,2409966,2409966,2409966,2409966,2409966,2409966,2409966,2653313,2701403,2701393,2701383,2701443,2701403,2701303,2701263,2735311.46,2734781.46,2735261.46,2735743.46,2735363.46,2735223.46,2734593.46,2734653.46,2734114.66,2734034.26,2735345.66,2735181.46,2735491.16,2736891.66,2736879.06,2736294.66,2736687.06,2735965.51,2736178.939,2736155.496,2736151.105,2736325.404,2736252.841,NA,NA,NA
"eritrea","eri",NA,NA,NA,NA,NA,NA,NA,NA,NA,NA,NA,NA,NA,NA,NA,NA,NA,NA,NA,NA,NA,NA,NA,NA,NA,NA,NA,NA,NA,NA,NA,NA,NA,101000,101000,101000,101000,101000,101000,101000,101000,101000,101000,101000,120982.625,121025.326,121004.031,121032.606,121057.494,121069.592,121065.103,121088.989,121082.12,121049.278,121036.185,121088.775,121077.459,121071.233,121077.714,121080.546,121040.829,121178.2,121178.2,121178.2,NA,NA
"spain","esp",NA,499780,499780,499780,499780,499780,499780,499780,499780,499780,499780,499780,499780,499780,499750,499630,499570,499540,499530,499540,499470,499460,499460,499430,499440,499440,499440,499440,499440,499440,499440,499440,499440,499440,499440,499440,499440,499440,499440,499440,499000,498520,499040,499210,499180,499090,498980,499110,498800,498660,500010,499880,500210,500210,500210,499661,499564,499547.35,499603.479,499570.036,499556.645,499733.244,499713.681,499697.4,NA,NA
"estonia","est",NA,NA,NA,NA,NA,NA,NA,NA,NA,NA,NA,NA,NA,NA,NA,NA,NA,NA,NA,NA,NA,NA,NA,NA,NA,NA,NA,NA,NA,NA,NA,NA,42390,42390,42390,42390,42390,42390,42390,42390,42390,42390,42390,42390,42390,42390,42390,42390,42390,42390,42390,42390,42390,43470,43470,43470,43470,42750,42750,42750,42750,42750,42730,42730,NA,NA
"ethiopia","eth",NA,NA,NA,NA,NA,NA,NA,NA,NA,NA,NA,NA,NA,NA,NA,NA,NA,NA,NA,NA,NA,NA,NA,NA,NA,NA,NA,NA,NA,NA,NA,NA,NA,1e+06,1e+06,1e+06,1e+06,1e+06,1e+06,1e+06,1e+06,1e+06,1e+06,1e+06,1128597.3,1128599.8,1128613.2,1128631.2,1128568.3,1128588.6,1128571,1128575.1,1128582.1,1128572.1,1128538.3,1128539.4,1128558.5,1128552.8,1128561.4,1128570.9,1128571.4,1128505.6,1128498.8,1128498.8,NA,NA
"european union","euu",NA,3594945.7,3594925.7,3594935.7,3594935.7,3594925.7,3594915.7,3594905.7,3594895.7,3594895.7,3594885.7,3594875.7,3594875.7,3594875.7,3594845.7,3594725.7,3594645.7,3594625.7,3594625.7,3594585.7,3594505.7,3594485.7,3594475.7,3594435.7,3594445.7,3594445.7,3594445.7,3594445.7,3594435.7,3593445.7,3593445.7,3593555.7,3836902.7,3962252.7,3962292.7,3962262.7,3962352.7,3962262.7,3962222.7,3962192.7,3996171.16,3995641.16,3994451.16,3994933.16,3994673.16,3994383.16,3993723.16,3993673.16,3993114.36,3994043.96,3995335.36,3995241.16,3995390.86,3996781.36,3997528.76,3996905.3,3997297.7,3996576.15,3996769.579,3996650.996,3996659.635,3996792.234,3996694.571,NA,NA,NA
"fragile and conflict affected situations","fcs",NA,16129541,16129541,16129541,16129541,16129541,16129541,16129541,16129541,16129541,16129541,16129541,16129541,16129541,16129141,16128741,16128741,16128741,16128741,16128741,16128741,16128741,16128741,16128741,16128741,16128741,16128741,16128741,16128741,16128741,16128741,16129621,16708971,17809971,17809971,17809971,17809971,17809971,17809971,17809971,17809971,17809971,17809961,17809771,17958210.93,17958236.13,17958378.23,17958454.81,17958196.79,17955169.19,17955097.1,17955155.09,20454945.22,20454640.38,20454563.49,20454617.18,20454324.96,20454293.03,20454358.11,20454370.45,20454301.23,20454306.23,20449830.94,NA,NA,NA
"finland","fin",NA,304590,304590,304590,304590,304590,304590,304590,304590,304590,304590,304590,304590,304590,304590,304590,304590,304590,304590,304590,304590,304590,304590,304590,304590,304590,304590,304590,304590,304590,304590,304590,304590,304590,304590,304590,304590,304590,304590,304590,304590,304590,304590,304590,304590,304590,304110,304090,303900,303900,303900,303890,303890,303890,303890,303910,303910,303920,303920,303930,303940,303947.7,303947.7,303960,NA,NA
"fiji","fji",NA,18270,18270,18270,18270,18270,18270,18270,18270,18270,18270,18270,18270,18270,18270,18270,18270,18270,18270,18270,18270,18270,18270,18270,18270,18270,18270,18270,18270,18270,18270,18270,18270,18270,18270,18270,18270,18270,18270,18270,18270,18270,18270,18270,18270,18270,18270,18270,18270,18270,18270,18270,18270,18270,18270,18270,18270,18270,18270,18270,18270,18270,18270,18270,NA,NA
"france","fra",NA,538950,538950,538950,538950,538950,538950,538950,538950,538950,538950,538950,538950,538950,538950,538950,538950,538950,538950,538950,538950,538950,538950,538950,538950,538950,538950,538950,538950,538950,538950,538950,538950,538950,538950,538950,538950,538950,538950,538950,538950,538950,538950,538950,538950,538950,538950,538950,538950,538950,538950,538950,538950,538950,538950,538950,538950,538950,538950,538950,538950,538950,538950,538950,NA,NA
"faroe islands","fro",NA,1396,1396,1396,1396,1396,1396,1396,1396,1396,1396,1396,1396,1396,1396,1396,1396,1396,1396,1396,1396,1396,1396,1396,1396,1396,1396,1396,1396,1396,1396,1396,1396,1396,1396,1396,1396,1396,1396,1396,1396,1396,1396,1396,1396,1396,1396,1396,1396,1396,1396,1396,1396,1396,1396,1396,1396,1396,1396,1396,1366,1370,1370,1370,NA,NA
"micronesia, fed. sts.","fsm",NA,NA,NA,NA,NA,NA,NA,NA,NA,NA,NA,NA,NA,NA,NA,NA,NA,NA,NA,NA,NA,NA,NA,NA,NA,NA,NA,NA,NA,NA,NA,700,700,700,700,700,700,700,700,700,700,700,700,700,700,700,700,700,700,700,700,700,700,700,700,700,700,700,700,700,700,700,700,700,NA,NA
"gabon","gab",NA,257670,257670,257670,257670,257670,257670,257670,257670,257670,257670,257670,257670,257670,257670,257670,257670,257670,257670,257670,257670,257670,257670,257670,257670,257670,257670,257670,257670,257670,257670,257670,257670,257670,257670,257670,257670,257670,257670,257670,257670,257670,257670,257670,257670,257670,257670,257670,257670,257670,257670,257670,257670,257670,257670,257670,257670,257670,257670,257670,257670,257670,257670,257670,NA,NA
"united kingdom","gbr",NA,241930,241930,241930,241930,241930,241930,241930,241930,241930,241930,241930,241930,241930,241930,241930,241930,241930,241930,241930,241930,241930,241930,241930,241930,241930,241930,241930,241930,241930,241930,241930,241930,241930,241930,241930,241930,241930,241930,241930,241930,241930,241930,241930,241930,241930,241930,241930,241930,241930,241930,241930,241930,241930,241930,241930,241930,241930,241930,241930,241930,241930,241930,241930,NA,NA
"georgia","geo",NA,NA,NA,NA,NA,NA,NA,NA,NA,NA,NA,NA,NA,NA,NA,NA,NA,NA,NA,NA,NA,NA,NA,NA,NA,NA,NA,NA,NA,NA,NA,NA,69490,69490,69490,69490,69490,69490,69490,69490,69490,69490,69490,69490,69490,69490,69490,69490,69490,69490,69490,69490,69490,69490,69490,69490,69490,69490,69490,69490,69490,69490,69490,69490,NA,NA
"ghana","gha",NA,227540,227540,227540,227540,227540,227540,227540,227540,227540,227540,227540,227540,227540,227540,227540,227540,227540,227540,227540,227540,227540,227540,227540,227540,227540,227540,227540,227540,227540,227540,227540,227540,227540,227540,227540,227540,227540,227540,227540,227540,227540,227540,227540,227540,227540,227540,227540,227540,227540,227540,227540,227540,227540,227540,227540,227540,227540,227540,227533,227530,227533,227533,227533,NA,NA
"gibraltar","gib",NA,10,10,10,10,10,10,10,10,10,10,10,10,10,10,10,10,10,10,10,10,10,10,10,10,10,10,10,10,10,10,10,10,10,10,10,10,10,10,10,10,10,10,10,10,10,10,10,10,10,10,10,10,10,10,10,10,10,10,10,10,10,10,10,NA,NA
"guinea","gin",NA,245720,245720,245720,245720,245720,245720,245720,245720,245720,245720,245720,245720,245720,245720,245720,245720,245720,245720,245720,245720,245720,245720,245720,245720,245720,245720,245720,245720,245720,245720,245720,245720,245720,245720,245720,245720,245720,245720,245720,245720,245720,245720,245720,245720,245720,245720,245720,245720,245720,245720,245720,245720,245720,245720,245720,245720,245720,245720,245720,245720,245720,245720,245720,NA,NA
"gambia, the","gmb",NA,10120,10120,10120,10120,10120,10120,10120,10120,10120,10120,10120,10120,10120,10120,10120,10120,10120,10120,10120,10120,10120,10120,10120,10120,10120,10120,10120,10120,10120,10120,10120,10120,10120,10120,10120,10120,10120,10120,10120,10120,10120,10120,10120,10120,10120,10120,10120,10120,10120,10120,10120,10120,10120,10120,10120,10120,10120,10120,10120,10120,10120,10120,10120,NA,NA
"guinea-bissau","gnb",NA,28120,28120,28120,28120,28120,28120,28120,28120,28120,28120,28120,28120,28120,28120,28120,28120,28120,28120,28120,28120,28120,28120,28120,28120,28120,28120,28120,28120,28120,28120,28120,28120,28120,28120,28120,28120,28120,28120,28120,28120,28120,28120,28120,28120,28120,28120,28120,28120,28120,28120,28120,28120,28120,28120,28120,28120,28120,28120,28120,28120,28120,28120,28120,NA,NA
"equatorial guinea","gnq",NA,28050,28050,28050,28050,28050,28050,28050,28050,28050,28050,28050,28050,28050,28050,28050,28050,28050,28050,28050,28050,28050,28050,28050,28050,28050,28050,28050,28050,28050,28050,28050,28050,28050,28050,28050,28050,28050,28050,28050,28050,28050,28050,28050,28050,28050,28050,28050,28050,28050,28050,28050,28050,28050,28050,28050,28050,28050,28050,28050,28050,28050,28050,28050,NA,NA
"greece","grc",NA,128900,128900,128900,128900,128900,128900,128900,128900,128900,128900,128900,128900,128900,128900,128900,128900,128900,128900,128900,128900,128900,128900,128900,128900,128900,128900,128900,128900,128900,128900,128900,128900,128900,128900,128900,128900,128900,128900,128900,128900,128900,128900,128900,128900,128900,128900,128900,128900,128900,128900,128900,128900,128900,128900,128900,128900,128900,128900,128900,128900,128900,128900,128900,NA,NA
"grenada","grd",NA,340,340,340,340,340,340,340,340,340,340,340,340,340,340,340,340,340,340,340,340,340,340,340,340,340,340,340,340,340,340,340,340,340,340,340,340,340,340,340,340,340,340,340,340,340,340,340,340,340,340,340,340,340,340,340,340,340,340,340,340,340,340,340,NA,NA
"greenland","grl",NA,341700,341700,341700,341700,341700,341700,341700,341700,341700,341700,341700,341700,341700,341700,341700,341700,341700,341700,341700,341700,341700,341700,341700,341700,341700,341700,341700,341700,341700,341700,341700,341700,341700,341700,341700,341700,410450,410450,410450,410450,410450,410450,410450,410450,410450,410450,410450,410450,410450,410450,410450,410450,410450,410450,410450,410450,410450,410450,410450,410450,410450,410450,410450,NA,NA
"guatemala","gtm",NA,107160,107160,107160,107160,107160,107160,107160,107160,107160,107160,107160,107160,107160,107160,107160,107160,107160,107160,107160,107160,107160,107160,107160,107160,107160,107160,107160,107160,107160,107160,107160,107160,107160,107160,107160,107160,107160,107160,107160,107160,107160,107160,107160,107160,107160,107160,107160,107160,107160,107160,107160,107160,107160,107160,107160,107160,107160,107160,107160,107160,107160,107160,107160,NA,NA
"guam","gum",NA,540,540,540,540,540,540,540,540,540,540,540,540,540,540,540,540,540,540,540,540,540,540,540,540,540,540,540,540,540,540,540,540,540,540,540,540,540,540,540,540,540,540,540,540,540,540,540,540,540,540,540,540,540,540,540,540,540,540,540,540,540,540,540,NA,NA
"guyana","guy",NA,196710,196710,196710,196710,196710,196710,196710,196710,196710,196710,196710,196710,196710,196710,196850,196850,196850,196850,196850,196850,196850,196850,196850,196850,196850,196850,196850,196850,196850,196850,196850,196850,196850,196850,196850,196850,196850,196850,196850,196850,196850,196850,196850,196850,196850,196850,196850,196850,196850,196850,196850,196850,196850,196850,196850,196850,196850,196850,196850,211140,211140,211140,211140,NA,NA
"high income","hic",NA,35135119.73,35135099.73,35135109.73,35135109.73,35135099.73,35135089.73,35135079.73,35135069.73,35135069.73,35135059.73,35135049.73,35134949.73,35134949.73,35134919.73,35134829.73,35134749.73,35134619.73,35134619.73,35134580.44,35134310.44,35134390.44,35134170.44,35134130.44,35132640.52,35132540.6,35132640.68,35132540.76,35132530.84,35131540.92,35131541,35132571.08,51765888.16,51887468.24,51882658.32,51879738.4,51879307.18,51948655.96,51951264.75,51958443.53,51988021.77,51986876.55,51986241.33,51986794.1,51986815.88,51986724.66,51982449.03,51982449.41,51966605.01,51967604.31,51969039.31,51969469.71,51969743.82,51971130.08,51971528.92,51971009.66,51981121.59,51980402.61,51981233.14,51981184.55,51980361.19,51803597.95,51745159.29,NA,NA,NA
"hong kong sar, china","hkg",NA,1020,1020,1020,1020,1020,1020,1020,1020,1020,1020,1020,1020,1020,1020,1010,1010,1000,1000,1000,1000,1000,990,990,990,990,990,990,990,990,990,990,990,990,990,1050,1050,1050,1050,1050,1050,1050,1050,1050,1050,1050,1050,1050,1050,1050,1050,1050,1050,1050,1050,1050,1050,1050,1050,1050,1050,1050,1050,1050,NA,NA
"honduras","hnd",NA,111890,111890,111890,111890,111890,111890,111890,111890,111890,111890,111890,111890,111890,111890,111890,111890,111890,111890,111890,111890,111890,111890,111890,111890,111890,111890,111890,111890,111890,111890,111890,111890,111890,111890,111890,111890,111890,111890,111890,111890,111890,111890,111890,111890,111890,111890,111890,111890,111890,111890,111890,111890,111890,111890,111890,111890,111890,111890,111890,111890,111890,111890,111890,NA,NA
"heavily indebted poor countries (hipc)","hpc",NA,16276851,16276851,16276851,16276851,16276851,16276851,16276851,16276851,16276851,16276851,16276851,16276851,16276851,16276451,16276191,16276191,16276191,16276191,16276191,16276191,16276191,16276191,16276191,16276191,16276191,16276191,16276191,16276191,16276191,16276191,16276191,16276191,17377191,17377191,17377191,17377191,17377191,17377191,17377191,17377191,17377191,17377191,17377191,17525770.93,17525816.13,17525808.23,17525854.81,17525816.79,17525849.19,17526537.1,17526820.09,19394820.22,19394782.38,19394735.49,19394789.18,19394796.96,19394785.03,19394800.11,19394805.45,19394763.23,19394766.23,19394766.23,NA,NA,NA
"croatia","hrv",NA,NA,NA,NA,NA,NA,NA,NA,NA,NA,NA,NA,NA,NA,NA,NA,NA,NA,NA,NA,NA,NA,NA,NA,NA,NA,NA,NA,NA,NA,NA,NA,55910,55910,55910,55910,55980,55980,55910,55910,55912,55912,55912,55964,55964,55964,55964,55964,55964,55964,55964,55964,55964,55964,55964,55964,55964,55964,55964,55964,55960,55960,55960,55960,NA,NA
"haiti","hti",NA,27560,27560,27560,27560,27560,27560,27560,27560,27560,27560,27560,27560,27560,27560,27560,27560,27560,27560,27560,27560,27560,27560,27560,27560,27560,27560,27560,27560,27560,27560,27560,27560,27560,27560,27560,27560,27560,27560,27560,27560,27560,27560,27560,27560,27560,27560,27560,27560,27560,27560,27560,27560,27560,27560,27560,27560,27560,27560,27560,27560,27560,27560,27560,NA,NA
"hungary","hun",NA,90040,90020,90030,90030,90020,90010,90000,89990,89990,89980,89970,89970,89970,89970,89970,89950,89960,89970,89920,89910,89900,89890,89880,89880,89880,89880,89880,89870,89870,89870,89870,89870,89860,89860,89860,89860,89800,89800,89800,89620,89620,89620,89620,89620,89610,89610,89610,89610,90530,90530,90530,90530,90530,91260,91260,91260,91260,91260,91260,91260,91260,91260,91260,NA,NA
"ibrd only","ibd",NA,49974220.74,49974220.74,49974220.74,49974220.74,49974220.74,49974220.74,49974220.74,49974220.74,49974220.74,49974220.74,49974220.74,49974220.74,49974150.74,49974110.74,49974090.74,49973960.74,49973960.74,49973960.74,49973960.74,49973870.74,49973870.74,49973870.74,49973870.74,49973870.74,49973870.74,49973870.74,49973870.74,49973870.74,49972880.74,49972880.74,49973450.74,70661895.74,70658169.74,70653345.74,70650345.74,70650001.74,70650692.74,70624691.74,70631520.74,70675864.74,70674983.94,70673262.17,70680141.76,70680298.52,70683140.89,70783381.49,70782792.89,70782141.89,70779673.13,70780020.42,70780016.95,70780028.95,70779418.38,70779630.92,70779651.4,70779671.4,70773439.4,70773584.3,70773414.92,70770315.42,70785381.49,70784043.32,NA,NA,NA
"ida & ibrd total","ibt",NA,70751672.35,70751672.35,70751672.35,70751672.35,70751672.35,70751672.35,70751672.35,70751672.35,70751672.35,70751672.35,70751672.35,70751672.35,70751602.35,70751162.35,70750882.35,70750752.35,70750752.35,70750752.35,70750752.35,70750662.35,70750662.35,70750662.35,70750662.35,70750662.35,70750662.35,70750662.35,70750662.35,70750662.35,70749672.35,70749672.35,70751122.35,92196727.35,93294001.35,93282254.35,93279254.35,93278910.35,93279601.35,93253600.35,93260429.35,93315688.35,93314753.55,93313031.78,93319687.37,93466577.05,93469400.63,93569804.33,93569456.31,93568540.29,93566071.94,93567004.13,93567230.65,96067023.78,96066294.37,96065286.02,96069358.19,96069103.97,96062777.04,96062853.02,96062657.45,96059576.26,96074648.33,96074858.87,NA,NA,NA
"ida total","ida",NA,20777451.61,20777451.61,20777451.61,20777451.61,20777451.61,20777451.61,20777451.61,20777451.61,20777451.61,20777451.61,20777451.61,20777451.61,20777451.61,20777051.61,20776791.61,20776791.61,20776791.61,20776791.61,20776791.61,20776791.61,20776791.61,20776791.61,20776791.61,20776791.61,20776791.61,20776791.61,20776791.61,20776791.61,20776791.61,20776791.61,20777671.61,21534831.61,22635831.61,22628908.61,22628908.61,22628908.61,22628908.61,22628908.61,22628908.61,22639823.61,22639769.61,22639769.61,22639545.61,22786278.54,22786259.74,22786422.84,22786663.42,22786398.4,22786398.8,22786983.71,22787213.7,25286994.83,25286875.99,25285655.1,25289706.79,25289432.57,25289337.64,25289268.72,25289242.53,25289260.84,25289266.84,25290815.55,NA,NA,NA
"ida blend","idb",NA,4462487.61,4462487.61,4462487.61,4462487.61,4462487.61,4462487.61,4462487.61,4462487.61,4462487.61,4462487.61,4462487.61,4462487.61,4462487.61,4462487.61,4462487.61,4462487.61,4462487.61,4462487.61,4462487.61,4462487.61,4462487.61,4462487.61,4462487.61,4462487.61,4462487.61,4462487.61,4462487.61,4462487.61,4462487.61,4462487.61,4462487.61,4887887.61,4887887.61,4887887.61,4887887.61,4887887.61,4887887.61,4887887.61,4887887.61,4898452.61,4898398.61,4898398.61,4898364.61,4898340.61,4898336.61,4898337.61,4898471.61,4898454.61,4898432.61,4898379.61,4898296.61,4898287.61,4898276.61,4898276.61,4903087.61,4903078.61,4903075.61,4903074.61,4903042.61,4903137.61,4903140.61,4903139.61,NA,NA,NA
"indonesia","idn",NA,1811570,1811570,1811570,1811570,1811570,1811570,1811570,1811570,1811570,1811570,1811570,1811570,1811570,1811570,1811570,1811570,1811570,1811570,1811570,1811570,1811570,1811570,1811570,1811570,1811570,1811570,1811570,1811570,1811570,1811570,1811570,1811570,1811570,1811570,1811570,1811570,1811570,1811570,1811570,1877519,1877519,1877519,1877519,1877519,1877519,1877519,1877519,1877519,1877519,1877519,1877519,1877519,1877519,1877519,1877519,1877519,1877519,1877519,1877519,1877519,1892555.47,1892555.47,1892555.47,NA,NA
"ida only","idx",NA,16314964,16314964,16314964,16314964,16314964,16314964,16314964,16314964,16314964,16314964,16314964,16314964,16314964,16314564,16314304,16314304,16314304,16314304,16314304,16314304,16314304,16314304,16314304,16314304,16314304,16314304,16314304,16314304,16314304,16314304,16315184,16646944,17747944,17741021,17741021,17741021,17741021,17741021,17741021,17741371,17741371,17741371,17741181,17887937.93,17887923.13,17888085.23,17888191.81,17887943.79,17887966.19,17888604.1,17888917.09,20388707.22,20388599.38,20387378.49,20386619.18,20386353.96,20386262.03,20386194.11,20386199.92,20386123.23,20386126.23,20387675.94,NA,NA,NA
"isle of man","imn",NA,570,570,570,570,570,570,570,570,570,570,570,570,570,570,570,570,570,570,570,570,570,570,570,570,570,570,570,570,570,570,570,570,570,570,570,570,570,570,570,570,570,570,570,570,570,570,570,570,570,570,570,570,570,570,570,570,570,570,570,570,570,570,570,NA,NA
"india","ind",NA,2973190,2973190,2973190,2973190,2973190,2973190,2973190,2973190,2973190,2973190,2973190,2973190,2973190,2973190,2973190,2973190,2973190,2973190,2973190,2973190,2973190,2973190,2973190,2973190,2973190,2973190,2973190,2973190,2973190,2973190,2973190,2973190,2973190,2973190,2973190,2973190,2973190,2973190,2973190,2973190,2973190,2973190,2973190,2973190,2973190,2973190,2973190,2973190,2973190,2973190,2973190,2973190,2973190,2973190,2973190,2973190,2973190,2973190,2973190,2973190,2973190,2973190,2973190,NA,NA
"not classified","inx",NA,NA,NA,NA,NA,NA,NA,NA,NA,NA,NA,NA,NA,NA,NA,NA,NA,NA,NA,NA,NA,NA,NA,NA,NA,NA,NA,NA,NA,NA,NA,NA,NA,NA,NA,NA,NA,NA,NA,NA,NA,NA,NA,NA,NA,NA,NA,NA,NA,NA,NA,NA,NA,NA,NA,NA,NA,NA,NA,NA,NA,NA,NA,NA,NA,NA
"ireland","irl",NA,68890,68890,68890,68890,68890,68890,68890,68890,68890,68890,68890,68890,68890,68890,68890,68890,68890,68890,68890,68890,68890,68890,68890,68890,68890,68890,68890,68890,68890,68890,68890,68890,68890,68890,68890,68890,68890,68890,68890,68890,68890,68890,68890,68890,68890,68890,68890,68890,68890,68890,68890,68890,68890,68890,68890,68890,68890,68890,68890,68890,68890,68890,68890,NA,NA
"iran, islamic rep.","irn",NA,1628760,1628760,1628760,1628760,1628760,1628760,1628760,1628760,1628760,1628760,1628760,1628760,1628760,1628760,1628760,1628760,1628760,1628760,1628760,1628760,1628760,1628760,1628760,1628760,1628760,1628760,1628760,1628760,1628760,1628760,1628760,1628760,1628760,1628760,1628760,1628760,1628760,1628760,1628760,1628760,1628760,1628760,1628760,1628760,1628760,1628760,1628760,1628760,1628760,1628760,1628760,1628760,1628760,1628760,1628760,1628760,1622500,1622500,1622500,1622500,1622500,1622500,1622500,NA,NA
"iraq","irq",NA,437370,437370,437370,437370,437370,437370,437370,437370,437370,437370,437370,437370,437370,437370,437370,437370,437370,437370,437370,437370,437370,437370,437370,437370,437370,437370,437370,437370,437370,437370,437370,437370,437370,437370,437370,437370,437370,437370,437370,437370,437370,437370,437370,437370,437370,437370,437370,437370,434320,434320,434320,434320,434128,434128,434128,434128,434128,434128,434130,434130,434130,434130,434130,NA,NA
"iceland","isl",NA,100250,100250,100250,100250,100250,100250,100250,100250,100250,100250,100250,100250,100250,100250,100250,100250,100250,100250,100250,100250,100250,100250,100250,100250,100250,100250,100250,100250,100250,100250,100250,100250,100250,100250,100250,100250,100250,100250,100250,100250,100250,100250,100250,100250,100250,100250,100250,100250,100250,100250,100250,100250,100250,100250,100250,100250,100250,100830,100830,100830,100830,100830,100830,NA,NA
"israel","isr",NA,21640,21640,21640,21640,21640,21640,21640,21640,21640,21640,21640,21640,21640,21640,21640,21640,21640,21640,21640,21640,21640,21640,21640,21640,21640,21640,21640,21640,21640,21640,21640,21640,21640,21640,21640,21640,21640,21640,21640,21640,21640,21640,21640,21640,21640,21640,21640,21640,21640,21640,21640,21640,21640,21640,21640,21640,21640,21640,21640,21640,21640,21640,21640,NA,NA
"italy","ita",NA,294110,294110,294110,294110,294110,294110,294110,294110,294110,294110,294110,294110,294110,294110,294110,294110,294110,294110,294110,294110,294110,294110,294110,294110,294110,294110,294110,294110,294110,294110,294110,294110,294110,294110,294110,294110,294110,294110,294110,295718,295718,295718,295718,295718,295718,295718,295718,295718,295718,295718,295718,295718,295718,295718,295718,295718,295718,295718,295717,295717,295717,295720,295720,NA,NA
"jamaica","jam",NA,10830,10830,10830,10830,10830,10830,10830,10830,10830,10830,10830,10830,10830,10830,10830,10830,10830,10830,10830,10830,10830,10830,10830,10830,10830,10830,10830,10830,10830,10830,10830,10830,10830,10830,10830,10830,10830,10830,10830,10830,10830,10830,10830,10830,10830,10830,10830,10830,10830,10830,10830,10830,10830,10830,10830,10830,10830,10830,10830,10830,10830,10830,10830,NA,NA
"jordan","jor",NA,88240,88240,88240,88240,88240,88240,88240,88240,88240,88240,88240,88240,88240,88240,88240,88240,88240,88240,88240,88240,88240,88240,88240,88240,88240,88240,88240,88240,88240,88240,88240,88240,88240,88240,88240,88240,88240,88240,88240,88240,88240,88240,88240,88240,88240,88240,88240,88240,88780,88780,88780,88780,88780,88780,88780,88780,88780,88780,88794,88794,88794,88794,88794,NA,NA
"japan","jpn",NA,366700,366700,366700,366700,366700,366700,366700,366700,366700,366700,366700,366600,366600,366600,366500,366500,366400,366400,366400,366300,366400,366200,366200,364700,364600,364700,364600,364600,364600,364600,364600,364600,364600,364600,364600,364500,364500,364500,364500,364500,364500,364500,364500,364500,364500,364500,364500,364500,364500,364500,364500,364500,364500,364500,364500,364500,364500,364500,364500,364500,364500,364500,364569.27,NA,NA
"kazakhstan","kaz",NA,NA,NA,NA,NA,NA,NA,NA,NA,NA,NA,NA,NA,NA,NA,NA,NA,NA,NA,NA,NA,NA,NA,NA,NA,NA,NA,NA,NA,NA,NA,NA,2699700,2699700,2699700,2699700,2699700,2699700,2699700,2699700,2699700,2699700,2699700,2699700,2699700,2699700,2699700,2699700,2699700,2699700,2699700,2699700,2699700,2699700,2699700,2699700,2699700,2699700,2699700,2699700,2699700,2699700,2699700,2699700,NA,NA
"kenya","ken",NA,569140,569140,569140,569140,569140,569140,569140,569140,569140,569140,569140,569140,569140,569140,569140,569140,569140,569140,569140,569140,569140,569140,569140,569140,569140,569140,569140,569140,569140,569140,569140,569140,569140,569140,569140,569140,569140,569140,569140,569140,569140,569140,569140,569140,569140,569140,569140,569140,569140,569140,569140,569140,569140,569140,571096.05,573052.1,575008.15,576964.2,578920.25,580876.3,580876.3,580876.3,580876.3,NA,NA
"kyrgyz republic","kgz",NA,NA,NA,NA,NA,NA,NA,NA,NA,NA,NA,NA,NA,NA,NA,NA,NA,NA,NA,NA,NA,NA,NA,NA,NA,NA,NA,NA,NA,NA,NA,NA,191800,191800,191800,191800,191800,191800,191800,191800,191800,191800,191800,191800,191800,191800,191800,191800,191800,191800,191800,191800,191800,191800,191800,191800,191800,191800,191800,191800,191800,191800,191800,191800,NA,NA
"cambodia","khm",NA,176520,176520,176520,176520,176520,176520,176520,176520,176520,176520,176520,176520,176520,176520,176520,176520,176520,176520,176520,176520,176520,176520,176520,176520,176520,176520,176520,176520,176520,176520,176520,176520,176520,176520,176520,176520,176520,176520,176520,176520,176520,176520,176520,176520,176520,176520,176520,176520,176520,176520,176520,176520,176520,176520,176520,176520,176520,176520,176520,176520,176520,176520,176520,NA,NA
"kiribati","kir",NA,810,810,810,810,810,810,810,810,810,810,810,810,810,810,810,810,810,810,810,810,810,810,810,810,810,810,810,810,810,810,810,810,810,810,810,810,810,810,810,810,810,810,810,810,810,810,810,810,810,810,810,810,810,810,810,810,810,810,810,810,810,810,810,NA,NA
"st. kitts and nevis","kna",NA,350,350,350,350,350,350,350,350,350,350,350,350,350,350,350,350,350,350,350,260,260,260,260,260,260,260,260,260,260,260,260,260,260,260,260,260,260,260,260,260,260,260,260,260,260,260,260,260,260,260,260,260,260,260,260,260,260,260,260,260,260,260,260,NA,NA
"korea, rep.","kor",NA,96460,96460,96460,96460,96460,96460,96460,96460,96460,96460,96460,96460,96460,96460,96460,96460,96460,96460,96460,96460,96460,96460,96460,96460,96460,96460,96460,96460,96460,96460,96460,96460,96460,96460,96460,96460,96460,96460,96460,96460,96740,96790,96800,96820,96850,96880,96920,96990,97060,97200,97190,97310,97426,97430,97445,97489,97510,97520,97600,97600,97600,97600,97600,NA,NA
"kuwait","kwt",NA,17820,17820,17820,17820,17820,17820,17820,17820,17820,17820,17820,17820,17820,17820,17820,17820,17820,17820,17820,17820,17820,17820,17820,17820,17820,17820,17820,17820,17820,17820,17820,17820,17820,17820,17820,17820,17820,17820,17820,17820,17820,17820,17820,17820,17820,17820,17820,17820,17820,17820,17820,17820,17820,17820,17820,17820,17820,17820,17820,17820,17820,17820,17820,NA,NA
"latin america & caribbean (excluding high income)","lac",NA,17925467.61,17925467.61,17925467.61,17925467.61,17925467.61,17925467.61,17925467.61,17925467.61,17925467.61,17925467.61,17925467.61,17925467.61,17925467.61,17925467.61,17925467.61,17925337.61,17925337.61,17925337.61,17925337.61,17925337.61,17925337.61,17925337.61,17925337.61,17925337.61,17925337.61,17925337.61,17925337.61,17925337.61,17925337.61,17925337.61,17925337.61,17925337.61,17925337.61,17925337.61,17925337.61,17925337.61,17925337.61,17896857.61,17896857.61,17896857.61,17896857.61,17895847.61,17895857.61,17895867.61,17895897.61,17895887.61,17895897.61,17895897.61,17895897.61,17895897.61,17896320.61,17896106.61,17893677.61,17893477.61,17893557.61,17893497.61,17893257.61,17893257.61,17893145.63,17893145.63,17893145.63,17891857.67,NA,NA,NA
"lao pdr","lao",NA,230800,230800,230800,230800,230800,230800,230800,230800,230800,230800,230800,230800,230800,230800,230800,230800,230800,230800,230800,230800,230800,230800,230800,230800,230800,230800,230800,230800,230800,230800,230800,230800,230800,230800,230800,230800,230800,230800,230800,230800,230800,230800,230800,230800,230800,230800,230800,230800,230800,230800,230800,230800,230800,230800,230800,230800,230800,230800,230800,230800,230800,230800,230800,NA,NA
"lebanon","lbn",NA,10230,10230,10230,10230,10230,10230,10230,10230,10230,10230,10230,10230,10230,10230,10230,10230,10230,10230,10230,10230,10230,10230,10230,10230,10230,10230,10230,10230,10230,10230,10230,10230,10230,10230,10230,10230,10230,10230,10230,10230,10230,10230,10230,10230,10230,10230,10230,10230,10230,10230,10230,10230,10230,10230,10230,10230,10230,10230,10230,10230,10230,10230,10230,NA,NA
"liberia","lbr",NA,96320,96320,96320,96320,96320,96320,96320,96320,96320,96320,96320,96320,96320,96320,96320,96320,96320,96320,96320,96320,96320,96320,96320,96320,96320,96320,96320,96320,96320,96320,96320,96320,96320,96320,96320,96320,96320,96320,96320,96320,96320,96320,96320,96320,96320,96320,96320,96320,96320,96320,96320,96320,96320,96320,96320,96320,96320,96320,96320,96320,96320,96320,96320,NA,NA
"libya","lby",NA,1759540,1759540,1759540,1759540,1759540,1759540,1759540,1759540,1759540,1759540,1759540,1759540,1759540,1759540,1759540,1759540,1759540,1759540,1759540,1759540,1759540,1759540,1759540,1759540,1759540,1759540,1759540,1759540,1759540,1759540,1759540,1759540,1759540,1759540,1759540,1759540,1759540,1759540,1759540,1759540,1759540,1759540,1759540,1759540,1759540,1759540,1759540,1759540,1759540,1759540,1759540,1759540,1759540,1759540,1759540,1759540,1759540,1759540,1759540,1759540,1759540,1759540,1759540,NA,NA
"st. lucia","lca",NA,610,610,610,610,610,610,610,610,610,610,610,610,610,610,610,610,610,610,610,610,610,610,610,610,610,610,610,610,610,610,610,610,610,610,610,610,610,610,610,610,610,610,610,610,610,610,610,610,610,610,610,610,610,610,610,610,610,610,610,610,610,610,610,NA,NA
"latin america & caribbean","lcn",NA,20075279.61,20075279.61,20075279.61,20075279.61,20075279.61,20075279.61,20075279.61,20075279.61,20075279.61,20075279.61,20075279.61,20075279.61,20075279.61,20075279.61,20075419.61,20075289.61,20075289.61,20075289.61,20075289.61,20075199.61,20075199.61,20075199.61,20075199.61,20075199.61,20075199.61,20075199.61,20075199.61,20075199.61,20075199.61,20075199.61,20075199.61,20075199.61,20075199.61,20075199.61,20075199.61,20075199.61,20075199.61,20046719.61,20046719.61,20046719.61,20046719.61,20045709.61,20045719.61,20045729.61,20045759.61,20045749.61,20045759.61,20045759.61,20045759.61,20045759.61,20046710.61,20046496.61,20044067.61,20043647.61,20043727.61,20043667.61,20043427.61,20043487.61,20043375.63,20043375.63,20043375.63,20042087.67,NA,NA,NA
"least developed countries: un classification","ldc",NA,16609841,16609841,16609841,16609841,16609841,16609841,16609841,16609841,16609841,16609841,16609841,16609841,16609841,16609441,16609041,16609041,16609041,16609041,16609041,16609041,16609041,16609041,16609041,16609041,16609041,16609041,16609041,16609041,16609041,16609041,16609041,16609041,17710041,17710041,17710041,17710041,17710041,17710041,17710041,17710391,17710391,17710391,17710391,17858850.93,17858836.13,17858938.23,17859034.81,17858786.79,17858809.19,17859457.1,17859770.09,20359560.22,20359452.38,20359405.49,20359459.18,20359166.96,20359125.03,20359090.11,20359102.45,20359033.23,20359033.23,20359033.23,NA,NA,NA
"low income","lic",NA,10995740,10995740,10995740,10995740,10995740,10995740,10995740,10995740,10995740,10995740,10995740,10995740,10995740,10995340,10994940,10994940,10994940,10994940,10994940,10994940,10994940,10994940,10994940,10994940,10994940,10994940,10994940,10994940,10994940,10994940,10994940,10994940,11095940,11095940,11095940,11095940,11095940,11095940,11095940,11095940,11095940,11095940,11095750,11115712.63,11115755.33,11115794.03,11115832.61,11115857.49,11115869.59,11116565.1,11116843.99,13616767.12,13616739.28,13616726.19,13616778.78,13616767.46,13616761.23,13616767.71,13616770.55,13616730.83,13616730.83,13618280.54,NA,NA,NA
"liechtenstein","lie",NA,160,160,160,160,160,160,160,160,160,160,160,160,160,160,160,160,160,160,160,160,160,160,160,160,160,160,160,160,160,160,160,160,160,160,160,160,160,160,160,160,160,160,160,160,160,160,160,160,160,160,160,160,160,160,160,160,160,160,160,160,160,160,160,NA,NA
"sri lanka","lka",NA,62710,62710,62710,62710,62710,62710,62710,62710,62710,62710,62710,62710,62710,62710,62710,62710,62710,62710,62710,62710,62710,62710,62710,62710,62710,62710,62710,62710,62710,62710,62710,62710,62710,62710,62710,62710,62710,62710,62710,62710,62710,62710,62710,62710,62710,62710,62710,62710,62710,62710,62710,62710,62710,62710,61893,61893,61893,61864,61864.47,61860,61860,61860,61860,NA,NA
"lower middle income","lmc",NA,17945694,17945694,17945694,17945694,17945694,17945694,17945694,17945694,17945694,17945694,17945694,17945694,17945624,17945584,17945564,17945564,17945564,17945564,17945564,17945564,17945564,17945564,17945564,17945564,17945564,17945564,17945564,17945564,17945564,17945564,17946264,18703424,18703424,18696501,18696501,18696501,18696501,18696501,18696501,18692986,18692962,18692422,18691908,18690081,18692784,18692853,18692800,18692807,18693285,18693724,18693661,18693685,18693154.33,18692344,18696354,18696076,18696059,18696001,18695976.47,18696034,18696045,18690019,NA,NA,NA
"low & middle income","lmy",NA,68208700.35,68208700.35,68208700.35,68208700.35,68208700.35,68208700.35,68208700.35,68208700.35,68208700.35,68208700.35,68208700.35,68208700.35,68208630.35,68208190.35,68207770.35,68207640.35,68207640.35,68207640.35,68207640.35,68207640.35,68207640.35,68207640.35,68207640.35,68207640.35,68207640.35,68207640.35,68207640.35,68207640.35,68207640.35,68207640.35,68208520.35,73208265.35,73309309.35,73302362.35,73302332.35,73302308.35,73302299.35,73273658.35,73273267.35,73335584.35,73335549.55,73333987.78,73340561.37,73358483.75,73361314.83,73465365.13,73465119.11,73465145.99,73462567.34,73463527.13,73464102.55,75963834.68,75960686.27,75959701.72,75963852.79,75963519.47,75956958.24,75956985.62,75956840.55,75953742.86,75968849.93,75963045.47,NA,NA,NA
"lesotho","lso",NA,30360,30360,30360,30360,30360,30360,30360,30360,30360,30360,30360,30360,30360,30360,30360,30360,30360,30360,30360,30360,30360,30360,30360,30360,30360,30360,30360,30360,30360,30360,30360,30360,30360,30360,30360,30360,30360,30360,30360,30360,30360,30360,30360,30360,30360,30360,30360,30360,30360,30360,30360,30360,30360,30360,30360,30360,30360,30360,30360,30360,30360,30360,30360,NA,NA
"late-demographic dividend","lte",NA,24766870.74,24766870.74,24766870.74,24766870.74,24766870.74,24766870.74,24766870.74,24766870.74,24766870.74,24766870.74,24766870.74,24766870.74,24766830.74,24766830.74,24766970.74,24766970.74,24766970.74,24766970.74,24766970.74,24766970.74,24766970.74,24766970.74,24766970.74,24766970.74,24766970.74,24766970.74,24766970.74,24766970.74,24765980.74,24765980.74,24766090.74,44391634.74,44436044.74,44431234.74,44428244.74,44427844.74,44428534.74,44431109.74,44437932.74,44416123.74,44415246.94,44415380.17,44422250.76,44422418.52,44425322.89,44525522.49,44524986.89,44524344.89,44524430.13,44524774.42,44524759.95,44524782.95,44525435.38,44525704.92,44524904.4,44524912.4,44524210.4,44524754.3,44524698.37,44521586.4,44521646,44521535.79,NA,NA,NA
"lithuania","ltu",NA,NA,NA,NA,NA,NA,NA,NA,NA,NA,NA,NA,NA,NA,NA,NA,NA,NA,NA,NA,NA,NA,NA,NA,NA,NA,NA,NA,NA,NA,NA,NA,62680,62680,62680,62680,62680,62680,62680,62680,62680,62680,62680,62680,62680,62680,62680,62680,62675,62675,62675,62674,62674,62675,62650,62650,62642,62641,62630,62620,62620,62610,62604,62600,NA,NA
"luxembourg","lux",NA,NA,NA,NA,NA,NA,NA,NA,NA,NA,NA,NA,NA,NA,NA,NA,NA,NA,NA,NA,NA,NA,NA,NA,NA,NA,NA,NA,NA,NA,NA,NA,NA,NA,NA,NA,NA,NA,NA,NA,2574.46,2574.46,2574.46,2574.46,2574.46,2574.46,2574.46,2574.46,2574.46,2574.46,2574.46,2574.46,2574.46,2574.46,2574.46,2574.46,2574.46,2574.46,2574.46,2574.46,2574.46,2574.46,2574.46,2574.46,NA,NA
"latvia","lva",NA,NA,NA,NA,NA,NA,NA,NA,NA,NA,NA,NA,NA,NA,NA,NA,NA,NA,NA,NA,NA,NA,NA,NA,NA,NA,NA,NA,NA,NA,NA,NA,62227,62227,62227,62227,62227,62227,62227,62227,62227,62227,62227,62227,62227,62227,62227,62227,62227,62227,62227,62227,62227,62227,62227,62227,62227,62227,62227,62227,62230,62230,62230,62230,NA,NA
"macao sar, china","mac",NA,20,20,20,20,20,20,20,20,20,20,20,20,20,20,20,20,20,20,20,20,20,20,20,20,20,20,20,20,20,20,20,20,20,20,20,20,20,20,20,20,26,27,27,28,28,28.6,29.2,29.2,29.5,29.7,29.9,29.9,30.3,30.3,30.4,30.5,30.8,32.9,32.9,32.9,33,33,33,NA,NA
"st. martin (french part)","maf",NA,NA,NA,NA,NA,NA,NA,NA,NA,NA,NA,NA,NA,NA,NA,NA,NA,NA,NA,NA,NA,NA,NA,NA,NA,NA,NA,NA,NA,NA,NA,NA,NA,NA,NA,NA,NA,NA,NA,NA,NA,NA,NA,NA,NA,NA,NA,NA,NA,NA,NA,50,50,50,50,50,50,50,50,50,50,50,50,50,NA,NA
"morocco","mar",NA,446340,446340,446340,446340,446340,446340,446340,446340,446340,446340,446340,446340,446300,446300,446300,446300,446300,446300,446300,446300,446300,446300,446300,446300,446300,446300,446300,446300,446300,446300,446300,446300,446300,446300,446300,446300,446300,446300,446300,446300,446300,446300,446300,446300,446300,446300,446300,446300,446300,446300,446300,446300,446300,446300,446300,446300,446300,446300,446300,446300,446300,446300,446300,NA,NA
"monaco","mco",NA,2.027,2.027,2.027,2.027,2.027,2.027,2.027,2.027,2.027,2.027,2.027,2.027,2.027,2.027,2.027,2.027,2.027,2.027,2.027,2.027,2.027,2.027,2.027,2.027,2.027,2.027,2.027,2.027,2.027,2.027,2.027,2.027,2.027,2.027,2.027,2.027,2.027,2.027,2.027,2.027,2.027,2.027,2.027,2.027,2.027,2.027,2.027,2.027,2.027,2.027,2.027,2.027,2.027,2.027,2.027,2.027,2.027,2.027,2.027,2.027,2.084,2.084,2.084,NA,NA
"moldova","mda",NA,NA,NA,NA,NA,NA,NA,NA,NA,NA,NA,NA,NA,NA,NA,NA,NA,NA,NA,NA,NA,NA,NA,NA,NA,NA,NA,NA,NA,NA,NA,NA,32870,32950,32940,32930,32930,32920,32910,32900,32880,32880,32880,32870,32880,32890,32890,32890,32890,32890,32850,32850,32860,32880,32880,32880,32880,32890,32885.3,32885.9,32884.6,32890,32880,32930,NA,NA
"madagascar","mdg",NA,581540,581540,581540,581540,581540,581540,581540,581540,581540,581540,581540,581540,581540,581540,581540,581540,581540,581540,581540,581540,581540,581540,581540,581540,581540,581540,581540,581540,581540,581540,581540,581540,581540,581540,581540,581540,581540,581540,581540,581540,581540,581540,581540,581540,581540,581540,581540,581540,581540,581540,581795,581795,581800,581800,581800,581800,581800,581800,581800,581800,581800,581800,581800,NA,NA
"maldives","mdv",NA,300,300,300,300,300,300,300,300,300,300,300,300,300,300,300,300,300,300,300,300,300,300,300,300,300,300,300,300,300,300,300,300,300,300,300,300,300,300,300,300,300,300,300,300,300,300,300,300,300,300,300,300,300,300,300,300,300,300,300,300,300,300,298,NA,NA
"middle east, north africa, afghanistan & pakistan","mea",NA,12649380,12649380,12649380,12649380,12649380,12649380,12649380,12649380,12649380,12649380,12649380,12649380,12649340,12649340,12649340,12649340,12649340,12649340,12649340,12649340,12649340,12649340,12649340,12649340,12649340,12649340,12649340,12649340,12649340,12649340,12649340,12649360,12649360,12649360,12649360,12649360,12649360,12649360,12649360,12649360,12649360,12649360,12649180,12649170,12649180,12649240,12649260,12649270,12646760,12646752,12646757,12646760,12646568,12646449,12646457,12646458,12640199,12640197,12640213,12640218,12640228,12614112.71,NA,NA,NA
"mexico","mex",NA,1943950,1943950,1943950,1943950,1943950,1943950,1943950,1943950,1943950,1943950,1943950,1943950,1943950,1943950,1943950,1943950,1943950,1943950,1943950,1943950,1943950,1943950,1943950,1943950,1943950,1943950,1943950,1943950,1943950,1943950,1943950,1943950,1943950,1943950,1943950,1943950,1943950,1943950,1943950,1943950,1943950,1943950,1943950,1943950,1943950,1943950,1943950,1943950,1943950,1943950,1943950,1943950,1943950,1943950,1943950,1943950,1943950,1943950,1943950,1943950,1943950,1943950,1943950,NA,NA
"marshall islands","mhl",NA,NA,NA,NA,NA,NA,NA,NA,NA,NA,NA,NA,NA,NA,NA,NA,NA,NA,NA,NA,NA,NA,NA,NA,NA,NA,NA,NA,NA,NA,NA,180,180,180,180,180,180,180,180,180,180,180,180,180,180,180,180,180,180,180,180,180,180,180,180,180,180,180,180,180,180,180,180,180,NA,NA
"middle income","mic",NA,57212960.35,57212960.35,57212960.35,57212960.35,57212960.35,57212960.35,57212960.35,57212960.35,57212960.35,57212960.35,57212960.35,57212960.35,57212890.35,57212850.35,57212830.35,57212700.35,57212700.35,57212700.35,57212700.35,57212700.35,57212700.35,57212700.35,57212700.35,57212700.35,57212700.35,57212700.35,57212700.35,57212700.35,57212700.35,57212700.35,57213580.35,62213325.35,62213369.35,62206422.35,62206392.35,62206368.35,62206359.35,62177718.35,62177327.35,62239644.35,62239609.55,62238047.78,62244811.37,62242771.13,62245559.5,62349571.1,62349286.5,62349288.5,62346697.74,62346962.03,62347258.56,62347067.56,62343946.99,62342975.53,62347074.01,62346752.01,62340197.01,62340217.91,62340070,62337012.03,62352119.1,62344764.93,NA,NA,NA
"north macedonia","mkd",NA,NA,NA,NA,NA,NA,NA,NA,NA,NA,NA,NA,NA,NA,NA,NA,NA,NA,NA,NA,NA,NA,NA,NA,NA,NA,NA,NA,NA,NA,NA,NA,25430,25430,25430,25430,25430,25430,25430,25430,25430,25430,25430,25430,25430,25430,25430,25230,25230,25220,25220,25220,25220,25220,25220,25220,25220,25220,25220,25220,25220,25220,25220,25220,NA,NA
"mali","mli",NA,1220190,1220190,1220190,1220190,1220190,1220190,1220190,1220190,1220190,1220190,1220190,1220190,1220190,1220190,1220190,1220190,1220190,1220190,1220190,1220190,1220190,1220190,1220190,1220190,1220190,1220190,1220190,1220190,1220190,1220190,1220190,1220190,1220190,1220190,1220190,1220190,1220190,1220190,1220190,1220190,1220190,1220190,1220190,1220190,1220190,1220190,1220190,1220190,1220190,1220190,1220190,1220190,1220190,1220190,1220190,1220190,1220190,1220190,1220190,1220190,1220190,1220190,1220190,NA,NA
"malta","mlt",NA,320,320,320,320,320,320,320,320,320,320,320,320,320,320,320,320,320,320,320,320,320,320,320,320,320,320,320,320,320,320,320,320,320,320,320,320,320,320,320,320,320,320,320,320,320,320,320,320,320,320,320,320,320,320,320,320,320,320,320,320,320,320,320,NA,NA
"myanmar","mmr",NA,653540,653540,653540,653540,653540,653540,653540,653540,653540,653540,653540,653540,653540,653540,653540,653540,653540,653540,653540,653540,653540,653540,653540,653540,653540,653540,653540,653540,653540,653540,653540,653540,653540,653540,653540,653540,653540,653540,653540,653540,653540,653540,653540,653420,653360,653470,653520,653310,653300,653260,653290,653150,653080,653080,653080,652780,652750,652700,652700,652670,652670,652670,652670,NA,NA
"middle east, north africa, afghanistan & pakistan (excluding high income)","mna",NA,10067090,10067090,10067090,10067090,10067090,10067090,10067090,10067090,10067090,10067090,10067090,10067090,10067050,10067050,10067050,10067050,10067050,10067050,10067050,10067050,10067050,10067050,10067050,10067050,10067050,10067050,10067050,10067050,10067050,10067050,10067050,10067050,10067050,10067050,10067050,10067050,10067050,10067050,10067050,10067050,10067050,10067050,10066860,10066840,10066840,10066900,10066910,10066910,10064400,10064390,10064390,10064390,10064198,10064198,10064199,10064199,10057939,10057939,10057953,10057953,10057958,10053482.71,NA,NA,NA
"montenegro","mne",NA,NA,NA,NA,NA,NA,NA,NA,NA,NA,NA,NA,NA,NA,NA,NA,NA,NA,NA,NA,NA,NA,NA,NA,NA,NA,NA,NA,NA,NA,NA,NA,NA,NA,NA,NA,NA,NA,NA,NA,NA,NA,NA,NA,NA,NA,13450,13450,13450,13450,13450,13450,13450,13450,13450,13450,13450,13450,13450,13450,13450,13450,13450,13450,NA,NA
"mongolia","mng",NA,1547438.742,1547438.742,1547438.742,1547438.742,1547438.742,1547438.742,1547438.742,1547438.742,1547438.742,1547438.742,1547438.742,1547438.742,1547438.742,1547438.742,1547438.742,1547438.742,1547438.742,1547438.742,1547438.742,1547438.742,1547438.742,1547438.742,1547438.742,1547438.742,1547438.742,1547438.742,1547438.742,1547438.742,1547438.742,1547438.742,1547438.742,1547438.742,1547438.742,1547438.742,1547438.742,1547438.742,1547438.742,1547438.742,1547438.742,1547438.742,1547438.742,1547438.968,1554686.058,1554444.019,1554444.091,1557459.093,1557459.093,1557465.087,1557465.134,1557292.418,1557251.947,1557251.947,1557253.053,1557252.921,1557255.4,1557255.4,1557255.4,1557255,1557258,1557506.803,1557507,1557510,1558499.786,NA,NA
"northern mariana islands","mnp",NA,NA,NA,NA,NA,NA,NA,NA,NA,NA,NA,NA,NA,NA,NA,NA,NA,NA,NA,NA,NA,NA,NA,NA,NA,NA,NA,NA,NA,NA,NA,460,460,460,460,460,460,460,460,460,460,460,460,460,460,460,460,460,460,460,460,460,460,460,460,460,460,460,460,460,460,460,460,460,NA,NA
"mozambique","moz",NA,786380,786380,786380,786380,786380,786380,786380,786380,786380,786380,786380,786380,786380,786380,786380,786380,786380,786380,786380,786380,786380,786380,786380,786380,786380,786380,786380,786380,786380,786380,786380,786380,786380,786380,786380,786380,786380,786380,786380,786380,786380,786380,786380,786380,786380,786380,786380,786380,786380,786380,786380,786380,786380,786380,786380,786380,786380,786380,786380,786380,786380,786380,786380,NA,NA
"mauritania","mrt",NA,1030700,1030700,1030700,1030700,1030700,1030700,1030700,1030700,1030700,1030700,1030700,1030700,1030700,1030700,1030700,1030700,1030700,1030700,1030700,1030700,1030700,1030700,1030700,1030700,1030700,1030700,1030700,1030700,1030700,1030700,1030700,1030700,1030700,1030700,1030700,1030700,1030700,1030700,1030700,1030700,1030700,1030700,1030700,1030700,1030700,1030700,1030700,1030700,1030700,1030700,1030700,1030700,1030700,1030700,1030700,1030700,1030700,1030700,1030700,1030700,1030700,1030700,1030700,NA,NA
"mauritius","mus",NA,2030,2030,2030,2030,2030,2030,2030,2030,2030,2030,2030,2030,2030,2030,2030,2030,2030,2030,2030,2030,2030,2030,2030,2030,2030,2030,2030,2030,2030,2030,2030,2030,2030,2030,2030,2030,2030,2030,2030,2030,2030,2030,2030,2030,2030,2030,2030,2030,2030,2030,1997,1997,1997,1997,1997,1997,1997,1997,1997,1997,1997,1997,1997,NA,NA
"malawi","mwi",NA,94280,94280,94280,94280,94280,94280,94280,94280,94280,94280,94280,94280,94280,94280,94280,94280,94280,94280,94280,94280,94280,94280,94280,94280,94280,94280,94280,94280,94280,94280,94280,94280,94280,94280,94280,94280,94280,94280,94280,94280,94280,94280,94280,94280,94280,94280,94280,94280,94280,94280,94280,94280,94280,94280,94280,94280,94280,94280,94280,94280,94280,94280,94280,NA,NA
"malaysia","mys",NA,328550,328550,328550,328550,328550,328550,328550,328550,328550,328550,328550,328550,328550,328550,328550,328550,328550,328550,328550,328550,328550,328550,328550,328550,328550,328550,328550,328550,328550,328550,328550,328550,328550,328550,328550,328550,328550,328550,328550,328550,328550,328550,328550,328550,328550,328550,328550,328550,328550,328550,328550,328550,328550,328550,328550,328550,328550,328550,328550,328550,328550,328550,328550,NA,NA
"north america","nac",NA,18124604,18124604,18124604,18124604,18124604,18124604,18124604,18124604,18124604,18124604,18124604,18124604,18124604,18124604,18124604,18124604,18124604,18124604,18124604,18124604,18124604,18124604,18124604,18124604,18124604,18124604,18124604,18124604,18124604,18124604,18124604,18124604,18124604,18124604,18124604,18124604,18124604,18124604,18124604,18127564,18127564,18127564,18127564,18127564,18127564,18127564,18127564,18113064,18113064,18113064,18113064,18113064,18113064,18113064,18113064,18113064,18113064,18113064,18113064,18113064,17936174,17936174,NA,NA,NA
"namibia","nam",NA,823290,823290,823290,823290,823290,823290,823290,823290,823290,823290,823290,823290,823290,823290,823290,823290,823290,823290,823290,823290,823290,823290,823290,823290,823290,823290,823290,823290,823290,823290,823290,823290,823290,823290,823290,823290,823290,823290,823290,823290,823290,823290,823290,823290,823290,823290,823290,823290,823290,823290,823290,823290,823290,823290,823290,823290,823290,823290,823290,823290,823290,823290,823290,NA,NA
"new caledonia","ncl",NA,18280,18280,18280,18280,18280,18280,18280,18280,18280,18280,18280,18280,18280,18280,18280,18280,18280,18280,18280,18280,18280,18280,18280,18280,18280,18280,18280,18280,18280,18280,18280,18280,18280,18280,18280,18280,18280,18280,18280,18280,18280,18280,18280,18280,18280,18280,18280,18280,18280,18280,18280,18280,18280,18280,18280,18280,18280,18280,18280,18280,18280,18280,18280,NA,NA
"niger","ner",NA,1266700,1266700,1266700,1266700,1266700,1266700,1266700,1266700,1266700,1266700,1266700,1266700,1266700,1266700,1266700,1266700,1266700,1266700,1266700,1266700,1266700,1266700,1266700,1266700,1266700,1266700,1266700,1266700,1266700,1266700,1266700,1266700,1266700,1266700,1266700,1266700,1266700,1266700,1266700,1266700,1266700,1266700,1266700,1266700,1266700,1266700,1266700,1266700,1266700,1266700,1266700,1266700,1266700,1266700,1266700,1266700,1266700,1266700,1266700,1266700,1266700,1266700,1266700,NA,NA
"nigeria","nga",NA,910770,910770,910770,910770,910770,910770,910770,910770,910770,910770,910770,910770,910770,910770,910770,910770,910770,910770,910770,910770,910770,910770,910770,910770,910770,910770,910770,910770,910770,910770,910770,910770,910770,910770,910770,910770,910770,910770,910770,910770,910770,910770,910770,910770,910770,910770,910770,910770,910770,910770,910770,910770,910770,910770,910770,910770,910770,910770,910770,910770,910770,910770,910770,NA,NA
"nicaragua","nic",NA,120340,120340,120340,120340,120340,120340,120340,120340,120340,120340,120340,120340,120340,120340,120340,120340,120340,120340,120340,120340,120340,120340,120340,120340,120340,120340,120340,120340,120340,120340,120340,120340,120340,120340,120340,120340,120340,120340,120340,120340,120340,120340,120340,120340,120340,120340,120340,120340,120340,120340,120340,120340,120340,120340,120340,120340,120340,120340,120340,120340,120340,120340,120340,NA,NA
"netherlands","nld",NA,33760,33760,33760,33760,33760,33760,33760,33760,33760,33760,33760,33760,33760,33760,33760,33760,33760,33760,33760,33760,33760,33760,33760,33760,33760,33760,33760,33760,33760,33760,33760,33760,33760,33760,33760,33760,33760,33760,33760,33760,33760,33760,33760,33760,33760,33760,33760,33760,33730,33730,33720,33720,33690,33690,33670,33670,33670,33670,33670,33670,33670,33670,33670,NA,NA
"norway","nor",NA,365244,365244,365244,365244,365244,365244,365244,365244,365244,365244,365244,365244,365244,365244,365244,365244,365244,365244,365244,365244,365244,365244,365244,365244,365244,365244,365244,365244,365244,365244,365244,365244,365244,365244,365244,365244,365244,365244,365244,365244,365244,365244,365244,365244,365244,365244,365244,365244,365244,365244,365244,365244,365122.96,365108,365190.7,365145.73,365123,365108,365094,364285,364270,364270,364270,NA,NA
"nepal","npl",NA,143000,143000,143000,143000,143000,143000,143000,143000,143000,143000,143000,143000,143000,143000,143000,143000,143000,143000,143000,143000,143000,143000,143000,143000,143000,143000,143000,143000,143000,143000,143000,143000,143000,143000,143000,143000,143000,143000,143000,143350,143350,143350,143350,143350,143350,143350,143350,143350,143350,143350,143350,143350,143350,143350,143350,143350,143350,143350,143350,143350,143350,143350,143350,NA,NA
"nauru","nru",NA,20,20,20,20,20,20,20,20,20,20,20,20,20,20,20,20,20,20,20,20,20,20,20,20,20,20,20,20,20,20,20,20,20,20,20,20,20,20,20,20,20,20,20,20,20,20,20,20,20,20,20,20,20,20,20,20,20,20,20,20,20,20,20,NA,NA
"new zealand","nzl",NA,263310,263310,263310,263310,263310,263310,263310,263310,263310,263310,263310,263310,263310,263310,263310,263310,263310,263310,263310,263310,263310,263310,263310,263310,263310,263310,263310,263310,263310,263310,263310,263310,263310,263310,263310,263310,263310,263310,263310,263310,263310,263310,263310,263310,263310,263310,263310,263310,263310,263310,263310,263310,263310,263310,263310,263310,263310,263310,263310,263310,263310,263310,263310,NA,NA
"oecd members","oed",NA,35163999.7,35163979.7,35163989.7,35163989.7,35163979.7,35163969.7,35163959.7,35163949.7,35163949.7,35163939.7,35163929.7,35163829.7,35163829.7,35163799.7,35163579.7,35163499.7,35163379.7,35163379.7,35163340.41,35163160.41,35163240.41,35163030.41,35162990.41,35161500.49,35161400.57,35161500.65,35161400.73,35161390.81,35161390.89,35161390.97,35161391.05,35348828.13,35474178.21,35474168.29,35474158.37,35474047.15,35473945.94,35473914.72,35473873.5,35510698.74,35510447.52,35510976.3,35511365.08,35511083.85,35510962.63,35510341.41,35510440.18,35495440.78,35496329.78,35497770.59,35497545.79,35497964.89,35499339.75,35500025.59,35499499.23,35509610.06,35508886.78,35509655.21,35509602.63,35508806.27,35332033.86,35310296.2,NA,NA,NA
"oman","omn",NA,309500,309500,309500,309500,309500,309500,309500,309500,309500,309500,309500,309500,309500,309500,309500,309500,309500,309500,309500,309500,309500,309500,309500,309500,309500,309500,309500,309500,309500,309500,309500,309500,309500,309500,309500,309500,309500,309500,309500,309500,309500,309500,309500,309500,309500,309500,309500,309500,309500,309500,309500,309500,309500,309500,309500,309500,309500,309500,309500,309500,309500,309500,309500,NA,NA
"other small states","oss",NA,226754,226754,226754,226754,226754,226754,226754,226754,226754,226754,226754,226754,226754,226754,226754,226754,226754,226754,226754,226754,226754,226754,226754,226754,226754,226754,226754,226754,226754,226754,226754,269144,269144,262221,262221,262221,262221,262221,262221,262221,262221,262221,262221,260538,260538,273988,273988,273988,273988,273988,273955,273955,275035,275035,275035,275062,274342,274918,274918,274918,274918,274898,NA,NA,NA
"pakistan","pak",NA,770880,770880,770880,770880,770880,770880,770880,770880,770880,770880,770880,770880,770880,770880,770880,770880,770880,770880,770880,770880,770880,770880,770880,770880,770880,770880,770880,770880,770880,770880,770880,770880,770880,770880,770880,770880,770880,770880,770880,770880,770880,770880,770880,770880,770880,770880,770880,770880,770880,770880,770880,770880,770880,770880,770880,770880,770880,770880,770880,770880,770880,770880,770880,NA,NA
"panama","pan",NA,74340,74340,74340,74340,74340,74340,74340,74340,74340,74340,74340,74340,74340,74340,74340,74340,74340,74340,74340,74340,74340,74340,74340,74340,74340,74340,74340,74340,74340,74340,74340,74340,74340,74340,74340,74340,74340,74340,74340,74340,74340,74340,74340,74340,74340,74340,74340,74340,74340,74340,74340,74340,74340,74120,74120,74120,74120,74180,74180,74180,74180,74180,74180,NA,NA
"peru","per",NA,1280000,1280000,1280000,1280000,1280000,1280000,1280000,1280000,1280000,1280000,1280000,1280000,1280000,1280000,1280000,1280000,1280000,1280000,1280000,1280000,1280000,1280000,1280000,1280000,1280000,1280000,1280000,1280000,1280000,1280000,1280000,1280000,1280000,1280000,1280000,1280000,1280000,1280000,1280000,1280000,1280000,1280000,1280000,1280000,1280000,1280000,1280000,1280000,1280000,1280000,1280000,1280000,1280000,1280000,1280000,1280000,1280000,1280000,1280000,1280000,1280000,1280000,1280000,NA,NA
"philippines","phl",NA,298260,298260,298260,298260,298260,298260,298260,298260,298260,298260,298260,298260,298230,298190,298170,298170,298170,298170,298170,298170,298170,298170,298170,298170,298170,298170,298170,298170,298170,298170,298170,298170,298170,298170,298170,298170,298170,298170,298170,298170,298170,298170,298170,298170,298170,298170,298170,298170,298170,298170,298170,298170,298170,298170,298170,298170,298170,298170,298170,298170,298170,298170,298170,NA,NA
"palau","plw",NA,NA,NA,NA,NA,NA,NA,NA,NA,NA,NA,NA,NA,NA,NA,NA,NA,NA,NA,NA,NA,NA,NA,NA,NA,NA,NA,NA,NA,NA,NA,460,460,460,460,460,460,460,460,460,460,460,460,460,460,460,460,460,460,460,460,460,460,460,460,460,460,460,460,460,460,460,460,460,NA,NA
"papua new guinea","png",NA,452860,452860,452860,452860,452860,452860,452860,452860,452860,452860,452860,452860,452860,452860,452860,452860,452860,452860,452860,452860,452860,452860,452860,452860,452860,452860,452860,452860,452860,452860,452860,452860,452860,452860,452860,452860,452860,452860,452860,452860,452860,452860,452860,452860,452860,452860,452860,452860,452860,452860,452860,452860,452860,452860,452860,452860,452860,452860,452860,452860,452860,452860,452860,NA,NA
"poland","pol",NA,306290,306290,306290,306290,306290,306290,306290,306290,306290,306290,306290,306290,306290,306290,306290,306290,306290,306290,306290,306290,306290,306290,306290,306290,306290,306290,306290,306290,306290,306290,306290,306290,306290,306290,306290,306290,306290,306290,306290,306290,306290,306290,306240,306330,306330,306320,306320,306300,306280,306280,306230,306220,306210,306190,306190,306190,306190,306170,306110,306130,306100,306090,306270,NA,NA
"pre-demographic dividend","pre",NA,17690781,17690781,17690781,17690781,17690781,17690781,17690781,17690781,17690781,17690781,17690781,17690781,17690781,17690381,17689981,17689981,17689981,17689981,17689981,17689981,17689981,17689981,17689981,17689981,17689981,17689981,17689981,17689981,17689981,17689981,17689981,17689981,17790981,17790981,17790981,17790981,17790981,17790981,17790981,17790981,17790981,17790981,17790981,17810963.63,17811006.33,17810985.03,17811013.61,17811038.49,17808000.59,17808706.1,17808984.99,20308908.12,20308688.28,20308675.19,20308727.78,20308716.46,20308710.23,20308716.71,20308719.55,20308679.83,20308679.83,20308679.83,NA,NA,NA
"puerto rico (us)","pri",NA,8870,8870,8870,8870,8870,8870,8870,8870,8870,8870,8870,8870,8870,8870,8870,8870,8870,8870,8870,8870,8870,8870,8870,8870,8870,8870,8870,8870,8870,8870,8870,8870,8870,8870,8870,8870,8870,8870,8870,8870,8870,8870,8870,8870,8870,8870,8870,8870,8870,8870,8870,8870,8870,8870,8870,8870,8870,8870,8870,8870,8870,8870,8870,NA,NA
"korea, dem. people's rep.","prk",NA,120410,120410,120410,120410,120410,120410,120410,120410,120410,120410,120410,120410,120410,120410,120410,120410,120410,120410,120410,120410,120410,120410,120410,120410,120410,120410,120410,120410,120410,120410,120410,120410,120410,120410,120410,120410,120410,120410,120410,120410,120410,120410,120410,120410,120410,120410,120410,120410,120410,120410,120410,120410,120410,120410,120410,120410,120410,120410,120410,120410,120410,120410,120410,NA,NA
"portugal","prt",NA,91500,91500,91500,91500,91500,91500,91500,91500,91500,91500,91500,91500,91500,91500,91500,91500,91500,91500,91500,91500,91500,91500,91500,91500,91500,91500,91500,91500,91500,91500,91500,91500,91500,91500,91500,91500,91500,91500,91500,91500,91500,91500,91500,91500,91470,91470,91470,91470,91590,91590,91590,91590,91605.2,91605.6,91605.6,91605.6,91605.6,91605.6,91605.6,91605.6,91605.6,91605.6,91605.6,NA,NA
"paraguay","pry",NA,397300,397300,397300,397300,397300,397300,397300,397300,397300,397300,397300,397300,397300,397300,397300,397300,397300,397300,397300,397300,397300,397300,397300,397300,397300,397300,397300,397300,397300,397300,397300,397300,397300,397300,397300,397300,397300,397300,397300,397300,397300,397300,397300,397300,397300,397300,397300,397300,397300,397300,397300,397300,397300,397300,397300,397300,397300,397300,397300,397300,397300,396012.042,396012.03,NA,NA
"west bank and gaza","pse",NA,6020,6020,6020,6020,6020,6020,6020,6020,6020,6020,6020,6020,6020,6020,6020,6020,6020,6020,6020,6020,6020,6020,6020,6020,6020,6020,6020,6020,6020,6020,6020,6020,6020,6020,6020,6020,6020,6020,6020,6020,6020,6020,6020,6020,6020,6020,6020,6020,6020,6020,6020,6020,6020,6020,6020,6020,6020,6020,6020,6020,6025,6025,6025,NA,NA
"pacific island small states","pss",NA,62860,62860,62860,62860,62860,62860,62860,62860,62860,62860,62860,62860,62860,62860,62860,62860,62860,62860,62860,62860,62860,62860,62860,62860,62860,62860,62860,62860,62860,62860,64200,64200,64200,64200,64200,64200,64200,64200,64200,64200,64200,64200,64200,64200,64200,64200,64200,64200,64200,64200,64200,64200,64200,64200,64200,64200,64150,64150,64150,64150,64150,64150,NA,NA,NA
"post-demographic dividend","pst",NA,30270187.7,30270167.7,30270177.7,30270177.7,30270167.7,30270157.7,30270147.7,30270137.7,30270137.7,30270127.7,30270117.7,30270017.7,30270017.7,30269987.7,30269757.7,30269677.7,30269547.7,30269547.7,30269508.41,30269328.41,30269408.41,30269188.41,30269148.41,30267658.49,30267558.57,30267658.65,30267558.73,30267548.81,30267548.89,30267548.97,30267549.05,31239757.13,31316971.21,31316947.29,31316987.37,31316932.15,31316831.94,31316704.72,31316669.5,31353509.74,31353260.52,31350930.3,31351400.08,31351030.85,31350877.63,31350303.01,31350360.38,31335376.98,31336242.28,31337688.29,31337949.69,31338155.79,31336042.05,31336592.89,31336149.63,31346212.56,31345982.58,31346287.11,31346281.53,31345475.17,31168702.86,31167592.2,NA,NA,NA
"french polynesia","pyf",NA,3660,3660,3660,3660,3660,3660,3660,3660,3660,3660,3660,3660,3660,3660,3660,3660,3660,3660,3660,3660,3660,3660,3660,3660,3660,3660,3660,3660,3660,3660,3660,3660,3660,3660,3660,3660,3660,3660,3660,3471,3471,3471,3471,3471,3471,3471,3471,3471,3471,3471,3471,3471,3471,3471,3471,3471,3471,3471,3471,3471,3471,3471,3471,NA,NA
"qatar","qat",NA,11610,11610,11610,11610,11610,11610,11610,11610,11610,11610,11610,11610,11610,11610,11610,11610,11610,11610,11610,11610,11610,11610,11610,11610,11610,11610,11610,11610,11610,11610,11610,11610,11610,11610,11610,11610,11610,11610,11610,11610,11610,11610,11610,11610,11610,11610,11610,11610,11610,11610,11610,11610,11610,11490,11490,11490,11490,11490,11490,11490,11490,11490,11490,NA,NA
"romania","rou",NA,230340,230340,230340,230340,230340,230340,230340,230340,230340,230340,230340,230340,230340,230340,230340,230340,230340,230340,230340,230340,230340,230340,230340,230340,230340,230340,230340,230340,229350,229350,229460,229460,229460,229510,229490,229520,229530,229590,229600,229710,229710,229870,229950,230000,229980,229980,229890,229900,230060,230050,230170,230020,230030,230080,230080,230080,230080,230080,230080,230080,230080,230080,230080,NA,NA
"russian federation","rus",NA,NA,NA,NA,NA,NA,NA,NA,NA,NA,NA,NA,NA,NA,NA,NA,NA,NA,NA,NA,NA,NA,NA,NA,NA,NA,NA,NA,NA,NA,NA,NA,16389950,16386180,16381330,16378380,16377960,16378650,16381300,16388510,16381340,16380440,16380940,16380980,16381230,16381390,16377740,16377740,16376870,16376870,16376870,16376870,16376870,16376870,16376870,16376870,16376870,16376870,16376870,16376870,16376870,16376870,16376870,16376870,NA,NA
"rwanda","rwa",NA,24670,24670,24670,24670,24670,24670,24670,24670,24670,24670,24670,24670,24670,24670,24670,24670,24670,24670,24670,24670,24670,24670,24670,24670,24670,24670,24670,24670,24670,24670,24670,24670,24670,24670,24670,24670,24670,24670,24670,24670,24670,24670,24670,24670,24670,24670,24670,24670,24670,24670,24670,24670,24670,24670,24670,24670,24670,24670,24670,24670,24670,24670,24670,NA,NA
"south asia","sas",NA,3356093,3356093,3356093,3356093,3356093,3356093,3356093,3356093,3356093,3356093,3356093,3356093,3356093,3356093,3356093,3356093,3356093,3356093,3356093,3356093,3356093,3356093,3356093,3356093,3356093,3356093,3356093,3356093,3356093,3356093,3356093,3356093,3356093,3349170,3349170,3349170,3349170,3349170,3349170,3349520,3349520,3349520,3349520,3347837,3347837,3347837,3347837,3347837,3347837,3347837,3347837,3347837,3347837,3347837,3347020,3347047,3347047,3347014,3347014.47,3347010,3347010,3347010,NA,NA,NA
"saudi arabia","sau",NA,2149690,2149690,2149690,2149690,2149690,2149690,2149690,2149690,2149690,2149690,2149690,2149690,2149690,2149690,2149690,2149690,2149690,2149690,2149690,2149690,2149690,2149690,2149690,2149690,2149690,2149690,2149690,2149690,2149690,2149690,2149690,2149690,2149690,2149690,2149690,2149690,2149690,2149690,2149690,2149690,2149690,2149690,2149690,2149690,2149690,2149690,2149690,2149690,2149690,2149690,2149690,2149690,2149690,2149690,2149690,2149690,2149690,2149690,2149690,2149690,2149690,2149690,2149690,NA,NA
"sudan","sdn",NA,NA,NA,NA,NA,NA,NA,NA,NA,NA,NA,NA,NA,NA,NA,NA,NA,NA,NA,NA,NA,NA,NA,NA,NA,NA,NA,NA,NA,NA,NA,NA,NA,NA,NA,NA,NA,NA,NA,NA,NA,NA,NA,NA,NA,NA,NA,NA,NA,NA,NA,NA,1868000,1868000,1868000,1868000,1868000,1868000,1868000,1868000,1868000,1868000,1868000,1868000,NA,NA
"senegal","sen",NA,192530,192530,192530,192530,192530,192530,192530,192530,192530,192530,192530,192530,192530,192530,192530,192530,192530,192530,192530,192530,192530,192530,192530,192530,192530,192530,192530,192530,192530,192530,192530,192530,192530,192530,192530,192530,192530,192530,192530,192530,192530,192530,192530,192530,192530,192530,192530,192530,192530,192530,192530,192530,192530,192530,192530,192530,192530,192530,192530,192530,192530,192530,192530,NA,NA
"singapore","sgp",NA,670,670,670,670,670,670,670,670,670,670,670,670,670,670,670,670,670,670,670,670,670,670,670,670,670,670,670,670,670,670,670,670,670,670,670,670,670,670,670,670,670,675,687,689,689,694,695,700,700,702,704,706,707,709,709,709,712,714,716,718,718,718,718,NA,NA
"solomon islands","slb",NA,27990,27990,27990,27990,27990,27990,27990,27990,27990,27990,27990,27990,27990,27990,27990,27990,27990,27990,27990,27990,27990,27990,27990,27990,27990,27990,27990,27990,27990,27990,27990,27990,27990,27990,27990,27990,27990,27990,27990,27990,27990,27990,27990,27990,27990,27990,27990,27990,27990,27990,27990,27990,27990,27990,27990,27990,27990,27990,27990,27990,27990,27990,27990,NA,NA
"sierra leone","sle",NA,72180,72180,72180,72180,72180,72180,72180,72180,72180,72180,72180,72180,72180,72180,72180,72180,72180,72180,72180,72180,72180,72180,72180,72180,72180,72180,72180,72180,72180,72180,72180,72180,72180,72180,72180,72180,72180,72180,72180,72180,72180,72180,72180,72180,72180,72180,72180,72180,72180,72180,72180,72180,72180,72180,72180,72180,72180,72180,72180,72180,72180,72180,72180,NA,NA
"el salvador","slv",NA,20850,20850,20850,20850,20850,20850,20850,20850,20850,20850,20850,20850,20850,20850,20850,20720,20720,20720,20720,20720,20720,20720,20720,20720,20720,20720,20720,20720,20720,20720,20720,20720,20720,20720,20720,20720,20720,20720,20720,20720,20720,20720,20720,20720,20720,20720,20720,20720,20720,20720,20720,20720,20720,20720,20720,20720,20720,20720,20720,20720,20720,20720,20720,NA,NA
"san marino","smr",NA,60,60,60,60,60,60,60,60,60,60,60,60,60,60,60,60,60,60,60,60,60,60,60,60,60,60,60,60,60,60,60,60,60,60,60,60,60,60,60,60,60,60,60,60,60,60,60,60,60,60,60,60,60,60,60,60,60,60,60,60,60,60,60,NA,NA
"somalia, fed. rep.","som",NA,627340,627340,627340,627340,627340,627340,627340,627340,627340,627340,627340,627340,627340,627340,627340,627340,627340,627340,627340,627340,627340,627340,627340,627340,627340,627340,627340,627340,627340,627340,627340,627340,627340,627340,627340,627340,627340,627340,627340,627340,627340,627340,627340,627340,627340,627340,627340,627340,627340,627340,627340,627340,627340,627340,627340,627340,627340,627340,627340,627340,627340,627340,627340,NA,NA
"serbia","srb",NA,NA,NA,NA,NA,NA,NA,NA,NA,NA,NA,NA,NA,NA,NA,NA,NA,NA,NA,NA,NA,NA,NA,NA,NA,NA,NA,NA,NA,NA,NA,NA,NA,NA,NA,NA,NA,NA,NA,NA,NA,NA,NA,NA,NA,NA,87460,87460,87460,87460,87460,87460,87460,87460,87460,87460,87460,87460,87460,87460,84090,84090,84090,84090,NA,NA
"sub-saharan africa (excluding high income)","ssa",NA,20140731,20140731,20140731,20140731,20140731,20140731,20140731,20140731,20140731,20140731,20140731,20140731,20140731,20140331,20139931,20139931,20139931,20139931,20139931,20139931,20139931,20139931,20139931,20139931,20139931,20139931,20139931,20139931,20139931,20139931,20139931,20139931,20240931,20240931,20240931,20240931,20240931,20240931,20240931,20240931,20240931,20240931,20240931,20260913.63,20260956.33,20260935.03,20260963.61,20260988.49,20261000.59,20261706.1,20261951.99,22761875.12,22761847.28,22761834.19,22761886.78,22761875.46,22761869.23,22761875.71,22761871.55,22761828.83,22761831.83,22761831.83,NA,NA,NA
"south sudan","ssd",NA,NA,NA,NA,NA,NA,NA,NA,NA,NA,NA,NA,NA,NA,NA,NA,NA,NA,NA,NA,NA,NA,NA,NA,NA,NA,NA,NA,NA,NA,NA,NA,NA,NA,NA,NA,NA,NA,NA,NA,NA,NA,NA,NA,NA,NA,NA,NA,NA,NA,NA,NA,631930,631930,631930,631930,631930,631930,631930,631930,631930,631930,631930,631930,NA,NA
"sub-saharan africa","ssf",NA,20141191,20141191,20141191,20141191,20141191,20141191,20141191,20141191,20141191,20141191,20141191,20141191,20141191,20140791,20140391,20140391,20140391,20140391,20140391,20140391,20140391,20140391,20140391,20140391,20140391,20140391,20140391,20140391,20140391,20140391,20140391,20140391,21241391,21241391,21241391,21241391,21241391,21241391,21241391,21241391,21241391,21241391,21241391,21389970.93,21390016.13,21390008.23,21390054.81,21390016.79,21390049.19,21390737.1,21390987.09,23890917.22,23890879.38,23890832.49,23890886.18,23890893.96,23890882.03,23890897.11,23890902.45,23890860.23,23890863.23,23890863.23,NA,NA,NA
"small states","sst",NA,688091.61,688091.61,688091.61,688091.61,688091.61,688091.61,688091.61,688091.61,688091.61,688091.61,688091.61,688091.61,688091.61,688091.61,688231.61,688231.61,688231.61,688231.61,688231.61,688141.61,688141.61,688141.61,688141.61,688141.61,688141.61,688141.61,688141.61,688141.61,688141.61,688141.61,689481.61,731871.61,731871.61,724948.61,724948.61,724948.61,724948.61,724948.61,724948.61,724948.61,724948.61,724948.61,724948.61,723265.61,723265.61,736715.61,736715.61,736715.61,736715.61,736715.61,736682.61,736682.61,737762.61,737762.61,737762.61,737789.61,737019.61,737595.61,737595.61,737595.61,737595.61,737575.61,NA,NA,NA
"sao tome and principe","stp",NA,960,960,960,960,960,960,960,960,960,960,960,960,960,960,960,960,960,960,960,960,960,960,960,960,960,960,960,960,960,960,960,960,960,960,960,960,960,960,960,960,960,960,960,960,960,960,960,960,960,960,960,960,960,960,960,960,960,960,960,960,960,960,960,NA,NA
"suriname","sur",NA,160507.61,160507.61,160507.61,160507.61,160507.61,160507.61,160507.61,160507.61,160507.61,160507.61,160507.61,160507.61,160507.61,160507.61,160507.61,160507.61,160507.61,160507.61,160507.61,160507.61,160507.61,160507.61,160507.61,160507.61,160507.61,160507.61,160507.61,160507.61,160507.61,160507.61,160507.61,160507.61,160507.61,160507.61,160507.61,160507.61,160507.61,160507.61,160507.61,160507.61,160507.61,160507.61,160507.61,160507.61,160507.61,160507.61,160507.61,160507.61,160507.61,160507.61,160507.61,160507.61,160507.61,160507.61,160507.61,160507.61,160507.61,160507.61,160507.61,160507.61,160507.61,160507.61,160507.61,NA,NA
"slovak republic","svk",NA,NA,NA,NA,NA,NA,NA,NA,NA,NA,NA,NA,NA,NA,NA,NA,NA,NA,NA,NA,NA,NA,NA,NA,NA,NA,NA,NA,NA,NA,NA,NA,NA,48100,48100,48100,48100,48100,48100,48100,48100,48100,48100,48110,48100,48100,48100,48100,48100,48090,48091,48088,48088,48088,48080,48082,48080,48080,48080,48080,48080,48080,48080,48080,NA,NA
"slovenia","svn",NA,NA,NA,NA,NA,NA,NA,NA,NA,NA,NA,NA,NA,NA,NA,NA,NA,NA,NA,NA,NA,NA,NA,NA,NA,NA,NA,NA,NA,NA,NA,NA,20140,20140,20140,20140,20140,20140,20140,20140,20140,20140,20140,20140,20140,20140,20140,20140,20146.2,20145.8,20146.2,20146,20145.7,20140,20140,20142.6,20142,20138.1,20136.4,20136.4,20136.4,20136.4,20136.4,20134.5,NA,NA
"sweden","swe",NA,407339.7,407339.7,407339.7,407339.7,407339.7,407339.7,407339.7,407339.7,407339.7,407339.7,407339.7,407339.7,407339.7,407339.7,407339.7,407339.7,407339.7,407339.7,407339.7,407339.7,407339.7,407339.7,407339.7,407339.7,407339.7,407339.7,407339.7,407339.7,407339.7,407339.7,407339.7,407339.7,407339.7,407339.7,407339.7,407339.7,407339.7,407339.7,407339.7,407339.7,407339.7,407339.7,407339.7,407339.7,407339.7,407339.7,407339.7,407339.7,407339.7,407339.7,407339.7,407339.7,407339.7,407339.7,407310.64,407310.64,407310.64,407310.64,407280,407280,407280,407280,407270,NA,NA
"eswatini","swz",NA,17200,17200,17200,17200,17200,17200,17200,17200,17200,17200,17200,17200,17200,17200,17200,17200,17200,17200,17200,17200,17200,17200,17200,17200,17200,17200,17200,17200,17200,17200,17200,17200,17200,17200,17200,17200,17200,17200,17200,17200,17200,17200,17200,17200,17200,17200,17200,17200,17200,17200,17200,17200,17200,17200,17200,17200,17200,17200,17200,17200,17200,17200,17200,NA,NA
"sint maarten (dutch part)","sxm",NA,NA,NA,NA,NA,NA,NA,NA,NA,NA,NA,NA,NA,NA,NA,NA,NA,NA,NA,NA,NA,NA,NA,NA,NA,NA,NA,NA,NA,NA,NA,NA,NA,NA,NA,NA,NA,NA,NA,NA,NA,NA,NA,NA,NA,NA,NA,NA,NA,NA,NA,34,34,34,34,34,34,34,34,34,34,34,34,34,NA,NA
"seychelles","syc",NA,460,460,460,460,460,460,460,460,460,460,460,460,460,460,460,460,460,460,460,460,460,460,460,460,460,460,460,460,460,460,460,460,460,460,460,460,460,460,460,460,460,460,460,460,460,460,460,460,460,460,460,460,460,460,460,460,460,460,460,460,460,460,460,NA,NA
"syrian arab republic","syr",NA,183780,183780,183780,183780,183780,183780,183780,183780,183780,183780,183780,183780,183780,183780,183780,183780,183780,183780,183780,183780,183780,183780,183780,183780,183780,183780,183780,183780,183780,183780,183780,183780,183780,183780,183780,183780,183780,183780,183780,183780,183780,183780,183590,183570,183570,183630,183640,183640,183640,183630,183630,183630,183630,183630,183630,183630,183630,183630,183630,183630,183630,183630,183630,NA,NA
"turks and caicos islands","tca",NA,950,950,950,950,950,950,950,950,950,950,950,950,950,950,950,950,950,950,950,950,950,950,950,950,950,950,950,950,950,950,950,950,950,950,950,950,950,950,950,950,950,950,950,950,950,950,950,950,950,950,950,950,950,950,950,950,950,950,950,950,950,950,950,NA,NA
"chad","tcd",NA,1260000,1260000,1260000,1260000,1260000,1260000,1260000,1260000,1260000,1260000,1260000,1260000,1260000,1259600,1259200,1259200,1259200,1259200,1259200,1259200,1259200,1259200,1259200,1259200,1259200,1259200,1259200,1259200,1259200,1259200,1259200,1259200,1259200,1259200,1259200,1259200,1259200,1259200,1259200,1259200,1259200,1259200,1259200,1259200,1259200,1259200,1259200,1259200,1259200,1259200,1259200,1259200,1259200,1259200,1259200,1259200,1259200,1259200,1259200,1259200,1259200,1259200,1259200,NA,NA
"east asia & pacific (ida & ibrd countries)","tea",NA,15801898.74,15801898.74,15801898.74,15801898.74,15801898.74,15801898.74,15801898.74,15801898.74,15801898.74,15801898.74,15801898.74,15801898.74,15801868.74,15801828.74,15801808.74,15801808.74,15801808.74,15801808.74,15801808.74,15801808.74,15801808.74,15801808.74,15801808.74,15801808.74,15801808.74,15801808.74,15801808.74,15801808.74,15801808.74,15801808.74,15803148.74,15803148.74,15803148.74,15803148.74,15803138.74,15803128.74,15803128.74,15803128.74,15803128.74,15854637.74,15854661.94,15854121.17,15860887.76,15860525.52,15863231.89,15866314.49,15866126.89,15866156.89,15866117.13,15866436.42,15866415.95,15866448.95,15865930.38,15866293.92,15866308.4,15866011.4,15865947.4,15865923,15865926,15866144.8,15881181.47,15881181.26,NA,NA,NA
"europe & central asia (ida & ibrd countries)","tec",NA,1444290,1444290,1444290,1444290,1444290,1444290,1444290,1444290,1444290,1444290,1444290,1444290,1444290,1444290,1444290,1444290,1444290,1444290,1444290,1444290,1444290,1444290,1444290,1444290,1444290,1444290,1444290,1444290,1443300,1443300,1443410,22889015,22885289,22880465,22877475,22877141,22877832,22880311,22887140,22890540,22889581,22888400,22888479,22888854,22888926,22986195,22985978,22985070,22985119,22985054,22985051,22984881,22984900,22983795,22988615,22988623,22988632,22988690.3,22988583.9,22985330.6,22985363,22985312,NA,NA,NA
"togo","tgo",NA,54390,54390,54390,54390,54390,54390,54390,54390,54390,54390,54390,54390,54390,54390,54390,54390,54390,54390,54390,54390,54390,54390,54390,54390,54390,54390,54390,54390,54390,54390,54390,54390,54390,54390,54390,54390,54390,54390,54390,54390,54390,54390,54390,54390,54390,54390,54390,54390,54390,54390,54390,54390,54390,54390,54390,54390,54390,54390,54390,54390,54390,54390,54390,NA,NA
"thailand","tha",NA,510890,510890,510890,510890,510890,510890,510890,510890,510890,510890,510890,510890,510890,510890,510890,510890,510890,510890,510890,510890,510890,510890,510890,510890,510890,510890,510890,510890,510890,510890,510890,510890,510890,510890,510890,510890,510890,510890,510890,510890,510890,510890,510890,510890,510890,510890,510890,510890,510890,510890,510890,510890,510890,510890,510890,510890,510890,510890,510890,510890,510890,510890,510890,NA,NA
"tajikistan","tjk",NA,NA,NA,NA,NA,NA,NA,NA,NA,NA,NA,NA,NA,NA,NA,NA,NA,NA,NA,NA,NA,NA,NA,NA,NA,NA,NA,NA,NA,NA,NA,NA,139960,139960,139960,139960,139960,139960,139960,139960,139960,139960,139960,139960,139960,139960,139960,139960,139960,139960,139960,139960,139960,139960,138786,138790,138790,138790,138790,138790,138790,138790,138790,138790,NA,NA
"turkmenistan","tkm",NA,NA,NA,NA,NA,NA,NA,NA,NA,NA,NA,NA,NA,NA,NA,NA,NA,NA,NA,NA,NA,NA,NA,NA,NA,NA,NA,NA,NA,NA,NA,NA,469930,469930,469930,469930,469930,469930,469930,469930,469930,469930,469930,469930,469930,469930,469930,469930,469930,469930,469930,469930,469930,469930,469930,469930,469930,469930,469930,469930,469930,469930,469930,469930,NA,NA
"latin america & the caribbean (ida & ibrd countries)","tla",NA,19947129.61,19947129.61,19947129.61,19947129.61,19947129.61,19947129.61,19947129.61,19947129.61,19947129.61,19947129.61,19947129.61,19947129.61,19947129.61,19947129.61,19947269.61,19947139.61,19947139.61,19947139.61,19947139.61,19947049.61,19947049.61,19947049.61,19947049.61,19947049.61,19947049.61,19947049.61,19947049.61,19947049.61,19947049.61,19947049.61,19947049.61,19947049.61,19947049.61,19947049.61,19947049.61,19947049.61,19947049.61,19918569.61,19918569.61,19918569.61,19918569.61,19918569.61,19918569.61,19918569.61,19918569.61,19918569.61,19918569.61,19918569.61,19918569.61,19918569.61,19918569.61,19918569.61,19918569.61,19918349.61,19918349.61,19918349.61,19918349.61,19918409.61,19918297.63,19918297.63,19918297.63,19917009.67,NA,NA,NA
"timor-leste","tls",NA,14870,14870,14870,14870,14870,14870,14870,14870,14870,14870,14870,14870,14870,14870,14870,14870,14870,14870,14870,14870,14870,14870,14870,14870,14870,14870,14870,14870,14870,14870,14870,14870,14870,14870,14870,14870,14870,14870,14870,14870,14870,14870,14870,14870,14870,14870,14870,14870,14870,14870,14870,14870,14870,14870,14870,14870,14870,14870,14870,14870,14870,14870,14870,NA,NA
"middle east, north africa, afghanistan & pakistan (ida & ibrd)","tmn",NA,10061070,10061070,10061070,10061070,10061070,10061070,10061070,10061070,10061070,10061070,10061070,10061070,10061030,10061030,10061030,10061030,10061030,10061030,10061030,10061030,10061030,10061030,10061030,10061030,10061030,10061030,10061030,10061030,10061030,10061030,10061030,10061030,10061030,10061030,10061030,10061030,10061030,10061030,10061030,10061030,10061030,10061030,10060840,10060820,10060820,10060880,10060890,10060890,10058380,10058370,10058370,10058370,10058178,10058178,10058179,10058179,10051919,10051919,10051933,10051933,10051933,10053482.71,NA,NA,NA
"tonga","ton",NA,720,720,720,720,720,720,720,720,720,720,720,720,720,720,720,720,720,720,720,720,720,720,720,720,720,720,720,720,720,720,720,720,720,720,720,720,720,720,720,720,720,720,720,720,720,720,720,720,720,720,720,720,720,720,720,720,720,720,720,720,720,720,720,NA,NA
"south asia (ida & ibrd)","tsa",NA,3356093,3356093,3356093,3356093,3356093,3356093,3356093,3356093,3356093,3356093,3356093,3356093,3356093,3356093,3356093,3356093,3356093,3356093,3356093,3356093,3356093,3356093,3356093,3356093,3356093,3356093,3356093,3356093,3356093,3356093,3356093,3356093,3356093,3349170,3349170,3349170,3349170,3349170,3349170,3349520,3349520,3349520,3349520,3347837,3347837,3347837,3347837,3347837,3347837,3347837,3347837,3347837,3347837,3347837,3347020,3347047,3347047,3347014,3347014.47,3347010,3347010,3347010,NA,NA,NA
"sub-saharan africa (ida & ibrd countries)","tss",NA,20141191,20141191,20141191,20141191,20141191,20141191,20141191,20141191,20141191,20141191,20141191,20141191,20141191,20140791,20140391,20140391,20140391,20140391,20140391,20140391,20140391,20140391,20140391,20140391,20140391,20140391,20140391,20140391,20140391,20140391,20140391,20140391,21241391,21241391,21241391,21241391,21241391,21241391,21241391,21241391,21241391,21241391,21241391,21389970.93,21390016.13,21390008.23,21390054.81,21390016.79,21390049.19,21390737.1,21390987.09,23890917.22,23890879.38,23890832.49,23890886.18,23890893.96,23890882.03,23890897.11,23890902.45,23890860.23,23890863.23,23890863.23,NA,NA,NA
"trinidad and tobago","tto",NA,5130,5130,5130,5130,5130,5130,5130,5130,5130,5130,5130,5130,5130,5130,5130,5130,5130,5130,5130,5130,5130,5130,5130,5130,5130,5130,5130,5130,5130,5130,5130,5130,5130,5130,5130,5130,5130,5130,5130,5130,5130,5130,5130,5130,5130,5130,5130,5130,5130,5130,5130,5130,5130,5130,5130,5130,5130,5130,5130,5130,5130,5130,5130,NA,NA
"tunisia","tun",NA,155360,155360,155360,155360,155360,155360,155360,155360,155360,155360,155360,155360,155360,155360,155360,155360,155360,155360,155360,155360,155360,155360,155360,155360,155360,155360,155360,155360,155360,155360,155360,155360,155360,155360,155360,155360,155360,155360,155360,155360,155360,155360,155360,155360,155360,155360,155360,155360,155360,155360,155360,155360,155360,155360,155360,155360,155360,155360,155360,155360,155360,155360,155360,NA,NA
"turkiye","tur",NA,769630,769630,769630,769630,769630,769630,769630,769630,769630,769630,769630,769630,769630,769630,769630,769630,769630,769630,769630,769630,769630,769630,769630,769630,769630,769630,769630,769630,769630,769630,769630,769630,769630,769630,769630,769630,769630,769630,769630,769630,769630,769630,769630,769630,769630,769630,769630,769630,769630,769630,769630,769630,769630,769630,769630,769630,769630,769630,769630,769630,769630,769630,769630,NA,NA
"tuvalu","tuv",NA,30,30,30,30,30,30,30,30,30,30,30,30,30,30,30,30,30,30,30,30,30,30,30,30,30,30,30,30,30,30,30,30,30,30,30,30,30,30,30,30,30,30,30,30,30,30,30,30,30,30,30,30,30,30,30,30,30,30,30,30,30,30,30,NA,NA
"tanzania","tza",NA,885800,885800,885800,885800,885800,885800,885800,885800,885800,885800,885800,885800,885800,885800,885800,885800,885800,885800,885800,885800,885800,885800,885800,885800,885800,885800,885800,885800,885800,885800,885800,885800,885800,885800,885800,885800,885800,885800,885800,885800,885800,885800,885800,885800,885800,885800,885800,885800,885800,885800,885800,885800,885800,885800,885800,885800,885800,885800,885800,885800,885800,885800,885800,NA,NA
"uganda","uga",NA,199810,199810,199810,199810,199810,199810,199810,199810,199810,199810,199810,199810,199810,199810,199810,199810,199810,199810,199810,199810,199810,199810,199810,199810,199810,199810,199810,199810,199810,199810,199810,199810,199810,199810,199810,199810,199810,199810,199810,199810,199810,199810,199810,199810,199810,199810,199810,199810,199810,200520,200520,200520,200520,200520,200520,200520,200520,200520,200520,200520,200520,200520,200520,NA,NA
"ukraine","ukr",NA,NA,NA,NA,NA,NA,NA,NA,NA,NA,NA,NA,NA,NA,NA,NA,NA,NA,NA,NA,NA,NA,NA,NA,NA,NA,NA,NA,NA,NA,NA,NA,579350,579350,579350,579350,579350,579350,579350,579350,579350,579350,579340,579340,579340,579380,579360,579330,579320,579320,579320,579320,579320,579320,579290,579290,579290,579300,579400,579400,579400,579400,579400,579400,NA,NA
"upper middle income","umc",NA,39267266.35,39267266.35,39267266.35,39267266.35,39267266.35,39267266.35,39267266.35,39267266.35,39267266.35,39267266.35,39267266.35,39267266.35,39267266.35,39267266.35,39267266.35,39267136.35,39267136.35,39267136.35,39267136.35,39267136.35,39267136.35,39267136.35,39267136.35,39267136.35,39267136.35,39267136.35,39267136.35,39267136.35,39267136.35,39267136.35,39267316.35,43509901.35,43509945.35,43509921.35,43509891.35,43509867.35,43509858.35,43481217.35,43480826.35,43546658.35,43546647.55,43545625.78,43552903.37,43552690.13,43552775.5,43656718.1,43656486.5,43656481.5,43653412.74,43653238.03,43653597.56,43653382.56,43650792.66,43650631.53,43650720.01,43650676.01,43644138.01,43644216.91,43644093.53,43640978.03,43656074.1,43654745.93,NA,NA,NA
"uruguay","ury",NA,175020,175020,175020,175020,175020,175020,175020,175020,175020,175020,175020,175020,175020,175020,175020,175020,175020,175020,175020,175020,175020,175020,175020,175020,175020,175020,175020,175020,175020,175020,175020,175020,175020,175020,175020,175020,175020,175020,175020,175020,175020,175020,175020,175020,175020,175020,175020,175020,175020,175020,175020,175020,175020,175020,175020,175020,175020,175020,175020,175020,175020,175020,175020,NA,NA
"united states","usa",NA,9158960,9158960,9158960,9158960,9158960,9158960,9158960,9158960,9158960,9158960,9158960,9158960,9158960,9158960,9158960,9158960,9158960,9158960,9158960,9158960,9158960,9158960,9158960,9158960,9158960,9158960,9158960,9158960,9158960,9158960,9158960,9158960,9158960,9158960,9158960,9158960,9158960,9158960,9158960,9161920,9161920,9161920,9161920,9161920,9161920,9161920,9161920,9147420,9147420,9147420,9147420,9147420,9147420,9147420,9147420,9147420,9147420,9147420,9147420,9147420,9147420,9147420,9147420,NA,NA
"uzbekistan","uzb",NA,NA,NA,NA,NA,NA,NA,NA,NA,NA,NA,NA,NA,NA,NA,NA,NA,NA,NA,NA,NA,NA,NA,NA,NA,NA,NA,NA,NA,NA,NA,NA,425400,425400,425400,425400,425400,425400,425400,425400,435965,435911,435911,435877,435853,435849,435850,435984,435967,435945,435892,435809,435800,435789,435789,440600,440591,440588,440587,440555,440650,440653,440652,440650,NA,NA
"st. vincent and the grenadines","vct",NA,390,390,390,390,390,390,390,390,390,390,390,390,390,390,390,390,390,390,390,390,390,390,390,390,390,390,390,390,390,390,390,390,390,390,390,390,390,390,390,390,390,390,390,390,390,390,390,390,390,390,390,390,390,390,390,390,390,390,390,390,390,390,390,NA,NA
"venezuela, rb","ven",NA,882050,882050,882050,882050,882050,882050,882050,882050,882050,882050,882050,882050,882050,882050,882050,882050,882050,882050,882050,882050,882050,882050,882050,882050,882050,882050,882050,882050,882050,882050,882050,882050,882050,882050,882050,882050,882050,882050,882050,882050,882050,882050,882050,882050,882050,882050,882050,882050,882050,882050,882050,882050,882050,882050,882050,882050,882050,882050,882050,882050,882050,882050,882050,NA,NA
"british virgin islands","vgb",NA,150,150,150,150,150,150,150,150,150,150,150,150,150,150,150,150,150,150,150,150,150,150,150,150,150,150,150,150,150,150,150,150,150,150,150,150,150,150,150,150,150,150,150,150,150,150,150,150,150,150,150,150,150,150,150,150,150,150,150,150,150,150,150,NA,NA
"virgin islands (u.s.)","vir",NA,350,350,350,350,350,350,350,350,350,350,350,350,350,350,350,350,350,350,350,350,350,350,350,350,350,350,350,350,350,350,350,350,350,350,350,350,350,350,350,350,350,350,350,350,350,350,350,350,350,350,350,350,350,350,350,350,350,350,350,350,350,350,350,NA,NA
"viet nam","vnm",NA,325490,325490,325490,325490,325490,325490,325490,325490,325490,325490,325490,325490,325490,325490,325490,325490,325490,325490,325490,325490,325490,325490,325490,325490,325490,325490,325490,325490,325490,325490,325490,325490,325490,325490,325490,325490,325490,325490,325490,311060,311090,310550,310070,310070,312837,312795,312558,312792,312762,313294,313284,313457,313007.33,313371,313383,313387,313403,313429,313429,313429,313429,313429,313429,NA,NA
"vanuatu","vut",NA,12190,12190,12190,12190,12190,12190,12190,12190,12190,12190,12190,12190,12190,12190,12190,12190,12190,12190,12190,12190,12190,12190,12190,12190,12190,12190,12190,12190,12190,12190,12190,12190,12190,12190,12190,12190,12190,12190,12190,12190,12190,12190,12190,12190,12190,12190,12190,12190,12190,12190,12190,12190,12190,12190,12190,12190,12190,12190,12190,12190,12190,12190,12190,NA,NA
"world","wld",NA,104225870.1,104225850.1,104225860.1,104225860.1,104225850.1,104225840.1,104225830.1,104225820.1,104225820.1,104225810.1,104225800.1,104225700.1,104225630.1,104225160.1,104224650.1,104224440.1,104224310.1,104224310.1,104224270.8,104224000.8,104224080.8,104223860.8,104223820.8,104222330.9,104222230.9,104222331,104222231.1,104222221.2,104221231.3,104221231.3,104223141.4,125856203.5,127078827.6,127067070.7,127064120.7,127063665.5,127133005.3,127106973.1,127113760.9,127205656.1,127204476.1,127202279.1,127209405.5,127355946.9,127358689.3,127458477.4,127458249.7,127442369.3,127440810.2,127443187.4,127444197.4,129944210.6,129942438.4,129941818.9,129945451.8,129955249.6,129947963.7,129948830.2,129948646,129944725.5,129783069.3,129718826.2,NA,NA,NA
"samoa","wsm",NA,2830,2830,2830,2830,2830,2830,2830,2830,2830,2830,2830,2830,2830,2830,2830,2830,2830,2830,2830,2830,2830,2830,2830,2830,2830,2830,2830,2830,2830,2830,2830,2830,2830,2830,2830,2830,2830,2830,2830,2830,2830,2830,2830,2830,2830,2830,2830,2830,2830,2830,2830,2830,2830,2830,2830,2830,2780,2780,2780,2780,2780,2780,2780,NA,NA
"kosovo","xkx",NA,NA,NA,NA,NA,NA,NA,NA,NA,NA,NA,NA,NA,NA,NA,NA,NA,NA,NA,NA,NA,NA,NA,NA,NA,NA,NA,NA,NA,NA,NA,NA,NA,NA,NA,NA,NA,NA,NA,NA,NA,NA,NA,NA,NA,NA,NA,NA,NA,NA,NA,NA,NA,NA,NA,NA,NA,NA,NA,NA,NA,NA,NA,NA,NA,NA
"yemen, rep.","yem",NA,527970,527970,527970,527970,527970,527970,527970,527970,527970,527970,527970,527970,527970,527970,527970,527970,527970,527970,527970,527970,527970,527970,527970,527970,527970,527970,527970,527970,527970,527970,527970,527970,527970,527970,527970,527970,527970,527970,527970,527970,527970,527970,527970,527970,527970,527970,527970,527970,527970,527970,527970,527970,527970,527970,527970,527970,527970,527970,527970,527970,527970,527970,527970,NA,NA
"south africa","zaf",NA,1213090,1213090,1213090,1213090,1213090,1213090,1213090,1213090,1213090,1213090,1213090,1213090,1213090,1213090,1213090,1213090,1213090,1213090,1213090,1213090,1213090,1213090,1213090,1213090,1213090,1213090,1213090,1213090,1213090,1213090,1213090,1213090,1213090,1213090,1213090,1213090,1213090,1213090,1213090,1213090,1213090,1213090,1213090,1213090,1213090,1213090,1213090,1213090,1213090,1213090,1213090,1213090,1213090,1213090,1213090,1213090,1213090,1213090,1213090,1213090,1213090,1213090,1213090,NA,NA
"zambia","zmb",NA,743390,743390,743390,743390,743390,743390,743390,743390,743390,743390,743390,743390,743390,743390,743390,743390,743390,743390,743390,743390,743390,743390,743390,743390,743390,743390,743390,743390,743390,743390,743390,743390,743390,743390,743390,743390,743390,743390,743390,743390,743390,743390,743390,743390,743390,743390,743390,743390,743390,743390,743390,743390,743390,743390,743390,743390,743390,743390,743390,743390,743390,743390,743390,NA,NA
"zimbabwe","zwe",NA,386850,386850,386850,386850,386850,386850,386850,386850,386850,386850,386850,386850,386850,386850,386850,386850,386850,386850,386850,386850,386850,386850,386850,386850,386850,386850,386850,386850,386850,386850,386850,386850,386850,386850,386850,386850,386850,386850,386850,386850,386850,386850,386850,386850,386850,386850,386850,386850,386850,386850,386850,386850,386850,386850,386850,386850,386850,386850,386850,386850,386850,386850,386850,NA,NA
