"country_name","country_code","1956","1957","1958","1959","1960","1961","1962","1963","1964","1965","1966","1967","1968","1969","1970","1971","1972","1973","1974","1975","1976","1977","1978","1979","1980","1981","1982","1983","1984","1985","1986","1987","1988","1989","1990","1991","1992","1993","1994","1995","1996","1997","1998","1999","2000","2001","2002","2003","2004","2005","2006","2007","2008","2009","2010","2011","2012","2013","2014","2015","2016","2017","2018","2019","2020","2021","2022","2023","2024","2025","2026","2027","2028","2029","2030","2031"
"aruba, kingdom of the netherlands","abw",NA,NA,NA,NA,NA,NA,NA,NA,NA,NA,NA,NA,NA,NA,NA,NA,NA,NA,NA,NA,NA,NA,NA,NA,NA,NA,NA,NA,NA,NA,NA,NA,NA,NA,NA,NA,NA,NA,NA,-0.833616787240343,-2.34348987854251,-2.10213042178121,0.113932756925782,0.0855949296487138,0.644936006775052,-0.835328183280908,-3.16873183928012,1.89611671075934,-8.53089795787914,-2.95701645128303,-2.54146039153469,-1.04585806569527,1.46595218641568,-2.63113359686215,-3.48673770377958,-6.42893375998143,-8.95492481345153,-6.04769668028548,-7.45853351889922,-1.47528558597803,-1.45497731365656,-2.58702008835143,-2.64102344153103,-0.246131980181822,-16.8047593344244,-9.86762639107047,-0.495905418460075,3.00390656032421,3.68740042959902,1.86239627381143,1.86525490514862,1.06377289002272,1.06405468374152,1.06261780649147,1.06215475265543,1.08675099595039
"afghanistan, islamic republic of","afg",NA,NA,NA,NA,NA,NA,NA,NA,NA,NA,NA,NA,NA,NA,NA,NA,NA,NA,NA,NA,NA,NA,NA,NA,NA,NA,NA,NA,NA,NA,NA,NA,NA,NA,NA,NA,NA,NA,NA,NA,NA,NA,NA,NA,NA,NA,-0.0984580762828633,-2.1016692363811,-2.39283825475121,-0.917107414635355,0.683695765173601,-2.46171938840271,-3.86359379179839,-1.76059209020972,0.933343625495382,-0.671821697524396,0.182057052453265,-0.630945569561263,-1.7187968084429,-1.37770032868547,0.127257984493361,-0.673105906142619,1.63419574024946,-1.05808111785046,-2.24279939297291,-0.484938817910689,-0.997336716711027,-1.32970350404724,-0.5480518037099,-0.890761370358726,NA,NA,NA,NA,NA,NA
"angola","ago",NA,NA,NA,NA,NA,NA,NA,NA,NA,NA,NA,NA,NA,NA,NA,NA,NA,NA,NA,NA,NA,NA,NA,NA,NA,NA,NA,NA,NA,NA,NA,NA,NA,NA,NA,NA,NA,NA,NA,NA,5.21605782848413,-0.268831285693349,-5.92415330041966,-9.39890250970986,2.0214100844305,2.80473000629075,-2.24491219657762,-4.10213245684684,1.03248527208015,6.40389284028305,8.41508432598124,3.81256675602959,-3.82090428531468,-6.83032755730892,2.95555805230502,7.17491797673992,3.67293319199977,-0.282532206198782,-5.07802197137564,-2.58208548736783,-3.93417815396481,-5.68272120229379,1.99879572121235,-0.195409511912615,-3.04626106221528,1.35204334716975,1.77913599863076,-2.49180028798176,-1.19232716521764,-4.07023657736519,-2.44514548759852,-3.60932869661323,-3.93593039427163,-3.97190261991725,-3.83144075373648,-3.87960432973024
"albania","alb",NA,NA,NA,NA,NA,NA,NA,NA,NA,NA,NA,NA,NA,NA,NA,NA,NA,NA,NA,NA,NA,NA,NA,NA,NA,NA,NA,NA,NA,NA,NA,NA,NA,NA,NA,NA,NA,NA,NA,NA,NA,-11.9020449032266,-9.92555647572156,-8.84142794154294,-7.77206413242131,-6.8371659101154,-6.21161079411075,-5.00610911565439,-5.16274812625749,-3.45778795451933,-3.26321621612641,-3.17913685494511,-4.88419809059295,-6.58647823434475,-3.52012185890292,-3.5163119530813,-3.44060038285451,-5.21521888300839,-5.45754415474053,-4.31781063309822,-1.49758991353949,-1.40555402773302,-1.5798042752427,-1.84274877887535,-6.66514714234533,-4.57115229577775,-3.63872264346316,-1.31876797462719,-0.724566570842139,-1.7464653988777,-2.0215916503924,-2.24131545774459,-2.25379046490524,-2.21763260073963,-2.29261884687834,-2.24975014017581
"andorra, principality of","and",NA,NA,NA,NA,NA,NA,NA,NA,NA,NA,NA,NA,NA,NA,NA,NA,NA,NA,NA,NA,NA,NA,NA,NA,NA,NA,NA,NA,NA,NA,NA,NA,NA,NA,NA,NA,NA,NA,NA,NA,NA,NA,NA,NA,NA,0.657774717849933,0.977651404468789,1.76441960296107,1.85483838872519,-0.0814270898271465,-1.43597967101371,-2.82819790080235,-3.19171490180191,-3.50961629852846,-0.343485233888353,0.417490140839668,-1.64817808852268,3.36052358247316,2.14337282646212,1.65470616979054,4.08261488616128,3.34910321527548,2.6802372319073,2.3149459771787,-1.04976446313643,-1.15477494565933,4.84509837087384,2.15028222865925,2.78346315557054,3.49842473909524,2.2384966615953,1.85995183285818,1.87596852059293,1.89160765368643,1.88124933959239,1.74954668317409
"united arab emirates","are",NA,NA,NA,NA,NA,NA,NA,NA,NA,NA,NA,NA,NA,NA,NA,NA,NA,NA,NA,NA,NA,NA,NA,NA,NA,NA,NA,NA,NA,NA,NA,NA,NA,NA,NA,3.89017044509507,3.33721759818543,-2.88574783524593,-1.7836441879362,3.58260364924912,0.916731714750178,6.71135550233923,0.995933004949331,1.30605227757555,10.6603575749203,1.20532094469928,-1.23783931707939,2.35160596083163,6.40020821226535,15.9871440400552,20.1500289450359,17.1259310720628,17.6379329003646,-6.12663417848479,0.518656071678308,5.05323716381662,8.58820780283723,7.99479251073143,1.74324644597383,-6.35433808132644,-2.95169034012766,-0.159098321102596,3.65390610392736,2.49505314772841,-2.41515334547819,3.96331304940487,9.80475332745583,5.81743128287465,6.41480645847364,5.15074664727807,4.8923629346903,4.8296762827991,4.70829995903514,4.69364411133234,4.5764841643585,4.48910694427349
"argentina","arg",NA,NA,NA,NA,NA,NA,NA,NA,NA,NA,NA,NA,NA,NA,NA,NA,NA,NA,NA,NA,NA,NA,NA,NA,NA,NA,NA,NA,NA,NA,NA,NA,NA,NA,NA,NA,NA,-0.0242835540832399,-1.24980235536405,-2.07460616122982,-2.81061043187092,-1.83762135499995,-1.82743435902943,-3.7050861235611,-3.41675118250397,-5.36414634431815,-1.91014990213182,1.50014608070146,3.96689502983894,3.34062302319346,1.65007027501854,0.756974472382668,0.351972891914477,-1.830044406372,-1.39345466355708,-2.74564845953819,-3.01805560014323,-3.25382842728551,-4.2524290852903,-6.00055803090057,-6.65466898257521,-6.69334113157833,-5.44114523017028,-4.44475766751875,-8.67407139301434,-4.33295192882827,-3.83638509310149,-5.3295890898663,0.457864697014852,-0.381012859688312,0.450541597672324,0.373856617107293,0.28037862577016,0.824278353798387,1.14430603474953,1.28027317205829
"armenia, republic of","arm",NA,NA,NA,NA,NA,NA,NA,NA,NA,NA,NA,NA,NA,NA,NA,NA,NA,NA,NA,NA,NA,NA,NA,NA,NA,NA,NA,NA,NA,NA,NA,NA,NA,NA,NA,NA,NA,NA,NA,NA,NA,NA,NA,NA,NA,NA,NA,NA,NA,-1.97635062668285,-1.95041706034561,-2.33424050872745,-1.7565665083734,-7.68653220870173,-4.97943362604595,-2.86799794564273,-1.49339063635536,-1.59290904142959,-1.94269716882729,-4.829421492235,-5.57312622602776,-4.69901725019778,-1.75672106059476,-0.976103932516356,-5.40436465629044,-4.60249724423737,-2.11582997693781,-2.01873210283813,-3.67335617197996,-3.73737582320303,-4.50802068591508,-3.52303557621208,-2.85151832188528,-2.34801588317099,-1.81511829563013,-1.32075501428492
"antigua and barbuda","atg",NA,NA,NA,NA,NA,NA,NA,NA,NA,NA,NA,NA,NA,NA,NA,NA,NA,NA,NA,NA,NA,NA,NA,NA,NA,NA,NA,NA,NA,NA,NA,NA,NA,NA,0.123090968171198,-3.91026995931439,-0.811756763088175,-2.44535677693241,-4.33278858044924,-3.89071882868854,-1.61118297630993,0,-1.62036946910332,-3.07630747660652,-4.50302754376806,-8.5756836404373,-8.8293969288822,-7.32195779473176,-3.90142655056314,-4.29427978957863,-6.62450047278688,-4.97875186958846,-4.71565840860941,-15.8009364064604,-0.244920259878364,-3.09044277572173,-0.974524713062932,-3.82914519518551,-2.60145041711117,-2.41759197568882,-0.140269673627338,-2.71707249566252,-2.42978241156632,-3.64018739900266,-6.22677246695457,-4.51980145732291,-2.85745147341256,-1.65802556102891,1.64632696424351,3.14064347740734,-0.649080408426121,-1.14910960236847,-0.98173625932874,-0.959517996981304,-0.957856589792778,-0.945569961063754
"australia","aus",NA,NA,NA,NA,NA,NA,NA,NA,NA,NA,NA,NA,NA,NA,NA,NA,NA,NA,NA,NA,NA,NA,NA,NA,NA,NA,NA,NA,NA,NA,NA,NA,0.476684500786872,0.923528488972507,-0.231330519238749,-2.78422966475026,-4.73821342367877,-4.72003124009797,-3.78708363711605,-2.5987227624314,-1.45367196782754,-0.492189543539983,-0.245300974162479,0.664529995836096,1.24800178877111,-0.0302007874069549,0.192234320429666,1.04910284779681,1.32100263575359,1.70399891487461,1.7682109797628,1.47153390121651,-1.09763214974455,-4.54746389088072,-5.10011873230432,-4.51126007473225,-3.49588093557381,-2.79764396909375,-2.9059361316582,-2.77534607914668,-2.41473788479301,-1.71150956304931,-1.25400273782271,-4.39202792912605,-8.70438420828222,-6.35138360128952,-2.2058950449653,-1.2633303898281,-2.25135366581233,-2.78238425017263,-2.43368042203825,-2.05197469775203,-1.88256870732516,-1.65690122638326,-1.48180180116805,-1.44755875476396
"austria","aut",NA,NA,NA,NA,NA,NA,NA,NA,NA,NA,NA,NA,NA,NA,NA,NA,NA,NA,NA,NA,NA,NA,NA,NA,NA,NA,NA,NA,NA,NA,NA,NA,-3.37322940296519,-3.04418657645884,-2.58416793184415,-2.96180558475073,-2.14844498168423,-4.56693775487791,-5.0409894980815,-6.17432657709171,-4.3810822735688,-2.38376344068843,-2.68341607152185,-2.62815847142541,-2.07486295165692,-0.712484153723356,-1.42566526232641,-1.83871211207686,-4.94093123978088,-2.58802084365279,-2.60854589265892,-1.56022751996576,-1.57171825434081,-5.38050770223363,-4.46487781354638,-2.48177044207509,-2.17663636243033,-1.99257950937088,-1.92327848551437,-0.476491850673885,-1.45136289498819,-0.775670993525911,0.195180910263228,0.536255631694982,-8.20445211755744,-5.69330541821597,-3.41045996036336,-2.59042092561193,-4.67649960786298,-4.51911417726678,-4.18506692431426,-3.77647661962419,-3.84846713588247,-3.69382497256585,-3.64420248551028,-3.64441657972224
"azerbaijan, republic of","aze",NA,NA,NA,NA,NA,NA,NA,NA,NA,NA,NA,NA,NA,NA,NA,NA,NA,NA,NA,NA,NA,NA,NA,NA,NA,NA,NA,NA,NA,NA,NA,NA,NA,NA,NA,NA,NA,NA,3.20510801588692,-1.34008810572687,-2.25319934050157,-0.936968330143899,1.63119008970433,-1.03278647703072,0.144727517432865,21.764045620911,19.3930871404411,1.60462625873952,1.7814380870588,2.74081891890589,0.662965132568094,2.33710870966806,17.1938193947256,5.8565688080741,13.831244525331,10.8596409142562,3.70548002752116,1.64347509924392,2.74233937879896,-4.83304259286484,-1.16992206054444,-1.34222568899539,5.42901806821842,8.95485592725413,-6.44035260984746,4.20529278573397,5.96310513327827,7.92111991394885,4.05409766344628,2.55850405690427,1.77702008299249,0.180854653852454,-0.561948317842232,-0.483435452782508,-0.606341162860886,-0.487906156407138
"burundi","bdi",NA,NA,NA,NA,NA,NA,NA,NA,NA,NA,NA,NA,NA,NA,NA,NA,NA,NA,NA,NA,NA,NA,NA,NA,NA,NA,NA,NA,NA,NA,NA,NA,NA,NA,8.13862794118768,4.14138607527921,-4.16391329826828,-1.21905858830368,-1.76155127021236,-3.71660458177983,-8.61467450491672,-4.48108853145756,-4.43369520652399,-5.32725749983045,-5.66204446270671,-7.77862226361245,-4.89783529291836,-13.7015860638765,-14.8652454246833,-10.5555827658431,-9.92376714049767,-2.51048892292822,-2.70425022286014,-5.14489260186967,-3.63729173451027,-3.49098052060801,-3.79388297020687,-1.89891992999344,-3.92912877637486,-7.55929891507486,-7.11149667937026,-5.00627845731685,-6.65899393220519,-6.40221781999494,-6.57881523369757,-4.5992413256312,-10.7308186293697,-7.69743038214529,-4.82749393784117,-2.98112647659112,-2.5387647626564,-2.94294561654313,-3.46018689959039,-3.23984553373624,-3.90586451912632,-3.15957556778732
"belgium","bel",NA,NA,NA,NA,NA,NA,NA,NA,NA,NA,NA,NA,NA,NA,NA,NA,NA,NA,NA,NA,NA,NA,NA,NA,-9.73653504480869,-16.0280128432669,-12.7653680248493,-15.0280907118869,-11.2101292288961,-10.3950544382231,-10.2822624828299,-8.13654459781521,-7.50500274493035,-7.81768284032712,-6.99265193236391,-7.67204684113825,-8.41976104101705,-7.70842969948265,-5.28756715316588,-4.50848021283671,-4.0025573060554,-2.15121753138094,-1.02513068299058,-0.648183303894217,-0.0794536150029644,0.232772807233246,-0.0435490658908346,-1.86404031280116,-0.23862947240752,-2.7151275492925,0.239704014442521,0.0665562730815234,-1.09543047054241,-5.44762534688772,-4.13325000963545,-4.44143451961336,-4.34842345129093,-3.1636498174179,-3.17518563607674,-2.47541741068206,-2.43094567376251,-0.76324739292029,-1.04828810947742,-2.04794700550218,-9.03467385444744,-5.40202787488119,-3.60168819669736,-4.0066669322815,-4.36224753011582,-5.25663019304619,-5.12831565287756,-5.19075617826493,-5.31550570891991,-5.409930658787,-5.66162836350488,-5.78006759085372
"benin","ben",NA,NA,NA,NA,NA,NA,NA,NA,NA,NA,NA,NA,NA,NA,NA,NA,NA,NA,NA,NA,NA,NA,NA,NA,NA,NA,NA,NA,NA,NA,NA,NA,NA,0.886265475669751,-3.24363599403915,-3.0775115339095,-2.71139908700853,-0.564952819011113,-2.14055802463694,-2.61460486862004,-0.147959596124622,0.639919082769419,2.50397663222099,1.94414694368199,-3.69219925609933,-3.26942666414605,-3.32989239660603,-1.07204036511676,-0.704772656480089,-1.52328351585068,-0.146542914959948,0.222004232833495,-0.0409046108991521,-2.24100270538144,-0.275538513442692,-0.98130900431251,-0.215565665716629,-1.36503398745095,-1.65054439609427,-5.55283589671421,-4.28863066490322,-4.18099938884582,-2.95816448129192,-0.528388795605967,-4.68177003073388,-2.52949288873598,-5.55466189910269,-4.1294987837007,-3.06404866009268,-2.89999999999998,-2.9,-2.90000000000004,-2.89999999999997,-2.90000000000004,-2.9,-2.89999999999997
"burkina faso","bfa",NA,NA,NA,NA,NA,NA,NA,NA,NA,NA,NA,NA,NA,NA,NA,NA,NA,NA,NA,NA,NA,NA,NA,NA,NA,NA,NA,NA,NA,-1.21397713482945,-5.09952272810656,-5.2702197232181,-4.32286769500059,1.96497356795363,-7.53595750694891,-2.77155645805664,-2.50911928549213,-3.81041198075112,-1.8870766296617,-2.64558812205306,-1.66606979238944,-2.64284888093222,-2.59769374120523,-3.28690420789663,-3.02783026463829,-3.55744358389296,-4.43261763658786,-1.78991282653867,-4.19405441548168,-4.88953282195547,14.3456737912975,-5.01491942725351,-3.62731448045131,-4.16044342802473,-4.05834374079489,-2.0394185087489,-2.76326957024357,-3.54797863557073,-1.73741615598238,-2.08971688772379,-3.0824035480876,-6.91872772182778,-4.43428745504041,-3.38674105034738,-5.15954186472511,-7.44962680880389,-10.8890451560893,-6.91161353199154,-5.83599488023224,-3.54000000000004,-3.49999999999998,-3.04399999999998,-2.99999999999999,-2.99999999999999,-3.00000000000002,-3.00000000000001
"bangladesh","bgd",NA,NA,NA,NA,NA,NA,NA,NA,NA,NA,NA,NA,NA,NA,NA,NA,NA,NA,NA,NA,NA,NA,NA,NA,-5.93610038916421,-5.18531102487123,-5.64824020432735,-5.76943007239118,-4.62756357917135,-4.23759349883796,-4.63261780449423,-4.39990219807344,-4.13975475915063,-4.31072423731812,-0.153149058040328,0.442274507550387,0.355790684427962,0.426016452268238,0.0320560477363633,-0.3767393308919,-2.01471037731043,-1.9405275943426,-2.19661284811538,-1.34964548719293,-2.49575587152784,-3.43910882600813,-2.3048190788909,-1.95790416179557,-2.20766802390445,-2.39816172792215,-2.1475280733069,-1.86386098048428,-3.3647290616323,-2.67968150707192,-2.23334586234396,-2.96458309490879,-2.55605132708347,-2.8567948773873,-2.61901261811157,-3.28974475927752,-3.16291455834361,-4.16697095115736,-4.06850019421161,-5.4081849180007,-4.84044779722738,-3.55529087533905,-4.5276646640732,-4.38776321151556,-3.69501690672692,-2.93324082485773,-4.30048367570377,-4.70480905265622,-5.48496699872577,-5.60998178742881,-5.7277025966709,-5.65420866313953
"bulgaria","bgr",NA,NA,NA,NA,NA,NA,NA,NA,NA,NA,NA,NA,NA,NA,NA,NA,NA,NA,NA,NA,NA,NA,NA,NA,NA,NA,NA,NA,NA,NA,NA,NA,NA,NA,NA,NA,NA,NA,NA,NA,NA,NA,1.08364561536108,0.150669256494329,-0.604752710131867,-0.580088492647432,-0.61432032478595,0.00255200145521198,1.59325093926712,2.18714848495796,3.2210864027032,3.08631609101265,2.73150566865858,-0.855506203476438,-3.7693724789261,-1.83379137307184,-0.434166654923647,-1.75155142787008,-3.65185058787472,-2.7745847377631,1.53968539579014,0.823442906009196,0.123390717152312,-0.962889083127544,-2.91919102140044,-2.80241838081433,-0.800269844021347,-3.03957258817589,-3.00792248957408,-3.00922636598983,-3.27278657845305,-3.55209602567174,-3.34268953681412,-3.3718298630695,-3.36286651973726,-3.33503080359299
"bahrain, kingdom of","bhr",NA,NA,NA,NA,NA,NA,NA,NA,NA,NA,NA,NA,NA,NA,NA,NA,NA,NA,NA,NA,NA,NA,NA,NA,NA,NA,NA,NA,NA,NA,NA,NA,NA,NA,-6.78800798668934,-3.46778390606274,-5.40533720362757,-2.76578457169307,-5.1771071299315,-3.98847199002956,0.242215022108443,-6.38657522702171,-5.49137958421378,-4.84936810488689,7.3272714687242,0.695393229279035,-3.27227837651828,-1.70304296888801,0.236895079666354,2.79556365820264,2.24246500556093,1.52149518962925,4.08310614154141,-5.3585316840015,-9.28584299115492,-4.9012205445802,-5.76564874361699,-8.54516427273449,-3.31862894633587,-17.4616396824865,-16.5791399254669,-13.3769728357996,-11.2756649275822,-8.56652193353625,-17.3046869190609,-10.5701545788204,-6.03483689379,-9.66406859196852,-11.0067580032922,-12.9722999788153,-10.6271687176122,-9.08596334103089,-8.62841129804577,-8.21786776101379,-8.47354091548988,-8.72118192754536
"bahamas, the","bhs",NA,NA,NA,NA,NA,NA,NA,NA,NA,NA,NA,NA,NA,NA,NA,NA,NA,NA,NA,NA,NA,NA,NA,NA,NA,NA,NA,NA,NA,NA,NA,NA,NA,NA,-2.64397113266062,-2.26923325692159,-2.23048016001176,-1.05125178756724,-0.400169585441947,0.180273117896712,-0.154003786943564,-1.60403930946599,-0.427605685985915,1.77832238887942,0.0930307622100645,0.302361176767718,-1.66798104039957,-1.62869650221046,-1.94734018901809,-1.15500719489638,-0.43856436888942,-0.773045077033683,-0.824353023534067,-2.38794126167943,-2.56997245090728,-2.86835226746424,-3.2527815855051,-5.09821710276366,-4.51149966442114,-3.33666578566107,-2.61024787413464,-6.0502519120647,-3.28340718695398,-1.67999457789234,-7.10908004256708,-11.9024656696747,-5.52572852653021,-3.65455272054794,-1.200313962078,-0.487567514545634,-0.313303684254106,-0.337572321082957,-0.273116813714459,0.108443613159889,0.160804433701743,0.249698338761571
"bosnia and herzegovina","bih",NA,NA,NA,NA,NA,NA,NA,NA,NA,NA,NA,NA,NA,NA,NA,NA,NA,NA,NA,NA,NA,NA,NA,NA,NA,NA,NA,NA,NA,NA,NA,NA,NA,NA,NA,NA,NA,NA,NA,NA,NA,NA,-0.977899324584162,-2.78200480450099,-4.6250591746688,-3.44310094871429,-2.98772987622089,-0.442403367178931,-0.18350725438863,0.740048195810849,2.08169770403908,0.168840378124695,-3.82273851943064,-5.34150609819785,-4.05775211057692,-2.72753737187525,-3.75780879744554,-2.1877464311023,-2.86645665970012,-0.194224025173902,0.341746863720555,1.78949449460839,1.63188019087108,1.36767999156122,-4.50158266387447,-0.176683339520221,0.149044573459789,-1.67097372145634,-1.96423875614158,-2.40512954787214,-3.95069248149997,-4.2556108077798,-4.52080506275724,-4.60735230811572,-4.61322507582019,-4.62576535551078
"belarus, republic of","blr",NA,NA,NA,NA,NA,NA,NA,NA,NA,NA,NA,NA,NA,NA,NA,NA,NA,NA,NA,NA,NA,NA,NA,NA,NA,NA,NA,NA,NA,NA,NA,NA,NA,NA,NA,NA,NA,NA,NA,NA,NA,NA,NA,NA,NA,-4.73841138055398,-7.80718009329452,-6.73927611131804,-7.06340425541522,-6.7061713227199,-7.70510420332274,-7.82092977524185,-10.9063123874121,-7.23196326812409,-4.186628047916,-2.80592004488275,0.359824810791928,-0.981959040595597,0.0921104054926286,-2.96363912890395,-1.65908268315001,-0.336524544509505,1.80479837667293,0.909551694279092,-2.87034560848412,-0.222817167408591,-1.97602429620597,0.758292243404521,0.53879891308155,0.150325454836578,-0.179271459607889,-0.166504315581657,-0.137362538242763,-0.163149138925397,-0.191658516368568,-0.25214818880106
"belize","blz",NA,NA,NA,NA,NA,NA,NA,NA,NA,NA,NA,NA,NA,NA,NA,NA,NA,NA,NA,NA,NA,NA,NA,NA,NA,NA,NA,NA,NA,NA,NA,NA,NA,NA,NA,NA,NA,NA,NA,NA,-1.76222046409343,-1.80747623652276,-2.68948713358685,-6.512118742822,-6.68249969510036,-7.23446203672726,-5.40654558817102,-8.41127366272487,-4.52191922805345,-3.7030423333183,-2.2702192728771,-0.187200675080293,1.2533419317813,-2.46351128250602,-1.90336352594915,-1.05577430319715,-0.223679217157092,-1.20839050362594,-1.72372759017032,-5.14306290820016,-4.47274636003614,-3.48094764964414,-1.36647747962944,-2.90225272768362,-8.56663101923083,-3.29064157380747,-1.04323587383841,-2.42428516924389,-1.51506967180719,-0.960342365477655,-1.49863530550594,-1.78629582039397,-1.63955447704906,-1.27599241976697,-1.12822784454866,-1.08699558250333
"bolivia","bol",NA,NA,NA,NA,NA,NA,NA,NA,NA,NA,NA,NA,NA,NA,NA,NA,NA,NA,NA,NA,NA,NA,NA,NA,NA,-8.63250044241293,-14.2256913673056,-17.7155423559673,-22.7268576638715,-8.7686490212546,-2.41585193427375,-6.88965092492346,-5.81593984470376,-4.9211799139504,-3.93694456462454,-3.75799193713689,-3.93694397204358,-5.4580358119829,-2.68427994311795,-1.62540704157549,-1.70004397539184,-2.93562039375651,-4.56327589450226,-3.4328066620961,-3.33578188092842,-6.11166249495076,-7.82184062090143,-7.03679398523069,-4.97435056188143,-1.99891505938684,3.99260497335666,-1.36506768297511,3.10490620941857,2.28854831507239,1.41548745144642,0.718820036540017,1.48839881010566,0.511255902069688,-2.88352378752342,-5.75821713048146,-5.95210949659504,-6.41514132059048,-6.80050506835523,-6.04329100966179,-10.9824661973853,-7.86553737369353,-6.14865928063666,-9.46156206189857,-8.70090769137975,-11.5988060419671,-9.29876110842157,NA,NA,NA,NA,NA
"brazil","bra",NA,NA,NA,NA,NA,NA,NA,NA,NA,NA,NA,NA,NA,NA,NA,NA,NA,NA,NA,NA,NA,NA,NA,NA,NA,NA,NA,NA,NA,NA,NA,NA,NA,NA,NA,NA,NA,NA,NA,NA,NA,NA,NA,NA,NA,-3.46804439954558,-4.14852254251593,-5.40068577264142,-2.95499530732984,-3.36357468039219,-4.86843883127353,-2.66019020913456,-2.39297133780789,-4.2304586772513,-3.55374505575644,-2.7413265090143,-2.35132605423843,-3.42213266452873,-6.27493165863038,-9.28137705892688,-7.99061406933455,-7.96967133406469,-6.99013817799185,-4.85852620319399,-11.6368880863939,-2.63074887774094,-3.96469564579606,-7.71244013515604,-6.17197155669923,-8.06936870256055,-7.70621940118079,-6.8711768100963,-6.16925387616748,-6.04116928196752,-6.08621940359449,-6.1088125826139
"barbados","brb",NA,NA,NA,NA,NA,NA,NA,NA,NA,NA,NA,NA,NA,NA,NA,NA,NA,NA,NA,NA,NA,NA,NA,NA,NA,NA,NA,NA,NA,NA,NA,NA,NA,NA,NA,NA,NA,NA,6.2755291168203,5.78757236461724,3.50149814040685,5.1524917557203,5.63264279091631,5.06354786721866,4.67863090164685,3.83126475517744,-4.95751851392893,-2.86057890642375,-2.72981619827798,-2.78487628273635,-3.13089930339263,-4.07790384895736,-3.94425572539378,-6.18615249106648,-7.10116232307964,-3.46783217358707,-6.69452701038494,-8.46145699116382,-6.19574598361674,-7.58224856846258,-4.54893648297467,-3.64388187233001,-0.321183642138045,2.86039181532969,-4.19420466470368,-3.87952980826908,-1.74013405908823,-1.57402718292203,-0.836411196741301,-0.309385820922129,-0.0572232402445743,0.167349322954712,0.136437750570431,0.288769116699207,0.38927651272169,0.603795668733994
"brunei darussalam","brn",NA,NA,NA,NA,NA,NA,NA,NA,NA,NA,NA,NA,NA,NA,NA,NA,NA,NA,NA,NA,NA,NA,NA,NA,NA,NA,NA,NA,NA,30.2484749901301,6.47961748788398,3.40504312744718,-3.06715595772018,-4.68529899274809,-1.62594089658094,-1.06053754486361,-8.28216326621843,-12.7718323596367,-22.5501668718422,-19.7936240502369,-8.70367217763836,-11.7926060409242,-23.9968799447409,-18.2549254703521,6.8595460826032,2.58529160665717,-4.61349870309425,8.06085875821533,8.56527626889255,16.0092701490733,19.7801392552796,3.11877932429885,36.1402568411858,3.61000967815154,11.2957972813275,21.5379836117689,19.5374662438169,10.4268303645121,1.24676917628576,-11.3929531021109,-16.7284819525972,-13.818363357595,-2.9005236477524,-4.15536348406668,-16.2270220094397,-8.34042697205636,-0.251335634906679,-8.61982392539454,-12.8887212016378,-13.4091506338821,-10.699009946769,-9.80287934639304,-9.60241170705092,-9.25034108933685,-9.11012035404178,-9.02187388394487
"bhutan","btn",NA,NA,NA,NA,NA,NA,NA,NA,NA,NA,NA,NA,NA,NA,NA,NA,NA,NA,NA,NA,NA,NA,NA,NA,NA,-3.51726957316389,1.09166015821744,-0.971178241010076,2.09199501716526,-9.0464829470937,-3.43832762416295,-0.562106150810522,1.33140213524703,-10.1440865883732,-7.21459990522642,-0.481212646602032,-3.47086857602736,4.70719634285346,-0.128960315970465,-0.884772401233869,2.55413188570351,-1.91570503869829,1.27701117455126,-1.2808283122693,-3.3907869142577,-12.1693135383228,-4.33185516181345,-10.212668360383,1.80034959399163,-6.96159633715121,-0.0734992989174275,0.792763003596929,-2.56568159805482,-0.801303145437388,1.92274994906817,-3.0242638267939,-2.10215655050647,-4.54543254209129,2.45600559828247,-0.489793824360168,-2.30885340965358,-4.4918919055096,-1.51895180044817,-1.48566425468205,-1.80671105870306,-5.76039751138521,-6.95151526007716,-4.731333023492,-1.78926617230039,-2.70208873730609,-2.88230893345314,-4.28403538750385,-4.16203534301637,-5.635856693284,-4.59971895554772,-5.03197675758125
"botswana","bwa",NA,NA,NA,NA,NA,NA,NA,NA,NA,NA,NA,NA,NA,NA,NA,NA,NA,NA,NA,NA,NA,NA,NA,NA,NA,NA,NA,NA,NA,NA,NA,NA,NA,NA,NA,NA,NA,NA,NA,NA,NA,NA,NA,5.94920728562786,8.72996790266556,-2.91316277692486,-3.94085836876683,-0.175020563033466,1.34581905285941,10.3253364555345,13.3106723660438,5.73326664347318,-7.61358368600766,-13.7796564869125,-7.95050459879516,-0.115882105340582,0.886806707441583,5.83884185217667,3.89689065377934,-4.82135526435242,0.714100625385413,-1.14318424830232,-5.03077301996487,-8.53276009855595,-10.8692899369115,-2.33339689880341,0.0355610304959925,-4.16323413501106,-7.2576793039382,-7.42173097127581,-10.6881853678769,-7.79344975587365,-7.59158859388631,-7.49401227248888,-7.08262276956688,-7.45827995361604
"central african republic","caf",NA,NA,NA,NA,NA,NA,NA,NA,NA,NA,NA,NA,NA,NA,NA,NA,NA,NA,NA,NA,NA,NA,NA,NA,NA,NA,NA,NA,NA,NA,NA,-4.64359777753709,-3.72207475223115,-3.2472530527087,-6.59760347989561,-7.99619450219647,-7.32665376474399,-5.66306880194263,-7.57389085062973,-4.84033616232713,-1.05902869611251,-1.56536210524296,0.000947646673399044,-0.495962010014686,-2.00845730487508,-0.876156960924276,-1.18983143267064,-3.06301296584545,-1.73774079233694,-4.36656723365062,8.58372463705739,1.04355648509117,-1.23086262833368,-0.54278411650382,-1.34711308774298,-2.14909875913094,-0.776164917355553,-2.30363024799398,-3.01662301715793,-0.534997447427428,1.18265134355707,-0.995493505168543,-0.929751245356442,1.32732470633954,-3.23171088148333,-5.71132569100961,-5.12850178334605,-3.41597993428765,-5.03059336914268,-5.49362704937555,-4.98351845141647,-6.21709794760246,-7.08029141729072,-7.82457064816176,-8.71868706889559,-9.55284709099995
"canada","can",NA,NA,NA,NA,NA,NA,NA,NA,NA,NA,NA,NA,NA,NA,NA,NA,NA,NA,NA,NA,NA,NA,NA,-3.43194232742587,-4.04344472848951,-2.89229499562925,-6.89832835713237,-7.99803472927684,-7.93985099115558,-8.75732710433637,-7.32164897556159,-5.74576554490751,-4.51096995664339,-4.71828332928814,-5.91142212592074,-8.35939826696097,-9.19914926312156,-8.93476494470823,-6.9359775345593,-5.48964011250317,-3.05256596040631,0.0387021653365324,0.142682776423957,1.65557624708932,2.63970396113812,0.529468967089922,-0.233895789038062,-0.126957864812588,0.767669538252837,1.55312009791853,1.82760436294437,1.81965580691923,0.184425128889388,-3.88135176862462,-4.73755858174554,-3.30873255346625,-2.52451700716013,-1.49470599769641,0.174896160104426,-0.061845591002195,-0.453164225747765,-0.112442955170904,0.35989130799423,-0.0172893498037875,-10.9490674961394,-3.05712002990751,0.616655709407194,-0.162417320107473,-2.12156725110831,-1.7654884513938,-2.67175441350449,-2.48857257408621,-2.21137066944494,-1.98514561565684,-1.731006371937,-1.52374262708052
"switzerland","che",NA,NA,NA,NA,NA,NA,NA,NA,NA,NA,NA,NA,NA,NA,NA,NA,NA,NA,NA,NA,NA,NA,NA,NA,NA,NA,NA,-0.56707762257265,-0.229838913759644,0.0170055243071864,1.07433713966222,1.07813194009677,0.902702885472903,0.75835833175113,-0.0451371055529904,-1.81930751473826,-2.9172414091187,-3.09608399251593,-2.55339128506992,-1.8308693148692,-1.98333241156334,-2.30128870181322,-1.29110286994526,-1.55075468775733,0.278797531926484,0.204894201108858,-1.72019105458212,-1.34239843274016,-1.37488859163119,-0.636497740864617,0.833526755331748,1.548779095098,1.90920287465047,0.489507175776693,0.347743981164502,0.67289170476728,0.231253052094798,-0.424776448421776,-0.24222555176195,0.536440901437789,0.234578907840196,1.11171142471243,1.26322161404734,1.31381398779702,-2.95717937417235,-0.280724263879318,1.14975297918631,0.117922206862607,0.529117647508852,0.451748155968347,0.218463911327632,0.320857115605596,0.262705322610938,0.230797411730086,0.178959386923449,0.178959386923542
"chile","chl",NA,NA,NA,NA,NA,NA,NA,NA,NA,NA,NA,NA,NA,NA,NA,NA,NA,NA,NA,NA,NA,NA,NA,NA,NA,NA,NA,NA,NA,NA,NA,NA,NA,NA,2.25057258471024,1.54122696027644,2.10760739814265,1.41543529756459,1.43738596840278,3.10094128204596,2.07081816700898,2.03914175168956,0.390147555412171,-2.01783671813039,-0.692843283541431,-0.494623825460006,-1.17068996853577,-0.41550104409787,2.05066376353345,4.56803724487694,7.50908104725354,7.95487755159943,3.93045766675365,-4.25896906155482,-0.362720106610285,1.42679072465557,0.682343277664966,-0.470273937516142,-1.49636979929496,-2.08851258671561,-2.66061639079667,-2.62753109783793,-1.48222252183549,-2.73052253362189,-7.09529637434425,-7.52503617644515,1.36019451537044,-2.27393349977732,-2.81511059593292,-2.78243193918467,-2.46537869846997,-1.88293649487665,-1.78498150641688,-1.99010822623055,-2.03894843645725,-2.00492016317324
"china, people's republic of","chn",NA,NA,NA,NA,NA,NA,NA,NA,NA,NA,NA,NA,NA,NA,NA,NA,NA,NA,NA,NA,NA,NA,NA,NA,NA,NA,0.219934208572593,-0.00951843773528731,0.0695713311415506,0.923386981672658,-0.344660396683735,-0.699302790862065,-0.962573969484987,-0.912096445150803,-0.717465240762391,-1.03673221348581,-1.21660350154194,-0.888963967770773,-1.67644404378424,-0.943927903594432,-0.733140712457273,-0.725882738567802,-1.07573903620557,-2.29567203525474,-2.8114637424944,-2.5618276469689,-2.84322139273158,-2.36013960883078,-1.48929831266339,-1.38009186304189,-1.12606030661294,0.0580163383149825,-0.0243687200596256,-1.72131808134694,-0.35577787150776,-0.0963911404232845,-0.296733850427157,-0.822663048025242,-0.671716501810908,-2.49995160764076,-3.32640068117984,-3.33869438132694,-4.20178960311223,-6.00481489477173,-9.56318208321288,-5.90165046372049,-7.31896387086335,-6.70799210397631,-7.10755129983092,-7.86751709669665,-8.15303425680076,-8.35834759703318,-8.20788102641032,-8.0305525655908,-7.97631925943212,-8.01384017826175
"côte d'ivoire","civ",NA,NA,NA,NA,NA,NA,NA,NA,NA,NA,NA,NA,NA,NA,NA,NA,NA,NA,NA,NA,NA,NA,NA,NA,NA,NA,NA,NA,NA,NA,NA,NA,NA,NA,NA,NA,NA,NA,NA,NA,NA,-0.749169756679283,-0.696892188807058,-1.26796910237775,-0.830553057709537,0.699229741624396,-0.637283748499252,-1.26121559945385,-1.03786982793724,-1.02512700128761,-1.03434859069855,-0.388505063928279,-0.20986906057569,-1.00184250194447,-1.33689370902772,-2.88915112142091,-2.2764883608245,-1.62093314300601,-1.56816765545432,-2.04214037419396,-2.97864355202881,-3.27411452960849,-2.9047165922354,-2.2201901192928,-5.41889411628011,-4.88133403919163,-6.74049905013079,-5.11878063498841,-3.96375623862445,-3.00284921563316,-3.04125489420596,-3.0455018297502,-2.98897296373969,-3.04808182367601,-3.00225553370376,-2.99843954524346
"cameroon","cmr",NA,NA,NA,NA,NA,NA,NA,NA,NA,NA,NA,NA,NA,NA,NA,NA,NA,NA,NA,NA,NA,NA,NA,NA,NA,NA,NA,NA,NA,NA,NA,NA,NA,NA,NA,NA,NA,NA,NA,NA,NA,NA,NA,NA,2.05888227649467,1.19541667027232,1.58700740208163,3.50713684470579,2.06625777975492,3.4320705809811,6.33628982831422,3.66004885145718,1.94407635214896,-0.0500439143077778,-0.571246406561639,-1.54518901732554,-1.21638233884406,-3.54282264912647,-3.36244494451847,-2.85780653219284,-5.78578826448959,-3.68219536741447,-2.29620218762322,-3.64571311998888,-3.51845468280194,-2.88109108135796,-1.11170081747103,-0.639930841786943,-1.50918436103373,-2.00966957039893,-1.66885247970613,-1.35722896850655,-1.28428757322861,-1.23558783030094,-1.22734690614471,-1.20244691580917
"congo, democratic republic of the","cod",NA,NA,NA,NA,NA,NA,NA,NA,NA,NA,NA,NA,NA,NA,NA,NA,NA,NA,NA,NA,NA,NA,NA,NA,NA,NA,NA,NA,NA,NA,NA,NA,NA,NA,NA,NA,NA,NA,NA,NA,-0.561980950854738,-1.05573025179323,-1.54847803566618,-1.34824924771715,-1.85254482983914,-1.1269102045659,0.893774717730753,-3.92282383658507,-0.166989605371747,1.38245196000631,2.09217573493213,1.20776574293538,-0.281694981015389,1.03609657997528,-0.802802543724384,-0.705874838783006,1.92582336058913,3.49651976028769,3.87143294018439,-1.19923318854298,-0.908737238238014,-0.0143847791186435,-1.34873531002374,-3.41201450458152,-3.48877593498529,-1.57893860016297,-0.867816702176476,-1.59413508159111,-1.66066760847589,-2.75242719985586,-3.4552309696465,-2.38765159901141,-1.49702823542626,-1.45717639735751,-1.27348567147039,-1.1509307600451
"congo, republic of","cog",NA,NA,NA,NA,NA,NA,NA,NA,NA,NA,NA,NA,NA,NA,NA,NA,NA,NA,NA,NA,NA,NA,NA,NA,NA,NA,NA,NA,NA,NA,NA,NA,NA,0.779701623853151,-4.10331537871544,-11.1954520491728,-12.684413242127,-11.3064292944246,-10.6269892189677,-6.37953895581026,9.19506039910197,3.66771009669721,-5.15999139778213,-4.74599785943967,1.04686403485608,-0.7058582672694,-7.34198169580371,0.365582582994471,3.32554175738919,13.402793681831,15.9572785504244,8.98643127888825,23.896765814632,4.75597912236232,15.5171074250233,16.065095031464,7.23599584628784,-2.84927370447237,-10.7322065828732,-17.8051478500176,-14.5422526763456,-5.57099610668853,5.22187398223339,4.30383235808816,-1.10488544181339,1.62939487752172,8.94412233984325,5.80534095325203,3.61540258136814,0.279511554225237,0.400913186095572,2.93770647364835,3.89444081079382,4.4541500985504,4.71278382534241,4.64824414059481
"colombia","col",NA,NA,NA,NA,NA,NA,NA,NA,NA,NA,NA,NA,NA,NA,NA,NA,NA,NA,NA,NA,NA,NA,NA,NA,NA,NA,-4.30745390427272,-3.79738170642099,-3.86992812532841,-2.48596962454662,-1.94146360564775,-0.600464569950026,-0.898279954586893,-1.45217815791509,-0.406031603558939,0.349559369895796,-0.0668935041143575,-0.239866512290472,-0.137972139668511,-0.998559422523327,-2.49488574668527,-3.22677155465839,-3.8641421125768,-5.36725843562855,-2.93677527966258,-2.7086694418686,-3.4522020309282,-2.70236574257939,-1.31109709119663,-0.0207711912425508,-0.992650981422889,-0.819777005457566,0.0418177601857506,-2.67404734457448,-3.30276722665198,-1.99297523944015,0.15478341781464,-1.02074306943381,-1.74407702900736,-3.52022272468982,-2.27395436340898,-2.49551853423356,-4.66765203774594,-3.48177414323436,-7.12493912581067,-7.2763408835648,-6.35792815584479,-2.9203487747118,-6.03748638156872,-5.74713055021554,-5.15046311626843,-4.32284730364409,-2.74124314948412,-2.50892366569332,-2.38903139465783,-2.41236095516208
"comoros, union of the","com",NA,NA,NA,NA,NA,NA,NA,NA,NA,NA,NA,NA,NA,NA,NA,NA,NA,NA,NA,NA,NA,NA,NA,NA,NA,NA,NA,NA,-5.70316052972311,-5.02190511185789,-4.82949155051648,-3.11086302848545,-2.6892880826909,-1.31453015774913,-1.02902624873898,-2.25590345970048,-1.99034291621507,1.27355027875554,-3.70013120666861,-4.12912356622766,-3.42574049791145,-1.3002162949659,-2.00347546167352,-0.456201452965132,-1.13806169686285,-2.1281676320472,-2.14559043529862,-2.04539709899264,-0.979899748449186,-1.41378455881691,-1.50679392621359,-1.17935969865142,-1.4644563704883,0.359637894131781,4.20403940070442,0.86122718701582,1.96157835156742,10.488541813969,-0.328023758307548,2.59819223030779,-5.52038505079765,-0.0977602902138882,-1.34695047081504,-4.29512514699488,-0.516296470759352,-2.8165297951369,-3.93171216451921,-1.33936736219053,-2.67458952932953,-2.33665898862425,-1.10984724979881,-1.68091036402745,-1.91800698884312,-1.13445703510567,-1.16731987966978,-1.39069932378826
"cabo verde","cpv",NA,NA,NA,NA,NA,NA,NA,NA,NA,NA,NA,NA,NA,NA,NA,NA,NA,NA,NA,NA,NA,NA,NA,NA,NA,NA,NA,NA,NA,NA,NA,NA,NA,NA,NA,NA,NA,NA,-12.7786264160368,-11.1307903184757,-11.2152921437324,-10.1821751525781,-3.16168468563437,-10.8709059252321,-15.5318086697364,-5.02880870210243,-6.13897266998158,-3.62666130608471,-2.97899707518206,-4.69283684528152,-4.31597666089938,-0.863493282531146,-1.41502420036006,-5.31951133846398,-9.59667775207746,-6.97553796691396,-9.36388735944195,-8.48974122071519,-6.93350256596951,-4.15699875527579,-2.72843199980261,-2.63457772401403,-2.36383744059915,-1.61721657953745,-9.29327810572121,-7.51219197612174,-4.25089413409962,-0.277533998248299,-1.06613847889296,1.05705326099375,-0.875014126771162,-0.0438426193104665,0.0500583066002439,0.111254708356676,0.161853868223252,0.193897722129696
"costa rica","cri",NA,NA,NA,NA,NA,NA,NA,NA,NA,NA,NA,NA,NA,NA,NA,NA,NA,NA,NA,NA,NA,NA,NA,NA,NA,NA,NA,NA,NA,NA,NA,NA,NA,NA,-4.40362759219036,-2.41050322227104,-1.51364954047506,-1.52254192636532,-5.46160790387279,-3.68391022458826,-4.32204380500103,-3.3901600763766,-2.96482596527245,-2.88149752676153,-3.68374784408792,-3.47052362430705,-4.99242578747181,-3.43217619201546,-3.41523267883679,-2.0911706300899,-1.0427911501668,0.558234426136892,0.182143159699608,-3.25126895892834,-4.95630485737585,-3.9096905636041,-4.21527596798742,-5.24626009390784,-5.45358634692353,-5.52219988353515,-5.09405205224352,-5.87900058328222,-5.64693485594722,-6.6495592790505,-8.32477142748117,-5.03692256571118,-2.7357913148148,-3.21381908072365,-3.7294242526096,-3.35029112170998,-3.64161573577404,-3.5014654340314,-3.16133456837005,-2.82548998119201,-2.48143969006185,-2.19498294027663
"cyprus","cyp",NA,NA,NA,NA,NA,NA,NA,NA,NA,NA,NA,NA,NA,NA,NA,NA,NA,NA,NA,NA,NA,NA,NA,NA,NA,NA,NA,NA,NA,NA,NA,NA,NA,NA,NA,NA,NA,NA,NA,-0.712397275438574,-2.95632558430979,-4.82121957627726,-3.85103588339827,-4.05384575861892,-2.2397357243983,-2.1074021844809,-4.13067272880357,-5.90721898281862,-3.71164227360642,-2.22435114658319,-1.04125,3.22816434914199,0.865882848049659,-5.43335082514966,-4.68421620566155,-5.65008736988937,-5.55054012741467,-5.15953083080198,-8.7960738554465,-0.765719826793506,0.451253569794411,2.12874894153325,-3.36347545373674,1.03115251484979,-5.57477429158845,-1.58686272371844,2.68539007474971,1.70689075837492,4.13861334882557,2.98607161047864,2.63782470754825,2.50019129259055,2.40572888362537,2.21043975360794,1.81090392383374,1.61128367569195
"czech republic","cze",NA,NA,NA,NA,NA,NA,NA,NA,NA,NA,NA,NA,NA,NA,NA,NA,NA,NA,NA,NA,NA,NA,NA,NA,NA,NA,NA,NA,NA,NA,NA,NA,NA,NA,NA,NA,NA,NA,NA,-12.277749751025,-2.97611156628758,-3.13646482108006,-4.13862613214907,-3.08043797069169,-3.54694336792099,-5.7572347924466,-6.34491245221792,-6.87481315277406,-2.4049988065848,-3.06115901721548,-2.18582129547692,-0.677897718447898,-1.99885376429946,-5.4562597183377,-4.14416040657067,-2.71182840071251,-3.91750554707597,-1.29850940666743,-2.0934716403026,-0.665740432816195,0.68488115910907,1.46030076395775,0.88150111408928,0.282753785149576,-5.64974320206962,-4.95117518039302,-3.0687791210961,-3.73471128921603,-2.02883835238773,-2.02573465993478,-2.27002436426047,-2.45556398075573,-2.6632393460597,-2.87724485039748,-3.06330144230068,-3.06358619196996
"germany","deu",NA,NA,NA,NA,NA,NA,NA,NA,NA,NA,NA,NA,NA,NA,NA,NA,NA,NA,NA,NA,NA,NA,NA,NA,NA,NA,NA,NA,NA,NA,NA,NA,NA,NA,NA,-3.20976872475041,-2.63168975782068,-3.11009821662285,-2.54224654791569,-9.43666345602206,-3.63841415356535,-3.02722679165099,-2.64954433296577,-1.8664670428068,-1.71431120460543,-3.12462138982387,-4.08615788716177,-3.82950807966762,-3.42100443079929,-3.37084159245994,-1.75518716665705,0.154864645860704,-0.262968856207131,-3.17594036816802,-4.42097535235502,-0.83999839820016,-0.0543354005315653,0.122519605927828,0.731520169410314,0.914762733112409,1.13410386171801,1.33721959371278,1.8831227449964,1.3272627555636,-4.37969467241619,-3.16727950162125,-1.90851232895255,-2.49445999464367,-2.66333562025147,-2.66553465282299,-3.77752072224437,-4.22894329475353,-4.06129471570412,-3.89827987419412,-3.83362162989972,-3.65994756280528
"djibouti","dji",NA,NA,NA,NA,NA,NA,NA,NA,NA,NA,NA,NA,NA,NA,NA,NA,NA,NA,NA,NA,NA,NA,NA,NA,NA,NA,NA,NA,NA,NA,NA,NA,NA,NA,-3.25445571349554,-0.862770785241412,-6.13344948197646,-7.09857146529754,-4.96543843146202,-5.13138190956658,-1.76604359188149,-2.85765120841379,-3.5919795431296,-5.19662437564406,-3.97423514638415,-3.60605649256107,-4.5648522323397,-4.13423547386731,-3.66853307656706,-1.17827916559022,0.261304102202237,-1.88128368743701,0.622777193495612,-3.88290784056305,-1.04464415929763,-1.18468417354657,-2.04190218073058,-0.337068400579815,-6.91802247411657,-15.5435346399304,-0.758172634079153,-0.211418765266207,-1.982985747817,-0.981867746969037,-2.57722628292072,-3.05487193147316,-1.48360588231701,-3.47383846271192,-2.68609114672977,-0.697490703838188,-0.459708610072483,-0.286318953236509,-0.0492950566220837,0.0487880757114732,0.0391117843262752,0.0249528945630413
"dominica","dma",NA,NA,NA,NA,NA,NA,NA,NA,NA,NA,NA,NA,NA,NA,NA,NA,NA,NA,NA,NA,NA,NA,NA,NA,NA,NA,NA,NA,NA,NA,NA,NA,NA,NA,-4.66049441338621,-2.98697970649252,-2.22414123049687,-1.40912713435548,-3.35389610702008,-2.87950565388249,-1.58980922486519,-2.23969442432429,-5.99007165439212,-9.17573201922326,-8.66137225951359,-6.54365745239362,-4.07096047763513,0.84957708820855,-0.67340699279325,0.947119053148391,2.9278523268015,1.7982378246782,0.700079290301094,-0.309318313737259,-3.38265863519601,-4.40174550612392,-5.4140647596536,-2.88274376323367,-5.54460777132087,11.3793959049144,11.5932550736784,-3.26613409292495,-17.1850174376012,-8.7190944779659,-7.53010477111047,-8.22245909270204,-7.17905224286454,-4.52472200880466,-6.75366703036645,-1.34894889462555,-1.03334560959199,-0.993246228389231,-0.862227812158002,-0.54785461255831,-0.0487455684126242,-0.00707226101069091
"denmark","dnk",NA,NA,NA,NA,NA,NA,NA,NA,NA,NA,NA,NA,NA,NA,NA,NA,NA,NA,NA,NA,NA,NA,NA,-1.9549655855851,-3.68442812934588,-6.79208047436753,-9.23209060312197,-6.50790514908587,-4.41329154098619,-1.6156670746634,1.32314704482136,1.42559319378668,-0.0912879182368831,-1.34782905250029,-1.77945345608651,-3.15320425624165,-2.59779361912745,-3.7261873072973,-3.85330845009109,-3.50445540538975,-2.39719191608862,-1.21948341728043,-0.282901542163551,1.06375606375606,1.79172734492071,1.12513727184818,0.25165074956783,0.139343231220112,2.23478711297936,5.20169123672472,5.28642177206597,5.30782310583635,3.46241216187468,-2.74617959792545,-2.52055275095758,-1.76550906340815,-3.20248206755847,-0.943708164475737,1.42804335991904,-0.895032326768811,0.302400023601953,1.68899277444306,0.810414959916061,4.28292304733775,0.362547763035172,4.07811973712039,3.38932465690333,3.43014228113967,4.45870992914635,2.85153348580567,0.161784503447529,-0.375242873031327,-0.280938349127281,-0.51517489091351,-0.539782329707018,-0.507496833097292
"dominican republic","dom",NA,NA,NA,NA,NA,NA,NA,NA,NA,NA,NA,NA,NA,NA,NA,NA,NA,NA,NA,NA,NA,NA,NA,NA,NA,NA,NA,NA,NA,NA,NA,NA,NA,NA,NA,NA,NA,NA,NA,NA,NA,-0.641463078090507,-0.288584864224131,-0.788346082917231,-0.858676581810229,-0.728470420995627,-2.27721122444336,-4.24218706729037,-3.59860183390818,-0.714283665430312,-1.68702918483564,0.281261603180349,-3.43037913997501,-2.8959646537611,-2.9747840015623,-3.06807133990303,-6.26482679923934,-4.41288145734296,-2.75953602577259,-0.0330823180201118,-3.10946398974658,-3.12374395964451,-2.17464179565513,-3.4572835822887,-7.93611673876624,-2.92049125018442,-3.24898889040208,-3.28049092100957,-3.08704433747186,-3.55869905912266,-3.48542891460723,-3.22271498296643,-2.89655417416147,-2.6242083530956,-2.26188234185589,-2.00241831931618
"algeria","dza",NA,NA,NA,NA,NA,NA,NA,NA,NA,NA,NA,NA,NA,NA,NA,NA,NA,NA,NA,NA,NA,NA,NA,NA,NA,NA,NA,NA,NA,NA,NA,NA,NA,NA,3.35060800266298,1.52512880329813,-1.04807057557139,-7.7900275793764,-4.05091526087722,-1.29794093737539,2.69817487453355,2.19155578072173,-3.52011499574928,-1.83080819855517,8.91259697298143,3.15186109010645,0.214924557094244,7.21715486012522,6.36317998959742,11.4313254965814,12.8688816555772,4.62770527736788,7.78562080686411,-6.5294446612198,-1.34721229552302,-1.05827624685472,-4.03642782882623,-0.788293149566111,-7.14496099853717,-13.8786086675557,-11.8470083098671,-7.54702430601563,-6.15400078778532,-8.50854573081402,-10.5181946969026,-6.31666197939141,-2.9617541076627,-5.51572524694237,-13.7912715747919,-10.1535602999165,-10.2421902431746,-9.6888026772526,-9.50940317700315,-8.82871774700369,-8.62131258965893,-8.60057169033163
"ecuador","ecu",NA,NA,NA,NA,NA,NA,NA,NA,NA,NA,NA,NA,NA,NA,NA,NA,NA,NA,NA,NA,NA,NA,NA,NA,NA,NA,NA,NA,NA,NA,NA,NA,NA,NA,NA,NA,NA,NA,NA,-2.02409485183097,-3.44000739864225,-2.82514580754534,-5.09917480587954,-4.82486398018952,-0.320323599301339,0.0327101615935103,0.738102337142108,1.04531064300547,1.94157641382955,0.660886986008513,2.92127077248165,2.65832539921192,0.568060481150317,-3.71403684197555,-1.38537295206217,-0.127193666358142,-2.83487190277003,-8.16521102168944,-8.10631711510101,-6.86637260515597,-10.2924849040577,-5.7721744981092,-2.80272647004406,-3.46760496651399,-7.37570868156892,-1.58878636608844,0.0436482071968237,-3.49143777161107,-1.28454040766359,-2.88142858895972,NA,NA,NA,NA,NA,NA
"egypt, arab republic of","egy",NA,NA,NA,NA,NA,NA,NA,NA,NA,NA,NA,NA,NA,NA,NA,NA,NA,NA,NA,NA,NA,NA,NA,NA,NA,NA,NA,NA,NA,NA,NA,NA,NA,NA,NA,NA,NA,NA,NA,NA,NA,NA,NA,2.13518104160573,1.32027815976329,-1.069825419916,-6.76778841988667,-5.72907040753697,-5.76219971471288,-6.68729343603386,-7.35456001430687,-4.89881148941883,-6.04931193487391,-6.1954400232783,-7.44681959317717,-9.60004600244082,-9.4710824713131,-12.2793260148072,-10.7226635512694,-10.3704817278074,-11.7961486085408,-9.89838069969091,-8.97473318760447,-7.59534310221587,-7.46862627182004,-6.95529858474284,-5.74463500159388,-5.76815715622077,-7.11760494642358,-6.55495332565077,-12.1294527055223,-8.86968123088638,-6.95733773661011,-4.38448424831849,-3.5610902976979,-3.07684083885932
"eritrea, the state of","eri",NA,NA,NA,NA,NA,NA,NA,NA,NA,NA,NA,NA,NA,NA,NA,NA,NA,NA,NA,NA,NA,NA,NA,NA,NA,NA,NA,NA,NA,NA,NA,NA,NA,NA,NA,NA,6.85297097138842,4.22368745607758,8.69048087870738,-22.9346457057463,-18.4029482282915,-5.64786451592885,-40.3492629577818,-59.7422453619697,-25.4076075786205,-9.61639551816926,-13.287616062911,6.23458227669256,-7.65101208611,-30.9711680592786,-15.4798529574614,-19.8219443572968,-37.975894518694,-22.1557492438533,-16.5164643532007,-5.5019724217938,-5.2145721345025,-7.6240692525786,-0.121696107302428,-2.76586861832009,-1.4352046675415,-5.73649852576274,5.22374583313213,2.71737983918719,NA,NA,NA,NA,NA,NA,NA,NA,NA,NA,NA,NA
"spain","esp",NA,NA,NA,NA,NA,NA,NA,NA,NA,NA,NA,NA,NA,NA,NA,NA,NA,NA,NA,NA,NA,NA,NA,NA,-2.02452770518237,-2.39127814485315,-5.47555407350402,-4.71350381325604,-5.38816464030258,-6.79810566938685,-5.92854377345126,-3.27748213308308,-3.4009100084577,-2.98908305623546,-3.90030657563851,-4.57893227222441,-4.26460057725442,-6.88978146834371,-6.31495967369072,-6.79334896221475,-5.86588294003837,-3.8591751754915,-2.62690371319698,-1.24016786449881,-1.16126621255804,-0.454948798644141,-0.31664141360251,-0.374867787158816,-0.0951097540982653,1.23054943207897,2.12164270589546,1.8827125835583,-4.56036863376818,-11.2373833866112,-9.48739491897562,-9.69467291730998,-11.4965384897545,-7.49162483961422,-6.07315662270237,-5.2648669134367,-4.26486263621282,-3.0963467416053,-2.57565108935589,-3.04025651865264,-10.0245834713349,-6.65833518147691,-4.58657584367048,-3.34011901765368,-3.2155827212685,-2.49581319054499,-2.06727565633006,-2.2644020670388,-2.17099120776625,-2.15842857895808,-2.15479195438708,-2.15330986249555
"estonia, republic of","est",NA,NA,NA,NA,NA,NA,NA,NA,NA,NA,NA,NA,NA,NA,NA,NA,NA,NA,NA,NA,NA,NA,NA,NA,NA,NA,NA,NA,NA,NA,NA,NA,NA,NA,NA,NA,NA,NA,NA,-0.256884230758379,-0.930814294958138,2.97927904126689,0.647794651850315,-3.41969707646762,-0.112268131124466,0.399109641720853,0.293444483351779,1.66533717782209,2.28593472957027,1.06509367191253,2.70627116620834,2.50340388095226,-2.92186152890802,-3.42841428363196,-1.08789608567769,0.085724107118325,-0.855918206668377,-0.664320367704192,0.415270421957047,-0.24241476681854,-0.618330061435957,-1.06589930223272,-1.14638371797471,-0.109401076002228,-5.42410963240974,-2.56931302301729,-1.07889147743598,-3.0665823282513,-1.5404712185757,-1.33140302764025,-4.47035058391489,-4.54738530443521,-4.22683079396231,-3.59775666163029,-3.61536174976365,-3.58302185586955
"ethiopia, the federal democratic republic of","eth",NA,NA,NA,NA,NA,NA,NA,NA,NA,NA,NA,NA,NA,NA,NA,NA,NA,NA,NA,NA,NA,NA,NA,NA,-2.56333387539374,-2.19479783049705,-3.59896307598557,-7.59036095024245,-3.69187577463974,-4.71135269473925,-3.98268252885188,-3.54414147208308,-3.48279882799557,-4.33005134971281,-6.86064596170135,-6.00002516221496,-4.9224962657758,-4.12189659587806,-5.386154761715,-2.75696736419578,-3.927985343985,-1.76413209988372,-3.64526290311778,-8.53867774673002,-8.88036365970401,-3.76040044411523,-5.76423050356291,-5.59200354942759,-2.65127861505147,-4.12228971990869,-3.78792074487275,-3.56743510213281,-2.88235006376633,-0.932116784528547,-1.32075133057146,-1.60712779449919,-1.1719387866829,-1.9305311617141,-2.58229115168146,-1.94706700539578,-2.30045426331562,-3.24336951265027,-3.02906944516134,-2.53341252610859,-2.76430679472412,-2.76705497246396,-4.15872787800318,-2.5992146195765,-1.9887866432241,-1.18766524990517,-1.75657963537571,-1.02563341569399,-1.6868499446653,-1.49239066433161,-1.48619309479721,-1.52503348353901
"finland","fin",NA,NA,NA,NA,NA,NA,NA,NA,NA,NA,NA,NA,NA,NA,NA,NA,NA,NA,NA,NA,NA,NA,NA,2.88541110595979,2.88033880368004,4.77876515446818,2.40096030302797,0.358663977006717,2.66792045833622,2.55326904732094,3.34460008293084,0.71860271512422,4.8715169436423,7.13822943801535,6.63334978190901,0.30083446248124,-4.88091464951655,-8.09234517835124,-6.40680729325916,-5.97639506774737,-3.37036782803966,-1.32534036329493,1.53697968131129,1.59589559296387,6.72942970686141,4.89167640530243,3.97466990029642,2.33992907707924,2.15760263573998,2.58887687804404,3.92511902626966,5.11549831871228,4.18011562240995,-2.48383635513247,-2.57458264016965,-1.01287597075713,-2.15492718761541,-2.52190449982064,-2.9948264555148,-2.42682880414098,-1.70130309618621,-0.629266686247808,-0.871908755740497,-0.932843642827795,-5.53414527871668,-2.69251177823158,-0.179232344486821,-2.89408618889764,-4.4040972053639,-3.87935665167623,-4.78832351332458,-4.24961994182664,-4.05048011563669,-3.82762530895502,-3.6778053978661,-3.71041923832769
"fiji, republic of","fji",NA,NA,NA,NA,NA,NA,NA,NA,NA,NA,NA,NA,NA,NA,NA,NA,NA,NA,NA,NA,NA,NA,NA,NA,NA,NA,NA,NA,NA,NA,NA,NA,NA,NA,NA,NA,-2.24553421177985,-1.89970052314118,-0.195154144389308,0.779371776988915,-3.45609836088145,-4.50455669585939,5.39695983618898,1.1666927674925,-1.32952692699123,-4.50141480979055,-3.68026765836256,-3.45751581165769,-0.981571576966724,-1.1786419708472,-0.757412505735656,0.357421734386382,1.55872783058411,-2.76433781351754,-1.29499868664544,-0.719477772541857,-0.682862285228032,-0.078783978319808,-3.48385402553465,-3.90689405287756,-5.69866251314345,-2.2848791721751,-4.82223536298007,-3.65199156020583,-8.34318756304178,-14.2224062104291,-12.2746756476985,-7.15329684561715,-3.435239360398,-2.46184866580768,-6.37381557249883,-5.06063957356254,-3.84800984766633,-2.7274875238499,-2.26614375526961,-1.75814719664336
"france","fra",NA,NA,NA,NA,NA,NA,NA,NA,NA,NA,NA,NA,NA,NA,NA,NA,NA,NA,NA,NA,NA,NA,NA,NA,0.756633647433261,-1.23908779299003,-1.65291039635667,-2.59417212980893,-2.77491701238881,-2.99798688070567,-3.23377165234423,-2.02846882849428,-2.57247533316702,-1.80173812095251,-2.45425417275318,-2.88660393615636,-4.64155590311897,-6.39703076824113,-5.46050163688446,-5.10530547815871,-3.89426724213977,-3.70781960332457,-2.39011882779551,-1.54501887971742,-1.31613683452583,-1.41568593875709,-3.17509646271692,-4.09485715765084,-3.55480900980362,-3.50494992190905,-2.6555385881309,-2.99028936836,-3.50098492462312,-7.3831876601372,-7.15898450709517,-5.29938544454526,-5.16854723512621,-4.93568992318257,-4.57135587373179,-3.88721369381876,-3.76271552487007,-3.36491422671829,-2.32167186119507,-2.39168787853994,-8.93023091297154,-6.58367163695894,-4.73740173783165,-5.43960596493894,-5.78803238110821,-5.11258196091295,-4.9406517944944,-4.78914031319479,-4.26016415413144,-3.80859467634656,-3.35604272056357,-2.89454742519596
"micronesia, federated states of","fsm",NA,NA,NA,NA,NA,NA,NA,NA,NA,NA,NA,NA,NA,NA,NA,NA,NA,NA,NA,NA,NA,NA,NA,NA,NA,NA,NA,NA,NA,NA,NA,NA,NA,NA,NA,NA,NA,NA,NA,-0.450697254244422,2.33744698539772,2.62099223369629,-3.26939910325735,-5.17549041955923,-3.48475392025715,-5.46305582864334,7.20470050143759,2.61758663892121,-15.5523514557886,-5.63144148866608,-5.44494632574315,-3.54832594229714,-1.55344864586242,1.80422213357451,0.395907016190177,-0.608221337826053,0.84449089046426,2.80613724820503,11.004029845998,10.3929632256483,7.14053176646044,14.3271502354567,24.3869956095918,19.3381397829223,6.20060834886184,4.23670055746978,16.7516407070796,-1.8226217815653,1.70144856540831,0.398598762677364,0.391324063004214,-0.258107779769751,-0.644643292498444,-0.848804708964238,-0.931664746806812,-1.19383265643008
"world","g001",NA,NA,NA,NA,NA,NA,NA,NA,NA,NA,NA,NA,NA,NA,NA,NA,NA,NA,NA,NA,NA,NA,NA,NA,NA,NA,NA,NA,NA,NA,NA,NA,NA,NA,NA,-2.65949073834052,-3.38523170659453,-4.31422011212919,-4.20402747641762,-4.61461548887313,-3.24978130982808,-2.27959558078167,-3.75934353389569,-2.48241290561145,-1.89684774101612,-1.90755408845074,-3.43822487799452,-3.67894796321613,-2.75409517195414,-1.69607869068419,-0.758626272460709,-0.706640380729074,-2.17609242329399,-7.05571865193044,-5.73363164978399,-4.245688849378,-3.73833776040499,-2.87792382798959,-2.7725581856803,-3.1202091192745,-3.28043303851249,-2.96825359641291,-2.82289225657967,-3.52270199453696,-9.50603001462201,-6.30981748460101,-3.70232141088174,-5.02711454155992,-5.08836770574544,-4.99567786637158,-5.20182858261065,-5.11920399490258,-5.05887481139575,-4.89171244300681,-4.85409993743047,-4.82935055291127
"advanced economies","g110",NA,NA,NA,NA,NA,NA,NA,NA,NA,NA,NA,NA,NA,NA,NA,NA,NA,NA,NA,NA,NA,NA,NA,NA,NA,NA,NA,NA,NA,NA,NA,NA,NA,NA,NA,-2.77567637977291,-3.58113765760692,-4.67389396754416,-4.51206136333123,-5.28683450772724,-3.7966327941171,-2.43590740266227,-3.78519711031786,-2.32149975379345,-2.13302057212093,-1.6568340096302,-3.46857731745809,-3.95134567216136,-3.22850537214804,-2.39949924658741,-1.37079425701983,-1.24741267526923,-3.48087148537828,-8.59368112417979,-7.60398958748704,-6.20444141936497,-5.5008109503835,-3.69388184331271,-3.07542632685983,-2.57342181482842,-2.63626163127014,-2.44821088711935,-2.42033296447702,-2.96762214253864,-10.2386068163763,-7.26456915280615,-2.90264243047934,-4.91280979934338,-4.89139725991578,-4.36081975040099,-4.76167517670393,-4.66392425467844,-4.69839269755105,-4.57309738366872,-4.5580773764993,-4.51148080747438
"g7","g119",NA,NA,NA,NA,NA,NA,NA,NA,NA,NA,NA,NA,NA,NA,NA,NA,NA,NA,NA,NA,NA,NA,NA,NA,NA,NA,NA,NA,NA,NA,NA,NA,NA,NA,NA,-2.58558983488477,-3.27997443579717,-4.50829797319064,-4.54486795503867,-5.78335099266069,-4.40160830021833,NA,NA,NA,NA,-1.9946873045315,-4.118731149651,-4.70225077956729,-3.95142305334451,-3.24436852931144,-2.20117072480821,-2.22341721327005,-4.48907918289202,-9.8069274351395,-8.78520127958257,-7.37088030319001,-6.49155677857987,-4.33916684886497,-3.60616420033472,-3.00850590105524,-3.31790705542969,-3.34629874216882,-3.35392045529534,-3.79177030198846,-11.6881480581905,-8.88185645121479,-3.7204835014711,-6.18692506342285,-6.10235421244822,-5.31260131296182,-5.80848712141464,-5.71623593840501,-5.780601961233,-5.6251725917719,-5.59483480188981,-5.52353337842889
"g20","g120",NA,NA,NA,NA,NA,NA,NA,NA,NA,NA,NA,NA,NA,NA,NA,NA,NA,NA,NA,NA,NA,NA,NA,NA,NA,NA,NA,NA,NA,NA,NA,NA,NA,NA,NA,-2.52627640391105,-3.20502378259167,-4.20931888767285,-4.29995323567547,-4.96690217839556,-3.76188702988549,NA,NA,-3.06890419620741,-2.91082042786021,-2.1663218644234,-3.84936354020433,-4.23847381380563,-3.30398382105707,-2.41427217957001,-1.50045964359019,-1.42997249761071,-2.93304688097509,-7.84447529945622,-6.49735896432486,-5.00734545785263,-4.39973012436744,-3.27494163301423,-3.06074693797,-3.32304159419544,-3.56505297591665,-3.40689142604402,-3.39348325753623,-4.18548183845441,-10.4619972261537,-7.21837643424351,-4.48933795105907,-5.91113608600452,-5.89637284713247,-5.72932161990795,-5.96800878049843,-5.93217085099569,-5.92189874849317,-5.74972239288049,-5.7147807492933,-5.68514641179144
"euro area (ea)","g163",NA,NA,NA,NA,NA,NA,NA,NA,NA,NA,NA,NA,NA,NA,NA,NA,NA,NA,NA,NA,NA,NA,NA,NA,NA,NA,NA,NA,NA,NA,NA,NA,NA,NA,NA,-5.08185313774372,-5.12725087620735,-5.84488725494169,-5.04284775323998,-7.30853158650737,-4.37363010352145,-3.07061736342211,-2.47863628104288,-1.5804122664985,-1.33584304732302,-2.00873574631554,-2.76572229263115,-3.15052899671435,-2.88181956744648,-2.64309886600417,-1.57266336891798,-0.735704059086895,-2.23832002966123,-6.23253401190157,-6.30898418192752,-4.23042569535826,-3.78693454957098,-3.03596702495259,-2.54529708516652,-1.96389140949244,-1.46444629808444,-0.994537262587814,-0.447819206137487,-0.541352613961497,-6.99154233742744,-5.09297956932232,-3.37337357179328,-3.51449081786319,-3.05712475071667,-3.00615642626315,-3.3174376924695,-3.35120105399408,-3.1837868170897,-3.10989066511486,-3.03725235465735,-2.9601989513752
"gabon","gab",NA,NA,NA,NA,NA,NA,NA,NA,NA,NA,NA,NA,NA,NA,NA,NA,NA,NA,NA,NA,NA,NA,NA,NA,NA,NA,NA,NA,NA,NA,NA,NA,NA,NA,-3.83442429039429,-2.03077183172781,-4.89667863344316,-5.35377143142271,-1.52908053270221,2.64310981215942,2.1152035354331,1.40747158601699,-13.1133719404515,1.11411520561333,11.1319509467015,4.06745205527112,3.72426300969964,7.75237564601365,6.99264622902274,7.97728045621996,8.67188616712133,8.06238668224341,10.9943359637297,6.77005076328636,2.69755273784075,1.4098103446392,6.2041782262035,-3.06911062001128,5.97962609769529,-1.11719427608131,-4.71007020405681,-1.69924489717667,-0.211995909135856,2.12696834003732,-2.18996381839673,-1.92653031566148,-0.889533196015504,1.79309938210093,-3.2991318074191,-8.47232957905962,-9.97044587367736,-11.1508496045132,-11.9553691333038,-10.4740886581692,-11.1272363820214,-11.8132920497149
"united kingdom","gbr",NA,NA,NA,NA,NA,NA,NA,NA,NA,NA,NA,NA,NA,NA,NA,NA,NA,NA,NA,NA,NA,NA,-3.88111174378753,-3.13894445299277,-2.83624921140501,-3.76389605919807,-2.26803286116502,-2.86643932935493,-3.15471411063686,-2.47271064254853,-2.32951485942698,-1.66653280860975,0.246914909461542,0.47600126501188,-1.53006714939738,-2.75720548192839,-5.39005293083531,-6.60184621758438,-5.72199816355204,-4.97004986425646,-3.63273566700853,-1.99532830693378,-0.207717559961867,0.762089828579945,1.39577953200653,0.339231423103198,-1.94576468677751,-3.19349989148532,-3.14314282635707,-3.13087698619418,-2.73780850833514,-2.63158064326954,-5.0476308764668,-9.97200855454484,-9.24745596560053,-7.4249151918177,-7.95907319940431,-5.29425310999222,-5.46732755007024,-4.53497273881545,-3.28035096557934,-2.48314198496869,-2.23212908329914,-2.38028976089688,-12.9128543996385,-7.53746148798873,-4.59927724259565,-6.04618765451477,-6.0558404574174,-5.37705453397423,-3.90468093559079,-3.12108740673178,-2.62408064177686,-1.96567316625449,-1.70192677034022,-1.60456548471256
"georgia","geo",NA,NA,NA,NA,NA,NA,NA,NA,NA,NA,NA,NA,NA,NA,NA,NA,NA,NA,NA,NA,NA,NA,NA,NA,NA,NA,NA,NA,NA,NA,NA,NA,NA,NA,NA,NA,NA,NA,NA,-4.88819140614685,-5.91028855904254,-6.63247550256733,-3.96255597889776,-4.7032290366212,-1.9206746022567,-0.707242067829712,-0.186328623163827,-0.547683272417514,3.59174174768817,2.14456912801112,3.28376530295549,0.809171858186231,-1.92192957854211,-6.36451180256234,-4.47657060468378,-0.80775880648483,-0.709675729217505,-1.24820360565531,-1.77873340556621,-1.16317903898552,-1.48976255676745,-0.451606318922891,-0.802560442353807,-1.82487233546347,-9.15758453003782,-5.97215724655796,-2.19827078332451,-2.32857583837209,-2.26718032889434,-1.45546641199333,-2.32690982867124,-2.32073807698279,-2.31906728795707,-2.21753225840215,-2.21300751356983,-2.21196027929441
"ghana","gha",NA,NA,NA,NA,NA,NA,NA,NA,NA,NA,NA,NA,NA,NA,NA,NA,NA,NA,NA,NA,NA,NA,NA,NA,-4.72991820819003,-3.80122098436173,-2.0336597944312,-1.133873150562,-0.976323386143743,-1.1902008440155,-1.26071534935438,-0.924705486705752,-1.0754173855348,-0.811983780473131,-1.92689356362379,-1.4726309580547,-4.50055069225913,-5.38849821344744,-4.99406855070525,-4.52101562507695,-5.61285130884887,-6.14198567366769,-5.27057637618341,-5.64441243990604,-3.98034992494667,-3.63663851877762,-2.72571020293642,-1.99363597070021,-2.02437773660552,-1.87377326352907,-3.10778555238989,-4.91490572996967,-5.5569045299146,-5.0457953391705,-7.12847372420309,-5.46526804034671,-8.35701711042964,-9.11692464289695,-7.81200406787057,-4.00738813309177,-6.74580746689782,-3.96631129489281,-6.79124437198349,-7.51919832587463,-17.442900286561,-12.0318218483652,-11.7598921666651,-3.36626574823511,-6.22539534737153,-1.34553621977846,-2.25585340259826,-1.8319658620194,-1.66908009439009,-1.82622198358449,-2.22971292498786,-2.17405394460711
"guinea","gin",NA,NA,NA,NA,NA,NA,NA,NA,NA,NA,NA,NA,NA,NA,NA,NA,NA,NA,NA,NA,NA,NA,NA,NA,NA,NA,NA,NA,NA,NA,NA,NA,NA,NA,-3.75547735236673,-3.24832535637804,-0.890622713696377,-2.33221536048108,-2.5910853182999,-1.07079731352494,-2.20128048503862,0.0663761893502208,2.46082946791181,-1.29869185821131,-2.42087373261486,-3.23005215820944,-3.37334162464707,-4.65486472122324,-3.84565937033719,-1.0553761006366,-2.12891200294551,1.28067680715867,0.384786588909692,-4.86805383279583,-9.66050428733421,-0.920975739330618,23.7173767764081,-3.85729885028418,-3.01382109383306,-6.53065971148526,-0.0837874653225507,-1.98477179304279,-0.973695607372993,-0.169143419801764,-3.08145535542384,-1.70498240841015,-1.88100455095788,-3.8584834591104,-4.98994576936498,-7.00000000000003,-4.96146378008907,-4.17307202634907,-3.5,-2.99999999999999,-2.69999999999999,-2.5
"gambia, the","gmb",NA,NA,NA,NA,NA,NA,NA,NA,NA,NA,NA,NA,NA,NA,NA,NA,NA,NA,NA,NA,NA,NA,NA,NA,NA,NA,NA,NA,NA,NA,NA,NA,NA,NA,NA,NA,NA,NA,NA,NA,NA,NA,NA,NA,-0.0907771136430832,-2.52286136744627,0.0593828143209173,-1.73220216392789,-1.76602240038461,-3.33237624069745,-3.19372210507319,0.274808161101527,-0.454398519333316,-1.64754353518655,-2.92786669790672,-3.02788796845004,-2.84769540531022,-5.10644023397258,-3.93677418820361,-5.37532295083925,-6.22400969496109,-4.3487081944466,-3.92260751441881,-2.74637797929491,-2.36886370532588,-4.76603017873105,-5.71602632844753,-3.55632885871662,-4.00445182761434,-2.94868115018018,-0.991826557865005,-0.427067820634227,-0.608273889427706,-0.54256971157761,-0.464969320127997,-0.498284810227735
"guinea-bissau","gnb",NA,NA,NA,NA,NA,NA,NA,NA,NA,NA,NA,NA,NA,NA,NA,NA,NA,NA,NA,NA,NA,NA,NA,NA,NA,NA,NA,NA,NA,NA,NA,NA,NA,NA,NA,1.60653672043939,-0.252381998358819,-0.337747662711584,-5.5413997748524,2.44964422598177,3.47805256554883,-2.55580983981895,-5.95442876883225,-4.06458949869789,-2.80083063551155,-1.82566184820867,-3.70366484011626,-5.6275533968453,-5.91951605960356,-4.96026979648746,-4.57447107341407,-8.77445766448186,-0.734810049240797,2.67935221626683,-0.225076327703645,-1.35367621552873,-2.12283279649616,-1.67284225589562,-2.43581665735829,-3.16146263592058,-5.34100164184631,-1.32065542333048,-4.76412328187591,-3.86145739836561,-9.6375800057639,-5.88159661797507,-6.0563899381864,-8.15210365787986,-7.25548135252969,-6.69360855570246,-3.98513816798503,-3.54821814115366,-3.00054877208234,-2.97190872768694,-3.02253932617486,-2.98122494842762
"equatorial guinea, republic of","gnq",NA,NA,NA,NA,NA,NA,NA,NA,NA,NA,NA,NA,NA,NA,NA,NA,NA,NA,NA,NA,NA,NA,NA,NA,-204.115137953474,-174.920238805751,-184.922385730437,-154.626365123713,-114.38187035839,-89.3280438433478,-97.3012090947838,-157.961684076632,-208.494514888409,-76.171061188762,-160.185251302694,-236.035538516827,-557.498603104841,-217.936072598127,-487.312427976245,-123.415924831355,-6.3553787150794,3.21361056589926,-7.65148552387604,-0.191127988339509,-2.66731526561745,14.9089261800384,17.5941269563134,9.99320408844713,9.21754120029225,18.5469249560662,21.7946564239974,17.1599726154263,14.6137422353664,-6.47463704137547,-4.53305324769554,0.834548968023529,-7.23872274826558,-4.40328357206697,-7.54096923515835,-15.0970908517785,-10.9169368493519,-2.59003752782925,0.522467841688325,1.82355345210893,-1.77103954452188,2.65251864635418,11.6828871402036,2.38655118175635,-0.554360670402283,-2.54668536961968,-1.65800013938779,-3.66107652057311,-3.90686119165082,-3.5498120192433,-2.52025593302751,-2.23448601984405
"greece","grc",NA,NA,NA,NA,NA,NA,NA,NA,NA,NA,NA,NA,NA,NA,NA,NA,NA,NA,NA,NA,-2.55233517075032,-2.04064850966416,-1.67479984783073,-2.35673563157105,-2.50114334150663,-7.07546796102755,-5.49310472759701,-6.17396408597385,-7.19196795769206,-9.56136254740794,-8.61977406314595,-8.09050354795387,-9.62602847675467,-11.8985741332129,-13.2891086514885,-9.62788046142531,-10.6457514722828,-11.4525138147099,-8.47681165327561,-9.86823465825135,-8.35054403704995,-6.24768421090498,-6.48463656469523,-6.02403083905866,-4.21485709585403,-5.64234492029569,-6.1968895352679,-8.04670986122599,-9.05268886192651,-6.32991979397597,-6.04482804158117,-6.80687779458381,-10.3147668925513,-15.4236083075213,-11.4244567635924,-10.499569971741,-6.93709279007118,-4.05891960144604,-4.29245341957088,-3.03085772418225,0.280119000946986,1.0545313700984,0.77844838516253,-0.0858767666450482,-10.3671266249632,-7.75568793749248,-2.57187258313298,-1.43978579903884,1.22879494457962,1.25871947244676,0.597812078267229,-0.17557489601534,-0.204429503169631,-0.472487670383748,-0.586247869373428,-0.696317405158105
"grenada","grd",NA,NA,NA,NA,NA,NA,NA,NA,NA,NA,NA,NA,NA,NA,NA,NA,NA,NA,NA,NA,NA,NA,NA,NA,NA,NA,NA,NA,NA,NA,NA,NA,NA,NA,-7.77737824124016,-4.33532417954559,-1.45717492805369,-0.156981512032421,-2.84606316131237,-0.460711030772728,-3.01886710879616,-4.93972698340747,-2.39396847083767,-1.70051404985285,-2.07137971568107,-6.05261315826929,-13.8970971250226,-2.81409383898205,-0.574798760361272,0.900878113491345,-5.22835710393376,-5.90732057506895,-3.71794183390415,-4.40182472455389,-4.07145343806945,-4.85736176943169,-5.4409969991045,-7.24972978618908,-4.19742255447095,-0.799688480972689,2.6908108102134,3.01615974570217,4.91515081245807,4.95563596022427,-4.54542045999421,0.326112854096931,0.929831794253545,7.94028190695225,6.87696708909421,-5.00710646341053,-5.14842746623786,-0.0875081006974694,-0.0128353971104171,0.0351464085998546,0.332729032127212,0.356870182032237
"guatemala","gtm",NA,NA,NA,NA,NA,NA,NA,NA,NA,NA,NA,NA,NA,NA,NA,NA,NA,NA,NA,NA,NA,NA,NA,NA,NA,NA,NA,NA,NA,NA,NA,NA,NA,NA,NA,NA,NA,NA,NA,-0.528109905599657,0.0370666546365433,-0.78987108561143,-2.29133263865858,-2.96190768967239,-1.87662903112379,-2.00334610658307,-1.03220049950148,-2.46863280484159,-1.04761478955107,-1.67011916717251,-1.87848766138146,-1.40301162678843,-1.56981164863294,-3.12000349258767,-3.27725404596114,-2.80411076204941,-2.41624952260935,-2.16382081853827,-1.92128198576222,-1.4721121715591,-1.11008895539327,-1.38418133771237,-1.88052556248804,-2.23604215827203,-4.90956225373226,-1.16211196791322,-1.69514017556334,-1.25158082891937,-0.960336897298339,-1.91276522125649,-2.16730913808391,-2.52548408145822,-2.54253143481894,-2.46542800882589,-2.48891818187781,-2.44636165727277
"guyana","guy",NA,NA,NA,NA,NA,NA,NA,NA,NA,NA,NA,NA,NA,NA,NA,NA,NA,NA,NA,NA,NA,NA,NA,NA,NA,NA,NA,NA,NA,NA,NA,NA,NA,NA,NA,NA,NA,NA,NA,NA,NA,-1.69840146155174,-2.66959517343104,-0.469013243427856,-2.27328421522715,-3.70753166626222,-2.41907474742926,-4.81022743213928,-2.87976376769455,-6.53973782802998,-6.16260435336647,-3.3530082254282,-2.7752275205054,-2.49921316920982,-1.87946202612291,-2.13403197639791,-3.11114010738672,-2.16288016561866,-3.87629165494095,-0.748888343883711,-3.21249252329344,-3.135258345278,-2.51903971510932,-2.51689662040399,-7.78179560469451,-6.93851924380934,-5.09911894147014,-5.61982808281908,-7.27087762698417,-5.37153880956814,-6.40733310421476,-3.83083753900386,-4.18956475577894,-3.33554934956121,-2.21689060896689,-1.09919639230792
"advanced g20","gx148",NA,NA,NA,NA,NA,NA,NA,NA,NA,NA,NA,NA,NA,NA,NA,NA,NA,NA,NA,NA,NA,NA,NA,NA,NA,NA,NA,NA,NA,NA,NA,NA,NA,NA,NA,-2.59185745576982,-3.32172708661563,-4.51418839199123,-4.52247279831989,-5.3622143317934,-3.99717168794447,NA,NA,NA,NA,-1.85258660576085,-3.83950162143154,-4.41068956847717,-3.71588395302483,-2.98930181536727,-1.98603635599522,-1.95225652769357,-4.20301223253521,-9.36111240211133,-8.30802915747979,-6.94567056299722,-6.0864904440738,-4.08716388981747,-3.41561158874535,-2.85822223843334,-3.09036433448714,-3.06077584765049,-3.0365446326016,-3.64338829556069,-11.1994071213279,-8.42888399341833,-3.58382758192993,-5.82107760396696,-5.78552023877134,-5.10049179686148,-5.54636384178652,-5.44196713708029,-5.49404460564046,-5.33381607461016,-5.29791988254425,-5.22829248055805
"emerging g20","gx149",NA,NA,NA,NA,NA,NA,NA,NA,NA,NA,NA,NA,NA,NA,NA,NA,NA,NA,NA,NA,NA,NA,NA,NA,NA,NA,NA,NA,NA,NA,NA,NA,NA,NA,NA,NA,NA,-2.52859897081547,-3.02122986397859,NA,NA,-2.72471898838116,-4.13692657070924,-4.07102867669553,-3.09101709206744,-3.75421835176659,-3.90040300838827,-3.37074225565608,-1.37904324652783,-0.0617649623355526,0.250686354168229,0.206746285471834,0.550787226194492,-3.80653564693869,-2.37302545277567,-1.05963019266602,-1.15572916397887,-1.81091001079438,-2.42811344965129,-4.15356930476567,-4.43283671950256,-3.99964546807667,-3.99594725048289,-5.09210685163883,-9.21137004269719,-5.30982776747397,-5.87017792862596,-6.05272601624511,-6.07056397395087,-6.72011412305263,-6.62417708553528,-6.69049254149594,-6.56937491742904,-6.36410102042045,-6.3172158336967,-6.33083442836894
"oil producers","gx161",NA,NA,NA,NA,NA,NA,NA,NA,NA,NA,NA,NA,NA,NA,NA,NA,NA,NA,NA,NA,NA,NA,NA,NA,NA,NA,NA,NA,NA,NA,NA,NA,NA,NA,-2.88855741842756,-4.80181954262526,-6.32107445729243,-7.03653514163508,-5.4821648750391,-2.38384181270189,0.60877347512633,1.15771957516364,-2.72565225548749,0.395628321605201,5.80518136982605,1.86852509527559,0.789850131750663,1.66454890217538,3.98007541665006,7.43007093502057,7.99764195534434,5.98314423633236,6.72389792576717,-3.0223415635713,-0.497781442439715,2.49298927291667,2.74418879428994,1.27212347497286,-0.262712215652423,-3.54557163053768,-4.32491544439371,-2.33685123357209,0.492352839139428,-0.0370627484712769,-7.07426431981969,-0.576469762418839,3.00548117637431,0.466852496779583,-0.720859885776416,-2.17123649762514,-1.42978075762945,-1.41586349797155,-1.58238883892769,-1.24591439605081,-1.14153834375801,-1.14469491867221
"emerging and middle-income latin america","gx206",NA,NA,NA,NA,NA,NA,NA,NA,NA,NA,NA,NA,NA,NA,NA,NA,NA,NA,NA,NA,NA,NA,NA,NA,NA,NA,NA,NA,NA,NA,NA,NA,NA,NA,NA,NA,NA,-0.926709686381355,-1.96816383891635,NA,NA,NA,NA,-3.56989056683427,-2.06027013619601,-3.16806933056331,-2.70213267357238,-2.70305985730607,-1.11600190421999,-1.03148070815389,-1.70906694647765,-1.07347738598909,-1.1093474930962,-3.96958973815119,-3.12899387303616,-2.69096671084316,-2.73757035949318,-3.33012880219368,-4.84998036997911,-5.92388615452742,-5.36051416056454,-5.1332279553407,-4.98610461807143,-3.72176333165093,-8.15263239117778,-3.87252201535664,-3.61667462259457,-5.13658657988773,-4.72551390404636,-5.15655292392637,-4.7200348862197,-4.08740310890628,-3.51904538512418,-3.37936367389727,-3.32050684826386,-3.28914689878205
"low-income developing countries","gx229",NA,NA,NA,NA,NA,NA,NA,NA,NA,NA,NA,NA,NA,NA,NA,NA,NA,NA,NA,NA,NA,NA,NA,NA,NA,NA,NA,NA,NA,NA,NA,NA,NA,NA,-1.65480913157381,-2.08143978220558,-1.88996862272286,-4.55707292153316,-2.56850272096124,0.52552125949268,0.896866930493986,-0.219634325228846,-2.70863750182331,-1.97818237602135,-0.738668990304325,-2.30458777874765,-1.31893054536873,-1.72774127066906,0.235085500617675,0.296586812905515,2.72763466873141,-0.835737480809112,1.05152812615614,-2.95458091451299,-2.25698171774054,-0.981642777815708,-1.31794289118095,-2.44491522024152,-2.40736310575785,-3.15325170785858,-3.23935649989705,-3.5703127884837,-3.30514576028236,-3.72961520530431,-4.99307943981009,-4.21206630775943,-4.18983435321103,-3.76494642452938,-2.98469192383207,-2.75715028641494,-3.51390836504332,-3.23087473001261,-3.17538809636703,-3.14259821523925,-3.12469995654839,-3.10704322931831
"low-income developing asia","gx230",NA,NA,NA,NA,NA,NA,NA,NA,NA,NA,NA,NA,NA,NA,NA,NA,NA,NA,NA,NA,NA,NA,NA,NA,-5.85960668642486,-5.13954503560047,-5.55121552897952,-5.33037214373385,-4.19538525445002,-4.04430653377523,-4.41749209518976,-3.96366140506027,-3.56515212406021,-3.83113442757462,-0.390657537288114,0.316033309272729,-0.244433155112793,-0.292127895990034,-0.0886235806241418,-0.182822030963828,-1.79691247357421,-1.71222535586469,-2.28065521150913,-1.74784929002036,-2.68198824291543,-3.56564097004174,-2.65709843003767,-2.19425241092932,-2.03276605322133,-1.86901748136691,-1.25864948930794,-1.2457507145588,-2.37597520059242,-3.05589308641656,-2.34061434923714,-2.86475468031413,-2.55056823792457,-2.5775012086736,-2.32767270362444,-3.27458878176289,-2.97310353265332,-3.80010659067409,-3.70416429399254,-4.6780452548617,-5.29755380621771,-3.72510219964633,-4.07026034486407,-4.20268300440168,-3.46113507498052,-2.96043609905406,-4.09782851754379,-4.34067427454798,-4.7827178664289,-4.78441222307072,-4.84392374344288,-4.79265685124588
"low-income developing latin america","gx231",NA,NA,NA,NA,NA,NA,NA,NA,NA,NA,NA,NA,NA,NA,NA,NA,NA,NA,NA,NA,NA,NA,NA,NA,NA,NA,NA,NA,NA,NA,NA,NA,NA,NA,-2.15064107567605,NA,NA,NA,NA,NA,NA,0.226585096959322,1.54750204414495,-0.160119518809743,0.655947549335645,-1.64888664239202,-2.06409515548915,-2.49215516915327,-0.97782616399738,0.196296260282815,-0.492346451223615,-0.13302489187246,-0.617691925639237,-2.94488591877329,-1.78557121986542,-1.60369535311022,-2.3229909761065,-3.69220653147631,-2.59208366525502,-1.21691542145833,-0.664500886387981,-0.73852816574946,-1.31468300449493,-0.792960383156386,-3.32372926374091,-2.50208877948196,0.369559265749707,-0.160715636051003,2.17912432711801,0.106083527988685,-0.517800835137169,-0.305295147226628,-0.393388275855286,-0.331927856958266,-0.294836644421859,-0.282107156517271
"low-income developing sub-saharan africa","gx232",NA,NA,NA,NA,NA,NA,NA,NA,NA,NA,NA,NA,NA,NA,NA,NA,NA,NA,NA,NA,NA,NA,NA,NA,NA,NA,NA,NA,NA,NA,NA,NA,NA,NA,NA,-2.41758435114212,-2.22777579878608,NA,-3.26997419445401,1.01684005552649,1.69542527702625,0.18591680452807,-2.9167452826165,-2.06706403080748,0.116071899127962,-1.94980237812427,-0.6878559974243,-1.57439182209273,1.18331718746353,1.17320686049018,4.1165836799016,-0.794650551756479,1.75103288670161,-3.15568491659396,-2.71683222003183,-0.738473585921514,-1.17256031363657,-2.56865876031797,-2.61515259584769,-3.41171445014609,-3.80994409566622,-3.88148591413128,-3.41937852410384,-3.5952806678879,-5.12537777527649,-4.76060643470937,-4.64962221222199,-3.83258024464399,-3.30339536209081,-3.05116476923276,-3.77665210395568,-3.07506768164326,-2.81467487583778,-2.76912751591968,-2.73249227232802,-2.72997495689532
"low-income developing others","gx234",NA,NA,NA,NA,NA,NA,NA,NA,NA,NA,NA,NA,NA,NA,NA,NA,NA,NA,NA,NA,NA,NA,NA,NA,NA,NA,NA,NA,NA,NA,NA,NA,NA,NA,-13.3504899572481,-21.2411381234382,-5.50258174128716,-9.53312205640059,-3.69163727436431,-2.99571110049247,-2.49157936584774,-2.18372391455175,-2.54619373382013,-2.55519915945998,-2.69653412042069,-2.06118604425109,-2.6043426694425,-1.51832331600317,-1.51979826738533,-2.14910045243729,0.107630141711224,-0.733144310245807,1.48454382395054,-1.55486178861322,0.533085428260638,0.534702502576747,-0.0268383327569807,-1.09208171532094,-1.07992582472736,-1.82141819286277,-1.19782758354473,-1.71110301567936,-1.8407477483902,-2.80013431464951,-3.5137014809713,-2.02658540223901,-2.56174377539797,-3.22468774541488,-1.74365372596244,-1.75898907466371,-1.79254234416332,-2.50840538461764,-2.35560081178965,-2.29333566380542,-2.18510240295104,-2.14014388184934
"low-income oil producers","gx235",NA,NA,NA,NA,NA,NA,NA,NA,NA,NA,NA,NA,NA,NA,NA,NA,NA,NA,NA,NA,NA,NA,NA,NA,NA,NA,NA,NA,NA,NA,NA,NA,NA,NA,-0.593264802380075,-1.52727466167352,0.360635232139555,-6.26424616776778,-3.09612755636268,2.34371869573567,3.37918370863027,1.12849478416084,-3.47161711847446,-1.56455801491442,2.66823722716847,-2.24841754634218,0.619748722949978,-1.60405306488091,3.66647579776833,3.59847889357542,6.37224819467968,-0.538172420499418,4.44738303847067,-3.74677805560296,-2.55575079284191,0.69711765136984,0.0417536949182638,-1.92626264537215,-2.00803237620375,-3.02455591685225,-3.60906787407734,-3.87978309645615,-3.01483200971459,-3.25820149740006,-3.97488265151514,-3.83740443447151,-3.65649140682886,-3.06127464188554,-1.33181103903623,-1.95729526905014,-4.20260742635243,-2.78819057829653,-2.17773350256972,-2.02814123082819,-1.97089881440422,-1.79311775490176
"emerging market and middle-income economies","gx35",NA,NA,NA,NA,NA,NA,NA,NA,NA,NA,NA,NA,NA,NA,NA,NA,NA,NA,NA,NA,NA,NA,NA,NA,NA,NA,NA,NA,NA,NA,NA,NA,NA,NA,NA,NA,NA,-2.54137641076413,-2.80346091939692,-1.89729745348499,-1.42560485921877,-1.95130229823231,-3.80189302497108,-3.05420661354164,-1.32770363763252,-2.87957204270238,-3.45942828740818,-2.6887698244349,-1.12553572772545,0.553318508674386,0.84515085448271,0.74272629464592,0.661874048666291,-3.78864972567884,-2.20937642477883,-0.896922707231434,-0.879472772047738,-1.57770665926649,-2.30626221262195,-4.0124361866515,-4.36365289272551,-3.75923552764683,-3.42884664023424,-4.37967640235268,-8.63377741786968,-4.9854883850726,-4.83644239400862,-5.27248665247538,-5.49339344933288,-6.0726461613132,-5.9555877467183,-5.90455274790182,-5.69432047835049,-5.45007143462293,-5.37282773906832,-5.3710043972803
"emerging and middle-income asia","gx502",NA,NA,NA,NA,NA,NA,NA,NA,NA,NA,NA,NA,NA,NA,NA,NA,NA,NA,NA,NA,NA,NA,NA,NA,NA,NA,NA,NA,NA,NA,NA,NA,-3.37829026868117,-3.33879972894241,-3.48143160256226,-3.05930389062739,-3.13392102091603,-2.35025878689758,-2.65239512750774,-1.43197224608642,-1.18227420863711,-2.12564713980904,-3.45073345129974,-4.07064802618829,-4.00816565259125,-4.33281321616229,-4.56175794037811,-4.00949541463218,-2.93863547521435,-2.18674847944919,-1.61468163411558,-0.927350572073545,-1.3972867191332,-3.22251977295406,-2.07909343031155,-1.50615333566514,-1.57041881433115,-1.77173952607433,-1.6817907583267,-3.10131338750442,-3.69693860491755,-3.57546439202365,-4.13100097672592,-5.62083944635929,-9.47537586220015,-6.29105751978438,-7.04049767252619,-6.39741864809586,-6.62411552658017,-7.13669479185603,-7.352466774138,-7.44031985924872,-7.28529483493249,-7.11203259712064,-7.02641006482939,-7.00561037830072
"emerging and middle-income middle east and north africa and pakistan","gx777",NA,NA,NA,NA,NA,NA,NA,NA,NA,NA,NA,NA,NA,NA,NA,NA,NA,NA,NA,NA,NA,NA,NA,NA,NA,NA,NA,NA,NA,NA,NA,NA,NA,NA,-2.17267486664478,-3.20797897234112,-4.43811347118003,-5.9859423839947,-4.76144060778739,-2.1001656844719,-0.287208155356221,-0.333533210558851,-3.94073542319415,-0.476616269178433,5.476951007014,0.439831436114345,-1.75595918942927,1.07391155933932,3.03108674652045,8.43651609814888,9.07392731382764,7.01543111937695,9.31160406800684,-2.86633370230294,0.82637228588789,3.46458292963857,4.9148193731405,2.22585497871551,-1.59743450182714,-7.02905764958355,-7.98220785018777,-4.69474104961392,-1.7917474932391,-2.69709027188811,-7.86715915669122,-2.1388312726525,2.52316905637744,-0.596156428070538,-2.05880515778932,-3.26978253431619,-2.92381867709448,-2.38947382725563,-2.18377110879883,-1.65301765233249,-1.50194623228609,-1.53401541382655
"emerging and middle-income europe","gx905",NA,NA,NA,NA,NA,NA,NA,NA,NA,NA,NA,NA,NA,NA,NA,NA,NA,NA,NA,NA,NA,NA,NA,NA,NA,NA,NA,NA,NA,NA,NA,NA,NA,NA,NA,NA,NA,NA,NA,NA,NA,NA,-5.73941956851523,-2.68193066272911,-2.89637737702062,-2.99399814218744,-4.00012618850246,-3.00113202306119,-0.772164050529097,1.75232250245788,2.34473039538821,1.48758764186724,0.592575038275929,-5.48631992999789,-3.56571894294127,-0.175756876354852,-0.74319848405067,-1.45450970617753,-1.39510045134528,-2.50696306241626,-2.64399369885897,-1.72837350423024,0.423449607233112,-0.568722728381877,-5.35960933038556,-1.66943754458381,-2.26780289765824,-4.05961285807288,-4.09804240314365,-4.74373387875673,-3.9351406105678,-4.1378978273057,-3.93463820437238,-3.34247528029395,-3.22922989831906,-3.21376324966573
"hong kong special administrative region, people's republic of china","hkg",NA,NA,NA,NA,NA,NA,NA,NA,NA,NA,NA,NA,NA,NA,NA,NA,NA,NA,NA,NA,NA,NA,NA,NA,NA,2.8000436263518,-0.399441969295086,-1.10958435230441,0.896248809860739,1.01255727311983,1.75380290785047,3.04103542040861,3.3162391156776,2.01163689855653,0.641679309071697,3.12749259292587,2.6265419938925,1.99042065694498,1.0154678987113,-0.273013266749853,2.01994033518331,6.3175330662708,-1.80093975368732,0.761944664235157,-0.587168781601994,-4.83634516048367,-4.77316516998278,-3.17190696204577,-0.303533070357426,0.970566069034651,4.00008592324208,7.33610734863115,0.247467858191346,1.53152734038106,4.13619636482901,3.76997407545104,3.14295420380434,1.00755846883323,3.59204787954335,0.595040087756475,4.38742808568832,5.49266600196807,2.34993573201242,-0.582615206036901,-9.22938239221542,0.00811250808328655,-6.57467904162671,-5.65407616663039,-5.79441673086977,-4.7652788303652,-5.16466514846916,-3.25071811920792,-1.3406477881548,-0.760868525327787,-0.751606763608742,-0.751606763608759
"honduras","hnd",NA,NA,NA,NA,NA,NA,NA,NA,NA,NA,NA,NA,NA,NA,NA,NA,NA,NA,NA,NA,NA,NA,NA,NA,NA,NA,NA,NA,NA,NA,NA,NA,NA,NA,-2.15064107567605,-2.15583584312796,-1.4900392851199,-5.20862110487828,-0.971971804488358,-0.24430896268925,0.126739629385595,0.0801060473596588,2.89328796764601,1.38124970024411,1.50810336296845,-3.11887087780244,-5.01539932274768,-5.09345451534284,-2.4754100193947,-0.0326522627349829,-1.35542371348968,-0.25374805674581,-0.266666666272256,-4.86485190009462,-3.37128021929479,-2.9426458130756,-3.48309559183719,-5.47863380678428,-2.81078982469318,-0.781103246675537,-0.39736458440936,-0.407754383614555,0.197209917123846,0.0891288056434038,-4.58439853313382,-3.16657592418091,1.57141842272254,-1.96427274267182,-1.11765558873807,-0.743996626406624,-1.45311690102128,-1.08763246636394,-0.851285932098057,-0.677077145315461,-0.625730550440196,-0.645402615041908
"croatia, republic of","hrv",NA,NA,NA,NA,NA,NA,NA,NA,NA,NA,NA,NA,NA,NA,NA,NA,NA,NA,NA,NA,NA,NA,NA,NA,NA,NA,NA,NA,NA,NA,NA,NA,NA,NA,NA,NA,-5.68898055599361,-2.66973128258078,-0.816337991894432,-4.2303520912335,-4.40618246904502,-4.93415553494769,-6.36049742631094,-11.1104441475591,-9.19719602770592,-4.79150489206399,-4.8982260230405,-5.02791861883063,-6.09371747985609,-3.24248873655988,-2.00111426256078,-2.26924943944893,-2.33411380576977,-7.15107430617726,-6.45103283957832,-7.51317012705299,-5.45665617395575,-5.51442521083,-5.19301060889721,-3.53108819562285,-1.03561367363243,0.807495878071339,0.220809314974051,2.31518749886171,-7.24051630702532,-2.56993006993007,0.140651344396131,-0.785482465556215,-1.9470032672732,-2.89356783930047,-2.9075038455914,-2.85596100037419,-2.7687758069297,-2.62032109848289,-2.46515557054104,-2.44176246361789
"haiti","hti",NA,NA,NA,NA,NA,NA,NA,NA,NA,NA,NA,NA,NA,NA,NA,NA,NA,NA,NA,NA,NA,NA,NA,NA,NA,NA,NA,NA,NA,NA,NA,NA,NA,NA,NA,NA,NA,NA,NA,NA,NA,0.372749144558731,0.210634407241091,-1.54384700340899,-1.35685780372759,-1.54788608817173,-1.80027983970507,-2.2360554323724,-1.34312489189242,-0.829425803838002,-0.908683502567194,-1.54515478783284,-1.79903297239784,-1.99616226926533,-1.49742127892182,-1.42984478826399,-2.71184175482256,-3.97560855039127,-3.64056965684014,-1.47228897873239,0.116524768528727,-0.31588503190631,-1.12648033952913,-1.99454661610804,-1.95596653607041,-2.45398943498937,-1.75431342730574,0.767689767175245,6.96053227216312,-0.223023104635049,-0.702768891860777,-0.643720086000802,-1.24515284650863,-1.42692548641924,-1.44706675952585,-1.49680980639291
"hungary","hun",NA,NA,NA,NA,NA,NA,NA,NA,NA,NA,NA,NA,NA,NA,NA,NA,NA,NA,NA,NA,NA,NA,NA,NA,NA,NA,NA,NA,NA,NA,NA,NA,NA,NA,NA,NA,NA,NA,NA,-8.57089940629331,-4.36006613493877,-5.53878724907921,-7.41251963174775,-5.26732575430583,-3.03768486009788,-3.99567976403368,-8.79413073659584,-7.19105073774152,-6.59728409718238,-7.78660550887102,-9.2687021093581,-5.08530462461744,-3.78490745244709,-4.75927749035724,-4.43619653974475,-5.21983152574845,-2.33058724462288,-2.59821560866858,-2.77297626450912,-2.00287539637464,-1.79164550584544,-2.45493010298371,-2.04641562255476,-2.02429339716531,-7.48685977555293,-7.11006912433924,-6.19022839869688,-6.77292019242564,-4.89834491227348,-4.68480691406754,-5.49545515849294,-5.72265937298299,-5.84706428064381,-5.7099740231923,-5.60453024385445,-5.48746555723577
"indonesia","idn",NA,NA,NA,NA,NA,NA,NA,NA,NA,NA,NA,NA,NA,NA,NA,NA,NA,NA,NA,NA,NA,NA,NA,NA,NA,NA,NA,NA,NA,NA,NA,NA,NA,NA,NA,NA,NA,-0.588573955476985,0.00485037040373271,0.640948134897194,0.962360912538074,-1.03375642867361,-1.89349198508899,-0.95939020472234,-1.86999761262503,-1.76339799411518,-0.57607831614667,-1.07726917647636,-0.260194005971699,0.461782595140813,0.450943401808915,-0.952682535414309,0.0541130012556784,-1.64437535505604,-1.24244031800243,-0.703538422856852,-1.5864588113557,-1.95556754809905,-1.80453952675483,-2.7239215530283,-2.56096317541543,-2.26397568881255,-1.69005942951013,-2.09062414575584,-6.0748593317156,-4.40485208825771,-2.30706417098161,-1.64179850020718,-2.2831453503339,-2.91669442216774,-2.93949165029973,-2.93495209057541,-2.90578749518479,-2.87708213909979,-2.83753529526857,-2.83267350225616
"india","ind",NA,NA,NA,NA,NA,NA,NA,NA,NA,NA,NA,NA,NA,NA,NA,NA,NA,NA,NA,NA,NA,NA,NA,NA,NA,NA,NA,NA,NA,NA,NA,NA,-6.58749983322252,-7.24016991033184,-7.62984386513357,-7.43668498776915,-7.89308854440357,-8.5701845911483,-7.99691894469477,-6.81440717331077,-6.70517557821081,-8.27609963178432,-9.74236867347514,-8.70068904469234,-8.40891167302992,-11.0329901003784,-11.072105543988,-11.4280956695183,-9.2210018240868,-6.64244837051537,-5.11267936342291,-3.73482442137237,-8.14666993099571,-9.25854037047567,-8.5301820558598,-8.02830222147358,-7.31826419144719,-6.78467823107024,-6.90190828211555,-7.28117841100297,-7.21425620293855,-6.3264118568756,-6.45720657300733,-7.85832777678396,-13.17421228851,-9.70141522620174,-9.23423436199992,-8.37438464996614,-7.85491815745318,-7.44023510061148,-7.41377477137853,-7.30830876266325,-7.11298868089843,-6.90696979927362,-6.73962671638541,-6.55215490163121
"ireland","irl",NA,NA,NA,NA,NA,NA,NA,NA,NA,NA,NA,NA,NA,NA,NA,NA,NA,NA,NA,NA,NA,NA,NA,NA,NA,NA,NA,NA,NA,NA,NA,NA,NA,NA,NA,NA,NA,NA,NA,-2.07352143475924,-0.197394715702792,1.37319884726225,2.07121632206487,3.5369809572049,4.85520203509807,0.959382090114589,-0.519345872733423,0.346071151349458,1.298165225683,1.57040855871197,2.77542235393368,0.267874359364693,-7.03053667444456,-13.8727583765927,-32.1449881916834,-13.470405092392,-8.41542956143629,-6.27656375574739,-3.51723622223884,-1.9728665657916,-0.76185160890506,-0.297536044829845,0.0904408956363984,0.406238316215443,-4.868204585464,-1.30758509962203,1.58147020076126,1.36428518339943,4.01660287778477,1.54497946086914,0.55482784621188,0.689068064931064,0.69027160169237,0.544903969198695,0.370037898091774,0.418434526534545
"iran, islamic republic of","irn",NA,NA,NA,NA,NA,NA,NA,NA,NA,NA,NA,NA,NA,NA,NA,NA,NA,NA,NA,NA,NA,NA,NA,NA,NA,NA,NA,NA,NA,NA,NA,NA,NA,NA,-1.72824887681264,-1.64302878717736,-0.85703019571073,-5.14604849623396,-3.35884064250538,-2.63107088370774,-0.749389468123084,-1.81006575592054,-5.02926792388621,-0.508877964080264,5.41945821403731,0.0198236732909454,-2.88205380359117,-2.75652087012943,-2.44555997406849,-2.4379421152303,-4.90947663275051,-2.4051999419997,-4.38788938250615,-3.30240681208421,-0.841655709584516,-0.657153263449007,-0.499604560812404,-0.719531442269745,-0.906858054271563,-1.29908543651403,-1.70061660702061,-1.54698499216748,-1.58785401483909,-4.29665079445637,-4.86748423243126,-3.00927092740283,-2.63843237298353,-3.03862402393764,-2.67880487346291,-5.65013722684265,-5.18544206174078,-4.71230046080141,-4.27691811640025,-4.06815734656792,-3.83958100386123,-3.60922009705178
"iraq","irq",NA,NA,NA,NA,NA,NA,NA,NA,NA,NA,NA,NA,NA,NA,NA,NA,NA,NA,NA,NA,NA,NA,NA,NA,NA,NA,NA,NA,NA,NA,NA,NA,NA,NA,NA,NA,NA,NA,NA,NA,NA,NA,NA,NA,NA,NA,NA,NA,-35.3981707335769,4.06868164292343,10.7206882793865,9.98037636979912,-0.85563258856605,-14.9141974687403,-4.17890948216752,4.74445762520226,4.09386528329513,-6.06228277626479,-5.6305337486191,-12.8296539681983,-14.448702068709,-1.5208096750456,7.68529517747374,0.833786910226488,-12.8153805562736,-0.377012867314879,8.09776328361409,-1.14082579144164,-3.45344608274348,-6.40579989054756,-7.9034893055411,-2.66414261874207,-4.40367205480884,-5.68096784943059,-6.32001459450503,-7.27456496283227
"iceland","isl",NA,NA,NA,NA,NA,NA,NA,NA,NA,NA,NA,NA,NA,NA,NA,NA,NA,NA,NA,NA,NA,NA,NA,NA,1.34221319056623,1.2952349584763,1.6813005617664,-1.90432888637189,2.19821210915425,-1.51714366073952,-3.82294535508544,-0.758197614097184,-1.86687131645742,-4.162354846369,-3.06413927760817,-0.632137918648643,-1.79887917417475,-4.21266720256675,-4.44203684484654,-2.77172617840803,-1.46106994883682,0.045455247643511,-0.550643722906289,1.30342058727545,1.43258141596492,-0.267356268258966,-2.20587298185041,-2.25156828596067,0.328418114314806,4.96124677056421,6.42164625591439,5.56675233088426,-11.9879715889229,-8.50207336288809,-6.55582048229724,-6.4202909024497,-2.58960083072661,-0.876094677477948,0.591060792587901,-0.14449517906867,12.6976125529807,1.27623385145863,1.04413166989421,-1.44724106919892,-8.80986818911169,-7.96269348432675,-3.81815662040402,-2.31503374747431,-3.71001681387361,-2.76525658457365,-1.13561878793612,-0.48966311596193,-0.242701688092004,-0.12356363360452,-0.0838732903009199,-0.0479843138834443
"israel","isr",NA,NA,NA,NA,NA,NA,NA,NA,NA,NA,NA,NA,NA,NA,NA,NA,NA,NA,NA,NA,NA,NA,NA,NA,NA,NA,NA,NA,NA,NA,NA,NA,NA,NA,NA,NA,NA,NA,NA,NA,NA,NA,NA,NA,-0.798355237883506,-4.05544574460844,-8.20674311154762,-5.02793908368841,-3.39832836514937,-2.73521072675347,-0.940097046607934,-0.426786360865474,-3.48760311901922,-6.53359038610134,-3.71500420191272,-3.42974731824331,-4.46122343689236,-4.06738358980541,-2.2846869967096,-1.20354167621669,-1.7817637133941,-1.16655195731528,-3.58300836453589,-3.79282832711589,-10.6413746014077,-3.3685881567736,0.29594970338366,-5.37828179946574,-8.07212958378999,-5.21918639029056,-5.85863483845367,-4.86257098422133,-5.08652918146341,-4.84926916961934,-4.83271389600489,-4.94045431503701
"italy","ita",NA,NA,NA,NA,NA,NA,NA,NA,NA,NA,NA,NA,NA,NA,NA,NA,NA,NA,NA,NA,NA,NA,NA,NA,NA,NA,NA,NA,NA,NA,NA,NA,-10.5827496239278,-10.9498038073259,-11.1414947719738,-11.083010284574,-10.0904468734965,-9.75614559499383,-8.83511335767784,-7.1985276450195,-6.60828732181972,-2.9802948242752,-2.9859181586619,-1.77470321829495,-2.42009601974382,-3.18082199317757,-2.8797762042962,-3.2262006337065,-3.46092275262684,-4.09853289332808,-3.60544252575866,-1.32594116355761,-2.58395590489864,-5.05653974131798,-4.16139248329979,-3.52439387146932,-2.98548777358551,-2.87455258591923,-2.81849852463917,-2.45911988254519,-2.40466056957303,-2.50886647295231,-2.19199164784131,-1.45011324419395,-9.3787892669099,-8.87567380982878,-8.1012555597318,-7.13417001751026,-3.35049779044891,-3.11268710289281,-2.8222770799878,-2.5769976419989,-2.38304259934343,-2.51525766523304,-2.48929294642635,-2.71200005944614
"jamaica","jam",NA,NA,NA,NA,NA,NA,NA,NA,NA,NA,NA,NA,NA,NA,NA,NA,NA,NA,NA,NA,NA,NA,NA,NA,NA,NA,NA,NA,NA,NA,NA,NA,NA,NA,2.06239877353951,3.14408823239767,2.83431670860541,2.36692894485894,2.39710345641803,1.53420765038945,-5.24731268915717,-6.38879436670884,-5.73102821866597,-3.41395252980621,-0.7826828401768,-4.76981420975237,-6.55445373257969,-5.42390546417723,-4.55515423126641,-3.22205531753431,-4.74154747180349,-3.70272076207644,-7.32172305202497,-10.8440408865937,-6.17234750248815,-6.24130033632188,-3.97355077386208,0.115970518086132,-0.48307289058628,-0.275049643680582,-0.182815868573595,0.424981497166336,1.1043834851723,0.846078935991766,-2.86662453827021,0.841182177938682,0.257527887100666,0.0351074684125994,0.219560689110803,-3.77063779525795,-4.88541343754677,-3.08829055982699,-2.05220262803791,-1.72654063338674,-1.63588533804225,-1.53866835263635
"jordan","jor",NA,NA,NA,NA,NA,NA,NA,NA,NA,NA,NA,NA,NA,NA,NA,NA,NA,NA,NA,NA,NA,NA,NA,NA,NA,NA,NA,NA,NA,-7.47332746140647,-3.8145425914031,-13.3722899309533,-12.8879543606733,-6.83577670233559,-6.81947440510889,-8.10214221877048,2.07143387119834,-1.43162545265,-1.6745656734353,-1.45274699532627,-2.68821125974974,-2.67667204657662,-5.58873968075037,-1.12544807379747,-1.85281940279504,-1.12557225774365,-3.21448876004528,-1.60013113778612,0.563452244707567,-2.20090149998162,-1.85722068201138,2.76477066783408,1.91546552117041,-2.2776165949073,0.189613682748958,-1.20792674235142,-3.32594041070395,-8.77859273089098,-6.75175147160461,-5.18206003029981,-2.62284719514688,-3.2158430499779,-4.23186890165739,-5.06399911422287,-7.55567707841244,-6.62048578503584,-4.90249587742753,-6.48704554523149,-7.27080506504191,-6.34542099162101,-5.44518932727192,-5.31965703758661,-4.29892572804367,-4.11008142913816,-4.1230783402231,-4.29933712513513
"japan","jpn",0.731278158052892,1.35092395672971,0.129169697114612,0.784930403176947,1.24274636599437,1.91137724317497,0.923578028999261,0.582591619982299,0.390695854132519,0.0467387760567341,-0.697727634688388,0.28349986328429,0.365258289933471,0.715670182959971,1.15062342392207,0.678584345516281,-0.497559982035705,0.140590396931485,-0.00397717132642008,-2.94239724369531,-3.8178849475883,-3.94269094566562,-5.52866682649814,-4.8539409726692,-4.31620260606963,-3.76623764998733,-3.72748361151083,-3.85870607318502,-2.56579017792288,-1.3404550843719,-1.33149299172448,-0.351307929925946,0.483599499364443,1.20368007000975,1.91499187533606,1.63739164861225,0.5615103612585,-2.33750393391945,-3.69801121387837,-4.22462858875036,-4.75422438143493,-3.43925116930353,-9.91223883640856,-6.67540399208398,-7.17264868931392,-6.10876135618758,-7.2190390968439,-7.34561169706144,-5.26172947067911,-4.39224891339603,-2.99506443246523,-2.85802953150278,-4.06689346974016,-9.62468687526496,-9.05181817914512,-9.01892078492723,-8.22384081586618,-7.62037674231221,-5.5802582164824,-3.64008303657027,-3.57563871183117,-3.04845528110009,-2.44268065516256,-3.04544294013339,-9.03692880178705,-6.32377493336458,-4.22735158505172,-2.39479247640443,-1.6674632671431,-1.05351349612095,-2.04548897608129,-2.3654282821422,-2.94549856707382,-3.28833023572575,-3.69515630271233,-4.03909777779941
"kazakhstan, republic of","kaz",NA,NA,NA,NA,NA,NA,NA,NA,NA,NA,NA,NA,NA,NA,NA,NA,NA,NA,NA,NA,NA,NA,NA,NA,NA,NA,NA,NA,NA,NA,NA,NA,NA,NA,NA,NA,NA,NA,NA,NA,NA,NA,NA,NA,NA,NA,1.92388776035233,3.9960487487701,3.287320030924,6.07775475913743,7.65262851854489,5.13441478213285,1.22713516062076,-1.32804873113488,1.46969244097988,5.81103575390352,4.43088158516768,4.94569355281478,2.48184787983358,-6.25928921476507,-4.50321692002069,-4.2655087206767,2.57956437587238,-0.569542693723049,-7.03696509846384,-4.96605204819473,0.105380592188245,-1.41243990248956,-3.43416755526265,-3.11386538049916,-1.34384679217158,-1.77744661768557,-2.0186616053372,-1.96679900610329,-1.73983782177802,-1.71665520093154
"kenya","ken",NA,NA,NA,NA,NA,NA,NA,NA,NA,NA,NA,NA,NA,NA,NA,NA,NA,NA,NA,NA,NA,NA,NA,NA,NA,NA,-3.07093995771556,-2.16583134901929,-2.5515863019311,-3.0505490110374,-2.98112686052921,-2.26841496549345,-1.96937518451601,-2.39226444893205,-3.27970229848462,-6.56107535818989,-8.27627786981512,-8.57459537487231,-4.14206642046026,-0.229639622450447,-0.490415155893616,-0.906770434893035,-0.0276594660890605,0.842649942113776,0.380762919780025,-0.527688896748869,-1.29455426668185,-0.727520839554368,0.502332506431237,-0.193357568853901,-0.432196924967536,-0.954213214889821,-1.95163201591463,-3.12442986090927,-3.67326548082521,-3.63872635418043,-5.28778692806873,-5.24594006035742,-5.75333322644289,-6.6822208348337,-7.45300721497231,-7.36644458771449,-6.90866754124778,-7.39977444844365,-8.13043658425586,-7.19617261266928,-6.01112904083681,-5.61460672684387,-5.73965269813283,-6.41157961917101,-6.42489883199441,-5.96893335340926,-5.95874933293336,-6.05150161154607,-6.15906038550553,-6.3189816879488
"kyrgyz republic","kgz",NA,NA,NA,NA,NA,NA,NA,NA,NA,NA,NA,NA,NA,NA,NA,NA,NA,NA,NA,NA,NA,NA,NA,NA,NA,NA,NA,NA,NA,NA,NA,NA,NA,NA,NA,NA,NA,NA,NA,-13.5165668704928,-9.095450037453,-9.30824139280971,-11.9685991598447,-13.5275206889928,-10.6966946612422,-6.74745922128546,-5.90003263314106,-5.16932770039717,-4.89166388542363,-3.78910118170957,-2.09536914591367,1.27687661120526,1.92407032807281,0.377512204246982,-5.94689522234685,-4.70461583026175,-5.86199957647518,-3.69942234202809,-3.06826988099023,-2.51682040680258,-5.79019541969747,-3.73292629831152,-0.590098958067433,-0.0740652833018254,-3.06222905899026,-0.70742818371209,-0.29372085211286,1.58639035169135,1.70787438550548,-0.0668000947998025,-3.63148608087354,-3.09904176221244,-2.81355406025352,-2.46300264606306,-2.32424505681188,-2.52645539014188
"cambodia","khm",NA,NA,NA,NA,NA,NA,NA,NA,NA,NA,NA,NA,NA,NA,NA,NA,NA,NA,NA,NA,NA,NA,NA,NA,NA,NA,NA,NA,NA,NA,NA,NA,NA,NA,NA,NA,NA,NA,NA,NA,-7.53578824484038,-3.7238214250836,-5.35775897843449,-3.80243932312282,-4.66427114210199,-4.96405196982211,-6.06068114369144,-5.67257193392716,-3.17764876667767,-0.338023619686547,-0.149586298024894,0.625462717737638,0.423252866483138,-3.88175868579406,-3.10711052684749,-3.7479340818915,-3.58171537013535,-2.02443415591167,-1.23713734286847,-0.650945506751679,-0.293012980151053,-0.770447459170224,0.280641154936232,2.23070684630052,-2.55760910922246,-5.26692904457226,-0.290811967801859,-2.82825772658724,-1.44619989243033,-1.00022027721391,-3.67685480543806,-3.56401649904838,-3.50107611747874,-3.42267328705971,-3.34543085474961,-3.30960031805763
"kiribati","kir",NA,NA,NA,NA,NA,NA,NA,NA,NA,NA,NA,NA,NA,NA,NA,NA,NA,NA,NA,NA,NA,NA,NA,NA,NA,NA,NA,NA,NA,NA,NA,NA,NA,NA,-4.62003944140468,3.87376363751412,0.789093846747668,6.26656982770975,0.741085055241614,-5.14311456124225,-20.246147664933,5.91899117945415,14.5834047333543,-1.81070903436144,-0.0285442305532774,-10.8747150795144,3.12758158324691,-8.93300364174643,-19.2016832108971,-9.95702214721764,-12.2707178913311,-12.4726031470456,-15.8291339100358,-8.563751870927,-7.79626043436093,-17.55524667956,-5.4258575538072,11.7569390411942,34.9732656262737,42.5175330667053,20.1015895658105,34.0854194334825,5.18163372224773,10.8042204633902,3.5729365427555,-10.7559022423997,-18.2312416680842,1.80999377160778,-14.1470423608346,-14.4922976698321,-16.7466055476379,-15.2504213283477,-12.5716894335182,-14.6588885832588,-14.5318136584177,-14.7201669655593
"st. kitts and nevis","kna",NA,NA,NA,NA,NA,NA,NA,NA,NA,NA,NA,NA,NA,NA,NA,NA,NA,NA,NA,NA,NA,NA,NA,-6.60813263791611,-6.46769130975419,-4.44366741862694,-4.59521607747477,-3.99705253271831,-4.77712463279401,-8.4109577467433,-4.26463235204761,-15.2269637277595,-7.51012845716652,-2.99282571854379,0.620165299087168,0.918720965346275,0.498340630010319,0.243553910442407,0.790797994402066,0.898569134239761,-2.26662133079146,-2.33275685878368,-5.12797012708791,-11.1186772527827,-12.8408468158639,-10.3859537169393,-11.2728619318856,-5.49370342993762,-6.34354738816455,-3.28853107738372,-1.31393944446591,-0.989901305086584,-1.56941744583869,-1.22657922801589,-4.14540365233415,1.59704357892625,4.197721288844,10.6659522509388,8.33404122642012,5.65801505654315,3.76532147031326,1.68135920487826,1.82148853145623,-0.714490165841636,-3.11617559314316,5.50339661851559,-4.23450591986884,0.206530668361041,-11.2957731951904,-11.7118825809655,-8.66678560644251,-7.51268242484226,-5.5908125001809,-5.73934892048571,-5.87548459919943,-6.00325600291333
"korea, republic of","kor",NA,NA,NA,NA,NA,NA,NA,NA,NA,NA,NA,NA,NA,NA,NA,NA,NA,NA,NA,NA,NA,NA,NA,NA,NA,NA,NA,NA,NA,NA,NA,NA,NA,NA,NA,NA,NA,NA,NA,2.15994614619786,2.29868577879206,2.3148891529379,1.09069933218616,1.14534931042869,3.90518172425009,2.41990050538873,3.22879855941538,1.5085415383708,0.0862734841661016,0.954786366826756,1.18491307717437,2.49412498249293,1.58103653041561,0.239356348800857,1.6064449702862,1.72075722380266,1.630585653066,0.78946458807002,0.572968391284436,0.4968473830062,1.56309796939651,2.07663612968421,2.4240964484553,0.3506331464319,-2.1053536698314,-0.0186325935638611,-1.49174948282575,-0.669244197866614,-0.783187986940531,-1.43195287862275,-1.46037819205309,-1.31564561539005,-1.27565381102088,-1.08292598275875,-1.08844011477504,-1.07903327749261
"kosovo, republic of","kos",NA,NA,NA,NA,NA,NA,NA,NA,NA,NA,NA,NA,NA,NA,NA,NA,NA,NA,NA,NA,NA,NA,NA,NA,NA,NA,NA,NA,NA,NA,NA,NA,NA,NA,NA,NA,NA,NA,NA,NA,NA,NA,NA,NA,-3.15277247559654,2.92224508583075,3.39464141771782,1.57029381281354,-4.61896971142164,-2.2856937313536,2.64379261159838,6.68263173186896,0.039073402023971,1.61818319521383,-1.00946580401885,-1.03648451619373,-2.67381107206137,-3.42037412260387,-2.65018854556722,-2.11588754388129,-1.70870993987379,-1.42576502432659,-2.86142636947058,-2.92695297069655,-7.81144239500856,-1.24376799481145,-0.740070204204166,-0.233108565304077,-0.28215189266608,-0.799848298816165,-1.60690478803315,-2.00227238215416,-1.99221141752957,-1.99094127811428,-1.98861742647511,-1.96058572155874
"kuwait","kwt",NA,NA,NA,NA,NA,NA,NA,NA,NA,NA,NA,NA,NA,NA,NA,NA,NA,NA,NA,NA,NA,NA,NA,NA,NA,NA,NA,NA,NA,29.2512761137598,37.8185071512658,23.2756374954188,27.4826583702679,29.7169328012295,-49.8878855078392,-144.536621054419,-28.029374205538,-3.19807151715088,1.71052389500703,11.6789830017873,24.2085896216092,29.3758186861626,19.3852893752495,27.9925470670677,52.26696464072,44.9397470886039,30.8584090039754,27.0329824110242,32.2868534907169,38.7574442474052,27.8283174391751,36.9144275485246,21.2080315050008,31.1341101384084,31.7152357729826,38.6047644105602,40.5427327599486,40.427001479092,29.8382242822381,16.34933680917,12.8097287300486,15.2502379229644,17.5935179398258,13.0048178208123,0.158073829982532,9.98922886205024,29.9841338075537,28.2010355818107,26.0320538739659,28.3569135154853,27.579535265518,29.4924970743241,29.396832398491,29.0680000265795,28.8827785402792,28.7066575481285
"lao people's democratic republic","lao",NA,NA,NA,NA,NA,NA,NA,NA,NA,NA,NA,NA,NA,NA,NA,NA,NA,NA,NA,NA,NA,NA,NA,NA,NA,NA,NA,NA,NA,NA,NA,NA,NA,NA,NA,NA,NA,NA,NA,NA,NA,NA,NA,NA,-3.57555709505367,-3.68297891237945,-2.84963730976715,-3.88536416752508,-1.81063060828047,-2.54180908859213,-1.48189762595723,-1.12309160926544,-1.85796854327267,-3.09561183924437,-1.46913683979921,-1.42907137272668,-2.34418533228023,-4.03067423094083,-3.13223138335007,-5.57036460109101,-5.06011830250704,-5.50867160536596,-4.46493687726264,-3.2026390574852,-5.36660959753604,-0.669214668930674,0.0592895647919767,-0.0122561621432612,2.35630221852554,1.63986335652299,0.358632426295762,1.78456221795175,1.71554307473695,1.68405662098548,1.76158442553782,1.67711899896534
"lebanon","lbn",NA,NA,NA,NA,NA,NA,NA,NA,NA,NA,NA,NA,NA,NA,NA,NA,NA,NA,NA,NA,NA,NA,NA,NA,NA,NA,NA,NA,NA,NA,NA,NA,NA,NA,-30.1629868927429,-19.4988785769645,-23.9746972319409,-7.18617579367912,-29.1116552690845,-13.640907689268,-25.6892009781772,-24.5495289894801,-17.2701719180181,-16.7175542301658,-23.9447916567571,-21.0252458410973,-16.1880492083631,-13.9671440962711,-9.83232138378569,-8.57279988520999,-10.5724330406458,-10.9283623424933,-9.85610956619359,-8.09766275206409,-7.46612410705042,-5.94495317826881,-8.43485097359537,-8.82534225663091,-6.22044287764621,-7.489396779812,-8.97689595974157,-8.67819912942032,-11.22029058537,-10.5041756132719,-7.78932746456496,-2.56936746604691,-7.48625309335148,-1.64149094084879,0.393522292852673,3.25402458565022,NA,NA,NA,NA,NA,NA
"liberia","lbr",NA,NA,NA,NA,NA,NA,NA,NA,NA,NA,NA,NA,NA,NA,NA,NA,NA,NA,NA,NA,NA,NA,NA,NA,NA,NA,NA,NA,NA,NA,NA,NA,NA,NA,NA,NA,NA,NA,NA,NA,NA,NA,NA,NA,-0.0813935816115389,-0.938894863606729,-1.57398805135547,0.356276993388517,-0.555542243828228,-0.505556569779234,4.2310842133586,2.27741907684839,-2.70209281332422,-1.40032035521275,1.16337792758061,-4.39216129234248,-2.85789888373649,1.28990423637118,-4.91992743185631,-3.73666735515563,-3.82782854697607,-7.13571669781854,-4.7025702803135,-4.92482708951026,-4.02087591623447,-2.50437387848234,-5.82060229725611,-8.54768791264516,-1.79790975683463,-1.41425072474918,-1.62840549067394,-1.06954957027565,-1.37938537368536,-2.18371769393363,-0.974954020028517,-0.946911002680244
"libya","lby",NA,NA,NA,NA,NA,NA,NA,NA,NA,NA,NA,NA,NA,NA,NA,NA,NA,NA,NA,NA,NA,NA,NA,NA,NA,NA,NA,NA,NA,NA,NA,NA,NA,NA,3.35520367857295,8.4130305405168,0.106416946285355,-5.77375353978316,-2.66701514166092,3.79700544417063,11.3186438213712,-2.10462672048049,-2.36267493002103,5.69201258074317,13.6396205231425,0.0668973041339642,6.9912092807992,6.16578670099186,11.312073589782,30.3813942587854,29.0911854873445,28.3626847462678,27.676688816732,-5.45946478093034,11.4686420690406,-11.450189734244,24.6126935850086,-16.2989756134214,-30.5077896513321,-28.4923241540222,-29.2899323017687,-11.0617786191365,9.39268395207979,11.9296912192507,-22.2730016786004,14.8283843536345,23.594584726546,-7.16431782370675,-25.9306426490871,-31.0607943749948,-20.9084048489962,-23.8412859198184,-23.8849408232118,-22.6679263445858,-21.382546311188,-20.3676229026492
"st. lucia","lca",NA,NA,NA,NA,NA,NA,NA,NA,NA,NA,NA,NA,NA,NA,NA,NA,NA,NA,NA,NA,NA,NA,NA,NA,NA,NA,NA,NA,NA,-1.49615672204411,-1.60869521305097,0.561123069317018,2.01937464206713,0.89255514376475,0.288230655425845,-0.419196192058069,-0.659850104890984,-0.253881815534467,-0.0179775864589658,-0.132727735646943,-0.572948677878577,-1.10142807959029,2.218868156197,1.61271953164447,-1.17095083165531,-3.0719686168048,-3.02617162012823,-3.16991442199701,-2.58466842518314,-6.00459871647242,-5.00599884128472,-1.59205929742737,-0.720038416659036,-2.62697260649664,-4.10608689204998,-5.3505293739967,-6.92589965265547,-3.97966804185977,-2.29054330621993,-1.18270829342674,-1.53432559976726,-2.09361713843858,-1.21703571782353,-2.94643682510076,-11.5164110262279,-5.35227009890336,-2.47991654543453,-3.17755574652344,-1.81379916150263,-2.88046229230941,-2.93157180790488,-2.92314651216238,-2.69200589079313,-2.53567640782935,-2.34808685002496,-2.42739776938086
"sri lanka","lka",NA,NA,NA,NA,NA,NA,NA,NA,NA,NA,NA,NA,NA,NA,NA,NA,NA,NA,NA,NA,NA,NA,NA,NA,NA,NA,NA,NA,NA,NA,NA,NA,NA,NA,-6.38857998335436,-7.9725375155603,-4.95144005576209,-5.77454061878873,-7.40555274564629,-7.11011959417464,-6.89228739757052,-5.7103593669175,-6.78559989633455,-5.58394933305292,-7.77783818894798,-8.4802728561949,-6.9044417255666,-6.15227332601653,-6.32285978608039,-5.93325235343244,-5.91327733219616,-5.8082071680045,-5.93020542645405,-8.32773625236903,-6.72756263625307,-6.00943299004853,-5.4393995706674,-5.00473416720414,-5.99164460388711,-6.63896311113689,-4.99748145902739,-5.09819793388886,-4.95552547320748,-7.51922790560208,-13.3580640913802,-11.6834697605803,-10.2229582682729,-8.32342585234424,-5.42559569081275,NA,NA,NA,NA,NA,NA,NA
"lesotho, kingdom of","lso",NA,NA,NA,NA,NA,NA,NA,NA,NA,NA,NA,NA,NA,NA,NA,NA,NA,NA,NA,NA,NA,NA,NA,NA,NA,NA,-2.03336693208054,1.84871300198572,4.81684539359062,1.67863653423974,0.872195222855696,-2.84834511227375,-1.87218208293783,3.87806725679403,8.77786405099853,9.74056955333417,4.65390620416537,7.55318357950528,5.69411890908418,5.13174813333071,2.11380558169524,0.266773037726977,-11.7879416910428,-15.3021177898087,-0.948462814945103,-2.76236468493953,-2.43745792944209,0.888895422479006,6.05482621829001,4.45906109993193,11.570269237972,10.7515252686397,8.09589972990883,-4.157202463445,-1.48573512239376,-9.84626637463756,4.56378375295495,-2.58288326277904,3.15720491535034,-1.38019386790163,-9.42782593978749,-2.0155443580341,-4.40882842141083,-5.08754598258099,1.44546609890602,-4.79378874998613,-6.33358255529361,7.36397232053042,8.17287884705748,2.15400169228602,4.19124076141216,4.49316715797345,4.37620873875717,3.96176903242747,3.7131626939761,3.42001617704795
"lithuania, republic of","ltu",NA,NA,NA,NA,NA,NA,NA,NA,NA,NA,NA,NA,NA,NA,NA,NA,NA,NA,NA,NA,NA,NA,NA,NA,NA,NA,NA,NA,NA,NA,NA,NA,NA,NA,NA,NA,NA,NA,NA,-3.30778307587837,-3.58448535173293,-0.760829068046398,-4.93263451530568,-7.82105992464191,-3.18432768567798,-3.5248141302803,-1.85407538542791,-1.26452880870005,-1.38828894344595,-0.343622958398269,-0.272479564032698,-0.816216793798407,-3.08797039469653,-9.09026889790775,-6.95059157048222,-5.91746665807615,-3.14573819708921,-2.69380639574725,-1.78945605039917,-0.766494316725066,0.0340078217990138,0.359991295874055,0.522475589879511,0.411839366400975,-6.41798915476842,-1.1503152696327,-0.718166312826507,-0.663544473758915,-1.28114410561053,-2.18480098221636,-2.8324981261842,-3.03237194689617,-3.31343410259995,-3.81663769046278,-4.3391231771994,-4.30977415178862
"luxembourg","lux",NA,NA,NA,NA,NA,NA,NA,NA,NA,NA,NA,NA,NA,NA,NA,NA,NA,NA,NA,NA,NA,NA,NA,NA,NA,NA,NA,NA,NA,NA,NA,NA,NA,NA,NA,NA,NA,NA,NA,2.71388813756934,2.36857921728345,2.65474511219046,2.98327110907031,3.24220917619214,5.55074588555692,5.62313912537322,2.03109819240257,0.276429521910376,-1.39236734375333,-0.211353654106536,1.90460863204097,4.35419041015464,3.36720028993114,-0.213056360065249,-0.257530770446222,0.650445023520254,0.503802158783653,0.840623695118598,1.33168827257035,1.30359939714531,1.88994449188728,1.36671205182159,3.17492752539726,2.67868300889209,-3.09275153800357,1.11419011057016,0.213733135934275,-0.654810181768584,0.888486115736427,-0.964612659664326,-1.18917003501889,-1.23831826015152,-2.44391739197963,-2.69097058382251,-2.88615581352585,-3.07291960712196
"latvia, republic of","lva",NA,NA,NA,NA,NA,NA,NA,NA,NA,NA,NA,NA,NA,NA,NA,NA,NA,NA,NA,NA,NA,NA,NA,NA,NA,NA,NA,NA,NA,NA,NA,NA,NA,NA,NA,NA,NA,NA,NA,NA,NA,NA,-0.658235442890951,-3.54150763690119,-2.56547693129333,-2.0261798761249,-2.58815535395208,-1.66636669446,-1.03559105937966,-1.06368642428934,-0.48142501212802,0.626746697196368,-3.28623251783225,-7.13537159235872,-6.5603017305089,-3.38489250795717,0.181820841062371,-0.581151088049436,-1.74328035310763,-1.57301442535224,-0.409225882202493,-0.85297250476918,-0.765150889546693,-0.393579532749649,-3.84773208180296,-5.71419199230957,-3.94553729673722,-3.36157843693212,-1.72285028261443,-4.04570897605742,-3.34730668741732,-3.88178314002783,-3.72786549885512,-3.6628312799522,-3.92172994443303,-4.01468862289419
"macao special administrative region, people's republic of china","mac",NA,NA,NA,NA,NA,NA,NA,NA,NA,NA,NA,NA,NA,NA,NA,NA,NA,NA,NA,NA,NA,NA,NA,NA,NA,NA,NA,NA,NA,NA,NA,NA,NA,NA,NA,NA,NA,NA,NA,NA,NA,NA,NA,NA,NA,3.26277558798445,2.66243753366859,4.79933817864965,7.79777549594224,8.31485587583149,9.74078897617947,16.3768571259035,17.4792019917457,13.36438561094,19.4036788611912,24.6688283042703,23.9791978177306,26.9742554550288,24.1482185475855,13.850223119808,11.4414224048546,13.2968453617458,13.3532719642153,14.4549823444973,-21.4639765423194,-13.0323145394794,-37.1388360051676,2.11919472942472,7.00978252304558,4.50264697791354,4.2116591687102,4.85080992083451,5.3093604345079,5.55478045473701,5.58373794235848,5.42939363257422
"morocco","mar",NA,NA,NA,NA,NA,NA,NA,NA,NA,NA,NA,NA,NA,NA,NA,NA,NA,NA,NA,NA,NA,NA,NA,NA,NA,NA,NA,NA,NA,NA,NA,NA,NA,NA,-1.32426960866254,-0.896333405652749,-1.84434071296487,-2.00106728611116,-2.51110685551535,-2.53922965607864,0.867535045035972,1.49873149267635,1.47015545353079,3.20561695500007,-1.97331053636295,-3.78996436562526,-4.36870404221497,-3.74492252627478,-3.31337210462747,-5.45513619613849,-1.80035477492148,-0.11621977601717,0.625906235581298,-1.62922018500725,-3.93226961222251,-6.07534011344251,-6.63175956965436,-4.70175272499753,-4.77965038833536,-4.59307424773007,-4.48554000299566,-3.30348726384918,-3.52149908344537,-3.80363604541246,-7.14708745602337,-5.92441051255825,-5.3656212805282,-4.40623962852741,-3.92222157114202,-3.54379071602246,-3.53362218781175,-3.36553008873109,-3.27797783285066,-3.24028409083588,-3.1475982660383,-3.04402209920597
"moldova, republic of","mda",NA,NA,NA,NA,NA,NA,NA,NA,NA,NA,NA,NA,NA,NA,NA,NA,NA,NA,NA,NA,NA,NA,NA,NA,NA,NA,NA,NA,NA,NA,NA,NA,NA,NA,NA,NA,NA,NA,NA,-2.58301483938723,-7.42327153025523,-7.47058279293146,-1.52163210431618,-2.63909081597987,-3.54606379650158,-0.344750246056341,-1.17899749147206,0.46996772284852,0.592848782632322,1.44072263716842,-0.418723607463826,0.148232520901207,-0.870607992858408,-6.38282074161321,-2.17825427868132,-2.0496450654277,-1.93073999804972,-1.56517616346383,-1.60323714319676,-1.92973697971868,-1.56411134291772,-0.650370777533633,-0.853156451697881,-1.46550718400329,-5.31687985087182,-2.61700094145857,-3.23974015584058,-5.12982798799073,-4.0164325126998,-3.87118672703498,-4.72407466411656,-4.69975981882499,-4.30575413394271,-4.02622887205264,-3.59435417933512,-3.36859418346456
"madagascar, republic of","mdg",NA,NA,NA,NA,NA,NA,NA,NA,NA,NA,NA,NA,NA,NA,NA,NA,NA,NA,NA,NA,NA,NA,NA,NA,-11.0166625125694,-9.96540832141215,-6.96620139815764,-6.03658359522149,-6.09017737571844,-2.38863563867298,-2.23991968247126,-2.12404803833749,-0.571590777882052,-3.34503259472265,-0.494167309415074,-4.39812948435148,-5.003861735936,-6.33821748006172,-7.23290835938272,-5.08755077747347,-3.97063758089372,-1.99725140333491,-5.3077391787226,-2.42056357169806,-2.35253754028124,-3.6144061540053,-4.09204606206572,-3.32164420140022,-4.23241388185575,-2.47475588701214,-5.71099549762984,-2.30758210331691,-1.72320261153454,-2.26132333099181,-0.760375833036436,-2.04315717137866,-2.23731165357175,-3.40296451928023,-1.96068606299586,-2.85027285073678,-1.1072338585617,-2.10288655374992,-1.33784268477344,-1.42078555010809,-3.95681844424398,-2.82743002750476,-5.45440513302311,-4.1510682497512,-2.48628682697631,-2.20625686786008,-4.60825406883933,-3.94352861676577,-3.85251219374279,-3.91696026324808,-3.81358727066594,-3.59563334257989
"maldives","mdv",NA,NA,NA,NA,NA,NA,NA,NA,NA,NA,NA,NA,NA,NA,NA,NA,NA,NA,NA,NA,NA,NA,NA,NA,NA,NA,NA,NA,NA,NA,NA,NA,NA,NA,-12.7672236247545,-10.2204892647527,-12.6042404292815,-13.8875106636422,-4.81597125654836,-5.66203736178355,-2.01278861490521,-1.46107610950894,-2.25096538168627,-3.02820514835828,-3.89265035120233,-3.96563267076902,-3.96736936012132,-3.44542101825893,-2.25683345055067,-7.8067083670693,-4.52372999080505,-3.15781001427528,-9.92486478205185,-17.9325896531732,-13.5797472789438,-8.13009187175251,-6.90515654978811,-3.48684102989285,-2.41818957406364,-6.51591268435174,-9.92771669290778,-3.02106994758693,-5.16886369031613,-6.54284272875538,-23.6962547463364,-14.1838010273029,-11.1581806300652,-13.1682798650615,-11.5687983544611,-2.94289714473143,-11.2157330266863,-9.08688613651405,-8.88038838322702,-8.67342222477819,-8.3561786655334,-6.72088666460821
"mexico","mex",NA,NA,NA,NA,NA,NA,NA,NA,NA,NA,NA,NA,NA,NA,NA,NA,NA,NA,NA,NA,NA,NA,NA,NA,NA,NA,NA,NA,NA,NA,NA,NA,NA,NA,-3.11079756012174,1.49174477379641,2.25925530724328,-1.51424578355274,-2.25481933452654,-2.27788539177971,-3.6554454270245,-3.47632263640978,-4.4914227205302,-4.48935947591162,-2.6852296861813,-2.57284313389803,-2.18131158811997,-2.24405327082379,-1.34625560590995,-1.43387067844988,-1.22588878871461,-1.45833068925406,-0.681300507633058,-3.93532710104451,-3.80380361234829,-3.2041277145059,-3.56595812315251,-3.55906211218096,-4.37129522549464,-3.85879072279866,-2.68140914828669,-1.03404785607846,-2.13858646812651,-2.26598425755779,-4.29009436146233,-3.74669243904049,-4.32242323561131,-4.2977561841982,-5.77724373200857,-4.85875680451803,-4.37302807286864,-3.49999999999998,-3.00000000000014,-2.9999999999999,-2.99999999999994,-3.00000000000007
"marshall islands, republic of the","mhl",NA,NA,NA,NA,NA,NA,NA,NA,NA,NA,NA,NA,NA,NA,NA,NA,NA,NA,NA,NA,NA,NA,NA,NA,NA,NA,NA,NA,NA,NA,NA,NA,NA,NA,NA,NA,NA,NA,NA,NA,NA,7.9076740339809,13.5341212117245,9.00717919015798,7.83594303147912,7.83226459641096,5.12007243672244,10.5431141518499,-1.59768451725119,-22.282957809465,0.235352479243307,0.265635178855613,3.68439692729468,1.51212635103253,3.51292259140624,2.13322635430107,-0.762325358457372,-0.230744527077302,3.19537761551977,2.81238667579448,3.87577266739879,4.37593754866476,2.55259953132313,-1.80414000005596,2.53870816381964,0.17949971695544,0.509896256740492,1.01038279143935,2.61737231855524,1.35472087157938,-6.14556844195397,0.23782650271596,0.12101599969475,0.0555370980983458,0.0193540309262819,-3.70656211754778
"north macedonia, republic of","mkd",NA,NA,NA,NA,NA,NA,NA,NA,NA,NA,NA,NA,NA,NA,NA,NA,NA,NA,NA,NA,NA,NA,NA,NA,NA,NA,NA,NA,NA,NA,NA,NA,NA,NA,NA,NA,NA,NA,NA,NA,NA,-0.352224721026996,-1.59441996596806,0.0271629966763525,2.37491169166667,-5.88214817363148,-5.24177726534432,-0.0722277804036577,0.374057384889614,0.213175372268169,-0.507712307855417,0.577298374449233,-0.928438863313167,-2.62769462305425,-2.41071857341807,-2.47379283304537,-3.80691788996428,-3.83609190043256,-4.19497717154602,-3.47524125419981,-2.70177574084473,-2.7335117277619,-1.75524341140636,-1.96785542593077,-8.04836249157676,-5.31678922576647,-5.22958455554195,-4.5876365730614,-4.37678796289958,-4.00764071766801,-4.16948220656828,-3.86808030234842,-3.55927361166836,-3.2592736116684,-2.9592736116684,-2.96524065483957
"mali","mli",NA,NA,NA,NA,NA,NA,NA,NA,NA,NA,NA,NA,NA,NA,NA,NA,NA,NA,NA,NA,NA,NA,NA,NA,NA,NA,NA,NA,NA,NA,NA,NA,NA,NA,NA,NA,NA,NA,NA,NA,NA,NA,NA,NA,-2.24850431633861,-2.39358740001143,-2.60940893391276,-1.01348666024496,-2.00762427872261,-2.34236711939531,23.7295325897945,-2.3490098284927,-1.69482980233621,-3.18995108652831,-2.20830638489564,-2.87128828466642,-0.803589176375004,-1.99400001033775,-2.42554768829642,-1.5312264455274,-3.29961863566705,-2.39747700156469,-3.96654676328461,-1.41812024955094,-4.56282524736485,-4.11566163255689,-4.04993916325928,-3.04990686764893,-2.16299174280697,-1.58818596811218,-2.41573663633512,-2.26911916422947,-2.36877949445998,-2.36425198460846,-2.38024901011828,-2.38006016225963
"malta","mlt",NA,NA,NA,NA,NA,NA,NA,NA,NA,NA,NA,NA,NA,NA,NA,NA,NA,NA,NA,NA,NA,NA,NA,NA,NA,NA,NA,NA,NA,NA,NA,NA,NA,NA,NA,NA,NA,NA,NA,NA,NA,NA,NA,NA,-5.82766990291262,-6.50263620386643,-5.61777777777778,-9.04183819205242,-4.27898055379844,-2.82829854694703,-2.46069211612088,-2.0525423142155,-4.05522416778911,-3.11401625395614,-2.22095920954838,-2.98600841769992,-3.30503375894111,-2.1858931778483,-1.4851651114712,-0.838437004715597,1.09533057813205,3.40387852293849,1.85764625034726,0.715352674350084,-8.71366405570061,-6.9572827872292,-5.33391900983603,-4.42969313777497,-3.50871126824482,-3.10183829679946,-2.88019737177285,-2.69533130951207,-2.58257424776807,-2.55459185246057,-2.58086539162688,-2.62388369520077
"myanmar","mmr",NA,NA,NA,NA,NA,NA,NA,NA,NA,NA,NA,NA,NA,NA,NA,NA,NA,NA,NA,NA,NA,NA,NA,NA,NA,NA,NA,NA,NA,NA,NA,NA,NA,NA,NA,NA,NA,NA,NA,NA,NA,NA,-4.89401197672161,-4.46191601214237,-6.0264250252163,-6.3375094226382,-4.00782118005442,-4.23911423006695,-4.61658159104716,-3.48562264904682,-3.42209040303461,-3.51829979144521,-2.72612081858977,-3.55082450150271,-5.39767330233774,-4.82129418248376,-2.69673177999354,-1.53159534399646,-1.06457101877326,-4.32568525862245,-2.52515379180792,-3.42385089906509,-2.76684830759577,-4.69509125913306,-6.50201628918242,-2.22006144442917,-2.75148598075263,-2.76441466956994,-4.10780153571825,-4.94424583485249,-5.02216071319676,-4.99133185123639,-4.34480372037463,-3.64820618465297,-3.48482082980107,-3.30911332643603
"montenegro","mne",NA,NA,NA,NA,NA,NA,NA,NA,NA,NA,NA,NA,NA,NA,NA,NA,NA,NA,NA,NA,NA,NA,NA,NA,NA,NA,NA,NA,NA,NA,NA,NA,NA,NA,NA,NA,NA,NA,NA,NA,NA,NA,NA,NA,NA,NA,-1.44145904371703,-4.05610246658097,-2.45371897735245,-1.41653397584381,4.33778051109574,8.43748719726454,-2.29806735077963,-6.73940115687394,-4.87658435051825,-6.78965463345546,-5.86569464817244,-4.53512943492244,-0.700293663794691,-6.02574737516511,-6.20564082502288,-6.88661943570505,-6.29721716441737,-1.73596388221436,-10.919133224739,-1.37225907700912,-4.04648669458771,0.377999052744558,-3.4422564189427,-3.61238935358861,-3.95750927254697,-3.99893959905598,-3.79685210619752,-3.89333878899176,-4.04098049772196,-4.33081455357195
"mongolia","mng",NA,NA,NA,NA,NA,NA,NA,NA,NA,NA,NA,NA,NA,NA,NA,NA,NA,NA,NA,NA,NA,NA,NA,NA,NA,-3.09161541443683,-2.76885243513263,-3.16997137785559,-3.47074557788976,-3.92858483684988,-12.8175928169323,-13.6800004839955,-14.3456042445038,-11.7689375933803,-9.36658409826835,-6.36578655640809,-8.10258036943884,-13.3416836808101,-9.73663552527417,-4.9679505270653,-6.88295836957645,-8.09335152129178,-12.3369418644023,-9.90797646570329,-5.82111152123491,-4.32736988246313,-4.73570431866842,-3.38227217055729,-1.61796076669192,2.43467276681625,7.58487624741416,2.63863644520305,-4.52141316077914,-5.19880074120436,0.425427460202303,-4.01380789207181,-6.24368398198931,-0.927077627998655,-3.72539418515984,-5.04296586364111,-15.2949604395147,-3.7160473689144,2.8542853396967,1.0027082993525,-9.24041893348559,-3.0454359850209,0.672012647107666,2.73299150329273,1.38976692098257,1.70191163868245,-0.547494524526712,-2.59531673713296,-3.00219104775258,-2.96649539166744,-3.00043411790273,-3.07644748256623
"mozambique, republic of","moz",NA,NA,NA,NA,NA,NA,NA,NA,NA,NA,NA,NA,NA,NA,NA,NA,NA,NA,NA,NA,NA,NA,NA,NA,-1.47455811218144,-7.41270353951681,-3.60873013372882,-15.7704153893826,-13.3946264822162,-9.68944213543997,-12.1034267687859,-7.24040149575813,-6.47207527018971,-4.23233785299373,-4.41601822086012,-2.00723327305606,-1.85039216243078,-2.53023943975094,-4.00114202541566,-2.45664362704879,-2.07299571569812,-1.80886996759405,-1.07509140282476,-0.313918849021471,-1.25979979625282,-4.43434531297643,-3.36441496245618,-2.63550890520512,-3.16791389973794,-2.05861862949212,-3.03367557440012,-2.19082143756808,-1.89767356926828,-4.34634034534743,-3.40360385120282,-4.33594664943322,-3.44974235024858,-2.46346863855752,-9.75324398164746,-6.55466466009027,-5.06388248153855,-1.98622229720461,-5.70095090768726,1.70416921730676,-6.19231379877698,-5.23256500875816,-5.21898358020534,-4.25783990439344,-6.23145059724734,-3.9668528087006,-6.47889805535338,-7.26218439421172,-8.35078768752328,-9.42089705041069,-9.78760733283228,-10.9624282105067
"mauritania, islamic republic of","mrt",NA,NA,NA,NA,NA,NA,NA,NA,NA,NA,NA,NA,NA,NA,NA,NA,NA,NA,NA,NA,NA,NA,NA,NA,NA,NA,NA,NA,NA,NA,NA,NA,NA,NA,NA,NA,NA,NA,NA,NA,NA,NA,NA,NA,NA,NA,NA,NA,-3.05582392591964,-3.15799899912133,2.04959464291205,-1.38190779835232,-3.32109255718832,-3.59192027366325,-0.450843019014824,0.0744453149670045,1.66596965299833,-0.661569499173433,-2.63952871052113,-2.44253222114178,0.132042365120245,0.530741098165082,3.22651692865027,2.64781787900395,2.78371624714879,2.5982850262481,-3.09488619435361,-2.44872222546055,-1.35334199885688,-0.298309515389631,0.529747599323776,0.519093539766716,0.596423623072028,0.719642112360984,0.65095936754389,0.690457095908829
"mauritius","mus",NA,NA,NA,NA,NA,NA,NA,NA,NA,NA,NA,NA,NA,NA,NA,NA,NA,NA,NA,NA,NA,NA,NA,NA,NA,NA,NA,NA,NA,NA,NA,NA,NA,NA,NA,NA,NA,NA,NA,NA,NA,NA,NA,NA,-4.19289066810048,-5.31796557852761,-4.8914112713886,-4.55479584892509,-4.21966152181149,-4.19986054813263,-3.86361336742456,-2.92115779663616,-2.62754492370032,-3.31526994449032,-2.95715816234081,-2.99717296930563,-1.73095161571534,-3.29749717779989,-3.05374856779664,-3.479853003515,-2.73567724745839,-1.6150039608646,-2.1542624422983,-8.19185380375237,-10.4503943323085,-4.08399744654512,-3.14612311653387,-4.47887015182589,-6.83979274697663,-3.69149143732425,-3.12796007887552,-1.85044900316914,-1.50895159343004,-0.788398032103838,-0.467348389776279,-0.0267800444028167
"malawi","mwi",NA,NA,NA,NA,NA,NA,NA,NA,NA,NA,NA,NA,NA,NA,NA,NA,NA,NA,NA,NA,NA,NA,NA,NA,NA,NA,NA,NA,NA,NA,NA,NA,NA,NA,NA,NA,NA,NA,NA,NA,NA,NA,NA,NA,NA,NA,-4.4695106702878,-2.6024098013854,-2.61292971250904,-1.62949576478304,-0.0482998688093188,-2.55616671196255,-2.92417600759865,-2.96877761816125,0.625491058185474,-2.84979905897197,-1.45384004032877,-3.72725563237729,-3.08256259041179,-4.16890777214514,-4.90231066579566,-5.15007974556227,-4.34559613143502,-4.54947199442551,-8.03293847482328,-8.34217135969345,-9.32097507489886,-7.84116699527741,-10.9990655521539,-11.4757873575698,-10.5061509655392,-11.9731664581363,-11.3741285215853,-11.4673955656844,-11.5003408206346,-11.2884703888975
"malaysia","mys",NA,NA,NA,NA,NA,NA,NA,NA,NA,NA,NA,NA,NA,NA,NA,NA,NA,NA,NA,NA,NA,NA,NA,NA,NA,NA,NA,NA,NA,NA,NA,NA,NA,NA,0.149006251973239,1.60157099369428,1.80547431022716,3.43974448526471,5.44855835627249,3.10275236173189,3.26979026444917,4.84011807868002,-0.627248857337353,-3.00269864335169,-6.05253137816616,-4.3606784789821,-3.95980036754223,-4.5969589668819,-3.35346367048743,-2.83284009898642,-2.60196336586146,-2.57083037981949,-3.40473774923123,-5.87979048560359,-4.31907048867848,-3.56762343055635,-3.10287724245901,-3.47822783217257,-2.62843746972535,-2.54588396395357,-2.60287231074622,-2.41182946028255,-2.64466907663923,-2.00814714511855,-4.90173635236215,-6.03241828472219,-4.55930253600111,-4.11341300375055,-3.44706385208165,-3.53733323316901,-3.30567098874091,-3.01903708484358,-2.74478861943233,-2.74016603844241,-2.7337331062688,-2.72211759558391
"namibia","nam",NA,NA,NA,NA,NA,NA,NA,NA,NA,NA,NA,NA,NA,NA,NA,NA,NA,NA,NA,NA,NA,NA,NA,NA,NA,NA,NA,NA,NA,NA,NA,NA,NA,NA,1.07511587697729,-1.58691307820459,-2.54625153007175,-2.72576597619592,-0.568459734120213,-1.74421833921559,-3.70232730618806,-2.38053073177899,-2.75924179790818,-1.87856358812565,-0.788247522294103,-2.01408370190748,-1.37849033891683,-4.47406740915943,-2.67154815316145,-0.309143184144921,3.40977284066152,6.00654638425293,3.48037812719567,-0.404866804362179,-4.98093453090811,-7.08696556824759,-3.10170970672343,-4.68986659761948,-6.44366237302352,-8.30109994790581,-9.30313215821047,-4.99398584143945,-5.0941055734242,-5.49147512030819,-8.07029789550644,-8.68214472730537,-6.33047373199209,-3.14430492977893,-3.84326183735667,-6.46133597854511,-6.07509615095379,-5.38711992171574,-5.03187180650828,-4.97796894515193,-5.13032771492497,-5.25849323430467
"niger","ner",NA,NA,NA,NA,NA,NA,NA,NA,NA,NA,NA,NA,NA,NA,NA,NA,NA,NA,NA,NA,NA,NA,NA,NA,NA,NA,NA,NA,NA,NA,NA,NA,NA,NA,NA,NA,NA,NA,NA,-3.18775132784207,-0.360475053544082,-2.38736461328391,-2.23127402630732,-4.27402243742906,-2.82826908832182,-2.5879427676924,-2.21322247128568,-2.17476488200415,-2.76359139998238,-1.52761598088042,31.045091673306,-0.746668267815575,1.11080166990926,-3.92678625795173,-0.985197803766395,-2.19374497220666,-0.83015987472554,-1.9323576665556,-6.12464297436907,-6.74685170921521,-4.46352607712137,-4.11670632711021,-3.0079686355482,-3.55815722415218,-4.81639543385758,-6.09921018872583,-6.77200603429849,-5.373899129111,-4.26685844675848,-3.2835996364487,-3.65215751336086,-2.9846928045117,-2.9930576195568,-2.99999999999999,-3.0382825645029,-3.04538668892903
"nigeria","nga",NA,NA,NA,NA,NA,NA,NA,NA,NA,NA,NA,NA,NA,NA,NA,NA,NA,NA,NA,NA,NA,NA,NA,NA,NA,NA,NA,NA,NA,NA,NA,NA,NA,NA,-0.476616913654622,-1.1807087814592,0.941960120369261,-6.0749253855191,-2.95808759316561,2.5211557100149,3.37180855434165,1.13562939356016,-3.47391551969949,-1.39073673822326,2.88668413937158,-2.28800646058785,0.953322231201866,-1.55882520280658,3.89739788757233,3.48504950246037,6.21998926607648,-0.79276894229814,4.04548367805952,-3.78206775536206,-2.96225794943113,0.306727523047859,-0.0913339179987404,-1.89038252293149,-1.724757591372,-2.69748245324574,-3.29771061651988,-3.84523204281755,-3.06416277409811,-3.30696945976973,-4.02567747514343,-3.96684875731327,-4.0014040474225,-3.12471364808027,-1.27248372081124,-1.76169056658144,-4.38792001920714,-2.90615430597578,-2.34534859939811,-2.16402616914152,-2.09225685694115,-1.87200578999082
"nicaragua","nic",NA,NA,NA,NA,NA,NA,NA,NA,NA,NA,NA,NA,NA,NA,NA,NA,NA,NA,NA,NA,NA,NA,NA,NA,NA,NA,NA,NA,NA,NA,NA,NA,NA,NA,NA,NA,NA,NA,NA,NA,NA,NA,NA,NA,2.15392577687343,0.34052883704272,2.06878285330167,1.29605310617343,1.69483884532336,1.71567102122649,1.36280007178303,1.87943457040438,0.266870395056969,-0.895869184466275,0.691680651671039,0.591022405483936,0.223491733251487,-0.299480374034257,-0.892552746067877,-1.63667247056236,-1.92384398960458,-1.75464550109081,-4.34598195429769,-1.12179742414969,-2.57015652625733,-1.25692126350272,0.647171188091616,2.2961198679392,2.25084508701728,2.09860722784049,1.38372860126114,1.58342801846229,1.81150595858878,2.01078505853648,2.01475783760585,2.11684553811945
"netherlands, the","nld",NA,NA,NA,NA,NA,NA,NA,NA,NA,NA,NA,NA,NA,NA,NA,NA,NA,NA,NA,NA,NA,NA,NA,NA,-4.19191109437704,-5.17349893698084,-5.8381609107906,-5.61480513835805,-6.25891663772085,-4.2854133197147,-4.23666784909723,-5.27039971807067,-4.35346951675027,-5.08785907298434,-4.07733982790335,-2.0527401009693,-3.12216262655304,-3.13469927746417,-3.5347026965836,-8.72369952004654,-1.90616854908775,-1.60147162257209,-1.33522777638481,0.282760869513475,1.13580323358935,-0.467759001617175,-2.2300611850046,-3.19187571979856,-1.82496101194004,-0.514714656079491,0.0410251870816623,-0.162498494640922,-0.0575772417891015,-5.06035644180249,-5.30479517030521,-4.42155871911075,-3.8336027418904,-2.87243808662389,-2.17306414274705,-1.83516287052598,0.225223036067623,1.35417873614424,1.49478008263969,1.90848756337623,-3.71688612956129,-2.25954797824014,0.00221368054577288,-0.371095851668312,-0.944889746529717,-1.84134402840886,-2.65670079821489,-2.06445545209077,-2.06670598299607,-2.38604553325104,-2.45893594936392,-2.61121263337694
"norway","nor",NA,NA,NA,NA,NA,NA,NA,NA,NA,NA,NA,NA,NA,NA,NA,NA,NA,NA,NA,NA,NA,NA,0.83171974257101,1.91026012191992,5.16008715869425,4.57508969949918,3.71062272760271,5.75180477940249,6.69073619571988,9.49680192501967,5.54001070164765,4.2462814447562,2.3798542444025,1.55778873333434,1.96162376813609,-0.119591893673194,-2.07889879524832,-1.65320617742437,0.0415159672606298,2.97964136711412,6.04816706196701,7.41388032244406,3.09112967363782,5.75305009192502,15.1202186228995,13.2223574024636,9.052533855479,7.2106132062391,10.8186693649262,14.6528203517901,17.735346406301,16.8216839588268,18.2503988846254,9.9964309513685,10.6471420757941,12.9750594030816,13.3589290648173,10.3311019947171,8.33778381019065,5.8005458274039,3.90643514614461,4.79133922848099,7.55931854040645,6.28415659150732,-2.46161258003804,9.92639846159237,24.6683423655729,15.8575123282713,12.7869154134721,9.34418068152282,10.1652251265155,8.26400958047662,7.57319578161057,7.20361689517219,6.80519671767585,6.32582393028057
"nepal","npl",NA,NA,NA,NA,NA,NA,NA,NA,NA,NA,NA,NA,NA,NA,NA,NA,NA,NA,NA,NA,NA,NA,NA,NA,NA,NA,NA,NA,NA,NA,NA,NA,NA,NA,NA,NA,NA,NA,NA,NA,NA,NA,NA,NA,-1.48071389869709,-2.35372394731292,-2.46424038931538,-0.338181944065747,-0.143842389004458,0.244951892961868,0.235324891346457,-0.67134835591858,-0.290919442342468,-2.23743751320217,-0.671926368322034,-0.716738481447839,-1.1786541981948,1.57345413884238,1.35732140005676,0.460340272650297,1.19785393809284,-2.68906261390713,-5.83336514994775,-4.26981235109862,-7.46829860011324,-3.97937049338664,-3.12308667064017,-5.81435867422695,-2.45680611412628,-1.85778759656211,-2.47777681904667,-3.32026702000601,-3.1783960314068,-3.09551965696409,-2.99337498701197,-2.97801013434253
"nauru, republic of","nru",NA,NA,NA,NA,NA,NA,NA,NA,NA,NA,NA,NA,NA,NA,NA,NA,NA,NA,NA,NA,NA,NA,NA,NA,NA,NA,NA,NA,NA,NA,NA,NA,NA,NA,NA,NA,NA,NA,NA,NA,NA,NA,NA,NA,NA,NA,NA,NA,NA,NA,NA,NA,NA,0.367481420599777,0.092715545456019,2.73310158377256,8.11558337181922,1.7109480373092,29.5618705600954,10.7409684764372,18.8895227439391,16.1696289968305,29.559038952999,30.987981615785,42.8092987755583,52.3845797252338,20.4839746011842,18.2298079183758,28.8586848047714,3.51446425797464,13.1191003664834,10.3217876854193,13.3655116594463,13.8688622709271,15.0006159248522,15.5147110223426
"new zealand","nzl",NA,NA,NA,NA,NA,NA,NA,NA,NA,NA,NA,NA,NA,NA,NA,NA,NA,NA,NA,NA,NA,NA,NA,NA,NA,NA,NA,NA,NA,-6.95294427137275,-5.31474236617844,-3.41424074958261,-1.86719989473067,-2.14415022118855,-2.71996948773294,-6.12240129572205,-6.24820701800472,-1.51267496782666,1.99972181344341,3.70156928264735,2.58093398192802,1.24263508311334,-0.46873046702334,-1.10363782554155,0.178577479860508,1.29271019097998,2.55554543381339,3.68668380236877,4.49448811560221,5.1312714456112,4.6213476893771,3.60051635392939,1.47641262282326,-1.80034520046581,-5.49129944173892,-4.94152060623559,-2.17513928381534,-1.27795527156549,-0.327814432134113,0.373609881405662,0.982982375272166,1.38303776173008,1.31171563341427,-2.43556769493761,-4.21370830995382,-3.34965067619897,-3.96234961243119,-3.22498669815568,-3.2071061027951,-3.85991004444348,-3.91799365840613,-3.14665446412711,-2.12657199026244,-1.30472018542724,-0.917622295723705,-0.624865192150099
"oman","omn",NA,NA,NA,NA,NA,NA,NA,NA,NA,NA,NA,NA,NA,NA,NA,NA,NA,NA,NA,NA,NA,NA,NA,NA,NA,NA,NA,NA,NA,NA,NA,NA,NA,NA,4.77674191243706,0.116251673882127,-4.85023526652954,-6.83605805472484,-7.46525978923802,-3.89966092095609,2.21817520729763,4.77283699239805,-4.37052011804471,0.303150385100848,12.1601885799808,7.54510094890962,5.31359999963437,5.91961581170461,5.43000989169294,11.2093770393021,12.226420398512,10.4892110852446,14.6557996080927,-0.270653359246801,4.94563842313572,8.23865907377395,4.07335234336721,2.77771748925124,-1.57685471533704,-13.4735869242253,-19.6223811658633,-10.4592386397302,-6.71924059745434,-4.83004932082431,-15.6732927169381,-3.17310357048208,10.347791672724,6.71977671612157,3.22136748897393,1.03956334597941,5.24378092955525,4.29676378704282,4.65523022170152,4.54387206145501,4.73704235623489,4.61945027479348
"pakistan","pak",NA,NA,NA,NA,NA,NA,NA,NA,NA,NA,NA,NA,NA,NA,NA,NA,NA,NA,NA,NA,NA,NA,NA,NA,NA,NA,NA,NA,NA,NA,NA,NA,NA,NA,NA,NA,NA,-5.52614300970604,-3.62694896627375,-3.8975532154988,-4.33335140730276,-3.86533341571196,-4.46224748579954,-3.06871298544247,-3.21221970839862,-2.45479964171407,-2.63694717697849,-0.117873661253463,-1.29134469429737,-2.28729195362185,-2.78627331763799,-4.23439401270049,-5.93786562128646,-4.53080839821408,-5.41524280560558,-6.23385094442612,-7.74319513508363,-7.48102530575526,-4.36889549048996,-4.73876844318061,-3.92326074133609,-5.17126644725415,-5.67329364444482,-7.78913138860937,-7.03158864283225,-6.04118562814732,-7.83828430010804,-7.75632911137499,-6.78988201268906,-5.37073941766641,-3.20585461989178,-3.2280957371035,-3.00930102578614,-2.80561801006905,-3.64782013946151,-4.59394336150462
"panama","pan",NA,NA,NA,NA,NA,NA,NA,NA,NA,NA,NA,NA,NA,NA,NA,NA,NA,NA,NA,NA,NA,NA,NA,NA,NA,NA,NA,NA,NA,NA,NA,NA,NA,NA,NA,NA,NA,NA,2.40182508532245,2.60849898554238,2.80952331229298,1.39213070022129,-1.232992669239,-0.710395450648619,2.21843933084808,-0.447981875269401,-1.02974981283664,-2.4093501722713,-4.53639585896988,-2.29464713669216,0.52671204086011,3.17316496085108,0.380229201890544,-0.911439082498732,-1.69263285581735,-1.97014446541529,-1.32370279937762,-2.39832178071182,-3.03925333457399,-2.16612430192228,-1.76202287348613,-1.80326702414574,-2.76083990647105,-2.74194276429162,-9.67668217950141,-6.44722935222065,-3.9810769999314,-3.90229793096874,-6.22983512785443,-3.67090743739843,-3.38795433886061,-2.97678547789083,-2.52512364003361,-2.02379498747897,-1.49910309450263,-1.44647802771938
"peru","per",NA,NA,NA,NA,NA,NA,NA,NA,NA,NA,NA,NA,NA,NA,NA,NA,NA,NA,NA,NA,NA,NA,NA,NA,NA,NA,NA,NA,NA,NA,NA,NA,NA,NA,NA,NA,NA,NA,NA,NA,NA,NA,NA,NA,-2.11574984931367,-2.15376449224752,-1.40380095076472,-1.62200656149932,-1.03273487762083,-0.435681848837732,2.02912779038947,3.34835834914465,2.48452130976515,-1.47894257324655,-0.0154998196502298,2.05114250625331,2.07305588917094,0.754212154942103,-0.188399428871622,-2.01961837805402,-2.11806091483694,-2.78847782877834,-1.94437351722066,-1.36785252981477,-8.18568969863149,-2.48930059300369,-1.38057604119503,-2.74320495137415,-3.53047726178738,-2.36066451795337,-1.96856862524976,-1.96828471129473,-1.92742615515821,-1.79901771605199,-1.76245738198237,-1.69608178348121
"philippines","phl",NA,NA,NA,NA,NA,NA,NA,NA,NA,NA,NA,NA,NA,NA,NA,NA,NA,NA,NA,NA,NA,NA,NA,NA,NA,NA,NA,NA,NA,NA,NA,NA,NA,-1.63842558286359,-1.52188767170814,-0.261848909103431,-0.434115567376462,0.628617552552213,-0.44468068647321,-0.0160324230077957,0.537036154877619,0.367057702006185,-1.30851589070002,-2.28751448750996,-3.2737694773979,-3.49412180857067,-3.7068242541039,-3.49106045155264,-2.80701924752963,-1.62463817835222,-0.0463578407576189,-0.284924301044158,0.016475724388925,-2.56888950690877,-2.25363881512973,-0.379598650009236,-0.219991237563931,0.368834324079736,1.3213986453031,0.143900893293099,-0.74459256781477,-0.751801013214025,-1.48394386883526,-1.50342087143511,-5.54564586351148,-6.2328592765938,-5.48089868676055,-4.37669076405253,-4.43746052902975,-3.97262928359906,-3.67765787765621,-2.84111349131039,-2.52141250849364,-2.09659637645194,-1.64784985334815,-1.53682196326425
"palau, republic of","plw",NA,NA,NA,NA,NA,NA,NA,NA,NA,NA,NA,NA,NA,NA,NA,NA,NA,NA,NA,NA,NA,NA,NA,NA,NA,NA,NA,NA,NA,NA,NA,NA,NA,NA,NA,NA,NA,NA,NA,NA,NA,NA,NA,NA,-13.4263423721768,-16.6838743658919,-12.6991092715727,-6.90874144141541,-4.81578594306512,1.38190455207923,0.143057548460383,-2.07839024063543,-1.70573743952533,-2.13622885219882,-1.27381939755285,1.28653181333585,0.982888930244635,0.544519957159825,3.5930443580154,5.07883334152859,3.51545883342689,4.75562147005587,6.18475435146825,-0.359805854855757,-13.02206540596,-9.94005679645152,-4.25593785933846,-2.28197030294204,1.23276021966439,1.72515817290664,0.752079797170403,0.948244956009676,0.742790032592729,0.543081298841416,0.0707252581406059,0.10902655038764
"papua new guinea","png",NA,NA,NA,NA,NA,NA,NA,NA,NA,NA,NA,NA,NA,NA,NA,NA,NA,NA,NA,NA,NA,NA,NA,NA,NA,NA,NA,-3.01527409819678,-1.09500371326683,-1.85471965319304,-2.43127987125223,0.314129400879828,0.31246015932596,0.338612139139427,-2.03521017524569,-0.622997313176002,-4.33295573093794,-4.90457671134966,-1.00921828988539,1.07747884159863,2.05453547016293,0.672905270784361,-0.164736521250964,-1.9364989225781,0.303521224579691,-1.3291111549514,-1.74999128498407,0.187883001838755,2.0250598053732,2.84915234771077,5.33737191297208,6.89933384913325,2.73414108319254,-5.48253483286185,3.06236076643322,2.215389454313,-1.18996217635591,-6.86973161820881,-6.26502418314879,-4.54972147661848,-4.74622004031295,-2.47470941002085,-2.57969711560959,-4.97580698950005,-8.85232886019065,-6.84340504341696,-5.25302600731945,-4.34341176568731,-3.31232663349603,-2.35687545356175,-1.1243112987923,-0.147462482057054,-0.0622062421871405,0.200396170287959,0.155444117372078,0.172988791587837
"poland, republic of","pol",NA,NA,NA,NA,NA,NA,NA,NA,NA,NA,NA,NA,NA,NA,NA,NA,NA,NA,NA,NA,NA,NA,NA,NA,NA,NA,NA,NA,NA,NA,NA,NA,NA,NA,NA,NA,NA,NA,NA,-4.37717639727457,-4.82400751033946,-4.59203058966096,-4.23972485428983,-2.29189470930302,-3.98445721838149,-4.7133525626102,-4.78633257305611,-5.9957160393559,-4.9990881415297,-3.9258603528002,-3.5270345456219,-1.87927894177175,-3.59535850091517,-7.23631259250213,-7.4297526944134,-4.97445738487664,-3.79536468664971,-4.24608499069618,-3.66215935702863,-2.59452524536018,-2.38313764677296,-1.4858956869768,-0.244846936556598,-0.733609435173632,-6.85317268950533,-1.67566040700536,-3.36920532657837,-5.19560100862191,-6.47509025555343,-7.01146182287562,-6.74563783625748,-6.36510970306061,-5.71964983211802,-5.39235277448104,-5.02343248646971,-4.81147099834684
"puerto rico","pri",NA,NA,NA,NA,NA,NA,NA,NA,NA,NA,NA,NA,NA,NA,NA,NA,NA,NA,NA,NA,NA,NA,NA,NA,NA,NA,NA,NA,NA,NA,NA,NA,NA,NA,NA,NA,NA,NA,NA,NA,NA,NA,NA,NA,NA,NA,NA,NA,NA,NA,NA,NA,NA,NA,NA,NA,NA,NA,-3.07255348681937,-2.11627404770956,-1.84294801068771,-1.10935291688282,0.0247627726381268,1.89867397218576,-0.550755834812035,-0.257454433384135,1.78929532332487,0.326927138331573,-0.537978329883226,-0.4181003801359,-0.391435875683285,-0.352297495690834,-0.552362469933724,-0.165994925188677,-0.153607311098233,-0.141663368452535
"portugal","prt",NA,NA,NA,NA,NA,NA,NA,NA,NA,NA,NA,NA,NA,NA,NA,NA,NA,NA,NA,NA,NA,NA,NA,NA,NA,NA,NA,NA,NA,NA,-10.2706632815666,-8.47881537836789,-4.31586690277227,-3.48136273249904,-6.82427997514559,-7.93008096477798,-5.19426308823346,-8.0583121741766,-7.36875509938431,-5.14325749619504,-4.63208573039567,-3.65375170158769,-4.30431940111393,-2.92835231134927,-3.31781691319906,-4.67876142238157,-3.69959706553718,-5.56798623652852,-5.91236886561698,-6.05148256699507,-4.06413854411513,-2.90876174042673,-3.81072211043043,-9.87424216080015,-11.4183722486995,-7.72695228334729,-6.20243303170132,-5.21358061726457,-7.3160423496968,-4.37186372403321,-1.94335468031042,-3.00220296651153,-0.425775716398631,0.116066071176312,-5.75224043041733,-2.82551740511737,-0.310411006520816,1.25716564220207,0.500872545545083,0.308732433303851,-0.13952458594707,-0.163286770115806,-0.523589605892238,-0.860705792942616,-1.21290464188784,-1.58291295012128
"paraguay","pry",NA,NA,NA,NA,NA,NA,NA,NA,NA,NA,NA,NA,NA,NA,NA,NA,NA,NA,NA,NA,NA,NA,NA,4.1324334791112,3.40412587496562,0.14977658786109,1.52182537848481,0.269179622211604,-0.420895791915876,0.849269024453029,3.0756944357495,2.67834096966627,3.0090897008625,5.48127354332829,7.56118767687047,3.40831570706208,3.09852129541839,4.2667398576146,4.58725923704449,2.78009456822496,2.43167650785742,3.00478007309202,4.27853870395703,2.67075985648569,-0.547277171559798,0.0738588427520768,-1.89319907296851,-0.0670383934340215,1.33480044708385,0.738207669141925,0.911307207836672,1.27449781674869,2.29241763335102,0.587636958456514,1.53839363503574,1.28516184304888,-0.582568343861906,-1.15713580595634,-0.27114559022207,-0.43675512468435,-0.373711497011024,-0.438696525990458,-1.01429854023341,-2.44181291662559,-5.71928590585587,-3.39350761436173,-2.64530840951116,-3.80748278862571,-2.1047962483561,-1.68785565068418,-1.32739327512069,-1.27992774219013,-1.34018049224285,-1.3842648634408,-1.43265675071183,-1.42144181276029
"qatar","qat",NA,NA,NA,NA,NA,NA,NA,NA,NA,NA,NA,NA,NA,NA,NA,NA,NA,NA,NA,NA,NA,NA,NA,NA,NA,NA,NA,NA,NA,NA,NA,NA,NA,NA,3.22632114370677,-2.569254882501,-2.73618833644562,-9.52779686401272,-11.8003773215819,-5.77899682348981,-8.72848296818105,-9.40382854412918,-7.00064473006511,-4.35284252170873,4.62188025888346,4.48056634573953,7.89090374157605,6.71057595082848,17.6910555654481,9.80339100953406,8.39493059187105,10.3433409000812,9.48877714589707,14.1293526165268,4.60012014955591,5.23565503306031,8.55377870643489,19.2700094972276,13.3524188112296,18.447071932438,-9.20306714587049,-6.82007704625333,2.25972028611527,0.998713367272763,-2.13351905602993,0.243188505483588,10.3900676845215,5.5067204121241,0.708172145325364,-1.00191859062947,-3.4327875578759,-4.81481957285477,-4.66689712620778,-0.393387603005836,1.84350527899697,2.86088214045915
"romania","rou",NA,NA,NA,NA,NA,NA,NA,NA,NA,NA,NA,NA,NA,NA,NA,NA,NA,NA,NA,NA,NA,NA,NA,NA,NA,NA,NA,NA,NA,NA,NA,NA,NA,NA,1.02700296204201,3.22964925974929,-4.5524573355868,-0.349821979736464,-2.19957437063617,-3.32002292957502,-4.73832706781498,-5.18712226872435,-5.32942496185686,-3.57879346374877,-3.9884708265171,-3.20122351381788,-2.59481281789435,-2.28623298296769,-3.39343156170524,-0.690414795412008,-1.35997918092581,-3.04626993611095,-4.60477104518189,-6.85778034941637,-6.21977907986178,-4.13532463766635,-2.3851044653322,-2.44267621959869,-1.75897686843274,-1.34754318694893,-2.49650484358071,-2.85617950002853,-2.75661206403825,-4.58101287449658,-9.59573720742251,-6.73616703531,-5.8529998955899,-5.65794219213913,-8.68114357480542,-7.64415015769554,-6.2472695182672,-5.76284030594469,-5.74751212588361,-5.63045775421973,-5.3771676486817,-5.24233323985143
"russian federation","rus",NA,NA,NA,NA,NA,NA,NA,NA,NA,NA,NA,NA,NA,NA,NA,NA,NA,NA,NA,NA,NA,NA,NA,NA,NA,NA,NA,NA,NA,NA,NA,NA,NA,NA,NA,NA,NA,NA,NA,NA,NA,NA,-7.42350776012294,-3.5866005282268,3.10707586696136,2.99124453439422,0.672593623089551,1.35012443902141,4.57475069009141,7.59695964521044,7.8035390319602,5.58536696868245,4.54949019997458,-5.88891006933908,-3.19387629644846,1.43181884105002,0.382340506425152,-1.16217786063835,-1.06995579053092,-3.38642543701328,-3.67003260742456,-1.46892589046223,2.92332462706548,1.92961482589777,-3.98874957085815,0.776242602152611,-1.3424192358115,-2.24382147049943,-1.5941990156436,-3.90462134008131,-2.04936655259227,-2.42439452912865,-3.13259991534102,-2.39486041261673,-2.49965136243872,-2.75556936391663
"rwanda","rwa",NA,NA,NA,NA,NA,NA,NA,NA,NA,NA,NA,NA,NA,NA,NA,NA,NA,NA,NA,NA,NA,NA,NA,NA,NA,NA,NA,NA,NA,NA,NA,NA,NA,NA,NA,NA,-7.31107922296567,-6.69722117419032,-9.68223924563169,-2.07008305376542,-5.0779757089423,-2.25278754604548,-2.62787633568618,-4.47668203830011,-0.221556320795583,-1.82725295068231,-2.06097152095511,-1.25042445953103,2.30720629324344,1.13982242232442,-0.0294142914174972,-1.57552794644465,0.83539808641647,0.262317111459969,-0.646115046755455,-0.870612927782076,-2.41153748909651,-1.28687739816339,-3.96855196591564,-2.71113982309077,-2.29558554744031,-2.540757648686,-2.56944654103538,-4.99536017983543,-9.25750362761367,-6.88511992687587,-5.55541691437624,-4.87840904564514,-6.19429835344573,-4.49498822067393,-4.33567402523433,-3.00483109243332,-2.79694957562788,-3.07395879992411,-1.97940150999671,-3.6421882441057
"saudi arabia","sau",NA,NA,NA,NA,NA,NA,NA,NA,NA,NA,NA,NA,NA,NA,NA,NA,NA,NA,NA,NA,NA,NA,NA,NA,NA,NA,NA,NA,NA,NA,NA,NA,NA,NA,NA,-3.28124545616104,-8.12103740784386,-9.3269794603626,-8.31163700294333,-5.12276949958925,-3.24676745356291,-2.50573984004067,-8.87521007105625,-5.99136928858467,3.18412902554029,-3.90591963111644,-5.90699021971191,1.19859776418269,9.71789644660006,17.9869512581555,20.8228597824146,11.7835963942141,29.8019020766063,-5.38344943220412,4.39163110701508,11.394064904771,11.6799099547562,5.46923473186117,-3.40338949977336,-14.9443180917938,-13.1949343552351,-8.57247080399763,-5.20785270109553,-3.9646551540517,-10.2200955334029,-1.99315735472723,2.24017959399212,-1.7705569653272,-2.45986150627606,-5.77441623076448,-3.47278829843193,-3.40146251202253,-3.56171590951893,-3.34049358422159,-3.21113575303659,-3.17279573345178
"sudan","sdn",NA,NA,NA,NA,NA,NA,NA,NA,NA,NA,NA,NA,NA,NA,NA,NA,NA,NA,NA,NA,NA,NA,NA,NA,NA,NA,NA,NA,NA,NA,NA,NA,NA,NA,-16.2074893418785,-26.4771597447368,-24.5171507639531,-8.0422004863113,-3.03234723583266,-3.48003440301894,-2.61048309235729,-0.590306824830558,-0.561008988860745,-0.799562008186952,-0.698071110494401,-0.766880761339031,-0.685290220555438,0.768410924387155,0.156031095950915,-1.87567202069737,-1.32335030144721,-2.84196872508524,0.491470457075544,-3.79578085776376,0.110568158187266,-2.32690637214005,-7.36844160178724,-5.76075510141375,-4.71845161994999,-3.86940297033274,-3.91835672494222,-6.06939921815452,-7.92216706933545,-10.7793097230873,-6.03622556987023,-0.287299570528394,-2.1490218214442,-3.69643973181339,-3.45742064682724,-3.10112786880449,-4.37023091615602,-5.00215538040353,-4.10486507348465,-3.70372266703124,-3.11154998966014,-2.70035521691328
"senegal","sen",NA,NA,NA,NA,NA,NA,NA,NA,NA,NA,NA,NA,NA,NA,NA,NA,NA,NA,NA,NA,NA,NA,NA,NA,NA,NA,NA,NA,NA,NA,NA,NA,NA,NA,NA,NA,NA,NA,5.90321620852704,2.40728939609791,0.921537012663806,0.980116505505274,0.927135510417076,-0.615476590928122,0.781855161193221,-1.44136481016686,0.190711365914849,-0.516173280264951,0.184422380840559,-0.263032542865764,-3.66518227018731,-2.79782126271808,-3.53109851982673,-3.66282914009398,-3.93766391196308,-4.92446919431862,-4.18450879225559,-4.33543818139036,-3.89627324749293,-3.66339744060369,-3.2721040399214,-2.96803233132198,-3.66268539637323,-13.9319407307621,-9.62264400288397,-13.6972274975426,-16.0760618585763,-14.765650200273,-13.4105288305541,-7.9,-6.69990693199896,-5.70210839501528,-4.00000000000001,-2.99999999999998,-3,-3
"singapore","sgp",NA,NA,NA,NA,NA,NA,NA,NA,NA,NA,NA,NA,NA,NA,NA,NA,NA,NA,NA,NA,NA,NA,NA,NA,NA,NA,NA,NA,NA,NA,NA,NA,NA,NA,1.96581401560244,0.681668506814716,2.70140657368381,4.35695071758524,7.90468591108219,4.80352319442427,1.98285698499192,5.66303609784947,2.41393315670642,5.20383273085997,4.59284676402554,1.19659255872912,2.23209006922148,0.678051635534046,2.05976604910638,2.55551461104695,2.15988931909347,7.12021844800367,3.58922418886813,-0.0937434844292344,5.68410596846319,7.96174209696668,7.33598076727603,5.96265822342337,4.59960763420998,2.85773740835006,3.24271108353041,5.22596244525956,3.6741672713883,3.76201351515413,-6.68444724508858,1.11132209742864,1.20072178031425,3.42050666611037,3.7871657243861,4.15636859263106,3.31346890207667,2.92594982920442,2.49157006098636,2.07281052455026,1.80405098811406,1.83529145167795
"solomon islands","slb",NA,NA,NA,NA,NA,NA,NA,NA,NA,NA,NA,NA,NA,NA,NA,NA,NA,NA,NA,NA,NA,NA,NA,NA,2.8884146409792,-0.895341436180028,0.553610553121778,-0.706294042905257,-5.7972960796169,-7.49118254384349,-9.21006190768579,-21.7846899037894,-14.143426263238,-12.9349435846029,0.490172471014827,0.115858391200991,3.48469751591074,2.06999157576674,3.65385758169612,2.69354128173537,3.1498552626506,1.80315864765505,4.25370833775536,-0.271887893295484,-2.47233459835499,-2.02242252337541,-3.6712850666658,8.9137582865827,14.4682862417237,11.5479998809347,11.3086767624629,13.6579041445991,1.74540779080913,2.14778037209371,5.67244906588209,6.14283285430431,4.63335287912612,3.57113100825939,2.12697082837486,0.808428969023353,-3.55822710675365,-2.27147209220056,1.4874926475693,-1.52409366240781,-2.43789287253779,-1.81629263597127,-2.701761827098,-4.12693377231271,-2.09241796603897,-3.23586542845985,-3.38932361061745,-3.2005758406016,-3.21067688920875,-3.01127503187449,-2.87512653438174,-2.94823034925649
"sierra leone","sle",NA,NA,NA,NA,NA,NA,NA,NA,NA,NA,NA,NA,NA,NA,NA,NA,NA,NA,NA,NA,NA,NA,NA,NA,NA,NA,NA,NA,NA,NA,NA,NA,NA,NA,NA,NA,NA,NA,NA,NA,NA,NA,NA,NA,-1.94386843756967,-3.21926451586425,-3.02752305848511,-2.78289177860975,-1.4559151097122,-1.16685385449074,-0.930303627839745,12.5682910808688,-2.21702591273554,-1.50951966230768,-3.08963348038188,-2.78470923890919,-3.41252687808318,-1.74425752119434,-2.76845759241571,-2.86496088944196,-5.41361745828672,-5.61076012497598,-3.5733076621461,-1.95250924617241,-3.49832354028414,-4.34802985466969,-5.9275983017691,-4.98561936077484,-5.15555627091878,-4.19890649528751,-2.18961795915386,-0.238215789666092,-0.202970560586004,-0.680434024122493,-0.432547041721899,-0.103740653214042
"el salvador","slv",NA,NA,NA,NA,NA,NA,NA,NA,NA,NA,NA,NA,NA,NA,NA,NA,NA,NA,NA,NA,NA,NA,NA,NA,NA,NA,NA,NA,NA,NA,NA,NA,NA,NA,-0.612946314071505,-2.30463142059025,-4.28881471733465,-1.41647223456572,-0.943044387642406,-0.176867221952296,-2.70239038784265,-1.9723713670491,-2.93992597957854,-3.08245240148867,-3.445502691388,-4.94507094200595,-5.50402343225073,-4.23017639257067,-2.75962728579456,-3.47257683491407,-3.41639402852347,-2.32393518365789,-3.80047337174141,-6.64564471429746,-4.96620037952256,-4.46985572141863,-3.80793123156199,-4.45719472261002,-4.01748781287453,-3.6321416404277,-3.1041984734789,-2.52822445642837,-2.70594503619506,-3.07036866482342,-8.14451476835577,-5.53046225695992,-2.68382097348773,-4.68644717091384,-4.54954067701946,-2.81813534558877,-1.99239408999731,-1.92711765291956,-2.25939706788165,-2.0056156662448,-1.82648936354572,-1.43675315104022
"san marino, republic of","smr",NA,NA,NA,NA,NA,NA,NA,NA,NA,NA,NA,NA,NA,NA,NA,NA,NA,NA,NA,NA,NA,NA,NA,NA,NA,NA,NA,NA,NA,NA,NA,NA,NA,NA,NA,NA,NA,NA,NA,NA,NA,NA,NA,NA,NA,NA,NA,NA,2.44483211076474,3.58309355607475,1.5067420875377,1.82531579760797,0.176208427901506,-2.46057912274813,-2.23840921233714,-4.0494553715684,-7.07925860066367,-7.74070279811433,1.06445467583992,-3.32375245281602,-0.185220060939853,-3.48601901990003,-1.5557997915733,-0.108012670051286,-37.592047283372,-16.4177826031089,0.423721168829509,-0.724413347162432,0.386672863172366,-1.00415675660766,-1.59835504051581,-0.122978662298649,0.54319376054413,0.621838027272294,0.488782465394518,0.5993311661938
"somalia","som",NA,NA,NA,NA,NA,NA,NA,NA,NA,NA,NA,NA,NA,NA,NA,NA,NA,NA,NA,NA,NA,NA,NA,NA,NA,NA,NA,NA,NA,NA,NA,NA,NA,NA,NA,NA,NA,NA,NA,NA,NA,NA,NA,NA,NA,NA,NA,NA,NA,NA,NA,NA,NA,NA,NA,NA,NA,-0.112995506456065,-0.0555392637427445,0.241729480039176,0.460817561352892,0.374195834604256,0.030642423472628,0.27555647602773,0.286550654912286,-0.882060723949536,0.0235165310125061,0.0477907335658774,0.165468939792092,-0.29729280644415,-0.590606176969932,-0.777406019359563,-1.2184235549169,-1.97170833204012,-1.99039206808626,-2.10818276853696
"serbia, republic of","srb",NA,NA,NA,NA,NA,NA,NA,NA,NA,NA,NA,NA,NA,NA,NA,NA,NA,NA,NA,NA,NA,NA,NA,NA,NA,NA,NA,NA,NA,NA,NA,NA,NA,NA,NA,NA,NA,NA,NA,NA,NA,NA,NA,NA,-0.148284084488641,0.324940663407672,-2.32809887261677,-2.38502062859593,0.0610601564291792,1.02052802106073,-0.904996478632247,-0.802001532113879,-4.25452478539642,-3.30208699171743,-3.34748568000874,-3.7532042332758,-6.10668463902179,-4.78861280159104,-5.60837383334538,-3.24516905530119,-1.07844655633896,1.31631107480878,0.77817628981127,-0.00436356023595564,-6.91310623976527,-3.15564807498041,-0.141143305245473,-1.21069321650389,-1.73364928058895,-2.2145715379656,-2.88014557254164,-2.90535444559914,-2.46647328815422,-2.4129988904181,-1.9269973529867,-1.92761241537459
"south sudan, republic of","ssd",NA,NA,NA,NA,NA,NA,NA,NA,NA,NA,NA,NA,NA,NA,NA,NA,NA,NA,NA,NA,NA,NA,NA,NA,NA,NA,NA,NA,NA,NA,NA,NA,NA,NA,NA,NA,NA,NA,NA,NA,NA,NA,NA,NA,NA,NA,NA,NA,NA,NA,NA,NA,NA,NA,NA,4.57049565895537,-14.8098565708723,-3.44958001901327,-9.53440473253447,-16.2823737320233,-15.5169309549534,4.15993227928369,-1.15154743872535,0.0419149734508956,-5.49909026394606,-9.29813684441328,4.42578155451043,9.11934459171438,11.5244396750618,3.45201907844698,1.36762556798652,-0.222502537611207,-1.0270243831132,-1.10429521272812,-1.05466058659014,-0.934797379038673
"são tomé and príncipe, democratic republic of","stp",NA,NA,NA,NA,NA,NA,NA,NA,NA,NA,NA,NA,NA,NA,NA,NA,NA,NA,NA,NA,NA,NA,NA,NA,NA,NA,NA,NA,NA,NA,NA,NA,NA,NA,NA,NA,NA,NA,NA,NA,NA,NA,NA,NA,51.5166402393273,-13.5196626879972,-10.423328728087,-15.9258651856269,-25.1151618926127,26.8120996368133,17.9919956764082,125.135283385092,13.6480889975978,-18.0241567411873,-12.1194514396441,-13.0245804855144,-12.2568986256683,2.1341293893625,-6.27422831187007,-7.60022130325461,-5.00639591046723,-3.10733720141034,-2.0231178403228,-0.0661992910436161,2.93985929553739,-1.51551204842714,-2.24051652520879,-2.13112918930342,0.920807819196598,-2.52770566694121,1.01902206017504,1.61112048134939,2.89992431280349,2.69854589134346,2.89389646266271,2.65123717478049
"suriname","sur",NA,NA,NA,NA,NA,NA,NA,NA,NA,NA,NA,NA,NA,NA,NA,NA,NA,NA,NA,NA,NA,NA,NA,NA,NA,NA,NA,NA,NA,NA,NA,NA,NA,NA,-3.04382401397126,-9.80110689471758,-6.45208134715952,-4.6750653834363,-1.89399233526249,1.16563194348754,3.41986830480466,-0.322631304785994,-6.38952127080275,-4.91772246557031,-7.75803302826641,3.48968629467056,-3.29562028920054,-0.113881592623902,-1.20237204520632,-3.39068508934083,0.592483553356237,5.01407064381159,2.39343752059243,2.02798446964652,-0.153738829612046,2.31883332198427,-0.38007441977012,-2.64153258305331,-2.65037723887317,-8.29118898713745,-10.1865154559009,-8.62002061927891,-8.55879269838538,-20.225342107248,-11.9544351001506,-5.66041533466574,-2.56809940141174,-1.67074661679437,-3.35820763688733,-9.61155013807955,-4.68766774988628,-4.23641469587566,-0.0981671474142666,5.13452191995743,4.92744036699792,3.07256636813266
"slovak republic","svk",NA,NA,NA,NA,NA,NA,NA,NA,NA,NA,NA,NA,NA,NA,NA,NA,NA,NA,NA,NA,NA,NA,NA,NA,NA,NA,NA,NA,NA,NA,NA,NA,NA,NA,NA,NA,NA,NA,NA,-3.42825187115845,-9.72083009335629,-6.23512419390931,-5.36875181931497,-7.2519937653333,-12.6899573534479,-7.74324997886747,-8.35312014552362,-2.2814352513534,-2.35929455962154,-2.85704056424761,-3.57006589280042,-2.25828814541172,-2.54082028572012,-8.18451614313302,-7.4444030567406,-4.35560767560851,-4.36620749895561,-2.86123473726799,-3.24506970140657,-2.78203898412841,-2.59355366716653,-0.984694045696583,-1.00591742194475,-1.20500405087818,-5.29597988138328,-5.08972280344994,-1.5636637786389,-5.29542564394801,-5.49668797880306,-5.01749631468685,-4.36155425365678,-4.97752442593737,-5.09919309122249,-5.12629506735466,-5.28868480953711,-5.44857728692264
"slovenia, republic of","svn",NA,NA,NA,NA,NA,NA,NA,NA,NA,NA,NA,NA,NA,NA,NA,NA,NA,NA,NA,NA,NA,NA,NA,NA,NA,NA,NA,NA,NA,NA,NA,NA,NA,NA,NA,NA,NA,NA,NA,-8.19289197621152,-1.15500363572975,-2.36835757305064,-2.39402457086247,-3.04325515761484,-3.77217473934838,-4.57979902185542,-2.47415415553054,-2.66390293305171,-1.98097071941475,-1.3786160562932,-1.25804853888063,-0.0772824070893728,-1.44057018705951,-5.87184589579211,-5.55575588958944,-6.68586078554514,-4.19718592069818,-11.2271199984462,-4.52631946102724,-2.8373326682929,-1.99909030020093,0.0537237099858066,0.896345111564722,0.680698723326495,-7.67672186004318,-4.61058878698657,-3.01397991617676,-2.58329430132709,-0.944258209973598,-2.35406707411876,-2.65371606697973,-2.76330742278528,-2.78921314250027,-2.88480982423732,-2.92775194822334,-2.939460299274
"sweden","swe",NA,NA,NA,NA,NA,NA,NA,NA,NA,NA,NA,NA,NA,NA,NA,NA,NA,NA,NA,NA,NA,NA,NA,NA,-5.3526917078685,-4.31836021569084,-6.19323670933112,-4.7490320986762,-2.66552146857358,-3.29127847055451,0.0106558659805102,3.63500005973569,3.63248294435599,3.57259456004257,3.6989283521992,0.284277794778929,-8.51293961367512,-10.8751370720233,-8.77457092589963,-7.00899918160625,-3.10734318990466,-1.57021843608998,0.821768197008907,0.597698329780175,3.10759618478272,1.37425023475078,-1.45600395171441,-1.24516456221011,0.166172090024508,2.08245149595491,2.19502877146071,3.36797866029011,1.87291800135205,-0.889133564070051,-0.143713357176686,-0.407496510623872,-1.19140984213967,-1.62999714058643,-1.84072018177112,-0.271594748774266,0.861864673587536,1.28938863599902,0.672563756360881,0.440197539243181,-3.18014385016123,-0.148548477599598,1.00278264188508,-0.630275457999244,-1.50255402750487,-1.40906190172296,-2.41805298829324,-1.86983320070362,-1.19102621106,-0.547955549170849,-0.547955549170922,-0.547955549170874
"eswatini, kingdom of","swz",NA,NA,NA,NA,NA,NA,NA,NA,NA,NA,NA,NA,NA,NA,NA,NA,NA,NA,NA,NA,NA,NA,NA,NA,5.11192732997629,-3.40423240028818,0.080176245769139,-0.441569845246055,0.953289885275725,-1.13099952442391,-2.28178131194926,2.00004789024864,3.45501483925722,5.82046263804513,5.46692536834582,3.28162356587837,-2.75909040107479,-3.15413235688318,-3.4280253005629,0.869780332885647,-0.965173334472182,2.05519479450948,1.04938915825546,-1.23293328746119,-1.19312438722012,-2.23724008824776,-3.69057145295914,-2.10755150194963,-3.97149623810402,-1.66187228234445,8.67072033401096,2.36873476541667,1.58232800245103,-3.00256376331986,-9.33835065893315,-3.87654683351425,3.39396068422881,0.574489264701558,-1.16422271337126,-5.8850310460718,-8.36176955273157,-5.63610293361833,-6.58518269880406,-6.22852803854995,-4.20758081735155,-4.55157169770859,-5.26600229786635,-0.65765288535807,-1.06459183488794,-6.13633308290891,-6.87621284713478,-5.06664126314043,-4.11785196394694,-3.52027028476325,-3.11053313357548,-2.65902681331254
"seychelles","syc",NA,NA,NA,NA,NA,NA,NA,NA,NA,NA,NA,NA,NA,NA,NA,NA,NA,NA,NA,NA,NA,NA,NA,NA,NA,NA,NA,-3.13223889616275,-6.08557251193708,-4.85517470329488,-10.0556918643144,2.77240992094869,11.8127411575607,8.25682742591517,11.9109348787555,3.15135599212161,6.44246353322528,-3.62347287831894,-6.94663129218509,-2.57966695591091,-9.69239940804735,-5.90575523042126,-16.6699971886421,-10.2641007322897,-14.7401892238067,-8.92685703311476,-16.2604333924131,3.39631912680713,0.437431056389329,0.421896441531298,-2.53762770383049,-9.9294293034129,7.88192894671256,4.83869570854561,0.521485308121537,3.35983252255043,2.93403985465516,0.328581133585773,2.8737673854089,1.38902019044529,0.0176202026246737,-1.67073847438192,-0.802068037673776,0.423184736036366,-15.7461988587494,-5.75522395988614,-0.7650345107588,-1.15315228168026,-0.677513482822683,-0.985085076357701,-2.07802101576062,-1.21841160151473,-0.773580049389509,-0.870814806707147,-0.806883601117703,-0.632614100878287
"syrian arab republic","syr",NA,NA,NA,NA,NA,NA,NA,NA,NA,NA,NA,NA,NA,NA,NA,NA,NA,NA,NA,NA,NA,NA,NA,NA,NA,NA,NA,NA,NA,NA,NA,NA,NA,NA,-3.9239430390989,-6.56701608484289,-7.25829454026855,-4.96308201713575,-5.99898702696359,-3.80811769341915,-2.82576567943873,-1.78065343382034,-2.81158437536372,-1.47358294306378,-1.36053128926335,2.30474225661089,-2.02261681808344,-2.70396578545342,-4.18196987744013,-4.40834019277236,-1.12049164026329,-2.9871978172473,-2.8643840328445,-2.89180765509018,-7.79003110216579,NA,NA,NA,NA,NA,NA,NA,NA,NA,NA,NA,NA,NA,NA,NA,NA,NA,NA,NA,NA,NA
"chad","tcd",NA,NA,NA,NA,NA,NA,NA,NA,NA,NA,NA,NA,NA,NA,NA,NA,NA,NA,NA,NA,NA,NA,NA,NA,NA,NA,NA,NA,NA,NA,NA,NA,NA,NA,NA,NA,NA,NA,NA,-3.12379144599466,-2.86070314848689,-2.57902891273574,-1.73041790768739,-4.06905478460778,-4.68124126769157,-3.53465338096187,-4.07912063358675,-4.31522657887319,-1.84001317007959,-0.0527757676197639,1.70320627607068,2.01834679470354,2.81662661426007,-8.44414442974896,-3.15781384747273,1.74598125425263,0.328580501183307,-1.50240923817919,-3.22053152459118,-3.29324953126351,-1.51100365706984,-0.175953317254161,1.38693985345872,-0.11071600595238,1.23535760156948,-1.29309908565706,3.78678714417561,-1.25734939942026,-2.02795858024724,-1.26103677191675,-1.38228070736673,-1.30146145253516,-0.255733639483774,-0.705185067988158,-0.928899706155797,-1.16798404770837
"togo","tgo",NA,NA,NA,NA,NA,NA,NA,NA,NA,NA,NA,NA,NA,NA,NA,NA,NA,NA,NA,NA,NA,NA,NA,NA,NA,NA,NA,NA,NA,NA,NA,NA,NA,-2.18368992836503,-1.64628085549268,-3.51913594629489,-2.27237443614534,-8.45931485762378,-5.3723356184393,-2.96933946154806,-3.25935646852864,-0.983392199750489,-3.25092105141714,-1.75599340371653,-3.4457168414947,-0.715579383808364,-0.280209564674107,1.43482990271477,0.60998616747971,-1.66633064406837,-1.94488343389261,-1.8325555770977,-0.590603996682444,-2.62593422169766,-1.66194855372719,-4.47516996190492,-4.63476831315788,-5.08252463650621,-7.1146445118064,-7.0357647197877,-7.02479512660809,-0.208093756878978,-0.590568168568954,1.66595041564366,-6.95632377161315,-4.5401559845643,-7.83309655320324,-6.28257766140041,-6.82478251969197,-3.22795273623443,-6.69880405728771,-3.03054481390155,-3.03176298372723,-3.03110754433679,-3.02390837831947,-3.00125049873182
"thailand","tha",NA,NA,NA,NA,NA,NA,NA,NA,NA,NA,NA,NA,NA,NA,NA,NA,NA,NA,NA,NA,NA,NA,NA,NA,NA,NA,NA,NA,NA,NA,NA,NA,NA,NA,NA,NA,NA,NA,NA,3.05432674667842,2.7493012834655,-1.68082889515894,-6.29209125320482,-9.01719224449842,-1.79206800140302,-1.76809355609977,-6.72249864110654,1.9783241776771,1.10592470501202,2.17304017950516,1.86665979502654,0.219944574030483,0.801032877290183,-2.21397386153254,-1.06970451165283,0.094141532284296,-0.860479551178799,0.599410168839767,-0.700209115542453,0.187656714842833,0.413006473813637,-0.50569580058281,0.202900347274313,0.42686174319834,-4.47037573643452,-6.72479437143481,-4.60935974792641,-1.90895207594453,-1.28745136663016,-1.90624917090899,-2.22955820401716,-1.94212662776069,-2.04434121219225,-2.18939079598055,-2.20364564361785,-2.21574460616387
"tajikistan, republic of","tjk",NA,NA,NA,NA,NA,NA,NA,NA,NA,NA,NA,NA,NA,NA,NA,NA,NA,NA,NA,NA,NA,NA,NA,NA,NA,NA,NA,NA,NA,NA,NA,NA,NA,NA,NA,NA,NA,NA,NA,NA,NA,NA,-5.08827321498244,-4.0304682527881,-4.51368476780871,-2.11490749306688,-2.40006259399339,-1.74485393632923,-2.31681012378372,-2.82739203421968,2.00164126853864,2.13138166666135,1.94154076539102,-0.20147871331759,-2.70682406934162,0.604406045701097,0.406559000354276,-0.734678049711903,0.922460528629849,-1.96251397887673,-2.9106994458625,-5.64699132267514,-2.69038061920202,-2.04300027345474,-4.33940890060899,-0.640727838621517,-0.23409847765015,-0.915603393040698,0.318978626291477,-1.78688361138138,-2.5,-2.5,-2.49999999999999,-2.5,-2.49999999999999,-2.50000000000002
"turkmenistan","tkm",NA,NA,NA,NA,NA,NA,NA,NA,NA,NA,NA,NA,NA,NA,NA,NA,NA,NA,NA,NA,NA,NA,NA,NA,NA,NA,NA,NA,NA,NA,NA,NA,NA,NA,NA,NA,NA,NA,NA,NA,NA,-0.20383743385864,1.15023609578669,2.48214434696852,-0.553947361245823,0.773906562700212,0.185266575292913,3.9873100969748,1.47482134269711,0.864631301759719,5.63632778479487,4.19261980378299,10.7334816288091,7.5345703500177,2.12609439799881,3.8371461415055,7.53016289470475,1.53024152963397,0.887203459171907,-0.697506159861355,-2.38103405430348,-2.83844061294889,-0.215256355529761,-0.401562797789213,-0.157833203429462,0.565917884160074,3.37695530092604,0.10989410865689,-0.083415650296199,0.0630728202399152,0.339690010855788,-0.0683833879028056,-0.246220009293854,-0.397144479431723,-0.547888978924363,-0.701597238325987
"timor-leste, democratic republic of","tls",NA,NA,NA,NA,NA,NA,NA,NA,NA,NA,NA,NA,NA,NA,NA,NA,NA,NA,NA,NA,NA,NA,NA,NA,NA,NA,NA,NA,NA,NA,NA,NA,NA,NA,NA,NA,NA,NA,NA,NA,NA,NA,NA,NA,NA,3.24173288099417,-7.63851560870728,-8.2383826921926,-7.47904643061926,-10.4966649357183,41.032262327482,-29.9320622612827,-18.5617869688742,-17.1697652453667,-19.7933202190444,-25.37998750248,-38.6894878502936,-14.3674080969728,-37.5224040445261,-33.2048577960232,-55.7490648987502,-33.7745145944208,-26.9048337575246,-25.4385415964661,-18.8990089885502,-20.1480073853359,-29.4681014464738,-34.7299245103159,-46.9881080916829,-48.0336312235222,-51.5912279910605,-50.6467780118599,-51.031702205541,-51.2721221569045,-51.4964681635838,-51.7332263208668
"tonga","ton",NA,NA,NA,NA,NA,NA,NA,NA,NA,NA,NA,NA,NA,NA,NA,NA,NA,NA,NA,NA,NA,NA,NA,NA,NA,NA,NA,NA,NA,NA,NA,NA,NA,NA,NA,NA,NA,NA,NA,NA,NA,NA,NA,1.54813863928113,1.34867629362214,2.23254573687182,2.58893174574559,2.37009844764366,4.23268851366112,4.23046074265017,1.34152836105452,5.39081968675133,2.13895343768631,6.850237425072,-1.21693464261976,-6.02347032604682,-1.73739970183608,-1.30086174623964,6.38032131397189,-2.74820695432,1.46772319224462,3.57863991697703,2.8983286839651,3.20113991878454,5.1458088129411,-0.866778676532348,-0.0936707555994788,5.2842276712915,3.60192727464135,4.85590991985725,-8.35700957175765,-8.01301356546749,-9.26896210569701,-10.3492659024918,-11.7097440317129,-11.6361194295386
"trinidad and tobago","tto",NA,NA,NA,NA,NA,NA,NA,NA,NA,NA,NA,NA,NA,NA,NA,NA,NA,NA,NA,NA,NA,NA,NA,NA,NA,NA,NA,NA,NA,NA,NA,NA,-9.33663453547984,-4.46067935033522,-1.32291026712345,-0.213528337023977,-2.75771257867273,0.236533651948696,-0.0213358301377023,0.169109848273437,-0.460412700750062,0.114208501553087,-1.82849296278968,-0.90281102013074,0.175454668168039,0.617075468444937,-0.20110722638002,1.90107443486574,1.91248824786028,0.843709555082843,-0.301168644521869,3.24310416756152,5.70224956168674,-4.88294996719806,0.135664341765728,-0.689201719698787,-1.27553956016913,-2.70226258643314,-4.33582241270386,-7.37313837495405,-9.84009220549734,-10.454082008822,-5.89225064917892,-3.7200321207126,-11.8102976263996,-8.39314013079809,0.956351602672337,-1.19701275031754,-5.9239320787838,-5.45776108610763,-4.56627959952413,-2.50463302472953,-1.70773548099937,-2.1954110918977,-2.46198189935539,-2.73151552534938
"tunisia","tun",NA,NA,NA,NA,NA,NA,NA,NA,NA,NA,NA,NA,NA,NA,NA,NA,NA,NA,NA,NA,NA,NA,NA,NA,NA,NA,NA,NA,NA,NA,NA,NA,NA,NA,NA,-5.25320278440129,-3.45142572942339,-3.22093488629972,-2.87101795049923,-4.52707115061103,-5.17871122220493,-3.7036893919471,-2.83758687227525,-3.05241134733321,-3.21502181493445,-2.87449655164358,-2.54730018948891,-2.64418910933342,-2.10008335704513,-2.58880183447461,-2.33444536247493,-2.46612333864911,-0.619393261840107,-2.58691300384758,-0.456608974087594,-3.19315575311809,-4.89862499848954,-7.0476168309248,-3.11474617508406,-4.94855646823533,-5.86894677722808,-5.60733527290039,-4.26532697684855,-3.60297491747152,-9.05718258646544,-7.81446555303802,-6.9971303812576,-7.26936181248147,-6.35763363580655,-5.24057557670349,-7.40443640468826,-6.52452797577157,-5.98513653707576,-6.07544080857108,-6.45417665069183,-6.80080006497758
"türkiye, republic of","tur",NA,NA,NA,NA,NA,NA,NA,NA,NA,NA,NA,NA,NA,NA,NA,NA,NA,NA,NA,NA,NA,NA,NA,NA,NA,NA,NA,NA,NA,NA,NA,NA,NA,NA,NA,NA,NA,NA,NA,NA,NA,NA,NA,NA,-8.3561302818723,-11.6428165974376,-11.3144507081435,-7.55269404490583,-4.10860895386867,-0.746008737281985,-0.217465780897371,-1.36790526358734,-2.12989696910666,-5.14173664214582,-2.99364790032337,-0.35186717121595,-1.77690734204784,-1.20603631215798,-0.963389507712579,-0.511719338556878,-1.67660200796121,-1.86711392569182,-3.09694700683534,-4.69047717636854,-4.63563207526149,-2.97606211063039,-1.09575023371736,-5.19211658532438,-4.51017197291184,-2.7812255402397,-3.38043745704539,-3.66586080105989,-3.51355560580844,-2.89534077536103,-2.78802322181372,-2.68284091368161
"tuvalu","tuv",NA,NA,NA,NA,NA,NA,NA,NA,NA,NA,NA,NA,NA,NA,NA,NA,NA,NA,NA,NA,NA,NA,NA,NA,NA,NA,NA,NA,NA,NA,NA,NA,NA,NA,NA,NA,NA,NA,NA,NA,NA,NA,NA,NA,NA,NA,NA,NA,-3.59522173304968,-12.7785352569836,-36.8151767483139,-18.5926057086223,-17.2252159019637,-13.50648223931,-23.3503873892006,-8.80223139058233,9.58005129358146,26.0438233806122,3.26076705190384,14.7153835556332,27.4670499297066,2.09462555245006,30.2883758113603,-1.07203576445474,13.6897884378208,-13.2831949408227,-14.5957172091822,10.0949721822536,-3.44272644064033,31.6150570778785,-1.25580531315239,-4.53936143962864,-5.82545651122497,-6.92872613061453,-7.90260279731447,-8.77620995256881
"taiwan province of china","twn",NA,NA,NA,NA,NA,NA,NA,NA,NA,NA,NA,NA,NA,NA,NA,NA,NA,0.0818361083544987,-0.786441434921247,-2.48580377254618,-2.56153649273253,-3.65331544458104,-2.00904833721607,-1.90108388848187,-2.41620672024814,-2.57167733207864,-2.79703058219639,-1.87145105248068,-1.57918804585153,-2.01070055257162,-1.74236361588536,-1.74608352628676,-1.66431364436167,-9.75390485817108,-3.99164465944079,-9.24187784063791,-6.78804251538991,-6.04966855661972,-6.19768477899801,-6.75648611796248,-7.1349049874211,-7.47344206285269,-5.23573876318992,-2.34805056455386,-5.330334519198,-5.58776214567176,-5.24170144586358,-4.33312334252371,-4.62208672431842,-2.49731735703174,-2.17880819030371,-2.22266425876373,-2.73662473493355,-6.19616037274868,-5.09224879878509,-4.03382223241469,-4.31360959683862,-3.24238548949834,-2.72488984077749,-1.78237400938108,-2.19267221149435,-2.02183299297417,-1.86592874663713,-1.77636731112363,-2.91092689885902,-2.06264151796772,-1.7148680658956,-2.49658933015786,-1.45242720739724,-2.12749060405552,-2.12749060405548,-2.1274906040555,-2.12749060405548,-2.12749060405549,-2.12749060405549,-2.12749060405547
"tanzania, united republic of","tza",NA,NA,NA,NA,NA,NA,NA,NA,NA,NA,NA,NA,NA,NA,NA,NA,NA,NA,NA,NA,NA,NA,NA,NA,NA,NA,NA,NA,NA,NA,NA,NA,NA,NA,NA,0.604511181265047,-4.9587850438462,-2.02323943801256,-3.73707155157032,-2.11747059247044,1.57093393397895,-0.0264716723141391,0.132649964918678,-1.13897674441069,-0.730489235278627,-0.414088583911615,-0.72668720901407,-1.77495299722473,-2.43381688635376,-3.27609370826096,-3.38375005678945,-1.44348042996174,-1.91719457026251,-4.46352825982269,-4.74383797105643,-3.51136476246594,-3.99694320054765,-3.75921494480008,-2.91142717538505,-3.1685785417106,-2.0832379993706,-1.14249788117183,-2.00978841738827,-2.05893348712128,-2.55744761333374,-3.54568143365264,-3.91648060722032,-3.66703798239213,-3.02513016411858,-3.03959009689639,-3.20996205393663,-3.21329014419651,-3.19119767863768,-3.21422651254669,-3.20203088676,-3.15615885745963
"uganda","uga",NA,NA,NA,NA,NA,NA,NA,NA,NA,NA,NA,NA,NA,NA,NA,NA,NA,NA,NA,NA,NA,NA,NA,NA,NA,NA,NA,NA,NA,NA,NA,NA,NA,NA,NA,NA,NA,NA,NA,NA,NA,-0.829149469931903,-0.704580448194744,-1.23720657963789,-0.623678685246094,-0.993817730644297,-2.06817487573402,-0.969120420255997,0.342505422173626,-0.169968939675853,-0.637013441469413,-0.815082586619119,-1.99476634084022,-1.60983615365588,-4.64466213577255,-2.04271028095444,-2.38533772562536,-3.19048282182662,-2.74045513097063,-2.59377656325725,-2.64051316955695,-3.82570204102589,-3.02298026405762,-4.81609115191742,-7.76048247390139,-7.76218325399733,-5.44497801427379,-4.86890068993724,-3.92902852228792,-7.13302330641336,-5.92452398451832,-4.91877873406845,-4.56207267909063,-5.15102951926415,-4.55415721024819,-4.63974499999503
"ukraine","ukr",NA,NA,NA,NA,NA,NA,NA,NA,NA,NA,NA,NA,NA,NA,NA,NA,NA,NA,NA,NA,NA,NA,NA,NA,NA,NA,NA,NA,NA,NA,NA,NA,NA,NA,NA,NA,NA,NA,NA,-4.88293251831283,-3.19908978275003,-5.55774647887324,-2.77991091010108,5.12394213520185,-3.18192211005632,-2.91981857955828,-1.7734411710188,-0.860209614463774,-4.25250094440964,-2.19316690545301,-1.31448198100875,-1.89498710501847,-3.02333597195451,-6.04071792297596,-5.55959610382077,-2.66087943918445,-4.14640297828244,-4.60379455123511,-4.45997627530334,-1.15982510647288,-2.45930011466282,-2.35640402929767,-2.12369644942929,-2.08217109472749,-5.9180028841433,-3.97165656343204,-15.6015920490428,-19.341043472671,-17.2015631420268,-23.3166677437773,-18.4406528251096,-17.6763610724446,-7.42514574450884,-2.87085989157017,-1.99578317598633,-1.29946329265263
"uruguay","ury",NA,NA,NA,NA,NA,NA,NA,NA,NA,NA,NA,NA,NA,NA,NA,NA,NA,NA,NA,NA,NA,NA,NA,NA,NA,NA,NA,NA,NA,NA,NA,NA,NA,NA,NA,NA,NA,NA,NA,NA,NA,NA,NA,-2.76062105830698,-2.75822712405152,-2.85222788348663,-3.18648657526933,-2.193659343502,-0.868099120096674,-0.275738263922273,-0.64289248192214,-0.156748437438513,-1.30539720510831,-1.39370134655379,-0.387287392209918,-0.333791222967655,-2.17275656149335,-1.72196899740885,-2.59969889238107,-1.85690083631952,-2.68139976248644,-2.51029973901203,-1.8875546035652,-2.71389373662884,-4.63591601380426,-2.61418578931118,-2.49821290492442,-3.08635518891934,-3.16395591169511,-3.35679650039849,-3.75164345350696,-3.15822928825583,-2.67291777829932,-2.22917169298221,-2.11809934243872,-2.11726581411909
"united states","usa",NA,NA,NA,NA,NA,NA,NA,NA,NA,NA,NA,NA,NA,NA,NA,NA,NA,NA,NA,NA,NA,NA,NA,NA,NA,NA,NA,NA,NA,NA,NA,NA,NA,NA,NA,NA,NA,NA,NA,NA,NA,NA,NA,NA,NA,-0.544239351535756,-3.82125701109881,-4.77059647622082,-4.24374702007624,-3.07499693232714,-2.03605344682822,-2.91300758243087,-6.61247913824446,-13.1768245723699,-10.9925260690512,-9.71550460024135,-8.11376926839322,-4.5607121753129,-4.0260050402868,-3.52951079529926,-4.35636456455498,-4.79419338061707,-5.33486634368559,-5.80539671007046,-14.1266580196044,-11.4606849548906,-3.72174587213006,-7.88715459432249,-7.85845462279454,-6.82418834985354,-7.50177932570698,-7.37358540853155,-7.5946460148231,-7.45289532062301,-7.46520979583839,-7.38867141410853
"uzbekistan, republic of","uzb",NA,NA,NA,NA,NA,NA,NA,NA,NA,NA,NA,NA,NA,NA,NA,NA,NA,NA,NA,NA,NA,NA,NA,NA,NA,NA,NA,NA,NA,NA,NA,NA,NA,NA,NA,NA,6.44047623283052,-10.7624457316207,-4.02765403915269,-1.59350663155469,-1.41420579058542,-1.84502976803257,-2.73664543785166,-2.61747871472568,-3.29289986465547,-2.95202091182501,-5.6859916515099,-4.38699703003285,-3.36874104555819,-3.17055183091495,2.45119712598166,3.20028500731598,5.37664706674144,1.63763073910888,2.2949977816806,4.56206058589447,5.27566006845518,1.90435727238939,1.68069981890104,-0.244960825512262,0.619871434671934,1.04385068032392,1.56862839301783,-0.289932340893527,-2.79500506073413,-3.90365482482416,-3.48971171084664,-3.84838244174543,-2.24521652530287,-1.65544927756721,-0.820678837668161,-2.06259256604807,-2.07627887573365,-2.07676963990729,-2.0750481406332,-2.07119971491152
"st. vincent and the grenadines","vct",NA,NA,NA,NA,NA,NA,NA,NA,NA,NA,NA,NA,NA,NA,NA,NA,NA,NA,NA,NA,NA,NA,NA,-2.17964593666622,-3.60975592411676,-2.67770399897773,0.330131968752139,-1.92039327982073,2.50035435798251,4.22797519673548,2.31619530395855,1.10008467479028,0.588618895212156,-1.92251073384724,1.72799795675057,-0.485343009211028,-3.31802389592892,-1.49647037764272,0.124446571569224,1.10173002790918,1.58453653684772,-2.80760859423939,-1.81948526513278,-1.94702657187424,-0.815609926213651,-1.59526144125285,-1.99861439912202,-2.50546357443247,-2.70839986397668,-4.2988401039741,-3.12321444886687,-3.06918983045633,-1.29322721808346,-2.85101524955415,-3.69494726714413,-3.49732287782604,-1.80033657880573,-5.81725485045663,-2.82108775635913,-2.01278234512319,0.0395765391534305,-1.56165313411065,-1.6458303403869,-3.44909051867002,-5.92267651684851,-7.18806584028119,-9.35223562909628,-12.5127073974749,-16.0195980247195,-12.3278558657399,-12.1014942713901,-11.0817752557364,-10.232691156863,-9.3943912628512,-9.5190337900674,-9.64245379678613
"venezuela, república bolivariana de","ven",NA,NA,NA,NA,NA,NA,NA,NA,NA,NA,NA,NA,NA,NA,NA,NA,NA,NA,NA,NA,NA,NA,NA,NA,NA,NA,NA,NA,NA,NA,NA,NA,-9.24469624726916,-0.907467700336858,3.83769151086301,-2.27618034846912,-6.36789367173712,-2.92091086577609,-11.1874396796004,-5.86438371488375,7.93988277255054,2.57718754470459,-4.48935028232915,0.742750787387773,4.44962430441561,-4.59340801816406,-1.48231227977912,0.171416444877,2.47045308435623,4.09475086648459,-1.60465004925621,-2.8154259625343,-3.46101925971644,-8.68596647837449,-4.73949128030044,-8.24396777521658,-9.85584523732245,-10.3514389248291,-9.80839401202826,-8.06333715546698,-8.46266638101244,-13.2732414100174,-30.9761263338161,-10.9328956148396,-6.62821641793908,-5.84665515678353,-5.28982981826713,-1.24846637278467,-3.66935108802886,-5.84167132828248,NA,NA,NA,NA,NA,NA
"vietnam","vnm",NA,NA,NA,NA,NA,NA,NA,NA,NA,NA,NA,NA,NA,NA,NA,NA,NA,NA,NA,NA,NA,NA,NA,NA,NA,NA,NA,NA,NA,NA,NA,NA,NA,NA,NA,NA,NA,NA,NA,NA,NA,NA,-0.0990422784027348,-1.245925400961,-1.60529896915334,-2.19223661433404,-1.85485444657729,-2.55854962579499,-0.149549057713152,-0.95392579464179,0.200579869498032,-1.73869546379098,-0.44718708458459,-4.82429486316619,-2.25090553799078,-0.900955874282369,-5.46226463008899,-5.96402579775735,-5.01668899607864,-4.9832236829024,-3.16397078159156,-1.96400658670942,-1.02105230846952,-0.396740695209024,-2.86116551034538,-1.43193106783801,0.670902249620295,-1.71789394394478,-1.53502899332308,-2.20255283952766,-1.97917166840915,-1.55536027505295,-1.40167634748495,-1.31607321539641,-1.3156837830508,-1.25070282048387
"vanuatu","vut",NA,NA,NA,NA,NA,NA,NA,NA,NA,NA,NA,NA,NA,NA,NA,NA,NA,NA,NA,NA,NA,NA,NA,NA,NA,NA,NA,NA,NA,NA,NA,NA,NA,NA,NA,-2.53786613729802,-2.10043005570867,-3.31674950834054,-1.34984364132117,-2.3381256277658,-1.60656597114192,-0.458604887547919,-6.00848079222195,-0.499116576443141,-5.67329413344746,-3.00682509954432,-3.28509192178739,-1.21874743798796,0.723146378716024,1.67855890039842,0.439229910931811,0.249339118456144,-0.0389614946076614,-0.764431168731453,-2.37589075481048,-1.98172949220643,-1.53665663536042,-0.215748012202443,1.26310925782715,-8.1330814511144,-0.637543501261996,-1.05769763056946,5.53139397130446,2.48008933116574,-1.74054417828057,2.0682080152353,-5.95684268167861,-0.778693133622405,-2.45747425179898,-3.88261812446546,-4.19952657468377,-3.96599747813336,-3.87991492632074,-3.81827611875256,-3.70525309951622,-3.76163155616686
"samoa","wsm",NA,NA,NA,NA,NA,NA,NA,NA,NA,NA,NA,NA,NA,NA,NA,NA,NA,NA,NA,NA,NA,NA,NA,NA,NA,NA,NA,NA,NA,NA,NA,NA,NA,NA,NA,NA,-9.88647117727587,-13.1689317350351,-9.50510722388404,-5.82433606898595,1.2133025256398,1.92116301925583,1.63684433545684,0.273706648786255,-0.615865673807637,-1.95743303632029,-1.76953456398137,-0.511825802251479,-0.743014104495267,0.230993669510909,-0.443980794982148,0.545798569755868,-0.355701696924992,-2.98232715393518,-5.48640040107441,-5.24994452481249,-7.43018991489339,-3.81650560615688,-5.37618066055042,-3.78703313193625,-0.346326636350645,-1.97675107939461,0.0568952732354314,1.50702556109903,5.40790034611947,1.71250506236272,5.02760820701545,2.70124844008554,9.28848094537271,4.68071446842252,0.559257496427016,-0.403949195256011,-1.28559720481432,-1.45625339817434,-1.5370955365981,-1.54420424297173
"yemen, republic of","yem",NA,NA,NA,NA,NA,NA,NA,NA,NA,NA,NA,NA,NA,NA,NA,NA,NA,NA,NA,NA,NA,NA,NA,NA,NA,NA,NA,NA,NA,NA,NA,NA,NA,NA,NA,NA,NA,NA,NA,NA,NA,NA,NA,NA,NA,NA,NA,NA,NA,NA,NA,NA,NA,NA,NA,NA,NA,NA,NA,NA,NA,NA,-13.6329718684777,-9.069496412514,-8.37510869091155,-1.71588769972575,-4.09138093106001,-9.73277374837525,0.0961969521353301,-3.47700482801114,-1.23361781510382,-0.937771785207554,0.186663487942073,0.0760531293696346,0.0567322569148785,0.267110442110302
"south africa","zaf",NA,NA,NA,NA,NA,NA,NA,NA,NA,NA,NA,NA,NA,NA,NA,NA,NA,NA,NA,NA,NA,NA,NA,NA,NA,NA,NA,NA,NA,NA,NA,NA,NA,NA,NA,NA,NA,NA,NA,NA,NA,NA,NA,NA,-1.38277520692844,-1.01546363380248,-0.958147438473145,-1.58817328863586,-1.04393676317363,-0.10150669279951,0.813302749917622,1.21531521740327,-0.487939599150684,-4.66733342067955,-4.51415098615201,-3.70427488001273,-4.03947429295915,-3.90419573364211,-3.92633440597595,-4.37399297468192,-3.72499271283555,-4.01583408430778,-3.73226008615712,-5.07210314620991,-9.62138449829976,-5.54022969551339,-4.24985877791105,-5.59989408436182,-5.67088911282062,-5.78243744955065,-4.86829912477282,-4.33804926347948,-4.36178433226585,-4.08913543022774,-3.93245173052068,-3.91486887163679
"zambia","zmb",NA,NA,NA,NA,NA,NA,NA,NA,NA,NA,NA,NA,NA,NA,NA,NA,NA,NA,NA,NA,NA,NA,NA,NA,NA,NA,NA,NA,NA,NA,NA,NA,NA,NA,NA,NA,NA,NA,NA,NA,NA,NA,NA,NA,1.1606101627813,-5.89218639080171,-4.49890465927102,-5.31429471949678,-2.50844064789031,-2.37206441394218,16.912745789488,-1.03685022191259,-0.667891772291779,-2.05712533909171,-2.43220823305057,-1.78343791142272,-3.15741853246133,-6.39529848975135,-5.43297852045508,-8.8775622847197,-5.69086334711063,-7.49881418585265,-8.30866339876011,-9.40715613879172,-13.7621338771291,-8.13493724606185,-7.8207457906533,-5.47854610116006,-3.45521449952123,-3.83434176557426,-4.86748873877022,-4.41637198425162,-3.11703078869168,-1.87970988200355,-1.51061373842132,-1.96260482769434
"zimbabwe","zwe",NA,NA,NA,NA,NA,NA,NA,NA,NA,NA,NA,NA,NA,NA,NA,NA,NA,NA,NA,NA,NA,NA,NA,NA,NA,NA,NA,NA,NA,NA,NA,NA,NA,NA,NA,NA,NA,NA,NA,NA,NA,NA,NA,NA,NA,NA,NA,NA,NA,-3.57846085947156,-1.46328593444561,-1.71240308493641,-1.22445931838204,-1.47881731546014,-0.397426835437987,-1.97766810112644,-0.352225462413192,-1.21090725766811,-0.872235180119386,-1.60601118525815,-4.99322848819204,-8.67613834124207,-4.55145350065105,-0.0556064669042127,0.530906828997924,-1.82753906375203,-0.999621250637633,-9.45134171428403,-0.755904956133405,0.0818116740324344,-0.752845110413007,-0.867153294644439,-0.901210914814971,-0.893649770156651,-0.905237950045384,-0.910777656534927
