"ccode","year","revstate","fatality","hostlev"
"aab",1816,0,0,0
"aab",1817,0,0,0
"aab",1818,0,0,0
"aab",1819,0,0,0
"aab",1820,0,0,0
"aab",1821,0,0,0
"aab",1822,0,0,0
"aab",1823,0,0,0
"aab",1824,0,0,0
"aab",1825,0,0,0
"aab",1826,0,0,0
"aab",1827,0,0,0
"aab",1828,0,0,0
"aab",1829,0,0,0
"aab",1830,0,0,0
"aab",1831,0,0,0
"aab",1832,0,0,0
"aab",1833,0,0,0
"aab",1834,0,0,0
"aab",1835,0,0,0
"aab",1836,0,0,0
"aab",1837,0,0,0
"aab",1838,0,0,0
"aab",1839,0,0,0
"aab",1840,0,0,0
"aab",1841,0,0,0
"aab",1842,0,0,0
"aab",1843,0,0,0
"aab",1844,0,0,0
"aab",1845,0,0,0
"aab",1846,0,0,0
"aab",1847,0,0,0
"aab",1848,0,0,0
"aab",1849,0,0,0
"aab",1850,0,0,0
"aab",1851,0,0,0
"aab",1852,0,0,0
"aab",1853,0,0,0
"aab",1854,0,0,0
"aab",1855,0,0,0
"aab",1856,0,0,0
"aab",1857,0,0,0
"aab",1858,0,0,0
"aab",1859,0,0,0
"aab",1860,0,0,0
"aab",1861,0,0,0
"aab",1862,0,0,0
"aab",1863,0,0,0
"aab",1864,0,0,0
"aab",1865,0,0,0
"aab",1866,0,0,0
"aab",1867,0,0,0
"aab",1868,0,0,0
"aab",1869,0,0,0
"aab",1870,0,0,0
"aab",1871,0,0,0
"aab",1872,0,0,0
"aab",1873,0,0,0
"aab",1874,0,0,0
"aab",1875,0,0,0
"aab",1876,0,0,0
"aab",1877,0,0,0
"aab",1878,0,0,0
"aab",1879,0,0,0
"aab",1880,0,0,0
"aab",1881,0,0,0
"aab",1882,0,0,0
"aab",1883,0,0,0
"aab",1884,0,0,0
"aab",1885,0,0,0
"aab",1886,0,0,0
"aab",1887,0,0,0
"aab",1888,0,0,0
"aab",1889,0,0,0
"aab",1890,0,0,0
"aab",1891,0,0,0
"aab",1892,0,0,0
"aab",1893,0,0,0
"aab",1894,0,0,0
"aab",1895,0,0,0
"aab",1896,0,0,0
"aab",1897,0,0,0
"aab",1898,0,0,0
"aab",1899,0,0,0
"aab",1900,0,0,0
"aab",1901,0,0,0
"aab",1902,0,0,0
"aab",1903,0,0,0
"aab",1904,0,0,0
"aab",1905,0,0,0
"aab",1906,0,0,0
"aab",1907,0,0,0
"aab",1908,0,0,0
"aab",1909,0,0,0
"aab",1910,0,0,0
"aab",1911,0,0,0
"aab",1912,0,0,0
"aab",1913,0,0,0
"aab",1914,0,0,0
"aab",1915,0,0,0
"aab",1916,0,0,0
"aab",1917,0,0,0
"aab",1918,0,0,0
"aab",1919,0,0,0
"aab",1920,0,0,0
"aab",1921,0,0,0
"aab",1922,0,0,0
"aab",1923,0,0,0
"aab",1924,0,0,0
"aab",1925,0,0,0
"aab",1926,0,0,0
"aab",1927,0,0,0
"aab",1928,0,0,0
"aab",1929,0,0,0
"aab",1930,0,0,0
"aab",1931,0,0,0
"aab",1932,0,0,0
"aab",1933,0,0,0
"aab",1934,0,0,0
"aab",1935,0,0,0
"aab",1936,0,0,0
"aab",1937,0,0,0
"aab",1938,0,0,0
"aab",1939,0,0,0
"aab",1940,0,0,0
"aab",1941,0,0,0
"aab",1942,0,0,0
"aab",1943,0,0,0
"aab",1944,0,0,0
"aab",1945,0,0,0
"aab",1946,0,0,0
"aab",1947,0,0,0
"aab",1948,0,0,0
"aab",1949,0,0,0
"aab",1950,0,0,0
"aab",1951,0,0,0
"aab",1952,0,0,0
"aab",1953,0,0,0
"aab",1954,0,0,0
"aab",1955,0,0,0
"aab",1956,0,0,0
"aab",1957,0,0,0
"aab",1958,0,0,0
"aab",1959,0,0,0
"aab",1960,0,0,0
"aab",1961,0,0,0
"aab",1962,0,0,0
"aab",1963,0,0,0
"aab",1964,0,0,0
"aab",1965,0,0,0
"aab",1966,0,0,0
"aab",1967,0,0,0
"aab",1968,0,0,0
"aab",1969,0,0,0
"aab",1970,0,0,0
"aab",1971,0,0,0
"aab",1972,0,0,0
"aab",1973,0,0,0
"aab",1974,0,0,0
"aab",1975,0,0,0
"aab",1976,0,0,0
"aab",1977,0,0,0
"aab",1978,0,0,0
"aab",1979,0,0,0
"aab",1980,0,0,0
"aab",1981,0,0,0
"aab",1982,0,0,0
"aab",1983,0,0,4
"aab",1984,0,0,0
"aab",1985,0,0,0
"aab",1986,0,0,0
"aab",1987,0,0,0
"aab",1988,0,0,0
"aab",1989,0,0,0
"aab",1990,0,0,0
"aab",1991,0,0,0
"aab",1992,0,0,0
"aab",1993,0,0,0
"aab",1994,0,0,0
"aab",1995,0,0,0
"aab",1996,0,0,0
"aab",1997,0,0,0
"aab",1998,0,0,0
"aab",1999,0,0,0
"aab",2000,0,0,0
"aab",2001,0,0,0
"aab",2002,0,0,0
"aab",2003,0,0,0
"aab",2004,0,0,0
"aab",2005,0,0,0
"aab",2006,0,0,0
"aab",2007,0,0,0
"aab",2008,0,0,0
"aab",2009,0,0,0
"aab",2010,0,0,0
"aab",2011,0,0,0
"aab",2012,0,0,0
"aab",2013,0,0,0
"aab",2014,0,0,0
"afg",1816,0,0,0
"afg",1817,0,0,0
"afg",1818,0,0,0
"afg",1819,0,0,0
"afg",1820,0,0,0
"afg",1821,0,0,0
"afg",1822,0,0,0
"afg",1823,0,0,0
"afg",1824,0,0,0
"afg",1825,0,0,0
"afg",1826,0,0,0
"afg",1827,0,0,0
"afg",1828,0,0,0
"afg",1829,0,0,0
"afg",1830,0,0,0
"afg",1831,0,0,0
"afg",1832,0,0,0
"afg",1833,0,0,0
"afg",1834,0,0,0
"afg",1835,0,0,0
"afg",1836,0,0,0
"afg",1837,0,0,0
"afg",1838,0,0,0
"afg",1839,0,0,0
"afg",1840,0,0,0
"afg",1841,0,0,0
"afg",1842,0,0,0
"afg",1843,0,0,0
"afg",1844,0,0,0
"afg",1845,0,0,0
"afg",1846,0,0,0
"afg",1847,0,0,0
"afg",1848,0,0,0
"afg",1849,0,0,0
"afg",1850,0,0,0
"afg",1851,0,0,0
"afg",1852,0,0,0
"afg",1853,0,0,0
"afg",1854,0,0,0
"afg",1855,0,0,0
"afg",1856,0,0,0
"afg",1857,0,0,0
"afg",1858,0,0,0
"afg",1859,0,0,0
"afg",1860,0,0,0
"afg",1861,0,0,0
"afg",1862,0,0,0
"afg",1863,0,0,0
"afg",1864,0,0,0
"afg",1865,0,0,0
"afg",1866,0,0,0
"afg",1867,0,0,0
"afg",1868,0,0,0
"afg",1869,0,0,0
"afg",1870,0,0,0
"afg",1871,0,0,0
"afg",1872,0,0,0
"afg",1873,0,0,0
"afg",1874,0,0,0
"afg",1875,0,0,0
"afg",1876,0,0,0
"afg",1877,0,0,0
"afg",1878,0,0,0
"afg",1879,0,0,0
"afg",1880,0,0,0
"afg",1881,0,0,0
"afg",1882,0,0,0
"afg",1883,0,0,0
"afg",1884,0,0,0
"afg",1885,0,0,0
"afg",1886,0,0,0
"afg",1887,0,0,0
"afg",1888,0,0,0
"afg",1889,0,0,0
"afg",1890,0,0,0
"afg",1891,0,0,0
"afg",1892,0,0,0
"afg",1893,0,0,0
"afg",1894,0,0,0
"afg",1895,0,0,0
"afg",1896,0,0,0
"afg",1897,0,0,0
"afg",1898,0,0,0
"afg",1899,0,0,0
"afg",1900,0,0,0
"afg",1901,0,0,0
"afg",1902,0,0,0
"afg",1903,0,0,0
"afg",1904,0,0,0
"afg",1905,0,0,0
"afg",1906,0,0,0
"afg",1907,0,0,0
"afg",1908,0,0,0
"afg",1909,0,0,0
"afg",1910,0,0,0
"afg",1911,0,0,0
"afg",1912,0,0,0
"afg",1913,0,0,0
"afg",1914,0,0,0
"afg",1915,0,0,0
"afg",1916,0,0,0
"afg",1917,0,0,0
"afg",1918,0,0,0
"afg",1919,0,0,0
"afg",1920,0,0,0
"afg",1921,0,0,0
"afg",1922,1,0,3
"afg",1923,0,0,0
"afg",1924,0,0,0
"afg",1925,0,0,0
"afg",1926,0,0,0
"afg",1927,0,0,0
"afg",1928,0,0,0
"afg",1929,0,0,0
"afg",1930,0,0,0
"afg",1931,0,0,0
"afg",1932,0,0,0
"afg",1933,0,0,0
"afg",1934,0,0,4
"afg",1935,0,0,0
"afg",1936,0,0,0
"afg",1937,0,0,0
"afg",1938,0,0,0
"afg",1939,1,0,3
"afg",1940,1,0,3
"afg",1941,0,0,0
"afg",1942,0,0,0
"afg",1943,0,0,0
"afg",1944,0,0,0
"afg",1945,0,0,0
"afg",1946,0,0,0
"afg",1947,0,0,0
"afg",1948,0,0,0
"afg",1949,1,0,4
"afg",1950,1,2,4
"afg",1951,1,0,4
"afg",1952,0,0,0
"afg",1953,0,0,0
"afg",1954,0,0,0
"afg",1955,1,0,3
"afg",1956,0,0,0
"afg",1957,0,0,0
"afg",1958,0,0,0
"afg",1959,0,0,0
"afg",1960,1,0,4
"afg",1961,1,2,4
"afg",1962,0,0,0
"afg",1963,0,0,0
"afg",1964,0,0,0
"afg",1965,0,0,0
"afg",1966,0,0,0
"afg",1967,0,0,0
"afg",1968,0,0,0
"afg",1969,0,0,0
"afg",1970,0,0,0
"afg",1971,0,0,0
"afg",1972,0,0,0
"afg",1973,0,0,0
"afg",1974,0,0,0
"afg",1975,0,0,0
"afg",1976,0,0,0
"afg",1977,0,0,0
"afg",1978,0,0,0
"afg",1979,0,0,0
"afg",1980,0,0,3
"afg",1981,0,0,0
"afg",1982,0,0,0
"afg",1983,0,0,1
"afg",1984,0,0,0
"afg",1985,0,0,0
"afg",1986,0,0,0
"afg",1987,0,0,0
"afg",1988,0,0,0
"afg",1989,1,0,4
"afg",1990,0,0,0
"afg",1991,0,0,0
"afg",1992,0,0,0
"afg",1993,1,1,4
"afg",1994,1,0.5,2.5
"afg",1995,0.5,0,1
"afg",1996,0,0,0
"afg",1997,1,0,1
"afg",1998,0.5,1,1
"afg",1999,1,1,4
"afg",2000,1,1,4
"afg",2001,0.5,3.5,4
"afg",2002,1,1,4
"afg",2003,1,1,4
"afg",2004,1,1,4
"afg",2005,1,1,4
"afg",2006,0.5,0.5,4
"afg",2007,0,1,4
"afg",2008,0.5,0.5,4
"afg",2009,0.5,0.5,4
"afg",2010,0,0,4
"afg",2011,1,0,4
"afg",2012,1,0,4
"afg",2013,0,1,1
"afg",2014,0.25,0,1.75
"alb",1816,0,0,0
"alb",1817,0,0,0
"alb",1818,0,0,0
"alb",1819,0,0,0
"alb",1820,0,0,0
"alb",1821,0,0,0
"alb",1822,0,0,0
"alb",1823,0,0,0
"alb",1824,0,0,0
"alb",1825,0,0,0
"alb",1826,0,0,0
"alb",1827,0,0,0
"alb",1828,0,0,0
"alb",1829,0,0,0
"alb",1830,0,0,0
"alb",1831,0,0,0
"alb",1832,0,0,0
"alb",1833,0,0,0
"alb",1834,0,0,0
"alb",1835,0,0,0
"alb",1836,0,0,0
"alb",1837,0,0,0
"alb",1838,0,0,0
"alb",1839,0,0,0
"alb",1840,0,0,0
"alb",1841,0,0,0
"alb",1842,0,0,0
"alb",1843,0,0,0
"alb",1844,0,0,0
"alb",1845,0,0,0
"alb",1846,0,0,0
"alb",1847,0,0,0
"alb",1848,0,0,0
"alb",1849,0,0,0
"alb",1850,0,0,0
"alb",1851,0,0,0
"alb",1852,0,0,0
"alb",1853,0,0,0
"alb",1854,0,0,0
"alb",1855,0,0,0
"alb",1856,0,0,0
"alb",1857,0,0,0
"alb",1858,0,0,0
"alb",1859,0,0,0
"alb",1860,0,0,0
"alb",1861,0,0,0
"alb",1862,0,0,0
"alb",1863,0,0,0
"alb",1864,0,0,0
"alb",1865,0,0,0
"alb",1866,0,0,0
"alb",1867,0,0,0
"alb",1868,0,0,0
"alb",1869,0,0,0
"alb",1870,0,0,0
"alb",1871,0,0,0
"alb",1872,0,0,0
"alb",1873,0,0,0
"alb",1874,0,0,0
"alb",1875,0,0,0
"alb",1876,0,0,0
"alb",1877,0,0,0
"alb",1878,0,0,0
"alb",1879,0,0,0
"alb",1880,0,0,0
"alb",1881,0,0,0
"alb",1882,0,0,0
"alb",1883,0,0,0
"alb",1884,0,0,0
"alb",1885,0,0,0
"alb",1886,0,0,0
"alb",1887,0,0,0
"alb",1888,0,0,0
"alb",1889,0,0,0
"alb",1890,0,0,0
"alb",1891,0,0,0
"alb",1892,0,0,0
"alb",1893,0,0,0
"alb",1894,0,0,0
"alb",1895,0,0,0
"alb",1896,0,0,0
"alb",1897,0,0,0
"alb",1898,0,0,0
"alb",1899,0,0,0
"alb",1900,0,0,0
"alb",1901,0,0,0
"alb",1902,0,0,0
"alb",1903,0,0,0
"alb",1904,0,0,0
"alb",1905,0,0,0
"alb",1906,0,0,0
"alb",1907,0,0,0
"alb",1908,0,0,0
"alb",1909,0,0,0
"alb",1910,0,0,0
"alb",1911,0,0,0
"alb",1912,0,0,0
"alb",1913,0,0,0
"alb",1914,0,0,0
"alb",1915,0,0,0
"alb",1916,0,0,4
"alb",1917,0,0,4
"alb",1918,0,0,2.5
"alb",1919,0,0,0
"alb",1920,1,0,1
"alb",1921,0,0,0
"alb",1922,0,0,0
"alb",1923,0,0,0
"alb",1924,0,0,0
"alb",1925,0,0,0
"alb",1926,0,0,0
"alb",1927,0,0,0
"alb",1928,0,0,0
"alb",1929,0,0,0
"alb",1930,0,0,0
"alb",1931,0,0,0
"alb",1932,0,0,0
"alb",1933,0,0,0
"alb",1934,0,0,0
"alb",1935,0,0,0
"alb",1936,0,0,0
"alb",1937,0,0,0
"alb",1938,0,0,0
"alb",1939,0,0,0
"alb",1940,0,0,0
"alb",1941,0,0,0
"alb",1942,0,0,0
"alb",1943,0,0,0
"alb",1944,0,0,0
"alb",1945,0,0,0
"alb",1946,0,0,4
"alb",1947,0,0,0
"alb",1948,0,1,4
"alb",1949,0,1.5,4
"alb",1950,0,0,0
"alb",1951,0,0,0
"alb",1952,0,0,2.5
"alb",1953,0,0,0
"alb",1954,0,0,0
"alb",1955,1,0,4
"alb",1956,0,0,0
"alb",1957,0,0,0
"alb",1958,1,0,4
"alb",1959,0,0,0
"alb",1960,0,0,0
"alb",1961,0,0,0
"alb",1962,0,0,0
"alb",1963,0,0,0
"alb",1964,0,0,0
"alb",1965,0,0,0
"alb",1966,0,0,0
"alb",1967,0,0,0
"alb",1968,0,0,0
"alb",1969,0,0,0
"alb",1970,0,0,0
"alb",1971,0,0,0
"alb",1972,0,0,0
"alb",1973,0,0,0
"alb",1974,0,0,0
"alb",1975,0,0,0
"alb",1976,0,0,1
"alb",1977,0,0,0
"alb",1978,0,0,0
"alb",1979,0,0,0
"alb",1980,0,0,0
"alb",1981,0,0,0
"alb",1982,0,0,0
"alb",1983,0,0,0
"alb",1984,0,0,0
"alb",1985,0,0,0
"alb",1986,0,0,0
"alb",1987,0,0,0
"alb",1988,0,0,0
"alb",1989,0,0,0
"alb",1990,0,0,0
"alb",1991,0,0,0
"alb",1992,1,0,3
"alb",1993,1,1,4
"alb",1994,0.5,1,4
"alb",1995,0,0,1
"alb",1996,0,0,0
"alb",1997,0,0,2
"alb",1998,1,1,4
"alb",1999,1,1,4
"alb",2000,0,0,3
"alb",2001,0,0,3
"alb",2002,0,0,1
"alb",2003,0,0,0
"alb",2004,0,0,0
"alb",2005,0,0,0
"alb",2006,0,0,0
"alb",2007,0,0,0
"alb",2008,0,0,0
"alb",2009,0,0,0
"alb",2010,0,0,0
"alb",2011,1,0,2
"alb",2012,0,0,0
"alb",2013,0,0,0
"alb",2014,0,0,0
"alg",1816,0,0,0
"alg",1817,0,0,0
"alg",1818,0,0,0
"alg",1819,0,0,0
"alg",1820,0,0,0
"alg",1821,0,0,0
"alg",1822,0,0,0
"alg",1823,0,0,0
"alg",1824,0,0,0
"alg",1825,0,0,0
"alg",1826,0,0,0
"alg",1827,0,0,0
"alg",1828,0,0,0
"alg",1829,0,0,0
"alg",1830,0,0,0
"alg",1831,0,0,0
"alg",1832,0,0,0
"alg",1833,0,0,0
"alg",1834,0,0,0
"alg",1835,0,0,0
"alg",1836,0,0,0
"alg",1837,0,0,0
"alg",1838,0,0,0
"alg",1839,0,0,0
"alg",1840,0,0,0
"alg",1841,0,0,0
"alg",1842,0,0,0
"alg",1843,0,0,0
"alg",1844,0,0,0
"alg",1845,0,0,0
"alg",1846,0,0,0
"alg",1847,0,0,0
"alg",1848,0,0,0
"alg",1849,0,0,0
"alg",1850,0,0,0
"alg",1851,0,0,0
"alg",1852,0,0,0
"alg",1853,0,0,0
"alg",1854,0,0,0
"alg",1855,0,0,0
"alg",1856,0,0,0
"alg",1857,0,0,0
"alg",1858,0,0,0
"alg",1859,0,0,0
"alg",1860,0,0,0
"alg",1861,0,0,0
"alg",1862,0,0,0
"alg",1863,0,0,0
"alg",1864,0,0,0
"alg",1865,0,0,0
"alg",1866,0,0,0
"alg",1867,0,0,0
"alg",1868,0,0,0
"alg",1869,0,0,0
"alg",1870,0,0,0
"alg",1871,0,0,0
"alg",1872,0,0,0
"alg",1873,0,0,0
"alg",1874,0,0,0
"alg",1875,0,0,0
"alg",1876,0,0,0
"alg",1877,0,0,0
"alg",1878,0,0,0
"alg",1879,0,0,0
"alg",1880,0,0,0
"alg",1881,0,0,0
"alg",1882,0,0,0
"alg",1883,0,0,0
"alg",1884,0,0,0
"alg",1885,0,0,0
"alg",1886,0,0,0
"alg",1887,0,0,0
"alg",1888,0,0,0
"alg",1889,0,0,0
"alg",1890,0,0,0
"alg",1891,0,0,0
"alg",1892,0,0,0
"alg",1893,0,0,0
"alg",1894,0,0,0
"alg",1895,0,0,0
"alg",1896,0,0,0
"alg",1897,0,0,0
"alg",1898,0,0,0
"alg",1899,0,0,0
"alg",1900,0,0,0
"alg",1901,0,0,0
"alg",1902,0,0,0
"alg",1903,0,0,0
"alg",1904,0,0,0
"alg",1905,0,0,0
"alg",1906,0,0,0
"alg",1907,0,0,0
"alg",1908,0,0,0
"alg",1909,0,0,0
"alg",1910,0,0,0
"alg",1911,0,0,0
"alg",1912,0,0,0
"alg",1913,0,0,0
"alg",1914,0,0,0
"alg",1915,0,0,0
"alg",1916,0,0,0
"alg",1917,0,0,0
"alg",1918,0,0,0
"alg",1919,0,0,0
"alg",1920,0,0,0
"alg",1921,0,0,0
"alg",1922,0,0,0
"alg",1923,0,0,0
"alg",1924,0,0,0
"alg",1925,0,0,0
"alg",1926,0,0,0
"alg",1927,0,0,0
"alg",1928,0,0,0
"alg",1929,0,0,0
"alg",1930,0,0,0
"alg",1931,0,0,0
"alg",1932,0,0,0
"alg",1933,0,0,0
"alg",1934,0,0,0
"alg",1935,0,0,0
"alg",1936,0,0,0
"alg",1937,0,0,0
"alg",1938,0,0,0
"alg",1939,0,0,0
"alg",1940,0,0,0
"alg",1941,0,0,0
"alg",1942,0,0,0
"alg",1943,0,0,0
"alg",1944,0,0,0
"alg",1945,0,0,0
"alg",1946,0,0,0
"alg",1947,0,0,0
"alg",1948,0,0,0
"alg",1949,0,0,0
"alg",1950,0,0,0
"alg",1951,0,0,0
"alg",1952,0,0,0
"alg",1953,0,0,0
"alg",1954,0,0,0
"alg",1955,0,0,0
"alg",1956,0,0,0
"alg",1957,0,0,0
"alg",1958,0,0,0
"alg",1959,0,0,0
"alg",1960,0,0,0
"alg",1961,0,0,0
"alg",1962,0,2,4
"alg",1963,0,3,4
"alg",1964,0,0,0
"alg",1965,0,0,0
"alg",1966,0,0,0
"alg",1967,0,0,0
"alg",1968,1,0,4
"alg",1969,0,0,0
"alg",1970,0,0,1
"alg",1971,0,0,0
"alg",1972,0,0,0
"alg",1973,0,0,0
"alg",1974,0,0,0
"alg",1975,1,0,2
"alg",1976,0,0,0
"alg",1977,0,0,0
"alg",1978,0,0,0
"alg",1979,0,0,0
"alg",1980,0,0,1
"alg",1981,0,0,0
"alg",1982,0,0,0
"alg",1983,0,0,0
"alg",1984,0,0,4
"alg",1985,0,0,0
"alg",1986,0,0,0
"alg",1987,0,0,0
"alg",1988,0,0,0
"alg",1989,0,0,0
"alg",1990,0,0,0
"alg",1991,0,0,0
"alg",1992,0,0,0
"alg",1993,0,0,0
"alg",1994,0,0,0
"alg",1995,0,0,0
"alg",1996,0,0,0
"alg",1997,0,0,0
"alg",1998,0,0,0
"alg",1999,0,0,0
"alg",2000,0,0,0
"alg",2001,0,0,0
"alg",2002,0,0,0
"alg",2003,0,0,3
"alg",2004,0,0,0
"alg",2005,0,0,0
"alg",2006,0,0,0
"alg",2007,0,0,0
"alg",2008,0,0,0
"alg",2009,0,0,0
"alg",2010,0,0,0
"alg",2011,0,0,0
"alg",2012,0,0,0
"alg",2013,0,0,0
"alg",2014,0,0,0
"ang",1816,0,0,0
"ang",1817,0,0,0
"ang",1818,0,0,0
"ang",1819,0,0,0
"ang",1820,0,0,0
"ang",1821,0,0,0
"ang",1822,0,0,0
"ang",1823,0,0,0
"ang",1824,0,0,0
"ang",1825,0,0,0
"ang",1826,0,0,0
"ang",1827,0,0,0
"ang",1828,0,0,0
"ang",1829,0,0,0
"ang",1830,0,0,0
"ang",1831,0,0,0
"ang",1832,0,0,0
"ang",1833,0,0,0
"ang",1834,0,0,0
"ang",1835,0,0,0
"ang",1836,0,0,0
"ang",1837,0,0,0
"ang",1838,0,0,0
"ang",1839,0,0,0
"ang",1840,0,0,0
"ang",1841,0,0,0
"ang",1842,0,0,0
"ang",1843,0,0,0
"ang",1844,0,0,0
"ang",1845,0,0,0
"ang",1846,0,0,0
"ang",1847,0,0,0
"ang",1848,0,0,0
"ang",1849,0,0,0
"ang",1850,0,0,0
"ang",1851,0,0,0
"ang",1852,0,0,0
"ang",1853,0,0,0
"ang",1854,0,0,0
"ang",1855,0,0,0
"ang",1856,0,0,0
"ang",1857,0,0,0
"ang",1858,0,0,0
"ang",1859,0,0,0
"ang",1860,0,0,0
"ang",1861,0,0,0
"ang",1862,0,0,0
"ang",1863,0,0,0
"ang",1864,0,0,0
"ang",1865,0,0,0
"ang",1866,0,0,0
"ang",1867,0,0,0
"ang",1868,0,0,0
"ang",1869,0,0,0
"ang",1870,0,0,0
"ang",1871,0,0,0
"ang",1872,0,0,0
"ang",1873,0,0,0
"ang",1874,0,0,0
"ang",1875,0,0,0
"ang",1876,0,0,0
"ang",1877,0,0,0
"ang",1878,0,0,0
"ang",1879,0,0,0
"ang",1880,0,0,0
"ang",1881,0,0,0
"ang",1882,0,0,0
"ang",1883,0,0,0
"ang",1884,0,0,0
"ang",1885,0,0,0
"ang",1886,0,0,0
"ang",1887,0,0,0
"ang",1888,0,0,0
"ang",1889,0,0,0
"ang",1890,0,0,0
"ang",1891,0,0,0
"ang",1892,0,0,0
"ang",1893,0,0,0
"ang",1894,0,0,0
"ang",1895,0,0,0
"ang",1896,0,0,0
"ang",1897,0,0,0
"ang",1898,0,0,0
"ang",1899,0,0,0
"ang",1900,0,0,0
"ang",1901,0,0,0
"ang",1902,0,0,0
"ang",1903,0,0,0
"ang",1904,0,0,0
"ang",1905,0,0,0
"ang",1906,0,0,0
"ang",1907,0,0,0
"ang",1908,0,0,0
"ang",1909,0,0,0
"ang",1910,0,0,0
"ang",1911,0,0,0
"ang",1912,0,0,0
"ang",1913,0,0,0
"ang",1914,0,0,0
"ang",1915,0,0,0
"ang",1916,0,0,0
"ang",1917,0,0,0
"ang",1918,0,0,0
"ang",1919,0,0,0
"ang",1920,0,0,0
"ang",1921,0,0,0
"ang",1922,0,0,0
"ang",1923,0,0,0
"ang",1924,0,0,0
"ang",1925,0,0,0
"ang",1926,0,0,0
"ang",1927,0,0,0
"ang",1928,0,0,0
"ang",1929,0,0,0
"ang",1930,0,0,0
"ang",1931,0,0,0
"ang",1932,0,0,0
"ang",1933,0,0,0
"ang",1934,0,0,0
"ang",1935,0,0,0
"ang",1936,0,0,0
"ang",1937,0,0,0
"ang",1938,0,0,0
"ang",1939,0,0,0
"ang",1940,0,0,0
"ang",1941,0,0,0
"ang",1942,0,0,0
"ang",1943,0,0,0
"ang",1944,0,0,0
"ang",1945,0,0,0
"ang",1946,0,0,0
"ang",1947,0,0,0
"ang",1948,0,0,0
"ang",1949,0,0,0
"ang",1950,0,0,0
"ang",1951,0,0,0
"ang",1952,0,0,0
"ang",1953,0,0,0
"ang",1954,0,0,0
"ang",1955,0,0,0
"ang",1956,0,0,0
"ang",1957,0,0,0
"ang",1958,0,0,0
"ang",1959,0,0,0
"ang",1960,0,0,0
"ang",1961,0,0,0
"ang",1962,0,0,0
"ang",1963,0,0,0
"ang",1964,0,0,0
"ang",1965,0,0,0
"ang",1966,0,0,0
"ang",1967,0,0,0
"ang",1968,0,0,0
"ang",1969,0,0,0
"ang",1970,0,0,0
"ang",1971,0,0,0
"ang",1972,0,0,0
"ang",1973,0,0,0
"ang",1974,0,0,0
"ang",1975,0,0,0
"ang",1976,0,0,0
"ang",1977,0,3,4
"ang",1978,0,0,2.5
"ang",1979,0,0,1
"ang",1980,0,0,0
"ang",1981,0,0,0
"ang",1982,0,0,0
"ang",1983,0,0,0
"ang",1984,0,0,0
"ang",1985,0,0,0
"ang",1986,0,0,0
"ang",1987,0,0,0
"ang",1988,0,0,0
"ang",1989,0,0,0
"ang",1990,0,0,0
"ang",1991,0,0,0
"ang",1992,0,0,0
"ang",1993,0,0,0
"ang",1994,0,0,1
"ang",1995,0,1,4
"ang",1996,0,0,0
"ang",1997,1,0,3
"ang",1998,0,0,0
"ang",1999,0,0,0
"ang",2000,0,0,0
"ang",2001,1,1,4
"ang",2002,0,0,4
"ang",2003,0,0,0
"ang",2004,0,0,0
"ang",2005,0,0,3
"ang",2006,0,0,0
"ang",2007,0,0,0
"ang",2008,0,0,0
"ang",2009,0,0,4
"ang",2010,0,0,0
"ang",2011,0,0,0
"ang",2012,0,0,0
"ang",2013,1,0,4
"ang",2014,0,0,0
"arg",1816,0,0,0
"arg",1817,0,0,0
"arg",1818,0,0,0
"arg",1819,0,0,0
"arg",1820,0,0,0
"arg",1821,0,0,0
"arg",1822,0,0,0
"arg",1823,0,0,0
"arg",1824,0,0,0
"arg",1825,0,0,0
"arg",1826,0,0,0
"arg",1827,0,0,0
"arg",1828,0,0,0
"arg",1829,0,0,0
"arg",1830,0,0,0
"arg",1831,0,0,0
"arg",1832,0,0,0
"arg",1833,0,0,0
"arg",1834,0,0,0
"arg",1835,0,0,0
"arg",1836,0,0,0
"arg",1837,0,0,0
"arg",1838,0,0,0
"arg",1839,0,0,0
"arg",1840,0,0,0
"arg",1841,0,0,0
"arg",1842,0,0,1
"arg",1843,0.5,0,1
"arg",1844,1,0,1
"arg",1845,0,0,0
"arg",1846,0,0,4
"arg",1847,0,0,0
"arg",1848,0,0,0
"arg",1849,0,0,0
"arg",1850,0,0,4
"arg",1851,0.5,2.5,4.5
"arg",1852,1,5,5
"arg",1853,0,0,0
"arg",1854,0,0,0
"arg",1855,0,0,0
"arg",1856,0,0,0
"arg",1857,0,0,0
"arg",1858,0,0,0
"arg",1859,0,0,0
"arg",1860,0,0,0
"arg",1861,0,0,0
"arg",1862,0,0,0
"arg",1863,0,0,0
"arg",1864,0,0,0
"arg",1865,1,6,5
"arg",1866,1,3,3
"arg",1867,1,6,5
"arg",1868,1,6,5
"arg",1869,1,6,5
"arg",1870,1,6,5
"arg",1871,0,0,0
"arg",1872,1,0,3
"arg",1873,0,0,0
"arg",1874,0,0,1
"arg",1875,1,0,3
"arg",1876,1,0,3
"arg",1877,0,0,0
"arg",1878,1,0,3
"arg",1879,1,0,4
"arg",1880,0,0,4
"arg",1881,0,0,0
"arg",1882,0,0,0
"arg",1883,0,0,0
"arg",1884,0,0,0
"arg",1885,0,0,0
"arg",1886,0,0,0
"arg",1887,0,0,0
"arg",1888,0,0,0
"arg",1889,0,0,0
"arg",1890,0,0,0
"arg",1891,0,0,0
"arg",1892,0,0,0
"arg",1893,0,0,0
"arg",1894,0,0,0
"arg",1895,0,0,0
"arg",1896,0,0,0
"arg",1897,1,0,3
"arg",1898,1,0,3
"arg",1899,0,0,0
"arg",1900,0,0,0
"arg",1901,0,0,0
"arg",1902,0,0,0
"arg",1903,0,0,0
"arg",1904,0,0,0
"arg",1905,1,0,3
"arg",1906,0,0,0
"arg",1907,1,0,4
"arg",1908,0,0,0
"arg",1909,1,0,1
"arg",1910,0,0,0
"arg",1911,0,0,3
"arg",1912,0,0,3
"arg",1913,0,0,0
"arg",1914,0,0,1
"arg",1915,0,0,1
"arg",1916,0,0,1
"arg",1917,0,0,1
"arg",1918,0,0,0
"arg",1919,0,0,0
"arg",1920,0,0,0
"arg",1921,0,0,0
"arg",1922,0,0,0
"arg",1923,0,0,0
"arg",1924,0,0,0
"arg",1925,0,0,0
"arg",1926,0,0,0
"arg",1927,0,0,0
"arg",1928,0,0,0
"arg",1929,0,0,0
"arg",1930,0,0,0
"arg",1931,0,0,0
"arg",1932,0,0,0
"arg",1933,0,0,0
"arg",1934,0,0,0
"arg",1935,0,0,0
"arg",1936,0,0,0
"arg",1937,0,0,0
"arg",1938,0,0,0
"arg",1939,0,0,3.5
"arg",1940,0,0,1
"arg",1941,0,0,0
"arg",1942,0,0,1
"arg",1943,0,0,0
"arg",1944,0,0,0
"arg",1945,0,0,4
"arg",1946,0,0,0
"arg",1947,1,0,4
"arg",1948,1,0,3
"arg",1949,0,0,0
"arg",1950,0,0,0
"arg",1951,0,0,0
"arg",1952,1,0,4
"arg",1953,0,0,0
"arg",1954,0,0,0
"arg",1955,1,0,4
"arg",1956,0,0,0
"arg",1957,0,0,0
"arg",1958,1,0,3.5
"arg",1959,0.5,0.5,2.5
"arg",1960,1,0,3
"arg",1961,0,0,0
"arg",1962,0,1,4
"arg",1963,1,0,3
"arg",1964,1,0,4
"arg",1965,1,0,4
"arg",1966,0,0,0
"arg",1967,1,0,4
"arg",1968,1,0,4
"arg",1969,1,0,4
"arg",1970,0,0,0
"arg",1971,0,0,0
"arg",1972,0,0,0
"arg",1973,1,0,3
"arg",1974,0,0,0
"arg",1975,0,0,0
"arg",1976,1,0,4
"arg",1977,1,0,3.5
"arg",1978,1,0,3
"arg",1979,1,0,3
"arg",1980,1,0,4
"arg",1981,1,0,4
"arg",1982,1,1.66666666666667,3.33333333333333
"arg",1983,1,0,3
"arg",1984,1,0,4
"arg",1985,0,0,0
"arg",1986,1,0,4
"arg",1987,0,0,0
"arg",1988,0,0,0
"arg",1989,0,0,0
"arg",1990,0,0,3
"arg",1991,0,0,3
"arg",1992,0,0,0
"arg",1993,1,0,4
"arg",1994,1,0,4
"arg",1995,0,0,0
"arg",1996,0,0,0
"arg",1997,0,0,0
"arg",1998,0,0,0
"arg",1999,0,0,0
"arg",2000,0,0,2
"arg",2001,0,0,0
"arg",2002,1,0,4
"arg",2003,0,0,0
"arg",2004,0,0,0
"arg",2005,0,0,0
"arg",2006,0,0,0
"arg",2007,0,0,0
"arg",2008,0,0,0
"arg",2009,0,0,0
"arg",2010,0,0,0
"arg",2011,0,0,0
"arg",2012,0.5,0,1
"arg",2013,0,0,0
"arg",2014,0,0,0
"arm",1816,0,0,0
"arm",1817,0,0,0
"arm",1818,0,0,0
"arm",1819,0,0,0
"arm",1820,0,0,0
"arm",1821,0,0,0
"arm",1822,0,0,0
"arm",1823,0,0,0
"arm",1824,0,0,0
"arm",1825,0,0,0
"arm",1826,0,0,0
"arm",1827,0,0,0
"arm",1828,0,0,0
"arm",1829,0,0,0
"arm",1830,0,0,0
"arm",1831,0,0,0
"arm",1832,0,0,0
"arm",1833,0,0,0
"arm",1834,0,0,0
"arm",1835,0,0,0
"arm",1836,0,0,0
"arm",1837,0,0,0
"arm",1838,0,0,0
"arm",1839,0,0,0
"arm",1840,0,0,0
"arm",1841,0,0,0
"arm",1842,0,0,0
"arm",1843,0,0,0
"arm",1844,0,0,0
"arm",1845,0,0,0
"arm",1846,0,0,0
"arm",1847,0,0,0
"arm",1848,0,0,0
"arm",1849,0,0,0
"arm",1850,0,0,0
"arm",1851,0,0,0
"arm",1852,0,0,0
"arm",1853,0,0,0
"arm",1854,0,0,0
"arm",1855,0,0,0
"arm",1856,0,0,0
"arm",1857,0,0,0
"arm",1858,0,0,0
"arm",1859,0,0,0
"arm",1860,0,0,0
"arm",1861,0,0,0
"arm",1862,0,0,0
"arm",1863,0,0,0
"arm",1864,0,0,0
"arm",1865,0,0,0
"arm",1866,0,0,0
"arm",1867,0,0,0
"arm",1868,0,0,0
"arm",1869,0,0,0
"arm",1870,0,0,0
"arm",1871,0,0,0
"arm",1872,0,0,0
"arm",1873,0,0,0
"arm",1874,0,0,0
"arm",1875,0,0,0
"arm",1876,0,0,0
"arm",1877,0,0,0
"arm",1878,0,0,0
"arm",1879,0,0,0
"arm",1880,0,0,0
"arm",1881,0,0,0
"arm",1882,0,0,0
"arm",1883,0,0,0
"arm",1884,0,0,0
"arm",1885,0,0,0
"arm",1886,0,0,0
"arm",1887,0,0,0
"arm",1888,0,0,0
"arm",1889,0,0,0
"arm",1890,0,0,0
"arm",1891,0,0,0
"arm",1892,0,0,0
"arm",1893,0,0,0
"arm",1894,0,0,0
"arm",1895,0,0,0
"arm",1896,0,0,0
"arm",1897,0,0,0
"arm",1898,0,0,0
"arm",1899,0,0,0
"arm",1900,0,0,0
"arm",1901,0,0,0
"arm",1902,0,0,0
"arm",1903,0,0,0
"arm",1904,0,0,0
"arm",1905,0,0,0
"arm",1906,0,0,0
"arm",1907,0,0,0
"arm",1908,0,0,0
"arm",1909,0,0,0
"arm",1910,0,0,0
"arm",1911,0,0,0
"arm",1912,0,0,0
"arm",1913,0,0,0
"arm",1914,0,0,0
"arm",1915,0,0,0
"arm",1916,0,0,0
"arm",1917,0,0,0
"arm",1918,0,0,0
"arm",1919,0,0,0
"arm",1920,0,0,0
"arm",1921,0,0,0
"arm",1922,0,0,0
"arm",1923,0,0,0
"arm",1924,0,0,0
"arm",1925,0,0,0
"arm",1926,0,0,0
"arm",1927,0,0,0
"arm",1928,0,0,0
"arm",1929,0,0,0
"arm",1930,0,0,0
"arm",1931,0,0,0
"arm",1932,0,0,0
"arm",1933,0,0,0
"arm",1934,0,0,0
"arm",1935,0,0,0
"arm",1936,0,0,0
"arm",1937,0,0,0
"arm",1938,0,0,0
"arm",1939,0,0,0
"arm",1940,0,0,0
"arm",1941,0,0,0
"arm",1942,0,0,0
"arm",1943,0,0,0
"arm",1944,0,0,0
"arm",1945,0,0,0
"arm",1946,0,0,0
"arm",1947,0,0,0
"arm",1948,0,0,0
"arm",1949,0,0,0
"arm",1950,0,0,0
"arm",1951,0,0,0
"arm",1952,0,0,0
"arm",1953,0,0,0
"arm",1954,0,0,0
"arm",1955,0,0,0
"arm",1956,0,0,0
"arm",1957,0,0,0
"arm",1958,0,0,0
"arm",1959,0,0,0
"arm",1960,0,0,0
"arm",1961,0,0,0
"arm",1962,0,0,0
"arm",1963,0,0,0
"arm",1964,0,0,0
"arm",1965,0,0,0
"arm",1966,0,0,0
"arm",1967,0,0,0
"arm",1968,0,0,0
"arm",1969,0,0,0
"arm",1970,0,0,0
"arm",1971,0,0,0
"arm",1972,0,0,0
"arm",1973,0,0,0
"arm",1974,0,0,0
"arm",1975,0,0,0
"arm",1976,0,0,0
"arm",1977,0,0,0
"arm",1978,0,0,0
"arm",1979,0,0,0
"arm",1980,0,0,0
"arm",1981,0,0,0
"arm",1982,0,0,0
"arm",1983,0,0,0
"arm",1984,0,0,0
"arm",1985,0,0,0
"arm",1986,0,0,0
"arm",1987,0,0,0
"arm",1988,0,0,0
"arm",1989,0,0,0
"arm",1990,0,0,0
"arm",1991,0,0,0
"arm",1992,1,6,4
"arm",1993,1,6,4
"arm",1994,0.5,3,4
"arm",1995,1,6,4
"arm",1996,0,0,0
"arm",1997,0,0,0
"arm",1998,1,1,4
"arm",1999,1,1,4
"arm",2000,0.5,0,2.5
"arm",2001,0.5,0,2.5
"arm",2002,0,0,0
"arm",2003,0,0,0
"arm",2004,0,0,0
"arm",2005,0,0,0
"arm",2006,0,0,4
"arm",2007,0,0,0
"arm",2008,0,0,0
"arm",2009,0,0,0
"arm",2010,0,0,0
"arm",2011,0,0,0
"arm",2012,0,0,0
"arm",2013,0,0,0
"arm",2014,0,0,0
"auh",1816,0,0,0
"auh",1817,0,0,0
"auh",1818,0,0,0
"auh",1819,0,0,0
"auh",1820,0,0,0
"auh",1821,1,1,4
"auh",1822,0,0,0
"auh",1823,0,0,2
"auh",1824,0,0,0
"auh",1825,0,0,0
"auh",1826,0,0,0
"auh",1827,0,0,0
"auh",1828,0,0,0
"auh",1829,0,0,0
"auh",1830,0,0,0
"auh",1831,0,0,0
"auh",1832,0,0,0
"auh",1833,0,0,0
"auh",1834,0,0,0
"auh",1835,0,0,0
"auh",1836,0,0,0
"auh",1837,0,0,0
"auh",1838,0,0,0
"auh",1839,0,0,0
"auh",1840,0,0,1
"auh",1841,0,0,0
"auh",1842,0,0,0
"auh",1843,0,0,0
"auh",1844,0,0,0
"auh",1845,0,0,0
"auh",1846,0,0,0
"auh",1847,1,0,3
"auh",1848,0.5,3,4
"auh",1849,0.666666666666667,2.66666666666667,4.66666666666667
"auh",1850,0,0,0
"auh",1851,0,0,0
"auh",1852,0,0,0
"auh",1853,0.333333333333333,0,2.66666666666667
"auh",1854,0.5,0,3
"auh",1855,0,0,3
"auh",1856,0,0,3
"auh",1857,0,0,0
"auh",1858,0,0,0
"auh",1859,0,6,5
"auh",1860,0,0,0
"auh",1861,0,0,0
"auh",1862,0,0,0
"auh",1863,0,4,5
"auh",1864,0,4,5
"auh",1865,0,6,5
"auh",1866,0,6,5
"auh",1867,0,0,0
"auh",1868,0,0,0
"auh",1869,0,0,0
"auh",1870,0,0,0
"auh",1871,0,0,0
"auh",1872,0,0,0
"auh",1873,0,0,0
"auh",1874,0,0,0
"auh",1875,0,0,0
"auh",1876,1,0,2
"auh",1877,0,0,3
"auh",1878,0,0,0
"auh",1879,0,0,0
"auh",1880,1,0,3
"auh",1881,0,0,0
"auh",1882,0,0,0
"auh",1883,1,0,2
"auh",1884,0,0,0
"auh",1885,0,0,0
"auh",1886,1,0,4
"auh",1887,0,0,0
"auh",1888,0,0,3
"auh",1889,0,0,0
"auh",1890,0,0,0
"auh",1891,0,0,0
"auh",1892,0,0,0
"auh",1893,0,0,0
"auh",1894,0,0,0
"auh",1895,0,0,0
"auh",1896,1,0,3
"auh",1897,1,0,4
"auh",1898,0,0,0
"auh",1899,0,0,0
"auh",1900,0,1,4
"auh",1901,0,0,0
"auh",1902,0,0,0
"auh",1903,0,0,0
"auh",1904,0,0,3
"auh",1905,1,0,4
"auh",1906,0,0,0
"auh",1907,0,0,0
"auh",1908,0,0,0
"auh",1909,0,0,0
"auh",1910,0,0,0
"auh",1911,1,0,3
"auh",1912,1,0,3
"auh",1913,1,0,3
"auh",1914,0.5,3,4
"auh",1915,0.5,3,4
"auh",1916,0.5,3,3
"auh",1917,0.25,1.5,2
"auh",1918,0.2,1.2,1.8
"auh",1919,0,0,0
"auh",1920,0,0,0
"auh",1921,0,0,0
"auh",1922,0,0,0
"auh",1923,0,0,0
"auh",1924,0,0,0
"auh",1925,0,0,0
"auh",1926,0,0,0
"auh",1927,0,0,0
"auh",1928,0,0,0
"auh",1929,0,0,0
"auh",1930,0,0,0
"auh",1931,0,0,0
"auh",1932,0,0,0
"auh",1933,0,0,0
"auh",1934,0,0,0
"auh",1935,0,0,0
"auh",1936,0,0,0
"auh",1937,0,0,0
"auh",1938,0,0,0
"auh",1939,0,0,0
"auh",1940,0,0,0
"auh",1941,0,0,0
"auh",1942,0,0,0
"auh",1943,0,0,0
"auh",1944,0,0,0
"auh",1945,0,0,0
"auh",1946,0,0,0
"auh",1947,0,0,0
"auh",1948,0,0,0
"auh",1949,0,0,0
"auh",1950,0,0,0
"auh",1951,0,0,0
"auh",1952,0,0,0
"auh",1953,0,0,0
"auh",1954,0,0,0
"auh",1955,0,0,0
"auh",1956,0,0,0
"auh",1957,0,0,0
"auh",1958,0,0,0
"auh",1959,0,0,0
"auh",1960,0,0,0
"auh",1961,0,0,0
"auh",1962,0,0,0
"auh",1963,0,0,0
"auh",1964,0,0,0
"auh",1965,0,0,0
"auh",1966,0,0,0
"auh",1967,0,0,0
"auh",1968,0,0,0
"auh",1969,0,0,0
"auh",1970,0,0,0
"auh",1971,0,0,0
"auh",1972,0,0,0
"auh",1973,0,0,0
"auh",1974,0,0,0
"auh",1975,0,0,0
"auh",1976,0,0,0
"auh",1977,0,0,0
"auh",1978,0,0,0
"auh",1979,0,0,0
"auh",1980,0,0,0
"auh",1981,0,0,0
"auh",1982,0,0,0
"auh",1983,0,0,0
"auh",1984,0,0,0
"auh",1985,0,0,0
"auh",1986,0,0,0
"auh",1987,0,0,0
"auh",1988,0,0,0
"auh",1989,0,0,0
"auh",1990,0,0,0
"auh",1991,0,0,0
"auh",1992,0,0,0
"auh",1993,0,0,0
"auh",1994,0,0,0
"auh",1995,0,0,0
"auh",1996,0,0,0
"auh",1997,0,0,0
"auh",1998,0,0,0
"auh",1999,0,0,0
"auh",2000,0,0,0
"auh",2001,0,0,0
"auh",2002,0,0,0
"auh",2003,0,0,0
"auh",2004,0,0,0
"auh",2005,0,0,0
"auh",2006,0,0,0
"auh",2007,0,0,0
"auh",2008,0,0,0
"auh",2009,0,0,0
"auh",2010,0,0,0
"auh",2011,0,0,0
"auh",2012,0,0,0
"auh",2013,0,0,0
"auh",2014,0,0,0
"aul",1816,0,0,0
"aul",1817,0,0,0
"aul",1818,0,0,0
"aul",1819,0,0,0
"aul",1820,0,0,0
"aul",1821,0,0,0
"aul",1822,0,0,0
"aul",1823,0,0,0
"aul",1824,0,0,0
"aul",1825,0,0,0
"aul",1826,0,0,0
"aul",1827,0,0,0
"aul",1828,0,0,0
"aul",1829,0,0,0
"aul",1830,0,0,0
"aul",1831,0,0,0
"aul",1832,0,0,0
"aul",1833,0,0,0
"aul",1834,0,0,0
"aul",1835,0,0,0
"aul",1836,0,0,0
"aul",1837,0,0,0
"aul",1838,0,0,0
"aul",1839,0,0,0
"aul",1840,0,0,0
"aul",1841,0,0,0
"aul",1842,0,0,0
"aul",1843,0,0,0
"aul",1844,0,0,0
"aul",1845,0,0,0
"aul",1846,0,0,0
"aul",1847,0,0,0
"aul",1848,0,0,0
"aul",1849,0,0,0
"aul",1850,0,0,0
"aul",1851,0,0,0
"aul",1852,0,0,0
"aul",1853,0,0,0
"aul",1854,0,0,0
"aul",1855,0,0,0
"aul",1856,0,0,0
"aul",1857,0,0,0
"aul",1858,0,0,0
"aul",1859,0,0,0
"aul",1860,0,0,0
"aul",1861,0,0,0
"aul",1862,0,0,0
"aul",1863,0,0,0
"aul",1864,0,0,0
"aul",1865,0,0,0
"aul",1866,0,0,0
"aul",1867,0,0,0
"aul",1868,0,0,0
"aul",1869,0,0,0
"aul",1870,0,0,0
"aul",1871,0,0,0
"aul",1872,0,0,0
"aul",1873,0,0,0
"aul",1874,0,0,0
"aul",1875,0,0,0
"aul",1876,0,0,0
"aul",1877,0,0,0
"aul",1878,0,0,0
"aul",1879,0,0,0
"aul",1880,0,0,0
"aul",1881,0,0,0
"aul",1882,0,0,0
"aul",1883,0,0,0
"aul",1884,0,0,0
"aul",1885,0,0,0
"aul",1886,0,0,0
"aul",1887,0,0,0
"aul",1888,0,0,0
"aul",1889,0,0,0
"aul",1890,0,0,0
"aul",1891,0,0,0
"aul",1892,0,0,0
"aul",1893,0,0,0
"aul",1894,0,0,0
"aul",1895,0,0,0
"aul",1896,0,0,0
"aul",1897,0,0,0
"aul",1898,0,0,0
"aul",1899,0,0,0
"aul",1900,0,0,0
"aul",1901,0,0,0
"aul",1902,0,0,0
"aul",1903,0,0,0
"aul",1904,0,0,0
"aul",1905,0,0,0
"aul",1906,0,0,0
"aul",1907,0,0,0
"aul",1908,0,0,0
"aul",1909,0,0,0
"aul",1910,0,0,0
"aul",1911,0,0,0
"aul",1912,0,0,0
"aul",1913,0,0,0
"aul",1914,0,0,0
"aul",1915,0,0,0
"aul",1916,0,0,0
"aul",1917,0,0,0
"aul",1918,0,0,0
"aul",1919,0,0,0
"aul",1920,0,0,0
"aul",1921,0,0,0
"aul",1922,0,0,0
"aul",1923,0,0,0
"aul",1924,0,0,0
"aul",1925,0,0,0
"aul",1926,0,0,0
"aul",1927,0,0,0
"aul",1928,0,0,0
"aul",1929,0,0,0
"aul",1930,0,0,0
"aul",1931,0,0,0
"aul",1932,0,0,0
"aul",1933,0,0,0
"aul",1934,0,0,0
"aul",1935,0,0,0
"aul",1936,0,0,0
"aul",1937,0,0,0
"aul",1938,0,0,0
"aul",1939,0,6,5
"aul",1940,0,6,5
"aul",1941,0,3,4.5
"aul",1942,0,6,5
"aul",1943,0,6,5
"aul",1944,0,6,5
"aul",1945,0,6,5
"aul",1946,0,0,0
"aul",1947,0,0,0
"aul",1948,0,0,0
"aul",1949,0,0,0
"aul",1950,0,4,5
"aul",1951,0,4,5
"aul",1952,0,4,5
"aul",1953,0,4,5
"aul",1954,0,0,0
"aul",1955,0,0,0
"aul",1956,0,0,0
"aul",1957,0,0,0
"aul",1958,0,0,0
"aul",1959,0,0,0
"aul",1960,0,0,0
"aul",1961,0,0,0
"aul",1962,0,0,3
"aul",1963,0,1,4
"aul",1964,0,2.5,4.5
"aul",1965,0,2.5,4.5
"aul",1966,0,4,5
"aul",1967,0,4,5
"aul",1968,0,4,5
"aul",1969,0,4,5
"aul",1970,0,4,5
"aul",1971,0,4,5
"aul",1972,0,4,5
"aul",1973,0,0,0
"aul",1974,0,0,0
"aul",1975,0,0,0
"aul",1976,0,0,0
"aul",1977,0,0,0
"aul",1978,0,0,0
"aul",1979,0,0,0
"aul",1980,0,0,0
"aul",1981,0,0,0
"aul",1982,0,0,0
"aul",1983,0,0,0
"aul",1984,0,0,0
"aul",1985,0,0,0
"aul",1986,0,0,0
"aul",1987,0,0,1
"aul",1988,0,0,0
"aul",1989,0,0,0
"aul",1990,0,0,4
"aul",1991,0,0,4
"aul",1992,0,0,0
"aul",1993,0,0,0
"aul",1994,0,0,3
"aul",1995,0,0,0
"aul",1996,0,0,0
"aul",1997,0,0,0
"aul",1998,0,0,0
"aul",1999,0,0,3
"aul",2000,0,0,0
"aul",2001,0.333333333333333,0,3.33333333333333
"aul",2002,0,0,0
"aul",2003,1,0,5
"aul",2004,0,0,0
"aul",2005,0,0,0
"aul",2006,0,0,0
"aul",2007,0,0,0
"aul",2008,0,0,0
"aul",2009,0,0,0
"aul",2010,0,0,0
"aul",2011,0,0,0
"aul",2012,0,0,0
"aul",2013,0,0,0
"aul",2014,0,0,0
"aus",1816,0,0,0
"aus",1817,0,0,0
"aus",1818,0,0,0
"aus",1819,0,0,0
"aus",1820,0,0,0
"aus",1821,0,0,0
"aus",1822,0,0,0
"aus",1823,0,0,0
"aus",1824,0,0,0
"aus",1825,0,0,0
"aus",1826,0,0,0
"aus",1827,0,0,0
"aus",1828,0,0,0
"aus",1829,0,0,0
"aus",1830,0,0,0
"aus",1831,0,0,0
"aus",1832,0,0,0
"aus",1833,0,0,0
"aus",1834,0,0,0
"aus",1835,0,0,0
"aus",1836,0,0,0
"aus",1837,0,0,0
"aus",1838,0,0,0
"aus",1839,0,0,0
"aus",1840,0,0,0
"aus",1841,0,0,0
"aus",1842,0,0,0
"aus",1843,0,0,0
"aus",1844,0,0,0
"aus",1845,0,0,0
"aus",1846,0,0,0
"aus",1847,0,0,0
"aus",1848,0,0,0
"aus",1849,0,0,0
"aus",1850,0,0,0
"aus",1851,0,0,0
"aus",1852,0,0,0
"aus",1853,0,0,0
"aus",1854,0,0,0
"aus",1855,0,0,0
"aus",1856,0,0,0
"aus",1857,0,0,0
"aus",1858,0,0,0
"aus",1859,0,0,0
"aus",1860,0,0,0
"aus",1861,0,0,0
"aus",1862,0,0,0
"aus",1863,0,0,0
"aus",1864,0,0,0
"aus",1865,0,0,0
"aus",1866,0,0,0
"aus",1867,0,0,0
"aus",1868,0,0,0
"aus",1869,0,0,0
"aus",1870,0,0,0
"aus",1871,0,0,0
"aus",1872,0,0,0
"aus",1873,0,0,0
"aus",1874,0,0,0
"aus",1875,0,0,0
"aus",1876,0,0,0
"aus",1877,0,0,0
"aus",1878,0,0,0
"aus",1879,0,0,0
"aus",1880,0,0,0
"aus",1881,0,0,0
"aus",1882,0,0,0
"aus",1883,0,0,0
"aus",1884,0,0,0
"aus",1885,0,0,0
"aus",1886,0,0,0
"aus",1887,0,0,0
"aus",1888,0,0,0
"aus",1889,0,0,0
"aus",1890,0,0,0
"aus",1891,0,0,0
"aus",1892,0,0,0
"aus",1893,0,0,0
"aus",1894,0,0,0
"aus",1895,0,0,0
"aus",1896,0,0,0
"aus",1897,0,0,0
"aus",1898,0,0,0
"aus",1899,0,0,0
"aus",1900,0,0,0
"aus",1901,0,0,0
"aus",1902,0,0,0
"aus",1903,0,0,0
"aus",1904,0,0,0
"aus",1905,0,0,0
"aus",1906,0,0,0
"aus",1907,0,0,0
"aus",1908,0,0,0
"aus",1909,0,0,0
"aus",1910,0,0,0
"aus",1911,0,0,0
"aus",1912,0,0,0
"aus",1913,0,0,0
"aus",1914,0,0,0
"aus",1915,0,0,0
"aus",1916,0,0,0
"aus",1917,0,0,0
"aus",1918,0,0,0
"aus",1919,0,0,0
"aus",1920,0,0,0
"aus",1921,0,0,0
"aus",1922,0,0,1
"aus",1923,0,0,0
"aus",1924,0,0,0
"aus",1925,0,0,0
"aus",1926,0,0,0
"aus",1927,0,0,0
"aus",1928,0,0,0
"aus",1929,0,0,0
"aus",1930,0,0,0
"aus",1931,0,0,0
"aus",1932,0,0,0
"aus",1933,0,0,0
"aus",1934,0,0,0
"aus",1935,0,0,0
"aus",1936,0,0,0
"aus",1937,0,0,0
"aus",1938,0,0,1
"aus",1939,0,0,0
"aus",1940,0,0,0
"aus",1941,0,0,0
"aus",1942,0,0,0
"aus",1943,0,0,0
"aus",1944,0,0,0
"aus",1945,0,0,0
"aus",1946,0,0,0
"aus",1947,0,0,0
"aus",1948,0,0,0
"aus",1949,0,0,0
"aus",1950,0,0,0
"aus",1951,0,0,0
"aus",1952,0,0,0
"aus",1953,0,0,0
"aus",1954,0,0,0
"aus",1955,0,0,0
"aus",1956,0,0,0
"aus",1957,0,0,0
"aus",1958,0,0,0
"aus",1959,0,0,0
"aus",1960,0,0,2.33333333333333
"aus",1961,0,0,0
"aus",1962,0,0,0
"aus",1963,0,0,0
"aus",1964,0,0,0
"aus",1965,0,0,0
"aus",1966,0,0,0
"aus",1967,0,0,0
"aus",1968,0,0,0
"aus",1969,0,0,0
"aus",1970,0,0,0
"aus",1971,0,0,0
"aus",1972,0,0,0
"aus",1973,0,0,0
"aus",1974,0,0,0
"aus",1975,0,0,0
"aus",1976,0,0,0
"aus",1977,0,0,0
"aus",1978,0,0,0
"aus",1979,0,0,0
"aus",1980,0,0,0
"aus",1981,0,0,0
"aus",1982,0,0,0
"aus",1983,0,0,0
"aus",1984,0,0,0
"aus",1985,0,0,0
"aus",1986,0,0,0
"aus",1987,0,0,0
"aus",1988,0,0,0
"aus",1989,0,0,0
"aus",1990,0,0,0
"aus",1991,1,0,3
"aus",1992,0,0,0
"aus",1993,0,0,0
"aus",1994,0,0,0
"aus",1995,0,0,0
"aus",1996,0,0,0
"aus",1997,0,0,0
"aus",1998,0,0,0
"aus",1999,0,0,0
"aus",2000,0,0,1
"aus",2001,0,0,0
"aus",2002,0,0,0
"aus",2003,0,0,0
"aus",2004,0,0,0
"aus",2005,0,0,0
"aus",2006,0,0,0
"aus",2007,0,0,0
"aus",2008,0,0,0
"aus",2009,0,0,0
"aus",2010,0,0,0
"aus",2011,0,0,0
"aus",2012,0,0,0
"aus",2013,0,0,0
"aus",2014,0,0,0
"aze",1816,0,0,0
"aze",1817,0,0,0
"aze",1818,0,0,0
"aze",1819,0,0,0
"aze",1820,0,0,0
"aze",1821,0,0,0
"aze",1822,0,0,0
"aze",1823,0,0,0
"aze",1824,0,0,0
"aze",1825,0,0,0
"aze",1826,0,0,0
"aze",1827,0,0,0
"aze",1828,0,0,0
"aze",1829,0,0,0
"aze",1830,0,0,0
"aze",1831,0,0,0
"aze",1832,0,0,0
"aze",1833,0,0,0
"aze",1834,0,0,0
"aze",1835,0,0,0
"aze",1836,0,0,0
"aze",1837,0,0,0
"aze",1838,0,0,0
"aze",1839,0,0,0
"aze",1840,0,0,0
"aze",1841,0,0,0
"aze",1842,0,0,0
"aze",1843,0,0,0
"aze",1844,0,0,0
"aze",1845,0,0,0
"aze",1846,0,0,0
"aze",1847,0,0,0
"aze",1848,0,0,0
"aze",1849,0,0,0
"aze",1850,0,0,0
"aze",1851,0,0,0
"aze",1852,0,0,0
"aze",1853,0,0,0
"aze",1854,0,0,0
"aze",1855,0,0,0
"aze",1856,0,0,0
"aze",1857,0,0,0
"aze",1858,0,0,0
"aze",1859,0,0,0
"aze",1860,0,0,0
"aze",1861,0,0,0
"aze",1862,0,0,0
"aze",1863,0,0,0
"aze",1864,0,0,0
"aze",1865,0,0,0
"aze",1866,0,0,0
"aze",1867,0,0,0
"aze",1868,0,0,0
"aze",1869,0,0,0
"aze",1870,0,0,0
"aze",1871,0,0,0
"aze",1872,0,0,0
"aze",1873,0,0,0
"aze",1874,0,0,0
"aze",1875,0,0,0
"aze",1876,0,0,0
"aze",1877,0,0,0
"aze",1878,0,0,0
"aze",1879,0,0,0
"aze",1880,0,0,0
"aze",1881,0,0,0
"aze",1882,0,0,0
"aze",1883,0,0,0
"aze",1884,0,0,0
"aze",1885,0,0,0
"aze",1886,0,0,0
"aze",1887,0,0,0
"aze",1888,0,0,0
"aze",1889,0,0,0
"aze",1890,0,0,0
"aze",1891,0,0,0
"aze",1892,0,0,0
"aze",1893,0,0,0
"aze",1894,0,0,0
"aze",1895,0,0,0
"aze",1896,0,0,0
"aze",1897,0,0,0
"aze",1898,0,0,0
"aze",1899,0,0,0
"aze",1900,0,0,0
"aze",1901,0,0,0
"aze",1902,0,0,0
"aze",1903,0,0,0
"aze",1904,0,0,0
"aze",1905,0,0,0
"aze",1906,0,0,0
"aze",1907,0,0,0
"aze",1908,0,0,0
"aze",1909,0,0,0
"aze",1910,0,0,0
"aze",1911,0,0,0
"aze",1912,0,0,0
"aze",1913,0,0,0
"aze",1914,0,0,0
"aze",1915,0,0,0
"aze",1916,0,0,0
"aze",1917,0,0,0
"aze",1918,0,0,0
"aze",1919,0,0,0
"aze",1920,0,0,0
"aze",1921,0,0,0
"aze",1922,0,0,0
"aze",1923,0,0,0
"aze",1924,0,0,0
"aze",1925,0,0,0
"aze",1926,0,0,0
"aze",1927,0,0,0
"aze",1928,0,0,0
"aze",1929,0,0,0
"aze",1930,0,0,0
"aze",1931,0,0,0
"aze",1932,0,0,0
"aze",1933,0,0,0
"aze",1934,0,0,0
"aze",1935,0,0,0
"aze",1936,0,0,0
"aze",1937,0,0,0
"aze",1938,0,0,0
"aze",1939,0,0,0
"aze",1940,0,0,0
"aze",1941,0,0,0
"aze",1942,0,0,0
"aze",1943,0,0,0
"aze",1944,0,0,0
"aze",1945,0,0,0
"aze",1946,0,0,0
"aze",1947,0,0,0
"aze",1948,0,0,0
"aze",1949,0,0,0
"aze",1950,0,0,0
"aze",1951,0,0,0
"aze",1952,0,0,0
"aze",1953,0,0,0
"aze",1954,0,0,0
"aze",1955,0,0,0
"aze",1956,0,0,0
"aze",1957,0,0,0
"aze",1958,0,0,0
"aze",1959,0,0,0
"aze",1960,0,0,0
"aze",1961,0,0,0
"aze",1962,0,0,0
"aze",1963,0,0,0
"aze",1964,0,0,0
"aze",1965,0,0,0
"aze",1966,0,0,0
"aze",1967,0,0,0
"aze",1968,0,0,0
"aze",1969,0,0,0
"aze",1970,0,0,0
"aze",1971,0,0,0
"aze",1972,0,0,0
"aze",1973,0,0,0
"aze",1974,0,0,0
"aze",1975,0,0,0
"aze",1976,0,0,0
"aze",1977,0,0,0
"aze",1978,0,0,0
"aze",1979,0,0,0
"aze",1980,0,0,0
"aze",1981,0,0,0
"aze",1982,0,0,0
"aze",1983,0,0,0
"aze",1984,0,0,0
"aze",1985,0,0,0
"aze",1986,0,0,0
"aze",1987,0,0,0
"aze",1988,0,0,0
"aze",1989,0,0,0
"aze",1990,0,0,0
"aze",1991,0,0,0
"aze",1992,1,6,4
"aze",1993,1,6,4
"aze",1994,1,6,4
"aze",1995,1,6,4
"aze",1996,1,0,3
"aze",1997,0,0,0
"aze",1998,0,1,4
"aze",1999,0.5,0.5,4
"aze",2000,0,0,1
"aze",2001,0.333333333333333,0,2
"aze",2002,0,0,2
"aze",2003,1,0,3
"aze",2004,0,0,0
"aze",2005,0,0,0
"aze",2006,0,0,0
"aze",2007,0,0,0
"aze",2008,0,0,0
"aze",2009,0,0,0
"aze",2010,0,0,0
"aze",2011,0,0,4
"aze",2012,0,0,0
"aze",2013,0,0,0
"aze",2014,0,0,0
"bad",1816,0,0,0
"bad",1817,0,0,0
"bad",1818,0,0,0
"bad",1819,0,0,0
"bad",1820,0,0,0
"bad",1821,0,0,0
"bad",1822,0,0,0
"bad",1823,0,0,0
"bad",1824,0,0,0
"bad",1825,0,0,0
"bad",1826,0,0,0
"bad",1827,0,0,0
"bad",1828,0,0,0
"bad",1829,0,0,0
"bad",1830,0,0,0
"bad",1831,0,0,0
"bad",1832,0,0,0
"bad",1833,0,0,0
"bad",1834,0,0,0
"bad",1835,0,0,0
"bad",1836,0,0,0
"bad",1837,0,0,0
"bad",1838,0,0,0
"bad",1839,0,0,0
"bad",1840,0,0,0
"bad",1841,0,0,0
"bad",1842,0,0,0
"bad",1843,0,0,0
"bad",1844,0,0,0
"bad",1845,0,0,0
"bad",1846,0,0,0
"bad",1847,0,0,0
"bad",1848,0,0,0
"bad",1849,0,0,0
"bad",1850,0,0,0
"bad",1851,0,0,0
"bad",1852,0,0,0
"bad",1853,0,0,0
"bad",1854,0,0,0
"bad",1855,0,0,0
"bad",1856,0,0,0
"bad",1857,0,0,0
"bad",1858,0,0,0
"bad",1859,0,0,0
"bad",1860,0,0,0
"bad",1861,0,0,0
"bad",1862,0,0,0
"bad",1863,0,0,2
"bad",1864,0,0,0
"bad",1865,0,0,0
"bad",1866,0,2,5
"bad",1867,0,0,0
"bad",1868,0,0,0
"bad",1869,0,0,0
"bad",1870,0,6,5
"bad",1871,0,0,0
"bad",1872,0,0,0
"bad",1873,0,0,0
"bad",1874,0,0,0
"bad",1875,0,0,0
"bad",1876,0,0,0
"bad",1877,0,0,0
"bad",1878,0,0,0
"bad",1879,0,0,0
"bad",1880,0,0,0
"bad",1881,0,0,0
"bad",1882,0,0,0
"bad",1883,0,0,0
"bad",1884,0,0,0
"bad",1885,0,0,0
"bad",1886,0,0,0
"bad",1887,0,0,0
"bad",1888,0,0,0
"bad",1889,0,0,0
"bad",1890,0,0,0
"bad",1891,0,0,0
"bad",1892,0,0,0
"bad",1893,0,0,0
"bad",1894,0,0,0
"bad",1895,0,0,0
"bad",1896,0,0,0
"bad",1897,0,0,0
"bad",1898,0,0,0
"bad",1899,0,0,0
"bad",1900,0,0,0
"bad",1901,0,0,0
"bad",1902,0,0,0
"bad",1903,0,0,0
"bad",1904,0,0,0
"bad",1905,0,0,0
"bad",1906,0,0,0
"bad",1907,0,0,0
"bad",1908,0,0,0
"bad",1909,0,0,0
"bad",1910,0,0,0
"bad",1911,0,0,0
"bad",1912,0,0,0
"bad",1913,0,0,0
"bad",1914,0,0,0
"bad",1915,0,0,0
"bad",1916,0,0,0
"bad",1917,0,0,0
"bad",1918,0,0,0
"bad",1919,0,0,0
"bad",1920,0,0,0
"bad",1921,0,0,0
"bad",1922,0,0,0
"bad",1923,0,0,0
"bad",1924,0,0,0
"bad",1925,0,0,0
"bad",1926,0,0,0
"bad",1927,0,0,0
"bad",1928,0,0,0
"bad",1929,0,0,0
"bad",1930,0,0,0
"bad",1931,0,0,0
"bad",1932,0,0,0
"bad",1933,0,0,0
"bad",1934,0,0,0
"bad",1935,0,0,0
"bad",1936,0,0,0
"bad",1937,0,0,0
"bad",1938,0,0,0
"bad",1939,0,0,0
"bad",1940,0,0,0
"bad",1941,0,0,0
"bad",1942,0,0,0
"bad",1943,0,0,0
"bad",1944,0,0,0
"bad",1945,0,0,0
"bad",1946,0,0,0
"bad",1947,0,0,0
"bad",1948,0,0,0
"bad",1949,0,0,0
"bad",1950,0,0,0
"bad",1951,0,0,0
"bad",1952,0,0,0
"bad",1953,0,0,0
"bad",1954,0,0,0
"bad",1955,0,0,0
"bad",1956,0,0,0
"bad",1957,0,0,0
"bad",1958,0,0,0
"bad",1959,0,0,0
"bad",1960,0,0,0
"bad",1961,0,0,0
"bad",1962,0,0,0
"bad",1963,0,0,0
"bad",1964,0,0,0
"bad",1965,0,0,0
"bad",1966,0,0,0
"bad",1967,0,0,0
"bad",1968,0,0,0
"bad",1969,0,0,0
"bad",1970,0,0,0
"bad",1971,0,0,0
"bad",1972,0,0,0
"bad",1973,0,0,0
"bad",1974,0,0,0
"bad",1975,0,0,0
"bad",1976,0,0,0
"bad",1977,0,0,0
"bad",1978,0,0,0
"bad",1979,0,0,0
"bad",1980,0,0,0
"bad",1981,0,0,0
"bad",1982,0,0,0
"bad",1983,0,0,0
"bad",1984,0,0,0
"bad",1985,0,0,0
"bad",1986,0,0,0
"bad",1987,0,0,0
"bad",1988,0,0,0
"bad",1989,0,0,0
"bad",1990,0,0,0
"bad",1991,0,0,0
"bad",1992,0,0,0
"bad",1993,0,0,0
"bad",1994,0,0,0
"bad",1995,0,0,0
"bad",1996,0,0,0
"bad",1997,0,0,0
"bad",1998,0,0,0
"bad",1999,0,0,0
"bad",2000,0,0,0
"bad",2001,0,0,0
"bad",2002,0,0,0
"bad",2003,0,0,0
"bad",2004,0,0,0
"bad",2005,0,0,0
"bad",2006,0,0,0
"bad",2007,0,0,0
"bad",2008,0,0,0
"bad",2009,0,0,0
"bad",2010,0,0,0
"bad",2011,0,0,0
"bad",2012,0,0,0
"bad",2013,0,0,0
"bad",2014,0,0,0
"bah",1816,0,0,0
"bah",1817,0,0,0
"bah",1818,0,0,0
"bah",1819,0,0,0
"bah",1820,0,0,0
"bah",1821,0,0,0
"bah",1822,0,0,0
"bah",1823,0,0,0
"bah",1824,0,0,0
"bah",1825,0,0,0
"bah",1826,0,0,0
"bah",1827,0,0,0
"bah",1828,0,0,0
"bah",1829,0,0,0
"bah",1830,0,0,0
"bah",1831,0,0,0
"bah",1832,0,0,0
"bah",1833,0,0,0
"bah",1834,0,0,0
"bah",1835,0,0,0
"bah",1836,0,0,0
"bah",1837,0,0,0
"bah",1838,0,0,0
"bah",1839,0,0,0
"bah",1840,0,0,0
"bah",1841,0,0,0
"bah",1842,0,0,0
"bah",1843,0,0,0
"bah",1844,0,0,0
"bah",1845,0,0,0
"bah",1846,0,0,0
"bah",1847,0,0,0
"bah",1848,0,0,0
"bah",1849,0,0,0
"bah",1850,0,0,0
"bah",1851,0,0,0
"bah",1852,0,0,0
"bah",1853,0,0,0
"bah",1854,0,0,0
"bah",1855,0,0,0
"bah",1856,0,0,0
"bah",1857,0,0,0
"bah",1858,0,0,0
"bah",1859,0,0,0
"bah",1860,0,0,0
"bah",1861,0,0,0
"bah",1862,0,0,0
"bah",1863,0,0,0
"bah",1864,0,0,0
"bah",1865,0,0,0
"bah",1866,0,0,0
"bah",1867,0,0,0
"bah",1868,0,0,0
"bah",1869,0,0,0
"bah",1870,0,0,0
"bah",1871,0,0,0
"bah",1872,0,0,0
"bah",1873,0,0,0
"bah",1874,0,0,0
"bah",1875,0,0,0
"bah",1876,0,0,0
"bah",1877,0,0,0
"bah",1878,0,0,0
"bah",1879,0,0,0
"bah",1880,0,0,0
"bah",1881,0,0,0
"bah",1882,0,0,0
"bah",1883,0,0,0
"bah",1884,0,0,0
"bah",1885,0,0,0
"bah",1886,0,0,0
"bah",1887,0,0,0
"bah",1888,0,0,0
"bah",1889,0,0,0
"bah",1890,0,0,0
"bah",1891,0,0,0
"bah",1892,0,0,0
"bah",1893,0,0,0
"bah",1894,0,0,0
"bah",1895,0,0,0
"bah",1896,0,0,0
"bah",1897,0,0,0
"bah",1898,0,0,0
"bah",1899,0,0,0
"bah",1900,0,0,0
"bah",1901,0,0,0
"bah",1902,0,0,0
"bah",1903,0,0,0
"bah",1904,0,0,0
"bah",1905,0,0,0
"bah",1906,0,0,0
"bah",1907,0,0,0
"bah",1908,0,0,0
"bah",1909,0,0,0
"bah",1910,0,0,0
"bah",1911,0,0,0
"bah",1912,0,0,0
"bah",1913,0,0,0
"bah",1914,0,0,0
"bah",1915,0,0,0
"bah",1916,0,0,0
"bah",1917,0,0,0
"bah",1918,0,0,0
"bah",1919,0,0,0
"bah",1920,0,0,0
"bah",1921,0,0,0
"bah",1922,0,0,0
"bah",1923,0,0,0
"bah",1924,0,0,0
"bah",1925,0,0,0
"bah",1926,0,0,0
"bah",1927,0,0,0
"bah",1928,0,0,0
"bah",1929,0,0,0
"bah",1930,0,0,0
"bah",1931,0,0,0
"bah",1932,0,0,0
"bah",1933,0,0,0
"bah",1934,0,0,0
"bah",1935,0,0,0
"bah",1936,0,0,0
"bah",1937,0,0,0
"bah",1938,0,0,0
"bah",1939,0,0,0
"bah",1940,0,0,0
"bah",1941,0,0,0
"bah",1942,0,0,0
"bah",1943,0,0,0
"bah",1944,0,0,0
"bah",1945,0,0,0
"bah",1946,0,0,0
"bah",1947,0,0,0
"bah",1948,0,0,0
"bah",1949,0,0,0
"bah",1950,0,0,0
"bah",1951,0,0,0
"bah",1952,0,0,0
"bah",1953,0,0,0
"bah",1954,0,0,0
"bah",1955,0,0,0
"bah",1956,0,0,0
"bah",1957,0,0,0
"bah",1958,0,0,0
"bah",1959,0,0,0
"bah",1960,0,0,0
"bah",1961,0,0,0
"bah",1962,0,0,0
"bah",1963,0,0,0
"bah",1964,0,0,0
"bah",1965,0,0,0
"bah",1966,0,0,0
"bah",1967,0,0,0
"bah",1968,0,0,0
"bah",1969,0,0,0
"bah",1970,0,0,0
"bah",1971,0,0,0
"bah",1972,0,0,0
"bah",1973,0,0,0
"bah",1974,0,0,0
"bah",1975,0,0,0
"bah",1976,0,0,0
"bah",1977,0,0,0
"bah",1978,0,0,0
"bah",1979,0,0,0
"bah",1980,0,0,0
"bah",1981,0,0,0
"bah",1982,0,0,0
"bah",1983,0,0,0
"bah",1984,0,0,1
"bah",1985,0,0,0
"bah",1986,0,0,1
"bah",1987,0,0,0
"bah",1988,0,0,1
"bah",1989,0,0,0
"bah",1990,0,0,0
"bah",1991,0,0,4
"bah",1992,0,0,0
"bah",1993,0,0,0
"bah",1994,0,0,3
"bah",1995,0,0,0
"bah",1996,0,0,0
"bah",1997,0,0,0
"bah",1998,0,0,0
"bah",1999,0,0,0
"bah",2000,0,0,0
"bah",2001,0,0,0
"bah",2002,0,0,0
"bah",2003,1,0,3
"bah",2004,0,0,0
"bah",2005,0,0,0
"bah",2006,0,0,0
"bah",2007,0,0,0
"bah",2008,0,0,0
"bah",2009,0,0,0
"bah",2010,0,0,0
"bah",2011,0,0,0
"bah",2012,0,0,0
"bah",2013,0,0,0
"bah",2014,0,0,0
"bar",1816,0,0,0
"bar",1817,0,0,0
"bar",1818,0,0,0
"bar",1819,0,0,0
"bar",1820,0,0,0
"bar",1821,0,0,0
"bar",1822,0,0,0
"bar",1823,0,0,0
"bar",1824,0,0,0
"bar",1825,0,0,0
"bar",1826,0,0,0
"bar",1827,0,0,0
"bar",1828,0,0,0
"bar",1829,0,0,0
"bar",1830,0,0,0
"bar",1831,0,0,0
"bar",1832,0,0,0
"bar",1833,0,0,0
"bar",1834,0,0,0
"bar",1835,0,0,0
"bar",1836,0,0,0
"bar",1837,0,0,0
"bar",1838,0,0,0
"bar",1839,0,0,0
"bar",1840,0,0,0
"bar",1841,0,0,0
"bar",1842,0,0,0
"bar",1843,0,0,0
"bar",1844,0,0,0
"bar",1845,0,0,0
"bar",1846,0,0,0
"bar",1847,0,0,0
"bar",1848,0,0,0
"bar",1849,0,0,0
"bar",1850,0,0,0
"bar",1851,0,0,0
"bar",1852,0,0,0
"bar",1853,0,0,0
"bar",1854,0,0,0
"bar",1855,0,0,0
"bar",1856,0,0,0
"bar",1857,0,0,0
"bar",1858,0,0,0
"bar",1859,0,0,0
"bar",1860,0,0,0
"bar",1861,0,0,0
"bar",1862,0,0,0
"bar",1863,0,0,0
"bar",1864,0,0,0
"bar",1865,0,0,0
"bar",1866,0,0,0
"bar",1867,0,0,0
"bar",1868,0,0,0
"bar",1869,0,0,0
"bar",1870,0,0,0
"bar",1871,0,0,0
"bar",1872,0,0,0
"bar",1873,0,0,0
"bar",1874,0,0,0
"bar",1875,0,0,0
"bar",1876,0,0,0
"bar",1877,0,0,0
"bar",1878,0,0,0
"bar",1879,0,0,0
"bar",1880,0,0,0
"bar",1881,0,0,0
"bar",1882,0,0,0
"bar",1883,0,0,0
"bar",1884,0,0,0
"bar",1885,0,0,0
"bar",1886,0,0,0
"bar",1887,0,0,0
"bar",1888,0,0,0
"bar",1889,0,0,0
"bar",1890,0,0,0
"bar",1891,0,0,0
"bar",1892,0,0,0
"bar",1893,0,0,0
"bar",1894,0,0,0
"bar",1895,0,0,0
"bar",1896,0,0,0
"bar",1897,0,0,0
"bar",1898,0,0,0
"bar",1899,0,0,0
"bar",1900,0,0,0
"bar",1901,0,0,0
"bar",1902,0,0,0
"bar",1903,0,0,0
"bar",1904,0,0,0
"bar",1905,0,0,0
"bar",1906,0,0,0
"bar",1907,0,0,0
"bar",1908,0,0,0
"bar",1909,0,0,0
"bar",1910,0,0,0
"bar",1911,0,0,0
"bar",1912,0,0,0
"bar",1913,0,0,0
"bar",1914,0,0,0
"bar",1915,0,0,0
"bar",1916,0,0,0
"bar",1917,0,0,0
"bar",1918,0,0,0
"bar",1919,0,0,0
"bar",1920,0,0,0
"bar",1921,0,0,0
"bar",1922,0,0,0
"bar",1923,0,0,0
"bar",1924,0,0,0
"bar",1925,0,0,0
"bar",1926,0,0,0
"bar",1927,0,0,0
"bar",1928,0,0,0
"bar",1929,0,0,0
"bar",1930,0,0,0
"bar",1931,0,0,0
"bar",1932,0,0,0
"bar",1933,0,0,0
"bar",1934,0,0,0
"bar",1935,0,0,0
"bar",1936,0,0,0
"bar",1937,0,0,0
"bar",1938,0,0,0
"bar",1939,0,0,0
"bar",1940,0,0,0
"bar",1941,0,0,0
"bar",1942,0,0,0
"bar",1943,0,0,0
"bar",1944,0,0,0
"bar",1945,0,0,0
"bar",1946,0,0,0
"bar",1947,0,0,0
"bar",1948,0,0,0
"bar",1949,0,0,0
"bar",1950,0,0,0
"bar",1951,0,0,0
"bar",1952,0,0,0
"bar",1953,0,0,0
"bar",1954,0,0,0
"bar",1955,0,0,0
"bar",1956,0,0,0
"bar",1957,0,0,0
"bar",1958,0,0,0
"bar",1959,0,0,0
"bar",1960,0,0,0
"bar",1961,0,0,0
"bar",1962,0,0,0
"bar",1963,0,0,0
"bar",1964,0,0,0
"bar",1965,0,0,0
"bar",1966,0,0,0
"bar",1967,0,0,0
"bar",1968,0,0,0
"bar",1969,0,0,0
"bar",1970,0,0,0
"bar",1971,0,0,0
"bar",1972,0,0,0
"bar",1973,0,0,0
"bar",1974,0,0,0
"bar",1975,0,0,0
"bar",1976,0,0,0
"bar",1977,0,0,0
"bar",1978,0,0,0
"bar",1979,0,0,0
"bar",1980,0,0,0
"bar",1981,0,0,0
"bar",1982,0,0,0
"bar",1983,0,0,4
"bar",1984,0,0,0
"bar",1985,0,0,0
"bar",1986,0,0,0
"bar",1987,0,0,0
"bar",1988,0,0,0
"bar",1989,0,0,0
"bar",1990,0,0,0
"bar",1991,0,0,0
"bar",1992,0,0,0
"bar",1993,0,0,0
"bar",1994,0,0,0
"bar",1995,0,0,0
"bar",1996,0,0,0
"bar",1997,0,0,0
"bar",1998,0,0,0
"bar",1999,0,0,0
"bar",2000,0,0,0
"bar",2001,0,0,0
"bar",2002,0,0,0
"bar",2003,0,0,0
"bar",2004,0,0,0
"bar",2005,0,0,0
"bar",2006,0,0,0
"bar",2007,0,0,0
"bar",2008,0,0,0
"bar",2009,0,0,0
"bar",2010,0,0,0
"bar",2011,0,0,0
"bar",2012,0,0,0
"bar",2013,0,0,0
"bar",2014,0,0,0
"bav",1816,0,0,0
"bav",1817,0,0,0
"bav",1818,0,0,0
"bav",1819,0,0,0
"bav",1820,0,0,0
"bav",1821,0,0,0
"bav",1822,0,0,0
"bav",1823,0,0,0
"bav",1824,0,0,0
"bav",1825,0,0,0
"bav",1826,0,0,0
"bav",1827,0,0,0
"bav",1828,0,0,0
"bav",1829,0,0,0
"bav",1830,0,0,0
"bav",1831,0,0,0
"bav",1832,0,0,0
"bav",1833,0,0,0
"bav",1834,0,0,0
"bav",1835,0,0,0
"bav",1836,0,0,0
"bav",1837,0,0,0
"bav",1838,0,0,0
"bav",1839,0,0,0
"bav",1840,0,0,0
"bav",1841,0,0,0
"bav",1842,0,0,0
"bav",1843,0,0,0
"bav",1844,0,0,0
"bav",1845,0,0,0
"bav",1846,0,0,0
"bav",1847,0,0,0
"bav",1848,0,0,0
"bav",1849,0,0,0
"bav",1850,0,0,0
"bav",1851,0,0,0
"bav",1852,0,0,0
"bav",1853,0,0,0
"bav",1854,0,0,0
"bav",1855,0,0,0
"bav",1856,0,0,0
"bav",1857,0,0,0
"bav",1858,0,0,0
"bav",1859,0,0,0
"bav",1860,0,0,0
"bav",1861,0,0,0
"bav",1862,0,0,0
"bav",1863,0,0,0
"bav",1864,0,0,0
"bav",1865,0,0,0
"bav",1866,0,4,5
"bav",1867,0,0,0
"bav",1868,0,0,0
"bav",1869,0,0,0
"bav",1870,0,6,5
"bav",1871,0,0,0
"bav",1872,0,0,0
"bav",1873,0,0,0
"bav",1874,0,0,0
"bav",1875,0,0,0
"bav",1876,0,0,0
"bav",1877,0,0,0
"bav",1878,0,0,0
"bav",1879,0,0,0
"bav",1880,0,0,0
"bav",1881,0,0,0
"bav",1882,0,0,0
"bav",1883,0,0,0
"bav",1884,0,0,0
"bav",1885,0,0,0
"bav",1886,0,0,0
"bav",1887,0,0,0
"bav",1888,0,0,0
"bav",1889,0,0,0
"bav",1890,0,0,0
"bav",1891,0,0,0
"bav",1892,0,0,0
"bav",1893,0,0,0
"bav",1894,0,0,0
"bav",1895,0,0,0
"bav",1896,0,0,0
"bav",1897,0,0,0
"bav",1898,0,0,0
"bav",1899,0,0,0
"bav",1900,0,0,0
"bav",1901,0,0,0
"bav",1902,0,0,0
"bav",1903,0,0,0
"bav",1904,0,0,0
"bav",1905,0,0,0
"bav",1906,0,0,0
"bav",1907,0,0,0
"bav",1908,0,0,0
"bav",1909,0,0,0
"bav",1910,0,0,0
"bav",1911,0,0,0
"bav",1912,0,0,0
"bav",1913,0,0,0
"bav",1914,0,0,0
"bav",1915,0,0,0
"bav",1916,0,0,0
"bav",1917,0,0,0
"bav",1918,0,0,0
"bav",1919,0,0,0
"bav",1920,0,0,0
"bav",1921,0,0,0
"bav",1922,0,0,0
"bav",1923,0,0,0
"bav",1924,0,0,0
"bav",1925,0,0,0
"bav",1926,0,0,0
"bav",1927,0,0,0
"bav",1928,0,0,0
"bav",1929,0,0,0
"bav",1930,0,0,0
"bav",1931,0,0,0
"bav",1932,0,0,0
"bav",1933,0,0,0
"bav",1934,0,0,0
"bav",1935,0,0,0
"bav",1936,0,0,0
"bav",1937,0,0,0
"bav",1938,0,0,0
"bav",1939,0,0,0
"bav",1940,0,0,0
"bav",1941,0,0,0
"bav",1942,0,0,0
"bav",1943,0,0,0
"bav",1944,0,0,0
"bav",1945,0,0,0
"bav",1946,0,0,0
"bav",1947,0,0,0
"bav",1948,0,0,0
"bav",1949,0,0,0
"bav",1950,0,0,0
"bav",1951,0,0,0
"bav",1952,0,0,0
"bav",1953,0,0,0
"bav",1954,0,0,0
"bav",1955,0,0,0
"bav",1956,0,0,0
"bav",1957,0,0,0
"bav",1958,0,0,0
"bav",1959,0,0,0
"bav",1960,0,0,0
"bav",1961,0,0,0
"bav",1962,0,0,0
"bav",1963,0,0,0
"bav",1964,0,0,0
"bav",1965,0,0,0
"bav",1966,0,0,0
"bav",1967,0,0,0
"bav",1968,0,0,0
"bav",1969,0,0,0
"bav",1970,0,0,0
"bav",1971,0,0,0
"bav",1972,0,0,0
"bav",1973,0,0,0
"bav",1974,0,0,0
"bav",1975,0,0,0
"bav",1976,0,0,0
"bav",1977,0,0,0
"bav",1978,0,0,0
"bav",1979,0,0,0
"bav",1980,0,0,0
"bav",1981,0,0,0
"bav",1982,0,0,0
"bav",1983,0,0,0
"bav",1984,0,0,0
"bav",1985,0,0,0
"bav",1986,0,0,0
"bav",1987,0,0,0
"bav",1988,0,0,0
"bav",1989,0,0,0
"bav",1990,0,0,0
"bav",1991,0,0,0
"bav",1992,0,0,0
"bav",1993,0,0,0
"bav",1994,0,0,0
"bav",1995,0,0,0
"bav",1996,0,0,0
"bav",1997,0,0,0
"bav",1998,0,0,0
"bav",1999,0,0,0
"bav",2000,0,0,0
"bav",2001,0,0,0
"bav",2002,0,0,0
"bav",2003,0,0,0
"bav",2004,0,0,0
"bav",2005,0,0,0
"bav",2006,0,0,0
"bav",2007,0,0,0
"bav",2008,0,0,0
"bav",2009,0,0,0
"bav",2010,0,0,0
"bav",2011,0,0,0
"bav",2012,0,0,0
"bav",2013,0,0,0
"bav",2014,0,0,0
"bel",1816,0,0,0
"bel",1817,0,0,0
"bel",1818,0,0,0
"bel",1819,0,0,0
"bel",1820,0,0,0
"bel",1821,0,0,0
"bel",1822,0,0,0
"bel",1823,0,0,0
"bel",1824,0,0,0
"bel",1825,0,0,0
"bel",1826,0,0,0
"bel",1827,0,0,0
"bel",1828,0,0,0
"bel",1829,0,0,0
"bel",1830,0,0,0
"bel",1831,0,0,0
"bel",1832,0,0,1
"bel",1833,0,0,1
"bel",1834,0,0,0
"bel",1835,0,0,0
"bel",1836,0,0,0
"bel",1837,0,0,0
"bel",1838,0,0,0
"bel",1839,0,0,0
"bel",1840,0,0,0
"bel",1841,0,0,0
"bel",1842,0,0,0
"bel",1843,0,0,0
"bel",1844,0,0,0
"bel",1845,0,0,0
"bel",1846,0,0,0
"bel",1847,0,0,0
"bel",1848,0,0,0
"bel",1849,0,0,0
"bel",1850,0,0,0
"bel",1851,0,0,0
"bel",1852,0,0,0
"bel",1853,0,0,0
"bel",1854,0,0,0
"bel",1855,0,0,0
"bel",1856,0,0,0
"bel",1857,0,0,0
"bel",1858,0,0,0
"bel",1859,0,0,0
"bel",1860,0,0,0
"bel",1861,0,0,0
"bel",1862,0,0,0
"bel",1863,0,0,0
"bel",1864,0,0,0
"bel",1865,0,0,0
"bel",1866,0,0,0
"bel",1867,0,0,0
"bel",1868,0,0,0
"bel",1869,0,0,0
"bel",1870,0,0,0
"bel",1871,0,0,0
"bel",1872,0,0,0
"bel",1873,0,0,0
"bel",1874,0,0,0
"bel",1875,0,0,0
"bel",1876,0,0,0
"bel",1877,0,0,0
"bel",1878,0,0,0
"bel",1879,0,0,0
"bel",1880,0,0,0
"bel",1881,0,0,0
"bel",1882,0,0,0
"bel",1883,0,0,0
"bel",1884,0,0,0
"bel",1885,0,0,0
"bel",1886,0,0,0
"bel",1887,0,0,0
"bel",1888,0,0,0
"bel",1889,0,0,0
"bel",1890,0,0,0
"bel",1891,0,0,0
"bel",1892,0,0,0
"bel",1893,0,0,0
"bel",1894,0,0,0
"bel",1895,0,0,0
"bel",1896,0,0,0
"bel",1897,0,0,0
"bel",1898,0,0,0
"bel",1899,0,0,0
"bel",1900,0,0,0
"bel",1901,0,0,0
"bel",1902,0,0,0
"bel",1903,0,0,0
"bel",1904,0,0,0
"bel",1905,0,0,0
"bel",1906,0,0,0
"bel",1907,0,0,0
"bel",1908,0,0,0
"bel",1909,0,0,0
"bel",1910,0,0,0
"bel",1911,0,0,0
"bel",1912,0,0,0
"bel",1913,0,0,0
"bel",1914,0,6,5
"bel",1915,0,6,5
"bel",1916,0,6,5
"bel",1917,0,6,5
"bel",1918,0,6,5
"bel",1919,0,0,0
"bel",1920,0,0,2
"bel",1921,0,0,4
"bel",1922,0,0,0
"bel",1923,0,0,4
"bel",1924,0,0,0
"bel",1925,0,0,0
"bel",1926,0,0,0
"bel",1927,0,0,0
"bel",1928,0,0,0
"bel",1929,0,0,0
"bel",1930,0,0,0
"bel",1931,0,0,0
"bel",1932,0,0,0
"bel",1933,0,0,0
"bel",1934,0,0,0
"bel",1935,0,0,0
"bel",1936,0,0,3
"bel",1937,0,0,0
"bel",1938,0,0,3
"bel",1939,0,6,5
"bel",1940,0,6,5
"bel",1941,0,0,0
"bel",1942,0,0,0
"bel",1943,0,0,0
"bel",1944,0,0,0
"bel",1945,0,0,0
"bel",1946,0,0,0
"bel",1947,0,0,0
"bel",1948,0,0,0
"bel",1949,0,0,0
"bel",1950,0,0,0
"bel",1951,0,3,5
"bel",1952,0,3,5
"bel",1953,0,3,5
"bel",1954,0,0,0
"bel",1955,0,0,0
"bel",1956,0,0,0
"bel",1957,0,0,0
"bel",1958,0,0,3
"bel",1959,0,0,0
"bel",1960,0,0,1
"bel",1961,0,0,0
"bel",1962,0,0,0
"bel",1963,0,0,0
"bel",1964,0,0,0
"bel",1965,0,0,0
"bel",1966,0,0,0
"bel",1967,0,0,0
"bel",1968,0,0,0
"bel",1969,0,0,0
"bel",1970,0,0,0
"bel",1971,0,0,0
"bel",1972,0,0,0
"bel",1973,0,0,0
"bel",1974,0,0,0
"bel",1975,0,0,0
"bel",1976,0,0,0
"bel",1977,0,0,0
"bel",1978,0,0,0
"bel",1979,0,0,0
"bel",1980,0,0,0
"bel",1981,0,0,0
"bel",1982,0,0,0
"bel",1983,0,0,0
"bel",1984,0,0,0
"bel",1985,0,0,1
"bel",1986,0,0,0
"bel",1987,1,0,3
"bel",1988,0,0,0
"bel",1989,0,0,0
"bel",1990,0,0,3
"bel",1991,0,0,3
"bel",1992,1,0,4
"bel",1993,0.5,0,2.5
"bel",1994,1,0,4
"bel",1995,1,0,4
"bel",1996,1,0,4
"bel",1997,0,0,0
"bel",1998,1,0,4
"bel",1999,0.5,0,2.5
"bel",2000,0,0,1.5
"bel",2001,0,0,0
"bel",2002,0,0,0
"bel",2003,0,0,0
"bel",2004,0,0,0
"bel",2005,0,0,0
"bel",2006,0,0,0
"bel",2007,0,0,0
"bel",2008,0,0,0
"bel",2009,0,0,0
"bel",2010,0,0,0
"bel",2011,1,0,4
"bel",2012,1,0,3
"bel",2013,0,0,0
"bel",2014,0,0,0
"ben",1816,0,0,0
"ben",1817,0,0,0
"ben",1818,0,0,0
"ben",1819,0,0,0
"ben",1820,0,0,0
"ben",1821,0,0,0
"ben",1822,0,0,0
"ben",1823,0,0,0
"ben",1824,0,0,0
"ben",1825,0,0,0
"ben",1826,0,0,0
"ben",1827,0,0,0
"ben",1828,0,0,0
"ben",1829,0,0,0
"ben",1830,0,0,0
"ben",1831,0,0,0
"ben",1832,0,0,0
"ben",1833,0,0,0
"ben",1834,0,0,0
"ben",1835,0,0,0
"ben",1836,0,0,0
"ben",1837,0,0,0
"ben",1838,0,0,0
"ben",1839,0,0,0
"ben",1840,0,0,0
"ben",1841,0,0,0
"ben",1842,0,0,0
"ben",1843,0,0,0
"ben",1844,0,0,0
"ben",1845,0,0,0
"ben",1846,0,0,0
"ben",1847,0,0,0
"ben",1848,0,0,0
"ben",1849,0,0,0
"ben",1850,0,0,0
"ben",1851,0,0,0
"ben",1852,0,0,0
"ben",1853,0,0,0
"ben",1854,0,0,0
"ben",1855,0,0,0
"ben",1856,0,0,0
"ben",1857,0,0,0
"ben",1858,0,0,0
"ben",1859,0,0,0
"ben",1860,0,0,0
"ben",1861,0,0,0
"ben",1862,0,0,0
"ben",1863,0,0,0
"ben",1864,0,0,0
"ben",1865,0,0,0
"ben",1866,0,0,0
"ben",1867,0,0,0
"ben",1868,0,0,0
"ben",1869,0,0,0
"ben",1870,0,0,0
"ben",1871,0,0,0
"ben",1872,0,0,0
"ben",1873,0,0,0
"ben",1874,0,0,0
"ben",1875,0,0,0
"ben",1876,0,0,0
"ben",1877,0,0,0
"ben",1878,0,0,0
"ben",1879,0,0,0
"ben",1880,0,0,0
"ben",1881,0,0,0
"ben",1882,0,0,0
"ben",1883,0,0,0
"ben",1884,0,0,0
"ben",1885,0,0,0
"ben",1886,0,0,0
"ben",1887,0,0,0
"ben",1888,0,0,0
"ben",1889,0,0,0
"ben",1890,0,0,0
"ben",1891,0,0,0
"ben",1892,0,0,0
"ben",1893,0,0,0
"ben",1894,0,0,0
"ben",1895,0,0,0
"ben",1896,0,0,0
"ben",1897,0,0,0
"ben",1898,0,0,0
"ben",1899,0,0,0
"ben",1900,0,0,0
"ben",1901,0,0,0
"ben",1902,0,0,0
"ben",1903,0,0,0
"ben",1904,0,0,0
"ben",1905,0,0,0
"ben",1906,0,0,0
"ben",1907,0,0,0
"ben",1908,0,0,0
"ben",1909,0,0,0
"ben",1910,0,0,0
"ben",1911,0,0,0
"ben",1912,0,0,0
"ben",1913,0,0,0
"ben",1914,0,0,0
"ben",1915,0,0,0
"ben",1916,0,0,0
"ben",1917,0,0,0
"ben",1918,0,0,0
"ben",1919,0,0,0
"ben",1920,0,0,0
"ben",1921,0,0,0
"ben",1922,0,0,0
"ben",1923,0,0,0
"ben",1924,0,0,0
"ben",1925,0,0,0
"ben",1926,0,0,0
"ben",1927,0,0,0
"ben",1928,0,0,0
"ben",1929,0,0,0
"ben",1930,0,0,0
"ben",1931,0,0,0
"ben",1932,0,0,0
"ben",1933,0,0,0
"ben",1934,0,0,0
"ben",1935,0,0,0
"ben",1936,0,0,0
"ben",1937,0,0,0
"ben",1938,0,0,0
"ben",1939,0,0,0
"ben",1940,0,0,0
"ben",1941,0,0,0
"ben",1942,0,0,0
"ben",1943,0,0,0
"ben",1944,0,0,0
"ben",1945,0,0,0
"ben",1946,0,0,0
"ben",1947,0,0,0
"ben",1948,0,0,0
"ben",1949,0,0,0
"ben",1950,0,0,0
"ben",1951,0,0,0
"ben",1952,0,0,0
"ben",1953,0,0,0
"ben",1954,0,0,0
"ben",1955,0,0,0
"ben",1956,0,0,0
"ben",1957,0,0,0
"ben",1958,0,0,0
"ben",1959,0,0,0
"ben",1960,0,0,0
"ben",1961,1,0,4
"ben",1962,0,0,0
"ben",1963,1,0,4
"ben",1964,1,0,4
"ben",1965,0,0,0
"ben",1966,0,0,0
"ben",1967,0,0,0
"ben",1968,0,0,0
"ben",1969,0,0,0
"ben",1970,0,0,0
"ben",1971,0,0,0
"ben",1972,0,0,0
"ben",1973,0,0,0
"ben",1974,0,0,0
"ben",1975,0,0,0
"ben",1976,0,0,0
"ben",1977,0,0,0
"ben",1978,0,0,0
"ben",1979,0,0,0
"ben",1980,0,0,0
"ben",1981,0,0,0
"ben",1982,0,0,0
"ben",1983,0,0,0
"ben",1984,0,0,0
"ben",1985,0,0,0
"ben",1986,0,0,0
"ben",1987,0,0,0
"ben",1988,0,0,0
"ben",1989,0,0,0
"ben",1990,0,0,0
"ben",1991,0,0,0
"ben",1992,0,0,0
"ben",1993,0,0,0
"ben",1994,0,0,0
"ben",1995,0,0,0
"ben",1996,0,0,0
"ben",1997,0,0,0
"ben",1998,0,0,0
"ben",1999,0,0,0
"ben",2000,0,0,1
"ben",2001,0,0,0
"ben",2002,0,0,0
"ben",2003,0,0,0
"ben",2004,0,0,0
"ben",2005,0,0,0
"ben",2006,0,0,0
"ben",2007,0,0,0
"ben",2008,0,0,0
"ben",2009,0,0,0
"ben",2010,0,0,0
"ben",2011,0,0,0
"ben",2012,0,0,0
"ben",2013,0,0,0
"ben",2014,0,0,0
"bfo",1816,0,0,0
"bfo",1817,0,0,0
"bfo",1818,0,0,0
"bfo",1819,0,0,0
"bfo",1820,0,0,0
"bfo",1821,0,0,0
"bfo",1822,0,0,0
"bfo",1823,0,0,0
"bfo",1824,0,0,0
"bfo",1825,0,0,0
"bfo",1826,0,0,0
"bfo",1827,0,0,0
"bfo",1828,0,0,0
"bfo",1829,0,0,0
"bfo",1830,0,0,0
"bfo",1831,0,0,0
"bfo",1832,0,0,0
"bfo",1833,0,0,0
"bfo",1834,0,0,0
"bfo",1835,0,0,0
"bfo",1836,0,0,0
"bfo",1837,0,0,0
"bfo",1838,0,0,0
"bfo",1839,0,0,0
"bfo",1840,0,0,0
"bfo",1841,0,0,0
"bfo",1842,0,0,0
"bfo",1843,0,0,0
"bfo",1844,0,0,0
"bfo",1845,0,0,0
"bfo",1846,0,0,0
"bfo",1847,0,0,0
"bfo",1848,0,0,0
"bfo",1849,0,0,0
"bfo",1850,0,0,0
"bfo",1851,0,0,0
"bfo",1852,0,0,0
"bfo",1853,0,0,0
"bfo",1854,0,0,0
"bfo",1855,0,0,0
"bfo",1856,0,0,0
"bfo",1857,0,0,0
"bfo",1858,0,0,0
"bfo",1859,0,0,0
"bfo",1860,0,0,0
"bfo",1861,0,0,0
"bfo",1862,0,0,0
"bfo",1863,0,0,0
"bfo",1864,0,0,0
"bfo",1865,0,0,0
"bfo",1866,0,0,0
"bfo",1867,0,0,0
"bfo",1868,0,0,0
"bfo",1869,0,0,0
"bfo",1870,0,0,0
"bfo",1871,0,0,0
"bfo",1872,0,0,0
"bfo",1873,0,0,0
"bfo",1874,0,0,0
"bfo",1875,0,0,0
"bfo",1876,0,0,0
"bfo",1877,0,0,0
"bfo",1878,0,0,0
"bfo",1879,0,0,0
"bfo",1880,0,0,0
"bfo",1881,0,0,0
"bfo",1882,0,0,0
"bfo",1883,0,0,0
"bfo",1884,0,0,0
"bfo",1885,0,0,0
"bfo",1886,0,0,0
"bfo",1887,0,0,0
"bfo",1888,0,0,0
"bfo",1889,0,0,0
"bfo",1890,0,0,0
"bfo",1891,0,0,0
"bfo",1892,0,0,0
"bfo",1893,0,0,0
"bfo",1894,0,0,0
"bfo",1895,0,0,0
"bfo",1896,0,0,0
"bfo",1897,0,0,0
"bfo",1898,0,0,0
"bfo",1899,0,0,0
"bfo",1900,0,0,0
"bfo",1901,0,0,0
"bfo",1902,0,0,0
"bfo",1903,0,0,0
"bfo",1904,0,0,0
"bfo",1905,0,0,0
"bfo",1906,0,0,0
"bfo",1907,0,0,0
"bfo",1908,0,0,0
"bfo",1909,0,0,0
"bfo",1910,0,0,0
"bfo",1911,0,0,0
"bfo",1912,0,0,0
"bfo",1913,0,0,0
"bfo",1914,0,0,0
"bfo",1915,0,0,0
"bfo",1916,0,0,0
"bfo",1917,0,0,0
"bfo",1918,0,0,0
"bfo",1919,0,0,0
"bfo",1920,0,0,0
"bfo",1921,0,0,0
"bfo",1922,0,0,0
"bfo",1923,0,0,0
"bfo",1924,0,0,0
"bfo",1925,0,0,0
"bfo",1926,0,0,0
"bfo",1927,0,0,0
"bfo",1928,0,0,0
"bfo",1929,0,0,0
"bfo",1930,0,0,0
"bfo",1931,0,0,0
"bfo",1932,0,0,0
"bfo",1933,0,0,0
"bfo",1934,0,0,0
"bfo",1935,0,0,0
"bfo",1936,0,0,0
"bfo",1937,0,0,0
"bfo",1938,0,0,0
"bfo",1939,0,0,0
"bfo",1940,0,0,0
"bfo",1941,0,0,0
"bfo",1942,0,0,0
"bfo",1943,0,0,0
"bfo",1944,0,0,0
"bfo",1945,0,0,0
"bfo",1946,0,0,0
"bfo",1947,0,0,0
"bfo",1948,0,0,0
"bfo",1949,0,0,0
"bfo",1950,0,0,0
"bfo",1951,0,0,0
"bfo",1952,0,0,0
"bfo",1953,0,0,0
"bfo",1954,0,0,0
"bfo",1955,0,0,0
"bfo",1956,0,0,0
"bfo",1957,0,0,0
"bfo",1958,0,0,0
"bfo",1959,0,0,0
"bfo",1960,0,0,0
"bfo",1961,0,0,0
"bfo",1962,0,0,0
"bfo",1963,0,0,0
"bfo",1964,0,0,0
"bfo",1965,0,0,0
"bfo",1966,0,0,0
"bfo",1967,0,0,0
"bfo",1968,0,0,0
"bfo",1969,0,0,0
"bfo",1970,0,0,0
"bfo",1971,0,0,0
"bfo",1972,0,0,0
"bfo",1973,0,0,0
"bfo",1974,0,1,4
"bfo",1975,0,1,4
"bfo",1976,0,0,0
"bfo",1977,0,0,0
"bfo",1978,0,0,0
"bfo",1979,0,0,0
"bfo",1980,0,0,0
"bfo",1981,0,0,0
"bfo",1982,0,0,0
"bfo",1983,0,0,0
"bfo",1984,0,0,0
"bfo",1985,1,2,4
"bfo",1986,1,2,4
"bfo",1987,0,0,0
"bfo",1988,0,0,0
"bfo",1989,0,0,0
"bfo",1990,0,0,0
"bfo",1991,0,0,0
"bfo",1992,0,0,0
"bfo",1993,0,0,0
"bfo",1994,0,0,0
"bfo",1995,0,0,0
"bfo",1996,0,0,0
"bfo",1997,0,0,0
"bfo",1998,0,0,0
"bfo",1999,0,0,0
"bfo",2000,0,0,0
"bfo",2001,0,0,0
"bfo",2002,0,0,0
"bfo",2003,0,0,0
"bfo",2004,0,0,0
"bfo",2005,0,0,0
"bfo",2006,0,0,0
"bfo",2007,0,0,0
"bfo",2008,0,0,0
"bfo",2009,0,0,0
"bfo",2010,0,0,0
"bfo",2011,0,0,0
"bfo",2012,0,0,0
"bfo",2013,0,0,0
"bfo",2014,0,0,0
"bhm",1816,0,0,0
"bhm",1817,0,0,0
"bhm",1818,0,0,0
"bhm",1819,0,0,0
"bhm",1820,0,0,0
"bhm",1821,0,0,0
"bhm",1822,0,0,0
"bhm",1823,0,0,0
"bhm",1824,0,0,0
"bhm",1825,0,0,0
"bhm",1826,0,0,0
"bhm",1827,0,0,0
"bhm",1828,0,0,0
"bhm",1829,0,0,0
"bhm",1830,0,0,0
"bhm",1831,0,0,0
"bhm",1832,0,0,0
"bhm",1833,0,0,0
"bhm",1834,0,0,0
"bhm",1835,0,0,0
"bhm",1836,0,0,0
"bhm",1837,0,0,0
"bhm",1838,0,0,0
"bhm",1839,0,0,0
"bhm",1840,0,0,0
"bhm",1841,0,0,0
"bhm",1842,0,0,0
"bhm",1843,0,0,0
"bhm",1844,0,0,0
"bhm",1845,0,0,0
"bhm",1846,0,0,0
"bhm",1847,0,0,0
"bhm",1848,0,0,0
"bhm",1849,0,0,0
"bhm",1850,0,0,0
"bhm",1851,0,0,0
"bhm",1852,0,0,0
"bhm",1853,0,0,0
"bhm",1854,0,0,0
"bhm",1855,0,0,0
"bhm",1856,0,0,0
"bhm",1857,0,0,0
"bhm",1858,0,0,0
"bhm",1859,0,0,0
"bhm",1860,0,0,0
"bhm",1861,0,0,0
"bhm",1862,0,0,0
"bhm",1863,0,0,0
"bhm",1864,0,0,0
"bhm",1865,0,0,0
"bhm",1866,0,0,0
"bhm",1867,0,0,0
"bhm",1868,0,0,0
"bhm",1869,0,0,0
"bhm",1870,0,0,0
"bhm",1871,0,0,0
"bhm",1872,0,0,0
"bhm",1873,0,0,0
"bhm",1874,0,0,0
"bhm",1875,0,0,0
"bhm",1876,0,0,0
"bhm",1877,0,0,0
"bhm",1878,0,0,0
"bhm",1879,0,0,0
"bhm",1880,0,0,0
"bhm",1881,0,0,0
"bhm",1882,0,0,0
"bhm",1883,0,0,0
"bhm",1884,0,0,0
"bhm",1885,0,0,0
"bhm",1886,0,0,0
"bhm",1887,0,0,0
"bhm",1888,0,0,0
"bhm",1889,0,0,0
"bhm",1890,0,0,0
"bhm",1891,0,0,0
"bhm",1892,0,0,0
"bhm",1893,0,0,0
"bhm",1894,0,0,0
"bhm",1895,0,0,0
"bhm",1896,0,0,0
"bhm",1897,0,0,0
"bhm",1898,0,0,0
"bhm",1899,0,0,0
"bhm",1900,0,0,0
"bhm",1901,0,0,0
"bhm",1902,0,0,0
"bhm",1903,0,0,0
"bhm",1904,0,0,0
"bhm",1905,0,0,0
"bhm",1906,0,0,0
"bhm",1907,0,0,0
"bhm",1908,0,0,0
"bhm",1909,0,0,0
"bhm",1910,0,0,0
"bhm",1911,0,0,0
"bhm",1912,0,0,0
"bhm",1913,0,0,0
"bhm",1914,0,0,0
"bhm",1915,0,0,0
"bhm",1916,0,0,0
"bhm",1917,0,0,0
"bhm",1918,0,0,0
"bhm",1919,0,0,0
"bhm",1920,0,0,0
"bhm",1921,0,0,0
"bhm",1922,0,0,0
"bhm",1923,0,0,0
"bhm",1924,0,0,0
"bhm",1925,0,0,0
"bhm",1926,0,0,0
"bhm",1927,0,0,0
"bhm",1928,0,0,0
"bhm",1929,0,0,0
"bhm",1930,0,0,0
"bhm",1931,0,0,0
"bhm",1932,0,0,0
"bhm",1933,0,0,0
"bhm",1934,0,0,0
"bhm",1935,0,0,0
"bhm",1936,0,0,0
"bhm",1937,0,0,0
"bhm",1938,0,0,0
"bhm",1939,0,0,0
"bhm",1940,0,0,0
"bhm",1941,0,0,0
"bhm",1942,0,0,0
"bhm",1943,0,0,0
"bhm",1944,0,0,0
"bhm",1945,0,0,0
"bhm",1946,0,0,0
"bhm",1947,0,0,0
"bhm",1948,0,0,0
"bhm",1949,0,0,0
"bhm",1950,0,0,0
"bhm",1951,0,0,0
"bhm",1952,0,0,0
"bhm",1953,0,0,0
"bhm",1954,0,0,0
"bhm",1955,0,0,0
"bhm",1956,0,0,0
"bhm",1957,0,0,0
"bhm",1958,0,0,0
"bhm",1959,0,0,0
"bhm",1960,0,0,0
"bhm",1961,0,0,0
"bhm",1962,0,0,0
"bhm",1963,0,0,0
"bhm",1964,0,0,0
"bhm",1965,0,0,0
"bhm",1966,0,0,0
"bhm",1967,0,0,0
"bhm",1968,0,0,0
"bhm",1969,0,0,0
"bhm",1970,0,0,0
"bhm",1971,0,0,0
"bhm",1972,0,0,0
"bhm",1973,0,0,0
"bhm",1974,0,0,0
"bhm",1975,0,0,0
"bhm",1976,0,0,0
"bhm",1977,0,0,0
"bhm",1978,0,0,0
"bhm",1979,0,0,0
"bhm",1980,0,0,0
"bhm",1981,0,0,0
"bhm",1982,0,0,0
"bhm",1983,0,0,0
"bhm",1984,0,0,1
"bhm",1985,0,0,0
"bhm",1986,0,0,0
"bhm",1987,0,0,0
"bhm",1988,0,0,0
"bhm",1989,0,0,0
"bhm",1990,0,0,0
"bhm",1991,0,0,0
"bhm",1992,0,0,0
"bhm",1993,0,0,0
"bhm",1994,0,0,0
"bhm",1995,0,0,0
"bhm",1996,0,0,0
"bhm",1997,0,0,0
"bhm",1998,0,0,0
"bhm",1999,0,0,0
"bhm",2000,0,0,0
"bhm",2001,0,0,0
"bhm",2002,0,0,0
"bhm",2003,0,0,0
"bhm",2004,0,0,0
"bhm",2005,0,0,0
"bhm",2006,0,0,0
"bhm",2007,0,0,0
"bhm",2008,0,0,0
"bhm",2009,0,0,0
"bhm",2010,0,0,0
"bhm",2011,0,0,0
"bhm",2012,0,0,0
"bhm",2013,0,0,0
"bhm",2014,0,0,0
"bhu",1816,0,0,0
"bhu",1817,0,0,0
"bhu",1818,0,0,0
"bhu",1819,0,0,0
"bhu",1820,0,0,0
"bhu",1821,0,0,0
"bhu",1822,0,0,0
"bhu",1823,0,0,0
"bhu",1824,0,0,0
"bhu",1825,0,0,0
"bhu",1826,0,0,0
"bhu",1827,0,0,0
"bhu",1828,0,0,0
"bhu",1829,0,0,0
"bhu",1830,0,0,0
"bhu",1831,0,0,0
"bhu",1832,0,0,0
"bhu",1833,0,0,0
"bhu",1834,0,0,0
"bhu",1835,0,0,0
"bhu",1836,0,0,0
"bhu",1837,0,0,0
"bhu",1838,0,0,0
"bhu",1839,0,0,0
"bhu",1840,0,0,0
"bhu",1841,0,0,0
"bhu",1842,0,0,0
"bhu",1843,0,0,0
"bhu",1844,0,0,0
"bhu",1845,0,0,0
"bhu",1846,0,0,0
"bhu",1847,0,0,0
"bhu",1848,0,0,0
"bhu",1849,0,0,0
"bhu",1850,0,0,0
"bhu",1851,0,0,0
"bhu",1852,0,0,0
"bhu",1853,0,0,0
"bhu",1854,0,0,0
"bhu",1855,0,0,0
"bhu",1856,0,0,0
"bhu",1857,0,0,0
"bhu",1858,0,0,0
"bhu",1859,0,0,0
"bhu",1860,0,0,0
"bhu",1861,0,0,0
"bhu",1862,0,0,0
"bhu",1863,0,0,0
"bhu",1864,0,0,0
"bhu",1865,0,0,0
"bhu",1866,0,0,0
"bhu",1867,0,0,0
"bhu",1868,0,0,0
"bhu",1869,0,0,0
"bhu",1870,0,0,0
"bhu",1871,0,0,0
"bhu",1872,0,0,0
"bhu",1873,0,0,0
"bhu",1874,0,0,0
"bhu",1875,0,0,0
"bhu",1876,0,0,0
"bhu",1877,0,0,0
"bhu",1878,0,0,0
"bhu",1879,0,0,0
"bhu",1880,0,0,0
"bhu",1881,0,0,0
"bhu",1882,0,0,0
"bhu",1883,0,0,0
"bhu",1884,0,0,0
"bhu",1885,0,0,0
"bhu",1886,0,0,0
"bhu",1887,0,0,0
"bhu",1888,0,0,0
"bhu",1889,0,0,0
"bhu",1890,0,0,0
"bhu",1891,0,0,0
"bhu",1892,0,0,0
"bhu",1893,0,0,0
"bhu",1894,0,0,0
"bhu",1895,0,0,0
"bhu",1896,0,0,0
"bhu",1897,0,0,0
"bhu",1898,0,0,0
"bhu",1899,0,0,0
"bhu",1900,0,0,0
"bhu",1901,0,0,0
"bhu",1902,0,0,0
"bhu",1903,0,0,0
"bhu",1904,0,0,0
"bhu",1905,0,0,0
"bhu",1906,0,0,0
"bhu",1907,0,0,0
"bhu",1908,0,0,0
"bhu",1909,0,0,0
"bhu",1910,0,0,0
"bhu",1911,0,0,0
"bhu",1912,0,0,0
"bhu",1913,0,0,0
"bhu",1914,0,0,0
"bhu",1915,0,0,0
"bhu",1916,0,0,0
"bhu",1917,0,0,0
"bhu",1918,0,0,0
"bhu",1919,0,0,0
"bhu",1920,0,0,0
"bhu",1921,0,0,0
"bhu",1922,0,0,0
"bhu",1923,0,0,0
"bhu",1924,0,0,0
"bhu",1925,0,0,0
"bhu",1926,0,0,0
"bhu",1927,0,0,0
"bhu",1928,0,0,0
"bhu",1929,0,0,0
"bhu",1930,0,0,0
"bhu",1931,0,0,0
"bhu",1932,0,0,0
"bhu",1933,0,0,0
"bhu",1934,0,0,0
"bhu",1935,0,0,0
"bhu",1936,0,0,0
"bhu",1937,0,0,0
"bhu",1938,0,0,0
"bhu",1939,0,0,0
"bhu",1940,0,0,0
"bhu",1941,0,0,0
"bhu",1942,0,0,0
"bhu",1943,0,0,0
"bhu",1944,0,0,0
"bhu",1945,0,0,0
"bhu",1946,0,0,0
"bhu",1947,0,0,0
"bhu",1948,0,0,0
"bhu",1949,0,0,0
"bhu",1950,0,0,0
"bhu",1951,0,0,0
"bhu",1952,0,0,0
"bhu",1953,0,0,0
"bhu",1954,0,0,0
"bhu",1955,0,0,0
"bhu",1956,0,0,0
"bhu",1957,0,0,0
"bhu",1958,0,0,0
"bhu",1959,0,0,0
"bhu",1960,0,0,0
"bhu",1961,0,0,0
"bhu",1962,0,0,0
"bhu",1963,0,0,0
"bhu",1964,0,0,0
"bhu",1965,0,0,0
"bhu",1966,0,0,0
"bhu",1967,0,0,0
"bhu",1968,0,0,0
"bhu",1969,0,0,0
"bhu",1970,0,0,0
"bhu",1971,0,0,0
"bhu",1972,0,0,0
"bhu",1973,0,0,0
"bhu",1974,0,0,0
"bhu",1975,0,0,0
"bhu",1976,0,0,0
"bhu",1977,0,0,0
"bhu",1978,0,0,0
"bhu",1979,0,0,0
"bhu",1980,0,0,0
"bhu",1981,0,0,0
"bhu",1982,0,0,0
"bhu",1983,0,0,0
"bhu",1984,0,0,0
"bhu",1985,0,0,0
"bhu",1986,0,0,0
"bhu",1987,0,0,0
"bhu",1988,0,0,0
"bhu",1989,0,0,0
"bhu",1990,0,0,0
"bhu",1991,0,0,0
"bhu",1992,0,0,0
"bhu",1993,0,0,0
"bhu",1994,0,0,0
"bhu",1995,0,0,0
"bhu",1996,0,0,0
"bhu",1997,0,0,0
"bhu",1998,0,0,0
"bhu",1999,0,0,0
"bhu",2000,0,0,0
"bhu",2001,0,0,0
"bhu",2002,0,0,0
"bhu",2003,0,0,0
"bhu",2004,0,0,0
"bhu",2005,0,0,1
"bhu",2006,0,0,1
"bhu",2007,0,0,0
"bhu",2008,0,0,0
"bhu",2009,0,0,0
"bhu",2010,0,0,0
"bhu",2011,0,0,0
"bhu",2012,0,0,0
"bhu",2013,0,0,0
"bhu",2014,0,0,0
"blr",1816,0,0,0
"blr",1817,0,0,0
"blr",1818,0,0,0
"blr",1819,0,0,0
"blr",1820,0,0,0
"blr",1821,0,0,0
"blr",1822,0,0,0
"blr",1823,0,0,0
"blr",1824,0,0,0
"blr",1825,0,0,0
"blr",1826,0,0,0
"blr",1827,0,0,0
"blr",1828,0,0,0
"blr",1829,0,0,0
"blr",1830,0,0,0
"blr",1831,0,0,0
"blr",1832,0,0,0
"blr",1833,0,0,0
"blr",1834,0,0,0
"blr",1835,0,0,0
"blr",1836,0,0,0
"blr",1837,0,0,0
"blr",1838,0,0,0
"blr",1839,0,0,0
"blr",1840,0,0,0
"blr",1841,0,0,0
"blr",1842,0,0,0
"blr",1843,0,0,0
"blr",1844,0,0,0
"blr",1845,0,0,0
"blr",1846,0,0,0
"blr",1847,0,0,0
"blr",1848,0,0,0
"blr",1849,0,0,0
"blr",1850,0,0,0
"blr",1851,0,0,0
"blr",1852,0,0,0
"blr",1853,0,0,0
"blr",1854,0,0,0
"blr",1855,0,0,0
"blr",1856,0,0,0
"blr",1857,0,0,0
"blr",1858,0,0,0
"blr",1859,0,0,0
"blr",1860,0,0,0
"blr",1861,0,0,0
"blr",1862,0,0,0
"blr",1863,0,0,0
"blr",1864,0,0,0
"blr",1865,0,0,0
"blr",1866,0,0,0
"blr",1867,0,0,0
"blr",1868,0,0,0
"blr",1869,0,0,0
"blr",1870,0,0,0
"blr",1871,0,0,0
"blr",1872,0,0,0
"blr",1873,0,0,0
"blr",1874,0,0,0
"blr",1875,0,0,0
"blr",1876,0,0,0
"blr",1877,0,0,0
"blr",1878,0,0,0
"blr",1879,0,0,0
"blr",1880,0,0,0
"blr",1881,0,0,0
"blr",1882,0,0,0
"blr",1883,0,0,0
"blr",1884,0,0,0
"blr",1885,0,0,0
"blr",1886,0,0,0
"blr",1887,0,0,0
"blr",1888,0,0,0
"blr",1889,0,0,0
"blr",1890,0,0,0
"blr",1891,0,0,0
"blr",1892,0,0,0
"blr",1893,0,0,0
"blr",1894,0,0,0
"blr",1895,0,0,0
"blr",1896,0,0,0
"blr",1897,0,0,0
"blr",1898,0,0,0
"blr",1899,0,0,0
"blr",1900,0,0,0
"blr",1901,0,0,0
"blr",1902,0,0,0
"blr",1903,0,0,0
"blr",1904,0,0,0
"blr",1905,0,0,0
"blr",1906,0,0,0
"blr",1907,0,0,0
"blr",1908,0,0,0
"blr",1909,0,0,0
"blr",1910,0,0,0
"blr",1911,0,0,0
"blr",1912,0,0,0
"blr",1913,0,0,0
"blr",1914,0,0,0
"blr",1915,0,0,0
"blr",1916,0,0,0
"blr",1917,0,0,0
"blr",1918,0,0,0
"blr",1919,0,0,0
"blr",1920,0,0,0
"blr",1921,0,0,0
"blr",1922,0,0,0
"blr",1923,0,0,0
"blr",1924,0,0,0
"blr",1925,0,0,0
"blr",1926,0,0,0
"blr",1927,0,0,0
"blr",1928,0,0,0
"blr",1929,0,0,0
"blr",1930,0,0,0
"blr",1931,0,0,0
"blr",1932,0,0,0
"blr",1933,0,0,0
"blr",1934,0,0,0
"blr",1935,0,0,0
"blr",1936,0,0,0
"blr",1937,0,0,0
"blr",1938,0,0,0
"blr",1939,0,0,0
"blr",1940,0,0,0
"blr",1941,0,0,0
"blr",1942,0,0,0
"blr",1943,0,0,0
"blr",1944,0,0,0
"blr",1945,0,0,0
"blr",1946,0,0,0
"blr",1947,0,0,0
"blr",1948,0,0,0
"blr",1949,0,0,0
"blr",1950,0,0,0
"blr",1951,0,0,0
"blr",1952,0,0,0
"blr",1953,0,0,0
"blr",1954,0,0,0
"blr",1955,0,0,0
"blr",1956,0,0,0
"blr",1957,0,0,0
"blr",1958,0,0,0
"blr",1959,0,0,0
"blr",1960,0,0,0
"blr",1961,0,0,0
"blr",1962,0,0,0
"blr",1963,0,0,0
"blr",1964,0,0,0
"blr",1965,0,0,0
"blr",1966,0,0,0
"blr",1967,0,0,0
"blr",1968,0,0,0
"blr",1969,0,0,0
"blr",1970,0,0,0
"blr",1971,0,0,0
"blr",1972,0,0,0
"blr",1973,0,0,0
"blr",1974,0,0,0
"blr",1975,0,0,0
"blr",1976,0,0,0
"blr",1977,0,0,0
"blr",1978,0,0,0
"blr",1979,0,0,0
"blr",1980,0,0,0
"blr",1981,0,0,0
"blr",1982,0,0,0
"blr",1983,0,0,0
"blr",1984,0,0,0
"blr",1985,0,0,0
"blr",1986,0,0,0
"blr",1987,0,0,0
"blr",1988,0,0,0
"blr",1989,0,0,0
"blr",1990,0,0,0
"blr",1991,0,0,0
"blr",1992,0,0,0
"blr",1993,0,0,0
"blr",1994,0,0,0
"blr",1995,0,0,0
"blr",1996,0,0,0
"blr",1997,0,0,0
"blr",1998,0,0,0
"blr",1999,0,0,0
"blr",2000,0,0,0
"blr",2001,1,0,3
"blr",2002,0,0,0
"blr",2003,0,0,0
"blr",2004,0,0,0
"blr",2005,0,0,0
"blr",2006,0,0,0
"blr",2007,0,0,0
"blr",2008,0,0,0
"blr",2009,0,0,0
"blr",2010,0,0,0
"blr",2011,0,0,0
"blr",2012,0,0,0
"blr",2013,0,0,0
"blr",2014,0,0,0
"blz",1816,0,0,0
"blz",1817,0,0,0
"blz",1818,0,0,0
"blz",1819,0,0,0
"blz",1820,0,0,0
"blz",1821,0,0,0
"blz",1822,0,0,0
"blz",1823,0,0,0
"blz",1824,0,0,0
"blz",1825,0,0,0
"blz",1826,0,0,0
"blz",1827,0,0,0
"blz",1828,0,0,0
"blz",1829,0,0,0
"blz",1830,0,0,0
"blz",1831,0,0,0
"blz",1832,0,0,0
"blz",1833,0,0,0
"blz",1834,0,0,0
"blz",1835,0,0,0
"blz",1836,0,0,0
"blz",1837,0,0,0
"blz",1838,0,0,0
"blz",1839,0,0,0
"blz",1840,0,0,0
"blz",1841,0,0,0
"blz",1842,0,0,0
"blz",1843,0,0,0
"blz",1844,0,0,0
"blz",1845,0,0,0
"blz",1846,0,0,0
"blz",1847,0,0,0
"blz",1848,0,0,0
"blz",1849,0,0,0
"blz",1850,0,0,0
"blz",1851,0,0,0
"blz",1852,0,0,0
"blz",1853,0,0,0
"blz",1854,0,0,0
"blz",1855,0,0,0
"blz",1856,0,0,0
"blz",1857,0,0,0
"blz",1858,0,0,0
"blz",1859,0,0,0
"blz",1860,0,0,0
"blz",1861,0,0,0
"blz",1862,0,0,0
"blz",1863,0,0,0
"blz",1864,0,0,0
"blz",1865,0,0,0
"blz",1866,0,0,0
"blz",1867,0,0,0
"blz",1868,0,0,0
"blz",1869,0,0,0
"blz",1870,0,0,0
"blz",1871,0,0,0
"blz",1872,0,0,0
"blz",1873,0,0,0
"blz",1874,0,0,0
"blz",1875,0,0,0
"blz",1876,0,0,0
"blz",1877,0,0,0
"blz",1878,0,0,0
"blz",1879,0,0,0
"blz",1880,0,0,0
"blz",1881,0,0,0
"blz",1882,0,0,0
"blz",1883,0,0,0
"blz",1884,0,0,0
"blz",1885,0,0,0
"blz",1886,0,0,0
"blz",1887,0,0,0
"blz",1888,0,0,0
"blz",1889,0,0,0
"blz",1890,0,0,0
"blz",1891,0,0,0
"blz",1892,0,0,0
"blz",1893,0,0,0
"blz",1894,0,0,0
"blz",1895,0,0,0
"blz",1896,0,0,0
"blz",1897,0,0,0
"blz",1898,0,0,0
"blz",1899,0,0,0
"blz",1900,0,0,0
"blz",1901,0,0,0
"blz",1902,0,0,0
"blz",1903,0,0,0
"blz",1904,0,0,0
"blz",1905,0,0,0
"blz",1906,0,0,0
"blz",1907,0,0,0
"blz",1908,0,0,0
"blz",1909,0,0,0
"blz",1910,0,0,0
"blz",1911,0,0,0
"blz",1912,0,0,0
"blz",1913,0,0,0
"blz",1914,0,0,0
"blz",1915,0,0,0
"blz",1916,0,0,0
"blz",1917,0,0,0
"blz",1918,0,0,0
"blz",1919,0,0,0
"blz",1920,0,0,0
"blz",1921,0,0,0
"blz",1922,0,0,0
"blz",1923,0,0,0
"blz",1924,0,0,0
"blz",1925,0,0,0
"blz",1926,0,0,0
"blz",1927,0,0,0
"blz",1928,0,0,0
"blz",1929,0,0,0
"blz",1930,0,0,0
"blz",1931,0,0,0
"blz",1932,0,0,0
"blz",1933,0,0,0
"blz",1934,0,0,0
"blz",1935,0,0,0
"blz",1936,0,0,0
"blz",1937,0,0,0
"blz",1938,0,0,0
"blz",1939,0,0,0
"blz",1940,0,0,0
"blz",1941,0,0,0
"blz",1942,0,0,0
"blz",1943,0,0,0
"blz",1944,0,0,0
"blz",1945,0,0,0
"blz",1946,0,0,0
"blz",1947,0,0,0
"blz",1948,0,0,0
"blz",1949,0,0,0
"blz",1950,0,0,0
"blz",1951,0,0,0
"blz",1952,0,0,0
"blz",1953,0,0,0
"blz",1954,0,0,0
"blz",1955,0,0,0
"blz",1956,0,0,0
"blz",1957,0,0,0
"blz",1958,0,0,0
"blz",1959,0,0,0
"blz",1960,0,0,0
"blz",1961,0,0,0
"blz",1962,0,0,0
"blz",1963,0,0,0
"blz",1964,0,0,0
"blz",1965,0,0,0
"blz",1966,0,0,0
"blz",1967,0,0,0
"blz",1968,0,0,0
"blz",1969,0,0,0
"blz",1970,0,0,0
"blz",1971,0,0,0
"blz",1972,0,0,0
"blz",1973,0,0,0
"blz",1974,0,0,0
"blz",1975,0,0,0
"blz",1976,0,0,0
"blz",1977,0,0,0
"blz",1978,0,0,0
"blz",1979,0,0,0
"blz",1980,0,0,0
"blz",1981,0,0,0
"blz",1982,0,0,0
"blz",1983,0,0,0
"blz",1984,0,0,0
"blz",1985,0,0,0
"blz",1986,0,0,0
"blz",1987,0,0,0
"blz",1988,0,0,0
"blz",1989,0,0,0
"blz",1990,0,0,0
"blz",1991,0,0,0
"blz",1992,0,0,0
"blz",1993,1,0,3
"blz",1994,0,0,0
"blz",1995,1,0,3
"blz",1996,0,0,0
"blz",1997,1,0,3
"blz",1998,0,0,0
"blz",1999,0,0,0
"blz",2000,1,0,3
"blz",2001,1,0,3
"blz",2002,0,0,0
"blz",2003,0,0,0
"blz",2004,0,0,0
"blz",2005,0,0,0
"blz",2006,0,0,0
"blz",2007,0,0,0
"blz",2008,0,0,0
"blz",2009,0,0,0
"blz",2010,0,0,0
"blz",2011,0,0,0
"blz",2012,0,0,0
"blz",2013,0,0,0
"blz",2014,0,0,0
"bng",1816,0,0,0
"bng",1817,0,0,0
"bng",1818,0,0,0
"bng",1819,0,0,0
"bng",1820,0,0,0
"bng",1821,0,0,0
"bng",1822,0,0,0
"bng",1823,0,0,0
"bng",1824,0,0,0
"bng",1825,0,0,0
"bng",1826,0,0,0
"bng",1827,0,0,0
"bng",1828,0,0,0
"bng",1829,0,0,0
"bng",1830,0,0,0
"bng",1831,0,0,0
"bng",1832,0,0,0
"bng",1833,0,0,0
"bng",1834,0,0,0
"bng",1835,0,0,0
"bng",1836,0,0,0
"bng",1837,0,0,0
"bng",1838,0,0,0
"bng",1839,0,0,0
"bng",1840,0,0,0
"bng",1841,0,0,0
"bng",1842,0,0,0
"bng",1843,0,0,0
"bng",1844,0,0,0
"bng",1845,0,0,0
"bng",1846,0,0,0
"bng",1847,0,0,0
"bng",1848,0,0,0
"bng",1849,0,0,0
"bng",1850,0,0,0
"bng",1851,0,0,0
"bng",1852,0,0,0
"bng",1853,0,0,0
"bng",1854,0,0,0
"bng",1855,0,0,0
"bng",1856,0,0,0
"bng",1857,0,0,0
"bng",1858,0,0,0
"bng",1859,0,0,0
"bng",1860,0,0,0
"bng",1861,0,0,0
"bng",1862,0,0,0
"bng",1863,0,0,0
"bng",1864,0,0,0
"bng",1865,0,0,0
"bng",1866,0,0,0
"bng",1867,0,0,0
"bng",1868,0,0,0
"bng",1869,0,0,0
"bng",1870,0,0,0
"bng",1871,0,0,0
"bng",1872,0,0,0
"bng",1873,0,0,0
"bng",1874,0,0,0
"bng",1875,0,0,0
"bng",1876,0,0,0
"bng",1877,0,0,0
"bng",1878,0,0,0
"bng",1879,0,0,0
"bng",1880,0,0,0
"bng",1881,0,0,0
"bng",1882,0,0,0
"bng",1883,0,0,0
"bng",1884,0,0,0
"bng",1885,0,0,0
"bng",1886,0,0,0
"bng",1887,0,0,0
"bng",1888,0,0,0
"bng",1889,0,0,0
"bng",1890,0,0,0
"bng",1891,0,0,0
"bng",1892,0,0,0
"bng",1893,0,0,0
"bng",1894,0,0,0
"bng",1895,0,0,0
"bng",1896,0,0,0
"bng",1897,0,0,0
"bng",1898,0,0,0
"bng",1899,0,0,0
"bng",1900,0,0,0
"bng",1901,0,0,0
"bng",1902,0,0,0
"bng",1903,0,0,0
"bng",1904,0,0,0
"bng",1905,0,0,0
"bng",1906,0,0,0
"bng",1907,0,0,0
"bng",1908,0,0,0
"bng",1909,0,0,0
"bng",1910,0,0,0
"bng",1911,0,0,0
"bng",1912,0,0,0
"bng",1913,0,0,0
"bng",1914,0,0,0
"bng",1915,0,0,0
"bng",1916,0,0,0
"bng",1917,0,0,0
"bng",1918,0,0,0
"bng",1919,0,0,0
"bng",1920,0,0,0
"bng",1921,0,0,0
"bng",1922,0,0,0
"bng",1923,0,0,0
"bng",1924,0,0,0
"bng",1925,0,0,0
"bng",1926,0,0,0
"bng",1927,0,0,0
"bng",1928,0,0,0
"bng",1929,0,0,0
"bng",1930,0,0,0
"bng",1931,0,0,0
"bng",1932,0,0,0
"bng",1933,0,0,0
"bng",1934,0,0,0
"bng",1935,0,0,0
"bng",1936,0,0,0
"bng",1937,0,0,0
"bng",1938,0,0,0
"bng",1939,0,0,0
"bng",1940,0,0,0
"bng",1941,0,0,0
"bng",1942,0,0,0
"bng",1943,0,0,0
"bng",1944,0,0,0
"bng",1945,0,0,0
"bng",1946,0,0,0
"bng",1947,0,0,0
"bng",1948,0,0,0
"bng",1949,0,0,0
"bng",1950,0,0,0
"bng",1951,0,0,0
"bng",1952,0,0,0
"bng",1953,0,0,0
"bng",1954,0,0,0
"bng",1955,0,0,0
"bng",1956,0,0,0
"bng",1957,0,0,0
"bng",1958,0,0,0
"bng",1959,0,0,0
"bng",1960,0,0,0
"bng",1961,0,0,0
"bng",1962,0,0,0
"bng",1963,0,0,0
"bng",1964,0,0,0
"bng",1965,0,0,0
"bng",1966,0,0,0
"bng",1967,0,0,0
"bng",1968,0,0,0
"bng",1969,0,0,0
"bng",1970,0,0,0
"bng",1971,0,0,0
"bng",1972,0,0,0
"bng",1973,0,0,0
"bng",1974,0,0,0
"bng",1975,0,0,0
"bng",1976,1,1,4
"bng",1977,0,0,0
"bng",1978,0,0,0
"bng",1979,0,0,0
"bng",1980,0,0,1
"bng",1981,0,1,4
"bng",1982,0,0,0
"bng",1983,0,1,4
"bng",1984,0,1,4
"bng",1985,0,0,0
"bng",1986,1,1,3
"bng",1987,0,1,4
"bng",1988,0,0,0
"bng",1989,0,0,0
"bng",1990,0,0,3
"bng",1991,0.5,0,3
"bng",1992,0,0,0
"bng",1993,0,0,0
"bng",1994,0,0,0
"bng",1995,0,0,4
"bng",1996,0,0,1
"bng",1997,0,0,0
"bng",1998,0,0,0
"bng",1999,0,0,0
"bng",2000,0,0,0
"bng",2001,0,0,1
"bng",2002,0.5,0.5,4
"bng",2003,1,1,4
"bng",2004,1,1,4
"bng",2005,1,1,4
"bng",2006,1,1,4
"bng",2007,1,1,4
"bng",2008,0.25,0.25,3.5
"bng",2009,0,0.333333333333333,3.33333333333333
"bng",2010,0,1,4
"bng",2011,0.5,0,1
"bng",2012,0,0,1
"bng",2013,0,0,1
"bng",2014,1,1,4
"bol",1816,0,0,0
"bol",1817,0,0,0
"bol",1818,0,0,0
"bol",1819,0,0,0
"bol",1820,0,0,0
"bol",1821,0,0,0
"bol",1822,0,0,0
"bol",1823,0,0,0
"bol",1824,0,0,0
"bol",1825,0,0,0
"bol",1826,0,0,0
"bol",1827,0,0,0
"bol",1828,0,0,0
"bol",1829,0,0,0
"bol",1830,0,0,0
"bol",1831,0,0,0
"bol",1832,0,0,0
"bol",1833,0,0,0
"bol",1834,0,0,0
"bol",1835,0,0,0
"bol",1836,0,0,0
"bol",1837,0,0,0
"bol",1838,0,0,0
"bol",1839,0,0,0
"bol",1840,0,0,0
"bol",1841,0,0,0
"bol",1842,0,0,0
"bol",1843,0,0,0
"bol",1844,0,0,0
"bol",1845,0,0,0
"bol",1846,0,0,0
"bol",1847,0,0,0
"bol",1848,0,0,0
"bol",1849,0,0,0
"bol",1850,0,0,0
"bol",1851,0,0,0
"bol",1852,0,0,0
"bol",1853,0,0,0
"bol",1854,0,0,0
"bol",1855,0,0,0
"bol",1856,0,0,0
"bol",1857,0,0,1
"bol",1858,0,0,1
"bol",1859,0,0,0
"bol",1860,0,0,0
"bol",1861,1,0,4
"bol",1862,0,0,0
"bol",1863,0,0,2
"bol",1864,0,0,0
"bol",1865,0,0,0
"bol",1866,0.5,0,3.5
"bol",1867,0,0,0
"bol",1868,0,0,0
"bol",1869,0,0,0
"bol",1870,0,0,0
"bol",1871,0,0,0
"bol",1872,0,0,0
"bol",1873,0,0,0
"bol",1874,0,0,0
"bol",1875,1,0,4
"bol",1876,0,0,0
"bol",1877,0,0,0
"bol",1878,1,6,5
"bol",1879,1,6,5
"bol",1880,1,6,5
"bol",1881,0,0,0
"bol",1882,0,0,0
"bol",1883,0,0,0
"bol",1884,0,0,1
"bol",1885,0,0,0
"bol",1886,1,0,1
"bol",1887,1,0,1
"bol",1888,1,0,1
"bol",1889,0,0,0
"bol",1890,0,0,0
"bol",1891,0,0,0
"bol",1892,0,0,0
"bol",1893,0,0,0
"bol",1894,0,0,0
"bol",1895,0,0,0
"bol",1896,0,0,0
"bol",1897,0,0,0
"bol",1898,0,0,0
"bol",1899,0,0,0
"bol",1900,0,0,0
"bol",1901,0,0,0
"bol",1902,0,0,3
"bol",1903,0,0,3
"bol",1904,0,0,0
"bol",1905,0,0,0
"bol",1906,1,0,3.5
"bol",1907,0,0,0
"bol",1908,0,0,0
"bol",1909,0,0,0
"bol",1910,1,1,4
"bol",1911,1,1,4
"bol",1912,0,0,0
"bol",1913,0,0,0
"bol",1914,0,0,0
"bol",1915,0,0,0
"bol",1916,0,0,0
"bol",1917,0,0,0
"bol",1918,1,0,3
"bol",1919,0,0,0
"bol",1920,1,0,1
"bol",1921,1,0,3
"bol",1922,0,0,0
"bol",1923,1,0,3
"bol",1924,1,0,3
"bol",1925,0,0,0
"bol",1926,0,0,0
"bol",1927,1,0,3.5
"bol",1928,1,1,4
"bol",1929,1,1,4
"bol",1930,1,1,4
"bol",1931,1,6,5
"bol",1932,1,6,5
"bol",1933,1,6,5
"bol",1934,1,6,5
"bol",1935,1,6,5
"bol",1936,1,1,4
"bol",1937,0,0,0
"bol",1938,1,0,3
"bol",1939,0,0,0
"bol",1940,0,0,0
"bol",1941,0,0,0
"bol",1942,0,0,0
"bol",1943,0,0,4
"bol",1944,0,0,4
"bol",1945,0,0,0
"bol",1946,0,0,0
"bol",1947,0,0,0
"bol",1948,0,0,0
"bol",1949,0,0,0
"bol",1950,0,0,0
"bol",1951,0,0,0
"bol",1952,0,0,0
"bol",1953,0,0,0
"bol",1954,0,0,0
"bol",1955,0,0,0
"bol",1956,0,0,0
"bol",1957,0,0,0
"bol",1958,0,0,0
"bol",1959,0,0,0
"bol",1960,0,0,0
"bol",1961,0,0,0
"bol",1962,0,0,0
"bol",1963,0,0,0
"bol",1964,0,0,0
"bol",1965,0,0,0
"bol",1966,0,0,0
"bol",1967,0,0,0
"bol",1968,0,0,0
"bol",1969,0,0,0
"bol",1970,0,0,0
"bol",1971,0,0,0
"bol",1972,0,0,0
"bol",1973,0,0,0
"bol",1974,0,0,0
"bol",1975,0,0,0
"bol",1976,0,0,0
"bol",1977,0,0,0
"bol",1978,1,0,3
"bol",1979,0,0,0
"bol",1980,0,0,0
"bol",1981,0,0,0
"bol",1982,0,0,0
"bol",1983,0,0,0
"bol",1984,0,0,0
"bol",1985,0,0,0
"bol",1986,0,0,0
"bol",1987,0,0,0
"bol",1988,0,0,0
"bol",1989,0,0,0
"bol",1990,0,0,0
"bol",1991,0,0,0
"bol",1992,0,0,0
"bol",1993,0,0,0
"bol",1994,0,0,0
"bol",1995,0,0,0
"bol",1996,0,0,0
"bol",1997,0,0,0
"bol",1998,0,0,0
"bol",1999,0,0,0
"bol",2000,0,0,0
"bol",2001,0,0,0
"bol",2002,0,0,0
"bol",2003,0,0,0
"bol",2004,0,0,0
"bol",2005,0,0,0
"bol",2006,0,0,0
"bol",2007,0,0,0
"bol",2008,0,0,0
"bol",2009,0,0,0
"bol",2010,0,0,0
"bol",2011,0,0,0
"bol",2012,0,0,0
"bol",2013,0,0,0
"bol",2014,0,0,0
"bos",1816,0,0,0
"bos",1817,0,0,0
"bos",1818,0,0,0
"bos",1819,0,0,0
"bos",1820,0,0,0
"bos",1821,0,0,0
"bos",1822,0,0,0
"bos",1823,0,0,0
"bos",1824,0,0,0
"bos",1825,0,0,0
"bos",1826,0,0,0
"bos",1827,0,0,0
"bos",1828,0,0,0
"bos",1829,0,0,0
"bos",1830,0,0,0
"bos",1831,0,0,0
"bos",1832,0,0,0
"bos",1833,0,0,0
"bos",1834,0,0,0
"bos",1835,0,0,0
"bos",1836,0,0,0
"bos",1837,0,0,0
"bos",1838,0,0,0
"bos",1839,0,0,0
"bos",1840,0,0,0
"bos",1841,0,0,0
"bos",1842,0,0,0
"bos",1843,0,0,0
"bos",1844,0,0,0
"bos",1845,0,0,0
"bos",1846,0,0,0
"bos",1847,0,0,0
"bos",1848,0,0,0
"bos",1849,0,0,0
"bos",1850,0,0,0
"bos",1851,0,0,0
"bos",1852,0,0,0
"bos",1853,0,0,0
"bos",1854,0,0,0
"bos",1855,0,0,0
"bos",1856,0,0,0
"bos",1857,0,0,0
"bos",1858,0,0,0
"bos",1859,0,0,0
"bos",1860,0,0,0
"bos",1861,0,0,0
"bos",1862,0,0,0
"bos",1863,0,0,0
"bos",1864,0,0,0
"bos",1865,0,0,0
"bos",1866,0,0,0
"bos",1867,0,0,0
"bos",1868,0,0,0
"bos",1869,0,0,0
"bos",1870,0,0,0
"bos",1871,0,0,0
"bos",1872,0,0,0
"bos",1873,0,0,0
"bos",1874,0,0,0
"bos",1875,0,0,0
"bos",1876,0,0,0
"bos",1877,0,0,0
"bos",1878,0,0,0
"bos",1879,0,0,0
"bos",1880,0,0,0
"bos",1881,0,0,0
"bos",1882,0,0,0
"bos",1883,0,0,0
"bos",1884,0,0,0
"bos",1885,0,0,0
"bos",1886,0,0,0
"bos",1887,0,0,0
"bos",1888,0,0,0
"bos",1889,0,0,0
"bos",1890,0,0,0
"bos",1891,0,0,0
"bos",1892,0,0,0
"bos",1893,0,0,0
"bos",1894,0,0,0
"bos",1895,0,0,0
"bos",1896,0,0,0
"bos",1897,0,0,0
"bos",1898,0,0,0
"bos",1899,0,0,0
"bos",1900,0,0,0
"bos",1901,0,0,0
"bos",1902,0,0,0
"bos",1903,0,0,0
"bos",1904,0,0,0
"bos",1905,0,0,0
"bos",1906,0,0,0
"bos",1907,0,0,0
"bos",1908,0,0,0
"bos",1909,0,0,0
"bos",1910,0,0,0
"bos",1911,0,0,0
"bos",1912,0,0,0
"bos",1913,0,0,0
"bos",1914,0,0,0
"bos",1915,0,0,0
"bos",1916,0,0,0
"bos",1917,0,0,0
"bos",1918,0,0,0
"bos",1919,0,0,0
"bos",1920,0,0,0
"bos",1921,0,0,0
"bos",1922,0,0,0
"bos",1923,0,0,0
"bos",1924,0,0,0
"bos",1925,0,0,0
"bos",1926,0,0,0
"bos",1927,0,0,0
"bos",1928,0,0,0
"bos",1929,0,0,0
"bos",1930,0,0,0
"bos",1931,0,0,0
"bos",1932,0,0,0
"bos",1933,0,0,0
"bos",1934,0,0,0
"bos",1935,0,0,0
"bos",1936,0,0,0
"bos",1937,0,0,0
"bos",1938,0,0,0
"bos",1939,0,0,0
"bos",1940,0,0,0
"bos",1941,0,0,0
"bos",1942,0,0,0
"bos",1943,0,0,0
"bos",1944,0,0,0
"bos",1945,0,0,0
"bos",1946,0,0,0
"bos",1947,0,0,0
"bos",1948,0,0,0
"bos",1949,0,0,0
"bos",1950,0,0,0
"bos",1951,0,0,0
"bos",1952,0,0,0
"bos",1953,0,0,0
"bos",1954,0,0,0
"bos",1955,0,0,0
"bos",1956,0,0,0
"bos",1957,0,0,0
"bos",1958,0,0,0
"bos",1959,0,0,0
"bos",1960,0,0,0
"bos",1961,0,0,0
"bos",1962,0,0,0
"bos",1963,0,0,0
"bos",1964,0,0,0
"bos",1965,0,0,0
"bos",1966,0,0,0
"bos",1967,0,0,0
"bos",1968,0,0,0
"bos",1969,0,0,0
"bos",1970,0,0,0
"bos",1971,0,0,0
"bos",1972,0,0,0
"bos",1973,0,0,0
"bos",1974,0,0,0
"bos",1975,0,0,0
"bos",1976,0,0,0
"bos",1977,0,0,0
"bos",1978,0,0,0
"bos",1979,0,0,0
"bos",1980,0,0,0
"bos",1981,0,0,0
"bos",1982,0,0,0
"bos",1983,0,0,0
"bos",1984,0,0,0
"bos",1985,0,0,0
"bos",1986,0,0,0
"bos",1987,0,0,0
"bos",1988,0,0,0
"bos",1989,0,0,0
"bos",1990,0,0,0
"bos",1991,0,0,0
"bos",1992,0,3.5,4
"bos",1993,0,3.66666666666667,4
"bos",1994,0,2.66666666666667,3
"bos",1995,0,0,0
"bos",1996,0,0,1
"bos",1997,0,0,0
"bos",1998,0,0,0
"bos",1999,0,0,0
"bos",2000,0,0,0
"bos",2001,0,0,0
"bos",2002,0,0,0
"bos",2003,0,0,0
"bos",2004,0,0,0
"bos",2005,0,0,0
"bos",2006,0,0,0
"bos",2007,0,0,0
"bos",2008,0,0,0
"bos",2009,0,0,0
"bos",2010,0,0,0
"bos",2011,0,0,0
"bos",2012,0,0,0
"bos",2013,0,0,0
"bos",2014,0,0,0
"bot",1816,0,0,0
"bot",1817,0,0,0
"bot",1818,0,0,0
"bot",1819,0,0,0
"bot",1820,0,0,0
"bot",1821,0,0,0
"bot",1822,0,0,0
"bot",1823,0,0,0
"bot",1824,0,0,0
"bot",1825,0,0,0
"bot",1826,0,0,0
"bot",1827,0,0,0
"bot",1828,0,0,0
"bot",1829,0,0,0
"bot",1830,0,0,0
"bot",1831,0,0,0
"bot",1832,0,0,0
"bot",1833,0,0,0
"bot",1834,0,0,0
"bot",1835,0,0,0
"bot",1836,0,0,0
"bot",1837,0,0,0
"bot",1838,0,0,0
"bot",1839,0,0,0
"bot",1840,0,0,0
"bot",1841,0,0,0
"bot",1842,0,0,0
"bot",1843,0,0,0
"bot",1844,0,0,0
"bot",1845,0,0,0
"bot",1846,0,0,0
"bot",1847,0,0,0
"bot",1848,0,0,0
"bot",1849,0,0,0
"bot",1850,0,0,0
"bot",1851,0,0,0
"bot",1852,0,0,0
"bot",1853,0,0,0
"bot",1854,0,0,0
"bot",1855,0,0,0
"bot",1856,0,0,0
"bot",1857,0,0,0
"bot",1858,0,0,0
"bot",1859,0,0,0
"bot",1860,0,0,0
"bot",1861,0,0,0
"bot",1862,0,0,0
"bot",1863,0,0,0
"bot",1864,0,0,0
"bot",1865,0,0,0
"bot",1866,0,0,0
"bot",1867,0,0,0
"bot",1868,0,0,0
"bot",1869,0,0,0
"bot",1870,0,0,0
"bot",1871,0,0,0
"bot",1872,0,0,0
"bot",1873,0,0,0
"bot",1874,0,0,0
"bot",1875,0,0,0
"bot",1876,0,0,0
"bot",1877,0,0,0
"bot",1878,0,0,0
"bot",1879,0,0,0
"bot",1880,0,0,0
"bot",1881,0,0,0
"bot",1882,0,0,0
"bot",1883,0,0,0
"bot",1884,0,0,0
"bot",1885,0,0,0
"bot",1886,0,0,0
"bot",1887,0,0,0
"bot",1888,0,0,0
"bot",1889,0,0,0
"bot",1890,0,0,0
"bot",1891,0,0,0
"bot",1892,0,0,0
"bot",1893,0,0,0
"bot",1894,0,0,0
"bot",1895,0,0,0
"bot",1896,0,0,0
"bot",1897,0,0,0
"bot",1898,0,0,0
"bot",1899,0,0,0
"bot",1900,0,0,0
"bot",1901,0,0,0
"bot",1902,0,0,0
"bot",1903,0,0,0
"bot",1904,0,0,0
"bot",1905,0,0,0
"bot",1906,0,0,0
"bot",1907,0,0,0
"bot",1908,0,0,0
"bot",1909,0,0,0
"bot",1910,0,0,0
"bot",1911,0,0,0
"bot",1912,0,0,0
"bot",1913,0,0,0
"bot",1914,0,0,0
"bot",1915,0,0,0
"bot",1916,0,0,0
"bot",1917,0,0,0
"bot",1918,0,0,0
"bot",1919,0,0,0
"bot",1920,0,0,0
"bot",1921,0,0,0
"bot",1922,0,0,0
"bot",1923,0,0,0
"bot",1924,0,0,0
"bot",1925,0,0,0
"bot",1926,0,0,0
"bot",1927,0,0,0
"bot",1928,0,0,0
"bot",1929,0,0,0
"bot",1930,0,0,0
"bot",1931,0,0,0
"bot",1932,0,0,0
"bot",1933,0,0,0
"bot",1934,0,0,0
"bot",1935,0,0,0
"bot",1936,0,0,0
"bot",1937,0,0,0
"bot",1938,0,0,0
"bot",1939,0,0,0
"bot",1940,0,0,0
"bot",1941,0,0,0
"bot",1942,0,0,0
"bot",1943,0,0,0
"bot",1944,0,0,0
"bot",1945,0,0,0
"bot",1946,0,0,0
"bot",1947,0,0,0
"bot",1948,0,0,0
"bot",1949,0,0,0
"bot",1950,0,0,0
"bot",1951,0,0,0
"bot",1952,0,0,0
"bot",1953,0,0,0
"bot",1954,0,0,0
"bot",1955,0,0,0
"bot",1956,0,0,0
"bot",1957,0,0,0
"bot",1958,0,0,0
"bot",1959,0,0,0
"bot",1960,0,0,0
"bot",1961,0,0,0
"bot",1962,0,0,0
"bot",1963,0,0,0
"bot",1964,0,0,0
"bot",1965,0,0,0
"bot",1966,0,0,0
"bot",1967,0,0,0
"bot",1968,0,0,0
"bot",1969,1,0,4
"bot",1970,0,0,0
"bot",1971,0,0,0
"bot",1972,0,0,0
"bot",1973,0,0,0
"bot",1974,0,0,0
"bot",1975,0,0,1
"bot",1976,1,1,4
"bot",1977,1,1,4
"bot",1978,0.5,1,4
"bot",1979,0,0,0
"bot",1980,0,0,0
"bot",1981,0,0,0
"bot",1982,0,0,0
"bot",1983,0,0,0
"bot",1984,0,0,4
"bot",1985,0,0,1
"bot",1986,0,0,1
"bot",1987,0,0,1
"bot",1988,0,0,4
"bot",1989,0,0,0
"bot",1990,0,0,0
"bot",1991,0,0,0
"bot",1992,0,0,0
"bot",1993,0,0,0
"bot",1994,0,0,0
"bot",1995,0,0,0
"bot",1996,0,0,0
"bot",1997,1,0,3
"bot",1998,1,0,3
"bot",1999,0,0,0
"bot",2000,0,0,0
"bot",2001,0,0,0
"bot",2002,0,0,0
"bot",2003,0,0,0
"bot",2004,0,0,0
"bot",2005,0,0,0
"bot",2006,0,0,0
"bot",2007,0,0,0
"bot",2008,0,0,0
"bot",2009,0,0,0
"bot",2010,0,0,0
"bot",2011,0,0,0
"bot",2012,0,0,0
"bot",2013,0,0,0
"bot",2014,0,0,0
"bra",1816,0,0,0
"bra",1817,0,0,0
"bra",1818,0,0,0
"bra",1819,0,0,0
"bra",1820,0,0,0
"bra",1821,0,0,0
"bra",1822,0,0,0
"bra",1823,0,0,0
"bra",1824,0,0,0
"bra",1825,0,0,0
"bra",1826,0,0,1
"bra",1827,0,0,0
"bra",1828,0,0,0
"bra",1829,0,0,0
"bra",1830,0,0,0
"bra",1831,0,0,0
"bra",1832,0,0,0
"bra",1833,0,0,0
"bra",1834,0,0,0
"bra",1835,0,0,0
"bra",1836,0,0,0
"bra",1837,0,0,0
"bra",1838,1,0,4
"bra",1839,1,0,1
"bra",1840,1,0,1
"bra",1841,1,0,1
"bra",1842,1,0,1
"bra",1843,0,0,0
"bra",1844,0,0,0
"bra",1845,0,0,1
"bra",1846,0,0,1
"bra",1847,0,0,0
"bra",1848,0,0,0
"bra",1849,0,0,0
"bra",1850,1,0,4
"bra",1851,0,4,5
"bra",1852,0,4,5
"bra",1853,0,0,0
"bra",1854,0,0,0
"bra",1855,1,0,3
"bra",1856,0,0,3
"bra",1857,0,0,3
"bra",1858,0,0,3
"bra",1859,0,0,0
"bra",1860,0,0,0
"bra",1861,0,0,0
"bra",1862,0.5,0,3.5
"bra",1863,0.5,3,4.5
"bra",1864,1,6,5
"bra",1865,1,6,5
"bra",1866,0.5,3,3
"bra",1867,1,6,5
"bra",1868,1,6,5
"bra",1869,1,6,5
"bra",1870,1,6,5
"bra",1871,0,0,0
"bra",1872,1,0,2
"bra",1873,0,0,0
"bra",1874,1,0,3
"bra",1875,0,0,3
"bra",1876,0,0,0
"bra",1877,0,0,0
"bra",1878,0,0,0
"bra",1879,0,0,0
"bra",1880,0,0,0
"bra",1881,0,0,0
"bra",1882,0,0,0
"bra",1883,0,0,0
"bra",1884,0,0,0
"bra",1885,0,0,0
"bra",1886,0,0,0
"bra",1887,0,0,0
"bra",1888,0,0,0
"bra",1889,0,0,0
"bra",1890,0,0,0
"bra",1891,0,0,0
"bra",1892,0,0,0
"bra",1893,0,0,0
"bra",1894,0,0,0
"bra",1895,0,0,1
"bra",1896,0,0,0
"bra",1897,0,0,0
"bra",1898,0,0,0
"bra",1899,0,0,0
"bra",1900,0,0,0
"bra",1901,0,0,0
"bra",1902,1,0.5,4
"bra",1903,0.666666666666667,0.333333333333333,3
"bra",1904,1,1,4
"bra",1905,0,0,0
"bra",1906,0,0,0
"bra",1907,0,0,0
"bra",1908,0,0,0
"bra",1909,0,0,0
"bra",1910,0,0,0
"bra",1911,0,0,0
"bra",1912,0,0,0
"bra",1913,0,0,0
"bra",1914,0,0,0
"bra",1915,0,0,0
"bra",1916,0,0,0
"bra",1917,0,0,4
"bra",1918,0,0,4
"bra",1919,0,0,0
"bra",1920,0,0,0
"bra",1921,0,0,0
"bra",1922,0,0,0
"bra",1923,0,0,0
"bra",1924,0,0,0
"bra",1925,0,0,0
"bra",1926,0,0,0
"bra",1927,0,0,0
"bra",1928,0,0,0
"bra",1929,0,0,0
"bra",1930,0,0,0
"bra",1931,0,0,0
"bra",1932,0,0,3
"bra",1933,0,0,3
"bra",1934,0,0,0
"bra",1935,0,0,0
"bra",1936,0,0,0
"bra",1937,0,0,0
"bra",1938,0,0,0
"bra",1939,0,0,0
"bra",1940,0,0,1
"bra",1941,0,0,0
"bra",1942,0,0,4
"bra",1943,0,0,4
"bra",1944,0,6,5
"bra",1945,0,3,4.5
"bra",1946,0,0,0
"bra",1947,0,0,0
"bra",1948,0,0,0
"bra",1949,0,0,0
"bra",1950,0,0,0
"bra",1951,0,0,0
"bra",1952,0,0,0
"bra",1953,0,0,0
"bra",1954,0,0,0
"bra",1955,0,0,0
"bra",1956,0,0,0
"bra",1957,0,0,0
"bra",1958,0,0,0
"bra",1959,1,0,2
"bra",1960,0,0,0
"bra",1961,0,0,0
"bra",1962,0,0,0
"bra",1963,0,0,3
"bra",1964,0,0,0
"bra",1965,0,0,0
"bra",1966,0,0,0
"bra",1967,0,0,0
"bra",1968,1,0,4
"bra",1969,0,0,0
"bra",1970,0,0,0
"bra",1971,0,0,0
"bra",1972,0,0,0
"bra",1973,0,0,0
"bra",1974,0,0,0
"bra",1975,1,0,3
"bra",1976,1,0,3
"bra",1977,0,0,0
"bra",1978,0,0,0
"bra",1979,0,0,0
"bra",1980,0,0,0
"bra",1981,0,0,0
"bra",1982,0,0,0
"bra",1983,1,0,4
"bra",1984,0,0,0
"bra",1985,0,0,0
"bra",1986,0,0,0
"bra",1987,0,0,0
"bra",1988,0,0,0
"bra",1989,0,0,0
"bra",1990,0,0,0
"bra",1991,0,0,0
"bra",1992,0,0,0
"bra",1993,0,0,0
"bra",1994,0,0,0
"bra",1995,0,0,0
"bra",1996,0,0,0
"bra",1997,0,0,0
"bra",1998,0,0,0
"bra",1999,0,0,0
"bra",2000,0,0,0
"bra",2001,0,0,0
"bra",2002,0,0,0
"bra",2003,0,0,4
"bra",2004,0,0,0
"bra",2005,0,0,0
"bra",2006,0,0,0
"bra",2007,0,0,0
"bra",2008,0,0,0
"bra",2009,0,0,0
"bra",2010,0,0,0
"bra",2011,0,0,0
"bra",2012,0,0,0
"bra",2013,0,0,0
"bra",2014,0,0,0
"bui",1816,0,0,0
"bui",1817,0,0,0
"bui",1818,0,0,0
"bui",1819,0,0,0
"bui",1820,0,0,0
"bui",1821,0,0,0
"bui",1822,0,0,0
"bui",1823,0,0,0
"bui",1824,0,0,0
"bui",1825,0,0,0
"bui",1826,0,0,0
"bui",1827,0,0,0
"bui",1828,0,0,0
"bui",1829,0,0,0
"bui",1830,0,0,0
"bui",1831,0,0,0
"bui",1832,0,0,0
"bui",1833,0,0,0
"bui",1834,0,0,0
"bui",1835,0,0,0
"bui",1836,0,0,0
"bui",1837,0,0,0
"bui",1838,0,0,0
"bui",1839,0,0,0
"bui",1840,0,0,0
"bui",1841,0,0,0
"bui",1842,0,0,0
"bui",1843,0,0,0
"bui",1844,0,0,0
"bui",1845,0,0,0
"bui",1846,0,0,0
"bui",1847,0,0,0
"bui",1848,0,0,0
"bui",1849,0,0,0
"bui",1850,0,0,0
"bui",1851,0,0,0
"bui",1852,0,0,0
"bui",1853,0,0,0
"bui",1854,0,0,0
"bui",1855,0,0,0
"bui",1856,0,0,0
"bui",1857,0,0,0
"bui",1858,0,0,0
"bui",1859,0,0,0
"bui",1860,0,0,0
"bui",1861,0,0,0
"bui",1862,0,0,0
"bui",1863,0,0,0
"bui",1864,0,0,0
"bui",1865,0,0,0
"bui",1866,0,0,0
"bui",1867,0,0,0
"bui",1868,0,0,0
"bui",1869,0,0,0
"bui",1870,0,0,0
"bui",1871,0,0,0
"bui",1872,0,0,0
"bui",1873,0,0,0
"bui",1874,0,0,0
"bui",1875,0,0,0
"bui",1876,0,0,0
"bui",1877,0,0,0
"bui",1878,0,0,0
"bui",1879,0,0,0
"bui",1880,0,0,0
"bui",1881,0,0,0
"bui",1882,0,0,0
"bui",1883,0,0,0
"bui",1884,0,0,0
"bui",1885,0,0,0
"bui",1886,0,0,0
"bui",1887,0,0,0
"bui",1888,0,0,0
"bui",1889,0,0,0
"bui",1890,0,0,0
"bui",1891,0,0,0
"bui",1892,0,0,0
"bui",1893,0,0,0
"bui",1894,0,0,0
"bui",1895,0,0,0
"bui",1896,0,0,0
"bui",1897,0,0,0
"bui",1898,0,0,0
"bui",1899,0,0,0
"bui",1900,0,0,0
"bui",1901,0,0,0
"bui",1902,0,0,0
"bui",1903,0,0,0
"bui",1904,0,0,0
"bui",1905,0,0,0
"bui",1906,0,0,0
"bui",1907,0,0,0
"bui",1908,0,0,0
"bui",1909,0,0,0
"bui",1910,0,0,0
"bui",1911,0,0,0
"bui",1912,0,0,0
"bui",1913,0,0,0
"bui",1914,0,0,0
"bui",1915,0,0,0
"bui",1916,0,0,0
"bui",1917,0,0,0
"bui",1918,0,0,0
"bui",1919,0,0,0
"bui",1920,0,0,0
"bui",1921,0,0,0
"bui",1922,0,0,0
"bui",1923,0,0,0
"bui",1924,0,0,0
"bui",1925,0,0,0
"bui",1926,0,0,0
"bui",1927,0,0,0
"bui",1928,0,0,0
"bui",1929,0,0,0
"bui",1930,0,0,0
"bui",1931,0,0,0
"bui",1932,0,0,0
"bui",1933,0,0,0
"bui",1934,0,0,0
"bui",1935,0,0,0
"bui",1936,0,0,0
"bui",1937,0,0,0
"bui",1938,0,0,0
"bui",1939,0,0,0
"bui",1940,0,0,0
"bui",1941,0,0,0
"bui",1942,0,0,0
"bui",1943,0,0,0
"bui",1944,0,0,0
"bui",1945,0,0,0
"bui",1946,0,0,0
"bui",1947,0,0,0
"bui",1948,0,0,0
"bui",1949,0,0,0
"bui",1950,0,0,0
"bui",1951,0,0,0
"bui",1952,0,0,0
"bui",1953,0,0,0
"bui",1954,0,0,0
"bui",1955,0,0,0
"bui",1956,0,0,0
"bui",1957,0,0,0
"bui",1958,0,0,0
"bui",1959,0,0,0
"bui",1960,0,0,0
"bui",1961,0,0,0
"bui",1962,0,0,0
"bui",1963,0,0,0
"bui",1964,1,0,1
"bui",1965,0,0,0
"bui",1966,0,0,0
"bui",1967,0,0,0
"bui",1968,0,0,0
"bui",1969,0,0,0
"bui",1970,0,0,0
"bui",1971,0,0,0
"bui",1972,0,0,1
"bui",1973,0,0,0
"bui",1974,0,0,0
"bui",1975,0,0,0
"bui",1976,0,0,0
"bui",1977,0,0,0
"bui",1978,0,0,0
"bui",1979,0,0,0
"bui",1980,0,0,0
"bui",1981,0,0,0
"bui",1982,0,0,0
"bui",1983,0,0,0
"bui",1984,0,0,0
"bui",1985,0,0,0
"bui",1986,0,0,0
"bui",1987,0,0,0
"bui",1988,0,0,0
"bui",1989,0,0,0
"bui",1990,0,0,0
"bui",1991,0,0,0
"bui",1992,0,0,0
"bui",1993,0,0,0
"bui",1994,0,0,0
"bui",1995,0,0,1
"bui",1996,0,0,0
"bui",1997,0,0,0
"bui",1998,0,0,0
"bui",1999,0,0,0
"bui",2000,0,0,0
"bui",2001,0,0,0
"bui",2002,0,0,1
"bui",2003,0,0,0
"bui",2004,0.5,0,1.5
"bui",2005,0,0,0
"bui",2006,0,0,1
"bui",2007,1,0,4
"bui",2008,1,0,4
"bui",2009,0,0,0
"bui",2010,0,0,0
"bui",2011,0,0,0
"bui",2012,0,0,0
"bui",2013,0,0,0
"bui",2014,0,0,0
"bul",1816,0,0,0
"bul",1817,0,0,0
"bul",1818,0,0,0
"bul",1819,0,0,0
"bul",1820,0,0,0
"bul",1821,0,0,0
"bul",1822,0,0,0
"bul",1823,0,0,0
"bul",1824,0,0,0
"bul",1825,0,0,0
"bul",1826,0,0,0
"bul",1827,0,0,0
"bul",1828,0,0,0
"bul",1829,0,0,0
"bul",1830,0,0,0
"bul",1831,0,0,0
"bul",1832,0,0,0
"bul",1833,0,0,0
"bul",1834,0,0,0
"bul",1835,0,0,0
"bul",1836,0,0,0
"bul",1837,0,0,0
"bul",1838,0,0,0
"bul",1839,0,0,0
"bul",1840,0,0,0
"bul",1841,0,0,0
"bul",1842,0,0,0
"bul",1843,0,0,0
"bul",1844,0,0,0
"bul",1845,0,0,0
"bul",1846,0,0,0
"bul",1847,0,0,0
"bul",1848,0,0,0
"bul",1849,0,0,0
"bul",1850,0,0,0
"bul",1851,0,0,0
"bul",1852,0,0,0
"bul",1853,0,0,0
"bul",1854,0,0,0
"bul",1855,0,0,0
"bul",1856,0,0,0
"bul",1857,0,0,0
"bul",1858,0,0,0
"bul",1859,0,0,0
"bul",1860,0,0,0
"bul",1861,0,0,0
"bul",1862,0,0,0
"bul",1863,0,0,0
"bul",1864,0,0,0
"bul",1865,0,0,0
"bul",1866,0,0,0
"bul",1867,0,0,0
"bul",1868,0,0,0
"bul",1869,0,0,0
"bul",1870,0,0,0
"bul",1871,0,0,0
"bul",1872,0,0,0
"bul",1873,0,0,0
"bul",1874,0,0,0
"bul",1875,0,0,0
"bul",1876,0,0,0
"bul",1877,0,0,0
"bul",1878,0,0,0
"bul",1879,0,0,0
"bul",1880,0,0,0
"bul",1881,0,0,0
"bul",1882,0,0,0
"bul",1883,0,0,0
"bul",1884,0,0,0
"bul",1885,0,0,0
"bul",1886,0,0,0
"bul",1887,0,0,0
"bul",1888,0,0,0
"bul",1889,0,0,0
"bul",1890,0,0,0
"bul",1891,0,0,0
"bul",1892,0,0,0
"bul",1893,0,0,0
"bul",1894,0,0,0
"bul",1895,0,0,0
"bul",1896,0,0,0
"bul",1897,0,0,0
"bul",1898,0,0,0
"bul",1899,0,0,0
"bul",1900,0,0,0
"bul",1901,0,0,0
"bul",1902,0,0,0
"bul",1903,0,0,0
"bul",1904,0,0,0
"bul",1905,0,0,0
"bul",1906,0,0,0
"bul",1907,0,0,0
"bul",1908,0,0,3
"bul",1909,0,0,3
"bul",1910,0,0,0
"bul",1911,0,0,0
"bul",1912,0.5,3,3
"bul",1913,0.333333333333333,4,3.66666666666667
"bul",1914,0,0,1
"bul",1915,0.5,3,4
"bul",1916,0,3,3
"bul",1917,0,3,3
"bul",1918,0,3,3
"bul",1919,0,0,0
"bul",1920,0,0,0
"bul",1921,0,0,0
"bul",1922,0,0,0
"bul",1923,0,0,1
"bul",1924,0,0,0
"bul",1925,0,0,0
"bul",1926,0,0,3
"bul",1927,0,0,0
"bul",1928,0,1,1
"bul",1929,0,0,4
"bul",1930,0,0,0
"bul",1931,0,0,4
"bul",1932,0,0,0
"bul",1933,0,0,0
"bul",1934,0,0,0
"bul",1935,0,0,1
"bul",1936,0,0,0
"bul",1937,0,0,0
"bul",1938,0,0,0
"bul",1939,0,0,0
"bul",1940,0.75,0,2.25
"bul",1941,0,0.75,1.875
"bul",1942,0,2,2.33333333333333
"bul",1943,0,6,5
"bul",1944,0,4,3.66666666666667
"bul",1945,0,6,5
"bul",1946,0,0,0
"bul",1947,0,0,0
"bul",1948,0,0,0
"bul",1949,0,0,0
"bul",1950,0.5,0.5,2.5
"bul",1951,1,1,4
"bul",1952,0.5,0,4
"bul",1953,0,0,0
"bul",1954,0,0,0
"bul",1955,1,0,4
"bul",1956,0,0,0
"bul",1957,0,0,0
"bul",1958,0,0,0
"bul",1959,0,0,0
"bul",1960,0,0,0
"bul",1961,0,0,0
"bul",1962,0,0,0
"bul",1963,0,0,0
"bul",1964,0,0,0
"bul",1965,0,0,0
"bul",1966,0,0,0
"bul",1967,0,0,0
"bul",1968,1,0,4
"bul",1969,0,0,0
"bul",1970,0,0,0
"bul",1971,1,0,3
"bul",1972,0,0,0
"bul",1973,0,0,0
"bul",1974,0,0,0
"bul",1975,0,0,0
"bul",1976,0,0,0
"bul",1977,0,0,0
"bul",1978,0,0,0
"bul",1979,0,0,0
"bul",1980,0,0,0
"bul",1981,0,0,0
"bul",1982,0,0,0
"bul",1983,0,0,0
"bul",1984,0,0,0
"bul",1985,0,0,0
"bul",1986,0,0,1
"bul",1987,0,0,0
"bul",1988,0,0,0
"bul",1989,0,0,0
"bul",1990,0,0,0
"bul",1991,0,0,0
"bul",1992,0,0,0
"bul",1993,0,0,0
"bul",1994,0,0,0
"bul",1995,0,0,0
"bul",1996,0,0,1
"bul",1997,0,0,0
"bul",1998,0,0,0
"bul",1999,0,0,0
"bul",2000,0,0,1
"bul",2001,0,0,0
"bul",2002,0,0,0
"bul",2003,0,0,0
"bul",2004,0,0,0
"bul",2005,0,0,0
"bul",2006,0,0,0
"bul",2007,0,0,0
"bul",2008,1,0,4
"bul",2009,0,0,0
"bul",2010,0,0,0
"bul",2011,1,0,4
"bul",2012,0,0,0
"bul",2013,0,0,0
"bul",2014,0,0,0
"cam",1816,0,0,0
"cam",1817,0,0,0
"cam",1818,0,0,0
"cam",1819,0,0,0
"cam",1820,0,0,0
"cam",1821,0,0,0
"cam",1822,0,0,0
"cam",1823,0,0,0
"cam",1824,0,0,0
"cam",1825,0,0,0
"cam",1826,0,0,0
"cam",1827,0,0,0
"cam",1828,0,0,0
"cam",1829,0,0,0
"cam",1830,0,0,0
"cam",1831,0,0,0
"cam",1832,0,0,0
"cam",1833,0,0,0
"cam",1834,0,0,0
"cam",1835,0,0,0
"cam",1836,0,0,0
"cam",1837,0,0,0
"cam",1838,0,0,0
"cam",1839,0,0,0
"cam",1840,0,0,0
"cam",1841,0,0,0
"cam",1842,0,0,0
"cam",1843,0,0,0
"cam",1844,0,0,0
"cam",1845,0,0,0
"cam",1846,0,0,0
"cam",1847,0,0,0
"cam",1848,0,0,0
"cam",1849,0,0,0
"cam",1850,0,0,0
"cam",1851,0,0,0
"cam",1852,0,0,0
"cam",1853,0,0,0
"cam",1854,0,0,0
"cam",1855,0,0,0
"cam",1856,0,0,0
"cam",1857,0,0,0
"cam",1858,0,0,0
"cam",1859,0,0,0
"cam",1860,0,0,0
"cam",1861,0,0,0
"cam",1862,0,0,0
"cam",1863,0,0,0
"cam",1864,0,0,0
"cam",1865,0,0,0
"cam",1866,0,0,0
"cam",1867,0,0,0
"cam",1868,0,0,0
"cam",1869,0,0,0
"cam",1870,0,0,0
"cam",1871,0,0,0
"cam",1872,0,0,0
"cam",1873,0,0,0
"cam",1874,0,0,0
"cam",1875,0,0,0
"cam",1876,0,0,0
"cam",1877,0,0,0
"cam",1878,0,0,0
"cam",1879,0,0,0
"cam",1880,0,0,0
"cam",1881,0,0,0
"cam",1882,0,0,0
"cam",1883,0,0,0
"cam",1884,0,0,0
"cam",1885,0,0,0
"cam",1886,0,0,0
"cam",1887,0,0,0
"cam",1888,0,0,0
"cam",1889,0,0,0
"cam",1890,0,0,0
"cam",1891,0,0,0
"cam",1892,0,0,0
"cam",1893,0,0,0
"cam",1894,0,0,0
"cam",1895,0,0,0
"cam",1896,0,0,0
"cam",1897,0,0,0
"cam",1898,0,0,0
"cam",1899,0,0,0
"cam",1900,0,0,0
"cam",1901,0,0,0
"cam",1902,0,0,0
"cam",1903,0,0,0
"cam",1904,0,0,0
"cam",1905,0,0,0
"cam",1906,0,0,0
"cam",1907,0,0,0
"cam",1908,0,0,0
"cam",1909,0,0,0
"cam",1910,0,0,0
"cam",1911,0,0,0
"cam",1912,0,0,0
"cam",1913,0,0,0
"cam",1914,0,0,0
"cam",1915,0,0,0
"cam",1916,0,0,0
"cam",1917,0,0,0
"cam",1918,0,0,0
"cam",1919,0,0,0
"cam",1920,0,0,0
"cam",1921,0,0,0
"cam",1922,0,0,0
"cam",1923,0,0,0
"cam",1924,0,0,0
"cam",1925,0,0,0
"cam",1926,0,0,0
"cam",1927,0,0,0
"cam",1928,0,0,0
"cam",1929,0,0,0
"cam",1930,0,0,0
"cam",1931,0,0,0
"cam",1932,0,0,0
"cam",1933,0,0,0
"cam",1934,0,0,0
"cam",1935,0,0,0
"cam",1936,0,0,0
"cam",1937,0,0,0
"cam",1938,0,0,0
"cam",1939,0,0,0
"cam",1940,0,0,0
"cam",1941,0,0,0
"cam",1942,0,0,0
"cam",1943,0,0,0
"cam",1944,0,0,0
"cam",1945,0,0,0
"cam",1946,0,0,0
"cam",1947,0,0,0
"cam",1948,0,0,0
"cam",1949,0,0,0
"cam",1950,0,0,0
"cam",1951,0,0,0
"cam",1952,0,0,0
"cam",1953,0,0,1
"cam",1954,0,0,1
"cam",1955,0,0,0
"cam",1956,0,0,1
"cam",1957,0,0,0
"cam",1958,1,0,4
"cam",1959,0.5,0.5,4
"cam",1960,1,0,2
"cam",1961,1,0,3
"cam",1962,0.5,0.5,2.5
"cam",1963,1,0,2.5
"cam",1964,1,2,4
"cam",1965,1,1,3.5
"cam",1966,1,1,3.5
"cam",1967,0,0,1
"cam",1968,1,0,4
"cam",1969,0,0,0
"cam",1970,0,3,3
"cam",1971,0,6,5
"cam",1972,0,6,5
"cam",1973,0,6,5
"cam",1974,0,6,5
"cam",1975,0,4.33333333333333,4.66666666666667
"cam",1976,0,3.33333333333333,4.33333333333333
"cam",1977,0,4.5,4.5
"cam",1978,0,4.5,4.5
"cam",1979,0,4.5,4.5
"cam",1980,0,3,4
"cam",1981,0,3,4
"cam",1982,0,3,4
"cam",1983,0,3,4
"cam",1984,0,3,4
"cam",1985,0,3,4
"cam",1986,0,3,4
"cam",1987,0,3,4
"cam",1988,0,0,0
"cam",1989,0,0,0
"cam",1990,0,0,0
"cam",1991,0,0,0
"cam",1992,0,0,0
"cam",1993,0,0,0
"cam",1994,1,1,4
"cam",1995,1,1,4
"cam",1996,0.5,0.5,3.5
"cam",1997,0,1,4
"cam",1998,0,1,4
"cam",1999,0,0,0
"cam",2000,0,0,0
"cam",2001,0,0,0
"cam",2002,0,0,0
"cam",2003,0,0,0
"cam",2004,0,0,0
"cam",2005,1,0,3
"cam",2006,0,0,0
"cam",2007,0,0,0
"cam",2008,0,0,0
"cam",2009,0,0,0
"cam",2010,0,0,0
"cam",2011,0,0,0
"cam",2012,0,0,0
"cam",2013,0,0,0
"cam",2014,1,0,4
"can",1816,0,0,0
"can",1817,0,0,0
"can",1818,0,0,0
"can",1819,0,0,0
"can",1820,0,0,0
"can",1821,0,0,0
"can",1822,0,0,0
"can",1823,0,0,0
"can",1824,0,0,0
"can",1825,0,0,0
"can",1826,0,0,0
"can",1827,0,0,0
"can",1828,0,0,0
"can",1829,0,0,0
"can",1830,0,0,0
"can",1831,0,0,0
"can",1832,0,0,0
"can",1833,0,0,0
"can",1834,0,0,0
"can",1835,0,0,0
"can",1836,0,0,0
"can",1837,0,0,0
"can",1838,0,0,0
"can",1839,0,0,0
"can",1840,0,0,0
"can",1841,0,0,0
"can",1842,0,0,0
"can",1843,0,0,0
"can",1844,0,0,0
"can",1845,0,0,0
"can",1846,0,0,0
"can",1847,0,0,0
"can",1848,0,0,0
"can",1849,0,0,0
"can",1850,0,0,0
"can",1851,0,0,0
"can",1852,0,0,0
"can",1853,0,0,0
"can",1854,0,0,0
"can",1855,0,0,0
"can",1856,0,0,0
"can",1857,0,0,0
"can",1858,0,0,0
"can",1859,0,0,0
"can",1860,0,0,0
"can",1861,0,0,0
"can",1862,0,0,0
"can",1863,0,0,0
"can",1864,0,0,0
"can",1865,0,0,0
"can",1866,0,0,0
"can",1867,0,0,0
"can",1868,0,0,0
"can",1869,0,0,0
"can",1870,0,0,0
"can",1871,0,0,0
"can",1872,0,0,0
"can",1873,0,0,0
"can",1874,0,0,0
"can",1875,0,0,0
"can",1876,0,0,0
"can",1877,0,0,0
"can",1878,0,0,0
"can",1879,0,0,0
"can",1880,0,0,0
"can",1881,0,0,0
"can",1882,0,0,0
"can",1883,0,0,0
"can",1884,0,0,0
"can",1885,0,0,0
"can",1886,0,0,0
"can",1887,0,0,0
"can",1888,0,0,0
"can",1889,0,0,0
"can",1890,0,0,0
"can",1891,0,0,0
"can",1892,0,0,0
"can",1893,0,0,0
"can",1894,0,0,0
"can",1895,0,0,0
"can",1896,0,0,0
"can",1897,0,0,0
"can",1898,0,0,0
"can",1899,0,0,0
"can",1900,0,0,0
"can",1901,0,0,0
"can",1902,0,0,0
"can",1903,0,0,0
"can",1904,0,0,0
"can",1905,0,0,0
"can",1906,0,0,0
"can",1907,0,0,0
"can",1908,0,0,0
"can",1909,0,0,0
"can",1910,0,0,0
"can",1911,0,0,0
"can",1912,0,0,0
"can",1913,0,0,0
"can",1914,0,0,0
"can",1915,0,0,0
"can",1916,0,0,0
"can",1917,0,0,0
"can",1918,0,0,0
"can",1919,0,0,0
"can",1920,0,0,0
"can",1921,0,0,0
"can",1922,0,0,0
"can",1923,0,0,0
"can",1924,0,0,0
"can",1925,0,0,0
"can",1926,0,0,0
"can",1927,0,0,0
"can",1928,0,0,0
"can",1929,0,0,0
"can",1930,0,0,0
"can",1931,0,0,0
"can",1932,0,0,4
"can",1933,0,0,0
"can",1934,0,0,0
"can",1935,0,0,0
"can",1936,0,0,0
"can",1937,0,0,0
"can",1938,0,0,0
"can",1939,0,6,5
"can",1940,0,6,5
"can",1941,0,6,5
"can",1942,0,6,5
"can",1943,0,6,5
"can",1944,0,6,5
"can",1945,0,6,5
"can",1946,0,0,0
"can",1947,0,0,0
"can",1948,0,0,0
"can",1949,0,0,0
"can",1950,0,4,5
"can",1951,0,4,5
"can",1952,0,4,5
"can",1953,0,4,5
"can",1954,0,0,0
"can",1955,0,0,0
"can",1956,0,0,0
"can",1957,0,0,0
"can",1958,0,0,0
"can",1959,0,0,0
"can",1960,0,0,0
"can",1961,0,0,0
"can",1962,0,0,0
"can",1963,0,0,3
"can",1964,0,0,0
"can",1965,0,0,0
"can",1966,0,0,0
"can",1967,0,0,0
"can",1968,0,0,0
"can",1969,0,0,0
"can",1970,0,0,0
"can",1971,0,0,0
"can",1972,0,0,0
"can",1973,0,0,0
"can",1974,0,0,0
"can",1975,0,0,0
"can",1976,0,0,0
"can",1977,0,0,0
"can",1978,0,0,0
"can",1979,1,0,4
"can",1980,0,0,3
"can",1981,0,0,0
"can",1982,0,0,0
"can",1983,0,0,0
"can",1984,0,0,0
"can",1985,0,0,0
"can",1986,0,0,0
"can",1987,1,0,2
"can",1988,1,0,4
"can",1989,1,0,4
"can",1990,0,0,5
"can",1991,0,0,3
"can",1992,1,0,3
"can",1993,1,0,4
"can",1994,0.5,0,3.5
"can",1995,0,0,4
"can",1996,0,0,0
"can",1997,1,0,4
"can",1998,1,0,4
"can",1999,0.5,0,2.5
"can",2000,0,0,1.75
"can",2001,1,0,4
"can",2002,0,0,0
"can",2003,0,0,0
"can",2004,0,0,1
"can",2005,1,0,3.5
"can",2006,1,0,3
"can",2007,0,0,0
"can",2008,0,0,0
"can",2009,0,0,0
"can",2010,0,0,0
"can",2011,1,0,3.5
"can",2012,0,0,0
"can",2013,0,0,0
"can",2014,1,0,3
"cao",1816,0,0,0
"cao",1817,0,0,0
"cao",1818,0,0,0
"cao",1819,0,0,0
"cao",1820,0,0,0
"cao",1821,0,0,0
"cao",1822,0,0,0
"cao",1823,0,0,0
"cao",1824,0,0,0
"cao",1825,0,0,0
"cao",1826,0,0,0
"cao",1827,0,0,0
"cao",1828,0,0,0
"cao",1829,0,0,0
"cao",1830,0,0,0
"cao",1831,0,0,0
"cao",1832,0,0,0
"cao",1833,0,0,0
"cao",1834,0,0,0
"cao",1835,0,0,0
"cao",1836,0,0,0
"cao",1837,0,0,0
"cao",1838,0,0,0
"cao",1839,0,0,0
"cao",1840,0,0,0
"cao",1841,0,0,0
"cao",1842,0,0,0
"cao",1843,0,0,0
"cao",1844,0,0,0
"cao",1845,0,0,0
"cao",1846,0,0,0
"cao",1847,0,0,0
"cao",1848,0,0,0
"cao",1849,0,0,0
"cao",1850,0,0,0
"cao",1851,0,0,0
"cao",1852,0,0,0
"cao",1853,0,0,0
"cao",1854,0,0,0
"cao",1855,0,0,0
"cao",1856,0,0,0
"cao",1857,0,0,0
"cao",1858,0,0,0
"cao",1859,0,0,0
"cao",1860,0,0,0
"cao",1861,0,0,0
"cao",1862,0,0,0
"cao",1863,0,0,0
"cao",1864,0,0,0
"cao",1865,0,0,0
"cao",1866,0,0,0
"cao",1867,0,0,0
"cao",1868,0,0,0
"cao",1869,0,0,0
"cao",1870,0,0,0
"cao",1871,0,0,0
"cao",1872,0,0,0
"cao",1873,0,0,0
"cao",1874,0,0,0
"cao",1875,0,0,0
"cao",1876,0,0,0
"cao",1877,0,0,0
"cao",1878,0,0,0
"cao",1879,0,0,0
"cao",1880,0,0,0
"cao",1881,0,0,0
"cao",1882,0,0,0
"cao",1883,0,0,0
"cao",1884,0,0,0
"cao",1885,0,0,0
"cao",1886,0,0,0
"cao",1887,0,0,0
"cao",1888,0,0,0
"cao",1889,0,0,0
"cao",1890,0,0,0
"cao",1891,0,0,0
"cao",1892,0,0,0
"cao",1893,0,0,0
"cao",1894,0,0,0
"cao",1895,0,0,0
"cao",1896,0,0,0
"cao",1897,0,0,0
"cao",1898,0,0,0
"cao",1899,0,0,0
"cao",1900,0,0,0
"cao",1901,0,0,0
"cao",1902,0,0,0
"cao",1903,0,0,0
"cao",1904,0,0,0
"cao",1905,0,0,0
"cao",1906,0,0,0
"cao",1907,0,0,0
"cao",1908,0,0,0
"cao",1909,0,0,0
"cao",1910,0,0,0
"cao",1911,0,0,0
"cao",1912,0,0,0
"cao",1913,0,0,0
"cao",1914,0,0,0
"cao",1915,0,0,0
"cao",1916,0,0,0
"cao",1917,0,0,0
"cao",1918,0,0,0
"cao",1919,0,0,0
"cao",1920,0,0,0
"cao",1921,0,0,0
"cao",1922,0,0,0
"cao",1923,0,0,0
"cao",1924,0,0,0
"cao",1925,0,0,0
"cao",1926,0,0,0
"cao",1927,0,0,0
"cao",1928,0,0,0
"cao",1929,0,0,0
"cao",1930,0,0,0
"cao",1931,0,0,0
"cao",1932,0,0,0
"cao",1933,0,0,0
"cao",1934,0,0,0
"cao",1935,0,0,0
"cao",1936,0,0,0
"cao",1937,0,0,0
"cao",1938,0,0,0
"cao",1939,0,0,0
"cao",1940,0,0,0
"cao",1941,0,0,0
"cao",1942,0,0,0
"cao",1943,0,0,0
"cao",1944,0,0,0
"cao",1945,0,0,0
"cao",1946,0,0,0
"cao",1947,0,0,0
"cao",1948,0,0,0
"cao",1949,0,0,0
"cao",1950,0,0,0
"cao",1951,0,0,0
"cao",1952,0,0,0
"cao",1953,0,0,0
"cao",1954,0,0,0
"cao",1955,0,0,0
"cao",1956,0,0,0
"cao",1957,0,0,0
"cao",1958,0,0,0
"cao",1959,0,0,0
"cao",1960,0,0,0
"cao",1961,0,0,0
"cao",1962,0,0,0
"cao",1963,0,0,0
"cao",1964,0,0,0
"cao",1965,0,0,0
"cao",1966,0,0,0
"cao",1967,0,0,0
"cao",1968,0,0,0
"cao",1969,0,0,0
"cao",1970,0,0,0
"cao",1971,0,0,0
"cao",1972,0,0,0
"cao",1973,0,0,0
"cao",1974,0,0,0
"cao",1975,0,0,0
"cao",1976,1,0,4
"cao",1977,0,0,0
"cao",1978,0,0,0
"cao",1979,0,0,0
"cao",1980,0,0,0
"cao",1981,0,0,4
"cao",1982,0,0,0
"cao",1983,0,0,0
"cao",1984,0,0,0
"cao",1985,0,0,0
"cao",1986,0,0,0
"cao",1987,0,0,3
"cao",1988,0,0,0
"cao",1989,0,0,0
"cao",1990,0,0,0
"cao",1991,0,0,0
"cao",1992,0,0,0
"cao",1993,0,0,0
"cao",1994,1,1,4
"cao",1995,0,0,0
"cao",1996,1,2,4
"cao",1997,1,2,4
"cao",1998,0,0,0
"cao",1999,0,0,0
"cao",2000,0,0,0
"cao",2001,0,0,1
"cao",2002,0,0,0
"cao",2003,0,0,0
"cao",2004,0,0,0
"cao",2005,1,0,4
"cao",2006,0,0,0
"cao",2007,0,0,0
"cao",2008,0,0,0
"cao",2009,0,0,0
"cao",2010,0,0,0
"cao",2011,0,0,4
"cao",2012,0,0,0
"cao",2013,0,0,0
"cao",2014,0,0,0
"cdi",1816,0,0,0
"cdi",1817,0,0,0
"cdi",1818,0,0,0
"cdi",1819,0,0,0
"cdi",1820,0,0,0
"cdi",1821,0,0,0
"cdi",1822,0,0,0
"cdi",1823,0,0,0
"cdi",1824,0,0,0
"cdi",1825,0,0,0
"cdi",1826,0,0,0
"cdi",1827,0,0,0
"cdi",1828,0,0,0
"cdi",1829,0,0,0
"cdi",1830,0,0,0
"cdi",1831,0,0,0
"cdi",1832,0,0,0
"cdi",1833,0,0,0
"cdi",1834,0,0,0
"cdi",1835,0,0,0
"cdi",1836,0,0,0
"cdi",1837,0,0,0
"cdi",1838,0,0,0
"cdi",1839,0,0,0
"cdi",1840,0,0,0
"cdi",1841,0,0,0
"cdi",1842,0,0,0
"cdi",1843,0,0,0
"cdi",1844,0,0,0
"cdi",1845,0,0,0
"cdi",1846,0,0,0
"cdi",1847,0,0,0
"cdi",1848,0,0,0
"cdi",1849,0,0,0
"cdi",1850,0,0,0
"cdi",1851,0,0,0
"cdi",1852,0,0,0
"cdi",1853,0,0,0
"cdi",1854,0,0,0
"cdi",1855,0,0,0
"cdi",1856,0,0,0
"cdi",1857,0,0,0
"cdi",1858,0,0,0
"cdi",1859,0,0,0
"cdi",1860,0,0,0
"cdi",1861,0,0,0
"cdi",1862,0,0,0
"cdi",1863,0,0,0
"cdi",1864,0,0,0
"cdi",1865,0,0,0
"cdi",1866,0,0,0
"cdi",1867,0,0,0
"cdi",1868,0,0,0
"cdi",1869,0,0,0
"cdi",1870,0,0,0
"cdi",1871,0,0,0
"cdi",1872,0,0,0
"cdi",1873,0,0,0
"cdi",1874,0,0,0
"cdi",1875,0,0,0
"cdi",1876,0,0,0
"cdi",1877,0,0,0
"cdi",1878,0,0,0
"cdi",1879,0,0,0
"cdi",1880,0,0,0
"cdi",1881,0,0,0
"cdi",1882,0,0,0
"cdi",1883,0,0,0
"cdi",1884,0,0,0
"cdi",1885,0,0,0
"cdi",1886,0,0,0
"cdi",1887,0,0,0
"cdi",1888,0,0,0
"cdi",1889,0,0,0
"cdi",1890,0,0,0
"cdi",1891,0,0,0
"cdi",1892,0,0,0
"cdi",1893,0,0,0
"cdi",1894,0,0,0
"cdi",1895,0,0,0
"cdi",1896,0,0,0
"cdi",1897,0,0,0
"cdi",1898,0,0,0
"cdi",1899,0,0,0
"cdi",1900,0,0,0
"cdi",1901,0,0,0
"cdi",1902,0,0,0
"cdi",1903,0,0,0
"cdi",1904,0,0,0
"cdi",1905,0,0,0
"cdi",1906,0,0,0
"cdi",1907,0,0,0
"cdi",1908,0,0,0
"cdi",1909,0,0,0
"cdi",1910,0,0,0
"cdi",1911,0,0,0
"cdi",1912,0,0,0
"cdi",1913,0,0,0
"cdi",1914,0,0,0
"cdi",1915,0,0,0
"cdi",1916,0,0,0
"cdi",1917,0,0,0
"cdi",1918,0,0,0
"cdi",1919,0,0,0
"cdi",1920,0,0,0
"cdi",1921,0,0,0
"cdi",1922,0,0,0
"cdi",1923,0,0,0
"cdi",1924,0,0,0
"cdi",1925,0,0,0
"cdi",1926,0,0,0
"cdi",1927,0,0,0
"cdi",1928,0,0,0
"cdi",1929,0,0,0
"cdi",1930,0,0,0
"cdi",1931,0,0,0
"cdi",1932,0,0,0
"cdi",1933,0,0,0
"cdi",1934,0,0,0
"cdi",1935,0,0,0
"cdi",1936,0,0,0
"cdi",1937,0,0,0
"cdi",1938,0,0,0
"cdi",1939,0,0,0
"cdi",1940,0,0,0
"cdi",1941,0,0,0
"cdi",1942,0,0,0
"cdi",1943,0,0,0
"cdi",1944,0,0,0
"cdi",1945,0,0,0
"cdi",1946,0,0,0
"cdi",1947,0,0,0
"cdi",1948,0,0,0
"cdi",1949,0,0,0
"cdi",1950,0,0,0
"cdi",1951,0,0,0
"cdi",1952,0,0,0
"cdi",1953,0,0,0
"cdi",1954,0,0,0
"cdi",1955,0,0,0
"cdi",1956,0,0,0
"cdi",1957,0,0,0
"cdi",1958,0,0,0
"cdi",1959,0,0,0
"cdi",1960,0,0,0
"cdi",1961,0,0,0
"cdi",1962,0,0,0
"cdi",1963,0,0,0
"cdi",1964,0,0,0
"cdi",1965,0,0,0
"cdi",1966,0,1,4
"cdi",1967,0,0,4
"cdi",1968,0,0,0
"cdi",1969,0,0,0
"cdi",1970,0,0,0
"cdi",1971,0,0,0
"cdi",1972,0,0,0
"cdi",1973,0,0,0
"cdi",1974,0,0,0
"cdi",1975,0,0,0
"cdi",1976,0,0,0
"cdi",1977,0,0,0
"cdi",1978,0,0,0
"cdi",1979,0,0,0
"cdi",1980,0,0,0
"cdi",1981,0,0,0
"cdi",1982,0,0,0
"cdi",1983,0,0,0
"cdi",1984,0,0,0
"cdi",1985,0,0,0
"cdi",1986,0,0,0
"cdi",1987,0,0,0
"cdi",1988,0,0,0
"cdi",1989,0,0,0
"cdi",1990,0,0,1
"cdi",1991,0,0,0
"cdi",1992,0,0,0
"cdi",1993,0,0,0
"cdi",1994,0,0,0
"cdi",1995,0,0,0
"cdi",1996,0,0,1
"cdi",1997,0,0,0
"cdi",1998,0,0,0
"cdi",1999,0,0,0
"cdi",2000,0,0,0
"cdi",2001,0,0,0
"cdi",2002,0,0,1
"cdi",2003,0,0,1
"cdi",2004,1,0,4
"cdi",2005,0.5,0,2.5
"cdi",2006,0,0,0
"cdi",2007,0,0,0
"cdi",2008,0,0,0
"cdi",2009,0,0,0
"cdi",2010,0,0,0
"cdi",2011,0,0,4
"cdi",2012,0,0,0
"cdi",2013,1,0,1
"cdi",2014,0,0,0
"cen",1816,0,0,0
"cen",1817,0,0,0
"cen",1818,0,0,0
"cen",1819,0,0,0
"cen",1820,0,0,0
"cen",1821,0,0,0
"cen",1822,0,0,0
"cen",1823,0,0,0
"cen",1824,0,0,0
"cen",1825,0,0,0
"cen",1826,0,0,0
"cen",1827,0,0,0
"cen",1828,0,0,0
"cen",1829,0,0,0
"cen",1830,0,0,0
"cen",1831,0,0,0
"cen",1832,0,0,0
"cen",1833,0,0,0
"cen",1834,0,0,0
"cen",1835,0,0,0
"cen",1836,0,0,0
"cen",1837,0,0,0
"cen",1838,0,0,0
"cen",1839,0,0,0
"cen",1840,0,0,0
"cen",1841,0,0,0
"cen",1842,0,0,0
"cen",1843,0,0,0
"cen",1844,0,0,0
"cen",1845,0,0,0
"cen",1846,0,0,0
"cen",1847,0,0,0
"cen",1848,0,0,0
"cen",1849,0,0,0
"cen",1850,0,0,0
"cen",1851,0,0,0
"cen",1852,0,0,0
"cen",1853,0,0,0
"cen",1854,0,0,0
"cen",1855,0,0,0
"cen",1856,0,0,0
"cen",1857,0,0,0
"cen",1858,0,0,0
"cen",1859,0,0,0
"cen",1860,0,0,0
"cen",1861,0,0,0
"cen",1862,0,0,0
"cen",1863,0,0,0
"cen",1864,0,0,0
"cen",1865,0,0,0
"cen",1866,0,0,0
"cen",1867,0,0,0
"cen",1868,0,0,0
"cen",1869,0,0,0
"cen",1870,0,0,0
"cen",1871,0,0,0
"cen",1872,0,0,0
"cen",1873,0,0,0
"cen",1874,0,0,0
"cen",1875,0,0,0
"cen",1876,0,0,0
"cen",1877,0,0,0
"cen",1878,0,0,0
"cen",1879,0,0,0
"cen",1880,0,0,0
"cen",1881,0,0,0
"cen",1882,0,0,0
"cen",1883,0,0,0
"cen",1884,0,0,0
"cen",1885,0,0,0
"cen",1886,0,0,0
"cen",1887,0,0,0
"cen",1888,0,0,0
"cen",1889,0,0,0
"cen",1890,0,0,0
"cen",1891,0,0,0
"cen",1892,0,0,0
"cen",1893,0,0,0
"cen",1894,0,0,0
"cen",1895,0,0,0
"cen",1896,0,0,0
"cen",1897,0,0,0
"cen",1898,0,0,0
"cen",1899,0,0,0
"cen",1900,0,0,0
"cen",1901,0,0,0
"cen",1902,0,0,0
"cen",1903,0,0,0
"cen",1904,0,0,0
"cen",1905,0,0,0
"cen",1906,0,0,0
"cen",1907,0,0,0
"cen",1908,0,0,0
"cen",1909,0,0,0
"cen",1910,0,0,0
"cen",1911,0,0,0
"cen",1912,0,0,0
"cen",1913,0,0,0
"cen",1914,0,0,0
"cen",1915,0,0,0
"cen",1916,0,0,0
"cen",1917,0,0,0
"cen",1918,0,0,0
"cen",1919,0,0,0
"cen",1920,0,0,0
"cen",1921,0,0,0
"cen",1922,0,0,0
"cen",1923,0,0,0
"cen",1924,0,0,0
"cen",1925,0,0,0
"cen",1926,0,0,0
"cen",1927,0,0,0
"cen",1928,0,0,0
"cen",1929,0,0,0
"cen",1930,0,0,0
"cen",1931,0,0,0
"cen",1932,0,0,0
"cen",1933,0,0,0
"cen",1934,0,0,0
"cen",1935,0,0,0
"cen",1936,0,0,0
"cen",1937,0,0,0
"cen",1938,0,0,0
"cen",1939,0,0,0
"cen",1940,0,0,0
"cen",1941,0,0,0
"cen",1942,0,0,0
"cen",1943,0,0,0
"cen",1944,0,0,0
"cen",1945,0,0,0
"cen",1946,0,0,0
"cen",1947,0,0,0
"cen",1948,0,0,0
"cen",1949,0,0,0
"cen",1950,0,0,0
"cen",1951,0,0,0
"cen",1952,0,0,0
"cen",1953,0,0,0
"cen",1954,0,0,0
"cen",1955,0,0,0
"cen",1956,0,0,0
"cen",1957,0,0,0
"cen",1958,0,0,0
"cen",1959,0,0,0
"cen",1960,0,0,0
"cen",1961,0,0,0
"cen",1962,0,0,0
"cen",1963,0,0,0
"cen",1964,0,0,0
"cen",1965,0,0,0
"cen",1966,0,0,0
"cen",1967,0,0,0
"cen",1968,0,0,0
"cen",1969,1,0,4
"cen",1970,0,0,0
"cen",1971,0,0,0
"cen",1972,0,0,0
"cen",1973,0,0,0
"cen",1974,0,0,0
"cen",1975,0,0,0
"cen",1976,0,0,0
"cen",1977,0,1,4
"cen",1978,0,0,0
"cen",1979,0,0,0
"cen",1980,0,0,0
"cen",1981,0,0,0
"cen",1982,0,0,0
"cen",1983,0,0,0
"cen",1984,0,0,0
"cen",1985,0,0,0
"cen",1986,0,0,0
"cen",1987,0,0,0
"cen",1988,0,0,0
"cen",1989,0,0,0
"cen",1990,0,0,0
"cen",1991,0,0,0
"cen",1992,0,0,0
"cen",1993,0,0,0
"cen",1994,0,0,0
"cen",1995,0,0,0
"cen",1996,0,0,0
"cen",1997,0,0,0
"cen",1998,0,0,0
"cen",1999,0,0,0
"cen",2000,0,0,0
"cen",2001,1,0,3.5
"cen",2002,0,0,0
"cen",2003,0,0,0
"cen",2004,0,0,0
"cen",2005,0,0,0
"cen",2006,0,0,0
"cen",2007,0,0,0
"cen",2008,0,0,0
"cen",2009,0,0,0
"cen",2010,0,0,0
"cen",2011,0,0,4
"cen",2012,0,0,0
"cen",2013,0,0,0
"cen",2014,0,0,0
"cha",1816,0,0,0
"cha",1817,0,0,0
"cha",1818,0,0,0
"cha",1819,0,0,0
"cha",1820,0,0,0
"cha",1821,0,0,0
"cha",1822,0,0,0
"cha",1823,0,0,0
"cha",1824,0,0,0
"cha",1825,0,0,0
"cha",1826,0,0,0
"cha",1827,0,0,0
"cha",1828,0,0,0
"cha",1829,0,0,0
"cha",1830,0,0,0
"cha",1831,0,0,0
"cha",1832,0,0,0
"cha",1833,0,0,0
"cha",1834,0,0,0
"cha",1835,0,0,0
"cha",1836,0,0,0
"cha",1837,0,0,0
"cha",1838,0,0,0
"cha",1839,0,0,0
"cha",1840,0,0,0
"cha",1841,0,0,0
"cha",1842,0,0,0
"cha",1843,0,0,0
"cha",1844,0,0,0
"cha",1845,0,0,0
"cha",1846,0,0,0
"cha",1847,0,0,0
"cha",1848,0,0,0
"cha",1849,0,0,0
"cha",1850,0,0,0
"cha",1851,0,0,0
"cha",1852,0,0,0
"cha",1853,0,0,0
"cha",1854,0,0,0
"cha",1855,0,0,0
"cha",1856,0,0,0
"cha",1857,0,0,0
"cha",1858,0,0,0
"cha",1859,0,0,0
"cha",1860,0,0,0
"cha",1861,0,0,0
"cha",1862,0,0,0
"cha",1863,0,0,0
"cha",1864,0,0,0
"cha",1865,0,0,0
"cha",1866,0,0,0
"cha",1867,0,0,0
"cha",1868,0,0,0
"cha",1869,0,0,0
"cha",1870,0,0,0
"cha",1871,0,0,0
"cha",1872,0,0,0
"cha",1873,0,0,0
"cha",1874,0,0,0
"cha",1875,0,0,0
"cha",1876,0,0,0
"cha",1877,0,0,0
"cha",1878,0,0,0
"cha",1879,0,0,0
"cha",1880,0,0,0
"cha",1881,0,0,0
"cha",1882,0,0,0
"cha",1883,0,0,0
"cha",1884,0,0,0
"cha",1885,0,0,0
"cha",1886,0,0,0
"cha",1887,0,0,0
"cha",1888,0,0,0
"cha",1889,0,0,0
"cha",1890,0,0,0
"cha",1891,0,0,0
"cha",1892,0,0,0
"cha",1893,0,0,0
"cha",1894,0,0,0
"cha",1895,0,0,0
"cha",1896,0,0,0
"cha",1897,0,0,0
"cha",1898,0,0,0
"cha",1899,0,0,0
"cha",1900,0,0,0
"cha",1901,0,0,0
"cha",1902,0,0,0
"cha",1903,0,0,0
"cha",1904,0,0,0
"cha",1905,0,0,0
"cha",1906,0,0,0
"cha",1907,0,0,0
"cha",1908,0,0,0
"cha",1909,0,0,0
"cha",1910,0,0,0
"cha",1911,0,0,0
"cha",1912,0,0,0
"cha",1913,0,0,0
"cha",1914,0,0,0
"cha",1915,0,0,0
"cha",1916,0,0,0
"cha",1917,0,0,0
"cha",1918,0,0,0
"cha",1919,0,0,0
"cha",1920,0,0,0
"cha",1921,0,0,0
"cha",1922,0,0,0
"cha",1923,0,0,0
"cha",1924,0,0,0
"cha",1925,0,0,0
"cha",1926,0,0,0
"cha",1927,0,0,0
"cha",1928,0,0,0
"cha",1929,0,0,0
"cha",1930,0,0,0
"cha",1931,0,0,0
"cha",1932,0,0,0
"cha",1933,0,0,0
"cha",1934,0,0,0
"cha",1935,0,0,0
"cha",1936,0,0,0
"cha",1937,0,0,0
"cha",1938,0,0,0
"cha",1939,0,0,0
"cha",1940,0,0,0
"cha",1941,0,0,0
"cha",1942,0,0,0
"cha",1943,0,0,0
"cha",1944,0,0,0
"cha",1945,0,0,0
"cha",1946,0,0,0
"cha",1947,0,0,0
"cha",1948,0,0,0
"cha",1949,0,0,0
"cha",1950,0,0,0
"cha",1951,0,0,0
"cha",1952,0,0,0
"cha",1953,0,0,0
"cha",1954,0,0,0
"cha",1955,0,0,0
"cha",1956,0,0,0
"cha",1957,0,0,0
"cha",1958,0,0,0
"cha",1959,0,0,0
"cha",1960,0,0,0
"cha",1961,0,0,0
"cha",1962,0,0,0
"cha",1963,0,0,0
"cha",1964,0,0,0
"cha",1965,0,0,0
"cha",1966,1,0,4
"cha",1967,0,0,0
"cha",1968,0,0,0
"cha",1969,0,0,1
"cha",1970,0,0,0
"cha",1971,0,0,0
"cha",1972,0,0,0
"cha",1973,0,0,0
"cha",1974,0,0,0
"cha",1975,0,0,0
"cha",1976,0,0,1
"cha",1977,0,0,1
"cha",1978,0,0,0
"cha",1979,0,0,0
"cha",1980,0,0,0
"cha",1981,0,0,2
"cha",1982,0,0,0
"cha",1983,0,4,4
"cha",1984,0,0,0
"cha",1985,0,0,0
"cha",1986,0,0,0
"cha",1987,0,0,0
"cha",1988,0,0,0
"cha",1989,0,0,0
"cha",1990,0,0,0
"cha",1991,0,0,0
"cha",1992,0,0,0
"cha",1993,0,1,4
"cha",1994,0,0,1
"cha",1995,0,0,1
"cha",1996,0,0,0
"cha",1997,0,0,0
"cha",1998,0,0,0
"cha",1999,0,0,0
"cha",2000,0,0,0
"cha",2001,0,0,1
"cha",2002,0,0,0
"cha",2003,0,0,0
"cha",2004,1,1,4
"cha",2005,1,0.5,4
"cha",2006,1,0.5,4
"cha",2007,1,0.5,4
"cha",2008,1,0,4
"cha",2009,1,1,4
"cha",2010,0,0,0
"cha",2011,0,0,0
"cha",2012,0,0,0
"cha",2013,0,0,0
"cha",2014,0,0,0
"chl",1816,0,0,0
"chl",1817,0,0,0
"chl",1818,0,0,0
"chl",1819,0,0,0
"chl",1820,0,0,0
"chl",1821,0,0,0
"chl",1822,0,0,0
"chl",1823,0,0,0
"chl",1824,0,0,0
"chl",1825,0,0,0
"chl",1826,0,0,0
"chl",1827,0,0,0
"chl",1828,0,0,0
"chl",1829,0,0,0
"chl",1830,0,0,0
"chl",1831,0,0,0
"chl",1832,0,0,0
"chl",1833,0,0,0
"chl",1834,0,0,0
"chl",1835,0,0,0
"chl",1836,0,0,0
"chl",1837,0,0,0
"chl",1838,0,0,0
"chl",1839,0,0,0
"chl",1840,0,0,0
"chl",1841,0,0,0
"chl",1842,0,0,0
"chl",1843,1,0,4
"chl",1844,1,0,4
"chl",1845,0,0,0
"chl",1846,0,0,3
"chl",1847,0,0,3
"chl",1848,0,0,0
"chl",1849,0,0,0
"chl",1850,0,0,0
"chl",1851,0,0,0
"chl",1852,0,0,2.5
"chl",1853,0,0,0
"chl",1854,0,0,0
"chl",1855,0,0,0
"chl",1856,0,0,0
"chl",1857,1,0,4
"chl",1858,1,0,4
"chl",1859,0,0,0
"chl",1860,0,0,2
"chl",1861,1,0,3
"chl",1862,0,0,1
"chl",1863,0.5,0,2.5
"chl",1864,0,0,3
"chl",1865,0,2,5
"chl",1866,0,2,5
"chl",1867,0,0,0
"chl",1868,0,0,0
"chl",1869,0,0,0
"chl",1870,0,0,0
"chl",1871,0,0,0
"chl",1872,1,0,1
"chl",1873,0,0,0
"chl",1874,0,0,0
"chl",1875,0,0,0
"chl",1876,1,0,4
"chl",1877,0,0,0
"chl",1878,1,3,4.5
"chl",1879,1,3,3
"chl",1880,1,6,5
"chl",1881,1,6,5
"chl",1882,1,6,5
"chl",1883,1,3,3
"chl",1884,1,0,3.5
"chl",1885,0,0,0
"chl",1886,0,0,0
"chl",1887,0,0,0
"chl",1888,0,0,0
"chl",1889,0,0,0
"chl",1890,0,0,0
"chl",1891,0,0,1
"chl",1892,0,0,1
"chl",1893,0,0,0
"chl",1894,0,0,0
"chl",1895,0,0,0
"chl",1896,0,0,0
"chl",1897,1,0,3
"chl",1898,1,0,3
"chl",1899,0,0,0
"chl",1900,0,0,0
"chl",1901,0,0,0
"chl",1902,0,0,0
"chl",1903,0,0,0
"chl",1904,0,0,0
"chl",1905,1,0,1
"chl",1906,0,0,0
"chl",1907,0,0,0
"chl",1908,0,0,0
"chl",1909,1,0,3
"chl",1910,0,0,0
"chl",1911,0,0,3
"chl",1912,0,0,0
"chl",1913,0,0,0
"chl",1914,0,0,0
"chl",1915,0,0,0
"chl",1916,0,0,0
"chl",1917,0,0,0
"chl",1918,0,0,0
"chl",1919,0,0,0
"chl",1920,0,0,0
"chl",1921,0,0,0
"chl",1922,0,0,0
"chl",1923,0,0,0
"chl",1924,0,0,0
"chl",1925,0,0,0
"chl",1926,0,0,0
"chl",1927,0,0,0
"chl",1928,0,0,0
"chl",1929,0,0,0
"chl",1930,0,0,0
"chl",1931,0,0,0
"chl",1932,0,0,0
"chl",1933,0,0,0
"chl",1934,0,0,0
"chl",1935,0,0,0
"chl",1936,0,0,0
"chl",1937,0,0,0
"chl",1938,0,0,0
"chl",1939,0,0,0
"chl",1940,0,0,0
"chl",1941,0,0,0
"chl",1942,0,0,1
"chl",1943,0,0,0
"chl",1944,0,0,0
"chl",1945,0,0,4
"chl",1946,0,0,0
"chl",1947,1,0,4
"chl",1948,1,0,4
"chl",1949,0,0,0
"chl",1950,0,0,0
"chl",1951,0,0,0
"chl",1952,1,0,1
"chl",1953,0,0,0
"chl",1954,0,0,0
"chl",1955,1,0,1
"chl",1956,0,0,0
"chl",1957,0,0,0
"chl",1958,1,0,2
"chl",1959,1,0,3
"chl",1960,1,0,1
"chl",1961,0,0,0
"chl",1962,0,0,0
"chl",1963,1,0,1
"chl",1964,1,0,4
"chl",1965,1,1,4
"chl",1966,0,0,0
"chl",1967,1,0,3
"chl",1968,1,0,3
"chl",1969,0,0,0
"chl",1970,0,0,0
"chl",1971,0,0,0
"chl",1972,0,0,0
"chl",1973,0,0,0
"chl",1974,0,0,0
"chl",1975,0,0,0
"chl",1976,0,0,0
"chl",1977,0.333333333333333,0,3
"chl",1978,0.666666666666667,0,2.33333333333333
"chl",1979,1,0,3
"chl",1980,1,0,4
"chl",1981,1,0,4
"chl",1982,1,0,4
"chl",1983,1,0,3
"chl",1984,0,0,1
"chl",1985,0,0,0
"chl",1986,0,0,0
"chl",1987,0,0,0
"chl",1988,0,0,0
"chl",1989,0,0,0
"chl",1990,0,0,0
"chl",1991,0,0,0
"chl",1992,0,0,0
"chl",1993,0,0,0
"chl",1994,0,0,0
"chl",1995,0,0,0
"chl",1996,0,0,1
"chl",1997,0,0,0
"chl",1998,0,0,0
"chl",1999,0,0,0
"chl",2000,0,0,0
"chl",2001,0,0,0
"chl",2002,0,0,0
"chl",2003,0,0,0
"chl",2004,0,0,0
"chl",2005,0,0,0
"chl",2006,0,0,0
"chl",2007,0,0,0
"chl",2008,0,0,0
"chl",2009,0,0,0
"chl",2010,0,0,0
"chl",2011,0,0,0
"chl",2012,0,0,0
"chl",2013,0,0,0
"chl",2014,0,0,0
"chn",1816,0,0,0
"chn",1817,0,0,0
"chn",1818,0,0,0
"chn",1819,0,0,0
"chn",1820,0,0,0
"chn",1821,0,0,0
"chn",1822,0,0,0
"chn",1823,0,0,0
"chn",1824,0,0,0
"chn",1825,0,0,0
"chn",1826,0,0,0
"chn",1827,0,0,0
"chn",1828,0,0,0
"chn",1829,0,0,0
"chn",1830,0,0,0
"chn",1831,0,0,0
"chn",1832,0,0,0
"chn",1833,0,0,0
"chn",1834,0,0,0
"chn",1835,0,0,0
"chn",1836,0,0,0
"chn",1837,0,0,0
"chn",1838,0,0,0
"chn",1839,0,0,0
"chn",1840,0,0,0
"chn",1841,0,0,0
"chn",1842,0,0,0
"chn",1843,0,0,0
"chn",1844,0,0,0
"chn",1845,0,0,0
"chn",1846,0,0,0
"chn",1847,0,0,0
"chn",1848,0,0,0
"chn",1849,0,0,0
"chn",1850,0,0,0
"chn",1851,0,0,0
"chn",1852,0,0,0
"chn",1853,0,0,0
"chn",1854,0,0,0
"chn",1855,0,0,0
"chn",1856,0,0,0
"chn",1857,0,0,0
"chn",1858,0,0,0
"chn",1859,0,0,0
"chn",1860,0,0,0
"chn",1861,0,0,0
"chn",1862,0,0,0
"chn",1863,0,0,0
"chn",1864,0,0,0
"chn",1865,0,0,0
"chn",1866,0,0,0
"chn",1867,0,0,0
"chn",1868,0,0,0
"chn",1869,0,0,0
"chn",1870,0,0,3.5
"chn",1871,0,0,2.5
"chn",1872,0,0,1
"chn",1873,0,0,1
"chn",1874,0,0,3
"chn",1875,0,0,1
"chn",1876,0,0,0
"chn",1877,0,0,0
"chn",1878,0,0,0
"chn",1879,0,0,1
"chn",1880,1,0,3
"chn",1881,0,0,3
"chn",1882,0,0,3
"chn",1883,0,6,5
"chn",1884,0,3.5,4.5
"chn",1885,0,2.33333333333333,4
"chn",1886,0,0,0
"chn",1887,0,0,0
"chn",1888,0,0,0
"chn",1889,0,0,0
"chn",1890,0,0,0
"chn",1891,0,0,3
"chn",1892,0,0,3
"chn",1893,0,0,0
"chn",1894,0,6,5
"chn",1895,0,6,5
"chn",1896,0,0,0
"chn",1897,0,0,4
"chn",1898,0,0,1.75
"chn",1899,0,0,3
"chn",1900,0,6,5
"chn",1901,0,0,0
"chn",1902,0,0,0
"chn",1903,0,0,1
"chn",1904,0,0,1
"chn",1905,0,0,1
"chn",1906,0,0,1
"chn",1907,1,0,1
"chn",1908,0,0,0
"chn",1909,1,1,4
"chn",1910,1,0,1
"chn",1911,1,0,1
"chn",1912,0,0,1
"chn",1913,0,0,0
"chn",1914,0,0,1
"chn",1915,0,0,1
"chn",1916,0,1,4
"chn",1917,0.333333333333333,0.333333333333333,4
"chn",1918,0,1,4
"chn",1919,0.25,0.5,2.75
"chn",1920,0,0,1
"chn",1921,0,0,1
"chn",1922,0.5,0,1
"chn",1923,1,0,1
"chn",1924,0,0,0
"chn",1925,0,0,1
"chn",1926,0,1,4
"chn",1927,0,0,2.5
"chn",1928,0,3,4
"chn",1929,0,6,5
"chn",1930,0,0,0
"chn",1931,0,6,5
"chn",1932,0,6,5
"chn",1933,0,2.66666666666667,3.33333333333333
"chn",1934,0,1,2.5
"chn",1935,0,1.5,4
"chn",1936,0,1,4
"chn",1937,0,3,3
"chn",1938,0,3,3
"chn",1939,0,6,5
"chn",1940,0,6,5
"chn",1941,0,6,5
"chn",1942,0,6,5
"chn",1943,0,3,3
"chn",1944,0,6,5
"chn",1945,0,3,3
"chn",1946,0,0,1
"chn",1947,0,0,0
"chn",1948,0,0,0
"chn",1949,0.333333333333333,0.333333333333333,3
"chn",1950,0.333333333333333,1.33333333333333,4
"chn",1951,0.333333333333333,2.33333333333333,4.33333333333333
"chn",1952,0.5,3.5,4.5
"chn",1953,0.4,1.6,3.6
"chn",1954,0.6,0.4,3.2
"chn",1955,0.4,0.4,3.6
"chn",1956,0.6,0.4,3.2
"chn",1957,0,0,0
"chn",1958,1,0,3.66666666666667
"chn",1959,0.666666666666667,0.333333333333333,3
"chn",1960,0.5,0.5,2.5
"chn",1961,0.333333333333333,1.66666666666667,2.66666666666667
"chn",1962,0.5,1.25,3.25
"chn",1963,0,0,4
"chn",1964,0.666666666666667,0.666666666666667,3.66666666666667
"chn",1965,0.6,0.4,2.8
"chn",1966,0.75,0.5,3.375
"chn",1967,0.5,0.333333333333333,4
"chn",1968,0.75,0.25,3.25
"chn",1969,0.666666666666667,1,2.33333333333333
"chn",1970,0,0,0
"chn",1971,0.5,0,1
"chn",1972,0,0,1
"chn",1973,1,0,2
"chn",1974,0,0,2.5
"chn",1975,1,1,4
"chn",1976,1,0,4
"chn",1977,1,0,4
"chn",1978,1,3,4.5
"chn",1979,1,1.75,3.25
"chn",1980,1,1,4
"chn",1981,1,3,4
"chn",1982,0,0,1
"chn",1983,0.5,1,2.5
"chn",1984,0,0,1
"chn",1985,0,0,3
"chn",1986,0.666666666666667,2,3.33333333333333
"chn",1987,0.6,1,3.4
"chn",1988,0,0,1
"chn",1989,0,0,0
"chn",1990,0,0,0
"chn",1991,0,0,1
"chn",1992,0,0,0
"chn",1993,0.5,0.25,3.5
"chn",1994,1,0,3.5
"chn",1995,0.6,0,2.4
"chn",1996,1,0,3
"chn",1997,1,0,3
"chn",1998,0.5,0,2
"chn",1999,1,0,3
"chn",2000,1,0,3
"chn",2001,1,0.25,3.25
"chn",2002,0.333333333333333,0,2.33333333333333
"chn",2003,0.2,0,2.2
"chn",2004,0.25,0,2.5
"chn",2005,0.333333333333333,0,2.66666666666667
"chn",2006,1,0,4
"chn",2007,0,0,2
"chn",2008,0,0,0
"chn",2009,0.333333333333333,0,1.66666666666667
"chn",2010,0.4,0,2.4
"chn",2011,1,0,3
"chn",2012,0.75,0,2.75
"chn",2013,0.8,0,3.4
"chn",2014,0.875,0,2.625
"col",1816,0,0,0
"col",1817,0,0,0
"col",1818,0,0,0
"col",1819,0,0,0
"col",1820,0,0,0
"col",1821,0,0,0
"col",1822,0,0,0
"col",1823,0,0,0
"col",1824,0,0,0
"col",1825,0,0,0
"col",1826,0,0,0
"col",1827,0,0,0
"col",1828,0,0,0
"col",1829,0,0,0
"col",1830,0,0,0
"col",1831,0,0,0
"col",1832,0,0,0
"col",1833,0,0,4
"col",1834,0,0,4
"col",1835,0,0,0
"col",1836,0,0,4
"col",1837,0,0,4
"col",1838,0,0,0
"col",1839,0,0,0
"col",1840,0,0,0
"col",1841,0,0,0
"col",1842,0,0,0
"col",1843,0,0,0
"col",1844,0,0,0
"col",1845,0,0,0
"col",1846,0,0,0
"col",1847,0,0,0
"col",1848,0,0,0
"col",1849,0,0,0
"col",1850,0,0,0
"col",1851,0,0,0
"col",1852,0.5,0,2.5
"col",1853,0,0,0
"col",1854,0,0,0
"col",1855,0,0,0
"col",1856,1,0,1
"col",1857,0.5,0,1
"col",1858,0,0,0
"col",1859,0,0,0
"col",1860,0,0,0
"col",1861,0,0,0
"col",1862,1,2,4
"col",1863,1,4,5
"col",1864,0,0,0
"col",1865,0,0,0
"col",1866,0,0,0
"col",1867,0,0,0
"col",1868,0,0,0
"col",1869,0,0,0
"col",1870,0,0,0
"col",1871,0,0,0
"col",1872,0,0,0
"col",1873,0,0,0
"col",1874,0,0,0
"col",1875,0,0,0
"col",1876,0,0,0
"col",1877,0,0,0
"col",1878,0,0,0
"col",1879,0,0,0
"col",1880,0,0,0
"col",1881,0,0,0
"col",1882,0,0,0
"col",1883,0,0,0
"col",1884,0,0,0
"col",1885,0,0,3
"col",1886,0,0,3
"col",1887,0,0,0
"col",1888,0,0,0
"col",1889,0,0,0
"col",1890,0,0,0
"col",1891,0,0,0
"col",1892,0,0,0
"col",1893,0,0,0
"col",1894,0,0,0
"col",1895,0,0,0
"col",1896,0,0,4
"col",1897,0,0,0
"col",1898,0,0,1
"col",1899,0,0,1
"col",1900,0,0,0
"col",1901,0,0,0
"col",1902,0,0,0
"col",1903,0,0,2
"col",1904,0,0,2
"col",1905,0,0,0
"col",1906,0,0,0
"col",1907,0,0,3
"col",1908,0,0,0
"col",1909,0,0,0
"col",1910,0,0,0
"col",1911,1,1,4
"col",1912,1,0,1
"col",1913,1,0,3
"col",1914,1,0,3
"col",1915,0,0,0
"col",1916,0,0,0
"col",1917,0,0,0
"col",1918,0,0,0
"col",1919,0,0,0
"col",1920,0,0,0
"col",1921,0,0,0
"col",1922,0,0,0
"col",1923,0,0,0
"col",1924,0,0,0
"col",1925,0,0,0
"col",1926,0,0,0
"col",1927,0,0,0
"col",1928,0,0,0
"col",1929,0,0,0
"col",1930,0,0,0
"col",1931,0,0,0
"col",1932,0,0.666666666666667,2
"col",1933,0,1,2.5
"col",1934,0,0,3
"col",1935,0,0,0
"col",1936,0,0,0
"col",1937,0,0,0
"col",1938,0,0,0
"col",1939,0,0,0
"col",1940,0,0,0
"col",1941,0,0,0
"col",1942,0,0,0
"col",1943,0,0,4
"col",1944,0,0,4
"col",1945,0,0,0
"col",1946,0,0,0
"col",1947,0,0,0
"col",1948,0,0,0
"col",1949,0,0,0
"col",1950,0,0,0
"col",1951,0,3,5
"col",1952,0,3,5
"col",1953,0,3,5
"col",1954,0,0,0
"col",1955,0,0,0
"col",1956,0,0,0
"col",1957,0,0,0
"col",1958,0,0,0
"col",1959,0,0,0
"col",1960,0,0,0
"col",1961,0,0,0
"col",1962,0,0,0
"col",1963,0,0,0
"col",1964,0,0,0
"col",1965,0,0,0
"col",1966,0,0,0
"col",1967,0,0,0
"col",1968,0,0,0
"col",1969,0,0,0
"col",1970,0,0,0
"col",1971,0,0,0
"col",1972,0,0,0
"col",1973,0,0,0
"col",1974,0,0,0
"col",1975,0,0,0
"col",1976,0,0,0
"col",1977,0,0,0
"col",1978,0,0,0
"col",1979,0,0,0
"col",1980,0,0,3
"col",1981,0,0,0
"col",1982,1,0,4
"col",1983,0,0,0
"col",1984,0,0,0
"col",1985,0,0,0
"col",1986,0,0,0
"col",1987,1,0,3
"col",1988,0,0,0
"col",1989,0,0,0
"col",1990,0,0,0
"col",1991,0,0,0
"col",1992,0,0,0
"col",1993,0,0,0
"col",1994,0,0,1
"col",1995,0,0,1
"col",1996,0,0,0
"col",1997,0,0,1
"col",1998,0,0,0
"col",1999,0,0,0
"col",2000,0,0,1
"col",2001,0,0,4
"col",2002,0,0,0
"col",2003,0,0,1
"col",2004,0,0,0
"col",2005,0,0,1
"col",2006,0.5,0,2
"col",2007,0,0,4
"col",2008,1,0,3
"col",2009,0.5,0,2
"col",2010,1,0,3
"col",2011,0,0,0
"col",2012,0,0,0
"col",2013,0,0,3
"col",2014,0,0,0
"com",1816,0,0,0
"com",1817,0,0,0
"com",1818,0,0,0
"com",1819,0,0,0
"com",1820,0,0,0
"com",1821,0,0,0
"com",1822,0,0,0
"com",1823,0,0,0
"com",1824,0,0,0
"com",1825,0,0,0
"com",1826,0,0,0
"com",1827,0,0,0
"com",1828,0,0,0
"com",1829,0,0,0
"com",1830,0,0,0
"com",1831,0,0,0
"com",1832,0,0,0
"com",1833,0,0,0
"com",1834,0,0,0
"com",1835,0,0,0
"com",1836,0,0,0
"com",1837,0,0,0
"com",1838,0,0,0
"com",1839,0,0,0
"com",1840,0,0,0
"com",1841,0,0,0
"com",1842,0,0,0
"com",1843,0,0,0
"com",1844,0,0,0
"com",1845,0,0,0
"com",1846,0,0,0
"com",1847,0,0,0
"com",1848,0,0,0
"com",1849,0,0,0
"com",1850,0,0,0
"com",1851,0,0,0
"com",1852,0,0,0
"com",1853,0,0,0
"com",1854,0,0,0
"com",1855,0,0,0
"com",1856,0,0,0
"com",1857,0,0,0
"com",1858,0,0,0
"com",1859,0,0,0
"com",1860,0,0,0
"com",1861,0,0,0
"com",1862,0,0,0
"com",1863,0,0,0
"com",1864,0,0,0
"com",1865,0,0,0
"com",1866,0,0,0
"com",1867,0,0,0
"com",1868,0,0,0
"com",1869,0,0,0
"com",1870,0,0,0
"com",1871,0,0,0
"com",1872,0,0,0
"com",1873,0,0,0
"com",1874,0,0,0
"com",1875,0,0,0
"com",1876,0,0,0
"com",1877,0,0,0
"com",1878,0,0,0
"com",1879,0,0,0
"com",1880,0,0,0
"com",1881,0,0,0
"com",1882,0,0,0
"com",1883,0,0,0
"com",1884,0,0,0
"com",1885,0,0,0
"com",1886,0,0,0
"com",1887,0,0,0
"com",1888,0,0,0
"com",1889,0,0,0
"com",1890,0,0,0
"com",1891,0,0,0
"com",1892,0,0,0
"com",1893,0,0,0
"com",1894,0,0,0
"com",1895,0,0,0
"com",1896,0,0,0
"com",1897,0,0,0
"com",1898,0,0,0
"com",1899,0,0,0
"com",1900,0,0,0
"com",1901,0,0,0
"com",1902,0,0,0
"com",1903,0,0,0
"com",1904,0,0,0
"com",1905,0,0,0
"com",1906,0,0,0
"com",1907,0,0,0
"com",1908,0,0,0
"com",1909,0,0,0
"com",1910,0,0,0
"com",1911,0,0,0
"com",1912,0,0,0
"com",1913,0,0,0
"com",1914,0,0,0
"com",1915,0,0,0
"com",1916,0,0,0
"com",1917,0,0,0
"com",1918,0,0,0
"com",1919,0,0,0
"com",1920,0,0,0
"com",1921,0,0,0
"com",1922,0,0,0
"com",1923,0,0,0
"com",1924,0,0,0
"com",1925,0,0,0
"com",1926,0,0,0
"com",1927,0,0,0
"com",1928,0,0,0
"com",1929,0,0,0
"com",1930,0,0,0
"com",1931,0,0,0
"com",1932,0,0,0
"com",1933,0,0,0
"com",1934,0,0,0
"com",1935,0,0,0
"com",1936,0,0,0
"com",1937,0,0,0
"com",1938,0,0,0
"com",1939,0,0,0
"com",1940,0,0,0
"com",1941,0,0,0
"com",1942,0,0,0
"com",1943,0,0,0
"com",1944,0,0,0
"com",1945,0,0,0
"com",1946,0,0,0
"com",1947,0,0,0
"com",1948,0,0,0
"com",1949,0,0,0
"com",1950,0,0,0
"com",1951,0,0,0
"com",1952,0,0,0
"com",1953,0,0,0
"com",1954,0,0,0
"com",1955,0,0,0
"com",1956,0,0,0
"com",1957,0,0,0
"com",1958,0,0,0
"com",1959,0,0,0
"com",1960,0,0,0
"com",1961,0,0,0
"com",1962,0,0,0
"com",1963,0,0,0
"com",1964,0,0,0
"com",1965,0,0,0
"com",1966,0,0,0
"com",1967,0,0,0
"com",1968,0,0,0
"com",1969,0,0,0
"com",1970,0,0,0
"com",1971,0,0,0
"com",1972,0,0,0
"com",1973,0,0,0
"com",1974,0,0,0
"com",1975,0,0,0
"com",1976,0,0,0
"com",1977,0,0,0
"com",1978,0,0,0
"com",1979,0,0,0
"com",1980,0,0,0
"com",1981,0,0,0
"com",1982,0,0,0
"com",1983,0,0,0
"com",1984,0,0,0
"com",1985,0,0,0
"com",1986,0,0,0
"com",1987,0,0,0
"com",1988,0,0,0
"com",1989,0,0,1
"com",1990,0,0,0
"com",1991,0,0,0
"com",1992,0,0,0
"com",1993,0,0,0
"com",1994,0,0,0
"com",1995,0,0,0
"com",1996,0,0,0
"com",1997,0,0,0
"com",1998,0,0,0
"com",1999,0,0,0
"com",2000,0,0,0
"com",2001,0,0,0
"com",2002,0,0,0
"com",2003,0,0,0
"com",2004,0,0,0
"com",2005,0,0,0
"com",2006,0,0,0
"com",2007,0,0,0
"com",2008,0,0,0
"com",2009,0,0,0
"com",2010,0,0,0
"com",2011,0,0,0
"com",2012,0,0,0
"com",2013,0,0,0
"com",2014,0,0,0
"con",1816,0,0,0
"con",1817,0,0,0
"con",1818,0,0,0
"con",1819,0,0,0
"con",1820,0,0,0
"con",1821,0,0,0
"con",1822,0,0,0
"con",1823,0,0,0
"con",1824,0,0,0
"con",1825,0,0,0
"con",1826,0,0,0
"con",1827,0,0,0
"con",1828,0,0,0
"con",1829,0,0,0
"con",1830,0,0,0
"con",1831,0,0,0
"con",1832,0,0,0
"con",1833,0,0,0
"con",1834,0,0,0
"con",1835,0,0,0
"con",1836,0,0,0
"con",1837,0,0,0
"con",1838,0,0,0
"con",1839,0,0,0
"con",1840,0,0,0
"con",1841,0,0,0
"con",1842,0,0,0
"con",1843,0,0,0
"con",1844,0,0,0
"con",1845,0,0,0
"con",1846,0,0,0
"con",1847,0,0,0
"con",1848,0,0,0
"con",1849,0,0,0
"con",1850,0,0,0
"con",1851,0,0,0
"con",1852,0,0,0
"con",1853,0,0,0
"con",1854,0,0,0
"con",1855,0,0,0
"con",1856,0,0,0
"con",1857,0,0,0
"con",1858,0,0,0
"con",1859,0,0,0
"con",1860,0,0,0
"con",1861,0,0,0
"con",1862,0,0,0
"con",1863,0,0,0
"con",1864,0,0,0
"con",1865,0,0,0
"con",1866,0,0,0
"con",1867,0,0,0
"con",1868,0,0,0
"con",1869,0,0,0
"con",1870,0,0,0
"con",1871,0,0,0
"con",1872,0,0,0
"con",1873,0,0,0
"con",1874,0,0,0
"con",1875,0,0,0
"con",1876,0,0,0
"con",1877,0,0,0
"con",1878,0,0,0
"con",1879,0,0,0
"con",1880,0,0,0
"con",1881,0,0,0
"con",1882,0,0,0
"con",1883,0,0,0
"con",1884,0,0,0
"con",1885,0,0,0
"con",1886,0,0,0
"con",1887,0,0,0
"con",1888,0,0,0
"con",1889,0,0,0
"con",1890,0,0,0
"con",1891,0,0,0
"con",1892,0,0,0
"con",1893,0,0,0
"con",1894,0,0,0
"con",1895,0,0,0
"con",1896,0,0,0
"con",1897,0,0,0
"con",1898,0,0,0
"con",1899,0,0,0
"con",1900,0,0,0
"con",1901,0,0,0
"con",1902,0,0,0
"con",1903,0,0,0
"con",1904,0,0,0
"con",1905,0,0,0
"con",1906,0,0,0
"con",1907,0,0,0
"con",1908,0,0,0
"con",1909,0,0,0
"con",1910,0,0,0
"con",1911,0,0,0
"con",1912,0,0,0
"con",1913,0,0,0
"con",1914,0,0,0
"con",1915,0,0,0
"con",1916,0,0,0
"con",1917,0,0,0
"con",1918,0,0,0
"con",1919,0,0,0
"con",1920,0,0,0
"con",1921,0,0,0
"con",1922,0,0,0
"con",1923,0,0,0
"con",1924,0,0,0
"con",1925,0,0,0
"con",1926,0,0,0
"con",1927,0,0,0
"con",1928,0,0,0
"con",1929,0,0,0
"con",1930,0,0,0
"con",1931,0,0,0
"con",1932,0,0,0
"con",1933,0,0,0
"con",1934,0,0,0
"con",1935,0,0,0
"con",1936,0,0,0
"con",1937,0,0,0
"con",1938,0,0,0
"con",1939,0,0,0
"con",1940,0,0,0
"con",1941,0,0,0
"con",1942,0,0,0
"con",1943,0,0,0
"con",1944,0,0,0
"con",1945,0,0,0
"con",1946,0,0,0
"con",1947,0,0,0
"con",1948,0,0,0
"con",1949,0,0,0
"con",1950,0,0,0
"con",1951,0,0,0
"con",1952,0,0,0
"con",1953,0,0,0
"con",1954,0,0,0
"con",1955,0,0,0
"con",1956,0,0,0
"con",1957,0,0,0
"con",1958,0,0,0
"con",1959,0,0,0
"con",1960,0,0,0
"con",1961,0,0,0
"con",1962,0,0,0
"con",1963,0,0,0
"con",1964,0,0,0
"con",1965,1,0,1
"con",1966,0,0,0
"con",1967,0,0,0
"con",1968,0,0,0
"con",1969,0,0,3.5
"con",1970,0,0,3
"con",1971,0,0,0
"con",1972,0,0,0
"con",1973,0,0,0
"con",1974,0,0,0
"con",1975,0,0,0
"con",1976,0,0,0
"con",1977,0,1,4
"con",1978,0,0,0
"con",1979,0,0,0
"con",1980,0,0,1
"con",1981,0,0,0
"con",1982,0,0,0
"con",1983,0,0,0
"con",1984,0,0,0
"con",1985,0,0,0
"con",1986,0,0,0
"con",1987,0,0,0
"con",1988,0,0,0
"con",1989,0,0,0
"con",1990,0,0,0
"con",1991,0,0,0
"con",1992,0,0,0
"con",1993,0,0,1
"con",1994,0,0,0
"con",1995,0,1,4
"con",1996,0,0,0
"con",1997,0,0,4
"con",1998,0,0,0
"con",1999,0,0,0
"con",2000,0,0,0
"con",2001,0,0,0
"con",2002,0,0,0
"con",2003,0,0,0
"con",2004,0,0,0
"con",2005,0,0,0
"con",2006,0,0,0
"con",2007,0,0,0
"con",2008,0,0,0
"con",2009,0,0,0
"con",2010,0,0,0
"con",2011,0,0,0
"con",2012,0,0,0
"con",2013,1,0,1
"con",2014,0,0,0
"cos",1816,0,0,0
"cos",1817,0,0,0
"cos",1818,0,0,0
"cos",1819,0,0,0
"cos",1820,0,0,0
"cos",1821,0,0,0
"cos",1822,0,0,0
"cos",1823,0,0,0
"cos",1824,0,0,0
"cos",1825,0,0,0
"cos",1826,0,0,0
"cos",1827,0,0,0
"cos",1828,0,0,0
"cos",1829,0,0,0
"cos",1830,0,0,0
"cos",1831,0,0,0
"cos",1832,0,0,0
"cos",1833,0,0,0
"cos",1834,0,0,0
"cos",1835,0,0,0
"cos",1836,0,0,0
"cos",1837,0,0,0
"cos",1838,0,0,0
"cos",1839,0,0,0
"cos",1840,0,0,0
"cos",1841,0,0,0
"cos",1842,0,0,0
"cos",1843,0,0,0
"cos",1844,0,0,0
"cos",1845,0,0,0
"cos",1846,0,0,0
"cos",1847,0,0,0
"cos",1848,0,0,0
"cos",1849,0,0,0
"cos",1850,0,0,0
"cos",1851,0,0,0
"cos",1852,0,0,0
"cos",1853,0,0,0
"cos",1854,0,0,0
"cos",1855,0,0,0
"cos",1856,0,0,0
"cos",1857,0,0,0
"cos",1858,0,0,0
"cos",1859,0,0,0
"cos",1860,0,0,0
"cos",1861,0,0,0
"cos",1862,0,0,0
"cos",1863,0,0,0
"cos",1864,0,0,0
"cos",1865,0,0,0
"cos",1866,0,0,0
"cos",1867,0,0,0
"cos",1868,0,0,0
"cos",1869,0,0,0
"cos",1870,0,0,0
"cos",1871,0,0,0
"cos",1872,0,0,0
"cos",1873,0,0,0
"cos",1874,0,0,0
"cos",1875,0,0,0
"cos",1876,0,0,0
"cos",1877,0,0,0
"cos",1878,0,0,0
"cos",1879,0,0,0
"cos",1880,0,0,0
"cos",1881,0,0,0
"cos",1882,0,0,0
"cos",1883,0,0,0
"cos",1884,0,0,0
"cos",1885,0,0,0
"cos",1886,0,0,0
"cos",1887,0,0,0
"cos",1888,0,0,0
"cos",1889,0,0,0
"cos",1890,0,0,0
"cos",1891,0,0,0
"cos",1892,0,0,0
"cos",1893,0,0,0
"cos",1894,0,0,0
"cos",1895,0,0,0
"cos",1896,0,0,0
"cos",1897,0,0,0
"cos",1898,0,0,0
"cos",1899,0,0,0
"cos",1900,0,0,0
"cos",1901,0,0,0
"cos",1902,0,0,0
"cos",1903,0,0,0
"cos",1904,0,0,0
"cos",1905,0,0,0
"cos",1906,0,0,0
"cos",1907,0,0,0
"cos",1908,0,0,0
"cos",1909,0,0,0
"cos",1910,0,0,0
"cos",1911,0,0,0
"cos",1912,0,0,0
"cos",1913,0,0,0
"cos",1914,0,0,0
"cos",1915,0,0,0
"cos",1916,0,0,0
"cos",1917,0,0,0
"cos",1918,0,0,0
"cos",1919,0,0,0
"cos",1920,0,0,0
"cos",1921,0,0,0
"cos",1922,0,0,0
"cos",1923,0,0,0
"cos",1924,0,0,0
"cos",1925,0,0,0
"cos",1926,0,0,0
"cos",1927,0,0,0
"cos",1928,0,0,0
"cos",1929,0,0,0
"cos",1930,0,0,0
"cos",1931,0,0,0
"cos",1932,0,0,0
"cos",1933,0,0,0
"cos",1934,0,0,0
"cos",1935,0,0,0
"cos",1936,0,0,0
"cos",1937,0,0,0
"cos",1938,0,0,0
"cos",1939,0,0,0
"cos",1940,0,0,0
"cos",1941,0,0,4
"cos",1942,0,0,4
"cos",1943,0,0,0
"cos",1944,0,0,0
"cos",1945,0,0,0
"cos",1946,0,0,0
"cos",1947,0,0,0
"cos",1948,0,0,0
"cos",1949,0,0,0
"cos",1950,0,0,0
"cos",1951,0,0,0
"cos",1952,0,0,0
"cos",1953,0,0,0
"cos",1954,1,0,4
"cos",1955,1,0,4
"cos",1956,0,0,0
"cos",1957,0,0,3
"cos",1958,0,0,0
"cos",1959,0,0,0
"cos",1960,0,0,0
"cos",1961,0,0,0
"cos",1962,0,0,0
"cos",1963,0,0,0
"cos",1964,0,0,0
"cos",1965,0,0,0
"cos",1966,0,0,0
"cos",1967,0,0,0
"cos",1968,0,0,0
"cos",1969,0,0,0
"cos",1970,0,0,0
"cos",1971,0,0,0
"cos",1972,0,0,0
"cos",1973,0,0,0
"cos",1974,0,0,0
"cos",1975,0,0,0
"cos",1976,0,0,0
"cos",1977,0,0,3
"cos",1978,0,1,4
"cos",1979,0,0,0
"cos",1980,0,0,0
"cos",1981,0,0,0
"cos",1982,0,0,0
"cos",1983,0,0,0
"cos",1984,0,0,0
"cos",1985,0,1,4
"cos",1986,0,0,4
"cos",1987,0,0,0
"cos",1988,0,0,1
"cos",1989,0,0,0
"cos",1990,0,0,0
"cos",1991,0,0,0
"cos",1992,0,0,0
"cos",1993,0,0,0
"cos",1994,0,0,0
"cos",1995,0,0,4
"cos",1996,0,0,0
"cos",1997,0,0,0
"cos",1998,1,0,3
"cos",1999,0,0,0
"cos",2000,0,0,0
"cos",2001,0,0,0
"cos",2002,0,0,0
"cos",2003,0,0,0
"cos",2004,0,0,0
"cos",2005,0,0,0
"cos",2006,0,0,0
"cos",2007,0,0,0
"cos",2008,0,0,0
"cos",2009,0,0,0
"cos",2010,1,0,1
"cos",2011,1,0,1
"cos",2012,0,0,0
"cos",2013,0,0,0
"cos",2014,0,0,0
"cro",1816,0,0,0
"cro",1817,0,0,0
"cro",1818,0,0,0
"cro",1819,0,0,0
"cro",1820,0,0,0
"cro",1821,0,0,0
"cro",1822,0,0,0
"cro",1823,0,0,0
"cro",1824,0,0,0
"cro",1825,0,0,0
"cro",1826,0,0,0
"cro",1827,0,0,0
"cro",1828,0,0,0
"cro",1829,0,0,0
"cro",1830,0,0,0
"cro",1831,0,0,0
"cro",1832,0,0,0
"cro",1833,0,0,0
"cro",1834,0,0,0
"cro",1835,0,0,0
"cro",1836,0,0,0
"cro",1837,0,0,0
"cro",1838,0,0,0
"cro",1839,0,0,0
"cro",1840,0,0,0
"cro",1841,0,0,0
"cro",1842,0,0,0
"cro",1843,0,0,0
"cro",1844,0,0,0
"cro",1845,0,0,0
"cro",1846,0,0,0
"cro",1847,0,0,0
"cro",1848,0,0,0
"cro",1849,0,0,0
"cro",1850,0,0,0
"cro",1851,0,0,0
"cro",1852,0,0,0
"cro",1853,0,0,0
"cro",1854,0,0,0
"cro",1855,0,0,0
"cro",1856,0,0,0
"cro",1857,0,0,0
"cro",1858,0,0,0
"cro",1859,0,0,0
"cro",1860,0,0,0
"cro",1861,0,0,0
"cro",1862,0,0,0
"cro",1863,0,0,0
"cro",1864,0,0,0
"cro",1865,0,0,0
"cro",1866,0,0,0
"cro",1867,0,0,0
"cro",1868,0,0,0
"cro",1869,0,0,0
"cro",1870,0,0,0
"cro",1871,0,0,0
"cro",1872,0,0,0
"cro",1873,0,0,0
"cro",1874,0,0,0
"cro",1875,0,0,0
"cro",1876,0,0,0
"cro",1877,0,0,0
"cro",1878,0,0,0
"cro",1879,0,0,0
"cro",1880,0,0,0
"cro",1881,0,0,0
"cro",1882,0,0,0
"cro",1883,0,0,0
"cro",1884,0,0,0
"cro",1885,0,0,0
"cro",1886,0,0,0
"cro",1887,0,0,0
"cro",1888,0,0,0
"cro",1889,0,0,0
"cro",1890,0,0,0
"cro",1891,0,0,0
"cro",1892,0,0,0
"cro",1893,0,0,0
"cro",1894,0,0,0
"cro",1895,0,0,0
"cro",1896,0,0,0
"cro",1897,0,0,0
"cro",1898,0,0,0
"cro",1899,0,0,0
"cro",1900,0,0,0
"cro",1901,0,0,0
"cro",1902,0,0,0
"cro",1903,0,0,0
"cro",1904,0,0,0
"cro",1905,0,0,0
"cro",1906,0,0,0
"cro",1907,0,0,0
"cro",1908,0,0,0
"cro",1909,0,0,0
"cro",1910,0,0,0
"cro",1911,0,0,0
"cro",1912,0,0,0
"cro",1913,0,0,0
"cro",1914,0,0,0
"cro",1915,0,0,0
"cro",1916,0,0,0
"cro",1917,0,0,0
"cro",1918,0,0,0
"cro",1919,0,0,0
"cro",1920,0,0,0
"cro",1921,0,0,0
"cro",1922,0,0,0
"cro",1923,0,0,0
"cro",1924,0,0,0
"cro",1925,0,0,0
"cro",1926,0,0,0
"cro",1927,0,0,0
"cro",1928,0,0,0
"cro",1929,0,0,0
"cro",1930,0,0,0
"cro",1931,0,0,0
"cro",1932,0,0,0
"cro",1933,0,0,0
"cro",1934,0,0,0
"cro",1935,0,0,0
"cro",1936,0,0,0
"cro",1937,0,0,0
"cro",1938,0,0,0
"cro",1939,0,0,0
"cro",1940,0,0,0
"cro",1941,0,0,0
"cro",1942,0,0,0
"cro",1943,0,0,0
"cro",1944,0,0,0
"cro",1945,0,0,0
"cro",1946,0,0,0
"cro",1947,0,0,0
"cro",1948,0,0,0
"cro",1949,0,0,0
"cro",1950,0,0,0
"cro",1951,0,0,0
"cro",1952,0,0,0
"cro",1953,0,0,0
"cro",1954,0,0,0
"cro",1955,0,0,0
"cro",1956,0,0,0
"cro",1957,0,0,0
"cro",1958,0,0,0
"cro",1959,0,0,0
"cro",1960,0,0,0
"cro",1961,0,0,0
"cro",1962,0,0,0
"cro",1963,0,0,0
"cro",1964,0,0,0
"cro",1965,0,0,0
"cro",1966,0,0,0
"cro",1967,0,0,0
"cro",1968,0,0,0
"cro",1969,0,0,0
"cro",1970,0,0,0
"cro",1971,0,0,0
"cro",1972,0,0,0
"cro",1973,0,0,0
"cro",1974,0,0,0
"cro",1975,0,0,0
"cro",1976,0,0,0
"cro",1977,0,0,0
"cro",1978,0,0,0
"cro",1979,0,0,0
"cro",1980,0,0,0
"cro",1981,0,0,0
"cro",1982,0,0,0
"cro",1983,0,0,0
"cro",1984,0,0,0
"cro",1985,0,0,0
"cro",1986,0,0,0
"cro",1987,0,0,0
"cro",1988,0,0,0
"cro",1989,0,0,0
"cro",1990,0,0,0
"cro",1991,0,0,0
"cro",1992,0.5,3.5,4
"cro",1993,0.5,1.5,3.25
"cro",1994,1,3,4
"cro",1995,0,0,1
"cro",1996,0,0,2.5
"cro",1997,0,0,3
"cro",1998,0,0,0
"cro",1999,0,0,0
"cro",2000,0,0,3
"cro",2001,0,0,0
"cro",2002,1,0,3
"cro",2003,0,0,0
"cro",2004,0,0,0
"cro",2005,0,0,1
"cro",2006,0,0,0
"cro",2007,0,0,0
"cro",2008,0,0,0
"cro",2009,0,0,0
"cro",2010,0,0,0
"cro",2011,1,0,2
"cro",2012,0,0,0
"cro",2013,0,0,0
"cro",2014,0,0,0
"cub",1816,0,0,0
"cub",1817,0,0,0
"cub",1818,0,0,0
"cub",1819,0,0,0
"cub",1820,0,0,0
"cub",1821,0,0,0
"cub",1822,0,0,0
"cub",1823,0,0,0
"cub",1824,0,0,0
"cub",1825,0,0,0
"cub",1826,0,0,0
"cub",1827,0,0,0
"cub",1828,0,0,0
"cub",1829,0,0,0
"cub",1830,0,0,0
"cub",1831,0,0,0
"cub",1832,0,0,0
"cub",1833,0,0,0
"cub",1834,0,0,0
"cub",1835,0,0,0
"cub",1836,0,0,0
"cub",1837,0,0,0
"cub",1838,0,0,0
"cub",1839,0,0,0
"cub",1840,0,0,0
"cub",1841,0,0,0
"cub",1842,0,0,0
"cub",1843,0,0,0
"cub",1844,0,0,0
"cub",1845,0,0,0
"cub",1846,0,0,0
"cub",1847,0,0,0
"cub",1848,0,0,0
"cub",1849,0,0,0
"cub",1850,0,0,0
"cub",1851,0,0,0
"cub",1852,0,0,0
"cub",1853,0,0,0
"cub",1854,0,0,0
"cub",1855,0,0,0
"cub",1856,0,0,0
"cub",1857,0,0,0
"cub",1858,0,0,0
"cub",1859,0,0,0
"cub",1860,0,0,0
"cub",1861,0,0,0
"cub",1862,0,0,0
"cub",1863,0,0,0
"cub",1864,0,0,0
"cub",1865,0,0,0
"cub",1866,0,0,0
"cub",1867,0,0,0
"cub",1868,0,0,0
"cub",1869,0,0,0
"cub",1870,0,0,0
"cub",1871,0,0,0
"cub",1872,0,0,0
"cub",1873,0,0,0
"cub",1874,0,0,0
"cub",1875,0,0,0
"cub",1876,0,0,0
"cub",1877,0,0,0
"cub",1878,0,0,0
"cub",1879,0,0,0
"cub",1880,0,0,0
"cub",1881,0,0,0
"cub",1882,0,0,0
"cub",1883,0,0,0
"cub",1884,0,0,0
"cub",1885,0,0,0
"cub",1886,0,0,0
"cub",1887,0,0,0
"cub",1888,0,0,0
"cub",1889,0,0,0
"cub",1890,0,0,0
"cub",1891,0,0,0
"cub",1892,0,0,0
"cub",1893,0,0,0
"cub",1894,0,0,0
"cub",1895,0,0,0
"cub",1896,0,0,0
"cub",1897,0,0,0
"cub",1898,0,0,0
"cub",1899,0,0,0
"cub",1900,0,0,0
"cub",1901,0,0,0
"cub",1902,0,0,0
"cub",1903,0,0,0
"cub",1904,0,0,0
"cub",1905,0,0,0
"cub",1906,0,0,0
"cub",1907,0,0,0
"cub",1908,0,0,0
"cub",1909,0,0,0
"cub",1910,0,0,0
"cub",1911,0,0,0
"cub",1912,0,0,0
"cub",1913,0,0,0
"cub",1914,0,0,0
"cub",1915,0,0,0
"cub",1916,0,0,0
"cub",1917,0,0,4
"cub",1918,0,0,4
"cub",1919,0,0,0
"cub",1920,0,0,0
"cub",1921,0,0,1
"cub",1922,0,0,0
"cub",1923,0,0,0
"cub",1924,0,0,0
"cub",1925,0,0,0
"cub",1926,0,0,0
"cub",1927,0,0,0
"cub",1928,0,0,0
"cub",1929,0,0,0
"cub",1930,0,0,0
"cub",1931,0,0,0
"cub",1932,0,0,0
"cub",1933,0,0,2
"cub",1934,0,0,2
"cub",1935,0,0,0
"cub",1936,0,0,0
"cub",1937,0,0,0
"cub",1938,0,0,0
"cub",1939,0,0,0
"cub",1940,0,0,0
"cub",1941,0,0,4
"cub",1942,0,0,4
"cub",1943,0,0,0
"cub",1944,0,0,0
"cub",1945,0,0,0
"cub",1946,0,0,0
"cub",1947,0,0,0
"cub",1948,0,0,0
"cub",1949,0,0,0
"cub",1950,0,0,0
"cub",1951,0,0,0
"cub",1952,0,0,0
"cub",1953,0,0,0
"cub",1954,0,0,0
"cub",1955,0,0,0
"cub",1956,0,0,0
"cub",1957,0,0,0
"cub",1958,0,0,0
"cub",1959,1,0,3
"cub",1960,0,0,4
"cub",1961,0,0,4
"cub",1962,0,0,4
"cub",1963,0,0,0
"cub",1964,0,0,0
"cub",1965,0,0,0
"cub",1966,0,0,0
"cub",1967,1,1,4
"cub",1968,0,0,1
"cub",1969,0,0,0
"cub",1970,0,0,0
"cub",1971,0,0,4
"cub",1972,0,0,0
"cub",1973,0,0,0
"cub",1974,1,0,4
"cub",1975,0,0,0
"cub",1976,0,0,1
"cub",1977,0.333333333333333,2.66666666666667,4.33333333333333
"cub",1978,0,6,5
"cub",1979,0,0,1
"cub",1980,0,0,1
"cub",1981,0,0,3
"cub",1982,0,0,0
"cub",1983,0,1,1
"cub",1984,0,0,0
"cub",1985,0,0,0
"cub",1986,0,0,0
"cub",1987,0,0,1
"cub",1988,0,0,0
"cub",1989,0,0,0
"cub",1990,0,0,3
"cub",1991,0,0,0
"cub",1992,0,0,0
"cub",1993,0,0,0
"cub",1994,0,0,0
"cub",1995,0,0,0
"cub",1996,1,0,4
"cub",1997,0,0,0
"cub",1998,0,0,0
"cub",1999,0,0,0
"cub",2000,0,0,0
"cub",2001,0,0,0
"cub",2002,0,0,0
"cub",2003,0,0,0
"cub",2004,0,0,0
"cub",2005,0,0,0
"cub",2006,0,0,0
"cub",2007,0,0,0
"cub",2008,0,0,0
"cub",2009,0,0,0
"cub",2010,0,0,0
"cub",2011,0,0,0
"cub",2012,0,0,0
"cub",2013,0,0,0
"cub",2014,0,0,0
"cyp",1816,0,0,0
"cyp",1817,0,0,0
"cyp",1818,0,0,0
"cyp",1819,0,0,0
"cyp",1820,0,0,0
"cyp",1821,0,0,0
"cyp",1822,0,0,0
"cyp",1823,0,0,0
"cyp",1824,0,0,0
"cyp",1825,0,0,0
"cyp",1826,0,0,0
"cyp",1827,0,0,0
"cyp",1828,0,0,0
"cyp",1829,0,0,0
"cyp",1830,0,0,0
"cyp",1831,0,0,0
"cyp",1832,0,0,0
"cyp",1833,0,0,0
"cyp",1834,0,0,0
"cyp",1835,0,0,0
"cyp",1836,0,0,0
"cyp",1837,0,0,0
"cyp",1838,0,0,0
"cyp",1839,0,0,0
"cyp",1840,0,0,0
"cyp",1841,0,0,0
"cyp",1842,0,0,0
"cyp",1843,0,0,0
"cyp",1844,0,0,0
"cyp",1845,0,0,0
"cyp",1846,0,0,0
"cyp",1847,0,0,0
"cyp",1848,0,0,0
"cyp",1849,0,0,0
"cyp",1850,0,0,0
"cyp",1851,0,0,0
"cyp",1852,0,0,0
"cyp",1853,0,0,0
"cyp",1854,0,0,0
"cyp",1855,0,0,0
"cyp",1856,0,0,0
"cyp",1857,0,0,0
"cyp",1858,0,0,0
"cyp",1859,0,0,0
"cyp",1860,0,0,0
"cyp",1861,0,0,0
"cyp",1862,0,0,0
"cyp",1863,0,0,0
"cyp",1864,0,0,0
"cyp",1865,0,0,0
"cyp",1866,0,0,0
"cyp",1867,0,0,0
"cyp",1868,0,0,0
"cyp",1869,0,0,0
"cyp",1870,0,0,0
"cyp",1871,0,0,0
"cyp",1872,0,0,0
"cyp",1873,0,0,0
"cyp",1874,0,0,0
"cyp",1875,0,0,0
"cyp",1876,0,0,0
"cyp",1877,0,0,0
"cyp",1878,0,0,0
"cyp",1879,0,0,0
"cyp",1880,0,0,0
"cyp",1881,0,0,0
"cyp",1882,0,0,0
"cyp",1883,0,0,0
"cyp",1884,0,0,0
"cyp",1885,0,0,0
"cyp",1886,0,0,0
"cyp",1887,0,0,0
"cyp",1888,0,0,0
"cyp",1889,0,0,0
"cyp",1890,0,0,0
"cyp",1891,0,0,0
"cyp",1892,0,0,0
"cyp",1893,0,0,0
"cyp",1894,0,0,0
"cyp",1895,0,0,0
"cyp",1896,0,0,0
"cyp",1897,0,0,0
"cyp",1898,0,0,0
"cyp",1899,0,0,0
"cyp",1900,0,0,0
"cyp",1901,0,0,0
"cyp",1902,0,0,0
"cyp",1903,0,0,0
"cyp",1904,0,0,0
"cyp",1905,0,0,0
"cyp",1906,0,0,0
"cyp",1907,0,0,0
"cyp",1908,0,0,0
"cyp",1909,0,0,0
"cyp",1910,0,0,0
"cyp",1911,0,0,0
"cyp",1912,0,0,0
"cyp",1913,0,0,0
"cyp",1914,0,0,0
"cyp",1915,0,0,0
"cyp",1916,0,0,0
"cyp",1917,0,0,0
"cyp",1918,0,0,0
"cyp",1919,0,0,0
"cyp",1920,0,0,0
"cyp",1921,0,0,0
"cyp",1922,0,0,0
"cyp",1923,0,0,0
"cyp",1924,0,0,0
"cyp",1925,0,0,0
"cyp",1926,0,0,0
"cyp",1927,0,0,0
"cyp",1928,0,0,0
"cyp",1929,0,0,0
"cyp",1930,0,0,0
"cyp",1931,0,0,0
"cyp",1932,0,0,0
"cyp",1933,0,0,0
"cyp",1934,0,0,0
"cyp",1935,0,0,0
"cyp",1936,0,0,0
"cyp",1937,0,0,0
"cyp",1938,0,0,0
"cyp",1939,0,0,0
"cyp",1940,0,0,0
"cyp",1941,0,0,0
"cyp",1942,0,0,0
"cyp",1943,0,0,0
"cyp",1944,0,0,0
"cyp",1945,0,0,0
"cyp",1946,0,0,0
"cyp",1947,0,0,0
"cyp",1948,0,0,0
"cyp",1949,0,0,0
"cyp",1950,0,0,0
"cyp",1951,0,0,0
"cyp",1952,0,0,0
"cyp",1953,0,0,0
"cyp",1954,0,0,0
"cyp",1955,0,0,0
"cyp",1956,0,0,0
"cyp",1957,0,0,0
"cyp",1958,0,0,0
"cyp",1959,0,0,0
"cyp",1960,0,0,0
"cyp",1961,0,0,0
"cyp",1962,0,0,0
"cyp",1963,0,0,0
"cyp",1964,0,0,0
"cyp",1965,0,0,1.5
"cyp",1966,0,0,0
"cyp",1967,0,0,1
"cyp",1968,0,0,0
"cyp",1969,0,0,0
"cyp",1970,0,0,0
"cyp",1971,0,0,0
"cyp",1972,0,0,0
"cyp",1973,0,0,0
"cyp",1974,0,5,5
"cyp",1975,0,0,0
"cyp",1976,0,0,0
"cyp",1977,0,0,0
"cyp",1978,0,0,0
"cyp",1979,0,0,0
"cyp",1980,0,0,0
"cyp",1981,0,0,0
"cyp",1982,0,0,0
"cyp",1983,0,0,4
"cyp",1984,0,0,1
"cyp",1985,0,0,1
"cyp",1986,0,0,1
"cyp",1987,0,0,1
"cyp",1988,0,0,1
"cyp",1989,0,0,0
"cyp",1990,0,0,0
"cyp",1991,0,0,0
"cyp",1992,0,0,0
"cyp",1993,0,0.5,4
"cyp",1994,0,0,1
"cyp",1995,0,0,1
"cyp",1996,1,1,4
"cyp",1997,1,1,4
"cyp",1998,1,1,4
"cyp",1999,1,1,4
"cyp",2000,1,1,4
"cyp",2001,1,1,4
"cyp",2002,0,0,1
"cyp",2003,0,0,0
"cyp",2004,0,0,0
"cyp",2005,0,0,0
"cyp",2006,0,0,0
"cyp",2007,0,0,0
"cyp",2008,0,0,0
"cyp",2009,0,0,0
"cyp",2010,0,0,0
"cyp",2011,1,0,1
"cyp",2012,0,0,0
"cyp",2013,0,0,0
"cyp",2014,0,0,0
"cze",1816,0,0,0
"cze",1817,0,0,0
"cze",1818,0,0,0
"cze",1819,0,0,0
"cze",1820,0,0,0
"cze",1821,0,0,0
"cze",1822,0,0,0
"cze",1823,0,0,0
"cze",1824,0,0,0
"cze",1825,0,0,0
"cze",1826,0,0,0
"cze",1827,0,0,0
"cze",1828,0,0,0
"cze",1829,0,0,0
"cze",1830,0,0,0
"cze",1831,0,0,0
"cze",1832,0,0,0
"cze",1833,0,0,0
"cze",1834,0,0,0
"cze",1835,0,0,0
"cze",1836,0,0,0
"cze",1837,0,0,0
"cze",1838,0,0,0
"cze",1839,0,0,0
"cze",1840,0,0,0
"cze",1841,0,0,0
"cze",1842,0,0,0
"cze",1843,0,0,0
"cze",1844,0,0,0
"cze",1845,0,0,0
"cze",1846,0,0,0
"cze",1847,0,0,0
"cze",1848,0,0,0
"cze",1849,0,0,0
"cze",1850,0,0,0
"cze",1851,0,0,0
"cze",1852,0,0,0
"cze",1853,0,0,0
"cze",1854,0,0,0
"cze",1855,0,0,0
"cze",1856,0,0,0
"cze",1857,0,0,0
"cze",1858,0,0,0
"cze",1859,0,0,0
"cze",1860,0,0,0
"cze",1861,0,0,0
"cze",1862,0,0,0
"cze",1863,0,0,0
"cze",1864,0,0,0
"cze",1865,0,0,0
"cze",1866,0,0,0
"cze",1867,0,0,0
"cze",1868,0,0,0
"cze",1869,0,0,0
"cze",1870,0,0,0
"cze",1871,0,0,0
"cze",1872,0,0,0
"cze",1873,0,0,0
"cze",1874,0,0,0
"cze",1875,0,0,0
"cze",1876,0,0,0
"cze",1877,0,0,0
"cze",1878,0,0,0
"cze",1879,0,0,0
"cze",1880,0,0,0
"cze",1881,0,0,0
"cze",1882,0,0,0
"cze",1883,0,0,0
"cze",1884,0,0,0
"cze",1885,0,0,0
"cze",1886,0,0,0
"cze",1887,0,0,0
"cze",1888,0,0,0
"cze",1889,0,0,0
"cze",1890,0,0,0
"cze",1891,0,0,0
"cze",1892,0,0,0
"cze",1893,0,0,0
"cze",1894,0,0,0
"cze",1895,0,0,0
"cze",1896,0,0,0
"cze",1897,0,0,0
"cze",1898,0,0,0
"cze",1899,0,0,0
"cze",1900,0,0,0
"cze",1901,0,0,0
"cze",1902,0,0,0
"cze",1903,0,0,0
"cze",1904,0,0,0
"cze",1905,0,0,0
"cze",1906,0,0,0
"cze",1907,0,0,0
"cze",1908,0,0,0
"cze",1909,0,0,0
"cze",1910,0,0,0
"cze",1911,0,0,0
"cze",1912,0,0,0
"cze",1913,0,0,0
"cze",1914,0,0,0
"cze",1915,0,0,0
"cze",1916,0,0,0
"cze",1917,0,0,0
"cze",1918,0,0,0
"cze",1919,1,6,5
"cze",1920,0,0,0
"cze",1921,0,0,0
"cze",1922,0,0,3
"cze",1923,0,0,0
"cze",1924,0,0,0
"cze",1925,0,0,0
"cze",1926,0,0,0
"cze",1927,0,0,0
"cze",1928,0,0,0
"cze",1929,0,0,0
"cze",1930,0,0,0
"cze",1931,0,0,0
"cze",1932,0,0,0
"cze",1933,0,0,0
"cze",1934,0,0,3
"cze",1935,0,0,0
"cze",1936,0,0,0
"cze",1937,0,0,0
"cze",1938,0,0,4
"cze",1939,0,0,1
"cze",1940,0,0,0
"cze",1941,0,0,0
"cze",1942,0,0,0
"cze",1943,0,0,0
"cze",1944,0,0,0
"cze",1945,0,0,0
"cze",1946,0,0,0
"cze",1947,0,0,0
"cze",1948,0,0,0
"cze",1949,0,0,0
"cze",1950,0,0,0
"cze",1951,0,0,0
"cze",1952,0,0,0
"cze",1953,0,0,2.5
"cze",1954,0,0,0
"cze",1955,0,0,0
"cze",1956,0,0,0
"cze",1957,0,0,1
"cze",1958,0,0,0
"cze",1959,0,0,0
"cze",1960,0,0,0
"cze",1961,0,0,3
"cze",1962,0,0,0
"cze",1963,1,0,4
"cze",1964,0,0,0
"cze",1965,0,0,0
"cze",1966,0,0,0
"cze",1967,0,0,0
"cze",1968,0,0,1
"cze",1969,0,0,0
"cze",1970,0,0,0
"cze",1971,0,0,3
"cze",1972,0,0,0
"cze",1973,0,0,0
"cze",1974,0,0,0
"cze",1975,0,0,0
"cze",1976,0,0,0
"cze",1977,0,0,0
"cze",1978,0,0,0
"cze",1979,0,0,0
"cze",1980,0,0,0
"cze",1981,0,0,0
"cze",1982,0,0,0
"cze",1983,0,0,0
"cze",1984,0,0,4
"cze",1985,0,0,4
"cze",1986,1,0,4
"cze",1987,0,0,0
"cze",1988,0,0,0
"cze",1989,0,0,0
"cze",1990,0,0,0
"cze",1991,0,0,0
"cze",1992,0,0,0
"cze",1993,0,0,0
"cze",1994,0,0,0
"cze",1995,0,0,0
"cze",1996,0,0,0
"cze",1997,0,0,0
"cze",1998,0,0,0
"cze",1999,0,0,0
"cze",2000,0,0,0
"cze",2001,0,0,0
"cze",2002,0,0,0
"cze",2003,0,0,0
"cze",2004,0,0,0
"cze",2005,0,0,0
"cze",2006,0,0,0
"cze",2007,0,0,0
"cze",2008,0,0,0
"cze",2009,0,0,0
"cze",2010,0,0,0
"cze",2011,0,0,0
"cze",2012,0,0,0
"cze",2013,0,0,0
"cze",2014,0,0,0
"czr",1816,0,0,0
"czr",1817,0,0,0
"czr",1818,0,0,0
"czr",1819,0,0,0
"czr",1820,0,0,0
"czr",1821,0,0,0
"czr",1822,0,0,0
"czr",1823,0,0,0
"czr",1824,0,0,0
"czr",1825,0,0,0
"czr",1826,0,0,0
"czr",1827,0,0,0
"czr",1828,0,0,0
"czr",1829,0,0,0
"czr",1830,0,0,0
"czr",1831,0,0,0
"czr",1832,0,0,0
"czr",1833,0,0,0
"czr",1834,0,0,0
"czr",1835,0,0,0
"czr",1836,0,0,0
"czr",1837,0,0,0
"czr",1838,0,0,0
"czr",1839,0,0,0
"czr",1840,0,0,0
"czr",1841,0,0,0
"czr",1842,0,0,0
"czr",1843,0,0,0
"czr",1844,0,0,0
"czr",1845,0,0,0
"czr",1846,0,0,0
"czr",1847,0,0,0
"czr",1848,0,0,0
"czr",1849,0,0,0
"czr",1850,0,0,0
"czr",1851,0,0,0
"czr",1852,0,0,0
"czr",1853,0,0,0
"czr",1854,0,0,0
"czr",1855,0,0,0
"czr",1856,0,0,0
"czr",1857,0,0,0
"czr",1858,0,0,0
"czr",1859,0,0,0
"czr",1860,0,0,0
"czr",1861,0,0,0
"czr",1862,0,0,0
"czr",1863,0,0,0
"czr",1864,0,0,0
"czr",1865,0,0,0
"czr",1866,0,0,0
"czr",1867,0,0,0
"czr",1868,0,0,0
"czr",1869,0,0,0
"czr",1870,0,0,0
"czr",1871,0,0,0
"czr",1872,0,0,0
"czr",1873,0,0,0
"czr",1874,0,0,0
"czr",1875,0,0,0
"czr",1876,0,0,0
"czr",1877,0,0,0
"czr",1878,0,0,0
"czr",1879,0,0,0
"czr",1880,0,0,0
"czr",1881,0,0,0
"czr",1882,0,0,0
"czr",1883,0,0,0
"czr",1884,0,0,0
"czr",1885,0,0,0
"czr",1886,0,0,0
"czr",1887,0,0,0
"czr",1888,0,0,0
"czr",1889,0,0,0
"czr",1890,0,0,0
"czr",1891,0,0,0
"czr",1892,0,0,0
"czr",1893,0,0,0
"czr",1894,0,0,0
"czr",1895,0,0,0
"czr",1896,0,0,0
"czr",1897,0,0,0
"czr",1898,0,0,0
"czr",1899,0,0,0
"czr",1900,0,0,0
"czr",1901,0,0,0
"czr",1902,0,0,0
"czr",1903,0,0,0
"czr",1904,0,0,0
"czr",1905,0,0,0
"czr",1906,0,0,0
"czr",1907,0,0,0
"czr",1908,0,0,0
"czr",1909,0,0,0
"czr",1910,0,0,0
"czr",1911,0,0,0
"czr",1912,0,0,0
"czr",1913,0,0,0
"czr",1914,0,0,0
"czr",1915,0,0,0
"czr",1916,0,0,0
"czr",1917,0,0,0
"czr",1918,0,0,0
"czr",1919,0,0,0
"czr",1920,0,0,0
"czr",1921,0,0,0
"czr",1922,0,0,0
"czr",1923,0,0,0
"czr",1924,0,0,0
"czr",1925,0,0,0
"czr",1926,0,0,0
"czr",1927,0,0,0
"czr",1928,0,0,0
"czr",1929,0,0,0
"czr",1930,0,0,0
"czr",1931,0,0,0
"czr",1932,0,0,0
"czr",1933,0,0,0
"czr",1934,0,0,0
"czr",1935,0,0,0
"czr",1936,0,0,0
"czr",1937,0,0,0
"czr",1938,0,0,0
"czr",1939,0,0,0
"czr",1940,0,0,0
"czr",1941,0,0,0
"czr",1942,0,0,0
"czr",1943,0,0,0
"czr",1944,0,0,0
"czr",1945,0,0,0
"czr",1946,0,0,0
"czr",1947,0,0,0
"czr",1948,0,0,0
"czr",1949,0,0,0
"czr",1950,0,0,0
"czr",1951,0,0,0
"czr",1952,0,0,0
"czr",1953,0,0,0
"czr",1954,0,0,0
"czr",1955,0,0,0
"czr",1956,0,0,0
"czr",1957,0,0,0
"czr",1958,0,0,0
"czr",1959,0,0,0
"czr",1960,0,0,0
"czr",1961,0,0,0
"czr",1962,0,0,0
"czr",1963,0,0,0
"czr",1964,0,0,0
"czr",1965,0,0,0
"czr",1966,0,0,0
"czr",1967,0,0,0
"czr",1968,0,0,0
"czr",1969,0,0,0
"czr",1970,0,0,0
"czr",1971,0,0,0
"czr",1972,0,0,0
"czr",1973,0,0,0
"czr",1974,0,0,0
"czr",1975,0,0,0
"czr",1976,0,0,0
"czr",1977,0,0,0
"czr",1978,0,0,0
"czr",1979,0,0,0
"czr",1980,0,0,0
"czr",1981,0,0,0
"czr",1982,0,0,0
"czr",1983,0,0,0
"czr",1984,0,0,0
"czr",1985,0,0,0
"czr",1986,0,0,0
"czr",1987,0,0,0
"czr",1988,0,0,0
"czr",1989,0,0,0
"czr",1990,0,0,0
"czr",1991,0,0,0
"czr",1992,0,0,0
"czr",1993,0,0,0
"czr",1994,0,0,0
"czr",1995,0,0,0
"czr",1996,0,0,0
"czr",1997,0,0,0
"czr",1998,0,0,0
"czr",1999,1,0,3
"czr",2000,0,0,1.5
"czr",2001,0,0,0
"czr",2002,0,0,0
"czr",2003,0,0,0
"czr",2004,0,0,0
"czr",2005,0,0,0
"czr",2006,0,0,0
"czr",2007,0,0,0
"czr",2008,0,0,0
"czr",2009,0,0,0
"czr",2010,0,0,0
"czr",2011,1,0,2
"czr",2012,0,0,0
"czr",2013,0,0,0
"czr",2014,0,0,0
"den",1816,0,0,0
"den",1817,0,0,0
"den",1818,0,0,0
"den",1819,0,0,0
"den",1820,0,0,0
"den",1821,0,0,0
"den",1822,0,0,0
"den",1823,0,0,0
"den",1824,0,0,0
"den",1825,0,0,0
"den",1826,0,0,0
"den",1827,0,0,0
"den",1828,0,0,0
"den",1829,0,0,0
"den",1830,0,0,0
"den",1831,0,0,0
"den",1832,0,0,0
"den",1833,0,0,0
"den",1834,0,0,0
"den",1835,0,0,0
"den",1836,0,0,0
"den",1837,0,0,0
"den",1838,0,0,0
"den",1839,0,0,0
"den",1840,0,0,0
"den",1841,0,0,0
"den",1842,0,0,0
"den",1843,0,0,0
"den",1844,0,0,0
"den",1845,0,0,0
"den",1846,0,0,0
"den",1847,0,0,0
"den",1848,0,6,5
"den",1849,0,6,5
"den",1850,0,0,0
"den",1851,0,0,0
"den",1852,0,0,0
"den",1853,0,0,0
"den",1854,0,0,0
"den",1855,0,0,0
"den",1856,0,0,0
"den",1857,0,0,0
"den",1858,0,0,0
"den",1859,0,0,0
"den",1860,0,0,0
"den",1861,0,0,0
"den",1862,0,0,0
"den",1863,0,6,5
"den",1864,0,6,5
"den",1865,0,0,0
"den",1866,0,0,0
"den",1867,0,0,0
"den",1868,0,0,0
"den",1869,0,0,0
"den",1870,0,0,0
"den",1871,0,0,0
"den",1872,0,0,0
"den",1873,0,0,0
"den",1874,0,0,0
"den",1875,0,0,0
"den",1876,0,0,0
"den",1877,0,0,0
"den",1878,0,0,0
"den",1879,0,0,0
"den",1880,0,0,0
"den",1881,0,0,0
"den",1882,0,0,0
"den",1883,0,0,0
"den",1884,0,0,0
"den",1885,0,0,0
"den",1886,0,0,0
"den",1887,0,0,0
"den",1888,0,0,0
"den",1889,0,0,0
"den",1890,0,0,0
"den",1891,0,0,0
"den",1892,0,0,0
"den",1893,0,0,0
"den",1894,0,0,0
"den",1895,0,0,0
"den",1896,0,0,0
"den",1897,0,0,0
"den",1898,0,0,0
"den",1899,0,0,0
"den",1900,0,0,0
"den",1901,0,0,0
"den",1902,0,0,0
"den",1903,0,0,0
"den",1904,0,0,0
"den",1905,0,0,0
"den",1906,0,0,0
"den",1907,0,0,0
"den",1908,0,0,0
"den",1909,0,0,0
"den",1910,0,0,0
"den",1911,0,0,0
"den",1912,0,0,0
"den",1913,0,0,0
"den",1914,0,0,0
"den",1915,0,0,1
"den",1916,0,0,1
"den",1917,0,0,1
"den",1918,0,0,1
"den",1919,0,0,0
"den",1920,0,0,0
"den",1921,0,0,0
"den",1922,0,0,0
"den",1923,0,0,0
"den",1924,0,0,0
"den",1925,0,0,0
"den",1926,0,0,0
"den",1927,0,0,0
"den",1928,0,0,0
"den",1929,0,0,0
"den",1930,0,0,0
"den",1931,0,0,0
"den",1932,0,0,0
"den",1933,0,0,0
"den",1934,0,0,0
"den",1935,0,0,0
"den",1936,0,0,0
"den",1937,0,0,1
"den",1938,0,0,0
"den",1939,0,0,0
"den",1940,0,0.5,2.5
"den",1941,0,0,0
"den",1942,0,0,0
"den",1943,0,0,0
"den",1944,0,0,0
"den",1945,0,0,0
"den",1946,0,0,0
"den",1947,0,0,0
"den",1948,0,0,0
"den",1949,0,0,0
"den",1950,0,0,0
"den",1951,0,0,0
"den",1952,0,0,0
"den",1953,0,0,0
"den",1954,0,0,0
"den",1955,0,0,0
"den",1956,0,0,0
"den",1957,0,0,0
"den",1958,0,0,0
"den",1959,0,0,0
"den",1960,0,0,0
"den",1961,1,0,4
"den",1962,0,0,0
"den",1963,0,0,0
"den",1964,0,0,0
"den",1965,0,0,0
"den",1966,0,0,0
"den",1967,0,0,0
"den",1968,0,0,0
"den",1969,0,0,0
"den",1970,0,0,0
"den",1971,0,0,0
"den",1972,0,0,0
"den",1973,0,0,0
"den",1974,0,0,0
"den",1975,0,0,0
"den",1976,0,0,0
"den",1977,0,0,0
"den",1978,0,0,0
"den",1979,0,0,0
"den",1980,0,0,0
"den",1981,0,0,1
"den",1982,0,0,0
"den",1983,0,0,0
"den",1984,0,0,0
"den",1985,0,0,1
"den",1986,0,0,1
"den",1987,0,0,1
"den",1988,0,0,1
"den",1989,0,0,0
"den",1990,0,0,0
"den",1991,0,0,0
"den",1992,1,0,3
"den",1993,0,0,0
"den",1994,0,0,0
"den",1995,0,0,0
"den",1996,0,0,0
"den",1997,0,0,0
"den",1998,1,0,4
"den",1999,0.5,0,2.5
"den",2000,0,0,1.5
"den",2001,0,0,0
"den",2002,0,0,0
"den",2003,0,0,3
"den",2004,1,0,3
"den",2005,1,0,1
"den",2006,1,0,1
"den",2007,0,0,0
"den",2008,0,0,0
"den",2009,0,0,0
"den",2010,0,0,0
"den",2011,1,0,3.33333333333333
"den",2012,1,0,3
"den",2013,1,0,3
"den",2014,1,0,3
"dji",1816,0,0,0
"dji",1817,0,0,0
"dji",1818,0,0,0
"dji",1819,0,0,0
"dji",1820,0,0,0
"dji",1821,0,0,0
"dji",1822,0,0,0
"dji",1823,0,0,0
"dji",1824,0,0,0
"dji",1825,0,0,0
"dji",1826,0,0,0
"dji",1827,0,0,0
"dji",1828,0,0,0
"dji",1829,0,0,0
"dji",1830,0,0,0
"dji",1831,0,0,0
"dji",1832,0,0,0
"dji",1833,0,0,0
"dji",1834,0,0,0
"dji",1835,0,0,0
"dji",1836,0,0,0
"dji",1837,0,0,0
"dji",1838,0,0,0
"dji",1839,0,0,0
"dji",1840,0,0,0
"dji",1841,0,0,0
"dji",1842,0,0,0
"dji",1843,0,0,0
"dji",1844,0,0,0
"dji",1845,0,0,0
"dji",1846,0,0,0
"dji",1847,0,0,0
"dji",1848,0,0,0
"dji",1849,0,0,0
"dji",1850,0,0,0
"dji",1851,0,0,0
"dji",1852,0,0,0
"dji",1853,0,0,0
"dji",1854,0,0,0
"dji",1855,0,0,0
"dji",1856,0,0,0
"dji",1857,0,0,0
"dji",1858,0,0,0
"dji",1859,0,0,0
"dji",1860,0,0,0
"dji",1861,0,0,0
"dji",1862,0,0,0
"dji",1863,0,0,0
"dji",1864,0,0,0
"dji",1865,0,0,0
"dji",1866,0,0,0
"dji",1867,0,0,0
"dji",1868,0,0,0
"dji",1869,0,0,0
"dji",1870,0,0,0
"dji",1871,0,0,0
"dji",1872,0,0,0
"dji",1873,0,0,0
"dji",1874,0,0,0
"dji",1875,0,0,0
"dji",1876,0,0,0
"dji",1877,0,0,0
"dji",1878,0,0,0
"dji",1879,0,0,0
"dji",1880,0,0,0
"dji",1881,0,0,0
"dji",1882,0,0,0
"dji",1883,0,0,0
"dji",1884,0,0,0
"dji",1885,0,0,0
"dji",1886,0,0,0
"dji",1887,0,0,0
"dji",1888,0,0,0
"dji",1889,0,0,0
"dji",1890,0,0,0
"dji",1891,0,0,0
"dji",1892,0,0,0
"dji",1893,0,0,0
"dji",1894,0,0,0
"dji",1895,0,0,0
"dji",1896,0,0,0
"dji",1897,0,0,0
"dji",1898,0,0,0
"dji",1899,0,0,0
"dji",1900,0,0,0
"dji",1901,0,0,0
"dji",1902,0,0,0
"dji",1903,0,0,0
"dji",1904,0,0,0
"dji",1905,0,0,0
"dji",1906,0,0,0
"dji",1907,0,0,0
"dji",1908,0,0,0
"dji",1909,0,0,0
"dji",1910,0,0,0
"dji",1911,0,0,0
"dji",1912,0,0,0
"dji",1913,0,0,0
"dji",1914,0,0,0
"dji",1915,0,0,0
"dji",1916,0,0,0
"dji",1917,0,0,0
"dji",1918,0,0,0
"dji",1919,0,0,0
"dji",1920,0,0,0
"dji",1921,0,0,0
"dji",1922,0,0,0
"dji",1923,0,0,0
"dji",1924,0,0,0
"dji",1925,0,0,0
"dji",1926,0,0,0
"dji",1927,0,0,0
"dji",1928,0,0,0
"dji",1929,0,0,0
"dji",1930,0,0,0
"dji",1931,0,0,0
"dji",1932,0,0,0
"dji",1933,0,0,0
"dji",1934,0,0,0
"dji",1935,0,0,0
"dji",1936,0,0,0
"dji",1937,0,0,0
"dji",1938,0,0,0
"dji",1939,0,0,0
"dji",1940,0,0,0
"dji",1941,0,0,0
"dji",1942,0,0,0
"dji",1943,0,0,0
"dji",1944,0,0,0
"dji",1945,0,0,0
"dji",1946,0,0,0
"dji",1947,0,0,0
"dji",1948,0,0,0
"dji",1949,0,0,0
"dji",1950,0,0,0
"dji",1951,0,0,0
"dji",1952,0,0,0
"dji",1953,0,0,0
"dji",1954,0,0,0
"dji",1955,0,0,0
"dji",1956,0,0,0
"dji",1957,0,0,0
"dji",1958,0,0,0
"dji",1959,0,0,0
"dji",1960,0,0,0
"dji",1961,0,0,0
"dji",1962,0,0,0
"dji",1963,0,0,0
"dji",1964,0,0,0
"dji",1965,0,0,0
"dji",1966,0,0,0
"dji",1967,0,0,0
"dji",1968,0,0,0
"dji",1969,0,0,0
"dji",1970,0,0,0
"dji",1971,0,0,0
"dji",1972,0,0,0
"dji",1973,0,0,0
"dji",1974,0,0,0
"dji",1975,0,0,0
"dji",1976,0,0,0
"dji",1977,0,0,0
"dji",1978,0,0,0
"dji",1979,0,0,0
"dji",1980,0,0,0
"dji",1981,0,0,0
"dji",1982,0,0,0
"dji",1983,0,0,0
"dji",1984,0,0,0
"dji",1985,0,0,0
"dji",1986,0,0,0
"dji",1987,0,0,0
"dji",1988,0,0,0
"dji",1989,0,0,0
"dji",1990,0,0,0
"dji",1991,0,0,0
"dji",1992,0,0,0
"dji",1993,0,0,0
"dji",1994,0,0,0
"dji",1995,0,0,1
"dji",1996,0,0,1
"dji",1997,0,0,0
"dji",1998,0,0,3
"dji",1999,0,0,0
"dji",2000,0,0,0
"dji",2001,0,0,0
"dji",2002,0,0,0
"dji",2003,0,0,0
"dji",2004,0,0,0
"dji",2005,0,0,0
"dji",2006,0,0,0
"dji",2007,0,0,0
"dji",2008,0,1,4
"dji",2009,0,0,0
"dji",2010,0,0,0
"dji",2011,0,0,0
"dji",2012,0,0,0
"dji",2013,0,0,0
"dji",2014,0,0,0
"dma",1816,0,0,0
"dma",1817,0,0,0
"dma",1818,0,0,0
"dma",1819,0,0,0
"dma",1820,0,0,0
"dma",1821,0,0,0
"dma",1822,0,0,0
"dma",1823,0,0,0
"dma",1824,0,0,0
"dma",1825,0,0,0
"dma",1826,0,0,0
"dma",1827,0,0,0
"dma",1828,0,0,0
"dma",1829,0,0,0
"dma",1830,0,0,0
"dma",1831,0,0,0
"dma",1832,0,0,0
"dma",1833,0,0,0
"dma",1834,0,0,0
"dma",1835,0,0,0
"dma",1836,0,0,0
"dma",1837,0,0,0
"dma",1838,0,0,0
"dma",1839,0,0,0
"dma",1840,0,0,0
"dma",1841,0,0,0
"dma",1842,0,0,0
"dma",1843,0,0,0
"dma",1844,0,0,0
"dma",1845,0,0,0
"dma",1846,0,0,0
"dma",1847,0,0,0
"dma",1848,0,0,0
"dma",1849,0,0,0
"dma",1850,0,0,0
"dma",1851,0,0,0
"dma",1852,0,0,0
"dma",1853,0,0,0
"dma",1854,0,0,0
"dma",1855,0,0,0
"dma",1856,0,0,0
"dma",1857,0,0,0
"dma",1858,0,0,0
"dma",1859,0,0,0
"dma",1860,0,0,0
"dma",1861,0,0,0
"dma",1862,0,0,0
"dma",1863,0,0,0
"dma",1864,0,0,0
"dma",1865,0,0,0
"dma",1866,0,0,0
"dma",1867,0,0,0
"dma",1868,0,0,0
"dma",1869,0,0,0
"dma",1870,0,0,0
"dma",1871,0,0,0
"dma",1872,0,0,0
"dma",1873,0,0,0
"dma",1874,0,0,0
"dma",1875,0,0,0
"dma",1876,0,0,0
"dma",1877,0,0,0
"dma",1878,0,0,0
"dma",1879,0,0,0
"dma",1880,0,0,0
"dma",1881,0,0,0
"dma",1882,0,0,0
"dma",1883,0,0,0
"dma",1884,0,0,0
"dma",1885,0,0,0
"dma",1886,0,0,0
"dma",1887,0,0,0
"dma",1888,0,0,0
"dma",1889,0,0,0
"dma",1890,0,0,0
"dma",1891,0,0,0
"dma",1892,0,0,0
"dma",1893,0,0,0
"dma",1894,0,0,0
"dma",1895,0,0,0
"dma",1896,0,0,0
"dma",1897,0,0,0
"dma",1898,0,0,0
"dma",1899,0,0,0
"dma",1900,0,0,0
"dma",1901,0,0,0
"dma",1902,0,0,0
"dma",1903,0,0,0
"dma",1904,0,0,0
"dma",1905,0,0,0
"dma",1906,0,0,0
"dma",1907,0,0,0
"dma",1908,0,0,0
"dma",1909,0,0,0
"dma",1910,0,0,0
"dma",1911,0,0,0
"dma",1912,0,0,0
"dma",1913,0,0,0
"dma",1914,0,0,0
"dma",1915,0,0,0
"dma",1916,0,0,0
"dma",1917,0,0,0
"dma",1918,0,0,0
"dma",1919,0,0,0
"dma",1920,0,0,0
"dma",1921,0,0,0
"dma",1922,0,0,0
"dma",1923,0,0,0
"dma",1924,0,0,0
"dma",1925,0,0,0
"dma",1926,0,0,0
"dma",1927,0,0,0
"dma",1928,0,0,0
"dma",1929,0,0,0
"dma",1930,0,0,0
"dma",1931,0,0,0
"dma",1932,0,0,0
"dma",1933,0,0,0
"dma",1934,0,0,0
"dma",1935,0,0,0
"dma",1936,0,0,0
"dma",1937,0,0,0
"dma",1938,0,0,0
"dma",1939,0,0,0
"dma",1940,0,0,0
"dma",1941,0,0,0
"dma",1942,0,0,0
"dma",1943,0,0,0
"dma",1944,0,0,0
"dma",1945,0,0,0
"dma",1946,0,0,0
"dma",1947,0,0,0
"dma",1948,0,0,0
"dma",1949,0,0,0
"dma",1950,0,0,0
"dma",1951,0,0,0
"dma",1952,0,0,0
"dma",1953,0,0,0
"dma",1954,0,0,0
"dma",1955,0,0,0
"dma",1956,0,0,0
"dma",1957,0,0,0
"dma",1958,0,0,0
"dma",1959,0,0,0
"dma",1960,0,0,0
"dma",1961,0,0,0
"dma",1962,0,0,0
"dma",1963,0,0,0
"dma",1964,0,0,0
"dma",1965,0,0,0
"dma",1966,0,0,0
"dma",1967,0,0,0
"dma",1968,0,0,0
"dma",1969,0,0,0
"dma",1970,0,0,0
"dma",1971,0,0,0
"dma",1972,0,0,0
"dma",1973,0,0,0
"dma",1974,0,0,0
"dma",1975,0,0,0
"dma",1976,0,0,0
"dma",1977,0,0,0
"dma",1978,0,0,0
"dma",1979,0,0,0
"dma",1980,0,0,0
"dma",1981,0,0,0
"dma",1982,0,0,0
"dma",1983,0,0,4
"dma",1984,0,0,0
"dma",1985,0,0,0
"dma",1986,0,0,0
"dma",1987,0,0,0
"dma",1988,0,0,0
"dma",1989,0,0,0
"dma",1990,0,0,0
"dma",1991,0,0,0
"dma",1992,0,0,0
"dma",1993,0,0,0
"dma",1994,0,0,0
"dma",1995,0,0,0
"dma",1996,0,0,0
"dma",1997,0,0,0
"dma",1998,0,0,0
"dma",1999,0,0,0
"dma",2000,0,0,0
"dma",2001,0,0,0
"dma",2002,0,0,0
"dma",2003,0,0,0
"dma",2004,0,0,0
"dma",2005,0,0,0
"dma",2006,0,0,0
"dma",2007,0,0,0
"dma",2008,0,0,0
"dma",2009,0,0,0
"dma",2010,0,0,0
"dma",2011,0,0,0
"dma",2012,0,0,0
"dma",2013,0,0,0
"dma",2014,0,0,0
"dom",1816,0,0,0
"dom",1817,0,0,0
"dom",1818,0,0,0
"dom",1819,0,0,0
"dom",1820,0,0,0
"dom",1821,0,0,0
"dom",1822,0,0,0
"dom",1823,0,0,0
"dom",1824,0,0,0
"dom",1825,0,0,0
"dom",1826,0,0,0
"dom",1827,0,0,0
"dom",1828,0,0,0
"dom",1829,0,0,0
"dom",1830,0,0,0
"dom",1831,0,0,0
"dom",1832,0,0,0
"dom",1833,0,0,0
"dom",1834,0,0,0
"dom",1835,0,0,0
"dom",1836,0,0,0
"dom",1837,0,0,0
"dom",1838,0,0,0
"dom",1839,0,0,0
"dom",1840,0,0,0
"dom",1841,0,0,0
"dom",1842,0,0,0
"dom",1843,0,0,0
"dom",1844,0,0,0
"dom",1845,0,0,0
"dom",1846,0,0,0
"dom",1847,0,0,0
"dom",1848,0,0,0
"dom",1849,0,0,0
"dom",1850,0,0,0
"dom",1851,0,0,0
"dom",1852,0,0,0
"dom",1853,0,0,0
"dom",1854,0,0,0
"dom",1855,0,0,0
"dom",1856,0,0,0
"dom",1857,0,0,0
"dom",1858,0,0,0
"dom",1859,0,0,0
"dom",1860,0,0,0
"dom",1861,0,0,0
"dom",1862,0,0,0
"dom",1863,0,0,0
"dom",1864,0,0,0
"dom",1865,0,0,0
"dom",1866,0,0,0
"dom",1867,0,0,0
"dom",1868,0,0,0
"dom",1869,0,0,0
"dom",1870,0,0,0
"dom",1871,0,0,0
"dom",1872,0,0,0
"dom",1873,0,0,0
"dom",1874,0,0,0
"dom",1875,0,0,0
"dom",1876,0,0,0
"dom",1877,0,0,0
"dom",1878,0,0,0
"dom",1879,0,0,0
"dom",1880,0,0,0
"dom",1881,0,0,0
"dom",1882,0,0,0
"dom",1883,0,0,0
"dom",1884,0,0,0
"dom",1885,0,0,0
"dom",1886,0,0,0
"dom",1887,0,0,0
"dom",1888,0,0,0
"dom",1889,0,0,0
"dom",1890,0,0,0
"dom",1891,0,0,0
"dom",1892,0,0,0
"dom",1893,0,0,0
"dom",1894,0,0,0
"dom",1895,0,0,1
"dom",1896,0,0,0
"dom",1897,0,0,0
"dom",1898,0,0,0
"dom",1899,0,0,0
"dom",1900,0,0,1
"dom",1901,0,0,3
"dom",1902,0,0,0
"dom",1903,0,0,0
"dom",1904,0,0,0
"dom",1905,0,0,1
"dom",1906,0,0,0
"dom",1907,0,0,0
"dom",1908,0,0,0
"dom",1909,0,0,0
"dom",1910,0,0,0
"dom",1911,0,0,0
"dom",1912,0,0,3
"dom",1913,0,0,0
"dom",1914,0,0,1
"dom",1915,0,0,1
"dom",1916,0,0,1
"dom",1917,0,0,0
"dom",1918,0,0,0
"dom",1919,0,0,0
"dom",1920,0,0,0
"dom",1921,0,0,0
"dom",1922,0,0,0
"dom",1923,0,0,0
"dom",1924,0,0,0
"dom",1925,0,0,0
"dom",1926,0,0,0
"dom",1927,0,0,0
"dom",1928,0,0,0
"dom",1929,0,0,0
"dom",1930,0,0,0
"dom",1931,0,0,0
"dom",1932,0,0,0
"dom",1933,0,0,0
"dom",1934,0,0,0
"dom",1935,0,0,0
"dom",1936,0,0,0
"dom",1937,0,0,0
"dom",1938,0,0,0
"dom",1939,0,0,0
"dom",1940,0,0,0
"dom",1941,0,0,4
"dom",1942,0,0,4
"dom",1943,0,0,0
"dom",1944,0,0,0
"dom",1945,0,0,0
"dom",1946,0,0,0
"dom",1947,0,0,0
"dom",1948,0,0,0
"dom",1949,1,0,3
"dom",1950,1,0,3
"dom",1951,0,0,0
"dom",1952,0,0,0
"dom",1953,0,0,0
"dom",1954,0,0,0
"dom",1955,0,0,0
"dom",1956,0,0,0
"dom",1957,0,0,0
"dom",1958,0,0,0
"dom",1959,1,0,2
"dom",1960,0,0,0
"dom",1961,0,0,1
"dom",1962,0,0,0
"dom",1963,0,0,3
"dom",1964,0,0,0
"dom",1965,0,0,0
"dom",1966,0,0,0
"dom",1967,0,0,0
"dom",1968,0,0,0
"dom",1969,0,0,0
"dom",1970,0,0,0
"dom",1971,0,0,0
"dom",1972,0,0,0
"dom",1973,0,0,0
"dom",1974,0,0,0
"dom",1975,0,0,0
"dom",1976,0,0,0
"dom",1977,0,0,0
"dom",1978,0,0,0
"dom",1979,0,0,0
"dom",1980,0,0,0
"dom",1981,0,0,0
"dom",1982,0,0,0
"dom",1983,0,0,0
"dom",1984,0,0,0
"dom",1985,0,0,0
"dom",1986,0,0,3
"dom",1987,0,0,3
"dom",1988,0,0,0
"dom",1989,0,0,0
"dom",1990,0,0,0
"dom",1991,0,0,0
"dom",1992,0,0,0
"dom",1993,0,0,0
"dom",1994,1,0,4
"dom",1995,0,0,0
"dom",1996,0,0,0
"dom",1997,0,0,0
"dom",1998,0,0,0
"dom",1999,0,0,0
"dom",2000,0,0,0
"dom",2001,0,0,0
"dom",2002,0,0,0
"dom",2003,0,0,0
"dom",2004,0,0,3
"dom",2005,0,0,0
"dom",2006,0,0,0
"dom",2007,0,0,0
"dom",2008,0,0,0
"dom",2009,0,0,0
"dom",2010,0,0,0
"dom",2011,0,0,0
"dom",2012,0,0,0
"dom",2013,0,0,0
"dom",2014,0,0,0
"drc",1816,0,0,0
"drc",1817,0,0,0
"drc",1818,0,0,0
"drc",1819,0,0,0
"drc",1820,0,0,0
"drc",1821,0,0,0
"drc",1822,0,0,0
"drc",1823,0,0,0
"drc",1824,0,0,0
"drc",1825,0,0,0
"drc",1826,0,0,0
"drc",1827,0,0,0
"drc",1828,0,0,0
"drc",1829,0,0,0
"drc",1830,0,0,0
"drc",1831,0,0,0
"drc",1832,0,0,0
"drc",1833,0,0,0
"drc",1834,0,0,0
"drc",1835,0,0,0
"drc",1836,0,0,0
"drc",1837,0,0,0
"drc",1838,0,0,0
"drc",1839,0,0,0
"drc",1840,0,0,0
"drc",1841,0,0,0
"drc",1842,0,0,0
"drc",1843,0,0,0
"drc",1844,0,0,0
"drc",1845,0,0,0
"drc",1846,0,0,0
"drc",1847,0,0,0
"drc",1848,0,0,0
"drc",1849,0,0,0
"drc",1850,0,0,0
"drc",1851,0,0,0
"drc",1852,0,0,0
"drc",1853,0,0,0
"drc",1854,0,0,0
"drc",1855,0,0,0
"drc",1856,0,0,0
"drc",1857,0,0,0
"drc",1858,0,0,0
"drc",1859,0,0,0
"drc",1860,0,0,0
"drc",1861,0,0,0
"drc",1862,0,0,0
"drc",1863,0,0,0
"drc",1864,0,0,0
"drc",1865,0,0,0
"drc",1866,0,0,0
"drc",1867,0,0,0
"drc",1868,0,0,0
"drc",1869,0,0,0
"drc",1870,0,0,0
"drc",1871,0,0,0
"drc",1872,0,0,0
"drc",1873,0,0,0
"drc",1874,0,0,0
"drc",1875,0,0,0
"drc",1876,0,0,0
"drc",1877,0,0,0
"drc",1878,0,0,0
"drc",1879,0,0,0
"drc",1880,0,0,0
"drc",1881,0,0,0
"drc",1882,0,0,0
"drc",1883,0,0,0
"drc",1884,0,0,0
"drc",1885,0,0,0
"drc",1886,0,0,0
"drc",1887,0,0,0
"drc",1888,0,0,0
"drc",1889,0,0,0
"drc",1890,0,0,0
"drc",1891,0,0,0
"drc",1892,0,0,0
"drc",1893,0,0,0
"drc",1894,0,0,0
"drc",1895,0,0,0
"drc",1896,0,0,0
"drc",1897,0,0,0
"drc",1898,0,0,0
"drc",1899,0,0,0
"drc",1900,0,0,0
"drc",1901,0,0,0
"drc",1902,0,0,0
"drc",1903,0,0,0
"drc",1904,0,0,0
"drc",1905,0,0,0
"drc",1906,0,0,0
"drc",1907,0,0,0
"drc",1908,0,0,0
"drc",1909,0,0,0
"drc",1910,0,0,0
"drc",1911,0,0,0
"drc",1912,0,0,0
"drc",1913,0,0,0
"drc",1914,0,0,0
"drc",1915,0,0,0
"drc",1916,0,0,0
"drc",1917,0,0,0
"drc",1918,0,0,0
"drc",1919,0,0,0
"drc",1920,0,0,0
"drc",1921,0,0,0
"drc",1922,0,0,0
"drc",1923,0,0,0
"drc",1924,0,0,0
"drc",1925,0,0,0
"drc",1926,0,0,0
"drc",1927,0,0,0
"drc",1928,0,0,0
"drc",1929,0,0,0
"drc",1930,0,0,0
"drc",1931,0,0,0
"drc",1932,0,0,0
"drc",1933,0,0,0
"drc",1934,0,0,0
"drc",1935,0,0,0
"drc",1936,0,0,0
"drc",1937,0,0,0
"drc",1938,0,0,0
"drc",1939,0,0,0
"drc",1940,0,0,0
"drc",1941,0,0,0
"drc",1942,0,0,0
"drc",1943,0,0,0
"drc",1944,0,0,0
"drc",1945,0,0,0
"drc",1946,0,0,0
"drc",1947,0,0,0
"drc",1948,0,0,0
"drc",1949,0,0,0
"drc",1950,0,0,0
"drc",1951,0,0,0
"drc",1952,0,0,0
"drc",1953,0,0,0
"drc",1954,0,0,0
"drc",1955,0,0,0
"drc",1956,0,0,0
"drc",1957,0,0,0
"drc",1958,0,0,0
"drc",1959,0,0,0
"drc",1960,0,0,0
"drc",1961,0,0,0
"drc",1962,0,0,0
"drc",1963,0,0,0
"drc",1964,0,0,0
"drc",1965,0,0,0
"drc",1966,0,0,0
"drc",1967,0,0,0
"drc",1968,0,0,0
"drc",1969,0,0,0
"drc",1970,0,0,0
"drc",1971,0,0,0
"drc",1972,0,0,0
"drc",1973,0,0,0
"drc",1974,0,0,0
"drc",1975,0,0,0
"drc",1976,0,0,0
"drc",1977,0,0,0
"drc",1978,0,0,0
"drc",1979,0,0,0
"drc",1980,0,0,0
"drc",1981,0,0,0
"drc",1982,0,0,0
"drc",1983,0,0,0
"drc",1984,0,0,0
"drc",1985,0,0,0
"drc",1986,0,0,0
"drc",1987,0,0,0
"drc",1988,0,0,0
"drc",1989,0,0,0
"drc",1990,0,0,0
"drc",1991,0,0,0
"drc",1992,0,0,0
"drc",1993,0,0,3
"drc",1994,0,0,3.5
"drc",1995,0,0,0
"drc",1996,0.5,2,3.5
"drc",1997,0,1.33333333333333,3
"drc",1998,0,0,0
"drc",1999,0,0,0
"drc",2000,0,0,0
"drc",2001,0,0,0
"drc",2002,0,0,1
"drc",2003,0,0,1
"drc",2004,0.5,0,2.5
"drc",2005,0,0,1
"drc",2006,1,0,4
"drc",2007,0.5,0.5,4
"drc",2008,0,0,4
"drc",2009,0,0,1
"drc",2010,0,0,0
"drc",2011,0,0,0
"drc",2012,0,1,4
"drc",2013,0.6,0,2.2
"drc",2014,1,1,4
"drv",1816,0,0,0
"drv",1817,0,0,0
"drv",1818,0,0,0
"drv",1819,0,0,0
"drv",1820,0,0,0
"drv",1821,0,0,0
"drv",1822,0,0,0
"drv",1823,0,0,0
"drv",1824,0,0,0
"drv",1825,0,0,0
"drv",1826,0,0,0
"drv",1827,0,0,0
"drv",1828,0,0,0
"drv",1829,0,0,0
"drv",1830,0,0,0
"drv",1831,0,0,0
"drv",1832,0,0,0
"drv",1833,0,0,0
"drv",1834,0,0,0
"drv",1835,0,0,0
"drv",1836,0,0,0
"drv",1837,0,0,0
"drv",1838,0,0,0
"drv",1839,0,0,0
"drv",1840,0,0,0
"drv",1841,0,0,0
"drv",1842,0,0,0
"drv",1843,0,0,0
"drv",1844,0,0,0
"drv",1845,0,0,0
"drv",1846,0,0,0
"drv",1847,0,0,0
"drv",1848,0,0,0
"drv",1849,0,0,0
"drv",1850,0,0,0
"drv",1851,0,0,0
"drv",1852,0,0,0
"drv",1853,0,0,0
"drv",1854,0,0,0
"drv",1855,0,0,0
"drv",1856,0,0,0
"drv",1857,0,0,0
"drv",1858,0,0,0
"drv",1859,0,0,0
"drv",1860,0,0,0
"drv",1861,0,0,0
"drv",1862,0,0,0
"drv",1863,0,0,0
"drv",1864,0,0,0
"drv",1865,0,0,0
"drv",1866,0,0,0
"drv",1867,0,0,0
"drv",1868,0,0,0
"drv",1869,0,0,0
"drv",1870,0,0,0
"drv",1871,0,0,0
"drv",1872,0,0,0
"drv",1873,0,0,0
"drv",1874,0,0,0
"drv",1875,0,0,0
"drv",1876,0,0,0
"drv",1877,0,0,0
"drv",1878,0,0,0
"drv",1879,0,0,0
"drv",1880,0,0,0
"drv",1881,0,0,0
"drv",1882,0,0,0
"drv",1883,0,0,0
"drv",1884,0,0,0
"drv",1885,0,0,0
"drv",1886,0,0,0
"drv",1887,0,0,0
"drv",1888,0,0,0
"drv",1889,0,0,0
"drv",1890,0,0,0
"drv",1891,0,0,0
"drv",1892,0,0,0
"drv",1893,0,0,0
"drv",1894,0,0,0
"drv",1895,0,0,0
"drv",1896,0,0,0
"drv",1897,0,0,0
"drv",1898,0,0,0
"drv",1899,0,0,0
"drv",1900,0,0,0
"drv",1901,0,0,0
"drv",1902,0,0,0
"drv",1903,0,0,0
"drv",1904,0,0,0
"drv",1905,0,0,0
"drv",1906,0,0,0
"drv",1907,0,0,0
"drv",1908,0,0,0
"drv",1909,0,0,0
"drv",1910,0,0,0
"drv",1911,0,0,0
"drv",1912,0,0,0
"drv",1913,0,0,0
"drv",1914,0,0,0
"drv",1915,0,0,0
"drv",1916,0,0,0
"drv",1917,0,0,0
"drv",1918,0,0,0
"drv",1919,0,0,0
"drv",1920,0,0,0
"drv",1921,0,0,0
"drv",1922,0,0,0
"drv",1923,0,0,0
"drv",1924,0,0,0
"drv",1925,0,0,0
"drv",1926,0,0,0
"drv",1927,0,0,0
"drv",1928,0,0,0
"drv",1929,0,0,0
"drv",1930,0,0,0
"drv",1931,0,0,0
"drv",1932,0,0,0
"drv",1933,0,0,0
"drv",1934,0,0,0
"drv",1935,0,0,0
"drv",1936,0,0,0
"drv",1937,0,0,0
"drv",1938,0,0,0
"drv",1939,0,0,0
"drv",1940,0,0,0
"drv",1941,0,0,0
"drv",1942,0,0,0
"drv",1943,0,0,0
"drv",1944,0,0,0
"drv",1945,0,0,0
"drv",1946,0,0,0
"drv",1947,0,0,0
"drv",1948,0,0,0
"drv",1949,0,0,0
"drv",1950,0,0,0
"drv",1951,0,0,0
"drv",1952,0,0,0
"drv",1953,0,0,0
"drv",1954,0,0,0
"drv",1955,0,0,0
"drv",1956,0,0,0
"drv",1957,0,0,0
"drv",1958,0,0,0
"drv",1959,0,0,0
"drv",1960,0.5,1,3
"drv",1961,0.5,0,1.5
"drv",1962,1,0,1
"drv",1963,0,0,0
"drv",1964,1,6,5
"drv",1965,1,6,5
"drv",1966,1,6,5
"drv",1967,1,6,5
"drv",1968,1,6,5
"drv",1969,1,6,5
"drv",1970,1,6,5
"drv",1971,1,6,5
"drv",1972,1,6,5
"drv",1973,1,6,5
"drv",1974,1,6,5
"drv",1975,1,6,5
"drv",1976,1,6,5
"drv",1977,0.5,3,4.5
"drv",1978,0.5,6,5
"drv",1979,0.5,6,5
"drv",1980,0.5,1.5,3.5
"drv",1981,0,3,4
"drv",1982,0,1.5,4
"drv",1983,0,1.66666666666667,3
"drv",1984,0,1.5,2.5
"drv",1985,0,3,4
"drv",1986,0,4,4.5
"drv",1987,0.25,2.25,3.25
"drv",1988,0,0,0
"drv",1989,1,0,4
"drv",1990,0,0,0
"drv",1991,0,0,0
"drv",1992,0,0,0
"drv",1993,0,0,0
"drv",1994,0,0,0
"drv",1995,0,0,0
"drv",1996,0,0,0
"drv",1997,0,0,0
"drv",1998,0,0,0
"drv",1999,0,0,0
"drv",2000,0,0,0
"drv",2001,0,0,0
"drv",2002,0,0,1
"drv",2003,1,0,4
"drv",2004,0,0,0
"drv",2005,0,0,0
"drv",2006,0,0,0
"drv",2007,0,0,0
"drv",2008,0,0,0
"drv",2009,0,0,0
"drv",2010,0,0,1
"drv",2011,1,0,3
"drv",2012,1,0,1
"drv",2013,1,0,1
"drv",2014,1,0,3
"ecu",1816,0,0,0
"ecu",1817,0,0,0
"ecu",1818,0,0,0
"ecu",1819,0,0,0
"ecu",1820,0,0,0
"ecu",1821,0,0,0
"ecu",1822,0,0,0
"ecu",1823,0,0,0
"ecu",1824,0,0,0
"ecu",1825,0,0,0
"ecu",1826,0,0,0
"ecu",1827,0,0,0
"ecu",1828,0,0,0
"ecu",1829,0,0,0
"ecu",1830,0,0,0
"ecu",1831,0,0,0
"ecu",1832,0,0,0
"ecu",1833,0,0,0
"ecu",1834,0,0,0
"ecu",1835,0,0,0
"ecu",1836,0,0,0
"ecu",1837,0,0,0
"ecu",1838,0,0,0
"ecu",1839,0,0,0
"ecu",1840,0,0,0
"ecu",1841,0,0,0
"ecu",1842,0,0,0
"ecu",1843,0,0,0
"ecu",1844,0,0,0
"ecu",1845,0,0,0
"ecu",1846,0,0,0
"ecu",1847,0,0,0
"ecu",1848,0,0,0
"ecu",1849,0,0,0
"ecu",1850,0,0,0
"ecu",1851,0,0,0
"ecu",1852,0,0,0
"ecu",1853,0,0,0
"ecu",1854,0,0,0
"ecu",1855,0,0,0
"ecu",1856,0,0,0
"ecu",1857,1,0,4
"ecu",1858,1,2,4
"ecu",1859,1,2,4
"ecu",1860,1,2,4
"ecu",1861,0,0,0
"ecu",1862,1,2,4
"ecu",1863,0,5,5
"ecu",1864,0,0,0
"ecu",1865,0,0,0
"ecu",1866,0,0,4
"ecu",1867,0,0,0
"ecu",1868,0,0,0
"ecu",1869,0,0,0
"ecu",1870,0,0,0
"ecu",1871,0,0,0
"ecu",1872,0,0,0
"ecu",1873,0,0,0
"ecu",1874,0,0,0
"ecu",1875,0,0,0
"ecu",1876,0,0,0
"ecu",1877,0,0,0
"ecu",1878,0,0,0
"ecu",1879,0,0,0
"ecu",1880,0,0,0
"ecu",1881,0,0,0
"ecu",1882,0,0,0
"ecu",1883,0,0,0
"ecu",1884,0,0,0
"ecu",1885,0,0,0
"ecu",1886,0,0,0
"ecu",1887,0,0,0
"ecu",1888,0,0,0
"ecu",1889,0,0,0
"ecu",1890,0,0,0
"ecu",1891,1,0,3
"ecu",1892,0,0,0
"ecu",1893,1,0,3
"ecu",1894,1,0,3
"ecu",1895,0,0,0
"ecu",1896,0,0,0
"ecu",1897,0,0,0
"ecu",1898,0,0,0
"ecu",1899,0,0,0
"ecu",1900,0,0,0
"ecu",1901,1,1,4
"ecu",1902,1,1,4
"ecu",1903,1,1,4
"ecu",1904,1,1,4
"ecu",1905,1,1,4
"ecu",1906,0,0,0
"ecu",1907,0,0,0
"ecu",1908,0,0,0
"ecu",1909,0,0,0
"ecu",1910,1,0,3
"ecu",1911,1,1,4
"ecu",1912,1,0,1
"ecu",1913,1,0,1
"ecu",1914,0,0,0
"ecu",1915,0,0,0
"ecu",1916,0,0,0
"ecu",1917,0,0,0
"ecu",1918,0,0,0
"ecu",1919,0,0,0
"ecu",1920,0,0,0
"ecu",1921,0,0,0
"ecu",1922,0,0,0
"ecu",1923,0,0,0
"ecu",1924,0,0,0
"ecu",1925,0,0,0
"ecu",1926,0,0,0
"ecu",1927,0,0,0
"ecu",1928,0,0,0
"ecu",1929,0,0,0
"ecu",1930,0,0,0
"ecu",1931,0,0,0
"ecu",1932,0.5,0.5,3
"ecu",1933,0,0,0
"ecu",1934,1,0,4
"ecu",1935,1,0,4
"ecu",1936,1,0,4
"ecu",1937,1,0,3
"ecu",1938,1,1,4
"ecu",1939,1,4,4
"ecu",1940,1,4,4
"ecu",1941,1,4,4
"ecu",1942,0.5,2,2.5
"ecu",1943,1,0,4
"ecu",1944,0,0,0
"ecu",1945,0,0,0
"ecu",1946,0,0,0
"ecu",1947,0,0,0
"ecu",1948,0,0,0
"ecu",1949,0,0,0
"ecu",1950,1,0,1
"ecu",1951,1,1,4
"ecu",1952,1,0,4
"ecu",1953,1,0,3
"ecu",1954,1,0,4
"ecu",1955,1,0,3.5
"ecu",1956,0,0,0
"ecu",1957,0,0,0
"ecu",1958,0,0,0
"ecu",1959,0,0,0
"ecu",1960,0,0,0
"ecu",1961,0,0,0
"ecu",1962,0,0,0
"ecu",1963,1,0,4
"ecu",1964,0,0,0
"ecu",1965,0,0,0
"ecu",1966,0,0,0
"ecu",1967,1,0,4
"ecu",1968,0,0,0
"ecu",1969,0,0,0
"ecu",1970,0,0,0
"ecu",1971,1,0,4
"ecu",1972,1,0,4
"ecu",1973,0,0,0
"ecu",1974,0,0,0
"ecu",1975,0,0,0
"ecu",1976,0,0,0
"ecu",1977,1,1,4
"ecu",1978,1,1,4
"ecu",1979,0,0,0
"ecu",1980,1,0,4
"ecu",1981,1,1,4
"ecu",1982,0,0,0
"ecu",1983,0,0,0
"ecu",1984,1,1,4
"ecu",1985,0,0,0
"ecu",1986,0,0,0
"ecu",1987,0,0,0
"ecu",1988,0,0,0
"ecu",1989,0,0,0
"ecu",1990,0,0,0
"ecu",1991,1,0,3
"ecu",1992,0,0,0
"ecu",1993,0,0,0
"ecu",1994,0,0,0
"ecu",1995,1,1.5,4
"ecu",1996,1,0,4
"ecu",1997,1,0,4
"ecu",1998,1,0,4
"ecu",1999,0,0,0
"ecu",2000,0,0,0
"ecu",2001,0,0,0
"ecu",2002,0,0,0
"ecu",2003,0,0,0
"ecu",2004,0,0,0
"ecu",2005,1,0,3
"ecu",2006,0,0,3
"ecu",2007,0,0,1
"ecu",2008,1,0,3
"ecu",2009,1,0,3
"ecu",2010,0,0,0
"ecu",2011,0,0,0
"ecu",2012,0,0,0
"ecu",2013,1,0,4
"ecu",2014,0,0,0
"egy",1816,0,0,0
"egy",1817,0,0,0
"egy",1818,0,0,0
"egy",1819,0,0,0
"egy",1820,0,0,0
"egy",1821,0,0,0
"egy",1822,0,0,0
"egy",1823,0,0,0
"egy",1824,0,0,0
"egy",1825,0,0,0
"egy",1826,0,0,0
"egy",1827,0,0,0
"egy",1828,0,0,0
"egy",1829,0,0,0
"egy",1830,0,0,0
"egy",1831,0,0,0
"egy",1832,0,0,0
"egy",1833,0,0,0
"egy",1834,0,0,0
"egy",1835,0,0,0
"egy",1836,0,0,0
"egy",1837,0,0,0
"egy",1838,0,0,0
"egy",1839,0,0,0
"egy",1840,0,0,0
"egy",1841,0,0,0
"egy",1842,0,0,0
"egy",1843,0,0,0
"egy",1844,0,0,0
"egy",1845,0,0,0
"egy",1846,0,0,0
"egy",1847,0,0,0
"egy",1848,0,0,0
"egy",1849,0,0,0
"egy",1850,0,0,0
"egy",1851,0,0,0
"egy",1852,0,0,0
"egy",1853,0,0,0
"egy",1854,0,0,0
"egy",1855,0,0,0
"egy",1856,0,0,0
"egy",1857,0,0,0
"egy",1858,0,0,0
"egy",1859,0,0,0
"egy",1860,0,0,0
"egy",1861,0,0,0
"egy",1862,0,0,0
"egy",1863,0,0,0
"egy",1864,0,0,0
"egy",1865,0,0,0
"egy",1866,0,0,0
"egy",1867,0,0,0
"egy",1868,0,0,0
"egy",1869,0,0,0
"egy",1870,0,0,0
"egy",1871,0,0,0
"egy",1872,0,0,0
"egy",1873,0,0,0
"egy",1874,0,0,0
"egy",1875,0,0,0
"egy",1876,0,0,0
"egy",1877,0,0,0
"egy",1878,0,0,0
"egy",1879,0,0,0
"egy",1880,0,0,0
"egy",1881,0,0,0
"egy",1882,0,6,5
"egy",1883,0,0,0
"egy",1884,0,0,0
"egy",1885,0,0,0
"egy",1886,0,0,0
"egy",1887,0,0,0
"egy",1888,0,0,0
"egy",1889,0,0,0
"egy",1890,0,0,0
"egy",1891,0,0,0
"egy",1892,0,0,0
"egy",1893,0,0,0
"egy",1894,0,0,0
"egy",1895,0,0,0
"egy",1896,0,0,0
"egy",1897,0,0,0
"egy",1898,0,0,0
"egy",1899,0,0,0
"egy",1900,0,0,0
"egy",1901,0,0,0
"egy",1902,0,0,0
"egy",1903,0,0,0
"egy",1904,0,0,0
"egy",1905,0,0,0
"egy",1906,0,0,0
"egy",1907,0,0,0
"egy",1908,0,0,0
"egy",1909,0,0,0
"egy",1910,0,0,0
"egy",1911,0,0,0
"egy",1912,0,0,0
"egy",1913,0,0,0
"egy",1914,0,0,0
"egy",1915,0,0,0
"egy",1916,0,0,0
"egy",1917,0,0,0
"egy",1918,0,0,0
"egy",1919,0,0,0
"egy",1920,0,0,0
"egy",1921,0,0,0
"egy",1922,0,0,0
"egy",1923,0,0,0
"egy",1924,0,0,0
"egy",1925,0,0,0
"egy",1926,0,0,0
"egy",1927,0,0,0
"egy",1928,0,0,0
"egy",1929,0,0,0
"egy",1930,0,0,0
"egy",1931,0,0,0
"egy",1932,0,0,0
"egy",1933,0,0,0
"egy",1934,0,0,0
"egy",1935,0,0,0
"egy",1936,0,0,0
"egy",1937,0,0,0
"egy",1938,0,0,0
"egy",1939,0,0,0
"egy",1940,0,0,0
"egy",1941,0,0,1
"egy",1942,0,0,1
"egy",1943,0,0,1
"egy",1944,0,0,0
"egy",1945,0,0,4
"egy",1946,0,0,0
"egy",1947,0,0,0
"egy",1948,1,6,5
"egy",1949,0,0,0
"egy",1950,1,0,4
"egy",1951,1,1,3.75
"egy",1952,1,1.33333333333333,4
"egy",1953,1,1,4
"egy",1954,1,1,4
"egy",1955,1,4,4.5
"egy",1956,1,4,4.5
"egy",1957,0.5,1.5,3.5
"egy",1958,0.571428571428571,0.714285714285714,2.14285714285714
"egy",1959,0.444444444444444,0.555555555555556,2.88888888888889
"egy",1960,0.666666666666667,0.833333333333333,3
"egy",1961,0.75,1,3.75
"egy",1962,0,0,3
"egy",1963,0,0,0
"egy",1964,0.666666666666667,0,2.66666666666667
"egy",1965,1,0,3.5
"egy",1966,0.5,0.5,3.5
"egy",1967,1,4.33333333333333,4.66666666666667
"egy",1968,1,3,3
"egy",1969,1,6,5
"egy",1970,1,6,5
"egy",1971,1,6,5
"egy",1972,1,6,5
"egy",1973,0.5,3,3
"egy",1974,0,0,2
"egy",1975,1,0,3
"egy",1976,1,0,2
"egy",1977,0.666666666666667,1,3
"egy",1978,0.5,0,3.5
"egy",1979,0.5,0,2
"egy",1980,1,0,3
"egy",1981,0,0,3
"egy",1982,0,0,0
"egy",1983,0.25,0.25,3.5
"egy",1984,0,0,3.5
"egy",1985,0,0,3.5
"egy",1986,0,0,0
"egy",1987,0,0,0
"egy",1988,0,0,0
"egy",1989,1,0,4
"egy",1990,0,1,5
"egy",1991,0.5,0.5,4
"egy",1992,0,0,0
"egy",1993,0,0,1.5
"egy",1994,0,0,1
"egy",1995,1,0,4
"egy",1996,1,0,4
"egy",1997,0,0,0
"egy",1998,0,0,0
"egy",1999,0,0,3
"egy",2000,0,0,0
"egy",2001,0,0,0
"egy",2002,0,0,0
"egy",2003,0,0,0
"egy",2004,0,0,1
"egy",2005,0,0,0
"egy",2006,0,1,4
"egy",2007,0,0,0
"egy",2008,0,0,0
"egy",2009,0,0,1
"egy",2010,0,0,0
"egy",2011,0,1,1
"egy",2012,0,0,0
"egy",2013,0,0,0
"egy",2014,0,1,1
"eqg",1816,0,0,0
"eqg",1817,0,0,0
"eqg",1818,0,0,0
"eqg",1819,0,0,0
"eqg",1820,0,0,0
"eqg",1821,0,0,0
"eqg",1822,0,0,0
"eqg",1823,0,0,0
"eqg",1824,0,0,0
"eqg",1825,0,0,0
"eqg",1826,0,0,0
"eqg",1827,0,0,0
"eqg",1828,0,0,0
"eqg",1829,0,0,0
"eqg",1830,0,0,0
"eqg",1831,0,0,0
"eqg",1832,0,0,0
"eqg",1833,0,0,0
"eqg",1834,0,0,0
"eqg",1835,0,0,0
"eqg",1836,0,0,0
"eqg",1837,0,0,0
"eqg",1838,0,0,0
"eqg",1839,0,0,0
"eqg",1840,0,0,0
"eqg",1841,0,0,0
"eqg",1842,0,0,0
"eqg",1843,0,0,0
"eqg",1844,0,0,0
"eqg",1845,0,0,0
"eqg",1846,0,0,0
"eqg",1847,0,0,0
"eqg",1848,0,0,0
"eqg",1849,0,0,0
"eqg",1850,0,0,0
"eqg",1851,0,0,0
"eqg",1852,0,0,0
"eqg",1853,0,0,0
"eqg",1854,0,0,0
"eqg",1855,0,0,0
"eqg",1856,0,0,0
"eqg",1857,0,0,0
"eqg",1858,0,0,0
"eqg",1859,0,0,0
"eqg",1860,0,0,0
"eqg",1861,0,0,0
"eqg",1862,0,0,0
"eqg",1863,0,0,0
"eqg",1864,0,0,0
"eqg",1865,0,0,0
"eqg",1866,0,0,0
"eqg",1867,0,0,0
"eqg",1868,0,0,0
"eqg",1869,0,0,0
"eqg",1870,0,0,0
"eqg",1871,0,0,0
"eqg",1872,0,0,0
"eqg",1873,0,0,0
"eqg",1874,0,0,0
"eqg",1875,0,0,0
"eqg",1876,0,0,0
"eqg",1877,0,0,0
"eqg",1878,0,0,0
"eqg",1879,0,0,0
"eqg",1880,0,0,0
"eqg",1881,0,0,0
"eqg",1882,0,0,0
"eqg",1883,0,0,0
"eqg",1884,0,0,0
"eqg",1885,0,0,0
"eqg",1886,0,0,0
"eqg",1887,0,0,0
"eqg",1888,0,0,0
"eqg",1889,0,0,0
"eqg",1890,0,0,0
"eqg",1891,0,0,0
"eqg",1892,0,0,0
"eqg",1893,0,0,0
"eqg",1894,0,0,0
"eqg",1895,0,0,0
"eqg",1896,0,0,0
"eqg",1897,0,0,0
"eqg",1898,0,0,0
"eqg",1899,0,0,0
"eqg",1900,0,0,0
"eqg",1901,0,0,0
"eqg",1902,0,0,0
"eqg",1903,0,0,0
"eqg",1904,0,0,0
"eqg",1905,0,0,0
"eqg",1906,0,0,0
"eqg",1907,0,0,0
"eqg",1908,0,0,0
"eqg",1909,0,0,0
"eqg",1910,0,0,0
"eqg",1911,0,0,0
"eqg",1912,0,0,0
"eqg",1913,0,0,0
"eqg",1914,0,0,0
"eqg",1915,0,0,0
"eqg",1916,0,0,0
"eqg",1917,0,0,0
"eqg",1918,0,0,0
"eqg",1919,0,0,0
"eqg",1920,0,0,0
"eqg",1921,0,0,0
"eqg",1922,0,0,0
"eqg",1923,0,0,0
"eqg",1924,0,0,0
"eqg",1925,0,0,0
"eqg",1926,0,0,0
"eqg",1927,0,0,0
"eqg",1928,0,0,0
"eqg",1929,0,0,0
"eqg",1930,0,0,0
"eqg",1931,0,0,0
"eqg",1932,0,0,0
"eqg",1933,0,0,0
"eqg",1934,0,0,0
"eqg",1935,0,0,0
"eqg",1936,0,0,0
"eqg",1937,0,0,0
"eqg",1938,0,0,0
"eqg",1939,0,0,0
"eqg",1940,0,0,0
"eqg",1941,0,0,0
"eqg",1942,0,0,0
"eqg",1943,0,0,0
"eqg",1944,0,0,0
"eqg",1945,0,0,0
"eqg",1946,0,0,0
"eqg",1947,0,0,0
"eqg",1948,0,0,0
"eqg",1949,0,0,0
"eqg",1950,0,0,0
"eqg",1951,0,0,0
"eqg",1952,0,0,0
"eqg",1953,0,0,0
"eqg",1954,0,0,0
"eqg",1955,0,0,0
"eqg",1956,0,0,0
"eqg",1957,0,0,0
"eqg",1958,0,0,0
"eqg",1959,0,0,0
"eqg",1960,0,0,0
"eqg",1961,0,0,0
"eqg",1962,0,0,0
"eqg",1963,0,0,0
"eqg",1964,0,0,0
"eqg",1965,0,0,0
"eqg",1966,0,0,0
"eqg",1967,0,0,0
"eqg",1968,0,0,0
"eqg",1969,0,0,1
"eqg",1970,0,0,0
"eqg",1971,0,0,0
"eqg",1972,1,0,4
"eqg",1973,0,0,0
"eqg",1974,0,0,0
"eqg",1975,0,0,0
"eqg",1976,0,0,0
"eqg",1977,0,0,0
"eqg",1978,0,0,0
"eqg",1979,0,0,0
"eqg",1980,0,0,0
"eqg",1981,0,0,0
"eqg",1982,0,0,0
"eqg",1983,0,0,0
"eqg",1984,0,0,0
"eqg",1985,0,0,0
"eqg",1986,0,0,0
"eqg",1987,0,0,0
"eqg",1988,0,0,0
"eqg",1989,0,0,0
"eqg",1990,0,0,0
"eqg",1991,0,0,0
"eqg",1992,0,0,0
"eqg",1993,0,0,0
"eqg",1994,0,0,0
"eqg",1995,0,0,0
"eqg",1996,0,0,0
"eqg",1997,0,0,0
"eqg",1998,0,0,0
"eqg",1999,0,0,0
"eqg",2000,1,0,4
"eqg",2001,0,0,0
"eqg",2002,0,0,0
"eqg",2003,0,0,0
"eqg",2004,0,0,0
"eqg",2005,0,0,0
"eqg",2006,0,0,0
"eqg",2007,0,0,0
"eqg",2008,0,0,0
"eqg",2009,0,0,0
"eqg",2010,0,0,0
"eqg",2011,0,0,0
"eqg",2012,0,0,0
"eqg",2013,0,0,0
"eqg",2014,0,0,0
"eri",1816,0,0,0
"eri",1817,0,0,0
"eri",1818,0,0,0
"eri",1819,0,0,0
"eri",1820,0,0,0
"eri",1821,0,0,0
"eri",1822,0,0,0
"eri",1823,0,0,0
"eri",1824,0,0,0
"eri",1825,0,0,0
"eri",1826,0,0,0
"eri",1827,0,0,0
"eri",1828,0,0,0
"eri",1829,0,0,0
"eri",1830,0,0,0
"eri",1831,0,0,0
"eri",1832,0,0,0
"eri",1833,0,0,0
"eri",1834,0,0,0
"eri",1835,0,0,0
"eri",1836,0,0,0
"eri",1837,0,0,0
"eri",1838,0,0,0
"eri",1839,0,0,0
"eri",1840,0,0,0
"eri",1841,0,0,0
"eri",1842,0,0,0
"eri",1843,0,0,0
"eri",1844,0,0,0
"eri",1845,0,0,0
"eri",1846,0,0,0
"eri",1847,0,0,0
"eri",1848,0,0,0
"eri",1849,0,0,0
"eri",1850,0,0,0
"eri",1851,0,0,0
"eri",1852,0,0,0
"eri",1853,0,0,0
"eri",1854,0,0,0
"eri",1855,0,0,0
"eri",1856,0,0,0
"eri",1857,0,0,0
"eri",1858,0,0,0
"eri",1859,0,0,0
"eri",1860,0,0,0
"eri",1861,0,0,0
"eri",1862,0,0,0
"eri",1863,0,0,0
"eri",1864,0,0,0
"eri",1865,0,0,0
"eri",1866,0,0,0
"eri",1867,0,0,0
"eri",1868,0,0,0
"eri",1869,0,0,0
"eri",1870,0,0,0
"eri",1871,0,0,0
"eri",1872,0,0,0
"eri",1873,0,0,0
"eri",1874,0,0,0
"eri",1875,0,0,0
"eri",1876,0,0,0
"eri",1877,0,0,0
"eri",1878,0,0,0
"eri",1879,0,0,0
"eri",1880,0,0,0
"eri",1881,0,0,0
"eri",1882,0,0,0
"eri",1883,0,0,0
"eri",1884,0,0,0
"eri",1885,0,0,0
"eri",1886,0,0,0
"eri",1887,0,0,0
"eri",1888,0,0,0
"eri",1889,0,0,0
"eri",1890,0,0,0
"eri",1891,0,0,0
"eri",1892,0,0,0
"eri",1893,0,0,0
"eri",1894,0,0,0
"eri",1895,0,0,0
"eri",1896,0,0,0
"eri",1897,0,0,0
"eri",1898,0,0,0
"eri",1899,0,0,0
"eri",1900,0,0,0
"eri",1901,0,0,0
"eri",1902,0,0,0
"eri",1903,0,0,0
"eri",1904,0,0,0
"eri",1905,0,0,0
"eri",1906,0,0,0
"eri",1907,0,0,0
"eri",1908,0,0,0
"eri",1909,0,0,0
"eri",1910,0,0,0
"eri",1911,0,0,0
"eri",1912,0,0,0
"eri",1913,0,0,0
"eri",1914,0,0,0
"eri",1915,0,0,0
"eri",1916,0,0,0
"eri",1917,0,0,0
"eri",1918,0,0,0
"eri",1919,0,0,0
"eri",1920,0,0,0
"eri",1921,0,0,0
"eri",1922,0,0,0
"eri",1923,0,0,0
"eri",1924,0,0,0
"eri",1925,0,0,0
"eri",1926,0,0,0
"eri",1927,0,0,0
"eri",1928,0,0,0
"eri",1929,0,0,0
"eri",1930,0,0,0
"eri",1931,0,0,0
"eri",1932,0,0,0
"eri",1933,0,0,0
"eri",1934,0,0,0
"eri",1935,0,0,0
"eri",1936,0,0,0
"eri",1937,0,0,0
"eri",1938,0,0,0
"eri",1939,0,0,0
"eri",1940,0,0,0
"eri",1941,0,0,0
"eri",1942,0,0,0
"eri",1943,0,0,0
"eri",1944,0,0,0
"eri",1945,0,0,0
"eri",1946,0,0,0
"eri",1947,0,0,0
"eri",1948,0,0,0
"eri",1949,0,0,0
"eri",1950,0,0,0
"eri",1951,0,0,0
"eri",1952,0,0,0
"eri",1953,0,0,0
"eri",1954,0,0,0
"eri",1955,0,0,0
"eri",1956,0,0,0
"eri",1957,0,0,0
"eri",1958,0,0,0
"eri",1959,0,0,0
"eri",1960,0,0,0
"eri",1961,0,0,0
"eri",1962,0,0,0
"eri",1963,0,0,0
"eri",1964,0,0,0
"eri",1965,0,0,0
"eri",1966,0,0,0
"eri",1967,0,0,0
"eri",1968,0,0,0
"eri",1969,0,0,0
"eri",1970,0,0,0
"eri",1971,0,0,0
"eri",1972,0,0,0
"eri",1973,0,0,0
"eri",1974,0,0,0
"eri",1975,0,0,0
"eri",1976,0,0,0
"eri",1977,0,0,0
"eri",1978,0,0,0
"eri",1979,0,0,0
"eri",1980,0,0,0
"eri",1981,0,0,0
"eri",1982,0,0,0
"eri",1983,0,0,0
"eri",1984,0,0,0
"eri",1985,0,0,0
"eri",1986,0,0,0
"eri",1987,0,0,0
"eri",1988,0,0,0
"eri",1989,0,0,0
"eri",1990,0,0,0
"eri",1991,0,0,0
"eri",1992,0,0,0
"eri",1993,0,0,0
"eri",1994,0,0,1
"eri",1995,1,0,4
"eri",1996,1,0,4
"eri",1997,1,0,4
"eri",1998,1,3,4
"eri",1999,1,3,4.5
"eri",2000,1,6,5
"eri",2001,0,0,0
"eri",2002,0,0,1
"eri",2003,0,1,4
"eri",2004,1,0,4
"eri",2005,0.5,0,3.5
"eri",2006,0,0,3
"eri",2007,0,0,4
"eri",2008,0,1,4
"eri",2009,0,0,0
"eri",2010,0,0.5,3.5
"eri",2011,0,0,0
"eri",2012,0,0,0
"eri",2013,0,0,0
"eri",2014,0,0,0
"est",1816,0,0,0
"est",1817,0,0,0
"est",1818,0,0,0
"est",1819,0,0,0
"est",1820,0,0,0
"est",1821,0,0,0
"est",1822,0,0,0
"est",1823,0,0,0
"est",1824,0,0,0
"est",1825,0,0,0
"est",1826,0,0,0
"est",1827,0,0,0
"est",1828,0,0,0
"est",1829,0,0,0
"est",1830,0,0,0
"est",1831,0,0,0
"est",1832,0,0,0
"est",1833,0,0,0
"est",1834,0,0,0
"est",1835,0,0,0
"est",1836,0,0,0
"est",1837,0,0,0
"est",1838,0,0,0
"est",1839,0,0,0
"est",1840,0,0,0
"est",1841,0,0,0
"est",1842,0,0,0
"est",1843,0,0,0
"est",1844,0,0,0
"est",1845,0,0,0
"est",1846,0,0,0
"est",1847,0,0,0
"est",1848,0,0,0
"est",1849,0,0,0
"est",1850,0,0,0
"est",1851,0,0,0
"est",1852,0,0,0
"est",1853,0,0,0
"est",1854,0,0,0
"est",1855,0,0,0
"est",1856,0,0,0
"est",1857,0,0,0
"est",1858,0,0,0
"est",1859,0,0,0
"est",1860,0,0,0
"est",1861,0,0,0
"est",1862,0,0,0
"est",1863,0,0,0
"est",1864,0,0,0
"est",1865,0,0,0
"est",1866,0,0,0
"est",1867,0,0,0
"est",1868,0,0,0
"est",1869,0,0,0
"est",1870,0,0,0
"est",1871,0,0,0
"est",1872,0,0,0
"est",1873,0,0,0
"est",1874,0,0,0
"est",1875,0,0,0
"est",1876,0,0,0
"est",1877,0,0,0
"est",1878,0,0,0
"est",1879,0,0,0
"est",1880,0,0,0
"est",1881,0,0,0
"est",1882,0,0,0
"est",1883,0,0,0
"est",1884,0,0,0
"est",1885,0,0,0
"est",1886,0,0,0
"est",1887,0,0,0
"est",1888,0,0,0
"est",1889,0,0,0
"est",1890,0,0,0
"est",1891,0,0,0
"est",1892,0,0,0
"est",1893,0,0,0
"est",1894,0,0,0
"est",1895,0,0,0
"est",1896,0,0,0
"est",1897,0,0,0
"est",1898,0,0,0
"est",1899,0,0,0
"est",1900,0,0,0
"est",1901,0,0,0
"est",1902,0,0,0
"est",1903,0,0,0
"est",1904,0,0,0
"est",1905,0,0,0
"est",1906,0,0,0
"est",1907,0,0,0
"est",1908,0,0,0
"est",1909,0,0,0
"est",1910,0,0,0
"est",1911,0,0,0
"est",1912,0,0,0
"est",1913,0,0,0
"est",1914,0,0,0
"est",1915,0,0,0
"est",1916,0,0,0
"est",1917,0,0,0
"est",1918,0,0,0
"est",1919,0,0,0
"est",1920,0,0,0
"est",1921,0,0,1
"est",1922,0,0,0
"est",1923,0,0,0
"est",1924,0,0,0
"est",1925,0,0,0
"est",1926,0,0,0
"est",1927,0,0,0
"est",1928,0,0,0
"est",1929,0,0,0
"est",1930,0,0,0
"est",1931,0,0,0
"est",1932,0,0,0
"est",1933,0,0,0
"est",1934,0,0,0
"est",1935,0,0,0
"est",1936,0,0,0
"est",1937,0,0,0
"est",1938,0,0,0
"est",1939,0,0,1
"est",1940,0,0,1
"est",1941,0,0,0
"est",1942,0,0,0
"est",1943,0,0,0
"est",1944,0,0,0
"est",1945,0,0,0
"est",1946,0,0,0
"est",1947,0,0,0
"est",1948,0,0,0
"est",1949,0,0,0
"est",1950,0,0,0
"est",1951,0,0,0
"est",1952,0,0,0
"est",1953,0,0,0
"est",1954,0,0,0
"est",1955,0,0,0
"est",1956,0,0,0
"est",1957,0,0,0
"est",1958,0,0,0
"est",1959,0,0,0
"est",1960,0,0,0
"est",1961,0,0,0
"est",1962,0,0,0
"est",1963,0,0,0
"est",1964,0,0,0
"est",1965,0,0,0
"est",1966,0,0,0
"est",1967,0,0,0
"est",1968,0,0,0
"est",1969,0,0,0
"est",1970,0,0,0
"est",1971,0,0,0
"est",1972,0,0,0
"est",1973,0,0,0
"est",1974,0,0,0
"est",1975,0,0,0
"est",1976,0,0,0
"est",1977,0,0,0
"est",1978,0,0,0
"est",1979,0,0,0
"est",1980,0,0,0
"est",1981,0,0,0
"est",1982,0,0,0
"est",1983,0,0,0
"est",1984,0,0,0
"est",1985,0,0,0
"est",1986,0,0,0
"est",1987,0,0,0
"est",1988,0,0,0
"est",1989,0,0,0
"est",1990,0,0,0
"est",1991,0,0,0
"est",1992,0,0,4
"est",1993,0,0,0
"est",1994,0,0,0
"est",1995,0,0,0
"est",1996,0,0,0
"est",1997,0,0,0
"est",1998,0,0,0
"est",1999,0,0,0
"est",2000,0,0,1
"est",2001,0,0,0
"est",2002,0,0,0
"est",2003,0,0,0
"est",2004,0,0,0
"est",2005,0,0,0
"est",2006,0,0,0
"est",2007,0,0,0
"est",2008,0,0,0
"est",2009,0,0,0
"est",2010,0,0,0
"est",2011,1,0,2
"est",2012,0,0,0
"est",2013,1,0,1
"est",2014,1,0,1
"eth",1816,0,0,0
"eth",1817,0,0,0
"eth",1818,0,0,0
"eth",1819,0,0,0
"eth",1820,0,0,0
"eth",1821,0,0,0
"eth",1822,0,0,0
"eth",1823,0,0,0
"eth",1824,0,0,0
"eth",1825,0,0,0
"eth",1826,0,0,0
"eth",1827,0,0,0
"eth",1828,0,0,0
"eth",1829,0,0,0
"eth",1830,0,0,0
"eth",1831,0,0,0
"eth",1832,0,0,0
"eth",1833,0,0,0
"eth",1834,0,0,0
"eth",1835,0,0,0
"eth",1836,0,0,0
"eth",1837,0,0,0
"eth",1838,0,0,0
"eth",1839,0,0,0
"eth",1840,0,0,0
"eth",1841,0,0,0
"eth",1842,0,0,0
"eth",1843,0,0,0
"eth",1844,0,0,0
"eth",1845,0,0,0
"eth",1846,0,0,0
"eth",1847,0,0,0
"eth",1848,0,0,0
"eth",1849,0,0,0
"eth",1850,0,0,0
"eth",1851,0,0,0
"eth",1852,0,0,0
"eth",1853,0,0,0
"eth",1854,0,0,0
"eth",1855,0,0,0
"eth",1856,0,0,0
"eth",1857,0,0,0
"eth",1858,0,0,0
"eth",1859,0,0,0
"eth",1860,0,0,0
"eth",1861,0,0,0
"eth",1862,0,0,0
"eth",1863,0,0,0
"eth",1864,0,0,0
"eth",1865,0,0,0
"eth",1866,0,0,0
"eth",1867,0,0,0
"eth",1868,0,0,0
"eth",1869,0,0,0
"eth",1870,0,0,0
"eth",1871,0,0,0
"eth",1872,0,0,0
"eth",1873,0,0,0
"eth",1874,0,0,0
"eth",1875,0,0,0
"eth",1876,0,0,0
"eth",1877,0,0,0
"eth",1878,0,0,0
"eth",1879,0,0,0
"eth",1880,0,0,0
"eth",1881,0,0,0
"eth",1882,0,0,0
"eth",1883,0,0,0
"eth",1884,0,0,0
"eth",1885,0,0,0
"eth",1886,0,0,0
"eth",1887,0,0,0
"eth",1888,0,0,0
"eth",1889,0,0,0
"eth",1890,0,0,0
"eth",1891,0,0,0
"eth",1892,0,0,0
"eth",1893,0,0,0
"eth",1894,0,0,0
"eth",1895,0,0,0
"eth",1896,0,0,0
"eth",1897,0,0,0
"eth",1898,0,0,0
"eth",1899,0,0,0
"eth",1900,0,0,0
"eth",1901,0,0,0
"eth",1902,0,0,0
"eth",1903,0,0,0
"eth",1904,0,0,0
"eth",1905,0,0,0
"eth",1906,0,0,0
"eth",1907,0,0,0
"eth",1908,0,0,0
"eth",1909,0,0,0
"eth",1910,0,0,0
"eth",1911,0,0,0
"eth",1912,0,0,0
"eth",1913,0,0,0
"eth",1914,0,0,0
"eth",1915,0,0,0
"eth",1916,0,0,0
"eth",1917,0,0,0
"eth",1918,0,0,0
"eth",1919,0,0,0
"eth",1920,0,0,0
"eth",1921,0,0,0
"eth",1922,0,0,0
"eth",1923,0,0,1
"eth",1924,0,0,0
"eth",1925,0,0,0
"eth",1926,0,0,0
"eth",1927,0,0,0
"eth",1928,0,0,0
"eth",1929,0,0,0
"eth",1930,0,0,0
"eth",1931,1,0,3
"eth",1932,0,0,0
"eth",1933,0,0,0
"eth",1934,0,6,5
"eth",1935,0,6,5
"eth",1936,0,6,5
"eth",1937,0,0,0
"eth",1938,0,0,0
"eth",1939,0,0,0
"eth",1940,0,0,0
"eth",1941,0,6,5
"eth",1942,0,0,4
"eth",1943,0,0,4
"eth",1944,0,0,0
"eth",1945,0,0,0
"eth",1946,0,0,0
"eth",1947,0,0,0
"eth",1948,0,0,0
"eth",1949,0,0,0
"eth",1950,0,0,0
"eth",1951,0,3,5
"eth",1952,0,3,5
"eth",1953,0,3,5
"eth",1954,0,0,0
"eth",1955,0,0,0
"eth",1956,0,0,0
"eth",1957,0,0,0
"eth",1958,0,0,0
"eth",1959,0,0,0
"eth",1960,0,0,4
"eth",1961,0,0,4
"eth",1962,0,0,0
"eth",1963,0,2,4
"eth",1964,0,2,4
"eth",1965,0,0,4
"eth",1966,0,1,4
"eth",1967,1,0,4
"eth",1968,0,0,0
"eth",1969,0,0,0
"eth",1970,0,0,0
"eth",1971,0,0,0
"eth",1972,0,0,0
"eth",1973,0,0,3
"eth",1974,0,1,4
"eth",1975,0,1,4
"eth",1976,0,1,4
"eth",1977,0.5,3,4
"eth",1978,0,6,5
"eth",1979,1,0,4
"eth",1980,0,2,4
"eth",1981,0,2,4
"eth",1982,0,4,4
"eth",1983,0.5,2,3.5
"eth",1984,0,3,4
"eth",1985,0,2,4
"eth",1986,1,0,4
"eth",1987,0,2,4
"eth",1988,0,0,3
"eth",1989,0,0,0
"eth",1990,0,0,0
"eth",1991,0,0,0
"eth",1992,0,0,0
"eth",1993,0,0,0
"eth",1994,0,0,0
"eth",1995,0,0,0
"eth",1996,0,0,0
"eth",1997,0,0,0
"eth",1998,0,6,5
"eth",1999,0.5,3.5,4.5
"eth",2000,0,6,5
"eth",2001,0,0,0
"eth",2002,0,0,4
"eth",2003,0.5,0,4
"eth",2004,0,0,1
"eth",2005,0.5,0,3.25
"eth",2006,1,0.333333333333333,3
"eth",2007,1,0,4
"eth",2008,0.333333333333333,0,4
"eth",2009,1,0,4
"eth",2010,1,0.5,4
"eth",2011,1,0,4
"eth",2012,0,0,0
"eth",2013,0,0,0
"eth",2014,0,0,0
"fin",1816,0,0,0
"fin",1817,0,0,0
"fin",1818,0,0,0
"fin",1819,0,0,0
"fin",1820,0,0,0
"fin",1821,0,0,0
"fin",1822,0,0,0
"fin",1823,0,0,0
"fin",1824,0,0,0
"fin",1825,0,0,0
"fin",1826,0,0,0
"fin",1827,0,0,0
"fin",1828,0,0,0
"fin",1829,0,0,0
"fin",1830,0,0,0
"fin",1831,0,0,0
"fin",1832,0,0,0
"fin",1833,0,0,0
"fin",1834,0,0,0
"fin",1835,0,0,0
"fin",1836,0,0,0
"fin",1837,0,0,0
"fin",1838,0,0,0
"fin",1839,0,0,0
"fin",1840,0,0,0
"fin",1841,0,0,0
"fin",1842,0,0,0
"fin",1843,0,0,0
"fin",1844,0,0,0
"fin",1845,0,0,0
"fin",1846,0,0,0
"fin",1847,0,0,0
"fin",1848,0,0,0
"fin",1849,0,0,0
"fin",1850,0,0,0
"fin",1851,0,0,0
"fin",1852,0,0,0
"fin",1853,0,0,0
"fin",1854,0,0,0
"fin",1855,0,0,0
"fin",1856,0,0,0
"fin",1857,0,0,0
"fin",1858,0,0,0
"fin",1859,0,0,0
"fin",1860,0,0,0
"fin",1861,0,0,0
"fin",1862,0,0,0
"fin",1863,0,0,0
"fin",1864,0,0,0
"fin",1865,0,0,0
"fin",1866,0,0,0
"fin",1867,0,0,0
"fin",1868,0,0,0
"fin",1869,0,0,0
"fin",1870,0,0,0
"fin",1871,0,0,0
"fin",1872,0,0,0
"fin",1873,0,0,0
"fin",1874,0,0,0
"fin",1875,0,0,0
"fin",1876,0,0,0
"fin",1877,0,0,0
"fin",1878,0,0,0
"fin",1879,0,0,0
"fin",1880,0,0,0
"fin",1881,0,0,0
"fin",1882,0,0,0
"fin",1883,0,0,0
"fin",1884,0,0,0
"fin",1885,0,0,0
"fin",1886,0,0,0
"fin",1887,0,0,0
"fin",1888,0,0,0
"fin",1889,0,0,0
"fin",1890,0,0,0
"fin",1891,0,0,0
"fin",1892,0,0,0
"fin",1893,0,0,0
"fin",1894,0,0,0
"fin",1895,0,0,0
"fin",1896,0,0,0
"fin",1897,0,0,0
"fin",1898,0,0,0
"fin",1899,0,0,0
"fin",1900,0,0,0
"fin",1901,0,0,0
"fin",1902,0,0,0
"fin",1903,0,0,0
"fin",1904,0,0,0
"fin",1905,0,0,0
"fin",1906,0,0,0
"fin",1907,0,0,0
"fin",1908,0,0,0
"fin",1909,0,0,0
"fin",1910,0,0,0
"fin",1911,0,0,0
"fin",1912,0,0,0
"fin",1913,0,0,0
"fin",1914,0,0,0
"fin",1915,0,0,0
"fin",1916,0,0,0
"fin",1917,0,0,0
"fin",1918,0,0,0
"fin",1919,0,0,0
"fin",1920,0,0,0
"fin",1921,0,0,0
"fin",1922,0,0,0
"fin",1923,0,0,0
"fin",1924,0,0,0
"fin",1925,0,0,0
"fin",1926,0,0,0
"fin",1927,0,0,0
"fin",1928,0,0,0
"fin",1929,0,0,0
"fin",1930,0,0,0
"fin",1931,0,0,0
"fin",1932,0,0,0
"fin",1933,0,0,0
"fin",1934,0,0,0
"fin",1935,0,0,0
"fin",1936,0,0,0
"fin",1937,0,0,0
"fin",1938,0,0,0
"fin",1939,0,3,4.5
"fin",1940,0,3,4.5
"fin",1941,0,6,5
"fin",1942,0,6,5
"fin",1943,0,6,5
"fin",1944,0,6,5
"fin",1945,0,6,5
"fin",1946,0,0,0
"fin",1947,0,0,0
"fin",1948,0,0,0
"fin",1949,0,0,0
"fin",1950,0,0,0
"fin",1951,0,0,0
"fin",1952,0,0,0
"fin",1953,0,0,0
"fin",1954,0,0,1
"fin",1955,0,0,0
"fin",1956,0,0,0
"fin",1957,0,0,0
"fin",1958,0,0,0
"fin",1959,0,0,0
"fin",1960,0,0,0
"fin",1961,0,0,0
"fin",1962,0,0,0
"fin",1963,0,0,0
"fin",1964,0,0,0
"fin",1965,0,0,0
"fin",1966,0,0,0
"fin",1967,0,0,0
"fin",1968,0,0,0
"fin",1969,0,0,0
"fin",1970,0,0,0
"fin",1971,0,0,0
"fin",1972,0,0,0
"fin",1973,0,0,0
"fin",1974,0,0,0
"fin",1975,0,0,0
"fin",1976,0,0,0
"fin",1977,0,0,0
"fin",1978,0,0,0
"fin",1979,0,0,0
"fin",1980,0,0,0
"fin",1981,0,0,0
"fin",1982,0,0,0
"fin",1983,0,0,0
"fin",1984,0,0,0
"fin",1985,0,0,0
"fin",1986,0,0,0
"fin",1987,0,0,0
"fin",1988,0,0,0
"fin",1989,0,0,0
"fin",1990,0,0,0
"fin",1991,0,0,0
"fin",1992,0,0,0
"fin",1993,0,0,0
"fin",1994,0,0,0
"fin",1995,0,0,0
"fin",1996,0,0,0
"fin",1997,0,0,0
"fin",1998,0,0,0
"fin",1999,0,0,0
"fin",2000,0,0,1
"fin",2001,0,0,0
"fin",2002,0,0,0
"fin",2003,0,0,0
"fin",2004,0,0,0
"fin",2005,0,0,0
"fin",2006,0,0,0
"fin",2007,0,0,1
"fin",2008,0,0,1
"fin",2009,0,0,0
"fin",2010,0,0,0
"fin",2011,1,0,1
"fin",2012,0,0,0
"fin",2013,1,0,1
"fin",2014,1,0,3
"frn",1816,0,0,0
"frn",1817,0,0,0
"frn",1818,0,0,0
"frn",1819,0,0,0
"frn",1820,0,0,0
"frn",1821,1,0,3
"frn",1822,1,2,4
"frn",1823,1,4,5
"frn",1824,0,0,0
"frn",1825,0,0,0
"frn",1826,1,0,3
"frn",1827,1,1,4
"frn",1828,1,0.5,4
"frn",1829,0,0,0
"frn",1830,0,0,2
"frn",1831,1,0,4
"frn",1832,0,0,0
"frn",1833,1,0,3.5
"frn",1834,0,0,0
"frn",1835,0,0,3
"frn",1836,0,0,0
"frn",1837,0,0,0
"frn",1838,1,1,4
"frn",1839,1,1,4
"frn",1840,1,0,3
"frn",1841,0,0,0
"frn",1842,1,0,2.5
"frn",1843,1,0,3
"frn",1844,0,0,0
"frn",1845,0,0,0
"frn",1846,0,0,0
"frn",1847,0,0,0
"frn",1848,1,0,3
"frn",1849,0.5,1,4
"frn",1850,0,0,3
"frn",1851,0,0,0
"frn",1852,1,0,3
"frn",1853,0,6,5
"frn",1854,0,6,5
"frn",1855,0,6,5
"frn",1856,0,6,5
"frn",1857,0,0,3
"frn",1858,0,0,3.5
"frn",1859,0,6,5
"frn",1860,0,0,2.33333333333333
"frn",1861,0.5,3,4
"frn",1862,1,6,5
"frn",1863,0.5,3,3.5
"frn",1864,1,6,5
"frn",1865,0.666666666666667,2,3
"frn",1866,0.75,1.5,2.25
"frn",1867,1,6,5
"frn",1868,0,0,0
"frn",1869,0,0,0
"frn",1870,0.5,3,4
"frn",1871,0,2,3
"frn",1872,0,0,0
"frn",1873,0,0,0
"frn",1874,0,0,0
"frn",1875,0,0,0
"frn",1876,0,0,0
"frn",1877,0,0,0
"frn",1878,0,0,0
"frn",1879,0,0,0
"frn",1880,1,0,3
"frn",1881,0.5,0,1.5
"frn",1882,1,0,3
"frn",1883,1,3,3.5
"frn",1884,1,6,5
"frn",1885,0.5,3,3
"frn",1886,0,0,0
"frn",1887,0,0,1
"frn",1888,1,0,3
"frn",1889,0,0,0
"frn",1890,0,0,0
"frn",1891,1,0,3
"frn",1892,0,0,0
"frn",1893,1,1.5,4.5
"frn",1894,0,0,0
"frn",1895,0.666666666666667,0,2.66666666666667
"frn",1896,1,0,3.5
"frn",1897,1,0,4
"frn",1898,0.75,0,3.25
"frn",1899,0,0,0
"frn",1900,0,1,3.5
"frn",1901,0,0,0
"frn",1902,0,0,0
"frn",1903,0,0,0
"frn",1904,0,0,3
"frn",1905,1,0,3.5
"frn",1906,0,0,0
"frn",1907,0,0,0
"frn",1908,0,0,0
"frn",1909,0,0,0
"frn",1910,0,0,0
"frn",1911,0,0,1
"frn",1912,0,0,2
"frn",1913,0,0,0
"frn",1914,0,6,5
"frn",1915,0,6,5
"frn",1916,0.5,1.75,4.25
"frn",1917,0.5,3.5,4.5
"frn",1918,0,3,4.5
"frn",1919,1,6,5
"frn",1920,1,2,4.33333333333333
"frn",1921,1,3,4.5
"frn",1922,1,0,3.33333333333333
"frn",1923,1,0,4
"frn",1924,0,0,0
"frn",1925,0.5,0,2
"frn",1926,0.5,0,2.25
"frn",1927,0.333333333333333,0,2.33333333333333
"frn",1928,0,0,0
"frn",1929,0,0,0
"frn",1930,0,0,0
"frn",1931,0,0,0
"frn",1932,0,0,0
"frn",1933,0,0,0
"frn",1934,0,0,3
"frn",1935,0,0,0
"frn",1936,0,0,3
"frn",1937,0,0,1
"frn",1938,0,0,2.33333333333333
"frn",1939,0,2,2.33333333333333
"frn",1940,0,2.57142857142857,2.71428571428571
"frn",1941,0,5.5,5
"frn",1942,0,0,0
"frn",1943,0,0,0
"frn",1944,0,6,5
"frn",1945,0,6,5
"frn",1946,0,1,4
"frn",1947,0,0,0
"frn",1948,0,0,4
"frn",1949,0,0,3.5
"frn",1950,0,1,4
"frn",1951,0,4,5
"frn",1952,0,2,3
"frn",1953,0,4,5
"frn",1954,0,0,0
"frn",1955,0,0,0
"frn",1956,0,0,0
"frn",1957,1,1,4
"frn",1958,0.5,0.5,2.5
"frn",1959,0.5,0.5,2.5
"frn",1960,1,0.5,4
"frn",1961,0,0.5,3.5
"frn",1962,0,0,0
"frn",1963,0,0,3
"frn",1964,1,1,4
"frn",1965,0,0,0
"frn",1966,0,0,0
"frn",1967,0,0,0
"frn",1968,0,0,0
"frn",1969,0,0,0
"frn",1970,0,0,0
"frn",1971,0,0,0
"frn",1972,0,0,0
"frn",1973,0,0,0
"frn",1974,0,0,0
"frn",1975,0,0,0
"frn",1976,0,1,4
"frn",1977,0,1,4
"frn",1978,1,0,3
"frn",1979,0,0,0
"frn",1980,0,0,3
"frn",1981,0,0,3
"frn",1982,0,0,0
"frn",1983,0,0,0
"frn",1984,1,0,4
"frn",1985,1,0,3.5
"frn",1986,0,0,3
"frn",1987,0.333333333333333,0,2.33333333333333
"frn",1988,0.5,0,2
"frn",1989,1,0,3.5
"frn",1990,0.666666666666667,0.333333333333333,4
"frn",1991,0,0.333333333333333,3.66666666666667
"frn",1992,0.5,0,4
"frn",1993,0.4,0,3.4
"frn",1994,0.666666666666667,0,3.66666666666667
"frn",1995,1,0,4
"frn",1996,1,0,4
"frn",1997,0,0,0
"frn",1998,1,0,4
"frn",1999,0.333333333333333,0,2.66666666666667
"frn",2000,0,0,1.5
"frn",2001,1,0,4
"frn",2002,0,0,0
"frn",2003,0,0,0
"frn",2004,1,0.5,3.5
"frn",2005,0.666666666666667,0.333333333333333,3.33333333333333
"frn",2006,0,0,0
"frn",2007,0,0,0
"frn",2008,0,0,0
"frn",2009,0,0,1
"frn",2010,0,0,0
"frn",2011,0.5,0,2.5
"frn",2012,0,0,0
"frn",2013,0,0,0
"frn",2014,1,0,3
"gab",1816,0,0,0
"gab",1817,0,0,0
"gab",1818,0,0,0
"gab",1819,0,0,0
"gab",1820,0,0,0
"gab",1821,0,0,0
"gab",1822,0,0,0
"gab",1823,0,0,0
"gab",1824,0,0,0
"gab",1825,0,0,0
"gab",1826,0,0,0
"gab",1827,0,0,0
"gab",1828,0,0,0
"gab",1829,0,0,0
"gab",1830,0,0,0
"gab",1831,0,0,0
"gab",1832,0,0,0
"gab",1833,0,0,0
"gab",1834,0,0,0
"gab",1835,0,0,0
"gab",1836,0,0,0
"gab",1837,0,0,0
"gab",1838,0,0,0
"gab",1839,0,0,0
"gab",1840,0,0,0
"gab",1841,0,0,0
"gab",1842,0,0,0
"gab",1843,0,0,0
"gab",1844,0,0,0
"gab",1845,0,0,0
"gab",1846,0,0,0
"gab",1847,0,0,0
"gab",1848,0,0,0
"gab",1849,0,0,0
"gab",1850,0,0,0
"gab",1851,0,0,0
"gab",1852,0,0,0
"gab",1853,0,0,0
"gab",1854,0,0,0
"gab",1855,0,0,0
"gab",1856,0,0,0
"gab",1857,0,0,0
"gab",1858,0,0,0
"gab",1859,0,0,0
"gab",1860,0,0,0
"gab",1861,0,0,0
"gab",1862,0,0,0
"gab",1863,0,0,0
"gab",1864,0,0,0
"gab",1865,0,0,0
"gab",1866,0,0,0
"gab",1867,0,0,0
"gab",1868,0,0,0
"gab",1869,0,0,0
"gab",1870,0,0,0
"gab",1871,0,0,0
"gab",1872,0,0,0
"gab",1873,0,0,0
"gab",1874,0,0,0
"gab",1875,0,0,0
"gab",1876,0,0,0
"gab",1877,0,0,0
"gab",1878,0,0,0
"gab",1879,0,0,0
"gab",1880,0,0,0
"gab",1881,0,0,0
"gab",1882,0,0,0
"gab",1883,0,0,0
"gab",1884,0,0,0
"gab",1885,0,0,0
"gab",1886,0,0,0
"gab",1887,0,0,0
"gab",1888,0,0,0
"gab",1889,0,0,0
"gab",1890,0,0,0
"gab",1891,0,0,0
"gab",1892,0,0,0
"gab",1893,0,0,0
"gab",1894,0,0,0
"gab",1895,0,0,0
"gab",1896,0,0,0
"gab",1897,0,0,0
"gab",1898,0,0,0
"gab",1899,0,0,0
"gab",1900,0,0,0
"gab",1901,0,0,0
"gab",1902,0,0,0
"gab",1903,0,0,0
"gab",1904,0,0,0
"gab",1905,0,0,0
"gab",1906,0,0,0
"gab",1907,0,0,0
"gab",1908,0,0,0
"gab",1909,0,0,0
"gab",1910,0,0,0
"gab",1911,0,0,0
"gab",1912,0,0,0
"gab",1913,0,0,0
"gab",1914,0,0,0
"gab",1915,0,0,0
"gab",1916,0,0,0
"gab",1917,0,0,0
"gab",1918,0,0,0
"gab",1919,0,0,0
"gab",1920,0,0,0
"gab",1921,0,0,0
"gab",1922,0,0,0
"gab",1923,0,0,0
"gab",1924,0,0,0
"gab",1925,0,0,0
"gab",1926,0,0,0
"gab",1927,0,0,0
"gab",1928,0,0,0
"gab",1929,0,0,0
"gab",1930,0,0,0
"gab",1931,0,0,0
"gab",1932,0,0,0
"gab",1933,0,0,0
"gab",1934,0,0,0
"gab",1935,0,0,0
"gab",1936,0,0,0
"gab",1937,0,0,0
"gab",1938,0,0,0
"gab",1939,0,0,0
"gab",1940,0,0,0
"gab",1941,0,0,0
"gab",1942,0,0,0
"gab",1943,0,0,0
"gab",1944,0,0,0
"gab",1945,0,0,0
"gab",1946,0,0,0
"gab",1947,0,0,0
"gab",1948,0,0,0
"gab",1949,0,0,0
"gab",1950,0,0,0
"gab",1951,0,0,0
"gab",1952,0,0,0
"gab",1953,0,0,0
"gab",1954,0,0,0
"gab",1955,0,0,0
"gab",1956,0,0,0
"gab",1957,0,0,0
"gab",1958,0,0,0
"gab",1959,0,0,0
"gab",1960,0,0,0
"gab",1961,0,0,0
"gab",1962,0,0,0
"gab",1963,0,0,0
"gab",1964,0,2,4
"gab",1965,0,0,0
"gab",1966,0,0,0
"gab",1967,0,0,0
"gab",1968,0,0,0
"gab",1969,0,0,0
"gab",1970,0,0,0
"gab",1971,0,0,0
"gab",1972,0,0,3
"gab",1973,0,0,0
"gab",1974,0,0,0
"gab",1975,0,0,0
"gab",1976,0,0,1
"gab",1977,0,0,0
"gab",1978,0,0,0
"gab",1979,0,0,0
"gab",1980,0,0,0
"gab",1981,0,0,0
"gab",1982,0,0,0
"gab",1983,0,0,0
"gab",1984,0,0,0
"gab",1985,0,0,0
"gab",1986,0,0,0
"gab",1987,0,0,0
"gab",1988,0,0,0
"gab",1989,0,0,0
"gab",1990,0,0,0
"gab",1991,0,0,0
"gab",1992,0,0,0
"gab",1993,0,0,0
"gab",1994,0,0,0
"gab",1995,0,0,0
"gab",1996,0,0,0
"gab",1997,0,0,0
"gab",1998,0,0,0
"gab",1999,0,0,0
"gab",2000,0,0,0
"gab",2001,0,0,0
"gab",2002,0,0,0
"gab",2003,0,0,0
"gab",2004,0,0,0
"gab",2005,0,0,0
"gab",2006,0,0,0
"gab",2007,0,0,0
"gab",2008,0,0,0
"gab",2009,0,0,0
"gab",2010,0,0,0
"gab",2011,0,0,0
"gab",2012,0,0,0
"gab",2013,0,0,0
"gab",2014,0,0,0
"gam",1816,0,0,0
"gam",1817,0,0,0
"gam",1818,0,0,0
"gam",1819,0,0,0
"gam",1820,0,0,0
"gam",1821,0,0,0
"gam",1822,0,0,0
"gam",1823,0,0,0
"gam",1824,0,0,0
"gam",1825,0,0,0
"gam",1826,0,0,0
"gam",1827,0,0,0
"gam",1828,0,0,0
"gam",1829,0,0,0
"gam",1830,0,0,0
"gam",1831,0,0,0
"gam",1832,0,0,0
"gam",1833,0,0,0
"gam",1834,0,0,0
"gam",1835,0,0,0
"gam",1836,0,0,0
"gam",1837,0,0,0
"gam",1838,0,0,0
"gam",1839,0,0,0
"gam",1840,0,0,0
"gam",1841,0,0,0
"gam",1842,0,0,0
"gam",1843,0,0,0
"gam",1844,0,0,0
"gam",1845,0,0,0
"gam",1846,0,0,0
"gam",1847,0,0,0
"gam",1848,0,0,0
"gam",1849,0,0,0
"gam",1850,0,0,0
"gam",1851,0,0,0
"gam",1852,0,0,0
"gam",1853,0,0,0
"gam",1854,0,0,0
"gam",1855,0,0,0
"gam",1856,0,0,0
"gam",1857,0,0,0
"gam",1858,0,0,0
"gam",1859,0,0,0
"gam",1860,0,0,0
"gam",1861,0,0,0
"gam",1862,0,0,0
"gam",1863,0,0,0
"gam",1864,0,0,0
"gam",1865,0,0,0
"gam",1866,0,0,0
"gam",1867,0,0,0
"gam",1868,0,0,0
"gam",1869,0,0,0
"gam",1870,0,0,0
"gam",1871,0,0,0
"gam",1872,0,0,0
"gam",1873,0,0,0
"gam",1874,0,0,0
"gam",1875,0,0,0
"gam",1876,0,0,0
"gam",1877,0,0,0
"gam",1878,0,0,0
"gam",1879,0,0,0
"gam",1880,0,0,0
"gam",1881,0,0,0
"gam",1882,0,0,0
"gam",1883,0,0,0
"gam",1884,0,0,0
"gam",1885,0,0,0
"gam",1886,0,0,0
"gam",1887,0,0,0
"gam",1888,0,0,0
"gam",1889,0,0,0
"gam",1890,0,0,0
"gam",1891,0,0,0
"gam",1892,0,0,0
"gam",1893,0,0,0
"gam",1894,0,0,0
"gam",1895,0,0,0
"gam",1896,0,0,0
"gam",1897,0,0,0
"gam",1898,0,0,0
"gam",1899,0,0,0
"gam",1900,0,0,0
"gam",1901,0,0,0
"gam",1902,0,0,0
"gam",1903,0,0,0
"gam",1904,0,0,0
"gam",1905,0,0,0
"gam",1906,0,0,0
"gam",1907,0,0,0
"gam",1908,0,0,0
"gam",1909,0,0,0
"gam",1910,0,0,0
"gam",1911,0,0,0
"gam",1912,0,0,0
"gam",1913,0,0,0
"gam",1914,0,0,0
"gam",1915,0,0,0
"gam",1916,0,0,0
"gam",1917,0,0,0
"gam",1918,0,0,0
"gam",1919,0,0,0
"gam",1920,0,0,0
"gam",1921,0,0,0
"gam",1922,0,0,0
"gam",1923,0,0,0
"gam",1924,0,0,0
"gam",1925,0,0,0
"gam",1926,0,0,0
"gam",1927,0,0,0
"gam",1928,0,0,0
"gam",1929,0,0,0
"gam",1930,0,0,0
"gam",1931,0,0,0
"gam",1932,0,0,0
"gam",1933,0,0,0
"gam",1934,0,0,0
"gam",1935,0,0,0
"gam",1936,0,0,0
"gam",1937,0,0,0
"gam",1938,0,0,0
"gam",1939,0,0,0
"gam",1940,0,0,0
"gam",1941,0,0,0
"gam",1942,0,0,0
"gam",1943,0,0,0
"gam",1944,0,0,0
"gam",1945,0,0,0
"gam",1946,0,0,0
"gam",1947,0,0,0
"gam",1948,0,0,0
"gam",1949,0,0,0
"gam",1950,0,0,0
"gam",1951,0,0,0
"gam",1952,0,0,0
"gam",1953,0,0,0
"gam",1954,0,0,0
"gam",1955,0,0,0
"gam",1956,0,0,0
"gam",1957,0,0,0
"gam",1958,0,0,0
"gam",1959,0,0,0
"gam",1960,0,0,0
"gam",1961,0,0,0
"gam",1962,0,0,0
"gam",1963,0,0,0
"gam",1964,0,0,0
"gam",1965,0,0,0
"gam",1966,0,0,0
"gam",1967,0,0,0
"gam",1968,0,0,0
"gam",1969,0,0,0
"gam",1970,0,0,0
"gam",1971,0,0,4
"gam",1972,0,0,0
"gam",1973,0,0,0
"gam",1974,0,0,1
"gam",1975,0,0,0
"gam",1976,0,0,0
"gam",1977,0,0,0
"gam",1978,0,0,0
"gam",1979,0,0,0
"gam",1980,0,0,0
"gam",1981,0,0,0
"gam",1982,0,0,0
"gam",1983,0,0,0
"gam",1984,0,0,0
"gam",1985,0,0,0
"gam",1986,0,0,0
"gam",1987,0,0,0
"gam",1988,0,0,0
"gam",1989,0,0,0
"gam",1990,0,0,0
"gam",1991,0,0,0
"gam",1992,0,0,0
"gam",1993,0,0,0
"gam",1994,0,0,0
"gam",1995,0,0,0
"gam",1996,0,0,0
"gam",1997,0,0,0
"gam",1998,0,0,0
"gam",1999,0,0,0
"gam",2000,0,0,0
"gam",2001,0,0,0
"gam",2002,0,0,1
"gam",2003,0,0,0
"gam",2004,0,0,0
"gam",2005,0,0,0
"gam",2006,0,0,0
"gam",2007,0,0,0
"gam",2008,0,0,0
"gam",2009,0,0,0
"gam",2010,0,0,0
"gam",2011,0,0,0
"gam",2012,0,0,0
"gam",2013,0,0,0
"gam",2014,0,0,0
"gdr",1816,0,0,0
"gdr",1817,0,0,0
"gdr",1818,0,0,0
"gdr",1819,0,0,0
"gdr",1820,0,0,0
"gdr",1821,0,0,0
"gdr",1822,0,0,0
"gdr",1823,0,0,0
"gdr",1824,0,0,0
"gdr",1825,0,0,0
"gdr",1826,0,0,0
"gdr",1827,0,0,0
"gdr",1828,0,0,0
"gdr",1829,0,0,0
"gdr",1830,0,0,0
"gdr",1831,0,0,0
"gdr",1832,0,0,0
"gdr",1833,0,0,0
"gdr",1834,0,0,0
"gdr",1835,0,0,0
"gdr",1836,0,0,0
"gdr",1837,0,0,0
"gdr",1838,0,0,0
"gdr",1839,0,0,0
"gdr",1840,0,0,0
"gdr",1841,0,0,0
"gdr",1842,0,0,0
"gdr",1843,0,0,0
"gdr",1844,0,0,0
"gdr",1845,0,0,0
"gdr",1846,0,0,0
"gdr",1847,0,0,0
"gdr",1848,0,0,0
"gdr",1849,0,0,0
"gdr",1850,0,0,0
"gdr",1851,0,0,0
"gdr",1852,0,0,0
"gdr",1853,0,0,0
"gdr",1854,0,0,0
"gdr",1855,0,0,0
"gdr",1856,0,0,0
"gdr",1857,0,0,0
"gdr",1858,0,0,0
"gdr",1859,0,0,0
"gdr",1860,0,0,0
"gdr",1861,0,0,0
"gdr",1862,0,0,0
"gdr",1863,0,0,0
"gdr",1864,0,0,0
"gdr",1865,0,0,0
"gdr",1866,0,0,0
"gdr",1867,0,0,0
"gdr",1868,0,0,0
"gdr",1869,0,0,0
"gdr",1870,0,0,0
"gdr",1871,0,0,0
"gdr",1872,0,0,0
"gdr",1873,0,0,0
"gdr",1874,0,0,0
"gdr",1875,0,0,0
"gdr",1876,0,0,0
"gdr",1877,0,0,0
"gdr",1878,0,0,0
"gdr",1879,0,0,0
"gdr",1880,0,0,0
"gdr",1881,0,0,0
"gdr",1882,0,0,0
"gdr",1883,0,0,0
"gdr",1884,0,0,0
"gdr",1885,0,0,0
"gdr",1886,0,0,0
"gdr",1887,0,0,0
"gdr",1888,0,0,0
"gdr",1889,0,0,0
"gdr",1890,0,0,0
"gdr",1891,0,0,0
"gdr",1892,0,0,0
"gdr",1893,0,0,0
"gdr",1894,0,0,0
"gdr",1895,0,0,0
"gdr",1896,0,0,0
"gdr",1897,0,0,0
"gdr",1898,0,0,0
"gdr",1899,0,0,0
"gdr",1900,0,0,0
"gdr",1901,0,0,0
"gdr",1902,0,0,0
"gdr",1903,0,0,0
"gdr",1904,0,0,0
"gdr",1905,0,0,0
"gdr",1906,0,0,0
"gdr",1907,0,0,0
"gdr",1908,0,0,0
"gdr",1909,0,0,0
"gdr",1910,0,0,0
"gdr",1911,0,0,0
"gdr",1912,0,0,0
"gdr",1913,0,0,0
"gdr",1914,0,0,0
"gdr",1915,0,0,0
"gdr",1916,0,0,0
"gdr",1917,0,0,0
"gdr",1918,0,0,0
"gdr",1919,0,0,0
"gdr",1920,0,0,0
"gdr",1921,0,0,0
"gdr",1922,0,0,0
"gdr",1923,0,0,0
"gdr",1924,0,0,0
"gdr",1925,0,0,0
"gdr",1926,0,0,0
"gdr",1927,0,0,0
"gdr",1928,0,0,0
"gdr",1929,0,0,0
"gdr",1930,0,0,0
"gdr",1931,0,0,0
"gdr",1932,0,0,0
"gdr",1933,0,0,0
"gdr",1934,0,0,0
"gdr",1935,0,0,0
"gdr",1936,0,0,0
"gdr",1937,0,0,0
"gdr",1938,0,0,0
"gdr",1939,0,0,0
"gdr",1940,0,0,0
"gdr",1941,0,0,0
"gdr",1942,0,0,0
"gdr",1943,0,0,0
"gdr",1944,0,0,0
"gdr",1945,0,0,0
"gdr",1946,0,0,0
"gdr",1947,0,0,0
"gdr",1948,0,0,0
"gdr",1949,0,0,0
"gdr",1950,0,0,0
"gdr",1951,0,0,0
"gdr",1952,0,0,0
"gdr",1953,0,0,0
"gdr",1954,0,0,0
"gdr",1955,0,0,0
"gdr",1956,0,0,0
"gdr",1957,0,0,0
"gdr",1958,1,0,4
"gdr",1959,0,0,0
"gdr",1960,0,0,0
"gdr",1961,1,0.5,4
"gdr",1962,1,1,4
"gdr",1963,0,0,0
"gdr",1964,0,0,0
"gdr",1965,0,0,0
"gdr",1966,0,0,0
"gdr",1967,1,0,4
"gdr",1968,1,0,4
"gdr",1969,0,0,0
"gdr",1970,0,0,0
"gdr",1971,0,0,4
"gdr",1972,0,0,0
"gdr",1973,0,0,0
"gdr",1974,0,0,0
"gdr",1975,0,0,0
"gdr",1976,0,0,0
"gdr",1977,0,0,0
"gdr",1978,0,0,0
"gdr",1979,0,0,0
"gdr",1980,0,0,0
"gdr",1981,0,0,0
"gdr",1982,0,0,0
"gdr",1983,0,0,0
"gdr",1984,0,0,0
"gdr",1985,0,0,1
"gdr",1986,0,0,0
"gdr",1987,0,0,0
"gdr",1988,0,0,0
"gdr",1989,0,0,0
"gdr",1990,0,0,0
"gdr",1991,0,0,0
"gdr",1992,0,0,0
"gdr",1993,0,0,0
"gdr",1994,0,0,0
"gdr",1995,0,0,0
"gdr",1996,0,0,0
"gdr",1997,0,0,0
"gdr",1998,0,0,0
"gdr",1999,0,0,0
"gdr",2000,0,0,0
"gdr",2001,0,0,0
"gdr",2002,0,0,0
"gdr",2003,0,0,0
"gdr",2004,0,0,0
"gdr",2005,0,0,0
"gdr",2006,0,0,0
"gdr",2007,0,0,0
"gdr",2008,0,0,0
"gdr",2009,0,0,0
"gdr",2010,0,0,0
"gdr",2011,0,0,0
"gdr",2012,0,0,0
"gdr",2013,0,0,0
"gdr",2014,0,0,0
"gfr",1816,0,0,0
"gfr",1817,0,0,0
"gfr",1818,0,0,0
"gfr",1819,0,0,0
"gfr",1820,0,0,0
"gfr",1821,0,0,0
"gfr",1822,0,0,0
"gfr",1823,0,0,0
"gfr",1824,0,0,0
"gfr",1825,0,0,0
"gfr",1826,0,0,0
"gfr",1827,0,0,0
"gfr",1828,0,0,0
"gfr",1829,0,0,0
"gfr",1830,0,0,0
"gfr",1831,0,0,0
"gfr",1832,0,0,0
"gfr",1833,0,0,0
"gfr",1834,0,0,0
"gfr",1835,0,0,0
"gfr",1836,0,0,0
"gfr",1837,0,0,0
"gfr",1838,0,0,0
"gfr",1839,0,0,0
"gfr",1840,0,0,0
"gfr",1841,0,0,0
"gfr",1842,0,0,0
"gfr",1843,0,0,0
"gfr",1844,0,0,0
"gfr",1845,0,0,0
"gfr",1846,0,0,0
"gfr",1847,0,0,0
"gfr",1848,0,0,0
"gfr",1849,0,0,0
"gfr",1850,0,0,0
"gfr",1851,0,0,0
"gfr",1852,0,0,0
"gfr",1853,0,0,0
"gfr",1854,0,0,0
"gfr",1855,0,0,0
"gfr",1856,0,0,0
"gfr",1857,0,0,0
"gfr",1858,0,0,0
"gfr",1859,0,0,0
"gfr",1860,0,0,0
"gfr",1861,0,0,0
"gfr",1862,0,0,0
"gfr",1863,0,0,0
"gfr",1864,0,0,0
"gfr",1865,0,0,0
"gfr",1866,0,0,0
"gfr",1867,0,0,0
"gfr",1868,0,0,0
"gfr",1869,0,0,0
"gfr",1870,0,0,0
"gfr",1871,0,0,0
"gfr",1872,0,0,0
"gfr",1873,0,0,0
"gfr",1874,0,0,0
"gfr",1875,0,0,0
"gfr",1876,0,0,0
"gfr",1877,0,0,0
"gfr",1878,0,0,0
"gfr",1879,0,0,0
"gfr",1880,0,0,0
"gfr",1881,0,0,0
"gfr",1882,0,0,0
"gfr",1883,0,0,0
"gfr",1884,0,0,0
"gfr",1885,0,0,0
"gfr",1886,0,0,0
"gfr",1887,0,0,0
"gfr",1888,0,0,0
"gfr",1889,0,0,0
"gfr",1890,0,0,0
"gfr",1891,0,0,0
"gfr",1892,0,0,0
"gfr",1893,0,0,0
"gfr",1894,0,0,0
"gfr",1895,0,0,0
"gfr",1896,0,0,0
"gfr",1897,0,0,0
"gfr",1898,0,0,0
"gfr",1899,0,0,0
"gfr",1900,0,0,0
"gfr",1901,0,0,0
"gfr",1902,0,0,0
"gfr",1903,0,0,0
"gfr",1904,0,0,0
"gfr",1905,0,0,0
"gfr",1906,0,0,0
"gfr",1907,0,0,0
"gfr",1908,0,0,0
"gfr",1909,0,0,0
"gfr",1910,0,0,0
"gfr",1911,0,0,0
"gfr",1912,0,0,0
"gfr",1913,0,0,0
"gfr",1914,0,0,0
"gfr",1915,0,0,0
"gfr",1916,0,0,0
"gfr",1917,0,0,0
"gfr",1918,0,0,0
"gfr",1919,0,0,0
"gfr",1920,0,0,0
"gfr",1921,0,0,0
"gfr",1922,0,0,0
"gfr",1923,0,0,0
"gfr",1924,0,0,0
"gfr",1925,0,0,0
"gfr",1926,0,0,0
"gfr",1927,0,0,0
"gfr",1928,0,0,0
"gfr",1929,0,0,0
"gfr",1930,0,0,0
"gfr",1931,0,0,0
"gfr",1932,0,0,0
"gfr",1933,0,0,0
"gfr",1934,0,0,0
"gfr",1935,0,0,0
"gfr",1936,0,0,0
"gfr",1937,0,0,0
"gfr",1938,0,0,0
"gfr",1939,0,0,0
"gfr",1940,0,0,0
"gfr",1941,0,0,0
"gfr",1942,0,0,0
"gfr",1943,0,0,0
"gfr",1944,0,0,0
"gfr",1945,0,0,0
"gfr",1946,0,0,0
"gfr",1947,0,0,0
"gfr",1948,0,0,0
"gfr",1949,0,0,0
"gfr",1950,0,0,0
"gfr",1951,0,0,0
"gfr",1952,0,0,0
"gfr",1953,0,0,0
"gfr",1954,0,0,0
"gfr",1955,0,0,0
"gfr",1956,0,0,1
"gfr",1957,0,0,0
"gfr",1958,0,0,0
"gfr",1959,0,0,0
"gfr",1960,0,0,0
"gfr",1961,0,0.5,4
"gfr",1962,0,1,4
"gfr",1963,0,0,1
"gfr",1964,0,0,1
"gfr",1965,0,0,0
"gfr",1966,0,0,0
"gfr",1967,0,0,1
"gfr",1968,0,0,0
"gfr",1969,0,0,0
"gfr",1970,0,0,0
"gfr",1971,0,0,3
"gfr",1972,0,0,0
"gfr",1973,0,0,0
"gfr",1974,0,0,1
"gfr",1975,0,0,0
"gfr",1976,0,0,0
"gfr",1977,0,0,0
"gfr",1978,0,0,0
"gfr",1979,0,0,0
"gfr",1980,0,0,3
"gfr",1981,0,0,0
"gfr",1982,0,0,0
"gfr",1983,0,0,0
"gfr",1984,0,0,2
"gfr",1985,0,0,1
"gfr",1986,0,1,1
"gfr",1987,0,0,1
"gfr",1988,0,0,1
"gfr",1989,0,0,0
"gfr",1990,0,0,0
"gfr",1991,0,0,0
"gfr",1992,0,0,0
"gfr",1993,0,0,0
"gfr",1994,0,0,0
"gfr",1995,0,0,0
"gfr",1996,0,0,0
"gfr",1997,0,0,0
"gfr",1998,0,0,0
"gfr",1999,0,0,0
"gfr",2000,0,0,0
"gfr",2001,0,0,0
"gfr",2002,0,0,0
"gfr",2003,0,0,0
"gfr",2004,0,0,0
"gfr",2005,0,0,0
"gfr",2006,0,0,0
"gfr",2007,0,0,0
"gfr",2008,0,0,0
"gfr",2009,0,0,0
"gfr",2010,0,0,0
"gfr",2011,0,0,0
"gfr",2012,0,0,0
"gfr",2013,0,0,0
"gfr",2014,0,0,0
"gha",1816,0,0,0
"gha",1817,0,0,0
"gha",1818,0,0,0
"gha",1819,0,0,0
"gha",1820,0,0,0
"gha",1821,0,0,0
"gha",1822,0,0,0
"gha",1823,0,0,0
"gha",1824,0,0,0
"gha",1825,0,0,0
"gha",1826,0,0,0
"gha",1827,0,0,0
"gha",1828,0,0,0
"gha",1829,0,0,0
"gha",1830,0,0,0
"gha",1831,0,0,0
"gha",1832,0,0,0
"gha",1833,0,0,0
"gha",1834,0,0,0
"gha",1835,0,0,0
"gha",1836,0,0,0
"gha",1837,0,0,0
"gha",1838,0,0,0
"gha",1839,0,0,0
"gha",1840,0,0,0
"gha",1841,0,0,0
"gha",1842,0,0,0
"gha",1843,0,0,0
"gha",1844,0,0,0
"gha",1845,0,0,0
"gha",1846,0,0,0
"gha",1847,0,0,0
"gha",1848,0,0,0
"gha",1849,0,0,0
"gha",1850,0,0,0
"gha",1851,0,0,0
"gha",1852,0,0,0
"gha",1853,0,0,0
"gha",1854,0,0,0
"gha",1855,0,0,0
"gha",1856,0,0,0
"gha",1857,0,0,0
"gha",1858,0,0,0
"gha",1859,0,0,0
"gha",1860,0,0,0
"gha",1861,0,0,0
"gha",1862,0,0,0
"gha",1863,0,0,0
"gha",1864,0,0,0
"gha",1865,0,0,0
"gha",1866,0,0,0
"gha",1867,0,0,0
"gha",1868,0,0,0
"gha",1869,0,0,0
"gha",1870,0,0,0
"gha",1871,0,0,0
"gha",1872,0,0,0
"gha",1873,0,0,0
"gha",1874,0,0,0
"gha",1875,0,0,0
"gha",1876,0,0,0
"gha",1877,0,0,0
"gha",1878,0,0,0
"gha",1879,0,0,0
"gha",1880,0,0,0
"gha",1881,0,0,0
"gha",1882,0,0,0
"gha",1883,0,0,0
"gha",1884,0,0,0
"gha",1885,0,0,0
"gha",1886,0,0,0
"gha",1887,0,0,0
"gha",1888,0,0,0
"gha",1889,0,0,0
"gha",1890,0,0,0
"gha",1891,0,0,0
"gha",1892,0,0,0
"gha",1893,0,0,0
"gha",1894,0,0,0
"gha",1895,0,0,0
"gha",1896,0,0,0
"gha",1897,0,0,0
"gha",1898,0,0,0
"gha",1899,0,0,0
"gha",1900,0,0,0
"gha",1901,0,0,0
"gha",1902,0,0,0
"gha",1903,0,0,0
"gha",1904,0,0,0
"gha",1905,0,0,0
"gha",1906,0,0,0
"gha",1907,0,0,0
"gha",1908,0,0,0
"gha",1909,0,0,0
"gha",1910,0,0,0
"gha",1911,0,0,0
"gha",1912,0,0,0
"gha",1913,0,0,0
"gha",1914,0,0,0
"gha",1915,0,0,0
"gha",1916,0,0,0
"gha",1917,0,0,0
"gha",1918,0,0,0
"gha",1919,0,0,0
"gha",1920,0,0,0
"gha",1921,0,0,0
"gha",1922,0,0,0
"gha",1923,0,0,0
"gha",1924,0,0,0
"gha",1925,0,0,0
"gha",1926,0,0,0
"gha",1927,0,0,0
"gha",1928,0,0,0
"gha",1929,0,0,0
"gha",1930,0,0,0
"gha",1931,0,0,0
"gha",1932,0,0,0
"gha",1933,0,0,0
"gha",1934,0,0,0
"gha",1935,0,0,0
"gha",1936,0,0,0
"gha",1937,0,0,0
"gha",1938,0,0,0
"gha",1939,0,0,0
"gha",1940,0,0,0
"gha",1941,0,0,0
"gha",1942,0,0,0
"gha",1943,0,0,0
"gha",1944,0,0,0
"gha",1945,0,0,0
"gha",1946,0,0,0
"gha",1947,0,0,0
"gha",1948,0,0,0
"gha",1949,0,0,0
"gha",1950,0,0,0
"gha",1951,0,0,0
"gha",1952,0,0,0
"gha",1953,0,0,0
"gha",1954,0,0,0
"gha",1955,0,0,0
"gha",1956,0,0,0
"gha",1957,0,0,0
"gha",1958,0,0,0
"gha",1959,0,0,0
"gha",1960,0,0,1
"gha",1961,0,0,0
"gha",1962,1,0,3
"gha",1963,0,0,0
"gha",1964,0,0,0
"gha",1965,1,0,4
"gha",1966,0.5,0,2.5
"gha",1967,0,0,0
"gha",1968,1,0,4
"gha",1969,1,0,4
"gha",1970,0,0,0
"gha",1971,0,0,0
"gha",1972,0,0,0
"gha",1973,0,0,0
"gha",1974,0,0,0
"gha",1975,0,0,0
"gha",1976,0,0,0
"gha",1977,0,0,0
"gha",1978,0,0,0
"gha",1979,0,0,0
"gha",1980,0,0,0
"gha",1981,0,0,0
"gha",1982,0,0,0
"gha",1983,0,0,0
"gha",1984,0,0,0
"gha",1985,0,0,0
"gha",1986,0,0,0
"gha",1987,0,0,0
"gha",1988,0,0,0
"gha",1989,0,0,0
"gha",1990,0,0,0
"gha",1991,0,0,0
"gha",1992,0,0,0
"gha",1993,1,0,3
"gha",1994,0,0,1
"gha",1995,0,0,0
"gha",1996,0,0,0
"gha",1997,1,0,4
"gha",1998,1,0,4
"gha",1999,0,0,0
"gha",2000,0,0,0
"gha",2001,0,0,0
"gha",2002,0,0,0
"gha",2003,0,0,0
"gha",2004,0,0,0
"gha",2005,0,0,1
"gha",2006,0,0,0
"gha",2007,0,0,0
"gha",2008,0,0,0
"gha",2009,0,0,0
"gha",2010,0,0,0
"gha",2011,0,0,0
"gha",2012,1,0,4
"gha",2013,0,0,0
"gha",2014,0,0,0
"gmy",1816,0,0,0
"gmy",1817,0,0,0
"gmy",1818,0,0,0
"gmy",1819,0,0,0
"gmy",1820,0,0,0
"gmy",1821,0,0,0
"gmy",1822,0,0,0
"gmy",1823,0,0,2
"gmy",1824,0,0,0
"gmy",1825,0,0,0
"gmy",1826,0,0,0
"gmy",1827,0,0,0
"gmy",1828,0,0,0
"gmy",1829,0,0,0
"gmy",1830,1,0,3
"gmy",1831,0,0,0
"gmy",1832,1,0,3
"gmy",1833,1,0,3
"gmy",1834,0,0,0
"gmy",1835,0,0,0
"gmy",1836,0,0,0
"gmy",1837,0,0,0
"gmy",1838,0,0,0
"gmy",1839,0,0,0
"gmy",1840,0,0,1
"gmy",1841,0,0,0
"gmy",1842,0,0,0
"gmy",1843,0,0,0
"gmy",1844,0,0,0
"gmy",1845,0,0,0
"gmy",1846,0,0,0
"gmy",1847,0,0,0
"gmy",1848,1,6,5
"gmy",1849,1,6,5
"gmy",1850,0,0,0
"gmy",1851,0,0,0
"gmy",1852,0,0,0
"gmy",1853,0,0,0
"gmy",1854,0,0,0
"gmy",1855,0,0,0
"gmy",1856,1,0,3
"gmy",1857,1,0,3
"gmy",1858,0,0,0
"gmy",1859,0,0,3
"gmy",1860,0,0,0
"gmy",1861,0,0,0
"gmy",1862,0,0,0
"gmy",1863,1,6,5
"gmy",1864,1,2,3.66666666666667
"gmy",1865,1,6,5
"gmy",1866,0.5,3,3.5
"gmy",1867,0,0,0
"gmy",1868,0,0,0
"gmy",1869,0,0,0
"gmy",1870,1,6,5
"gmy",1871,0.333333333333333,2,2.66666666666667
"gmy",1872,0,0,4
"gmy",1873,0,0,0
"gmy",1874,0,0,0
"gmy",1875,0,0,0
"gmy",1876,1,0,2
"gmy",1877,0,0,0
"gmy",1878,0,0,0
"gmy",1879,0,0,0
"gmy",1880,1,0,3
"gmy",1881,0,0,0
"gmy",1882,0,0,0
"gmy",1883,0,0,0
"gmy",1884,0,0,0
"gmy",1885,0,0,2
"gmy",1886,1,0,4
"gmy",1887,1,0,3
"gmy",1888,1,0,4
"gmy",1889,1,0,4
"gmy",1890,0,0,0
"gmy",1891,0,0,0
"gmy",1892,0,0,0
"gmy",1893,0,0,0
"gmy",1894,0,0,0
"gmy",1895,1,0,2
"gmy",1896,0.5,0,3
"gmy",1897,1,0,4
"gmy",1898,1,0,4
"gmy",1899,0,0,1
"gmy",1900,0,1,2.5
"gmy",1901,0,0,0
"gmy",1902,1,0,4
"gmy",1903,1,0,4
"gmy",1904,0,0,0
"gmy",1905,0,0,0
"gmy",1906,0,0,0
"gmy",1907,0,0,0
"gmy",1908,0,0,0
"gmy",1909,1,0,3
"gmy",1910,1,0,3
"gmy",1911,0.666666666666667,0,3
"gmy",1912,0,0,0
"gmy",1913,0,0,3
"gmy",1914,0.428571428571429,1,3.42857142857143
"gmy",1915,0.6,0.7,3.9
"gmy",1916,0.555555555555556,0.666666666666667,3
"gmy",1917,0.583333333333333,0.5,2.91666666666667
"gmy",1918,0.4375,0.375,2.5625
"gmy",1919,0,0,1
"gmy",1920,0,0,3
"gmy",1921,0,0,1
"gmy",1922,0,0,1
"gmy",1923,0,0,1
"gmy",1924,0,0,0
"gmy",1925,0,0,0
"gmy",1926,0,0,2
"gmy",1927,0,0,0
"gmy",1928,0,0,0
"gmy",1929,0,0,0
"gmy",1930,0,0,0
"gmy",1931,0,0,0
"gmy",1932,0,0,0
"gmy",1933,0,0,0
"gmy",1934,0,0,1
"gmy",1935,0,0,0
"gmy",1936,0.666666666666667,1.66666666666667,2.66666666666667
"gmy",1937,1,4,4
"gmy",1938,1,1.33333333333333,4
"gmy",1939,0.625,0.625,3.375
"gmy",1940,0.714285714285714,0.333333333333333,3.66666666666667
"gmy",1941,0.411764705882353,0.411764705882353,2.35294117647059
"gmy",1942,0.45,0.3,2.4
"gmy",1943,0.384615384615385,0.461538461538462,2.15384615384615
"gmy",1944,0.222222222222222,0.666666666666667,2.11111111111111
"gmy",1945,0.125,0.75,1.5
"gmy",1946,0,0,0
"gmy",1947,0,0,0
"gmy",1948,0,0,0
"gmy",1949,0,0,0
"gmy",1950,0,0,0
"gmy",1951,0,0,0
"gmy",1952,0,0,0
"gmy",1953,0,0,0
"gmy",1954,0,0,0
"gmy",1955,0,0,0
"gmy",1956,0,0,0
"gmy",1957,0,0,0
"gmy",1958,0,0,0
"gmy",1959,0,0,0
"gmy",1960,0,0,0
"gmy",1961,0,0,0
"gmy",1962,0,0,0
"gmy",1963,0,0,0
"gmy",1964,0,0,0
"gmy",1965,0,0,0
"gmy",1966,0,0,0
"gmy",1967,0,0,0
"gmy",1968,0,0,0
"gmy",1969,0,0,0
"gmy",1970,0,0,0
"gmy",1971,0,0,0
"gmy",1972,0,0,0
"gmy",1973,0,0,0
"gmy",1974,0,0,0
"gmy",1975,0,0,0
"gmy",1976,0,0,0
"gmy",1977,0,0,0
"gmy",1978,0,0,0
"gmy",1979,0,0,0
"gmy",1980,0,0,0
"gmy",1981,0,0,0
"gmy",1982,0,0,0
"gmy",1983,0,0,0
"gmy",1984,0,0,0
"gmy",1985,0,0,0
"gmy",1986,0,0,0
"gmy",1987,0,0,0
"gmy",1988,0,0,0
"gmy",1989,0,0,0
"gmy",1990,0,0,0
"gmy",1991,0,0,3
"gmy",1992,1,0,4
"gmy",1993,1,0,4
"gmy",1994,1,0,4
"gmy",1995,1,0,4
"gmy",1996,1,0,4
"gmy",1997,0,0,0
"gmy",1998,1,0,4
"gmy",1999,0.333333333333333,0,2.66666666666667
"gmy",2000,0,0,1.5
"gmy",2001,1,0,3
"gmy",2002,0,0,0
"gmy",2003,0,0,0
"gmy",2004,0,0,0
"gmy",2005,0,0,0
"gmy",2006,0,0,0
"gmy",2007,0,0,0
"gmy",2008,0,0,0
"gmy",2009,0,0,0
"gmy",2010,0,0,0
"gmy",2011,1,0,2
"gmy",2012,1,0,3
"gmy",2013,0,0,0
"gmy",2014,1,0,3
"gnb",1816,0,0,0
"gnb",1817,0,0,0
"gnb",1818,0,0,0
"gnb",1819,0,0,0
"gnb",1820,0,0,0
"gnb",1821,0,0,0
"gnb",1822,0,0,0
"gnb",1823,0,0,0
"gnb",1824,0,0,0
"gnb",1825,0,0,0
"gnb",1826,0,0,0
"gnb",1827,0,0,0
"gnb",1828,0,0,0
"gnb",1829,0,0,0
"gnb",1830,0,0,0
"gnb",1831,0,0,0
"gnb",1832,0,0,0
"gnb",1833,0,0,0
"gnb",1834,0,0,0
"gnb",1835,0,0,0
"gnb",1836,0,0,0
"gnb",1837,0,0,0
"gnb",1838,0,0,0
"gnb",1839,0,0,0
"gnb",1840,0,0,0
"gnb",1841,0,0,0
"gnb",1842,0,0,0
"gnb",1843,0,0,0
"gnb",1844,0,0,0
"gnb",1845,0,0,0
"gnb",1846,0,0,0
"gnb",1847,0,0,0
"gnb",1848,0,0,0
"gnb",1849,0,0,0
"gnb",1850,0,0,0
"gnb",1851,0,0,0
"gnb",1852,0,0,0
"gnb",1853,0,0,0
"gnb",1854,0,0,0
"gnb",1855,0,0,0
"gnb",1856,0,0,0
"gnb",1857,0,0,0
"gnb",1858,0,0,0
"gnb",1859,0,0,0
"gnb",1860,0,0,0
"gnb",1861,0,0,0
"gnb",1862,0,0,0
"gnb",1863,0,0,0
"gnb",1864,0,0,0
"gnb",1865,0,0,0
"gnb",1866,0,0,0
"gnb",1867,0,0,0
"gnb",1868,0,0,0
"gnb",1869,0,0,0
"gnb",1870,0,0,0
"gnb",1871,0,0,0
"gnb",1872,0,0,0
"gnb",1873,0,0,0
"gnb",1874,0,0,0
"gnb",1875,0,0,0
"gnb",1876,0,0,0
"gnb",1877,0,0,0
"gnb",1878,0,0,0
"gnb",1879,0,0,0
"gnb",1880,0,0,0
"gnb",1881,0,0,0
"gnb",1882,0,0,0
"gnb",1883,0,0,0
"gnb",1884,0,0,0
"gnb",1885,0,0,0
"gnb",1886,0,0,0
"gnb",1887,0,0,0
"gnb",1888,0,0,0
"gnb",1889,0,0,0
"gnb",1890,0,0,0
"gnb",1891,0,0,0
"gnb",1892,0,0,0
"gnb",1893,0,0,0
"gnb",1894,0,0,0
"gnb",1895,0,0,0
"gnb",1896,0,0,0
"gnb",1897,0,0,0
"gnb",1898,0,0,0
"gnb",1899,0,0,0
"gnb",1900,0,0,0
"gnb",1901,0,0,0
"gnb",1902,0,0,0
"gnb",1903,0,0,0
"gnb",1904,0,0,0
"gnb",1905,0,0,0
"gnb",1906,0,0,0
"gnb",1907,0,0,0
"gnb",1908,0,0,0
"gnb",1909,0,0,0
"gnb",1910,0,0,0
"gnb",1911,0,0,0
"gnb",1912,0,0,0
"gnb",1913,0,0,0
"gnb",1914,0,0,0
"gnb",1915,0,0,0
"gnb",1916,0,0,0
"gnb",1917,0,0,0
"gnb",1918,0,0,0
"gnb",1919,0,0,0
"gnb",1920,0,0,0
"gnb",1921,0,0,0
"gnb",1922,0,0,0
"gnb",1923,0,0,0
"gnb",1924,0,0,0
"gnb",1925,0,0,0
"gnb",1926,0,0,0
"gnb",1927,0,0,0
"gnb",1928,0,0,0
"gnb",1929,0,0,0
"gnb",1930,0,0,0
"gnb",1931,0,0,0
"gnb",1932,0,0,0
"gnb",1933,0,0,0
"gnb",1934,0,0,0
"gnb",1935,0,0,0
"gnb",1936,0,0,0
"gnb",1937,0,0,0
"gnb",1938,0,0,0
"gnb",1939,0,0,0
"gnb",1940,0,0,0
"gnb",1941,0,0,0
"gnb",1942,0,0,0
"gnb",1943,0,0,0
"gnb",1944,0,0,0
"gnb",1945,0,0,0
"gnb",1946,0,0,0
"gnb",1947,0,0,0
"gnb",1948,0,0,0
"gnb",1949,0,0,0
"gnb",1950,0,0,0
"gnb",1951,0,0,0
"gnb",1952,0,0,0
"gnb",1953,0,0,0
"gnb",1954,0,0,0
"gnb",1955,0,0,0
"gnb",1956,0,0,0
"gnb",1957,0,0,0
"gnb",1958,0,0,0
"gnb",1959,0,0,0
"gnb",1960,0,0,0
"gnb",1961,0,0,0
"gnb",1962,0,0,0
"gnb",1963,0,0,0
"gnb",1964,0,0,0
"gnb",1965,0,0,0
"gnb",1966,0,0,0
"gnb",1967,0,0,0
"gnb",1968,0,0,0
"gnb",1969,0,0,0
"gnb",1970,0,0,0
"gnb",1971,0,0,0
"gnb",1972,0,0,0
"gnb",1973,0,0,0
"gnb",1974,0,0,0
"gnb",1975,0,0,0
"gnb",1976,0,0,0
"gnb",1977,0,0,0
"gnb",1978,0,0,0
"gnb",1979,0,0,0
"gnb",1980,0,0,0
"gnb",1981,0,0,0
"gnb",1982,0,0,0
"gnb",1983,0,0,0
"gnb",1984,0,0,0
"gnb",1985,0,0,0
"gnb",1986,0,0,0
"gnb",1987,0,0,0
"gnb",1988,0,0,0
"gnb",1989,0,0,0
"gnb",1990,0,1,4
"gnb",1991,0,0,0
"gnb",1992,0,0,1
"gnb",1993,0,0,0
"gnb",1994,0,0,0
"gnb",1995,0,0,0
"gnb",1996,0,0,0
"gnb",1997,0,0,0
"gnb",1998,0,0,0
"gnb",1999,0,0,0
"gnb",2000,0,0,0
"gnb",2001,0,0,0
"gnb",2002,0,0,0
"gnb",2003,0,0,0
"gnb",2004,0,0,0
"gnb",2005,0,0,0
"gnb",2006,0,0,0
"gnb",2007,0,0,0
"gnb",2008,0,0,0
"gnb",2009,0,0,0
"gnb",2010,0,0,0
"gnb",2011,0,0,0
"gnb",2012,0,0,0
"gnb",2013,0,0,0
"gnb",2014,0,0,1
"grc",1816,0,0,0
"grc",1817,0,0,0
"grc",1818,0,0,0
"grc",1819,0,0,0
"grc",1820,0,0,0
"grc",1821,0,0,0
"grc",1822,0,0,0
"grc",1823,0,0,0
"grc",1824,0,0,0
"grc",1825,0,0,0
"grc",1826,0,0,0
"grc",1827,0,0,0
"grc",1828,0,0,0
"grc",1829,0,0,0
"grc",1830,0,0,0
"grc",1831,0,0,0
"grc",1832,0,0,0
"grc",1833,0,0,0
"grc",1834,0,0,0
"grc",1835,0,0,0
"grc",1836,0,0,0
"grc",1837,0,0,0
"grc",1838,0,0,0
"grc",1839,0,0,0
"grc",1840,0,0,0
"grc",1841,0,0,0
"grc",1842,0,0,0
"grc",1843,0,0,0
"grc",1844,0,0,0
"grc",1845,0,0,0
"grc",1846,0,0,0
"grc",1847,0,0,0
"grc",1848,0,0,0
"grc",1849,0,0,0
"grc",1850,0,0,1
"grc",1851,0,0,0
"grc",1852,0,0,0
"grc",1853,0,0,0
"grc",1854,0,0,0
"grc",1855,0,0,0
"grc",1856,0,0,0
"grc",1857,0,0,0
"grc",1858,0,0,0
"grc",1859,0,0,0
"grc",1860,0,0,0
"grc",1861,0,0,0
"grc",1862,0,0,0
"grc",1863,0,0,0
"grc",1864,0,0,0
"grc",1865,0,0,0
"grc",1866,1,0,3
"grc",1867,0,0,0
"grc",1868,1,0,4
"grc",1869,1,0,4
"grc",1870,0,0,0
"grc",1871,0,0,0
"grc",1872,0,0,0
"grc",1873,0,0,0
"grc",1874,0,0,0
"grc",1875,0,0,0
"grc",1876,0,0,0
"grc",1877,1,0,3
"grc",1878,1,0,2.5
"grc",1879,0,0,0
"grc",1880,1,0,3
"grc",1881,1,0,3
"grc",1882,0,0,0
"grc",1883,0,0,0
"grc",1884,0,0,0
"grc",1885,0,0,0
"grc",1886,0,0,1
"grc",1887,0,0,0
"grc",1888,1,0,3
"grc",1889,0,0,0
"grc",1890,0,0,0
"grc",1891,0,0,0
"grc",1892,0,0,0
"grc",1893,0,0,0
"grc",1894,0,0,0
"grc",1895,0,0,0
"grc",1896,0.5,2.5,3
"grc",1897,1,5,5
"grc",1898,0,0,0
"grc",1899,0,0,0
"grc",1900,0,0,0
"grc",1901,0,0,0
"grc",1902,0,0,0
"grc",1903,0,0,0
"grc",1904,0,0,0
"grc",1905,0,0,0
"grc",1906,0,0,0
"grc",1907,0,0,0
"grc",1908,0,0,0
"grc",1909,1,0,1
"grc",1910,0,0,0
"grc",1911,0,0,0
"grc",1912,1,6,5
"grc",1913,1,6,5
"grc",1914,0,0,2.5
"grc",1915,0,0,0
"grc",1916,0,0.5,2.5
"grc",1917,0,3.5,4.5
"grc",1918,0,6,5
"grc",1919,1,6,5
"grc",1920,1,6,5
"grc",1921,1,6,5
"grc",1922,0.5,3,3
"grc",1923,0,0,1
"grc",1924,0,0,0
"grc",1925,1,0,3
"grc",1926,0,0,0
"grc",1927,0,0,0
"grc",1928,0,0,4
"grc",1929,0,0,0
"grc",1930,0,0,0
"grc",1931,0,1,1
"grc",1932,0,0,0
"grc",1933,0,0,0
"grc",1934,0,0,0
"grc",1935,0,0,0
"grc",1936,0,0,0
"grc",1937,0,0,0
"grc",1938,0,0,0
"grc",1939,0,0,0
"grc",1940,0,3,3
"grc",1941,0,3,3
"grc",1942,0,0,0
"grc",1943,0,0,0
"grc",1944,0,0,0
"grc",1945,0,0,0
"grc",1946,0,0,0
"grc",1947,0,0,0
"grc",1948,0,1,4
"grc",1949,0,2,4
"grc",1950,0,0,3
"grc",1951,0,3,5
"grc",1952,0,2,4.5
"grc",1953,0,3,5
"grc",1954,0,0,0
"grc",1955,0,0,0
"grc",1956,0,0,0
"grc",1957,0,0,0
"grc",1958,0,0,0
"grc",1959,0,0,0
"grc",1960,0,0,0
"grc",1961,0,0,0
"grc",1962,0,0,0
"grc",1963,0,1,4
"grc",1964,0,1,4
"grc",1965,0,0,0
"grc",1966,0,0,0
"grc",1967,0,0,1
"grc",1968,0,0,0
"grc",1969,0,0,0
"grc",1970,0,0,0
"grc",1971,0,0,0
"grc",1972,0,0,0
"grc",1973,0,0,0
"grc",1974,0.666666666666667,0,3
"grc",1975,1,0,2
"grc",1976,1,0,3
"grc",1977,0,0,0
"grc",1978,1,0,1
"grc",1979,0,0,0
"grc",1980,0,0,0
"grc",1981,1,0,3
"grc",1982,0.666666666666667,0,2.33333333333333
"grc",1983,0.5,0,2
"grc",1984,0.5,0,2
"grc",1985,0,0,1
"grc",1986,0,0.5,2.5
"grc",1987,0,0.333333333333333,2
"grc",1988,0,0,1
"grc",1989,0,0,3
"grc",1990,0,0,3
"grc",1991,0,0,3
"grc",1992,1,0,4
"grc",1993,1,0,4
"grc",1994,0.666666666666667,0,4
"grc",1995,0.666666666666667,0,4
"grc",1996,1,0,3.66666666666667
"grc",1997,0.75,0,3
"grc",1998,1,0,3.33333333333333
"grc",1999,0.75,0,2.5
"grc",2000,0.4,0,2.4
"grc",2001,1,0,3
"grc",2002,0.333333333333333,0,1.66666666666667
"grc",2003,1,0,3
"grc",2004,1,0,3
"grc",2005,1,0,3
"grc",2006,1,0,3
"grc",2007,0,0,3
"grc",2008,0,0,0
"grc",2009,0,0,0
"grc",2010,0,0,1
"grc",2011,1,0,3.5
"grc",2012,1,0,2
"grc",2013,1,0,3
"grc",2014,1,0,3
"grg",1816,0,0,0
"grg",1817,0,0,0
"grg",1818,0,0,0
"grg",1819,0,0,0
"grg",1820,0,0,0
"grg",1821,0,0,0
"grg",1822,0,0,0
"grg",1823,0,0,0
"grg",1824,0,0,0
"grg",1825,0,0,0
"grg",1826,0,0,0
"grg",1827,0,0,0
"grg",1828,0,0,0
"grg",1829,0,0,0
"grg",1830,0,0,0
"grg",1831,0,0,0
"grg",1832,0,0,0
"grg",1833,0,0,0
"grg",1834,0,0,0
"grg",1835,0,0,0
"grg",1836,0,0,0
"grg",1837,0,0,0
"grg",1838,0,0,0
"grg",1839,0,0,0
"grg",1840,0,0,0
"grg",1841,0,0,0
"grg",1842,0,0,0
"grg",1843,0,0,0
"grg",1844,0,0,0
"grg",1845,0,0,0
"grg",1846,0,0,0
"grg",1847,0,0,0
"grg",1848,0,0,0
"grg",1849,0,0,0
"grg",1850,0,0,0
"grg",1851,0,0,0
"grg",1852,0,0,0
"grg",1853,0,0,0
"grg",1854,0,0,0
"grg",1855,0,0,0
"grg",1856,0,0,0
"grg",1857,0,0,0
"grg",1858,0,0,0
"grg",1859,0,0,0
"grg",1860,0,0,0
"grg",1861,0,0,0
"grg",1862,0,0,0
"grg",1863,0,0,0
"grg",1864,0,0,0
"grg",1865,0,0,0
"grg",1866,0,0,0
"grg",1867,0,0,0
"grg",1868,0,0,0
"grg",1869,0,0,0
"grg",1870,0,0,0
"grg",1871,0,0,0
"grg",1872,0,0,0
"grg",1873,0,0,0
"grg",1874,0,0,0
"grg",1875,0,0,0
"grg",1876,0,0,0
"grg",1877,0,0,0
"grg",1878,0,0,0
"grg",1879,0,0,0
"grg",1880,0,0,0
"grg",1881,0,0,0
"grg",1882,0,0,0
"grg",1883,0,0,0
"grg",1884,0,0,0
"grg",1885,0,0,0
"grg",1886,0,0,0
"grg",1887,0,0,0
"grg",1888,0,0,0
"grg",1889,0,0,0
"grg",1890,0,0,0
"grg",1891,0,0,0
"grg",1892,0,0,0
"grg",1893,0,0,0
"grg",1894,0,0,0
"grg",1895,0,0,0
"grg",1896,0,0,0
"grg",1897,0,0,0
"grg",1898,0,0,0
"grg",1899,0,0,0
"grg",1900,0,0,0
"grg",1901,0,0,0
"grg",1902,0,0,0
"grg",1903,0,0,0
"grg",1904,0,0,0
"grg",1905,0,0,0
"grg",1906,0,0,0
"grg",1907,0,0,0
"grg",1908,0,0,0
"grg",1909,0,0,0
"grg",1910,0,0,0
"grg",1911,0,0,0
"grg",1912,0,0,0
"grg",1913,0,0,0
"grg",1914,0,0,0
"grg",1915,0,0,0
"grg",1916,0,0,0
"grg",1917,0,0,0
"grg",1918,0,0,0
"grg",1919,0,0,0
"grg",1920,0,0,0
"grg",1921,0,0,0
"grg",1922,0,0,0
"grg",1923,0,0,0
"grg",1924,0,0,0
"grg",1925,0,0,0
"grg",1926,0,0,0
"grg",1927,0,0,0
"grg",1928,0,0,0
"grg",1929,0,0,0
"grg",1930,0,0,0
"grg",1931,0,0,0
"grg",1932,0,0,0
"grg",1933,0,0,0
"grg",1934,0,0,0
"grg",1935,0,0,0
"grg",1936,0,0,0
"grg",1937,0,0,0
"grg",1938,0,0,0
"grg",1939,0,0,0
"grg",1940,0,0,0
"grg",1941,0,0,0
"grg",1942,0,0,0
"grg",1943,0,0,0
"grg",1944,0,0,0
"grg",1945,0,0,0
"grg",1946,0,0,0
"grg",1947,0,0,0
"grg",1948,0,0,0
"grg",1949,0,0,0
"grg",1950,0,0,0
"grg",1951,0,0,0
"grg",1952,0,0,0
"grg",1953,0,0,0
"grg",1954,0,0,0
"grg",1955,0,0,0
"grg",1956,0,0,0
"grg",1957,0,0,0
"grg",1958,0,0,0
"grg",1959,0,0,0
"grg",1960,0,0,0
"grg",1961,0,0,0
"grg",1962,0,0,0
"grg",1963,0,0,0
"grg",1964,0,0,0
"grg",1965,0,0,0
"grg",1966,0,0,0
"grg",1967,0,0,0
"grg",1968,0,0,0
"grg",1969,0,0,0
"grg",1970,0,0,0
"grg",1971,0,0,0
"grg",1972,0,0,0
"grg",1973,0,0,0
"grg",1974,0,0,0
"grg",1975,0,0,0
"grg",1976,0,0,0
"grg",1977,0,0,0
"grg",1978,0,0,0
"grg",1979,0,0,0
"grg",1980,0,0,0
"grg",1981,0,0,0
"grg",1982,0,0,0
"grg",1983,0,0,0
"grg",1984,0,0,0
"grg",1985,0,0,0
"grg",1986,0,0,0
"grg",1987,0,0,0
"grg",1988,0,0,0
"grg",1989,0,0,0
"grg",1990,0,0,0
"grg",1991,0,0,0
"grg",1992,1,2,4
"grg",1993,1,2,4
"grg",1994,0,0,0
"grg",1995,0,0,0
"grg",1996,0,0,1
"grg",1997,0,0,1
"grg",1998,0,0,0
"grg",1999,0,0,3
"grg",2000,0,0,1.66666666666667
"grg",2001,0,0,3
"grg",2002,0,0,3
"grg",2003,0,0,1.66666666666667
"grg",2004,0,0,3.5
"grg",2005,0,0,3.5
"grg",2006,0,0,4
"grg",2007,1,3,4
"grg",2008,1,3,4
"grg",2009,1,3,4
"grg",2010,1,3,4
"grg",2011,0,0,1
"grg",2012,1,0,1
"grg",2013,1,0,1
"grg",2014,1,0,1
"grn",1816,0,0,0
"grn",1817,0,0,0
"grn",1818,0,0,0
"grn",1819,0,0,0
"grn",1820,0,0,0
"grn",1821,0,0,0
"grn",1822,0,0,0
"grn",1823,0,0,0
"grn",1824,0,0,0
"grn",1825,0,0,0
"grn",1826,0,0,0
"grn",1827,0,0,0
"grn",1828,0,0,0
"grn",1829,0,0,0
"grn",1830,0,0,0
"grn",1831,0,0,0
"grn",1832,0,0,0
"grn",1833,0,0,0
"grn",1834,0,0,0
"grn",1835,0,0,0
"grn",1836,0,0,0
"grn",1837,0,0,0
"grn",1838,0,0,0
"grn",1839,0,0,0
"grn",1840,0,0,0
"grn",1841,0,0,0
"grn",1842,0,0,0
"grn",1843,0,0,0
"grn",1844,0,0,0
"grn",1845,0,0,0
"grn",1846,0,0,0
"grn",1847,0,0,0
"grn",1848,0,0,0
"grn",1849,0,0,0
"grn",1850,0,0,0
"grn",1851,0,0,0
"grn",1852,0,0,0
"grn",1853,0,0,0
"grn",1854,0,0,0
"grn",1855,0,0,0
"grn",1856,0,0,0
"grn",1857,0,0,0
"grn",1858,0,0,0
"grn",1859,0,0,0
"grn",1860,0,0,0
"grn",1861,0,0,0
"grn",1862,0,0,0
"grn",1863,0,0,0
"grn",1864,0,0,0
"grn",1865,0,0,0
"grn",1866,0,0,0
"grn",1867,0,0,0
"grn",1868,0,0,0
"grn",1869,0,0,0
"grn",1870,0,0,0
"grn",1871,0,0,0
"grn",1872,0,0,0
"grn",1873,0,0,0
"grn",1874,0,0,0
"grn",1875,0,0,0
"grn",1876,0,0,0
"grn",1877,0,0,0
"grn",1878,0,0,0
"grn",1879,0,0,0
"grn",1880,0,0,0
"grn",1881,0,0,0
"grn",1882,0,0,0
"grn",1883,0,0,0
"grn",1884,0,0,0
"grn",1885,0,0,0
"grn",1886,0,0,0
"grn",1887,0,0,0
"grn",1888,0,0,0
"grn",1889,0,0,0
"grn",1890,0,0,0
"grn",1891,0,0,0
"grn",1892,0,0,0
"grn",1893,0,0,0
"grn",1894,0,0,0
"grn",1895,0,0,0
"grn",1896,0,0,0
"grn",1897,0,0,0
"grn",1898,0,0,0
"grn",1899,0,0,0
"grn",1900,0,0,0
"grn",1901,0,0,0
"grn",1902,0,0,0
"grn",1903,0,0,0
"grn",1904,0,0,0
"grn",1905,0,0,0
"grn",1906,0,0,0
"grn",1907,0,0,0
"grn",1908,0,0,0
"grn",1909,0,0,0
"grn",1910,0,0,0
"grn",1911,0,0,0
"grn",1912,0,0,0
"grn",1913,0,0,0
"grn",1914,0,0,0
"grn",1915,0,0,0
"grn",1916,0,0,0
"grn",1917,0,0,0
"grn",1918,0,0,0
"grn",1919,0,0,0
"grn",1920,0,0,0
"grn",1921,0,0,0
"grn",1922,0,0,0
"grn",1923,0,0,0
"grn",1924,0,0,0
"grn",1925,0,0,0
"grn",1926,0,0,0
"grn",1927,0,0,0
"grn",1928,0,0,0
"grn",1929,0,0,0
"grn",1930,0,0,0
"grn",1931,0,0,0
"grn",1932,0,0,0
"grn",1933,0,0,0
"grn",1934,0,0,0
"grn",1935,0,0,0
"grn",1936,0,0,0
"grn",1937,0,0,0
"grn",1938,0,0,0
"grn",1939,0,0,0
"grn",1940,0,0,0
"grn",1941,0,0,0
"grn",1942,0,0,0
"grn",1943,0,0,0
"grn",1944,0,0,0
"grn",1945,0,0,0
"grn",1946,0,0,0
"grn",1947,0,0,0
"grn",1948,0,0,0
"grn",1949,0,0,0
"grn",1950,0,0,0
"grn",1951,0,0,0
"grn",1952,0,0,0
"grn",1953,0,0,0
"grn",1954,0,0,0
"grn",1955,0,0,0
"grn",1956,0,0,0
"grn",1957,0,0,0
"grn",1958,0,0,0
"grn",1959,0,0,0
"grn",1960,0,0,0
"grn",1961,0,0,0
"grn",1962,0,0,0
"grn",1963,0,0,0
"grn",1964,0,0,0
"grn",1965,0,0,0
"grn",1966,0,0,0
"grn",1967,0,0,0
"grn",1968,0,0,0
"grn",1969,0,0,0
"grn",1970,0,0,0
"grn",1971,0,0,0
"grn",1972,0,0,0
"grn",1973,0,0,0
"grn",1974,0,0,0
"grn",1975,0,0,0
"grn",1976,0,0,0
"grn",1977,0,0,0
"grn",1978,0,0,0
"grn",1979,0,0,0
"grn",1980,0,0,0
"grn",1981,0,0,0
"grn",1982,0,0,0
"grn",1983,0,3,4
"grn",1984,0,0,0
"grn",1985,0,0,0
"grn",1986,0,0,0
"grn",1987,0,0,0
"grn",1988,0,0,0
"grn",1989,0,0,0
"grn",1990,0,0,0
"grn",1991,0,0,0
"grn",1992,0,0,0
"grn",1993,0,0,0
"grn",1994,0,0,0
"grn",1995,0,0,0
"grn",1996,0,0,0
"grn",1997,0,0,0
"grn",1998,0,0,0
"grn",1999,0,0,0
"grn",2000,0,0,0
"grn",2001,0,0,0
"grn",2002,0,0,0
"grn",2003,0,0,0
"grn",2004,0,0,0
"grn",2005,0,0,0
"grn",2006,0,0,0
"grn",2007,0,0,0
"grn",2008,0,0,0
"grn",2009,0,0,0
"grn",2010,0,0,0
"grn",2011,0,0,0
"grn",2012,0,0,0
"grn",2013,0,0,0
"grn",2014,0,0,0
"gua",1816,0,0,0
"gua",1817,0,0,0
"gua",1818,0,0,0
"gua",1819,0,0,0
"gua",1820,0,0,0
"gua",1821,0,0,0
"gua",1822,0,0,0
"gua",1823,0,0,0
"gua",1824,0,0,0
"gua",1825,0,0,0
"gua",1826,0,0,0
"gua",1827,0,0,0
"gua",1828,0,0,0
"gua",1829,0,0,0
"gua",1830,0,0,0
"gua",1831,0,0,0
"gua",1832,0,0,0
"gua",1833,0,0,0
"gua",1834,0,0,0
"gua",1835,0,0,0
"gua",1836,0,0,0
"gua",1837,0,0,0
"gua",1838,0,0,0
"gua",1839,0,0,0
"gua",1840,0,0,0
"gua",1841,0,0,0
"gua",1842,0,0,0
"gua",1843,0,0,0
"gua",1844,0,0,0
"gua",1845,0,0,0
"gua",1846,0,0,0
"gua",1847,0,0,0
"gua",1848,0,0,0
"gua",1849,0,0,0
"gua",1850,0,0,0
"gua",1851,0,0,0
"gua",1852,0,0,0
"gua",1853,0,0,0
"gua",1854,0,0,0
"gua",1855,0,0,0
"gua",1856,0,0,0
"gua",1857,0,0,0
"gua",1858,0,0,0
"gua",1859,0,0,0
"gua",1860,0,0,0
"gua",1861,0,0,0
"gua",1862,0,0,0
"gua",1863,0,0,0
"gua",1864,0,0,0
"gua",1865,0,0,0
"gua",1866,0,0,0
"gua",1867,0,0,0
"gua",1868,0,0,0
"gua",1869,0,0,0
"gua",1870,0,0,0
"gua",1871,0,0,0
"gua",1872,0,0,0
"gua",1873,0,0,0
"gua",1874,0,0,0
"gua",1875,0,0,0
"gua",1876,1,5,5
"gua",1877,0,0,0
"gua",1878,0,0,0
"gua",1879,0,0,0
"gua",1880,0,0,0
"gua",1881,0,0,0
"gua",1882,0,0,0
"gua",1883,0,0,0
"gua",1884,0,0,0
"gua",1885,1,5,5
"gua",1886,0,0,0
"gua",1887,0,0,0
"gua",1888,0,0,0
"gua",1889,0,0,0
"gua",1890,0.5,0.5,2.5
"gua",1891,0,0,0
"gua",1892,0,0,0
"gua",1893,0,0,0
"gua",1894,0,0,0
"gua",1895,0,0,0
"gua",1896,0,0,0
"gua",1897,0,0,0
"gua",1898,0,0,0
"gua",1899,0,0,0
"gua",1900,0,0,0
"gua",1901,0,0,0
"gua",1902,0,0,0
"gua",1903,0,0,0
"gua",1904,0,0,0
"gua",1905,0,0,0
"gua",1906,1,4,5
"gua",1907,0,0,0
"gua",1908,0,0,0
"gua",1909,0,0,0
"gua",1910,0,0,0
"gua",1911,0,0,1
"gua",1912,0,0,0
"gua",1913,0,0,1
"gua",1914,0,0,0
"gua",1915,0,0,0
"gua",1916,0,0,0
"gua",1917,1,0,3
"gua",1918,0,0,4
"gua",1919,0,0,0
"gua",1920,0,0,0
"gua",1921,0,0,0
"gua",1922,0,0,0
"gua",1923,0,0,0
"gua",1924,0,0,0
"gua",1925,0,0,0
"gua",1926,0,0,0
"gua",1927,1,1,4
"gua",1928,1,1,4
"gua",1929,0,0,0
"gua",1930,0,0,0
"gua",1931,0,0,0
"gua",1932,0,0,0
"gua",1933,0,0,0
"gua",1934,0,0,0
"gua",1935,0,1,4
"gua",1936,0,0,0
"gua",1937,0,0,0
"gua",1938,0,0,0
"gua",1939,0,0,0
"gua",1940,0,0,0
"gua",1941,0,0,4
"gua",1942,0,0,4
"gua",1943,0,0,0
"gua",1944,0,0,0
"gua",1945,0,0,0
"gua",1946,0,0,0
"gua",1947,0,0,0
"gua",1948,0,0,0
"gua",1949,0,0,0
"gua",1950,0,0,0
"gua",1951,0,0,0
"gua",1952,0,0,0
"gua",1953,0,0,0
"gua",1954,0,0,0
"gua",1955,0,0,0
"gua",1956,0,0,0
"gua",1957,0,0,0
"gua",1958,1,0,4
"gua",1959,1,0,4
"gua",1960,0,0,0
"gua",1961,0,0,0
"gua",1962,0,0,0
"gua",1963,0,0,0
"gua",1964,0,0,0
"gua",1965,0,0,0
"gua",1966,0,0,0
"gua",1967,0,0,0
"gua",1968,0,0,0
"gua",1969,0,0,0
"gua",1970,1,0,4
"gua",1971,0,0,0
"gua",1972,1,0,3
"gua",1973,0,0,0
"gua",1974,0,0,0
"gua",1975,1,0,3
"gua",1976,0,0,0
"gua",1977,1,0,3
"gua",1978,0,0,0
"gua",1979,0,0,0
"gua",1980,0,0,0
"gua",1981,0,0,0
"gua",1982,1,0,4
"gua",1983,1,0,4
"gua",1984,1,0,4
"gua",1985,0,0,0
"gua",1986,0,0,0
"gua",1987,0,0,0
"gua",1988,0,0,0
"gua",1989,0,0,0
"gua",1990,0,0,0
"gua",1991,0,0,0
"gua",1992,0,0,0
"gua",1993,1,0,3
"gua",1994,0,0,0
"gua",1995,1,0,3
"gua",1996,0,0,0
"gua",1997,1,0,3
"gua",1998,0,0,0
"gua",1999,0,0,0
"gua",2000,1,0,2.5
"gua",2001,1,0,1
"gua",2002,0,0,0
"gua",2003,0,0,0
"gua",2004,0,0,0
"gua",2005,0,0,0
"gua",2006,0,0,0
"gua",2007,0,0,0
"gua",2008,0,0,0
"gua",2009,0,0,0
"gua",2010,0,0,0
"gua",2011,0,0,0
"gua",2012,0,0,0
"gua",2013,0,0,0
"gua",2014,0,0,0
"gui",1816,0,0,0
"gui",1817,0,0,0
"gui",1818,0,0,0
"gui",1819,0,0,0
"gui",1820,0,0,0
"gui",1821,0,0,0
"gui",1822,0,0,0
"gui",1823,0,0,0
"gui",1824,0,0,0
"gui",1825,0,0,0
"gui",1826,0,0,0
"gui",1827,0,0,0
"gui",1828,0,0,0
"gui",1829,0,0,0
"gui",1830,0,0,0
"gui",1831,0,0,0
"gui",1832,0,0,0
"gui",1833,0,0,0
"gui",1834,0,0,0
"gui",1835,0,0,0
"gui",1836,0,0,0
"gui",1837,0,0,0
"gui",1838,0,0,0
"gui",1839,0,0,0
"gui",1840,0,0,0
"gui",1841,0,0,0
"gui",1842,0,0,0
"gui",1843,0,0,0
"gui",1844,0,0,0
"gui",1845,0,0,0
"gui",1846,0,0,0
"gui",1847,0,0,0
"gui",1848,0,0,0
"gui",1849,0,0,0
"gui",1850,0,0,0
"gui",1851,0,0,0
"gui",1852,0,0,0
"gui",1853,0,0,0
"gui",1854,0,0,0
"gui",1855,0,0,0
"gui",1856,0,0,0
"gui",1857,0,0,0
"gui",1858,0,0,0
"gui",1859,0,0,0
"gui",1860,0,0,0
"gui",1861,0,0,0
"gui",1862,0,0,0
"gui",1863,0,0,0
"gui",1864,0,0,0
"gui",1865,0,0,0
"gui",1866,0,0,0
"gui",1867,0,0,0
"gui",1868,0,0,0
"gui",1869,0,0,0
"gui",1870,0,0,0
"gui",1871,0,0,0
"gui",1872,0,0,0
"gui",1873,0,0,0
"gui",1874,0,0,0
"gui",1875,0,0,0
"gui",1876,0,0,0
"gui",1877,0,0,0
"gui",1878,0,0,0
"gui",1879,0,0,0
"gui",1880,0,0,0
"gui",1881,0,0,0
"gui",1882,0,0,0
"gui",1883,0,0,0
"gui",1884,0,0,0
"gui",1885,0,0,0
"gui",1886,0,0,0
"gui",1887,0,0,0
"gui",1888,0,0,0
"gui",1889,0,0,0
"gui",1890,0,0,0
"gui",1891,0,0,0
"gui",1892,0,0,0
"gui",1893,0,0,0
"gui",1894,0,0,0
"gui",1895,0,0,0
"gui",1896,0,0,0
"gui",1897,0,0,0
"gui",1898,0,0,0
"gui",1899,0,0,0
"gui",1900,0,0,0
"gui",1901,0,0,0
"gui",1902,0,0,0
"gui",1903,0,0,0
"gui",1904,0,0,0
"gui",1905,0,0,0
"gui",1906,0,0,0
"gui",1907,0,0,0
"gui",1908,0,0,0
"gui",1909,0,0,0
"gui",1910,0,0,0
"gui",1911,0,0,0
"gui",1912,0,0,0
"gui",1913,0,0,0
"gui",1914,0,0,0
"gui",1915,0,0,0
"gui",1916,0,0,0
"gui",1917,0,0,0
"gui",1918,0,0,0
"gui",1919,0,0,0
"gui",1920,0,0,0
"gui",1921,0,0,0
"gui",1922,0,0,0
"gui",1923,0,0,0
"gui",1924,0,0,0
"gui",1925,0,0,0
"gui",1926,0,0,0
"gui",1927,0,0,0
"gui",1928,0,0,0
"gui",1929,0,0,0
"gui",1930,0,0,0
"gui",1931,0,0,0
"gui",1932,0,0,0
"gui",1933,0,0,0
"gui",1934,0,0,0
"gui",1935,0,0,0
"gui",1936,0,0,0
"gui",1937,0,0,0
"gui",1938,0,0,0
"gui",1939,0,0,0
"gui",1940,0,0,0
"gui",1941,0,0,0
"gui",1942,0,0,0
"gui",1943,0,0,0
"gui",1944,0,0,0
"gui",1945,0,0,0
"gui",1946,0,0,0
"gui",1947,0,0,0
"gui",1948,0,0,0
"gui",1949,0,0,0
"gui",1950,0,0,0
"gui",1951,0,0,0
"gui",1952,0,0,0
"gui",1953,0,0,0
"gui",1954,0,0,0
"gui",1955,0,0,0
"gui",1956,0,0,0
"gui",1957,0,0,0
"gui",1958,0,0,0
"gui",1959,0,0,0
"gui",1960,0,0,0
"gui",1961,0,0,0
"gui",1962,0,0,1
"gui",1963,0,0,0
"gui",1964,0,0,0
"gui",1965,0,0,0
"gui",1966,0,0.5,4
"gui",1967,0,0,4
"gui",1968,0,0,0
"gui",1969,0,0,0
"gui",1970,0,0,3
"gui",1971,0,0,0
"gui",1972,0,0,0
"gui",1973,1,0,3
"gui",1974,0,0,0
"gui",1975,0,0,0
"gui",1976,0,0,0
"gui",1977,0,0,0
"gui",1978,0,0,0
"gui",1979,0,0,0
"gui",1980,0,0,0
"gui",1981,0,0,0
"gui",1982,0,0,0
"gui",1983,0,0,0
"gui",1984,0,0,0
"gui",1985,0,0,0
"gui",1986,0,0,0
"gui",1987,0,0,0
"gui",1988,0,0,0
"gui",1989,0,0,0
"gui",1990,0,0,0
"gui",1991,0,0,0
"gui",1992,0,0,0
"gui",1993,0,0,0
"gui",1994,0,0,0
"gui",1995,0,0,0
"gui",1996,1,0,4
"gui",1997,1,0,4
"gui",1998,1,0,4
"gui",1999,1,0,3
"gui",2000,1,0,4
"gui",2001,1,0,4
"gui",2002,0,0,0
"gui",2003,0,0,0
"gui",2004,0,0,0
"gui",2005,0,0,0
"gui",2006,0,0,0
"gui",2007,0,0,0
"gui",2008,0,0,0
"gui",2009,0,0,0
"gui",2010,0,0,0
"gui",2011,0,0,0
"gui",2012,0,0,0
"gui",2013,1,0,4
"gui",2014,0,0,0
"guy",1816,0,0,0
"guy",1817,0,0,0
"guy",1818,0,0,0
"guy",1819,0,0,0
"guy",1820,0,0,0
"guy",1821,0,0,0
"guy",1822,0,0,0
"guy",1823,0,0,0
"guy",1824,0,0,0
"guy",1825,0,0,0
"guy",1826,0,0,0
"guy",1827,0,0,0
"guy",1828,0,0,0
"guy",1829,0,0,0
"guy",1830,0,0,0
"guy",1831,0,0,0
"guy",1832,0,0,0
"guy",1833,0,0,0
"guy",1834,0,0,0
"guy",1835,0,0,0
"guy",1836,0,0,0
"guy",1837,0,0,0
"guy",1838,0,0,0
"guy",1839,0,0,0
"guy",1840,0,0,0
"guy",1841,0,0,0
"guy",1842,0,0,0
"guy",1843,0,0,0
"guy",1844,0,0,0
"guy",1845,0,0,0
"guy",1846,0,0,0
"guy",1847,0,0,0
"guy",1848,0,0,0
"guy",1849,0,0,0
"guy",1850,0,0,0
"guy",1851,0,0,0
"guy",1852,0,0,0
"guy",1853,0,0,0
"guy",1854,0,0,0
"guy",1855,0,0,0
"guy",1856,0,0,0
"guy",1857,0,0,0
"guy",1858,0,0,0
"guy",1859,0,0,0
"guy",1860,0,0,0
"guy",1861,0,0,0
"guy",1862,0,0,0
"guy",1863,0,0,0
"guy",1864,0,0,0
"guy",1865,0,0,0
"guy",1866,0,0,0
"guy",1867,0,0,0
"guy",1868,0,0,0
"guy",1869,0,0,0
"guy",1870,0,0,0
"guy",1871,0,0,0
"guy",1872,0,0,0
"guy",1873,0,0,0
"guy",1874,0,0,0
"guy",1875,0,0,0
"guy",1876,0,0,0
"guy",1877,0,0,0
"guy",1878,0,0,0
"guy",1879,0,0,0
"guy",1880,0,0,0
"guy",1881,0,0,0
"guy",1882,0,0,0
"guy",1883,0,0,0
"guy",1884,0,0,0
"guy",1885,0,0,0
"guy",1886,0,0,0
"guy",1887,0,0,0
"guy",1888,0,0,0
"guy",1889,0,0,0
"guy",1890,0,0,0
"guy",1891,0,0,0
"guy",1892,0,0,0
"guy",1893,0,0,0
"guy",1894,0,0,0
"guy",1895,0,0,0
"guy",1896,0,0,0
"guy",1897,0,0,0
"guy",1898,0,0,0
"guy",1899,0,0,0
"guy",1900,0,0,0
"guy",1901,0,0,0
"guy",1902,0,0,0
"guy",1903,0,0,0
"guy",1904,0,0,0
"guy",1905,0,0,0
"guy",1906,0,0,0
"guy",1907,0,0,0
"guy",1908,0,0,0
"guy",1909,0,0,0
"guy",1910,0,0,0
"guy",1911,0,0,0
"guy",1912,0,0,0
"guy",1913,0,0,0
"guy",1914,0,0,0
"guy",1915,0,0,0
"guy",1916,0,0,0
"guy",1917,0,0,0
"guy",1918,0,0,0
"guy",1919,0,0,0
"guy",1920,0,0,0
"guy",1921,0,0,0
"guy",1922,0,0,0
"guy",1923,0,0,0
"guy",1924,0,0,0
"guy",1925,0,0,0
"guy",1926,0,0,0
"guy",1927,0,0,0
"guy",1928,0,0,0
"guy",1929,0,0,0
"guy",1930,0,0,0
"guy",1931,0,0,0
"guy",1932,0,0,0
"guy",1933,0,0,0
"guy",1934,0,0,0
"guy",1935,0,0,0
"guy",1936,0,0,0
"guy",1937,0,0,0
"guy",1938,0,0,0
"guy",1939,0,0,0
"guy",1940,0,0,0
"guy",1941,0,0,0
"guy",1942,0,0,0
"guy",1943,0,0,0
"guy",1944,0,0,0
"guy",1945,0,0,0
"guy",1946,0,0,0
"guy",1947,0,0,0
"guy",1948,0,0,0
"guy",1949,0,0,0
"guy",1950,0,0,0
"guy",1951,0,0,0
"guy",1952,0,0,0
"guy",1953,0,0,0
"guy",1954,0,0,0
"guy",1955,0,0,0
"guy",1956,0,0,0
"guy",1957,0,0,0
"guy",1958,0,0,0
"guy",1959,0,0,0
"guy",1960,0,0,0
"guy",1961,0,0,0
"guy",1962,0,0,0
"guy",1963,0,0,0
"guy",1964,0,0,0
"guy",1965,0,0,0
"guy",1966,0,0,1
"guy",1967,0,0,1
"guy",1968,0,0,0
"guy",1969,0,0,3
"guy",1970,0,0,4
"guy",1971,0,0,0
"guy",1972,0,0,0
"guy",1973,0,0,0
"guy",1974,0,0,0
"guy",1975,0,0,1
"guy",1976,0.333333333333333,0,1
"guy",1977,1,0,4
"guy",1978,1,0,4
"guy",1979,0,0,0
"guy",1980,0,0,0
"guy",1981,0,0,3
"guy",1982,0,0,2
"guy",1983,0,0,0
"guy",1984,0,0,0
"guy",1985,0,0,0
"guy",1986,0,0,0
"guy",1987,0,0,0
"guy",1988,0,0,0
"guy",1989,0,0,0
"guy",1990,0,0,0
"guy",1991,0,0,0
"guy",1992,0,0,0
"guy",1993,0,0,0
"guy",1994,0,0,0
"guy",1995,0,0,0
"guy",1996,0,0,0
"guy",1997,0,0,0
"guy",1998,0,0,0
"guy",1999,0,0,3
"guy",2000,0,0,3
"guy",2001,0,0,0
"guy",2002,0,0,0
"guy",2003,0,0,0
"guy",2004,0,0,0
"guy",2005,0,0,0
"guy",2006,0,0,0
"guy",2007,0,0,0
"guy",2008,0,0,0
"guy",2009,0,0,0
"guy",2010,0,0,0
"guy",2011,0,0,0
"guy",2012,0,0,0
"guy",2013,0,0,1
"guy",2014,0,0,0
"hai",1816,0,0,0
"hai",1817,0,0,0
"hai",1818,0,0,0
"hai",1819,0,0,0
"hai",1820,0,0,0
"hai",1821,0,0,0
"hai",1822,0,0,0
"hai",1823,0,0,0
"hai",1824,0,0,0
"hai",1825,0,0,0
"hai",1826,0,0,0
"hai",1827,0,0,0
"hai",1828,0,0,0
"hai",1829,0,0,0
"hai",1830,0,0,0
"hai",1831,0,0,0
"hai",1832,0,0,0
"hai",1833,0,0,0
"hai",1834,0,0,0
"hai",1835,0,0,0
"hai",1836,0,0,0
"hai",1837,0,0,0
"hai",1838,0,0,0
"hai",1839,0,0,0
"hai",1840,0,0,0
"hai",1841,0,0,0
"hai",1842,0,0,0
"hai",1843,0,0,0
"hai",1844,0,0,0
"hai",1845,0,0,0
"hai",1846,0,0,0
"hai",1847,0,0,0
"hai",1848,0,0,0
"hai",1849,0,0,0
"hai",1850,0,0,0
"hai",1851,0,0,0
"hai",1852,0,0,0
"hai",1853,0,0,0
"hai",1854,0,0,0
"hai",1855,0,0,0
"hai",1856,0,0,0
"hai",1857,0,0,0
"hai",1858,0,0,0
"hai",1859,0,0,0
"hai",1860,0,0,0
"hai",1861,0,0,0
"hai",1862,0,0,0
"hai",1863,0,0,0
"hai",1864,0,0,0
"hai",1865,0,0,0
"hai",1866,0,0,0
"hai",1867,0,0,0
"hai",1868,0,0,0
"hai",1869,0,0,1
"hai",1870,0,0,0
"hai",1871,0,0,0
"hai",1872,0,0,1
"hai",1873,0,0,0
"hai",1874,0,0,0
"hai",1875,0,0,0
"hai",1876,0,0,0
"hai",1877,0,0,0
"hai",1878,0,0,0
"hai",1879,0,0,0
"hai",1880,0,0,0
"hai",1881,0,0,0
"hai",1882,0,0,1
"hai",1883,0,0,4
"hai",1884,0,0,4
"hai",1885,0,0,0
"hai",1886,0,0,0
"hai",1887,0,0,1
"hai",1888,0,0,4
"hai",1889,0,0,1
"hai",1890,0,0,0
"hai",1891,0,0,1
"hai",1892,0,0,0
"hai",1893,0,0,0
"hai",1894,0,0,0
"hai",1895,0,0,0
"hai",1896,0,0,1
"hai",1897,0,0,0
"hai",1898,0,0,0
"hai",1899,0,0,0
"hai",1900,0,0,0
"hai",1901,1,0,3
"hai",1902,0,0,0
"hai",1903,0,0,0
"hai",1904,0,0,0
"hai",1905,0,0,0
"hai",1906,0,0,0
"hai",1907,0,0,0
"hai",1908,0,0,0
"hai",1909,0,0,1
"hai",1910,0,0,1
"hai",1911,0,0,1
"hai",1912,1,0,4
"hai",1913,0,0,0
"hai",1914,0,0,1
"hai",1915,0,0,1
"hai",1916,0,0,0
"hai",1917,0,0,0
"hai",1918,0,0,0
"hai",1919,0,0,0
"hai",1920,0,0,0
"hai",1921,0,0,0
"hai",1922,0,0,0
"hai",1923,0,0,0
"hai",1924,0,0,0
"hai",1925,0,0,0
"hai",1926,0,0,0
"hai",1927,0,0,0
"hai",1928,0,0,0
"hai",1929,0,0,0
"hai",1930,0,0,0
"hai",1931,0,0,0
"hai",1932,0,0,0
"hai",1933,0,0,0
"hai",1934,0,0,0
"hai",1935,0,0,0
"hai",1936,0,0,0
"hai",1937,0,0,0
"hai",1938,0,0,0
"hai",1939,0,0,0
"hai",1940,0,0,0
"hai",1941,0,0,4
"hai",1942,0,0,2.5
"hai",1943,0,0,0
"hai",1944,0,0,0
"hai",1945,0,0,0
"hai",1946,0,0,0
"hai",1947,0,0,0
"hai",1948,0,0,0
"hai",1949,0,0,1
"hai",1950,0,0,1
"hai",1951,0,0,0
"hai",1952,0,0,0
"hai",1953,0,0,0
"hai",1954,0,0,0
"hai",1955,0,0,0
"hai",1956,0,0,0
"hai",1957,0,0,0
"hai",1958,0,0,0
"hai",1959,0,0,0
"hai",1960,0,0,0
"hai",1961,0,0,0
"hai",1962,0,0,0
"hai",1963,0,0,4
"hai",1964,0,0,0
"hai",1965,0,0,0
"hai",1966,0,0,0
"hai",1967,0,0,0
"hai",1968,0,0,0
"hai",1969,0,0,0
"hai",1970,0,0,0
"hai",1971,0,0,0
"hai",1972,0,0,0
"hai",1973,0,0,0
"hai",1974,0,0,0
"hai",1975,0,0,0
"hai",1976,0,0,0
"hai",1977,0,0,0
"hai",1978,0,0,0
"hai",1979,0,0,0
"hai",1980,0,0,0
"hai",1981,0,0,0
"hai",1982,0,0,0
"hai",1983,0,0,0
"hai",1984,0,0,0
"hai",1985,0,0,0
"hai",1986,0,0,1
"hai",1987,0,0,1
"hai",1988,0,0,0
"hai",1989,0,0,0
"hai",1990,0,0,0
"hai",1991,0,0,0
"hai",1992,0,0,0
"hai",1993,0,0,3
"hai",1994,0,0,3
"hai",1995,0,0,0
"hai",1996,0,0,0
"hai",1997,0,0,0
"hai",1998,0,0,0
"hai",1999,0,0,0
"hai",2000,0,0,0
"hai",2001,0,0,0
"hai",2002,0,0,0
"hai",2003,0,0,0
"hai",2004,0,0,1
"hai",2005,0,0,0
"hai",2006,0,0,0
"hai",2007,0,0,0
"hai",2008,0,0,0
"hai",2009,0,0,0
"hai",2010,0,0,0
"hai",2011,0,0,0
"hai",2012,0,0,0
"hai",2013,0,0,0
"hai",2014,0,0,0
"han",1816,0,0,0
"han",1817,0,0,0
"han",1818,0,0,0
"han",1819,0,0,0
"han",1820,0,0,0
"han",1821,0,0,0
"han",1822,0,0,0
"han",1823,0,0,0
"han",1824,0,0,0
"han",1825,0,0,0
"han",1826,0,0,0
"han",1827,0,0,0
"han",1828,0,0,0
"han",1829,0,0,0
"han",1830,0,0,0
"han",1831,0,0,0
"han",1832,0,0,0
"han",1833,0,0,0
"han",1834,0,0,0
"han",1835,0,0,0
"han",1836,0,0,0
"han",1837,0,0,0
"han",1838,0,0,0
"han",1839,0,0,0
"han",1840,0,0,0
"han",1841,0,0,0
"han",1842,0,0,0
"han",1843,0,0,0
"han",1844,0,0,0
"han",1845,0,0,0
"han",1846,0,0,0
"han",1847,0,0,0
"han",1848,0,0,3
"han",1849,0,0,0
"han",1850,0,0,0
"han",1851,0,0,0
"han",1852,0,0,0
"han",1853,0,0,0
"han",1854,0,0,0
"han",1855,0,0,0
"han",1856,0,0,0
"han",1857,0,0,0
"han",1858,0,0,0
"han",1859,0,0,0
"han",1860,0,0,0
"han",1861,0,0,0
"han",1862,0,0,0
"han",1863,0,0,0
"han",1864,0,0,1
"han",1865,0,0,0
"han",1866,0,4,5
"han",1867,0,0,0
"han",1868,0,0,0
"han",1869,0,0,0
"han",1870,0,0,0
"han",1871,0,0,0
"han",1872,0,0,0
"han",1873,0,0,0
"han",1874,0,0,0
"han",1875,0,0,0
"han",1876,0,0,0
"han",1877,0,0,0
"han",1878,0,0,0
"han",1879,0,0,0
"han",1880,0,0,0
"han",1881,0,0,0
"han",1882,0,0,0
"han",1883,0,0,0
"han",1884,0,0,0
"han",1885,0,0,0
"han",1886,0,0,0
"han",1887,0,0,0
"han",1888,0,0,0
"han",1889,0,0,0
"han",1890,0,0,0
"han",1891,0,0,0
"han",1892,0,0,0
"han",1893,0,0,0
"han",1894,0,0,0
"han",1895,0,0,0
"han",1896,0,0,0
"han",1897,0,0,0
"han",1898,0,0,0
"han",1899,0,0,0
"han",1900,0,0,0
"han",1901,0,0,0
"han",1902,0,0,0
"han",1903,0,0,0
"han",1904,0,0,0
"han",1905,0,0,0
"han",1906,0,0,0
"han",1907,0,0,0
"han",1908,0,0,0
"han",1909,0,0,0
"han",1910,0,0,0
"han",1911,0,0,0
"han",1912,0,0,0
"han",1913,0,0,0
"han",1914,0,0,0
"han",1915,0,0,0
"han",1916,0,0,0
"han",1917,0,0,0
"han",1918,0,0,0
"han",1919,0,0,0
"han",1920,0,0,0
"han",1921,0,0,0
"han",1922,0,0,0
"han",1923,0,0,0
"han",1924,0,0,0
"han",1925,0,0,0
"han",1926,0,0,0
"han",1927,0,0,0
"han",1928,0,0,0
"han",1929,0,0,0
"han",1930,0,0,0
"han",1931,0,0,0
"han",1932,0,0,0
"han",1933,0,0,0
"han",1934,0,0,0
"han",1935,0,0,0
"han",1936,0,0,0
"han",1937,0,0,0
"han",1938,0,0,0
"han",1939,0,0,0
"han",1940,0,0,0
"han",1941,0,0,0
"han",1942,0,0,0
"han",1943,0,0,0
"han",1944,0,0,0
"han",1945,0,0,0
"han",1946,0,0,0
"han",1947,0,0,0
"han",1948,0,0,0
"han",1949,0,0,0
"han",1950,0,0,0
"han",1951,0,0,0
"han",1952,0,0,0
"han",1953,0,0,0
"han",1954,0,0,0
"han",1955,0,0,0
"han",1956,0,0,0
"han",1957,0,0,0
"han",1958,0,0,0
"han",1959,0,0,0
"han",1960,0,0,0
"han",1961,0,0,0
"han",1962,0,0,0
"han",1963,0,0,0
"han",1964,0,0,0
"han",1965,0,0,0
"han",1966,0,0,0
"han",1967,0,0,0
"han",1968,0,0,0
"han",1969,0,0,0
"han",1970,0,0,0
"han",1971,0,0,0
"han",1972,0,0,0
"han",1973,0,0,0
"han",1974,0,0,0
"han",1975,0,0,0
"han",1976,0,0,0
"han",1977,0,0,0
"han",1978,0,0,0
"han",1979,0,0,0
"han",1980,0,0,0
"han",1981,0,0,0
"han",1982,0,0,0
"han",1983,0,0,0
"han",1984,0,0,0
"han",1985,0,0,0
"han",1986,0,0,0
"han",1987,0,0,0
"han",1988,0,0,0
"han",1989,0,0,0
"han",1990,0,0,0
"han",1991,0,0,0
"han",1992,0,0,0
"han",1993,0,0,0
"han",1994,0,0,0
"han",1995,0,0,0
"han",1996,0,0,0
"han",1997,0,0,0
"han",1998,0,0,0
"han",1999,0,0,0
"han",2000,0,0,0
"han",2001,0,0,0
"han",2002,0,0,0
"han",2003,0,0,0
"han",2004,0,0,0
"han",2005,0,0,0
"han",2006,0,0,0
"han",2007,0,0,0
"han",2008,0,0,0
"han",2009,0,0,0
"han",2010,0,0,0
"han",2011,0,0,0
"han",2012,0,0,0
"han",2013,0,0,0
"han",2014,0,0,0
"hon",1816,0,0,0
"hon",1817,0,0,0
"hon",1818,0,0,0
"hon",1819,0,0,0
"hon",1820,0,0,0
"hon",1821,0,0,0
"hon",1822,0,0,0
"hon",1823,0,0,0
"hon",1824,0,0,0
"hon",1825,0,0,0
"hon",1826,0,0,0
"hon",1827,0,0,0
"hon",1828,0,0,0
"hon",1829,0,0,0
"hon",1830,0,0,0
"hon",1831,0,0,0
"hon",1832,0,0,0
"hon",1833,0,0,0
"hon",1834,0,0,0
"hon",1835,0,0,0
"hon",1836,0,0,0
"hon",1837,0,0,0
"hon",1838,0,0,0
"hon",1839,0,0,0
"hon",1840,0,0,0
"hon",1841,0,0,0
"hon",1842,0,0,0
"hon",1843,0,0,0
"hon",1844,0,0,0
"hon",1845,0,0,0
"hon",1846,0,0,0
"hon",1847,0,0,0
"hon",1848,0,0,0
"hon",1849,0,0,0
"hon",1850,0,0,0
"hon",1851,0,0,0
"hon",1852,0,0,0
"hon",1853,0,0,0
"hon",1854,0,0,0
"hon",1855,0,0,0
"hon",1856,0,0,0
"hon",1857,0,0,0
"hon",1858,0,0,0
"hon",1859,0,0,0
"hon",1860,0,0,0
"hon",1861,0,0,0
"hon",1862,0,0,0
"hon",1863,0,0,0
"hon",1864,0,0,0
"hon",1865,0,0,0
"hon",1866,0,0,0
"hon",1867,0,0,0
"hon",1868,0,0,0
"hon",1869,0,0,0
"hon",1870,0,0,0
"hon",1871,0,0,0
"hon",1872,0,0,0
"hon",1873,0,0,0
"hon",1874,0,0,0
"hon",1875,0,0,0
"hon",1876,0,0,0
"hon",1877,0,0,0
"hon",1878,0,0,0
"hon",1879,0,0,0
"hon",1880,0,0,0
"hon",1881,0,0,0
"hon",1882,0,0,0
"hon",1883,0,0,0
"hon",1884,0,0,0
"hon",1885,0,0,0
"hon",1886,0,0,0
"hon",1887,0,0,0
"hon",1888,0,0,0
"hon",1889,0,0,0
"hon",1890,0,0,0
"hon",1891,0,0,0
"hon",1892,0,0,0
"hon",1893,0,0,0
"hon",1894,0,0,0
"hon",1895,0,0,0
"hon",1896,0,0,0
"hon",1897,0,0,0
"hon",1898,0,0,0
"hon",1899,0,0,0
"hon",1900,0,0,0
"hon",1901,0,0,0
"hon",1902,0,0,0
"hon",1903,0,0,0
"hon",1904,0,0,0
"hon",1905,0,0,0
"hon",1906,0,4,5
"hon",1907,0,4,5
"hon",1908,0,0,0
"hon",1909,0,0,3
"hon",1910,0,0,0
"hon",1911,0,0,0
"hon",1912,0,0,0
"hon",1913,0,0,0
"hon",1914,0,0,0
"hon",1915,0,0,0
"hon",1916,0,0,0
"hon",1917,1,0,4
"hon",1918,0,0,3.5
"hon",1919,0,0,0
"hon",1920,0,0,3
"hon",1921,0,0,0
"hon",1922,0,2,4
"hon",1923,0,0,0
"hon",1924,0,0,0
"hon",1925,0,0,0
"hon",1926,0,0,0
"hon",1927,1,1,4
"hon",1928,1,1,4
"hon",1929,0,1,4
"hon",1930,0,0,0
"hon",1931,0,0,0
"hon",1932,0,0,0
"hon",1933,0,0,0
"hon",1934,0,0,0
"hon",1935,0,0,0
"hon",1936,0,0,0
"hon",1937,0,0,0
"hon",1938,0,0,0
"hon",1939,0,0,0
"hon",1940,0,0,0
"hon",1941,0,0,4
"hon",1942,0,0,2.5
"hon",1943,0,0,0
"hon",1944,0,0,0
"hon",1945,0,0,0
"hon",1946,0,0,0
"hon",1947,0,0,0
"hon",1948,0,0,0
"hon",1949,0,0,0
"hon",1950,0,0,0
"hon",1951,0,0,0
"hon",1952,0,0,0
"hon",1953,0,0,0
"hon",1954,0,0,0
"hon",1955,0,0,0
"hon",1956,0,0,0
"hon",1957,1,0,4
"hon",1958,0,0,0
"hon",1959,0,0,0
"hon",1960,0,0,0
"hon",1961,0,0,0
"hon",1962,0,1,4
"hon",1963,0,0,0
"hon",1964,0,0,0
"hon",1965,0,0,0
"hon",1966,0,0,0
"hon",1967,0,0,0
"hon",1968,0,0,0
"hon",1969,1,6,5
"hon",1970,0,0,0
"hon",1971,0,0,0
"hon",1972,0,0,0
"hon",1973,0,0,0
"hon",1974,0,0,0
"hon",1975,0,0,0
"hon",1976,1,0,4
"hon",1977,0,0,0
"hon",1978,0,0,0
"hon",1979,0,0,0
"hon",1980,0,0,0
"hon",1981,0,0,3
"hon",1982,0,0,3
"hon",1983,0,0,3
"hon",1984,0,0,3
"hon",1985,0,0,3
"hon",1986,0,0,0
"hon",1987,0,0,0
"hon",1988,0,0,3
"hon",1989,0,0.5,4
"hon",1990,0,0,0
"hon",1991,1,0,4
"hon",1992,0,0,0
"hon",1993,1,0,3
"hon",1994,0,0,0
"hon",1995,1,0,3
"hon",1996,0,0,0
"hon",1997,1,0,4
"hon",1998,0,0,0
"hon",1999,1,0,4
"hon",2000,1,0,4
"hon",2001,1,0,3
"hon",2002,0,0,0
"hon",2003,0,0,0
"hon",2004,0,0,0
"hon",2005,0,0,0
"hon",2006,0,0,0
"hon",2007,0,0,0
"hon",2008,0,0,0
"hon",2009,0,0,0
"hon",2010,0,0,0
"hon",2011,0,0,1
"hon",2012,0,0,0
"hon",2013,0,0,0
"hon",2014,0,0,0
"hse",1816,0,0,0
"hse",1817,0,0,0
"hse",1818,0,0,0
"hse",1819,0,0,0
"hse",1820,0,0,0
"hse",1821,0,0,0
"hse",1822,0,0,0
"hse",1823,0,0,0
"hse",1824,0,0,0
"hse",1825,0,0,0
"hse",1826,0,0,0
"hse",1827,0,0,0
"hse",1828,0,0,0
"hse",1829,0,0,0
"hse",1830,0,0,0
"hse",1831,0,0,0
"hse",1832,0,0,0
"hse",1833,0,0,0
"hse",1834,0,0,0
"hse",1835,0,0,0
"hse",1836,0,0,0
"hse",1837,0,0,0
"hse",1838,0,0,0
"hse",1839,0,0,0
"hse",1840,0,0,0
"hse",1841,0,0,0
"hse",1842,0,0,0
"hse",1843,0,0,0
"hse",1844,0,0,0
"hse",1845,0,0,0
"hse",1846,0,0,0
"hse",1847,0,0,0
"hse",1848,0,0,0
"hse",1849,0,0,0
"hse",1850,0,0,1
"hse",1851,0,0,0
"hse",1852,0,0,0
"hse",1853,0,0,0
"hse",1854,0,0,0
"hse",1855,0,0,0
"hse",1856,0,0,0
"hse",1857,0,0,0
"hse",1858,0,0,0
"hse",1859,0,0,0
"hse",1860,0,0,0
"hse",1861,0,0,0
"hse",1862,0,0,0
"hse",1863,0,0,0
"hse",1864,0,0,0
"hse",1865,0,0,0
"hse",1866,0,2,5
"hse",1867,0,0,0
"hse",1868,0,0,0
"hse",1869,0,0,0
"hse",1870,0,0,0
"hse",1871,0,0,0
"hse",1872,0,0,0
"hse",1873,0,0,0
"hse",1874,0,0,0
"hse",1875,0,0,0
"hse",1876,0,0,0
"hse",1877,0,0,0
"hse",1878,0,0,0
"hse",1879,0,0,0
"hse",1880,0,0,0
"hse",1881,0,0,0
"hse",1882,0,0,0
"hse",1883,0,0,0
"hse",1884,0,0,0
"hse",1885,0,0,0
"hse",1886,0,0,0
"hse",1887,0,0,0
"hse",1888,0,0,0
"hse",1889,0,0,0
"hse",1890,0,0,0
"hse",1891,0,0,0
"hse",1892,0,0,0
"hse",1893,0,0,0
"hse",1894,0,0,0
"hse",1895,0,0,0
"hse",1896,0,0,0
"hse",1897,0,0,0
"hse",1898,0,0,0
"hse",1899,0,0,0
"hse",1900,0,0,0
"hse",1901,0,0,0
"hse",1902,0,0,0
"hse",1903,0,0,0
"hse",1904,0,0,0
"hse",1905,0,0,0
"hse",1906,0,0,0
"hse",1907,0,0,0
"hse",1908,0,0,0
"hse",1909,0,0,0
"hse",1910,0,0,0
"hse",1911,0,0,0
"hse",1912,0,0,0
"hse",1913,0,0,0
"hse",1914,0,0,0
"hse",1915,0,0,0
"hse",1916,0,0,0
"hse",1917,0,0,0
"hse",1918,0,0,0
"hse",1919,0,0,0
"hse",1920,0,0,0
"hse",1921,0,0,0
"hse",1922,0,0,0
"hse",1923,0,0,0
"hse",1924,0,0,0
"hse",1925,0,0,0
"hse",1926,0,0,0
"hse",1927,0,0,0
"hse",1928,0,0,0
"hse",1929,0,0,0
"hse",1930,0,0,0
"hse",1931,0,0,0
"hse",1932,0,0,0
"hse",1933,0,0,0
"hse",1934,0,0,0
"hse",1935,0,0,0
"hse",1936,0,0,0
"hse",1937,0,0,0
"hse",1938,0,0,0
"hse",1939,0,0,0
"hse",1940,0,0,0
"hse",1941,0,0,0
"hse",1942,0,0,0
"hse",1943,0,0,0
"hse",1944,0,0,0
"hse",1945,0,0,0
"hse",1946,0,0,0
"hse",1947,0,0,0
"hse",1948,0,0,0
"hse",1949,0,0,0
"hse",1950,0,0,0
"hse",1951,0,0,0
"hse",1952,0,0,0
"hse",1953,0,0,0
"hse",1954,0,0,0
"hse",1955,0,0,0
"hse",1956,0,0,0
"hse",1957,0,0,0
"hse",1958,0,0,0
"hse",1959,0,0,0
"hse",1960,0,0,0
"hse",1961,0,0,0
"hse",1962,0,0,0
"hse",1963,0,0,0
"hse",1964,0,0,0
"hse",1965,0,0,0
"hse",1966,0,0,0
"hse",1967,0,0,0
"hse",1968,0,0,0
"hse",1969,0,0,0
"hse",1970,0,0,0
"hse",1971,0,0,0
"hse",1972,0,0,0
"hse",1973,0,0,0
"hse",1974,0,0,0
"hse",1975,0,0,0
"hse",1976,0,0,0
"hse",1977,0,0,0
"hse",1978,0,0,0
"hse",1979,0,0,0
"hse",1980,0,0,0
"hse",1981,0,0,0
"hse",1982,0,0,0
"hse",1983,0,0,0
"hse",1984,0,0,0
"hse",1985,0,0,0
"hse",1986,0,0,0
"hse",1987,0,0,0
"hse",1988,0,0,0
"hse",1989,0,0,0
"hse",1990,0,0,0
"hse",1991,0,0,0
"hse",1992,0,0,0
"hse",1993,0,0,0
"hse",1994,0,0,0
"hse",1995,0,0,0
"hse",1996,0,0,0
"hse",1997,0,0,0
"hse",1998,0,0,0
"hse",1999,0,0,0
"hse",2000,0,0,0
"hse",2001,0,0,0
"hse",2002,0,0,0
"hse",2003,0,0,0
"hse",2004,0,0,0
"hse",2005,0,0,0
"hse",2006,0,0,0
"hse",2007,0,0,0
"hse",2008,0,0,0
"hse",2009,0,0,0
"hse",2010,0,0,0
"hse",2011,0,0,0
"hse",2012,0,0,0
"hse",2013,0,0,0
"hse",2014,0,0,0
"hsg",1816,0,0,0
"hsg",1817,0,0,0
"hsg",1818,0,0,0
"hsg",1819,0,0,0
"hsg",1820,0,0,0
"hsg",1821,0,0,0
"hsg",1822,0,0,0
"hsg",1823,0,0,0
"hsg",1824,0,0,0
"hsg",1825,0,0,0
"hsg",1826,0,0,0
"hsg",1827,0,0,0
"hsg",1828,0,0,0
"hsg",1829,0,0,0
"hsg",1830,0,0,0
"hsg",1831,0,0,0
"hsg",1832,0,0,0
"hsg",1833,0,0,0
"hsg",1834,0,0,0
"hsg",1835,0,0,0
"hsg",1836,0,0,0
"hsg",1837,0,0,0
"hsg",1838,0,0,0
"hsg",1839,0,0,0
"hsg",1840,0,0,0
"hsg",1841,0,0,0
"hsg",1842,0,0,0
"hsg",1843,0,0,0
"hsg",1844,0,0,0
"hsg",1845,0,0,0
"hsg",1846,0,0,0
"hsg",1847,0,0,0
"hsg",1848,0,0,0
"hsg",1849,0,0,0
"hsg",1850,0,0,0
"hsg",1851,0,0,0
"hsg",1852,0,0,0
"hsg",1853,0,0,0
"hsg",1854,0,0,0
"hsg",1855,0,0,0
"hsg",1856,0,0,0
"hsg",1857,0,0,0
"hsg",1858,0,0,0
"hsg",1859,0,0,0
"hsg",1860,0,0,0
"hsg",1861,0,0,0
"hsg",1862,0,0,0
"hsg",1863,0,0,3
"hsg",1864,0,0,3
"hsg",1865,0,0,0
"hsg",1866,0,2,5
"hsg",1867,0,0,0
"hsg",1868,0,0,0
"hsg",1869,0,0,0
"hsg",1870,0,0,0
"hsg",1871,0,0,0
"hsg",1872,0,0,0
"hsg",1873,0,0,0
"hsg",1874,0,0,0
"hsg",1875,0,0,0
"hsg",1876,0,0,0
"hsg",1877,0,0,0
"hsg",1878,0,0,0
"hsg",1879,0,0,0
"hsg",1880,0,0,0
"hsg",1881,0,0,0
"hsg",1882,0,0,0
"hsg",1883,0,0,0
"hsg",1884,0,0,0
"hsg",1885,0,0,0
"hsg",1886,0,0,0
"hsg",1887,0,0,0
"hsg",1888,0,0,0
"hsg",1889,0,0,0
"hsg",1890,0,0,0
"hsg",1891,0,0,0
"hsg",1892,0,0,0
"hsg",1893,0,0,0
"hsg",1894,0,0,0
"hsg",1895,0,0,0
"hsg",1896,0,0,0
"hsg",1897,0,0,0
"hsg",1898,0,0,0
"hsg",1899,0,0,0
"hsg",1900,0,0,0
"hsg",1901,0,0,0
"hsg",1902,0,0,0
"hsg",1903,0,0,0
"hsg",1904,0,0,0
"hsg",1905,0,0,0
"hsg",1906,0,0,0
"hsg",1907,0,0,0
"hsg",1908,0,0,0
"hsg",1909,0,0,0
"hsg",1910,0,0,0
"hsg",1911,0,0,0
"hsg",1912,0,0,0
"hsg",1913,0,0,0
"hsg",1914,0,0,0
"hsg",1915,0,0,0
"hsg",1916,0,0,0
"hsg",1917,0,0,0
"hsg",1918,0,0,0
"hsg",1919,0,0,0
"hsg",1920,0,0,0
"hsg",1921,0,0,0
"hsg",1922,0,0,0
"hsg",1923,0,0,0
"hsg",1924,0,0,0
"hsg",1925,0,0,0
"hsg",1926,0,0,0
"hsg",1927,0,0,0
"hsg",1928,0,0,0
"hsg",1929,0,0,0
"hsg",1930,0,0,0
"hsg",1931,0,0,0
"hsg",1932,0,0,0
"hsg",1933,0,0,0
"hsg",1934,0,0,0
"hsg",1935,0,0,0
"hsg",1936,0,0,0
"hsg",1937,0,0,0
"hsg",1938,0,0,0
"hsg",1939,0,0,0
"hsg",1940,0,0,0
"hsg",1941,0,0,0
"hsg",1942,0,0,0
"hsg",1943,0,0,0
"hsg",1944,0,0,0
"hsg",1945,0,0,0
"hsg",1946,0,0,0
"hsg",1947,0,0,0
"hsg",1948,0,0,0
"hsg",1949,0,0,0
"hsg",1950,0,0,0
"hsg",1951,0,0,0
"hsg",1952,0,0,0
"hsg",1953,0,0,0
"hsg",1954,0,0,0
"hsg",1955,0,0,0
"hsg",1956,0,0,0
"hsg",1957,0,0,0
"hsg",1958,0,0,0
"hsg",1959,0,0,0
"hsg",1960,0,0,0
"hsg",1961,0,0,0
"hsg",1962,0,0,0
"hsg",1963,0,0,0
"hsg",1964,0,0,0
"hsg",1965,0,0,0
"hsg",1966,0,0,0
"hsg",1967,0,0,0
"hsg",1968,0,0,0
"hsg",1969,0,0,0
"hsg",1970,0,0,0
"hsg",1971,0,0,0
"hsg",1972,0,0,0
"hsg",1973,0,0,0
"hsg",1974,0,0,0
"hsg",1975,0,0,0
"hsg",1976,0,0,0
"hsg",1977,0,0,0
"hsg",1978,0,0,0
"hsg",1979,0,0,0
"hsg",1980,0,0,0
"hsg",1981,0,0,0
"hsg",1982,0,0,0
"hsg",1983,0,0,0
"hsg",1984,0,0,0
"hsg",1985,0,0,0
"hsg",1986,0,0,0
"hsg",1987,0,0,0
"hsg",1988,0,0,0
"hsg",1989,0,0,0
"hsg",1990,0,0,0
"hsg",1991,0,0,0
"hsg",1992,0,0,0
"hsg",1993,0,0,0
"hsg",1994,0,0,0
"hsg",1995,0,0,0
"hsg",1996,0,0,0
"hsg",1997,0,0,0
"hsg",1998,0,0,0
"hsg",1999,0,0,0
"hsg",2000,0,0,0
"hsg",2001,0,0,0
"hsg",2002,0,0,0
"hsg",2003,0,0,0
"hsg",2004,0,0,0
"hsg",2005,0,0,0
"hsg",2006,0,0,0
"hsg",2007,0,0,0
"hsg",2008,0,0,0
"hsg",2009,0,0,0
"hsg",2010,0,0,0
"hsg",2011,0,0,0
"hsg",2012,0,0,0
"hsg",2013,0,0,0
"hsg",2014,0,0,0
"hun",1816,0,0,0
"hun",1817,0,0,0
"hun",1818,0,0,0
"hun",1819,0,0,0
"hun",1820,0,0,0
"hun",1821,0,0,0
"hun",1822,0,0,0
"hun",1823,0,0,0
"hun",1824,0,0,0
"hun",1825,0,0,0
"hun",1826,0,0,0
"hun",1827,0,0,0
"hun",1828,0,0,0
"hun",1829,0,0,0
"hun",1830,0,0,0
"hun",1831,0,0,0
"hun",1832,0,0,0
"hun",1833,0,0,0
"hun",1834,0,0,0
"hun",1835,0,0,0
"hun",1836,0,0,0
"hun",1837,0,0,0
"hun",1838,0,0,0
"hun",1839,0,0,0
"hun",1840,0,0,0
"hun",1841,0,0,0
"hun",1842,0,0,0
"hun",1843,0,0,0
"hun",1844,0,0,0
"hun",1845,0,0,0
"hun",1846,0,0,0
"hun",1847,0,0,0
"hun",1848,0,0,0
"hun",1849,0,0,0
"hun",1850,0,0,0
"hun",1851,0,0,0
"hun",1852,0,0,0
"hun",1853,0,0,0
"hun",1854,0,0,0
"hun",1855,0,0,0
"hun",1856,0,0,0
"hun",1857,0,0,0
"hun",1858,0,0,0
"hun",1859,0,0,0
"hun",1860,0,0,0
"hun",1861,0,0,0
"hun",1862,0,0,0
"hun",1863,0,0,0
"hun",1864,0,0,0
"hun",1865,0,0,0
"hun",1866,0,0,0
"hun",1867,0,0,0
"hun",1868,0,0,0
"hun",1869,0,0,0
"hun",1870,0,0,0
"hun",1871,0,0,0
"hun",1872,0,0,0
"hun",1873,0,0,0
"hun",1874,0,0,0
"hun",1875,0,0,0
"hun",1876,0,0,0
"hun",1877,0,0,0
"hun",1878,0,0,0
"hun",1879,0,0,0
"hun",1880,0,0,0
"hun",1881,0,0,0
"hun",1882,0,0,0
"hun",1883,0,0,0
"hun",1884,0,0,0
"hun",1885,0,0,0
"hun",1886,0,0,0
"hun",1887,0,0,0
"hun",1888,0,0,0
"hun",1889,0,0,0
"hun",1890,0,0,0
"hun",1891,0,0,0
"hun",1892,0,0,0
"hun",1893,0,0,0
"hun",1894,0,0,0
"hun",1895,0,0,0
"hun",1896,0,0,0
"hun",1897,0,0,0
"hun",1898,0,0,0
"hun",1899,0,0,0
"hun",1900,0,0,0
"hun",1901,0,0,0
"hun",1902,0,0,0
"hun",1903,0,0,0
"hun",1904,0,0,0
"hun",1905,0,0,0
"hun",1906,0,0,0
"hun",1907,0,0,0
"hun",1908,0,0,0
"hun",1909,0,0,0
"hun",1910,0,0,0
"hun",1911,0,0,0
"hun",1912,0,0,0
"hun",1913,0,0,0
"hun",1914,0,0,0
"hun",1915,0,0,0
"hun",1916,0,0,0
"hun",1917,0,0,0
"hun",1918,0,0,0
"hun",1919,0,6,5
"hun",1920,0,0,0
"hun",1921,0,0,0
"hun",1922,0,0,3
"hun",1923,0,0,3
"hun",1924,0,0,0
"hun",1925,0,0,0
"hun",1926,0,0,0
"hun",1927,0,0,0
"hun",1928,0,0,0
"hun",1929,0,0,0
"hun",1930,0,0,0
"hun",1931,0,0,0
"hun",1932,0,0,0
"hun",1933,0,0,0
"hun",1934,0,0,0
"hun",1935,0,0,0
"hun",1936,0,0,0
"hun",1937,0,0,0
"hun",1938,0,0,1
"hun",1939,0,0,3
"hun",1940,0.333333333333333,0,1.66666666666667
"hun",1941,0,1.2,1.8
"hun",1942,0,2,2.33333333333333
"hun",1943,0,6,5
"hun",1944,0,3,3
"hun",1945,0,6,5
"hun",1946,0,0,0
"hun",1947,0,0,0
"hun",1948,0,0,0
"hun",1949,1,1,4
"hun",1950,1,1,4
"hun",1951,1,1,4
"hun",1952,1,0,3
"hun",1953,0,0,0
"hun",1954,0,0,0
"hun",1955,0,0,0
"hun",1956,0,6,5
"hun",1957,0,0,0
"hun",1958,0,0,0
"hun",1959,0,0,0
"hun",1960,0,0,1
"hun",1961,0,0,0
"hun",1962,0,0,0
"hun",1963,0,0,0
"hun",1964,0,0,0
"hun",1965,0,0,0
"hun",1966,0,0,0
"hun",1967,0,0,0
"hun",1968,1,0,4
"hun",1969,0,0,0
"hun",1970,0,0,0
"hun",1971,0,0,3
"hun",1972,0,0,0
"hun",1973,0,0,0
"hun",1974,0,0,0
"hun",1975,0,0,0
"hun",1976,0,0,0
"hun",1977,0,0,0
"hun",1978,0,0,0
"hun",1979,0,0,0
"hun",1980,0,0,0
"hun",1981,0,0,0
"hun",1982,0,0,0
"hun",1983,0,0,0
"hun",1984,0,0,0
"hun",1985,0,0,0
"hun",1986,0,0,0
"hun",1987,0,0,0
"hun",1988,0,0,0
"hun",1989,0,0,0
"hun",1990,0,0,0
"hun",1991,1,0,3
"hun",1992,0,0,0
"hun",1993,0,0,0
"hun",1994,0,0,3
"hun",1995,0,0,3
"hun",1996,0,0,3
"hun",1997,0,0,0
"hun",1998,0,0,0
"hun",1999,1,0,3
"hun",2000,0,0,1.5
"hun",2001,0,0,0
"hun",2002,0,0,0
"hun",2003,0,0,0
"hun",2004,0,0,0
"hun",2005,0,0,0
"hun",2006,0,0,0
"hun",2007,0,0,0
"hun",2008,0,0,0
"hun",2009,0,0,0
"hun",2010,0,0,0
"hun",2011,1,0,2
"hun",2012,0,0,0
"hun",2013,0,0,0
"hun",2014,0,0,0
"ice",1816,0,0,0
"ice",1817,0,0,0
"ice",1818,0,0,0
"ice",1819,0,0,0
"ice",1820,0,0,0
"ice",1821,0,0,0
"ice",1822,0,0,0
"ice",1823,0,0,0
"ice",1824,0,0,0
"ice",1825,0,0,0
"ice",1826,0,0,0
"ice",1827,0,0,0
"ice",1828,0,0,0
"ice",1829,0,0,0
"ice",1830,0,0,0
"ice",1831,0,0,0
"ice",1832,0,0,0
"ice",1833,0,0,0
"ice",1834,0,0,0
"ice",1835,0,0,0
"ice",1836,0,0,0
"ice",1837,0,0,0
"ice",1838,0,0,0
"ice",1839,0,0,0
"ice",1840,0,0,0
"ice",1841,0,0,0
"ice",1842,0,0,0
"ice",1843,0,0,0
"ice",1844,0,0,0
"ice",1845,0,0,0
"ice",1846,0,0,0
"ice",1847,0,0,0
"ice",1848,0,0,0
"ice",1849,0,0,0
"ice",1850,0,0,0
"ice",1851,0,0,0
"ice",1852,0,0,0
"ice",1853,0,0,0
"ice",1854,0,0,0
"ice",1855,0,0,0
"ice",1856,0,0,0
"ice",1857,0,0,0
"ice",1858,0,0,0
"ice",1859,0,0,0
"ice",1860,0,0,0
"ice",1861,0,0,0
"ice",1862,0,0,0
"ice",1863,0,0,0
"ice",1864,0,0,0
"ice",1865,0,0,0
"ice",1866,0,0,0
"ice",1867,0,0,0
"ice",1868,0,0,0
"ice",1869,0,0,0
"ice",1870,0,0,0
"ice",1871,0,0,0
"ice",1872,0,0,0
"ice",1873,0,0,0
"ice",1874,0,0,0
"ice",1875,0,0,0
"ice",1876,0,0,0
"ice",1877,0,0,0
"ice",1878,0,0,0
"ice",1879,0,0,0
"ice",1880,0,0,0
"ice",1881,0,0,0
"ice",1882,0,0,0
"ice",1883,0,0,0
"ice",1884,0,0,0
"ice",1885,0,0,0
"ice",1886,0,0,0
"ice",1887,0,0,0
"ice",1888,0,0,0
"ice",1889,0,0,0
"ice",1890,0,0,0
"ice",1891,0,0,0
"ice",1892,0,0,0
"ice",1893,0,0,0
"ice",1894,0,0,0
"ice",1895,0,0,0
"ice",1896,0,0,0
"ice",1897,0,0,0
"ice",1898,0,0,0
"ice",1899,0,0,0
"ice",1900,0,0,0
"ice",1901,0,0,0
"ice",1902,0,0,0
"ice",1903,0,0,0
"ice",1904,0,0,0
"ice",1905,0,0,0
"ice",1906,0,0,0
"ice",1907,0,0,0
"ice",1908,0,0,0
"ice",1909,0,0,0
"ice",1910,0,0,0
"ice",1911,0,0,0
"ice",1912,0,0,0
"ice",1913,0,0,0
"ice",1914,0,0,0
"ice",1915,0,0,0
"ice",1916,0,0,0
"ice",1917,0,0,0
"ice",1918,0,0,0
"ice",1919,0,0,0
"ice",1920,0,0,0
"ice",1921,0,0,0
"ice",1922,0,0,0
"ice",1923,0,0,0
"ice",1924,0,0,0
"ice",1925,0,0,0
"ice",1926,0,0,0
"ice",1927,0,0,0
"ice",1928,0,0,0
"ice",1929,0,0,0
"ice",1930,0,0,0
"ice",1931,0,0,0
"ice",1932,0,0,0
"ice",1933,0,0,0
"ice",1934,0,0,0
"ice",1935,0,0,0
"ice",1936,0,0,0
"ice",1937,0,0,0
"ice",1938,0,0,0
"ice",1939,0,0,0
"ice",1940,0,0,0
"ice",1941,0,0,0
"ice",1942,0,0,0
"ice",1943,0,0,0
"ice",1944,0,0,0
"ice",1945,0,0,0
"ice",1946,0,0,0
"ice",1947,0,0,0
"ice",1948,0,0,0
"ice",1949,0,0,0
"ice",1950,0,0,0
"ice",1951,0,0,0
"ice",1952,0,0,0
"ice",1953,0,0,0
"ice",1954,0,0,0
"ice",1955,0,0,0
"ice",1956,0,0,0
"ice",1957,0,0,0
"ice",1958,1,0,4
"ice",1959,1,0,4
"ice",1960,1,0,4
"ice",1961,0,0,0
"ice",1962,0,0,0
"ice",1963,0,0,0
"ice",1964,0,0,0
"ice",1965,0,0,0
"ice",1966,0,0,0
"ice",1967,0,0,0
"ice",1968,0,0,0
"ice",1969,0,0,0
"ice",1970,0,0,0
"ice",1971,0,0,0
"ice",1972,1,1,4
"ice",1973,1,1,4
"ice",1974,1,0,4
"ice",1975,1,0,4
"ice",1976,1,0,4
"ice",1977,0,0,0
"ice",1978,0,0,0
"ice",1979,0,0,0
"ice",1980,0,0,0
"ice",1981,0,0,0
"ice",1982,0,0,0
"ice",1983,0,0,0
"ice",1984,0,0,0
"ice",1985,0,0,0
"ice",1986,0,0,0
"ice",1987,0,0,0
"ice",1988,0,0,0
"ice",1989,0,0,0
"ice",1990,0,0,0
"ice",1991,0,0,0
"ice",1992,0,0,0
"ice",1993,0,0,0
"ice",1994,0,0,0
"ice",1995,0,0,0
"ice",1996,0,0,0
"ice",1997,0,0,0
"ice",1998,1,0,3
"ice",1999,1,0,3
"ice",2000,0,0,1.5
"ice",2001,0,0,0
"ice",2002,0,0,0
"ice",2003,0,0,0
"ice",2004,0,0,0
"ice",2005,0,0,0
"ice",2006,0,0,0
"ice",2007,0,0,0
"ice",2008,0,0,0
"ice",2009,0,0,0
"ice",2010,0,0,0
"ice",2011,1,0,2
"ice",2012,0,0,0
"ice",2013,0,0,0
"ice",2014,0,0,0
"ind",1816,0,0,0
"ind",1817,0,0,0
"ind",1818,0,0,0
"ind",1819,0,0,0
"ind",1820,0,0,0
"ind",1821,0,0,0
"ind",1822,0,0,0
"ind",1823,0,0,0
"ind",1824,0,0,0
"ind",1825,0,0,0
"ind",1826,0,0,0
"ind",1827,0,0,0
"ind",1828,0,0,0
"ind",1829,0,0,0
"ind",1830,0,0,0
"ind",1831,0,0,0
"ind",1832,0,0,0
"ind",1833,0,0,0
"ind",1834,0,0,0
"ind",1835,0,0,0
"ind",1836,0,0,0
"ind",1837,0,0,0
"ind",1838,0,0,0
"ind",1839,0,0,0
"ind",1840,0,0,0
"ind",1841,0,0,0
"ind",1842,0,0,0
"ind",1843,0,0,0
"ind",1844,0,0,0
"ind",1845,0,0,0
"ind",1846,0,0,0
"ind",1847,0,0,0
"ind",1848,0,0,0
"ind",1849,0,0,0
"ind",1850,0,0,0
"ind",1851,0,0,0
"ind",1852,0,0,0
"ind",1853,0,0,0
"ind",1854,0,0,0
"ind",1855,0,0,0
"ind",1856,0,0,0
"ind",1857,0,0,0
"ind",1858,0,0,0
"ind",1859,0,0,0
"ind",1860,0,0,0
"ind",1861,0,0,0
"ind",1862,0,0,0
"ind",1863,0,0,0
"ind",1864,0,0,0
"ind",1865,0,0,0
"ind",1866,0,0,0
"ind",1867,0,0,0
"ind",1868,0,0,0
"ind",1869,0,0,0
"ind",1870,0,0,0
"ind",1871,0,0,0
"ind",1872,0,0,0
"ind",1873,0,0,0
"ind",1874,0,0,0
"ind",1875,0,0,0
"ind",1876,0,0,0
"ind",1877,0,0,0
"ind",1878,0,0,0
"ind",1879,0,0,0
"ind",1880,0,0,0
"ind",1881,0,0,0
"ind",1882,0,0,0
"ind",1883,0,0,0
"ind",1884,0,0,0
"ind",1885,0,0,0
"ind",1886,0,0,0
"ind",1887,0,0,0
"ind",1888,0,0,0
"ind",1889,0,0,0
"ind",1890,0,0,0
"ind",1891,0,0,0
"ind",1892,0,0,0
"ind",1893,0,0,0
"ind",1894,0,0,0
"ind",1895,0,0,0
"ind",1896,0,0,0
"ind",1897,0,0,0
"ind",1898,0,0,0
"ind",1899,0,0,0
"ind",1900,0,0,0
"ind",1901,0,0,0
"ind",1902,0,0,0
"ind",1903,0,0,0
"ind",1904,0,0,0
"ind",1905,0,0,0
"ind",1906,0,0,0
"ind",1907,0,0,0
"ind",1908,0,0,0
"ind",1909,0,0,0
"ind",1910,0,0,0
"ind",1911,0,0,0
"ind",1912,0,0,0
"ind",1913,0,0,0
"ind",1914,0,0,0
"ind",1915,0,0,0
"ind",1916,0,0,0
"ind",1917,0,0,0
"ind",1918,0,0,0
"ind",1919,0,0,0
"ind",1920,0,0,0
"ind",1921,0,0,0
"ind",1922,0,0,0
"ind",1923,0,0,0
"ind",1924,0,0,0
"ind",1925,0,0,0
"ind",1926,0,0,0
"ind",1927,0,0,0
"ind",1928,0,0,0
"ind",1929,0,0,0
"ind",1930,0,0,0
"ind",1931,0,0,0
"ind",1932,0,0,0
"ind",1933,0,0,0
"ind",1934,0,0,0
"ind",1935,0,0,0
"ind",1936,0,0,0
"ind",1937,0,0,0
"ind",1938,0,0,0
"ind",1939,0,0,0
"ind",1940,0,0,0
"ind",1941,0,0,0
"ind",1942,0,0,0
"ind",1943,0,0,0
"ind",1944,0,0,0
"ind",1945,0,0,0
"ind",1946,0,0,0
"ind",1947,0,3,4
"ind",1948,0,6,5
"ind",1949,0,3,4.5
"ind",1950,0.5,0.5,3.5
"ind",1951,0,1,4
"ind",1952,0,0,2
"ind",1953,0,0,0
"ind",1954,1,0,2.5
"ind",1955,0.666666666666667,0.333333333333333,3
"ind",1956,0.333333333333333,0.333333333333333,3.66666666666667
"ind",1957,0,0,2
"ind",1958,0.5,0.5,3.5
"ind",1959,0,0.5,3.5
"ind",1960,0,0,1
"ind",1961,0.666666666666667,2.33333333333333,3.33333333333333
"ind",1962,0.333333333333333,2.33333333333333,4
"ind",1963,0,0,1
"ind",1964,0,4,4.5
"ind",1965,0,2.75,4.25
"ind",1966,0,2.66666666666667,3.33333333333333
"ind",1967,0,0.666666666666667,3
"ind",1968,1,0,4
"ind",1969,0.25,0.25,2.5
"ind",1970,0,0,3
"ind",1971,0.5,3,4
"ind",1972,0,2,4
"ind",1973,0,0,3
"ind",1974,0,0,0
"ind",1975,1,1,4
"ind",1976,1,1,4
"ind",1977,0,0,0
"ind",1978,0,0,0
"ind",1979,1,0,3
"ind",1980,0,0,4
"ind",1981,0,1,4
"ind",1982,0,0,3
"ind",1983,0.5,1,4
"ind",1984,0.333333333333333,0.5,3
"ind",1985,0.5,0.5,4
"ind",1986,0.5,0,4
"ind",1987,0.333333333333333,0,2.66666666666667
"ind",1988,0,0,1
"ind",1989,0,0,4
"ind",1990,0,0,4
"ind",1991,1,1,4
"ind",1992,1,0,4
"ind",1993,0,5,4
"ind",1994,0,5,4
"ind",1995,0,2.5,4
"ind",1996,0,2.5,3.5
"ind",1997,0,5,4
"ind",1998,0,5,4
"ind",1999,0,3.5,4
"ind",2000,0,2,4
"ind",2001,1,2,3.5
"ind",2002,1,1.66666666666667,4
"ind",2003,0.666666666666667,1.66666666666667,3
"ind",2004,0.5,0.25,3.75
"ind",2005,1,0.333333333333333,4
"ind",2006,1,1,4
"ind",2007,1,0.5,3.5
"ind",2008,0,0,3
"ind",2009,0,0.5,3.5
"ind",2010,0,1,4
"ind",2011,0,0,4
"ind",2012,0,0,4
"ind",2013,0.333333333333333,0,2.33333333333333
"ind",2014,1,0,3
"ins",1816,0,0,0
"ins",1817,0,0,0
"ins",1818,0,0,0
"ins",1819,0,0,0
"ins",1820,0,0,0
"ins",1821,0,0,0
"ins",1822,0,0,0
"ins",1823,0,0,0
"ins",1824,0,0,0
"ins",1825,0,0,0
"ins",1826,0,0,0
"ins",1827,0,0,0
"ins",1828,0,0,0
"ins",1829,0,0,0
"ins",1830,0,0,0
"ins",1831,0,0,0
"ins",1832,0,0,0
"ins",1833,0,0,0
"ins",1834,0,0,0
"ins",1835,0,0,0
"ins",1836,0,0,0
"ins",1837,0,0,0
"ins",1838,0,0,0
"ins",1839,0,0,0
"ins",1840,0,0,0
"ins",1841,0,0,0
"ins",1842,0,0,0
"ins",1843,0,0,0
"ins",1844,0,0,0
"ins",1845,0,0,0
"ins",1846,0,0,0
"ins",1847,0,0,0
"ins",1848,0,0,0
"ins",1849,0,0,0
"ins",1850,0,0,0
"ins",1851,0,0,0
"ins",1852,0,0,0
"ins",1853,0,0,0
"ins",1854,0,0,0
"ins",1855,0,0,0
"ins",1856,0,0,0
"ins",1857,0,0,0
"ins",1858,0,0,0
"ins",1859,0,0,0
"ins",1860,0,0,0
"ins",1861,0,0,0
"ins",1862,0,0,0
"ins",1863,0,0,0
"ins",1864,0,0,0
"ins",1865,0,0,0
"ins",1866,0,0,0
"ins",1867,0,0,0
"ins",1868,0,0,0
"ins",1869,0,0,0
"ins",1870,0,0,0
"ins",1871,0,0,0
"ins",1872,0,0,0
"ins",1873,0,0,0
"ins",1874,0,0,0
"ins",1875,0,0,0
"ins",1876,0,0,0
"ins",1877,0,0,0
"ins",1878,0,0,0
"ins",1879,0,0,0
"ins",1880,0,0,0
"ins",1881,0,0,0
"ins",1882,0,0,0
"ins",1883,0,0,0
"ins",1884,0,0,0
"ins",1885,0,0,0
"ins",1886,0,0,0
"ins",1887,0,0,0
"ins",1888,0,0,0
"ins",1889,0,0,0
"ins",1890,0,0,0
"ins",1891,0,0,0
"ins",1892,0,0,0
"ins",1893,0,0,0
"ins",1894,0,0,0
"ins",1895,0,0,0
"ins",1896,0,0,0
"ins",1897,0,0,0
"ins",1898,0,0,0
"ins",1899,0,0,0
"ins",1900,0,0,0
"ins",1901,0,0,0
"ins",1902,0,0,0
"ins",1903,0,0,0
"ins",1904,0,0,0
"ins",1905,0,0,0
"ins",1906,0,0,0
"ins",1907,0,0,0
"ins",1908,0,0,0
"ins",1909,0,0,0
"ins",1910,0,0,0
"ins",1911,0,0,0
"ins",1912,0,0,0
"ins",1913,0,0,0
"ins",1914,0,0,0
"ins",1915,0,0,0
"ins",1916,0,0,0
"ins",1917,0,0,0
"ins",1918,0,0,0
"ins",1919,0,0,0
"ins",1920,0,0,0
"ins",1921,0,0,0
"ins",1922,0,0,0
"ins",1923,0,0,0
"ins",1924,0,0,0
"ins",1925,0,0,0
"ins",1926,0,0,0
"ins",1927,0,0,0
"ins",1928,0,0,0
"ins",1929,0,0,0
"ins",1930,0,0,0
"ins",1931,0,0,0
"ins",1932,0,0,0
"ins",1933,0,0,0
"ins",1934,0,0,0
"ins",1935,0,0,0
"ins",1936,0,0,0
"ins",1937,0,0,0
"ins",1938,0,0,0
"ins",1939,0,0,0
"ins",1940,0,0,0
"ins",1941,0,0,0
"ins",1942,0,0,0
"ins",1943,0,0,0
"ins",1944,0,0,0
"ins",1945,0,0,0
"ins",1946,0,0,0
"ins",1947,0,0,0
"ins",1948,0,0,0
"ins",1949,0,0,0
"ins",1950,0,0,0
"ins",1951,1,0,4
"ins",1952,0,0,0
"ins",1953,1,1,4
"ins",1954,0,0,0
"ins",1955,0,0,0
"ins",1956,0,0,0
"ins",1957,1,0,4
"ins",1958,1,0,4
"ins",1959,1,0,4
"ins",1960,1,1,4
"ins",1961,1,1,4
"ins",1962,1,1,4
"ins",1963,1,1.5,4
"ins",1964,1,1.5,4
"ins",1965,1,1,4
"ins",1966,1,0,4
"ins",1967,0,0,0
"ins",1968,0,0,0
"ins",1969,0,0,0
"ins",1970,0,0,0
"ins",1971,0,0,0
"ins",1972,0,0,0
"ins",1973,0,0,0
"ins",1974,0,0,0
"ins",1975,1,0,4
"ins",1976,1,0,4
"ins",1977,0,0,0
"ins",1978,0,0,0
"ins",1979,0,0,0
"ins",1980,1,0,3
"ins",1981,0,0,0
"ins",1982,1,0,4
"ins",1983,0,0,0
"ins",1984,1,0,4
"ins",1985,0,0,0
"ins",1986,0,0,0
"ins",1987,0,0,0
"ins",1988,0,0,0
"ins",1989,0,0,0
"ins",1990,1,0,4
"ins",1991,0,0,0
"ins",1992,0,0,0
"ins",1993,0,0,0
"ins",1994,0,0,0
"ins",1995,0,0,0
"ins",1996,0,0,3
"ins",1997,0,0,0
"ins",1998,0,0,0
"ins",1999,1,0,1
"ins",2000,0,0,0
"ins",2001,0,0,0
"ins",2002,0,0,0
"ins",2003,0.666666666666667,0,3
"ins",2004,1,0,4
"ins",2005,0.5,0,3.5
"ins",2006,0,0,0
"ins",2007,0,0,0
"ins",2008,0,0,2.5
"ins",2009,0,0,0
"ins",2010,0,0,0
"ins",2011,0,0,0
"ins",2012,0,0,0
"ins",2013,0,0,0
"ins",2014,1,0,3
"ire",1816,0,0,0
"ire",1817,0,0,0
"ire",1818,0,0,0
"ire",1819,0,0,0
"ire",1820,0,0,0
"ire",1821,0,0,0
"ire",1822,0,0,0
"ire",1823,0,0,0
"ire",1824,0,0,0
"ire",1825,0,0,0
"ire",1826,0,0,0
"ire",1827,0,0,0
"ire",1828,0,0,0
"ire",1829,0,0,0
"ire",1830,0,0,0
"ire",1831,0,0,0
"ire",1832,0,0,0
"ire",1833,0,0,0
"ire",1834,0,0,0
"ire",1835,0,0,0
"ire",1836,0,0,0
"ire",1837,0,0,0
"ire",1838,0,0,0
"ire",1839,0,0,0
"ire",1840,0,0,0
"ire",1841,0,0,0
"ire",1842,0,0,0
"ire",1843,0,0,0
"ire",1844,0,0,0
"ire",1845,0,0,0
"ire",1846,0,0,0
"ire",1847,0,0,0
"ire",1848,0,0,0
"ire",1849,0,0,0
"ire",1850,0,0,0
"ire",1851,0,0,0
"ire",1852,0,0,0
"ire",1853,0,0,0
"ire",1854,0,0,0
"ire",1855,0,0,0
"ire",1856,0,0,0
"ire",1857,0,0,0
"ire",1858,0,0,0
"ire",1859,0,0,0
"ire",1860,0,0,0
"ire",1861,0,0,0
"ire",1862,0,0,0
"ire",1863,0,0,0
"ire",1864,0,0,0
"ire",1865,0,0,0
"ire",1866,0,0,0
"ire",1867,0,0,0
"ire",1868,0,0,0
"ire",1869,0,0,0
"ire",1870,0,0,0
"ire",1871,0,0,0
"ire",1872,0,0,0
"ire",1873,0,0,0
"ire",1874,0,0,0
"ire",1875,0,0,0
"ire",1876,0,0,0
"ire",1877,0,0,0
"ire",1878,0,0,0
"ire",1879,0,0,0
"ire",1880,0,0,0
"ire",1881,0,0,0
"ire",1882,0,0,0
"ire",1883,0,0,0
"ire",1884,0,0,0
"ire",1885,0,0,0
"ire",1886,0,0,0
"ire",1887,0,0,0
"ire",1888,0,0,0
"ire",1889,0,0,0
"ire",1890,0,0,0
"ire",1891,0,0,0
"ire",1892,0,0,0
"ire",1893,0,0,0
"ire",1894,0,0,0
"ire",1895,0,0,0
"ire",1896,0,0,0
"ire",1897,0,0,0
"ire",1898,0,0,0
"ire",1899,0,0,0
"ire",1900,0,0,0
"ire",1901,0,0,0
"ire",1902,0,0,0
"ire",1903,0,0,0
"ire",1904,0,0,0
"ire",1905,0,0,0
"ire",1906,0,0,0
"ire",1907,0,0,0
"ire",1908,0,0,0
"ire",1909,0,0,0
"ire",1910,0,0,0
"ire",1911,0,0,0
"ire",1912,0,0,0
"ire",1913,0,0,0
"ire",1914,0,0,0
"ire",1915,0,0,0
"ire",1916,0,0,0
"ire",1917,0,0,0
"ire",1918,0,0,0
"ire",1919,0,0,0
"ire",1920,0,0,0
"ire",1921,0,0,0
"ire",1922,0,0,0
"ire",1923,0,0,0
"ire",1924,0,0,0
"ire",1925,0,0,0
"ire",1926,0,0,0
"ire",1927,0,0,0
"ire",1928,0,0,0
"ire",1929,0,0,0
"ire",1930,0,0,0
"ire",1931,0,0,0
"ire",1932,0,0,0
"ire",1933,0,0,0
"ire",1934,0,0,0
"ire",1935,0,0,0
"ire",1936,0,0,0
"ire",1937,0,0,0
"ire",1938,0,0,0
"ire",1939,0,0,0
"ire",1940,0,0,1
"ire",1941,0,0,0
"ire",1942,0,0,0
"ire",1943,0,0,0
"ire",1944,0,0,0
"ire",1945,0,0,0
"ire",1946,0,0,0
"ire",1947,0,0,0
"ire",1948,0,0,0
"ire",1949,0,0,0
"ire",1950,0,0,0
"ire",1951,0,0,0
"ire",1952,0,0,0
"ire",1953,0,0,0
"ire",1954,0,0,0
"ire",1955,0,0,0
"ire",1956,0,0,0
"ire",1957,0,0,0
"ire",1958,0,0,0
"ire",1959,0,0,0
"ire",1960,0,0,0
"ire",1961,0,0,0
"ire",1962,0,0,0
"ire",1963,0,0,0
"ire",1964,0,0,0
"ire",1965,0,0,0
"ire",1966,0,0,0
"ire",1967,0,0,0
"ire",1968,0,0,0
"ire",1969,0,0,0
"ire",1970,0,0,0
"ire",1971,0,0,0
"ire",1972,0,0,0
"ire",1973,0,0,0
"ire",1974,0,0,0
"ire",1975,0,0,0
"ire",1976,0,0,0
"ire",1977,0,0,0
"ire",1978,0,0,0
"ire",1979,0,0,0
"ire",1980,0,0,0
"ire",1981,0,0,0
"ire",1982,0,0,0
"ire",1983,0,0,0
"ire",1984,0,0,0
"ire",1985,1,0,4
"ire",1986,0,0,0
"ire",1987,0,0,0
"ire",1988,0,0,0
"ire",1989,0,0,0
"ire",1990,0,0,0
"ire",1991,0,0,0
"ire",1992,0,0,0
"ire",1993,0,0,0
"ire",1994,0,0,0
"ire",1995,0,0,0
"ire",1996,0,0,0
"ire",1997,0,0,0
"ire",1998,0,0,0
"ire",1999,0,0,0
"ire",2000,0,0,1
"ire",2001,0,0,0
"ire",2002,0,0,0
"ire",2003,0,0,0
"ire",2004,0,0,0
"ire",2005,0,0,0
"ire",2006,0,0,0
"ire",2007,0,0,0
"ire",2008,0,0,0
"ire",2009,0,0,0
"ire",2010,0,0,0
"ire",2011,0,0,0
"ire",2012,0,0,0
"ire",2013,0,0,0
"ire",2014,0,0,0
"irn",1816,0,0,0
"irn",1817,0,0,0
"irn",1818,0,0,0
"irn",1819,0,0,0
"irn",1820,0,0,0
"irn",1821,0,0,0
"irn",1822,0,0,0
"irn",1823,0,0,0
"irn",1824,0,0,0
"irn",1825,0,0,0
"irn",1826,0,0,0
"irn",1827,0,0,0
"irn",1828,0,0,0
"irn",1829,0,0,0
"irn",1830,0,0,0
"irn",1831,0,0,0
"irn",1832,0,0,0
"irn",1833,0,0,0
"irn",1834,0,0,0
"irn",1835,0,0,0
"irn",1836,0,0,0
"irn",1837,0,0,0
"irn",1838,0,0,0
"irn",1839,0,0,0
"irn",1840,0,0,0
"irn",1841,0,0,0
"irn",1842,0,0,0
"irn",1843,0,0,0
"irn",1844,0,0,0
"irn",1845,0,0,0
"irn",1846,0,0,0
"irn",1847,0,0,0
"irn",1848,0,0,0
"irn",1849,0,0,0
"irn",1850,0,0,0
"irn",1851,0,0,0
"irn",1852,0,0,0
"irn",1853,0,0,0
"irn",1854,0,0,0
"irn",1855,0,0,0
"irn",1856,0,6,5
"irn",1857,0,6,5
"irn",1858,0,0,0
"irn",1859,0,0,0
"irn",1860,0,0,0
"irn",1861,0,0,0
"irn",1862,0,0,0
"irn",1863,0,0,0
"irn",1864,0,0,0
"irn",1865,0,0,0
"irn",1866,0,0,0
"irn",1867,0,0,0
"irn",1868,0,0,0
"irn",1869,0,0,0
"irn",1870,0,0,0
"irn",1871,0,0,0
"irn",1872,0,0,0
"irn",1873,0,0,0
"irn",1874,0,0,0
"irn",1875,0,0,0
"irn",1876,0,0,0
"irn",1877,0,0,0
"irn",1878,0,0,0
"irn",1879,0,0,0
"irn",1880,0,0,0
"irn",1881,0,0,0
"irn",1882,0,0,0
"irn",1883,0,0,0
"irn",1884,0,0,0
"irn",1885,0,0,0
"irn",1886,0,0,0
"irn",1887,0,0,0
"irn",1888,0,0,0
"irn",1889,0,0,0
"irn",1890,0,0,0
"irn",1891,0,0,0
"irn",1892,0,0,0
"irn",1893,0,0,0
"irn",1894,0,0,0
"irn",1895,0,0,0
"irn",1896,0,0,0
"irn",1897,0,0,0
"irn",1898,0,0,0
"irn",1899,0,0,0
"irn",1900,0,0,0
"irn",1901,0,0,0
"irn",1902,0,0,0
"irn",1903,0,0,0
"irn",1904,0,0,0
"irn",1905,0,0,0
"irn",1906,0,0,0
"irn",1907,0,0,0
"irn",1908,0,0,1
"irn",1909,0,0,1
"irn",1910,0,0,1
"irn",1911,0,0,0
"irn",1912,0,0,0
"irn",1913,0,0,0
"irn",1914,0,0,0
"irn",1915,0,0,0
"irn",1916,0,0,0
"irn",1917,0,0,0
"irn",1918,1,0,4
"irn",1919,0,0,0
"irn",1920,0,0,0
"irn",1921,0,0,0
"irn",1922,0,0,0
"irn",1923,0,0,0
"irn",1924,0,0,0
"irn",1925,0,0,0
"irn",1926,0,0,0
"irn",1927,0,0,0
"irn",1928,0,0,0
"irn",1929,0,0,0
"irn",1930,0,0,0
"irn",1931,0,0,0
"irn",1932,0,0,0
"irn",1933,0,0,1
"irn",1934,0.5,0,2
"irn",1935,1,0,3
"irn",1936,0,0,0
"irn",1937,0,0,0
"irn",1938,0,0,0
"irn",1939,0,0,0
"irn",1940,0,0,1
"irn",1941,0,0,0
"irn",1942,0,0,0
"irn",1943,0,0,4
"irn",1944,0,0,4
"irn",1945,0,0,2.5
"irn",1946,0,0,1
"irn",1947,0,0,0
"irn",1948,0,0,0
"irn",1949,0,0,0
"irn",1950,0,0,0
"irn",1951,0.5,0,3.5
"irn",1952,0,0,0
"irn",1953,0,0,0
"irn",1954,0,0,0
"irn",1955,0,0,0
"irn",1956,0,0,0
"irn",1957,0,0,0
"irn",1958,0,0,0
"irn",1959,0,0.5,2.5
"irn",1960,0,1,4
"irn",1961,0,0,1
"irn",1962,0,0,0
"irn",1963,0,0,0
"irn",1964,0,0,0
"irn",1965,1,1,4
"irn",1966,1,0.5,4
"irn",1967,0,0,0
"irn",1968,0,0,0
"irn",1969,1,1,3.5
"irn",1970,0,0,3
"irn",1971,1,1,4
"irn",1972,1,1,4
"irn",1973,1,1,4
"irn",1974,1,2,4
"irn",1975,1,2,4
"irn",1976,0,0,0
"irn",1977,0,0,0
"irn",1978,0,1,3
"irn",1979,0.666666666666667,2,4
"irn",1980,0.5,1.5,4
"irn",1981,0.6,1.4,4.2
"irn",1982,0,6,5
"irn",1983,0.333333333333333,2,3.66666666666667
"irn",1984,0.875,0.75,4
"irn",1985,0.909090909090909,0.545454545454545,3.90909090909091
"irn",1986,0.923076923076923,0.461538461538462,3.69230769230769
"irn",1987,0.88,0.28,3.92
"irn",1988,0.888888888888889,0.388888888888889,4.05555555555556
"irn",1989,0,0.5,4
"irn",1990,0,0,0
"irn",1991,1,0,4
"irn",1992,1,0,3.5
"irn",1993,0.666666666666667,0,2.66666666666667
"irn",1994,0.5,0.5,2.5
"irn",1995,0,0,3
"irn",1996,0.5,0,2.5
"irn",1997,1,0,3
"irn",1998,1,0,4
"irn",1999,0.666666666666667,0,3.66666666666667
"irn",2000,0,0,0
"irn",2001,0.5,0,2
"irn",2002,0.5,0,3
"irn",2003,0.25,0.25,3.5
"irn",2004,0.166666666666667,0.166666666666667,2.83333333333333
"irn",2005,0.333333333333333,0.333333333333333,2.66666666666667
"irn",2006,0,0,4
"irn",2007,0.2,0.2,2.8
"irn",2008,0.666666666666667,0,3.33333333333333
"irn",2009,0.4,0.2,3.6
"irn",2010,0.5,0.25,3.25
"irn",2011,0.5,0.5,3
"irn",2012,0.666666666666667,0,3.16666666666667
"irn",2013,0.75,0.25,4
"irn",2014,0.75,0.25,3.25
"irq",1816,0,0,0
"irq",1817,0,0,0
"irq",1818,0,0,0
"irq",1819,0,0,0
"irq",1820,0,0,0
"irq",1821,0,0,0
"irq",1822,0,0,0
"irq",1823,0,0,0
"irq",1824,0,0,0
"irq",1825,0,0,0
"irq",1826,0,0,0
"irq",1827,0,0,0
"irq",1828,0,0,0
"irq",1829,0,0,0
"irq",1830,0,0,0
"irq",1831,0,0,0
"irq",1832,0,0,0
"irq",1833,0,0,0
"irq",1834,0,0,0
"irq",1835,0,0,0
"irq",1836,0,0,0
"irq",1837,0,0,0
"irq",1838,0,0,0
"irq",1839,0,0,0
"irq",1840,0,0,0
"irq",1841,0,0,0
"irq",1842,0,0,0
"irq",1843,0,0,0
"irq",1844,0,0,0
"irq",1845,0,0,0
"irq",1846,0,0,0
"irq",1847,0,0,0
"irq",1848,0,0,0
"irq",1849,0,0,0
"irq",1850,0,0,0
"irq",1851,0,0,0
"irq",1852,0,0,0
"irq",1853,0,0,0
"irq",1854,0,0,0
"irq",1855,0,0,0
"irq",1856,0,0,0
"irq",1857,0,0,0
"irq",1858,0,0,0
"irq",1859,0,0,0
"irq",1860,0,0,0
"irq",1861,0,0,0
"irq",1862,0,0,0
"irq",1863,0,0,0
"irq",1864,0,0,0
"irq",1865,0,0,0
"irq",1866,0,0,0
"irq",1867,0,0,0
"irq",1868,0,0,0
"irq",1869,0,0,0
"irq",1870,0,0,0
"irq",1871,0,0,0
"irq",1872,0,0,0
"irq",1873,0,0,0
"irq",1874,0,0,0
"irq",1875,0,0,0
"irq",1876,0,0,0
"irq",1877,0,0,0
"irq",1878,0,0,0
"irq",1879,0,0,0
"irq",1880,0,0,0
"irq",1881,0,0,0
"irq",1882,0,0,0
"irq",1883,0,0,0
"irq",1884,0,0,0
"irq",1885,0,0,0
"irq",1886,0,0,0
"irq",1887,0,0,0
"irq",1888,0,0,0
"irq",1889,0,0,0
"irq",1890,0,0,0
"irq",1891,0,0,0
"irq",1892,0,0,0
"irq",1893,0,0,0
"irq",1894,0,0,0
"irq",1895,0,0,0
"irq",1896,0,0,0
"irq",1897,0,0,0
"irq",1898,0,0,0
"irq",1899,0,0,0
"irq",1900,0,0,0
"irq",1901,0,0,0
"irq",1902,0,0,0
"irq",1903,0,0,0
"irq",1904,0,0,0
"irq",1905,0,0,0
"irq",1906,0,0,0
"irq",1907,0,0,0
"irq",1908,0,0,0
"irq",1909,0,0,0
"irq",1910,0,0,0
"irq",1911,0,0,0
"irq",1912,0,0,0
"irq",1913,0,0,0
"irq",1914,0,0,0
"irq",1915,0,0,0
"irq",1916,0,0,0
"irq",1917,0,0,0
"irq",1918,0,0,0
"irq",1919,0,0,0
"irq",1920,0,0,0
"irq",1921,0,0,0
"irq",1922,0,0,0
"irq",1923,0,0,0
"irq",1924,0,0,0
"irq",1925,0,0,0
"irq",1926,0,0,0
"irq",1927,0,0,0
"irq",1928,0,0,0
"irq",1929,0,0,0
"irq",1930,0,0,0
"irq",1931,0,0,0
"irq",1932,0,0,0
"irq",1933,0,0,0
"irq",1934,1,0,3
"irq",1935,1,0,3
"irq",1936,0,0,0
"irq",1937,0,0,0
"irq",1938,0,0,0
"irq",1939,0,0,0
"irq",1940,0,0,0
"irq",1941,0,0,0
"irq",1942,0,0,0
"irq",1943,0,0,4
"irq",1944,0,0,4
"irq",1945,0,0,4
"irq",1946,0,0,0
"irq",1947,0,0,0
"irq",1948,1,5,5
"irq",1949,0,0,3
"irq",1950,0,0,0
"irq",1951,0,0,0
"irq",1952,0,0,0
"irq",1953,0,0,0
"irq",1954,0,0,0
"irq",1955,0,0,0
"irq",1956,0,0,0
"irq",1957,0,0,3
"irq",1958,0,0,1
"irq",1959,1,0.5,2.5
"irq",1960,1,1,4
"irq",1961,1,0,4
"irq",1962,0.5,0.5,4
"irq",1963,0,0,0
"irq",1964,0,0,0
"irq",1965,1,0.5,4
"irq",1966,1,0.5,3.5
"irq",1967,1,0,3
"irq",1968,0,0,0
"irq",1969,1,0.5,4
"irq",1970,1,0,3.5
"irq",1971,1,1,4
"irq",1972,1,0.5,4
"irq",1973,0.666666666666667,1.66666666666667,4.33333333333333
"irq",1974,1,2,4
"irq",1975,1,1,4
"irq",1976,1,0,3
"irq",1977,0,0,0
"irq",1978,0,0,0
"irq",1979,1,3,4.5
"irq",1980,1,6,5
"irq",1981,0.5,3,3
"irq",1982,0.6,1.2,3
"irq",1983,1,3,4.5
"irq",1984,1,0.6,4.1
"irq",1985,1,0.545454545454545,4.09090909090909
"irq",1986,1,1.2,4.2
"irq",1987,0.727272727272727,0.545454545454545,4.09090909090909
"irq",1988,0.857142857142857,0.857142857142857,4.14285714285714
"irq",1989,0,0,4
"irq",1990,1,3,4.5
"irq",1991,0.666666666666667,1,2.83333333333333
"irq",1992,0.5,0,3.5
"irq",1993,0.5,0,3.5
"irq",1994,0.666666666666667,0,2.66666666666667
"irq",1995,0.5,0,2
"irq",1996,0,0,2
"irq",1997,0.25,1.5,3.25
"irq",1998,0.333333333333333,2,3.33333333333333
"irq",1999,0.333333333333333,1,2
"irq",2000,0.666666666666667,2,2.33333333333333
"irq",2001,0.333333333333333,2,2.33333333333333
"irq",2002,0.333333333333333,2,3
"irq",2003,0.2,1.2,2.2
"irq",2004,0,0,4
"irq",2005,0.25,0,2.5
"irq",2006,0,0,3
"irq",2007,0,0,1.66666666666667
"irq",2008,0,0,1
"irq",2009,0,0,1
"irq",2010,0,0,1
"irq",2011,1,0,1
"irq",2012,1,0,2
"irq",2013,1,0,2
"irq",2014,1,0,2
"isr",1816,0,0,0
"isr",1817,0,0,0
"isr",1818,0,0,0
"isr",1819,0,0,0
"isr",1820,0,0,0
"isr",1821,0,0,0
"isr",1822,0,0,0
"isr",1823,0,0,0
"isr",1824,0,0,0
"isr",1825,0,0,0
"isr",1826,0,0,0
"isr",1827,0,0,0
"isr",1828,0,0,0
"isr",1829,0,0,0
"isr",1830,0,0,0
"isr",1831,0,0,0
"isr",1832,0,0,0
"isr",1833,0,0,0
"isr",1834,0,0,0
"isr",1835,0,0,0
"isr",1836,0,0,0
"isr",1837,0,0,0
"isr",1838,0,0,0
"isr",1839,0,0,0
"isr",1840,0,0,0
"isr",1841,0,0,0
"isr",1842,0,0,0
"isr",1843,0,0,0
"isr",1844,0,0,0
"isr",1845,0,0,0
"isr",1846,0,0,0
"isr",1847,0,0,0
"isr",1848,0,0,0
"isr",1849,0,0,0
"isr",1850,0,0,0
"isr",1851,0,0,0
"isr",1852,0,0,0
"isr",1853,0,0,0
"isr",1854,0,0,0
"isr",1855,0,0,0
"isr",1856,0,0,0
"isr",1857,0,0,0
"isr",1858,0,0,0
"isr",1859,0,0,0
"isr",1860,0,0,0
"isr",1861,0,0,0
"isr",1862,0,0,0
"isr",1863,0,0,0
"isr",1864,0,0,0
"isr",1865,0,0,0
"isr",1866,0,0,0
"isr",1867,0,0,0
"isr",1868,0,0,0
"isr",1869,0,0,0
"isr",1870,0,0,0
"isr",1871,0,0,0
"isr",1872,0,0,0
"isr",1873,0,0,0
"isr",1874,0,0,0
"isr",1875,0,0,0
"isr",1876,0,0,0
"isr",1877,0,0,0
"isr",1878,0,0,0
"isr",1879,0,0,0
"isr",1880,0,0,0
"isr",1881,0,0,0
"isr",1882,0,0,0
"isr",1883,0,0,0
"isr",1884,0,0,0
"isr",1885,0,0,0
"isr",1886,0,0,0
"isr",1887,0,0,0
"isr",1888,0,0,0
"isr",1889,0,0,0
"isr",1890,0,0,0
"isr",1891,0,0,0
"isr",1892,0,0,0
"isr",1893,0,0,0
"isr",1894,0,0,0
"isr",1895,0,0,0
"isr",1896,0,0,0
"isr",1897,0,0,0
"isr",1898,0,0,0
"isr",1899,0,0,0
"isr",1900,0,0,0
"isr",1901,0,0,0
"isr",1902,0,0,0
"isr",1903,0,0,0
"isr",1904,0,0,0
"isr",1905,0,0,0
"isr",1906,0,0,0
"isr",1907,0,0,0
"isr",1908,0,0,0
"isr",1909,0,0,0
"isr",1910,0,0,0
"isr",1911,0,0,0
"isr",1912,0,0,0
"isr",1913,0,0,0
"isr",1914,0,0,0
"isr",1915,0,0,0
"isr",1916,0,0,0
"isr",1917,0,0,0
"isr",1918,0,0,0
"isr",1919,0,0,0
"isr",1920,0,0,0
"isr",1921,0,0,0
"isr",1922,0,0,0
"isr",1923,0,0,0
"isr",1924,0,0,0
"isr",1925,0,0,0
"isr",1926,0,0,0
"isr",1927,0,0,0
"isr",1928,0,0,0
"isr",1929,0,0,0
"isr",1930,0,0,0
"isr",1931,0,0,0
"isr",1932,0,0,0
"isr",1933,0,0,0
"isr",1934,0,0,0
"isr",1935,0,0,0
"isr",1936,0,0,0
"isr",1937,0,0,0
"isr",1938,0,0,0
"isr",1939,0,0,0
"isr",1940,0,0,0
"isr",1941,0,0,0
"isr",1942,0,0,0
"isr",1943,0,0,0
"isr",1944,0,0,0
"isr",1945,0,0,0
"isr",1946,0,0,0
"isr",1947,0,0,0
"isr",1948,0,6,5
"isr",1949,0,0.5,3.5
"isr",1950,0.2,0.8,3.4
"isr",1951,0.142857142857143,0.571428571428571,3.42857142857143
"isr",1952,0.166666666666667,0.666666666666667,4
"isr",1953,0,0.8,3.4
"isr",1954,0,0.571428571428571,3.28571428571429
"isr",1955,0,1.22222222222222,3.55555555555556
"isr",1956,0,2.2,3.8
"isr",1957,0,0.75,3.5
"isr",1958,0,0.666666666666667,3.66666666666667
"isr",1959,0,0.571428571428571,4
"isr",1960,0,0.5,3.5
"isr",1961,0,0.6,4
"isr",1962,0,1,4
"isr",1963,0,0.75,4
"isr",1964,0,0.666666666666667,4
"isr",1965,0.25,0.5,4
"isr",1966,0,1.75,4.25
"isr",1967,0.166666666666667,2.33333333333333,3.66666666666667
"isr",1968,0,2.66666666666667,3.33333333333333
"isr",1969,0,4,4.5
"isr",1970,0.333333333333333,2.66666666666667,4.33333333333333
"isr",1971,0,3,3
"isr",1972,0,6,5
"isr",1973,0,2.25,3.5
"isr",1974,0.25,0.75,3.75
"isr",1975,0,0.25,3.25
"isr",1976,0.666666666666667,0.166666666666667,3.5
"isr",1977,0,0,3.5
"isr",1978,1,0,4
"isr",1979,0.5,0,3.5
"isr",1980,0.333333333333333,0.333333333333333,3.66666666666667
"isr",1981,0.4,0.2,3.2
"isr",1982,1,2,4
"isr",1983,0.333333333333333,1.33333333333333,3
"isr",1984,0.5,2,4
"isr",1985,0.5,1,4
"isr",1986,0.5,0,4
"isr",1987,0,0,0
"isr",1988,0,0,0
"isr",1989,0,0,1
"isr",1990,0.5,0,3.5
"isr",1991,0.666666666666667,0,3.33333333333333
"isr",1992,0,0,0
"isr",1993,1,3,4
"isr",1994,1,3,4
"isr",1995,1,3,4
"isr",1996,1,3,4
"isr",1997,1,3,4
"isr",1998,0.5,1.5,3.5
"isr",1999,1,3,4
"isr",2000,1,3,4
"isr",2001,1,3,4
"isr",2002,0.333333333333333,1,2
"isr",2003,0.6,0.6,3.8
"isr",2004,0.5,1.5,4
"isr",2005,1,3,4
"isr",2006,0.75,1,3.75
"isr",2007,1,0.5,4
"isr",2008,1,1,4
"isr",2009,0.5,0.5,4
"isr",2010,1,0.5,3.5
"isr",2011,1,0.2,3.8
"isr",2012,1,0.333333333333333,3
"isr",2013,0.5,0.5,3.5
"isr",2014,0.5,0.5,4
"ita",1816,0,0,0
"ita",1817,0,0,0
"ita",1818,0,0,0
"ita",1819,0,0,0
"ita",1820,0,0,0
"ita",1821,0,0,0
"ita",1822,0,0,0
"ita",1823,0,0,0
"ita",1824,0,0,0
"ita",1825,0,1,4
"ita",1826,0,0,0
"ita",1827,0,0,0
"ita",1828,0,0,0
"ita",1829,0,0,0
"ita",1830,0,0,0
"ita",1831,0,0,0
"ita",1832,0,0,0
"ita",1833,0,0,0
"ita",1834,0,0,0
"ita",1835,0,0,0
"ita",1836,0,0,0
"ita",1837,0,0,0
"ita",1838,0,0,0
"ita",1839,0,0,0
"ita",1840,0,0,0
"ita",1841,0,0,0
"ita",1842,0,0,0
"ita",1843,0,0,0
"ita",1844,0,0,0
"ita",1845,0,0,0
"ita",1846,0,0,0
"ita",1847,0,0,0
"ita",1848,1,6,5
"ita",1849,1,6,5
"ita",1850,0,0,0
"ita",1851,0,0,0
"ita",1852,0,0,0
"ita",1853,0,0,3
"ita",1854,0,0,0
"ita",1855,0,6,5
"ita",1856,0,6,5
"ita",1857,0,0,0
"ita",1858,0,0,0
"ita",1859,1,6,5
"ita",1860,1,4.5,5
"ita",1861,1,5,5
"ita",1862,0,0,0
"ita",1863,0,0,0
"ita",1864,0,0,0
"ita",1865,0,0,0
"ita",1866,0,1,3
"ita",1867,0,0,0
"ita",1868,0,0,0
"ita",1869,0,0,0
"ita",1870,0,0,3
"ita",1871,0,0,0
"ita",1872,0,0,0
"ita",1873,0,0,0
"ita",1874,0,0,0
"ita",1875,0,0,0
"ita",1876,0,0,3
"ita",1877,0,0,3
"ita",1878,0,0,0
"ita",1879,0,0,0
"ita",1880,1,0,3
"ita",1881,0,0,0
"ita",1882,0,0,0
"ita",1883,1,0,2
"ita",1884,0,0,0
"ita",1885,0,0,4
"ita",1886,0.5,0,4
"ita",1887,0,0,0
"ita",1888,0,0,3
"ita",1889,0,0,0
"ita",1890,1,0,3
"ita",1891,1,0,3
"ita",1892,0,0,0
"ita",1893,0,0,0
"ita",1894,0,0,0
"ita",1895,0,0,0
"ita",1896,1,0,3
"ita",1897,1,0,4
"ita",1898,0.5,0,2.5
"ita",1899,1,0,3
"ita",1900,0,1,4
"ita",1901,0,0,0
"ita",1902,1,0,4
"ita",1903,1,0,4
"ita",1904,0,0,1
"ita",1905,1,0,4
"ita",1906,0,0,0
"ita",1907,0,0,0
"ita",1908,0,0,3
"ita",1909,0,0,0
"ita",1910,0,0,3
"ita",1911,0.25,1.5,3.25
"ita",1912,1,0,4
"ita",1913,0,0,0
"ita",1914,0,0,5
"ita",1915,0,3,5
"ita",1916,0,6,5
"ita",1917,0,6,5
"ita",1918,0.5,3,4.5
"ita",1919,0,0,4
"ita",1920,1,0,4
"ita",1921,0,0,2
"ita",1922,1,0,3
"ita",1923,1,0,3.66666666666667
"ita",1924,0,0,3
"ita",1925,0,0,1
"ita",1926,0,0,2
"ita",1927,0.5,0,2
"ita",1928,0,0,0
"ita",1929,0,0,0
"ita",1930,0,0,0
"ita",1931,0,0,1
"ita",1932,0,0,0
"ita",1933,0,0,0
"ita",1934,0.333333333333333,2,3.66666666666667
"ita",1935,1,6,5
"ita",1936,1,6,4.5
"ita",1937,1,1,4
"ita",1938,1,6,4
"ita",1939,0.8,1.4,3.6
"ita",1940,0.5,0.6,3.9
"ita",1941,0.1,0.6,1.4
"ita",1942,0.0714285714285714,0.428571428571429,1.5
"ita",1943,0.125,1.5,2
"ita",1944,0,2,2.33333333333333
"ita",1945,0,3,3
"ita",1946,0,0,0
"ita",1947,0,0,0
"ita",1948,0,0,0
"ita",1949,0,0,0
"ita",1950,0,0,0
"ita",1951,0,0,0
"ita",1952,0,0,3
"ita",1953,0,0,3
"ita",1954,0,0,4
"ita",1955,0,0,1
"ita",1956,0,0,0
"ita",1957,0,0,0
"ita",1958,0,0,0
"ita",1959,0,0,0
"ita",1960,0,0,1
"ita",1961,0,0,0
"ita",1962,0,0,0
"ita",1963,0,0,0
"ita",1964,0,0,0
"ita",1965,0,0,0
"ita",1966,0,0,0
"ita",1967,0,0,0
"ita",1968,0,0,0
"ita",1969,0,0,0
"ita",1970,0,0,0
"ita",1971,0,0,0
"ita",1972,0,0,0
"ita",1973,0,0,0
"ita",1974,0,0,0
"ita",1975,0,0,0
"ita",1976,0,0,0
"ita",1977,0,0,0
"ita",1978,0,0,1
"ita",1979,0,0,0
"ita",1980,0,0,3
"ita",1981,0,0,0
"ita",1982,0,0,3
"ita",1983,0,0,0
"ita",1984,0,0,0
"ita",1985,0,0,1
"ita",1986,0,0,0
"ita",1987,0,0,3
"ita",1988,0,0,0
"ita",1989,0,0,0
"ita",1990,0,1,5
"ita",1991,0,1,5
"ita",1992,1,0,4
"ita",1993,1,0,4
"ita",1994,1,0,4
"ita",1995,1,0,4
"ita",1996,1,0,4
"ita",1997,0,0,0
"ita",1998,1,0,4
"ita",1999,0.333333333333333,0,2.66666666666667
"ita",2000,0,0,2
"ita",2001,0,0,0
"ita",2002,0,0,0
"ita",2003,0,0,0
"ita",2004,0,0,0
"ita",2005,0,0,0
"ita",2006,0,0,0
"ita",2007,0,0,0
"ita",2008,0,0,0
"ita",2009,0,0,0
"ita",2010,0,0,0
"ita",2011,1,0,4
"ita",2012,0,0,4
"ita",2013,0,0,0
"ita",2014,0,0,0
"jam",1816,0,0,0
"jam",1817,0,0,0
"jam",1818,0,0,0
"jam",1819,0,0,0
"jam",1820,0,0,0
"jam",1821,0,0,0
"jam",1822,0,0,0
"jam",1823,0,0,0
"jam",1824,0,0,0
"jam",1825,0,0,0
"jam",1826,0,0,0
"jam",1827,0,0,0
"jam",1828,0,0,0
"jam",1829,0,0,0
"jam",1830,0,0,0
"jam",1831,0,0,0
"jam",1832,0,0,0
"jam",1833,0,0,0
"jam",1834,0,0,0
"jam",1835,0,0,0
"jam",1836,0,0,0
"jam",1837,0,0,0
"jam",1838,0,0,0
"jam",1839,0,0,0
"jam",1840,0,0,0
"jam",1841,0,0,0
"jam",1842,0,0,0
"jam",1843,0,0,0
"jam",1844,0,0,0
"jam",1845,0,0,0
"jam",1846,0,0,0
"jam",1847,0,0,0
"jam",1848,0,0,0
"jam",1849,0,0,0
"jam",1850,0,0,0
"jam",1851,0,0,0
"jam",1852,0,0,0
"jam",1853,0,0,0
"jam",1854,0,0,0
"jam",1855,0,0,0
"jam",1856,0,0,0
"jam",1857,0,0,0
"jam",1858,0,0,0
"jam",1859,0,0,0
"jam",1860,0,0,0
"jam",1861,0,0,0
"jam",1862,0,0,0
"jam",1863,0,0,0
"jam",1864,0,0,0
"jam",1865,0,0,0
"jam",1866,0,0,0
"jam",1867,0,0,0
"jam",1868,0,0,0
"jam",1869,0,0,0
"jam",1870,0,0,0
"jam",1871,0,0,0
"jam",1872,0,0,0
"jam",1873,0,0,0
"jam",1874,0,0,0
"jam",1875,0,0,0
"jam",1876,0,0,0
"jam",1877,0,0,0
"jam",1878,0,0,0
"jam",1879,0,0,0
"jam",1880,0,0,0
"jam",1881,0,0,0
"jam",1882,0,0,0
"jam",1883,0,0,0
"jam",1884,0,0,0
"jam",1885,0,0,0
"jam",1886,0,0,0
"jam",1887,0,0,0
"jam",1888,0,0,0
"jam",1889,0,0,0
"jam",1890,0,0,0
"jam",1891,0,0,0
"jam",1892,0,0,0
"jam",1893,0,0,0
"jam",1894,0,0,0
"jam",1895,0,0,0
"jam",1896,0,0,0
"jam",1897,0,0,0
"jam",1898,0,0,0
"jam",1899,0,0,0
"jam",1900,0,0,0
"jam",1901,0,0,0
"jam",1902,0,0,0
"jam",1903,0,0,0
"jam",1904,0,0,0
"jam",1905,0,0,0
"jam",1906,0,0,0
"jam",1907,0,0,0
"jam",1908,0,0,0
"jam",1909,0,0,0
"jam",1910,0,0,0
"jam",1911,0,0,0
"jam",1912,0,0,0
"jam",1913,0,0,0
"jam",1914,0,0,0
"jam",1915,0,0,0
"jam",1916,0,0,0
"jam",1917,0,0,0
"jam",1918,0,0,0
"jam",1919,0,0,0
"jam",1920,0,0,0
"jam",1921,0,0,0
"jam",1922,0,0,0
"jam",1923,0,0,0
"jam",1924,0,0,0
"jam",1925,0,0,0
"jam",1926,0,0,0
"jam",1927,0,0,0
"jam",1928,0,0,0
"jam",1929,0,0,0
"jam",1930,0,0,0
"jam",1931,0,0,0
"jam",1932,0,0,0
"jam",1933,0,0,0
"jam",1934,0,0,0
"jam",1935,0,0,0
"jam",1936,0,0,0
"jam",1937,0,0,0
"jam",1938,0,0,0
"jam",1939,0,0,0
"jam",1940,0,0,0
"jam",1941,0,0,0
"jam",1942,0,0,0
"jam",1943,0,0,0
"jam",1944,0,0,0
"jam",1945,0,0,0
"jam",1946,0,0,0
"jam",1947,0,0,0
"jam",1948,0,0,0
"jam",1949,0,0,0
"jam",1950,0,0,0
"jam",1951,0,0,0
"jam",1952,0,0,0
"jam",1953,0,0,0
"jam",1954,0,0,0
"jam",1955,0,0,0
"jam",1956,0,0,0
"jam",1957,0,0,0
"jam",1958,0,0,0
"jam",1959,0,0,0
"jam",1960,0,0,0
"jam",1961,0,0,0
"jam",1962,0,0,0
"jam",1963,0,0,0
"jam",1964,0,0,0
"jam",1965,0,0,0
"jam",1966,0,0,0
"jam",1967,0,0,0
"jam",1968,0,0,0
"jam",1969,0,0,0
"jam",1970,0,0,0
"jam",1971,0,0,0
"jam",1972,0,0,0
"jam",1973,0,0,0
"jam",1974,0,0,0
"jam",1975,0,0,0
"jam",1976,0,0,0
"jam",1977,0,0,0
"jam",1978,0,0,0
"jam",1979,0,0,0
"jam",1980,0,0,0
"jam",1981,0,0,0
"jam",1982,0,0,0
"jam",1983,0,0,4
"jam",1984,0,0,0
"jam",1985,0,0,0
"jam",1986,0,0,0
"jam",1987,0,0,0
"jam",1988,0,0,0
"jam",1989,0,0,0
"jam",1990,0,0,0
"jam",1991,0,0,0
"jam",1992,0,0,0
"jam",1993,0,0,0
"jam",1994,0,0,0
"jam",1995,0,0,0
"jam",1996,0,0,0
"jam",1997,0,0,0
"jam",1998,0,0,0
"jam",1999,0,0,0
"jam",2000,0,0,0
"jam",2001,0,0,0
"jam",2002,0,0,0
"jam",2003,0,0,0
"jam",2004,0,0,0
"jam",2005,0,0,0
"jam",2006,0,0,0
"jam",2007,0,0,0
"jam",2008,0,0,0
"jam",2009,0,0,0
"jam",2010,0,0,0
"jam",2011,1,0,4
"jam",2012,0,0,0
"jam",2013,0,0,0
"jam",2014,0,0,0
"jor",1816,0,0,0
"jor",1817,0,0,0
"jor",1818,0,0,0
"jor",1819,0,0,0
"jor",1820,0,0,0
"jor",1821,0,0,0
"jor",1822,0,0,0
"jor",1823,0,0,0
"jor",1824,0,0,0
"jor",1825,0,0,0
"jor",1826,0,0,0
"jor",1827,0,0,0
"jor",1828,0,0,0
"jor",1829,0,0,0
"jor",1830,0,0,0
"jor",1831,0,0,0
"jor",1832,0,0,0
"jor",1833,0,0,0
"jor",1834,0,0,0
"jor",1835,0,0,0
"jor",1836,0,0,0
"jor",1837,0,0,0
"jor",1838,0,0,0
"jor",1839,0,0,0
"jor",1840,0,0,0
"jor",1841,0,0,0
"jor",1842,0,0,0
"jor",1843,0,0,0
"jor",1844,0,0,0
"jor",1845,0,0,0
"jor",1846,0,0,0
"jor",1847,0,0,0
"jor",1848,0,0,0
"jor",1849,0,0,0
"jor",1850,0,0,0
"jor",1851,0,0,0
"jor",1852,0,0,0
"jor",1853,0,0,0
"jor",1854,0,0,0
"jor",1855,0,0,0
"jor",1856,0,0,0
"jor",1857,0,0,0
"jor",1858,0,0,0
"jor",1859,0,0,0
"jor",1860,0,0,0
"jor",1861,0,0,0
"jor",1862,0,0,0
"jor",1863,0,0,0
"jor",1864,0,0,0
"jor",1865,0,0,0
"jor",1866,0,0,0
"jor",1867,0,0,0
"jor",1868,0,0,0
"jor",1869,0,0,0
"jor",1870,0,0,0
"jor",1871,0,0,0
"jor",1872,0,0,0
"jor",1873,0,0,0
"jor",1874,0,0,0
"jor",1875,0,0,0
"jor",1876,0,0,0
"jor",1877,0,0,0
"jor",1878,0,0,0
"jor",1879,0,0,0
"jor",1880,0,0,0
"jor",1881,0,0,0
"jor",1882,0,0,0
"jor",1883,0,0,0
"jor",1884,0,0,0
"jor",1885,0,0,0
"jor",1886,0,0,0
"jor",1887,0,0,0
"jor",1888,0,0,0
"jor",1889,0,0,0
"jor",1890,0,0,0
"jor",1891,0,0,0
"jor",1892,0,0,0
"jor",1893,0,0,0
"jor",1894,0,0,0
"jor",1895,0,0,0
"jor",1896,0,0,0
"jor",1897,0,0,0
"jor",1898,0,0,0
"jor",1899,0,0,0
"jor",1900,0,0,0
"jor",1901,0,0,0
"jor",1902,0,0,0
"jor",1903,0,0,0
"jor",1904,0,0,0
"jor",1905,0,0,0
"jor",1906,0,0,0
"jor",1907,0,0,0
"jor",1908,0,0,0
"jor",1909,0,0,0
"jor",1910,0,0,0
"jor",1911,0,0,0
"jor",1912,0,0,0
"jor",1913,0,0,0
"jor",1914,0,0,0
"jor",1915,0,0,0
"jor",1916,0,0,0
"jor",1917,0,0,0
"jor",1918,0,0,0
"jor",1919,0,0,0
"jor",1920,0,0,0
"jor",1921,0,0,0
"jor",1922,0,0,0
"jor",1923,0,0,0
"jor",1924,0,0,0
"jor",1925,0,0,0
"jor",1926,0,0,0
"jor",1927,0,0,0
"jor",1928,0,0,0
"jor",1929,0,0,0
"jor",1930,0,0,0
"jor",1931,0,0,0
"jor",1932,0,0,0
"jor",1933,0,0,0
"jor",1934,0,0,0
"jor",1935,0,0,0
"jor",1936,0,0,0
"jor",1937,0,0,0
"jor",1938,0,0,0
"jor",1939,0,0,0
"jor",1940,0,0,0
"jor",1941,0,0,0
"jor",1942,0,0,0
"jor",1943,0,0,0
"jor",1944,0,0,0
"jor",1945,0,0,0
"jor",1946,0,0,0
"jor",1947,0,0,0
"jor",1948,1,6,5
"jor",1949,1,0.5,3.5
"jor",1950,1,3,4
"jor",1951,1,3,4
"jor",1952,1,3,4
"jor",1953,1,3,4
"jor",1954,1,3,4
"jor",1955,1,3,4
"jor",1956,1,3,4
"jor",1957,0.5,1,2.5
"jor",1958,1,1,4
"jor",1959,0.5,0.75,4
"jor",1960,1,0.5,4
"jor",1961,0.5,0.5,3.5
"jor",1962,0.5,0.5,3.5
"jor",1963,1,1,4
"jor",1964,1,1,4
"jor",1965,1,1,4
"jor",1966,0.5,0.5,2.5
"jor",1967,1,4.5,4.5
"jor",1968,1,3,4
"jor",1969,1,3,4
"jor",1970,0.5,3,4
"jor",1971,0,1,5
"jor",1972,0,1,5
"jor",1973,0,1,5
"jor",1974,0,0,0
"jor",1975,0,0,0
"jor",1976,0,0,0
"jor",1977,0,0,0
"jor",1978,0,0,0
"jor",1979,0,0,0
"jor",1980,0,0,3
"jor",1981,0,0,3
"jor",1982,0,0,1
"jor",1983,0,0,0
"jor",1984,0,0,0
"jor",1985,0,0,0
"jor",1986,0,0,0
"jor",1987,0,0,0
"jor",1988,0,0,0
"jor",1989,0,0,0
"jor",1990,0.5,0.5,2.5
"jor",1991,0.5,0.5,2.5
"jor",1992,0,0,0
"jor",1993,0,0,0
"jor",1994,0,0,0
"jor",1995,0,0,0
"jor",1996,0,0,0
"jor",1997,0,0,0
"jor",1998,0,0,0
"jor",1999,0,0,3
"jor",2000,0,0,1
"jor",2001,0,0,0
"jor",2002,0,0,0
"jor",2003,0,0,0
"jor",2004,0,0,0
"jor",2005,0,0,0
"jor",2006,0,0,0
"jor",2007,0,0,0
"jor",2008,0,0,0
"jor",2009,0,0,0
"jor",2010,0,0,0
"jor",2011,1,0,4
"jor",2012,0,0,0
"jor",2013,1,0,1
"jor",2014,0,0,0
"jpn",1816,0,0,0
"jpn",1817,0,0,0
"jpn",1818,0,0,0
"jpn",1819,0,0,0
"jpn",1820,0,0,0
"jpn",1821,0,0,0
"jpn",1822,0,0,0
"jpn",1823,0,0,0
"jpn",1824,0,0,0
"jpn",1825,0,0,0
"jpn",1826,0,0,0
"jpn",1827,0,0,0
"jpn",1828,0,0,0
"jpn",1829,0,0,0
"jpn",1830,0,0,0
"jpn",1831,0,0,0
"jpn",1832,0,0,0
"jpn",1833,0,0,0
"jpn",1834,0,0,0
"jpn",1835,0,0,0
"jpn",1836,0,0,0
"jpn",1837,0,0,0
"jpn",1838,0,0,0
"jpn",1839,0,0,0
"jpn",1840,0,0,0
"jpn",1841,0,0,0
"jpn",1842,0,0,0
"jpn",1843,0,0,0
"jpn",1844,0,0,0
"jpn",1845,0,0,0
"jpn",1846,0,0,0
"jpn",1847,0,0,0
"jpn",1848,0,0,0
"jpn",1849,0,0,0
"jpn",1850,0,0,0
"jpn",1851,0,0,0
"jpn",1852,0,0,0
"jpn",1853,0,0,0
"jpn",1854,0,0,0
"jpn",1855,0,0,0
"jpn",1856,0,0,0
"jpn",1857,0,0,0
"jpn",1858,0,0,0
"jpn",1859,0,0,0
"jpn",1860,0,0,0
"jpn",1861,0,2,3
"jpn",1862,0,0,0
"jpn",1863,0,0,0
"jpn",1864,0,0,0
"jpn",1865,0,0,1
"jpn",1866,0,0,0
"jpn",1867,0,0,0
"jpn",1868,0,0,0
"jpn",1869,0,0,0
"jpn",1870,0,0,0
"jpn",1871,0,0,1
"jpn",1872,0,0,1
"jpn",1873,1,0,2
"jpn",1874,1,0,4
"jpn",1875,1,0,4
"jpn",1876,0,0,0
"jpn",1877,0,0,0
"jpn",1878,0,0,0
"jpn",1879,1,0,4
"jpn",1880,0,0,0
"jpn",1881,0,0,0
"jpn",1882,1,0,3
"jpn",1883,0,0,0
"jpn",1884,1,1,4
"jpn",1885,1,0.5,2.5
"jpn",1886,0,0,0
"jpn",1887,0,0,0
"jpn",1888,0,0,0
"jpn",1889,0,0,0
"jpn",1890,0,0,0
"jpn",1891,0,0,0
"jpn",1892,0,0,0
"jpn",1893,0,0,0
"jpn",1894,1,6,5
"jpn",1895,0.5,3,3
"jpn",1896,0,0,0
"jpn",1897,1,0,3
"jpn",1898,1,0,3
"jpn",1899,0,0,0
"jpn",1900,0.5,2.5,4
"jpn",1901,0,0,0
"jpn",1902,0,0,0
"jpn",1903,0,6,5
"jpn",1904,0,6,5
"jpn",1905,0,6,5
"jpn",1906,0,0,0
"jpn",1907,0,0,2
"jpn",1908,0,0,0
"jpn",1909,0,1,4
"jpn",1910,0,0,0
"jpn",1911,0,0,0
"jpn",1912,0,0,0
"jpn",1913,0,0,0
"jpn",1914,0.5,2,4.5
"jpn",1915,0.5,2,4.5
"jpn",1916,0.5,2.5,4.5
"jpn",1917,0.5,2.5,4.5
"jpn",1918,0.5,3,4.5
"jpn",1919,0.75,0.5,3.5
"jpn",1920,1,0,4
"jpn",1921,1,0,4
"jpn",1922,1,0,4
"jpn",1923,0,0,0
"jpn",1924,0,0,0
"jpn",1925,0,0,3
"jpn",1926,1,0.5,3
"jpn",1927,0,0,3.5
"jpn",1928,0,1,4
"jpn",1929,0,0,0
"jpn",1930,0,0,0
"jpn",1931,1,6,5
"jpn",1932,0.5,3,3
"jpn",1933,1,4,4.5
"jpn",1934,0.5,0.5,2.5
"jpn",1935,1,1,4
"jpn",1936,0,0.5,3.5
"jpn",1937,1,2.33333333333333,4.33333333333333
"jpn",1938,1,4,4.66666666666667
"jpn",1939,1,4,4.66666666666667
"jpn",1940,0.5,1.5,3.75
"jpn",1941,0.166666666666667,1,2
"jpn",1942,0.0833333333333333,0.5,1.33333333333333
"jpn",1943,0.2,1.2,1.8
"jpn",1944,0.25,1.5,2
"jpn",1945,0.0909090909090909,0.545454545454545,1.36363636363636
"jpn",1946,0,0,0
"jpn",1947,0,0,0
"jpn",1948,0,0,0
"jpn",1949,0,0,0
"jpn",1950,0,0,0
"jpn",1951,0,0,0
"jpn",1952,0,0,0
"jpn",1953,0,0,1.66666666666667
"jpn",1954,0,0,1.5
"jpn",1955,0,0,1
"jpn",1956,0,0,1
"jpn",1957,0,0,1
"jpn",1958,0,0,1
"jpn",1959,0,0,1
"jpn",1960,0,0,1
"jpn",1961,0,0,1
"jpn",1962,0,0,1
"jpn",1963,0,0,1
"jpn",1964,0,0,1
"jpn",1965,0,0,1
"jpn",1966,0,0,1
"jpn",1967,0,0,1
"jpn",1968,0,0,1
"jpn",1969,0,0,1
"jpn",1970,0,0,0
"jpn",1971,0,0,0
"jpn",1972,0,0,0
"jpn",1973,0,0,0
"jpn",1974,0,0,0
"jpn",1975,0,0,0
"jpn",1976,0,0,4
"jpn",1977,0,0,1
"jpn",1978,0,0,2
"jpn",1979,0,0,2
"jpn",1980,0,0,0
"jpn",1981,0,0,0
"jpn",1982,0.25,0,1.5
"jpn",1983,0,0,1
"jpn",1984,0,0,3
"jpn",1985,0,0,0
"jpn",1986,0,0,0
"jpn",1987,0,0,1
"jpn",1988,0,0,1
"jpn",1989,0,0,0
"jpn",1990,0,0,0
"jpn",1991,0,0,1
"jpn",1992,0,0,0
"jpn",1993,1,0,3
"jpn",1994,0.5,0,3
"jpn",1995,0.333333333333333,0,3
"jpn",1996,0.4,0,2.2
"jpn",1997,0,0,2
"jpn",1998,0,0,3
"jpn",1999,0.2,0,2.8
"jpn",2000,1,0,1
"jpn",2001,0,0,3.5
"jpn",2002,0.5,0,2
"jpn",2003,1,0,3.66666666666667
"jpn",2004,0.5,0,3.5
"jpn",2005,0.333333333333333,0,1.66666666666667
"jpn",2006,0,0,1.66666666666667
"jpn",2007,0,0,1
"jpn",2008,0,0,2
"jpn",2009,0,0,1
"jpn",2010,0.666666666666667,0,2.66666666666667
"jpn",2011,1,0,3.33333333333333
"jpn",2012,1,0,3.2
"jpn",2013,1,0,3.2
"jpn",2014,1,0,3.5
"ken",1816,0,0,0
"ken",1817,0,0,0
"ken",1818,0,0,0
"ken",1819,0,0,0
"ken",1820,0,0,0
"ken",1821,0,0,0
"ken",1822,0,0,0
"ken",1823,0,0,0
"ken",1824,0,0,0
"ken",1825,0,0,0
"ken",1826,0,0,0
"ken",1827,0,0,0
"ken",1828,0,0,0
"ken",1829,0,0,0
"ken",1830,0,0,0
"ken",1831,0,0,0
"ken",1832,0,0,0
"ken",1833,0,0,0
"ken",1834,0,0,0
"ken",1835,0,0,0
"ken",1836,0,0,0
"ken",1837,0,0,0
"ken",1838,0,0,0
"ken",1839,0,0,0
"ken",1840,0,0,0
"ken",1841,0,0,0
"ken",1842,0,0,0
"ken",1843,0,0,0
"ken",1844,0,0,0
"ken",1845,0,0,0
"ken",1846,0,0,0
"ken",1847,0,0,0
"ken",1848,0,0,0
"ken",1849,0,0,0
"ken",1850,0,0,0
"ken",1851,0,0,0
"ken",1852,0,0,0
"ken",1853,0,0,0
"ken",1854,0,0,0
"ken",1855,0,0,0
"ken",1856,0,0,0
"ken",1857,0,0,0
"ken",1858,0,0,0
"ken",1859,0,0,0
"ken",1860,0,0,0
"ken",1861,0,0,0
"ken",1862,0,0,0
"ken",1863,0,0,0
"ken",1864,0,0,0
"ken",1865,0,0,0
"ken",1866,0,0,0
"ken",1867,0,0,0
"ken",1868,0,0,0
"ken",1869,0,0,0
"ken",1870,0,0,0
"ken",1871,0,0,0
"ken",1872,0,0,0
"ken",1873,0,0,0
"ken",1874,0,0,0
"ken",1875,0,0,0
"ken",1876,0,0,0
"ken",1877,0,0,0
"ken",1878,0,0,0
"ken",1879,0,0,0
"ken",1880,0,0,0
"ken",1881,0,0,0
"ken",1882,0,0,0
"ken",1883,0,0,0
"ken",1884,0,0,0
"ken",1885,0,0,0
"ken",1886,0,0,0
"ken",1887,0,0,0
"ken",1888,0,0,0
"ken",1889,0,0,0
"ken",1890,0,0,0
"ken",1891,0,0,0
"ken",1892,0,0,0
"ken",1893,0,0,0
"ken",1894,0,0,0
"ken",1895,0,0,0
"ken",1896,0,0,0
"ken",1897,0,0,0
"ken",1898,0,0,0
"ken",1899,0,0,0
"ken",1900,0,0,0
"ken",1901,0,0,0
"ken",1902,0,0,0
"ken",1903,0,0,0
"ken",1904,0,0,0
"ken",1905,0,0,0
"ken",1906,0,0,0
"ken",1907,0,0,0
"ken",1908,0,0,0
"ken",1909,0,0,0
"ken",1910,0,0,0
"ken",1911,0,0,0
"ken",1912,0,0,0
"ken",1913,0,0,0
"ken",1914,0,0,0
"ken",1915,0,0,0
"ken",1916,0,0,0
"ken",1917,0,0,0
"ken",1918,0,0,0
"ken",1919,0,0,0
"ken",1920,0,0,0
"ken",1921,0,0,0
"ken",1922,0,0,0
"ken",1923,0,0,0
"ken",1924,0,0,0
"ken",1925,0,0,0
"ken",1926,0,0,0
"ken",1927,0,0,0
"ken",1928,0,0,0
"ken",1929,0,0,0
"ken",1930,0,0,0
"ken",1931,0,0,0
"ken",1932,0,0,0
"ken",1933,0,0,0
"ken",1934,0,0,0
"ken",1935,0,0,0
"ken",1936,0,0,0
"ken",1937,0,0,0
"ken",1938,0,0,0
"ken",1939,0,0,0
"ken",1940,0,0,0
"ken",1941,0,0,0
"ken",1942,0,0,0
"ken",1943,0,0,0
"ken",1944,0,0,0
"ken",1945,0,0,0
"ken",1946,0,0,0
"ken",1947,0,0,0
"ken",1948,0,0,0
"ken",1949,0,0,0
"ken",1950,0,0,0
"ken",1951,0,0,0
"ken",1952,0,0,0
"ken",1953,0,0,0
"ken",1954,0,0,0
"ken",1955,0,0,0
"ken",1956,0,0,0
"ken",1957,0,0,0
"ken",1958,0,0,0
"ken",1959,0,0,0
"ken",1960,0,0,0
"ken",1961,0,0,0
"ken",1962,0,0,0
"ken",1963,0,0,0
"ken",1964,0,0,0
"ken",1965,1,0,4
"ken",1966,0,0,0
"ken",1967,0,2,4
"ken",1968,0,0,0
"ken",1969,0,0,0
"ken",1970,0,0,0
"ken",1971,0,0,0
"ken",1972,0,0,0
"ken",1973,0,0,1
"ken",1974,0,0,0
"ken",1975,1,0,4
"ken",1976,0,0,0
"ken",1977,0,0,1
"ken",1978,1,0,4
"ken",1979,0,0,0
"ken",1980,0,0,0
"ken",1981,0,0,0
"ken",1982,0,0,0
"ken",1983,0,0,0
"ken",1984,0,0,0
"ken",1985,0,0,0
"ken",1986,0,0,0
"ken",1987,0,2,4
"ken",1988,0,0,0
"ken",1989,0,0.5,3
"ken",1990,0,0,0
"ken",1991,0,0,0
"ken",1992,0,0,0
"ken",1993,0,0,0
"ken",1994,0,0,0
"ken",1995,1,0,3
"ken",1996,0,0,0
"ken",1997,0,0,3
"ken",1998,0,0,0
"ken",1999,0,0,4
"ken",2000,0,0,0
"ken",2001,0,0,0
"ken",2002,0,0,1
"ken",2003,0,0,1
"ken",2004,1,0,3
"ken",2005,0.5,0,3
"ken",2006,0,0,3.5
"ken",2007,0,0,0
"ken",2008,0,0,3
"ken",2009,0,0,3
"ken",2010,0,0,1
"ken",2011,1,0,4
"ken",2012,0,0,0
"ken",2013,0,0,0
"ken",2014,0,0,0
"kor",1816,0,0,0
"kor",1817,0,0,0
"kor",1818,0,0,0
"kor",1819,0,0,0
"kor",1820,0,0,0
"kor",1821,0,0,0
"kor",1822,0,0,0
"kor",1823,0,0,0
"kor",1824,0,0,0
"kor",1825,0,0,0
"kor",1826,0,0,0
"kor",1827,0,0,0
"kor",1828,0,0,0
"kor",1829,0,0,0
"kor",1830,0,0,0
"kor",1831,0,0,0
"kor",1832,0,0,0
"kor",1833,0,0,0
"kor",1834,0,0,0
"kor",1835,0,0,0
"kor",1836,0,0,0
"kor",1837,0,0,0
"kor",1838,0,0,0
"kor",1839,0,0,0
"kor",1840,0,0,0
"kor",1841,0,0,0
"kor",1842,0,0,0
"kor",1843,0,0,0
"kor",1844,0,0,0
"kor",1845,0,0,0
"kor",1846,0,0,0
"kor",1847,0,0,0
"kor",1848,0,0,0
"kor",1849,0,0,0
"kor",1850,0,0,0
"kor",1851,0,0,0
"kor",1852,0,0,0
"kor",1853,0,0,0
"kor",1854,0,0,0
"kor",1855,0,0,0
"kor",1856,0,0,0
"kor",1857,0,0,0
"kor",1858,0,0,0
"kor",1859,0,0,0
"kor",1860,0,0,0
"kor",1861,0,0,0
"kor",1862,0,0,0
"kor",1863,0,0,0
"kor",1864,0,0,0
"kor",1865,0,0,0
"kor",1866,0,0,0
"kor",1867,0,0,0
"kor",1868,0,0,0
"kor",1869,0,0,0
"kor",1870,0,0,0
"kor",1871,0,0,0
"kor",1872,0,0,0
"kor",1873,0,0,0
"kor",1874,0,0,0
"kor",1875,0,0,0
"kor",1876,0,0,0
"kor",1877,0,0,0
"kor",1878,0,0,0
"kor",1879,0,0,0
"kor",1880,0,0,0
"kor",1881,0,0,0
"kor",1882,0,0,0
"kor",1883,0,0,0
"kor",1884,0,0,0
"kor",1885,0,0,0
"kor",1886,0,0,0
"kor",1887,0,0,0
"kor",1888,0,0,0
"kor",1889,0,0,0
"kor",1890,0,0,0
"kor",1891,0,0,0
"kor",1892,0,0,0
"kor",1893,0,0,0
"kor",1894,0,2,4
"kor",1895,0,0,0
"kor",1896,0,0,0
"kor",1897,0,0,1
"kor",1898,0,0,1
"kor",1899,0,0,1
"kor",1900,0,0,1
"kor",1901,0,0,0
"kor",1902,0,0,0
"kor",1903,0,0,0
"kor",1904,0,0,0
"kor",1905,0,0,0
"kor",1906,0,0,0
"kor",1907,0,0,0
"kor",1908,0,0,0
"kor",1909,0,0,0
"kor",1910,0,0,0
"kor",1911,0,0,0
"kor",1912,0,0,0
"kor",1913,0,0,0
"kor",1914,0,0,0
"kor",1915,0,0,0
"kor",1916,0,0,0
"kor",1917,0,0,0
"kor",1918,0,0,0
"kor",1919,0,0,0
"kor",1920,0,0,0
"kor",1921,0,0,0
"kor",1922,0,0,0
"kor",1923,0,0,0
"kor",1924,0,0,0
"kor",1925,0,0,0
"kor",1926,0,0,0
"kor",1927,0,0,0
"kor",1928,0,0,0
"kor",1929,0,0,0
"kor",1930,0,0,0
"kor",1931,0,0,0
"kor",1932,0,0,0
"kor",1933,0,0,0
"kor",1934,0,0,0
"kor",1935,0,0,0
"kor",1936,0,0,0
"kor",1937,0,0,0
"kor",1938,0,0,0
"kor",1939,0,0,0
"kor",1940,0,0,0
"kor",1941,0,0,0
"kor",1942,0,0,0
"kor",1943,0,0,0
"kor",1944,0,0,0
"kor",1945,0,0,0
"kor",1946,0,0,0
"kor",1947,0,0,0
"kor",1948,0,0,0
"kor",1949,0,0,0
"kor",1950,0,0,0
"kor",1951,0,0,0
"kor",1952,0,0,0
"kor",1953,0,0,0
"kor",1954,0,0,0
"kor",1955,0,0,0
"kor",1956,0,0,0
"kor",1957,0,0,0
"kor",1958,0,0,0
"kor",1959,0,0,0
"kor",1960,0,0,0
"kor",1961,0,0,0
"kor",1962,0,0,0
"kor",1963,0,0,0
"kor",1964,0,0,0
"kor",1965,0,0,0
"kor",1966,0,0,0
"kor",1967,0,0,0
"kor",1968,0,0,0
"kor",1969,0,0,0
"kor",1970,0,0,0
"kor",1971,0,0,0
"kor",1972,0,0,0
"kor",1973,0,0,0
"kor",1974,0,0,0
"kor",1975,0,0,0
"kor",1976,0,0,0
"kor",1977,0,0,0
"kor",1978,0,0,0
"kor",1979,0,0,0
"kor",1980,0,0,0
"kor",1981,0,0,0
"kor",1982,0,0,0
"kor",1983,0,0,0
"kor",1984,0,0,0
"kor",1985,0,0,0
"kor",1986,0,0,0
"kor",1987,0,0,0
"kor",1988,0,0,0
"kor",1989,0,0,0
"kor",1990,0,0,0
"kor",1991,0,0,0
"kor",1992,0,0,0
"kor",1993,0,0,0
"kor",1994,0,0,0
"kor",1995,0,0,0
"kor",1996,0,0,0
"kor",1997,0,0,0
"kor",1998,0,0,0
"kor",1999,0,0,0
"kor",2000,0,0,0
"kor",2001,0,0,0
"kor",2002,0,0,0
"kor",2003,0,0,0
"kor",2004,0,0,0
"kor",2005,0,0,0
"kor",2006,0,0,0
"kor",2007,0,0,0
"kor",2008,0,0,0
"kor",2009,0,0,0
"kor",2010,0,0,0
"kor",2011,0,0,0
"kor",2012,0,0,0
"kor",2013,0,0,0
"kor",2014,0,0,0
"kos",1816,0,0,0
"kos",1817,0,0,0
"kos",1818,0,0,0
"kos",1819,0,0,0
"kos",1820,0,0,0
"kos",1821,0,0,0
"kos",1822,0,0,0
"kos",1823,0,0,0
"kos",1824,0,0,0
"kos",1825,0,0,0
"kos",1826,0,0,0
"kos",1827,0,0,0
"kos",1828,0,0,0
"kos",1829,0,0,0
"kos",1830,0,0,0
"kos",1831,0,0,0
"kos",1832,0,0,0
"kos",1833,0,0,0
"kos",1834,0,0,0
"kos",1835,0,0,0
"kos",1836,0,0,0
"kos",1837,0,0,0
"kos",1838,0,0,0
"kos",1839,0,0,0
"kos",1840,0,0,0
"kos",1841,0,0,0
"kos",1842,0,0,0
"kos",1843,0,0,0
"kos",1844,0,0,0
"kos",1845,0,0,0
"kos",1846,0,0,0
"kos",1847,0,0,0
"kos",1848,0,0,0
"kos",1849,0,0,0
"kos",1850,0,0,0
"kos",1851,0,0,0
"kos",1852,0,0,0
"kos",1853,0,0,0
"kos",1854,0,0,0
"kos",1855,0,0,0
"kos",1856,0,0,0
"kos",1857,0,0,0
"kos",1858,0,0,0
"kos",1859,0,0,0
"kos",1860,0,0,0
"kos",1861,0,0,0
"kos",1862,0,0,0
"kos",1863,0,0,0
"kos",1864,0,0,0
"kos",1865,0,0,0
"kos",1866,0,0,0
"kos",1867,0,0,0
"kos",1868,0,0,0
"kos",1869,0,0,0
"kos",1870,0,0,0
"kos",1871,0,0,0
"kos",1872,0,0,0
"kos",1873,0,0,0
"kos",1874,0,0,0
"kos",1875,0,0,0
"kos",1876,0,0,0
"kos",1877,0,0,0
"kos",1878,0,0,0
"kos",1879,0,0,0
"kos",1880,0,0,0
"kos",1881,0,0,0
"kos",1882,0,0,0
"kos",1883,0,0,0
"kos",1884,0,0,0
"kos",1885,0,0,0
"kos",1886,0,0,0
"kos",1887,0,0,0
"kos",1888,0,0,0
"kos",1889,0,0,0
"kos",1890,0,0,0
"kos",1891,0,0,0
"kos",1892,0,0,0
"kos",1893,0,0,0
"kos",1894,0,0,0
"kos",1895,0,0,0
"kos",1896,0,0,0
"kos",1897,0,0,0
"kos",1898,0,0,0
"kos",1899,0,0,0
"kos",1900,0,0,0
"kos",1901,0,0,0
"kos",1902,0,0,0
"kos",1903,0,0,0
"kos",1904,0,0,0
"kos",1905,0,0,0
"kos",1906,0,0,0
"kos",1907,0,0,0
"kos",1908,0,0,0
"kos",1909,0,0,0
"kos",1910,0,0,0
"kos",1911,0,0,0
"kos",1912,0,0,0
"kos",1913,0,0,0
"kos",1914,0,0,0
"kos",1915,0,0,0
"kos",1916,0,0,0
"kos",1917,0,0,0
"kos",1918,0,0,0
"kos",1919,0,0,0
"kos",1920,0,0,0
"kos",1921,0,0,0
"kos",1922,0,0,0
"kos",1923,0,0,0
"kos",1924,0,0,0
"kos",1925,0,0,0
"kos",1926,0,0,0
"kos",1927,0,0,0
"kos",1928,0,0,0
"kos",1929,0,0,0
"kos",1930,0,0,0
"kos",1931,0,0,0
"kos",1932,0,0,0
"kos",1933,0,0,0
"kos",1934,0,0,0
"kos",1935,0,0,0
"kos",1936,0,0,0
"kos",1937,0,0,0
"kos",1938,0,0,0
"kos",1939,0,0,0
"kos",1940,0,0,0
"kos",1941,0,0,0
"kos",1942,0,0,0
"kos",1943,0,0,0
"kos",1944,0,0,0
"kos",1945,0,0,0
"kos",1946,0,0,0
"kos",1947,0,0,0
"kos",1948,0,0,0
"kos",1949,0,0,0
"kos",1950,0,0,0
"kos",1951,0,0,0
"kos",1952,0,0,0
"kos",1953,0,0,0
"kos",1954,0,0,0
"kos",1955,0,0,0
"kos",1956,0,0,0
"kos",1957,0,0,0
"kos",1958,0,0,0
"kos",1959,0,0,0
"kos",1960,0,0,0
"kos",1961,0,0,0
"kos",1962,0,0,0
"kos",1963,0,0,0
"kos",1964,0,0,0
"kos",1965,0,0,0
"kos",1966,0,0,0
"kos",1967,0,0,0
"kos",1968,0,0,0
"kos",1969,0,0,0
"kos",1970,0,0,0
"kos",1971,0,0,0
"kos",1972,0,0,0
"kos",1973,0,0,0
"kos",1974,0,0,0
"kos",1975,0,0,0
"kos",1976,0,0,0
"kos",1977,0,0,0
"kos",1978,0,0,0
"kos",1979,0,0,0
"kos",1980,0,0,0
"kos",1981,0,0,0
"kos",1982,0,0,0
"kos",1983,0,0,0
"kos",1984,0,0,0
"kos",1985,0,0,0
"kos",1986,0,0,0
"kos",1987,0,0,0
"kos",1988,0,0,0
"kos",1989,0,0,0
"kos",1990,0,0,0
"kos",1991,0,0,0
"kos",1992,0,0,0
"kos",1993,0,0,0
"kos",1994,0,0,0
"kos",1995,0,0,0
"kos",1996,0,0,0
"kos",1997,0,0,0
"kos",1998,0,0,0
"kos",1999,0,0,0
"kos",2000,0,0,0
"kos",2001,0,0,0
"kos",2002,0,0,0
"kos",2003,0,0,0
"kos",2004,0,0,0
"kos",2005,0,0,0
"kos",2006,0,0,0
"kos",2007,0,0,0
"kos",2008,0,0,0
"kos",2009,0,0,0
"kos",2010,0,0,0
"kos",2011,1,0,1
"kos",2012,0,0,0
"kos",2013,1,0,1
"kos",2014,0,0,0
"kuw",1816,0,0,0
"kuw",1817,0,0,0
"kuw",1818,0,0,0
"kuw",1819,0,0,0
"kuw",1820,0,0,0
"kuw",1821,0,0,0
"kuw",1822,0,0,0
"kuw",1823,0,0,0
"kuw",1824,0,0,0
"kuw",1825,0,0,0
"kuw",1826,0,0,0
"kuw",1827,0,0,0
"kuw",1828,0,0,0
"kuw",1829,0,0,0
"kuw",1830,0,0,0
"kuw",1831,0,0,0
"kuw",1832,0,0,0
"kuw",1833,0,0,0
"kuw",1834,0,0,0
"kuw",1835,0,0,0
"kuw",1836,0,0,0
"kuw",1837,0,0,0
"kuw",1838,0,0,0
"kuw",1839,0,0,0
"kuw",1840,0,0,0
"kuw",1841,0,0,0
"kuw",1842,0,0,0
"kuw",1843,0,0,0
"kuw",1844,0,0,0
"kuw",1845,0,0,0
"kuw",1846,0,0,0
"kuw",1847,0,0,0
"kuw",1848,0,0,0
"kuw",1849,0,0,0
"kuw",1850,0,0,0
"kuw",1851,0,0,0
"kuw",1852,0,0,0
"kuw",1853,0,0,0
"kuw",1854,0,0,0
"kuw",1855,0,0,0
"kuw",1856,0,0,0
"kuw",1857,0,0,0
"kuw",1858,0,0,0
"kuw",1859,0,0,0
"kuw",1860,0,0,0
"kuw",1861,0,0,0
"kuw",1862,0,0,0
"kuw",1863,0,0,0
"kuw",1864,0,0,0
"kuw",1865,0,0,0
"kuw",1866,0,0,0
"kuw",1867,0,0,0
"kuw",1868,0,0,0
"kuw",1869,0,0,0
"kuw",1870,0,0,0
"kuw",1871,0,0,0
"kuw",1872,0,0,0
"kuw",1873,0,0,0
"kuw",1874,0,0,0
"kuw",1875,0,0,0
"kuw",1876,0,0,0
"kuw",1877,0,0,0
"kuw",1878,0,0,0
"kuw",1879,0,0,0
"kuw",1880,0,0,0
"kuw",1881,0,0,0
"kuw",1882,0,0,0
"kuw",1883,0,0,0
"kuw",1884,0,0,0
"kuw",1885,0,0,0
"kuw",1886,0,0,0
"kuw",1887,0,0,0
"kuw",1888,0,0,0
"kuw",1889,0,0,0
"kuw",1890,0,0,0
"kuw",1891,0,0,0
"kuw",1892,0,0,0
"kuw",1893,0,0,0
"kuw",1894,0,0,0
"kuw",1895,0,0,0
"kuw",1896,0,0,0
"kuw",1897,0,0,0
"kuw",1898,0,0,0
"kuw",1899,0,0,0
"kuw",1900,0,0,0
"kuw",1901,0,0,0
"kuw",1902,0,0,0
"kuw",1903,0,0,0
"kuw",1904,0,0,0
"kuw",1905,0,0,0
"kuw",1906,0,0,0
"kuw",1907,0,0,0
"kuw",1908,0,0,0
"kuw",1909,0,0,0
"kuw",1910,0,0,0
"kuw",1911,0,0,0
"kuw",1912,0,0,0
"kuw",1913,0,0,0
"kuw",1914,0,0,0
"kuw",1915,0,0,0
"kuw",1916,0,0,0
"kuw",1917,0,0,0
"kuw",1918,0,0,0
"kuw",1919,0,0,0
"kuw",1920,0,0,0
"kuw",1921,0,0,0
"kuw",1922,0,0,0
"kuw",1923,0,0,0
"kuw",1924,0,0,0
"kuw",1925,0,0,0
"kuw",1926,0,0,0
"kuw",1927,0,0,0
"kuw",1928,0,0,0
"kuw",1929,0,0,0
"kuw",1930,0,0,0
"kuw",1931,0,0,0
"kuw",1932,0,0,0
"kuw",1933,0,0,0
"kuw",1934,0,0,0
"kuw",1935,0,0,0
"kuw",1936,0,0,0
"kuw",1937,0,0,0
"kuw",1938,0,0,0
"kuw",1939,0,0,0
"kuw",1940,0,0,0
"kuw",1941,0,0,0
"kuw",1942,0,0,0
"kuw",1943,0,0,0
"kuw",1944,0,0,0
"kuw",1945,0,0,0
"kuw",1946,0,0,0
"kuw",1947,0,0,0
"kuw",1948,0,0,0
"kuw",1949,0,0,0
"kuw",1950,0,0,0
"kuw",1951,0,0,0
"kuw",1952,0,0,0
"kuw",1953,0,0,0
"kuw",1954,0,0,0
"kuw",1955,0,0,0
"kuw",1956,0,0,0
"kuw",1957,0,0,0
"kuw",1958,0,0,0
"kuw",1959,0,0,0
"kuw",1960,0,0,0
"kuw",1961,0,0,3
"kuw",1962,0,0,3
"kuw",1963,0,0,0
"kuw",1964,0,0,0
"kuw",1965,0,0,0
"kuw",1966,0,0,0
"kuw",1967,0,0,3
"kuw",1968,0,0,0
"kuw",1969,0,0,0
"kuw",1970,0,0,0
"kuw",1971,0,0,0
"kuw",1972,0,1,4
"kuw",1973,0,1,4
"kuw",1974,0,0,0
"kuw",1975,0,0,1
"kuw",1976,0,0,0
"kuw",1977,0,0,0
"kuw",1978,0,0,0
"kuw",1979,0,0,0
"kuw",1980,0,0,1
"kuw",1981,0,0,1
"kuw",1982,0,0,0
"kuw",1983,0,0,0
"kuw",1984,0,0,2
"kuw",1985,0,0,1.66666666666667
"kuw",1986,0,0,1.66666666666667
"kuw",1987,0,0,1
"kuw",1988,0,0,1
"kuw",1989,0,0,0
"kuw",1990,0,5,4
"kuw",1991,0,0,4
"kuw",1992,0,1.5,4
"kuw",1993,0,1.5,4
"kuw",1994,0,0.5,3.5
"kuw",1995,0,0,3
"kuw",1996,0,0,3.5
"kuw",1997,0,0,3.5
"kuw",1998,0,0,3
"kuw",1999,0,0,2.33333333333333
"kuw",2000,0,0,3
"kuw",2001,0,0,3
"kuw",2002,1,0,3
"kuw",2003,1,0,3
"kuw",2004,0,0,0
"kuw",2005,0,0,0
"kuw",2006,0,0,0
"kuw",2007,0,0,0
"kuw",2008,0,0,0
"kuw",2009,0,0,0
"kuw",2010,0,0,0
"kuw",2011,0,0,0
"kuw",2012,0,0,0
"kuw",2013,0,0,0
"kuw",2014,0,0,0
"kyr",1816,0,0,0
"kyr",1817,0,0,0
"kyr",1818,0,0,0
"kyr",1819,0,0,0
"kyr",1820,0,0,0
"kyr",1821,0,0,0
"kyr",1822,0,0,0
"kyr",1823,0,0,0
"kyr",1824,0,0,0
"kyr",1825,0,0,0
"kyr",1826,0,0,0
"kyr",1827,0,0,0
"kyr",1828,0,0,0
"kyr",1829,0,0,0
"kyr",1830,0,0,0
"kyr",1831,0,0,0
"kyr",1832,0,0,0
"kyr",1833,0,0,0
"kyr",1834,0,0,0
"kyr",1835,0,0,0
"kyr",1836,0,0,0
"kyr",1837,0,0,0
"kyr",1838,0,0,0
"kyr",1839,0,0,0
"kyr",1840,0,0,0
"kyr",1841,0,0,0
"kyr",1842,0,0,0
"kyr",1843,0,0,0
"kyr",1844,0,0,0
"kyr",1845,0,0,0
"kyr",1846,0,0,0
"kyr",1847,0,0,0
"kyr",1848,0,0,0
"kyr",1849,0,0,0
"kyr",1850,0,0,0
"kyr",1851,0,0,0
"kyr",1852,0,0,0
"kyr",1853,0,0,0
"kyr",1854,0,0,0
"kyr",1855,0,0,0
"kyr",1856,0,0,0
"kyr",1857,0,0,0
"kyr",1858,0,0,0
"kyr",1859,0,0,0
"kyr",1860,0,0,0
"kyr",1861,0,0,0
"kyr",1862,0,0,0
"kyr",1863,0,0,0
"kyr",1864,0,0,0
"kyr",1865,0,0,0
"kyr",1866,0,0,0
"kyr",1867,0,0,0
"kyr",1868,0,0,0
"kyr",1869,0,0,0
"kyr",1870,0,0,0
"kyr",1871,0,0,0
"kyr",1872,0,0,0
"kyr",1873,0,0,0
"kyr",1874,0,0,0
"kyr",1875,0,0,0
"kyr",1876,0,0,0
"kyr",1877,0,0,0
"kyr",1878,0,0,0
"kyr",1879,0,0,0
"kyr",1880,0,0,0
"kyr",1881,0,0,0
"kyr",1882,0,0,0
"kyr",1883,0,0,0
"kyr",1884,0,0,0
"kyr",1885,0,0,0
"kyr",1886,0,0,0
"kyr",1887,0,0,0
"kyr",1888,0,0,0
"kyr",1889,0,0,0
"kyr",1890,0,0,0
"kyr",1891,0,0,0
"kyr",1892,0,0,0
"kyr",1893,0,0,0
"kyr",1894,0,0,0
"kyr",1895,0,0,0
"kyr",1896,0,0,0
"kyr",1897,0,0,0
"kyr",1898,0,0,0
"kyr",1899,0,0,0
"kyr",1900,0,0,0
"kyr",1901,0,0,0
"kyr",1902,0,0,0
"kyr",1903,0,0,0
"kyr",1904,0,0,0
"kyr",1905,0,0,0
"kyr",1906,0,0,0
"kyr",1907,0,0,0
"kyr",1908,0,0,0
"kyr",1909,0,0,0
"kyr",1910,0,0,0
"kyr",1911,0,0,0
"kyr",1912,0,0,0
"kyr",1913,0,0,0
"kyr",1914,0,0,0
"kyr",1915,0,0,0
"kyr",1916,0,0,0
"kyr",1917,0,0,0
"kyr",1918,0,0,0
"kyr",1919,0,0,0
"kyr",1920,0,0,0
"kyr",1921,0,0,0
"kyr",1922,0,0,0
"kyr",1923,0,0,0
"kyr",1924,0,0,0
"kyr",1925,0,0,0
"kyr",1926,0,0,0
"kyr",1927,0,0,0
"kyr",1928,0,0,0
"kyr",1929,0,0,0
"kyr",1930,0,0,0
"kyr",1931,0,0,0
"kyr",1932,0,0,0
"kyr",1933,0,0,0
"kyr",1934,0,0,0
"kyr",1935,0,0,0
"kyr",1936,0,0,0
"kyr",1937,0,0,0
"kyr",1938,0,0,0
"kyr",1939,0,0,0
"kyr",1940,0,0,0
"kyr",1941,0,0,0
"kyr",1942,0,0,0
"kyr",1943,0,0,0
"kyr",1944,0,0,0
"kyr",1945,0,0,0
"kyr",1946,0,0,0
"kyr",1947,0,0,0
"kyr",1948,0,0,0
"kyr",1949,0,0,0
"kyr",1950,0,0,0
"kyr",1951,0,0,0
"kyr",1952,0,0,0
"kyr",1953,0,0,0
"kyr",1954,0,0,0
"kyr",1955,0,0,0
"kyr",1956,0,0,0
"kyr",1957,0,0,0
"kyr",1958,0,0,0
"kyr",1959,0,0,0
"kyr",1960,0,0,0
"kyr",1961,0,0,0
"kyr",1962,0,0,0
"kyr",1963,0,0,0
"kyr",1964,0,0,0
"kyr",1965,0,0,0
"kyr",1966,0,0,0
"kyr",1967,0,0,0
"kyr",1968,0,0,0
"kyr",1969,0,0,0
"kyr",1970,0,0,0
"kyr",1971,0,0,0
"kyr",1972,0,0,0
"kyr",1973,0,0,0
"kyr",1974,0,0,0
"kyr",1975,0,0,0
"kyr",1976,0,0,0
"kyr",1977,0,0,0
"kyr",1978,0,0,0
"kyr",1979,0,0,0
"kyr",1980,0,0,0
"kyr",1981,0,0,0
"kyr",1982,0,0,0
"kyr",1983,0,0,0
"kyr",1984,0,0,0
"kyr",1985,0,0,0
"kyr",1986,0,0,0
"kyr",1987,0,0,0
"kyr",1988,0,0,0
"kyr",1989,0,0,0
"kyr",1990,0,0,0
"kyr",1991,0,0,0
"kyr",1992,0,0,0
"kyr",1993,0,0,3
"kyr",1994,0,0,0
"kyr",1995,0,0,0
"kyr",1996,0,0,0
"kyr",1997,0,0,3
"kyr",1998,0,0,0
"kyr",1999,0,0,1
"kyr",2000,0,0,0
"kyr",2001,0,0,0
"kyr",2002,0,0,0
"kyr",2003,0,0,0
"kyr",2004,0,0,0
"kyr",2005,0,0,3.33333333333333
"kyr",2006,0,0,4
"kyr",2007,0,0,0
"kyr",2008,0,0,0
"kyr",2009,0,0,0
"kyr",2010,0,0,4
"kyr",2011,0,0,0
"kyr",2012,1,1,4
"kyr",2013,1,0.5,4
"kyr",2014,1,0,4
"kzk",1816,0,0,0
"kzk",1817,0,0,0
"kzk",1818,0,0,0
"kzk",1819,0,0,0
"kzk",1820,0,0,0
"kzk",1821,0,0,0
"kzk",1822,0,0,0
"kzk",1823,0,0,0
"kzk",1824,0,0,0
"kzk",1825,0,0,0
"kzk",1826,0,0,0
"kzk",1827,0,0,0
"kzk",1828,0,0,0
"kzk",1829,0,0,0
"kzk",1830,0,0,0
"kzk",1831,0,0,0
"kzk",1832,0,0,0
"kzk",1833,0,0,0
"kzk",1834,0,0,0
"kzk",1835,0,0,0
"kzk",1836,0,0,0
"kzk",1837,0,0,0
"kzk",1838,0,0,0
"kzk",1839,0,0,0
"kzk",1840,0,0,0
"kzk",1841,0,0,0
"kzk",1842,0,0,0
"kzk",1843,0,0,0
"kzk",1844,0,0,0
"kzk",1845,0,0,0
"kzk",1846,0,0,0
"kzk",1847,0,0,0
"kzk",1848,0,0,0
"kzk",1849,0,0,0
"kzk",1850,0,0,0
"kzk",1851,0,0,0
"kzk",1852,0,0,0
"kzk",1853,0,0,0
"kzk",1854,0,0,0
"kzk",1855,0,0,0
"kzk",1856,0,0,0
"kzk",1857,0,0,0
"kzk",1858,0,0,0
"kzk",1859,0,0,0
"kzk",1860,0,0,0
"kzk",1861,0,0,0
"kzk",1862,0,0,0
"kzk",1863,0,0,0
"kzk",1864,0,0,0
"kzk",1865,0,0,0
"kzk",1866,0,0,0
"kzk",1867,0,0,0
"kzk",1868,0,0,0
"kzk",1869,0,0,0
"kzk",1870,0,0,0
"kzk",1871,0,0,0
"kzk",1872,0,0,0
"kzk",1873,0,0,0
"kzk",1874,0,0,0
"kzk",1875,0,0,0
"kzk",1876,0,0,0
"kzk",1877,0,0,0
"kzk",1878,0,0,0
"kzk",1879,0,0,0
"kzk",1880,0,0,0
"kzk",1881,0,0,0
"kzk",1882,0,0,0
"kzk",1883,0,0,0
"kzk",1884,0,0,0
"kzk",1885,0,0,0
"kzk",1886,0,0,0
"kzk",1887,0,0,0
"kzk",1888,0,0,0
"kzk",1889,0,0,0
"kzk",1890,0,0,0
"kzk",1891,0,0,0
"kzk",1892,0,0,0
"kzk",1893,0,0,0
"kzk",1894,0,0,0
"kzk",1895,0,0,0
"kzk",1896,0,0,0
"kzk",1897,0,0,0
"kzk",1898,0,0,0
"kzk",1899,0,0,0
"kzk",1900,0,0,0
"kzk",1901,0,0,0
"kzk",1902,0,0,0
"kzk",1903,0,0,0
"kzk",1904,0,0,0
"kzk",1905,0,0,0
"kzk",1906,0,0,0
"kzk",1907,0,0,0
"kzk",1908,0,0,0
"kzk",1909,0,0,0
"kzk",1910,0,0,0
"kzk",1911,0,0,0
"kzk",1912,0,0,0
"kzk",1913,0,0,0
"kzk",1914,0,0,0
"kzk",1915,0,0,0
"kzk",1916,0,0,0
"kzk",1917,0,0,0
"kzk",1918,0,0,0
"kzk",1919,0,0,0
"kzk",1920,0,0,0
"kzk",1921,0,0,0
"kzk",1922,0,0,0
"kzk",1923,0,0,0
"kzk",1924,0,0,0
"kzk",1925,0,0,0
"kzk",1926,0,0,0
"kzk",1927,0,0,0
"kzk",1928,0,0,0
"kzk",1929,0,0,0
"kzk",1930,0,0,0
"kzk",1931,0,0,0
"kzk",1932,0,0,0
"kzk",1933,0,0,0
"kzk",1934,0,0,0
"kzk",1935,0,0,0
"kzk",1936,0,0,0
"kzk",1937,0,0,0
"kzk",1938,0,0,0
"kzk",1939,0,0,0
"kzk",1940,0,0,0
"kzk",1941,0,0,0
"kzk",1942,0,0,0
"kzk",1943,0,0,0
"kzk",1944,0,0,0
"kzk",1945,0,0,0
"kzk",1946,0,0,0
"kzk",1947,0,0,0
"kzk",1948,0,0,0
"kzk",1949,0,0,0
"kzk",1950,0,0,0
"kzk",1951,0,0,0
"kzk",1952,0,0,0
"kzk",1953,0,0,0
"kzk",1954,0,0,0
"kzk",1955,0,0,0
"kzk",1956,0,0,0
"kzk",1957,0,0,0
"kzk",1958,0,0,0
"kzk",1959,0,0,0
"kzk",1960,0,0,0
"kzk",1961,0,0,0
"kzk",1962,0,0,0
"kzk",1963,0,0,0
"kzk",1964,0,0,0
"kzk",1965,0,0,0
"kzk",1966,0,0,0
"kzk",1967,0,0,0
"kzk",1968,0,0,0
"kzk",1969,0,0,0
"kzk",1970,0,0,0
"kzk",1971,0,0,0
"kzk",1972,0,0,0
"kzk",1973,0,0,0
"kzk",1974,0,0,0
"kzk",1975,0,0,0
"kzk",1976,0,0,0
"kzk",1977,0,0,0
"kzk",1978,0,0,0
"kzk",1979,0,0,0
"kzk",1980,0,0,0
"kzk",1981,0,0,0
"kzk",1982,0,0,0
"kzk",1983,0,0,0
"kzk",1984,0,0,0
"kzk",1985,0,0,0
"kzk",1986,0,0,0
"kzk",1987,0,0,0
"kzk",1988,0,0,0
"kzk",1989,0,0,0
"kzk",1990,0,0,0
"kzk",1991,0,0,0
"kzk",1992,0,0,0
"kzk",1993,0,0,3
"kzk",1994,0,0,0
"kzk",1995,0,0,0
"kzk",1996,1,0,4
"kzk",1997,0,0,0
"kzk",1998,0,0,0
"kzk",1999,0,0,0
"kzk",2000,0,0,0
"kzk",2001,0,0,0
"kzk",2002,0,0,0
"kzk",2003,0,0,0
"kzk",2004,0,0,0
"kzk",2005,0,0,0
"kzk",2006,0,0,0
"kzk",2007,0,0,0
"kzk",2008,0,0,0
"kzk",2009,0,0,0
"kzk",2010,0,0,0
"kzk",2011,0,0,0
"kzk",2012,0,0,0
"kzk",2013,1,0,4
"kzk",2014,0,0,0
"lao",1816,0,0,0
"lao",1817,0,0,0
"lao",1818,0,0,0
"lao",1819,0,0,0
"lao",1820,0,0,0
"lao",1821,0,0,0
"lao",1822,0,0,0
"lao",1823,0,0,0
"lao",1824,0,0,0
"lao",1825,0,0,0
"lao",1826,0,0,0
"lao",1827,0,0,0
"lao",1828,0,0,0
"lao",1829,0,0,0
"lao",1830,0,0,0
"lao",1831,0,0,0
"lao",1832,0,0,0
"lao",1833,0,0,0
"lao",1834,0,0,0
"lao",1835,0,0,0
"lao",1836,0,0,0
"lao",1837,0,0,0
"lao",1838,0,0,0
"lao",1839,0,0,0
"lao",1840,0,0,0
"lao",1841,0,0,0
"lao",1842,0,0,0
"lao",1843,0,0,0
"lao",1844,0,0,0
"lao",1845,0,0,0
"lao",1846,0,0,0
"lao",1847,0,0,0
"lao",1848,0,0,0
"lao",1849,0,0,0
"lao",1850,0,0,0
"lao",1851,0,0,0
"lao",1852,0,0,0
"lao",1853,0,0,0
"lao",1854,0,0,0
"lao",1855,0,0,0
"lao",1856,0,0,0
"lao",1857,0,0,0
"lao",1858,0,0,0
"lao",1859,0,0,0
"lao",1860,0,0,0
"lao",1861,0,0,0
"lao",1862,0,0,0
"lao",1863,0,0,0
"lao",1864,0,0,0
"lao",1865,0,0,0
"lao",1866,0,0,0
"lao",1867,0,0,0
"lao",1868,0,0,0
"lao",1869,0,0,0
"lao",1870,0,0,0
"lao",1871,0,0,0
"lao",1872,0,0,0
"lao",1873,0,0,0
"lao",1874,0,0,0
"lao",1875,0,0,0
"lao",1876,0,0,0
"lao",1877,0,0,0
"lao",1878,0,0,0
"lao",1879,0,0,0
"lao",1880,0,0,0
"lao",1881,0,0,0
"lao",1882,0,0,0
"lao",1883,0,0,0
"lao",1884,0,0,0
"lao",1885,0,0,0
"lao",1886,0,0,0
"lao",1887,0,0,0
"lao",1888,0,0,0
"lao",1889,0,0,0
"lao",1890,0,0,0
"lao",1891,0,0,0
"lao",1892,0,0,0
"lao",1893,0,0,0
"lao",1894,0,0,0
"lao",1895,0,0,0
"lao",1896,0,0,0
"lao",1897,0,0,0
"lao",1898,0,0,0
"lao",1899,0,0,0
"lao",1900,0,0,0
"lao",1901,0,0,0
"lao",1902,0,0,0
"lao",1903,0,0,0
"lao",1904,0,0,0
"lao",1905,0,0,0
"lao",1906,0,0,0
"lao",1907,0,0,0
"lao",1908,0,0,0
"lao",1909,0,0,0
"lao",1910,0,0,0
"lao",1911,0,0,0
"lao",1912,0,0,0
"lao",1913,0,0,0
"lao",1914,0,0,0
"lao",1915,0,0,0
"lao",1916,0,0,0
"lao",1917,0,0,0
"lao",1918,0,0,0
"lao",1919,0,0,0
"lao",1920,0,0,0
"lao",1921,0,0,0
"lao",1922,0,0,0
"lao",1923,0,0,0
"lao",1924,0,0,0
"lao",1925,0,0,0
"lao",1926,0,0,0
"lao",1927,0,0,0
"lao",1928,0,0,0
"lao",1929,0,0,0
"lao",1930,0,0,0
"lao",1931,0,0,0
"lao",1932,0,0,0
"lao",1933,0,0,0
"lao",1934,0,0,0
"lao",1935,0,0,0
"lao",1936,0,0,0
"lao",1937,0,0,0
"lao",1938,0,0,0
"lao",1939,0,0,0
"lao",1940,0,0,0
"lao",1941,0,0,0
"lao",1942,0,0,0
"lao",1943,0,0,0
"lao",1944,0,0,0
"lao",1945,0,0,0
"lao",1946,0,0,0
"lao",1947,0,0,0
"lao",1948,0,0,0
"lao",1949,0,0,0
"lao",1950,0,0,0
"lao",1951,0,0,0
"lao",1952,0,0,0
"lao",1953,0,0,0
"lao",1954,0,0,0
"lao",1955,0,0,0
"lao",1956,0,0,0
"lao",1957,0,0,0
"lao",1958,0,0,0
"lao",1959,0,0,0
"lao",1960,0,0,3
"lao",1961,0,0,3
"lao",1962,0,0,0
"lao",1963,0,0,0
"lao",1964,0,0,4
"lao",1965,0,0,0
"lao",1966,0,0,0
"lao",1967,0,0,0
"lao",1968,0,0,0
"lao",1969,0,0,0
"lao",1970,0,0,1
"lao",1971,0,0,0
"lao",1972,0,0,0
"lao",1973,0,0,0
"lao",1974,0,0,0
"lao",1975,0,0,0
"lao",1976,0,0,0
"lao",1977,0,0,0
"lao",1978,0,0,0
"lao",1979,0,0,1
"lao",1980,0,0,4
"lao",1981,0,0,0
"lao",1982,0,0,0
"lao",1983,0,2,4
"lao",1984,0,2,4
"lao",1985,0,2,4
"lao",1986,0,2,4
"lao",1987,0,3,4
"lao",1988,0,3,4
"lao",1989,0,0,0
"lao",1990,0,0,0
"lao",1991,0,0,0
"lao",1992,0,0,0
"lao",1993,0,0,0
"lao",1994,0,0,0
"lao",1995,0,0,0
"lao",1996,0,0,0
"lao",1997,0,0,0
"lao",1998,0,0,0
"lao",1999,0,0,0
"lao",2000,0,0,0
"lao",2001,0,0,0
"lao",2002,0,0,0
"lao",2003,0,0,0
"lao",2004,0,0,0
"lao",2005,0,0,0
"lao",2006,0,0,0
"lao",2007,0,0,0
"lao",2008,0,0,0
"lao",2009,0,0,0
"lao",2010,0,0,0
"lao",2011,0,0,0
"lao",2012,0,0,0
"lao",2013,0,0,0
"lao",2014,0,0,0
"lat",1816,0,0,0
"lat",1817,0,0,0
"lat",1818,0,0,0
"lat",1819,0,0,0
"lat",1820,0,0,0
"lat",1821,0,0,0
"lat",1822,0,0,0
"lat",1823,0,0,0
"lat",1824,0,0,0
"lat",1825,0,0,0
"lat",1826,0,0,0
"lat",1827,0,0,0
"lat",1828,0,0,0
"lat",1829,0,0,0
"lat",1830,0,0,0
"lat",1831,0,0,0
"lat",1832,0,0,0
"lat",1833,0,0,0
"lat",1834,0,0,0
"lat",1835,0,0,0
"lat",1836,0,0,0
"lat",1837,0,0,0
"lat",1838,0,0,0
"lat",1839,0,0,0
"lat",1840,0,0,0
"lat",1841,0,0,0
"lat",1842,0,0,0
"lat",1843,0,0,0
"lat",1844,0,0,0
"lat",1845,0,0,0
"lat",1846,0,0,0
"lat",1847,0,0,0
"lat",1848,0,0,0
"lat",1849,0,0,0
"lat",1850,0,0,0
"lat",1851,0,0,0
"lat",1852,0,0,0
"lat",1853,0,0,0
"lat",1854,0,0,0
"lat",1855,0,0,0
"lat",1856,0,0,0
"lat",1857,0,0,0
"lat",1858,0,0,0
"lat",1859,0,0,0
"lat",1860,0,0,0
"lat",1861,0,0,0
"lat",1862,0,0,0
"lat",1863,0,0,0
"lat",1864,0,0,0
"lat",1865,0,0,0
"lat",1866,0,0,0
"lat",1867,0,0,0
"lat",1868,0,0,0
"lat",1869,0,0,0
"lat",1870,0,0,0
"lat",1871,0,0,0
"lat",1872,0,0,0
"lat",1873,0,0,0
"lat",1874,0,0,0
"lat",1875,0,0,0
"lat",1876,0,0,0
"lat",1877,0,0,0
"lat",1878,0,0,0
"lat",1879,0,0,0
"lat",1880,0,0,0
"lat",1881,0,0,0
"lat",1882,0,0,0
"lat",1883,0,0,0
"lat",1884,0,0,0
"lat",1885,0,0,0
"lat",1886,0,0,0
"lat",1887,0,0,0
"lat",1888,0,0,0
"lat",1889,0,0,0
"lat",1890,0,0,0
"lat",1891,0,0,0
"lat",1892,0,0,0
"lat",1893,0,0,0
"lat",1894,0,0,0
"lat",1895,0,0,0
"lat",1896,0,0,0
"lat",1897,0,0,0
"lat",1898,0,0,0
"lat",1899,0,0,0
"lat",1900,0,0,0
"lat",1901,0,0,0
"lat",1902,0,0,0
"lat",1903,0,0,0
"lat",1904,0,0,0
"lat",1905,0,0,0
"lat",1906,0,0,0
"lat",1907,0,0,0
"lat",1908,0,0,0
"lat",1909,0,0,0
"lat",1910,0,0,0
"lat",1911,0,0,0
"lat",1912,0,0,0
"lat",1913,0,0,0
"lat",1914,0,0,0
"lat",1915,0,0,0
"lat",1916,0,0,0
"lat",1917,0,0,0
"lat",1918,0,0,0
"lat",1919,0,0,0
"lat",1920,0,0,3
"lat",1921,0,0,1
"lat",1922,0,0,0
"lat",1923,0,0,0
"lat",1924,0,0,0
"lat",1925,0,0,0
"lat",1926,0,0,0
"lat",1927,0,0,0
"lat",1928,0,0,0
"lat",1929,0,0,0
"lat",1930,0,0,0
"lat",1931,0,0,0
"lat",1932,0,0,0
"lat",1933,0,0,0
"lat",1934,0,0,0
"lat",1935,0,0,0
"lat",1936,0,0,0
"lat",1937,0,0,0
"lat",1938,0,0,0
"lat",1939,0,0,2.5
"lat",1940,0,0,4
"lat",1941,0,0,0
"lat",1942,0,0,0
"lat",1943,0,0,0
"lat",1944,0,0,0
"lat",1945,0,0,0
"lat",1946,0,0,0
"lat",1947,0,0,0
"lat",1948,0,0,0
"lat",1949,0,0,0
"lat",1950,0,0,0
"lat",1951,0,0,0
"lat",1952,0,0,0
"lat",1953,0,0,0
"lat",1954,0,0,0
"lat",1955,0,0,0
"lat",1956,0,0,0
"lat",1957,0,0,0
"lat",1958,0,0,0
"lat",1959,0,0,0
"lat",1960,0,0,0
"lat",1961,0,0,0
"lat",1962,0,0,0
"lat",1963,0,0,0
"lat",1964,0,0,0
"lat",1965,0,0,0
"lat",1966,0,0,0
"lat",1967,0,0,0
"lat",1968,0,0,0
"lat",1969,0,0,0
"lat",1970,0,0,0
"lat",1971,0,0,0
"lat",1972,0,0,0
"lat",1973,0,0,0
"lat",1974,0,0,0
"lat",1975,0,0,0
"lat",1976,0,0,0
"lat",1977,0,0,0
"lat",1978,0,0,0
"lat",1979,0,0,0
"lat",1980,0,0,0
"lat",1981,0,0,0
"lat",1982,0,0,0
"lat",1983,0,0,0
"lat",1984,0,0,0
"lat",1985,0,0,0
"lat",1986,0,0,0
"lat",1987,0,0,0
"lat",1988,0,0,0
"lat",1989,0,0,0
"lat",1990,0,0,0
"lat",1991,0,0,0
"lat",1992,0,0,0
"lat",1993,0,0,0
"lat",1994,1,0,1
"lat",1995,0,0,0
"lat",1996,0,0,0
"lat",1997,0,0,0
"lat",1998,0,0,1
"lat",1999,0,0,1
"lat",2000,0,0,0
"lat",2001,0,0,0
"lat",2002,0,0,0
"lat",2003,0,0,0
"lat",2004,0,0,0
"lat",2005,0,0,0
"lat",2006,0,0,0
"lat",2007,0,0,0
"lat",2008,0,0,0
"lat",2009,0,0,0
"lat",2010,0,0,0
"lat",2011,1,0,2
"lat",2012,0,0,0
"lat",2013,0,0,0
"lat",2014,0,0,0
"lbr",1816,0,0,0
"lbr",1817,0,0,0
"lbr",1818,0,0,0
"lbr",1819,0,0,0
"lbr",1820,0,0,0
"lbr",1821,0,0,0
"lbr",1822,0,0,0
"lbr",1823,0,0,0
"lbr",1824,0,0,0
"lbr",1825,0,0,0
"lbr",1826,0,0,0
"lbr",1827,0,0,0
"lbr",1828,0,0,0
"lbr",1829,0,0,0
"lbr",1830,0,0,0
"lbr",1831,0,0,0
"lbr",1832,0,0,0
"lbr",1833,0,0,0
"lbr",1834,0,0,0
"lbr",1835,0,0,0
"lbr",1836,0,0,0
"lbr",1837,0,0,0
"lbr",1838,0,0,0
"lbr",1839,0,0,0
"lbr",1840,0,0,0
"lbr",1841,0,0,0
"lbr",1842,0,0,0
"lbr",1843,0,0,0
"lbr",1844,0,0,0
"lbr",1845,0,0,0
"lbr",1846,0,0,0
"lbr",1847,0,0,0
"lbr",1848,0,0,0
"lbr",1849,0,0,0
"lbr",1850,0,0,0
"lbr",1851,0,0,0
"lbr",1852,0,0,0
"lbr",1853,0,0,0
"lbr",1854,0,0,0
"lbr",1855,0,0,0
"lbr",1856,0,0,0
"lbr",1857,0,0,0
"lbr",1858,0,0,0
"lbr",1859,0,0,0
"lbr",1860,0,0,0
"lbr",1861,0,0,0
"lbr",1862,0,0,0
"lbr",1863,0,0,0
"lbr",1864,0,0,0
"lbr",1865,0,0,0
"lbr",1866,0,0,0
"lbr",1867,0,0,0
"lbr",1868,0,0,0
"lbr",1869,0,0,0
"lbr",1870,0,0,0
"lbr",1871,0,0,0
"lbr",1872,0,0,0
"lbr",1873,0,0,0
"lbr",1874,0,0,0
"lbr",1875,0,0,0
"lbr",1876,0,0,0
"lbr",1877,0,0,0
"lbr",1878,0,0,0
"lbr",1879,0,0,0
"lbr",1880,0,0,0
"lbr",1881,0,0,0
"lbr",1882,0,0,0
"lbr",1883,0,0,0
"lbr",1884,0,0,0
"lbr",1885,0,0,0
"lbr",1886,0,0,0
"lbr",1887,0,0,0
"lbr",1888,0,0,0
"lbr",1889,0,0,0
"lbr",1890,0,0,0
"lbr",1891,0,0,0
"lbr",1892,0,0,0
"lbr",1893,0,0,0
"lbr",1894,0,0,0
"lbr",1895,0,0,0
"lbr",1896,0,0,0
"lbr",1897,0,0,0
"lbr",1898,0,0,0
"lbr",1899,0,0,0
"lbr",1900,0,0,0
"lbr",1901,0,0,0
"lbr",1902,0,0,0
"lbr",1903,0,0,0
"lbr",1904,0,0,0
"lbr",1905,0,0,0
"lbr",1906,0,0,0
"lbr",1907,0,0,0
"lbr",1908,0,0,0
"lbr",1909,0,0,0
"lbr",1910,0,0,0
"lbr",1911,0,0,0
"lbr",1912,0,0,0
"lbr",1913,0,0,0
"lbr",1914,0,0,0
"lbr",1915,0,0,0
"lbr",1916,0,0,0
"lbr",1917,0,0,0
"lbr",1918,0,0,0
"lbr",1919,0,0,0
"lbr",1920,0,0,0
"lbr",1921,0,0,0
"lbr",1922,0,0,0
"lbr",1923,0,0,0
"lbr",1924,0,0,0
"lbr",1925,0,0,0
"lbr",1926,0,0,0
"lbr",1927,0,0,0
"lbr",1928,0,0,0
"lbr",1929,0,0,0
"lbr",1930,0,0,0
"lbr",1931,0,0,0
"lbr",1932,0,0,0
"lbr",1933,0,0,0
"lbr",1934,0,0,0
"lbr",1935,0,0,0
"lbr",1936,0,0,0
"lbr",1937,0,0,0
"lbr",1938,0,0,0
"lbr",1939,0,0,0
"lbr",1940,0,0,0
"lbr",1941,0,0,0
"lbr",1942,0,0,0
"lbr",1943,0,0,0
"lbr",1944,0,0,4
"lbr",1945,0,0,0
"lbr",1946,0,0,0
"lbr",1947,0,0,0
"lbr",1948,0,0,0
"lbr",1949,0,0,0
"lbr",1950,0,0,0
"lbr",1951,0,0,0
"lbr",1952,0,0,0
"lbr",1953,0,0,0
"lbr",1954,0,0,0
"lbr",1955,0,0,0
"lbr",1956,0,0,0
"lbr",1957,0,0,0
"lbr",1958,0,0,0
"lbr",1959,0,0,0
"lbr",1960,0,0,0
"lbr",1961,0,0,0
"lbr",1962,0,0,0
"lbr",1963,0,0,0
"lbr",1964,0,0,0
"lbr",1965,0,0,0
"lbr",1966,0,0,0
"lbr",1967,0,0,0
"lbr",1968,0,0,0
"lbr",1969,0,0,0
"lbr",1970,0,0,0
"lbr",1971,0,0,0
"lbr",1972,0,0,0
"lbr",1973,0,0,0
"lbr",1974,0,0,0
"lbr",1975,0,0,0
"lbr",1976,0,0,0
"lbr",1977,0,0,0
"lbr",1978,0,0,0
"lbr",1979,0,0,0
"lbr",1980,0,0,0
"lbr",1981,0,0,0
"lbr",1982,0,0,0
"lbr",1983,0,0,0
"lbr",1984,0,0,1
"lbr",1985,0,0,1
"lbr",1986,0,0,1
"lbr",1987,0,0,1
"lbr",1988,0,0,1
"lbr",1989,0,0,0
"lbr",1990,1,0,2
"lbr",1991,0,0,1
"lbr",1992,0,0,0
"lbr",1993,0,0,0
"lbr",1994,0,0,0
"lbr",1995,0,0,0
"lbr",1996,0,0,0
"lbr",1997,0,0,0
"lbr",1998,0,0,1
"lbr",1999,0.5,0,2
"lbr",2000,1,1,3
"lbr",2001,0.5,0.5,2
"lbr",2002,0.5,0,3.5
"lbr",2003,1,0,4
"lbr",2004,0,0,0
"lbr",2005,0,0,0
"lbr",2006,0,0,0
"lbr",2007,0,0,0
"lbr",2008,0,0,0
"lbr",2009,0,0,0
"lbr",2010,0,0,0
"lbr",2011,0,0,0
"lbr",2012,0,0,0
"lbr",2013,0,0,0
"lbr",2014,0,0,0
"leb",1816,0,0,0
"leb",1817,0,0,0
"leb",1818,0,0,0
"leb",1819,0,0,0
"leb",1820,0,0,0
"leb",1821,0,0,0
"leb",1822,0,0,0
"leb",1823,0,0,0
"leb",1824,0,0,0
"leb",1825,0,0,0
"leb",1826,0,0,0
"leb",1827,0,0,0
"leb",1828,0,0,0
"leb",1829,0,0,0
"leb",1830,0,0,0
"leb",1831,0,0,0
"leb",1832,0,0,0
"leb",1833,0,0,0
"leb",1834,0,0,0
"leb",1835,0,0,0
"leb",1836,0,0,0
"leb",1837,0,0,0
"leb",1838,0,0,0
"leb",1839,0,0,0
"leb",1840,0,0,0
"leb",1841,0,0,0
"leb",1842,0,0,0
"leb",1843,0,0,0
"leb",1844,0,0,0
"leb",1845,0,0,0
"leb",1846,0,0,0
"leb",1847,0,0,0
"leb",1848,0,0,0
"leb",1849,0,0,0
"leb",1850,0,0,0
"leb",1851,0,0,0
"leb",1852,0,0,0
"leb",1853,0,0,0
"leb",1854,0,0,0
"leb",1855,0,0,0
"leb",1856,0,0,0
"leb",1857,0,0,0
"leb",1858,0,0,0
"leb",1859,0,0,0
"leb",1860,0,0,0
"leb",1861,0,0,0
"leb",1862,0,0,0
"leb",1863,0,0,0
"leb",1864,0,0,0
"leb",1865,0,0,0
"leb",1866,0,0,0
"leb",1867,0,0,0
"leb",1868,0,0,0
"leb",1869,0,0,0
"leb",1870,0,0,0
"leb",1871,0,0,0
"leb",1872,0,0,0
"leb",1873,0,0,0
"leb",1874,0,0,0
"leb",1875,0,0,0
"leb",1876,0,0,0
"leb",1877,0,0,0
"leb",1878,0,0,0
"leb",1879,0,0,0
"leb",1880,0,0,0
"leb",1881,0,0,0
"leb",1882,0,0,0
"leb",1883,0,0,0
"leb",1884,0,0,0
"leb",1885,0,0,0
"leb",1886,0,0,0
"leb",1887,0,0,0
"leb",1888,0,0,0
"leb",1889,0,0,0
"leb",1890,0,0,0
"leb",1891,0,0,0
"leb",1892,0,0,0
"leb",1893,0,0,0
"leb",1894,0,0,0
"leb",1895,0,0,0
"leb",1896,0,0,0
"leb",1897,0,0,0
"leb",1898,0,0,0
"leb",1899,0,0,0
"leb",1900,0,0,0
"leb",1901,0,0,0
"leb",1902,0,0,0
"leb",1903,0,0,0
"leb",1904,0,0,0
"leb",1905,0,0,0
"leb",1906,0,0,0
"leb",1907,0,0,0
"leb",1908,0,0,0
"leb",1909,0,0,0
"leb",1910,0,0,0
"leb",1911,0,0,0
"leb",1912,0,0,0
"leb",1913,0,0,0
"leb",1914,0,0,0
"leb",1915,0,0,0
"leb",1916,0,0,0
"leb",1917,0,0,0
"leb",1918,0,0,0
"leb",1919,0,0,0
"leb",1920,0,0,0
"leb",1921,0,0,0
"leb",1922,0,0,0
"leb",1923,0,0,0
"leb",1924,0,0,0
"leb",1925,0,0,0
"leb",1926,0,0,0
"leb",1927,0,0,0
"leb",1928,0,0,0
"leb",1929,0,0,0
"leb",1930,0,0,0
"leb",1931,0,0,0
"leb",1932,0,0,0
"leb",1933,0,0,0
"leb",1934,0,0,0
"leb",1935,0,0,0
"leb",1936,0,0,0
"leb",1937,0,0,0
"leb",1938,0,0,0
"leb",1939,0,0,0
"leb",1940,0,0,0
"leb",1941,0,0,0
"leb",1942,0,0,0
"leb",1943,0,0,0
"leb",1944,0,0,0
"leb",1945,0,0,0
"leb",1946,0,0,0
"leb",1947,0,0,0
"leb",1948,1,5,5
"leb",1949,0,0,4
"leb",1950,0,0,0
"leb",1951,0,0,0
"leb",1952,0,0,0
"leb",1953,0,0,0
"leb",1954,0,0,0
"leb",1955,0,0,0
"leb",1956,0,0,0
"leb",1957,0,0,0
"leb",1958,0,0,0
"leb",1959,0,0,0
"leb",1960,0,0,0
"leb",1961,0,0,0
"leb",1962,0,0,0
"leb",1963,0,0.5,1
"leb",1964,0,0,0
"leb",1965,0,0,1
"leb",1966,0,0,0
"leb",1967,0,0,0
"leb",1968,0,0,0
"leb",1969,0,0,0
"leb",1970,0,0,0
"leb",1971,0,0,0
"leb",1972,0,0,0
"leb",1973,0,0,0
"leb",1974,0,0,0
"leb",1975,0,0,0
"leb",1976,0,0,0
"leb",1977,0,0,0
"leb",1978,0,0,0
"leb",1979,0,0,0
"leb",1980,0,1,4
"leb",1981,0,1,4
"leb",1982,0,0,0
"leb",1983,0,0,0
"leb",1984,0,0,0
"leb",1985,0,0,0
"leb",1986,0,0,0
"leb",1987,0,0,0
"leb",1988,0,0,0
"leb",1989,0,0,1
"leb",1990,0,0,1
"leb",1991,0,0,0
"leb",1992,0,0,0
"leb",1993,1,3,4
"leb",1994,1,3,4
"leb",1995,1,3,4
"leb",1996,1,3,4
"leb",1997,1,3,4
"leb",1998,1,3,4
"leb",1999,1,3,4
"leb",2000,1,3,4
"leb",2001,1,3,4
"leb",2002,1,3,4
"leb",2003,1,3,4
"leb",2004,1,3,4
"leb",2005,1,3,4
"leb",2006,1,2,4
"leb",2007,1,1,4
"leb",2008,1,1,4
"leb",2009,1,1,4
"leb",2010,0,0,0
"leb",2011,1,1,4
"leb",2012,1,1,4
"leb",2013,1,1,4
"leb",2014,1,1,4
"les",1816,0,0,0
"les",1817,0,0,0
"les",1818,0,0,0
"les",1819,0,0,0
"les",1820,0,0,0
"les",1821,0,0,0
"les",1822,0,0,0
"les",1823,0,0,0
"les",1824,0,0,0
"les",1825,0,0,0
"les",1826,0,0,0
"les",1827,0,0,0
"les",1828,0,0,0
"les",1829,0,0,0
"les",1830,0,0,0
"les",1831,0,0,0
"les",1832,0,0,0
"les",1833,0,0,0
"les",1834,0,0,0
"les",1835,0,0,0
"les",1836,0,0,0
"les",1837,0,0,0
"les",1838,0,0,0
"les",1839,0,0,0
"les",1840,0,0,0
"les",1841,0,0,0
"les",1842,0,0,0
"les",1843,0,0,0
"les",1844,0,0,0
"les",1845,0,0,0
"les",1846,0,0,0
"les",1847,0,0,0
"les",1848,0,0,0
"les",1849,0,0,0
"les",1850,0,0,0
"les",1851,0,0,0
"les",1852,0,0,0
"les",1853,0,0,0
"les",1854,0,0,0
"les",1855,0,0,0
"les",1856,0,0,0
"les",1857,0,0,0
"les",1858,0,0,0
"les",1859,0,0,0
"les",1860,0,0,0
"les",1861,0,0,0
"les",1862,0,0,0
"les",1863,0,0,0
"les",1864,0,0,0
"les",1865,0,0,0
"les",1866,0,0,0
"les",1867,0,0,0
"les",1868,0,0,0
"les",1869,0,0,0
"les",1870,0,0,0
"les",1871,0,0,0
"les",1872,0,0,0
"les",1873,0,0,0
"les",1874,0,0,0
"les",1875,0,0,0
"les",1876,0,0,0
"les",1877,0,0,0
"les",1878,0,0,0
"les",1879,0,0,0
"les",1880,0,0,0
"les",1881,0,0,0
"les",1882,0,0,0
"les",1883,0,0,0
"les",1884,0,0,0
"les",1885,0,0,0
"les",1886,0,0,0
"les",1887,0,0,0
"les",1888,0,0,0
"les",1889,0,0,0
"les",1890,0,0,0
"les",1891,0,0,0
"les",1892,0,0,0
"les",1893,0,0,0
"les",1894,0,0,0
"les",1895,0,0,0
"les",1896,0,0,0
"les",1897,0,0,0
"les",1898,0,0,0
"les",1899,0,0,0
"les",1900,0,0,0
"les",1901,0,0,0
"les",1902,0,0,0
"les",1903,0,0,0
"les",1904,0,0,0
"les",1905,0,0,0
"les",1906,0,0,0
"les",1907,0,0,0
"les",1908,0,0,0
"les",1909,0,0,0
"les",1910,0,0,0
"les",1911,0,0,0
"les",1912,0,0,0
"les",1913,0,0,0
"les",1914,0,0,0
"les",1915,0,0,0
"les",1916,0,0,0
"les",1917,0,0,0
"les",1918,0,0,0
"les",1919,0,0,0
"les",1920,0,0,0
"les",1921,0,0,0
"les",1922,0,0,0
"les",1923,0,0,0
"les",1924,0,0,0
"les",1925,0,0,0
"les",1926,0,0,0
"les",1927,0,0,0
"les",1928,0,0,0
"les",1929,0,0,0
"les",1930,0,0,0
"les",1931,0,0,0
"les",1932,0,0,0
"les",1933,0,0,0
"les",1934,0,0,0
"les",1935,0,0,0
"les",1936,0,0,0
"les",1937,0,0,0
"les",1938,0,0,0
"les",1939,0,0,0
"les",1940,0,0,0
"les",1941,0,0,0
"les",1942,0,0,0
"les",1943,0,0,0
"les",1944,0,0,0
"les",1945,0,0,0
"les",1946,0,0,0
"les",1947,0,0,0
"les",1948,0,0,0
"les",1949,0,0,0
"les",1950,0,0,0
"les",1951,0,0,0
"les",1952,0,0,0
"les",1953,0,0,0
"les",1954,0,0,0
"les",1955,0,0,0
"les",1956,0,0,0
"les",1957,0,0,0
"les",1958,0,0,0
"les",1959,0,0,0
"les",1960,0,0,0
"les",1961,0,0,0
"les",1962,0,0,0
"les",1963,0,0,0
"les",1964,0,0,0
"les",1965,0,0,0
"les",1966,0,0,0
"les",1967,0,0,0
"les",1968,0,0,0
"les",1969,0,0,0
"les",1970,0,0,0
"les",1971,0,0,0
"les",1972,0,0,0
"les",1973,0,0,0
"les",1974,0,0,0
"les",1975,0,0,0
"les",1976,0,0,0
"les",1977,0,0,0
"les",1978,0,0,0
"les",1979,0,0,0
"les",1980,0,0,0
"les",1981,0,0,0
"les",1982,0,0,1
"les",1983,0,0,1
"les",1984,0,0,0
"les",1985,0,0,0
"les",1986,0,0,0
"les",1987,0,0,0
"les",1988,0,0,0
"les",1989,0,0,0
"les",1990,0,0,0
"les",1991,0,0,0
"les",1992,0,0,0
"les",1993,0,0,0
"les",1994,0,0,3
"les",1995,0,0,0
"les",1996,0,0,0
"les",1997,0,0,0
"les",1998,0,0,0
"les",1999,0,0,0
"les",2000,0,0,0
"les",2001,0,0,0
"les",2002,0,0,0
"les",2003,0,0,0
"les",2004,0,0,0
"les",2005,0,0,0
"les",2006,0,0,0
"les",2007,0,0,0
"les",2008,0,0,0
"les",2009,0,0,0
"les",2010,0,0,0
"les",2011,0,0,0
"les",2012,0,0,0
"les",2013,0,0,0
"les",2014,0,0,0
"lib",1816,0,0,0
"lib",1817,0,0,0
"lib",1818,0,0,0
"lib",1819,0,0,0
"lib",1820,0,0,0
"lib",1821,0,0,0
"lib",1822,0,0,0
"lib",1823,0,0,0
"lib",1824,0,0,0
"lib",1825,0,0,0
"lib",1826,0,0,0
"lib",1827,0,0,0
"lib",1828,0,0,0
"lib",1829,0,0,0
"lib",1830,0,0,0
"lib",1831,0,0,0
"lib",1832,0,0,0
"lib",1833,0,0,0
"lib",1834,0,0,0
"lib",1835,0,0,0
"lib",1836,0,0,0
"lib",1837,0,0,0
"lib",1838,0,0,0
"lib",1839,0,0,0
"lib",1840,0,0,0
"lib",1841,0,0,0
"lib",1842,0,0,0
"lib",1843,0,0,0
"lib",1844,0,0,0
"lib",1845,0,0,0
"lib",1846,0,0,0
"lib",1847,0,0,0
"lib",1848,0,0,0
"lib",1849,0,0,0
"lib",1850,0,0,0
"lib",1851,0,0,0
"lib",1852,0,0,0
"lib",1853,0,0,0
"lib",1854,0,0,0
"lib",1855,0,0,0
"lib",1856,0,0,0
"lib",1857,0,0,0
"lib",1858,0,0,0
"lib",1859,0,0,0
"lib",1860,0,0,0
"lib",1861,0,0,0
"lib",1862,0,0,0
"lib",1863,0,0,0
"lib",1864,0,0,0
"lib",1865,0,0,0
"lib",1866,0,0,0
"lib",1867,0,0,0
"lib",1868,0,0,0
"lib",1869,0,0,0
"lib",1870,0,0,0
"lib",1871,0,0,0
"lib",1872,0,0,0
"lib",1873,0,0,0
"lib",1874,0,0,0
"lib",1875,0,0,0
"lib",1876,0,0,0
"lib",1877,0,0,0
"lib",1878,0,0,0
"lib",1879,0,0,0
"lib",1880,0,0,0
"lib",1881,0,0,0
"lib",1882,0,0,0
"lib",1883,0,0,0
"lib",1884,0,0,0
"lib",1885,0,0,0
"lib",1886,0,0,0
"lib",1887,0,0,0
"lib",1888,0,0,0
"lib",1889,0,0,0
"lib",1890,0,0,0
"lib",1891,0,0,0
"lib",1892,0,0,0
"lib",1893,0,0,0
"lib",1894,0,0,0
"lib",1895,0,0,0
"lib",1896,0,0,0
"lib",1897,0,0,0
"lib",1898,0,0,0
"lib",1899,0,0,0
"lib",1900,0,0,0
"lib",1901,0,0,0
"lib",1902,0,0,0
"lib",1903,0,0,0
"lib",1904,0,0,0
"lib",1905,0,0,0
"lib",1906,0,0,0
"lib",1907,0,0,0
"lib",1908,0,0,0
"lib",1909,0,0,0
"lib",1910,0,0,0
"lib",1911,0,0,0
"lib",1912,0,0,0
"lib",1913,0,0,0
"lib",1914,0,0,0
"lib",1915,0,0,0
"lib",1916,0,0,0
"lib",1917,0,0,0
"lib",1918,0,0,0
"lib",1919,0,0,0
"lib",1920,0,0,0
"lib",1921,0,0,0
"lib",1922,0,0,0
"lib",1923,0,0,0
"lib",1924,0,0,0
"lib",1925,0,0,0
"lib",1926,0,0,0
"lib",1927,0,0,0
"lib",1928,0,0,0
"lib",1929,0,0,0
"lib",1930,0,0,0
"lib",1931,0,0,0
"lib",1932,0,0,0
"lib",1933,0,0,0
"lib",1934,0,0,0
"lib",1935,0,0,0
"lib",1936,0,0,0
"lib",1937,0,0,0
"lib",1938,0,0,0
"lib",1939,0,0,0
"lib",1940,0,0,0
"lib",1941,0,0,0
"lib",1942,0,0,0
"lib",1943,0,0,0
"lib",1944,0,0,0
"lib",1945,0,0,0
"lib",1946,0,0,0
"lib",1947,0,0,0
"lib",1948,0,0,0
"lib",1949,0,0,0
"lib",1950,0,0,0
"lib",1951,0,0,0
"lib",1952,0,0,0
"lib",1953,0,0,0
"lib",1954,0,0,0
"lib",1955,0,0,0
"lib",1956,0,0,0
"lib",1957,0,0,0
"lib",1958,0,0,0
"lib",1959,0,0,0
"lib",1960,0,0,0
"lib",1961,0,0,0
"lib",1962,0,0,0
"lib",1963,0,0,0
"lib",1964,0,0,0
"lib",1965,0,0,0
"lib",1966,0,0,0
"lib",1967,0,0,0
"lib",1968,0,0,0
"lib",1969,0,0,0
"lib",1970,0,0,0
"lib",1971,0,0,0
"lib",1972,0,0,3
"lib",1973,1,0,4
"lib",1974,0,0,0
"lib",1975,0,0,3
"lib",1976,1,0,4
"lib",1977,0.666666666666667,0.666666666666667,3.66666666666667
"lib",1978,0.5,0,2.5
"lib",1979,0.333333333333333,1.33333333333333,3
"lib",1980,0.25,0,2
"lib",1981,0.5,0,3.5
"lib",1982,0.5,0,1.5
"lib",1983,0.666666666666667,0,2.33333333333333
"lib",1984,0.5,0,2.5
"lib",1985,1,0,3
"lib",1986,0,0,1
"lib",1987,0,0,0
"lib",1988,0,0,0
"lib",1989,0,0,0
"lib",1990,0,0,0
"lib",1991,0,0,0
"lib",1992,0,0,0
"lib",1993,0,0,0
"lib",1994,1,0,3
"lib",1995,0,0,0
"lib",1996,0,0,0
"lib",1997,0,0,0
"lib",1998,0,0,0
"lib",1999,0,0,0
"lib",2000,0,0,0
"lib",2001,0,0,0
"lib",2002,1,0,4
"lib",2003,1,0,4
"lib",2004,0,0,0
"lib",2005,0,0,0
"lib",2006,0,0,0
"lib",2007,0,0,0
"lib",2008,0,0,0
"lib",2009,0,0,0
"lib",2010,0,0,0
"lib",2011,0,0,0
"lib",2012,0,0,0
"lib",2013,0,0,0
"lib",2014,0,0,0
"lit",1816,0,0,0
"lit",1817,0,0,0
"lit",1818,0,0,0
"lit",1819,0,0,0
"lit",1820,0,0,0
"lit",1821,0,0,0
"lit",1822,0,0,0
"lit",1823,0,0,0
"lit",1824,0,0,0
"lit",1825,0,0,0
"lit",1826,0,0,0
"lit",1827,0,0,0
"lit",1828,0,0,0
"lit",1829,0,0,0
"lit",1830,0,0,0
"lit",1831,0,0,0
"lit",1832,0,0,0
"lit",1833,0,0,0
"lit",1834,0,0,0
"lit",1835,0,0,0
"lit",1836,0,0,0
"lit",1837,0,0,0
"lit",1838,0,0,0
"lit",1839,0,0,0
"lit",1840,0,0,0
"lit",1841,0,0,0
"lit",1842,0,0,0
"lit",1843,0,0,0
"lit",1844,0,0,0
"lit",1845,0,0,0
"lit",1846,0,0,0
"lit",1847,0,0,0
"lit",1848,0,0,0
"lit",1849,0,0,0
"lit",1850,0,0,0
"lit",1851,0,0,0
"lit",1852,0,0,0
"lit",1853,0,0,0
"lit",1854,0,0,0
"lit",1855,0,0,0
"lit",1856,0,0,0
"lit",1857,0,0,0
"lit",1858,0,0,0
"lit",1859,0,0,0
"lit",1860,0,0,0
"lit",1861,0,0,0
"lit",1862,0,0,0
"lit",1863,0,0,0
"lit",1864,0,0,0
"lit",1865,0,0,0
"lit",1866,0,0,0
"lit",1867,0,0,0
"lit",1868,0,0,0
"lit",1869,0,0,0
"lit",1870,0,0,0
"lit",1871,0,0,0
"lit",1872,0,0,0
"lit",1873,0,0,0
"lit",1874,0,0,0
"lit",1875,0,0,0
"lit",1876,0,0,0
"lit",1877,0,0,0
"lit",1878,0,0,0
"lit",1879,0,0,0
"lit",1880,0,0,0
"lit",1881,0,0,0
"lit",1882,0,0,0
"lit",1883,0,0,0
"lit",1884,0,0,0
"lit",1885,0,0,0
"lit",1886,0,0,0
"lit",1887,0,0,0
"lit",1888,0,0,0
"lit",1889,0,0,0
"lit",1890,0,0,0
"lit",1891,0,0,0
"lit",1892,0,0,0
"lit",1893,0,0,0
"lit",1894,0,0,0
"lit",1895,0,0,0
"lit",1896,0,0,0
"lit",1897,0,0,0
"lit",1898,0,0,0
"lit",1899,0,0,0
"lit",1900,0,0,0
"lit",1901,0,0,0
"lit",1902,0,0,0
"lit",1903,0,0,0
"lit",1904,0,0,0
"lit",1905,0,0,0
"lit",1906,0,0,0
"lit",1907,0,0,0
"lit",1908,0,0,0
"lit",1909,0,0,0
"lit",1910,0,0,0
"lit",1911,0,0,0
"lit",1912,0,0,0
"lit",1913,0,0,0
"lit",1914,0,0,0
"lit",1915,0,0,0
"lit",1916,0,0,0
"lit",1917,0,0,0
"lit",1918,0,0,0
"lit",1919,0,5,5
"lit",1920,0,5,5
"lit",1921,0,5,5
"lit",1922,0,0,0
"lit",1923,0,0,0
"lit",1924,0,0,0
"lit",1925,0,0,0
"lit",1926,0,0,0
"lit",1927,0,0,0
"lit",1928,0,0,0
"lit",1929,0,0,0
"lit",1930,0,0,0
"lit",1931,0,0,0
"lit",1932,0,0,0
"lit",1933,0,0,0
"lit",1934,0,0,0
"lit",1935,0,0,0
"lit",1936,0,0,0
"lit",1937,0,0,0
"lit",1938,0,0,4
"lit",1939,0,0,1
"lit",1940,0,0,1
"lit",1941,0,0,0
"lit",1942,0,0,0
"lit",1943,0,0,0
"lit",1944,0,0,0
"lit",1945,0,0,0
"lit",1946,0,0,0
"lit",1947,0,0,0
"lit",1948,0,0,0
"lit",1949,0,0,0
"lit",1950,0,0,0
"lit",1951,0,0,0
"lit",1952,0,0,0
"lit",1953,0,0,0
"lit",1954,0,0,0
"lit",1955,0,0,0
"lit",1956,0,0,0
"lit",1957,0,0,0
"lit",1958,0,0,0
"lit",1959,0,0,0
"lit",1960,0,0,0
"lit",1961,0,0,0
"lit",1962,0,0,0
"lit",1963,0,0,0
"lit",1964,0,0,0
"lit",1965,0,0,0
"lit",1966,0,0,0
"lit",1967,0,0,0
"lit",1968,0,0,0
"lit",1969,0,0,0
"lit",1970,0,0,0
"lit",1971,0,0,0
"lit",1972,0,0,0
"lit",1973,0,0,0
"lit",1974,0,0,0
"lit",1975,0,0,0
"lit",1976,0,0,0
"lit",1977,0,0,0
"lit",1978,0,0,0
"lit",1979,0,0,0
"lit",1980,0,0,0
"lit",1981,0,0,0
"lit",1982,0,0,0
"lit",1983,0,0,0
"lit",1984,0,0,0
"lit",1985,0,0,0
"lit",1986,0,0,0
"lit",1987,0,0,0
"lit",1988,0,0,0
"lit",1989,0,0,0
"lit",1990,0,0,0
"lit",1991,0,0,0
"lit",1992,0,0,0
"lit",1993,0,0,0
"lit",1994,0,0,0
"lit",1995,0,0,1
"lit",1996,0,0,0
"lit",1997,0,0,0
"lit",1998,1,0,3
"lit",1999,0,0,0
"lit",2000,0,0,1
"lit",2001,0,0,1
"lit",2002,0,0,0
"lit",2003,0,0,0
"lit",2004,0,0,0
"lit",2005,0,0,0
"lit",2006,0,0,0
"lit",2007,0,0,0
"lit",2008,0,0,0
"lit",2009,0,0,0
"lit",2010,0,0,0
"lit",2011,1,0,2
"lit",2012,1,0,1
"lit",2013,0,0,0
"lit",2014,0.5,0,2
"lux",1816,0,0,0
"lux",1817,0,0,0
"lux",1818,0,0,0
"lux",1819,0,0,0
"lux",1820,0,0,0
"lux",1821,0,0,0
"lux",1822,0,0,0
"lux",1823,0,0,0
"lux",1824,0,0,0
"lux",1825,0,0,0
"lux",1826,0,0,0
"lux",1827,0,0,0
"lux",1828,0,0,0
"lux",1829,0,0,0
"lux",1830,0,0,0
"lux",1831,0,0,0
"lux",1832,0,0,0
"lux",1833,0,0,0
"lux",1834,0,0,0
"lux",1835,0,0,0
"lux",1836,0,0,0
"lux",1837,0,0,0
"lux",1838,0,0,0
"lux",1839,0,0,0
"lux",1840,0,0,0
"lux",1841,0,0,0
"lux",1842,0,0,0
"lux",1843,0,0,0
"lux",1844,0,0,0
"lux",1845,0,0,0
"lux",1846,0,0,0
"lux",1847,0,0,0
"lux",1848,0,0,0
"lux",1849,0,0,0
"lux",1850,0,0,0
"lux",1851,0,0,0
"lux",1852,0,0,0
"lux",1853,0,0,0
"lux",1854,0,0,0
"lux",1855,0,0,0
"lux",1856,0,0,0
"lux",1857,0,0,0
"lux",1858,0,0,0
"lux",1859,0,0,0
"lux",1860,0,0,0
"lux",1861,0,0,0
"lux",1862,0,0,0
"lux",1863,0,0,0
"lux",1864,0,0,0
"lux",1865,0,0,0
"lux",1866,0,0,0
"lux",1867,0,0,0
"lux",1868,0,0,0
"lux",1869,0,0,0
"lux",1870,0,0,0
"lux",1871,0,0,0
"lux",1872,0,0,0
"lux",1873,0,0,0
"lux",1874,0,0,0
"lux",1875,0,0,0
"lux",1876,0,0,0
"lux",1877,0,0,0
"lux",1878,0,0,0
"lux",1879,0,0,0
"lux",1880,0,0,0
"lux",1881,0,0,0
"lux",1882,0,0,0
"lux",1883,0,0,0
"lux",1884,0,0,0
"lux",1885,0,0,0
"lux",1886,0,0,0
"lux",1887,0,0,0
"lux",1888,0,0,0
"lux",1889,0,0,0
"lux",1890,0,0,0
"lux",1891,0,0,0
"lux",1892,0,0,0
"lux",1893,0,0,0
"lux",1894,0,0,0
"lux",1895,0,0,0
"lux",1896,0,0,0
"lux",1897,0,0,0
"lux",1898,0,0,0
"lux",1899,0,0,0
"lux",1900,0,0,0
"lux",1901,0,0,0
"lux",1902,0,0,0
"lux",1903,0,0,0
"lux",1904,0,0,0
"lux",1905,0,0,0
"lux",1906,0,0,0
"lux",1907,0,0,0
"lux",1908,0,0,0
"lux",1909,0,0,0
"lux",1910,0,0,0
"lux",1911,0,0,0
"lux",1912,0,0,0
"lux",1913,0,0,0
"lux",1914,0,0,0
"lux",1915,0,0,0
"lux",1916,0,0,0
"lux",1917,0,0,0
"lux",1918,0,0,0
"lux",1919,0,0,0
"lux",1920,0,0,0
"lux",1921,0,0,0
"lux",1922,0,0,0
"lux",1923,0,0,0
"lux",1924,0,0,0
"lux",1925,0,0,0
"lux",1926,0,0,0
"lux",1927,0,0,0
"lux",1928,0,0,0
"lux",1929,0,0,0
"lux",1930,0,0,0
"lux",1931,0,0,0
"lux",1932,0,0,0
"lux",1933,0,0,0
"lux",1934,0,0,0
"lux",1935,0,0,0
"lux",1936,0,0,0
"lux",1937,0,0,0
"lux",1938,0,0,0
"lux",1939,0,0,4
"lux",1940,0,0,4
"lux",1941,0,0,0
"lux",1942,0,0,0
"lux",1943,0,0,0
"lux",1944,0,0,0
"lux",1945,0,0,0
"lux",1946,0,0,0
"lux",1947,0,0,0
"lux",1948,0,0,0
"lux",1949,0,0,0
"lux",1950,0,0,0
"lux",1951,0,0,0
"lux",1952,0,0,0
"lux",1953,0,0,0
"lux",1954,0,0,0
"lux",1955,0,0,0
"lux",1956,0,0,0
"lux",1957,0,0,0
"lux",1958,0,0,0
"lux",1959,0,0,0
"lux",1960,0,0,0
"lux",1961,0,0,0
"lux",1962,0,0,0
"lux",1963,0,0,0
"lux",1964,0,0,0
"lux",1965,0,0,0
"lux",1966,0,0,0
"lux",1967,0,0,0
"lux",1968,0,0,0
"lux",1969,0,0,0
"lux",1970,0,0,0
"lux",1971,0,0,0
"lux",1972,0,0,0
"lux",1973,0,0,0
"lux",1974,0,0,0
"lux",1975,0,0,0
"lux",1976,0,0,0
"lux",1977,0,0,0
"lux",1978,0,0,0
"lux",1979,0,0,0
"lux",1980,0,0,0
"lux",1981,0,0,0
"lux",1982,0,0,0
"lux",1983,0,0,0
"lux",1984,0,0,0
"lux",1985,0,0,0
"lux",1986,0,0,0
"lux",1987,0,0,0
"lux",1988,0,0,0
"lux",1989,0,0,0
"lux",1990,0,0,0
"lux",1991,0,0,0
"lux",1992,0,0,0
"lux",1993,0,0,0
"lux",1994,0,0,0
"lux",1995,0,0,0
"lux",1996,0,0,0
"lux",1997,0,0,0
"lux",1998,1,0,3
"lux",1999,1,0,3
"lux",2000,0,0,1.5
"lux",2001,0,0,0
"lux",2002,0,0,0
"lux",2003,0,0,0
"lux",2004,0,0,0
"lux",2005,0,0,0
"lux",2006,0,0,0
"lux",2007,0,0,0
"lux",2008,0,0,0
"lux",2009,0,0,0
"lux",2010,0,0,0
"lux",2011,1,0,2
"lux",2012,0,0,0
"lux",2013,0,0,0
"lux",2014,0,0,0
"maa",1816,0,0,0
"maa",1817,0,0,0
"maa",1818,0,0,0
"maa",1819,0,0,0
"maa",1820,0,0,0
"maa",1821,0,0,0
"maa",1822,0,0,0
"maa",1823,0,0,0
"maa",1824,0,0,0
"maa",1825,0,0,0
"maa",1826,0,0,0
"maa",1827,0,0,0
"maa",1828,0,0,0
"maa",1829,0,0,0
"maa",1830,0,0,0
"maa",1831,0,0,0
"maa",1832,0,0,0
"maa",1833,0,0,0
"maa",1834,0,0,0
"maa",1835,0,0,0
"maa",1836,0,0,0
"maa",1837,0,0,0
"maa",1838,0,0,0
"maa",1839,0,0,0
"maa",1840,0,0,0
"maa",1841,0,0,0
"maa",1842,0,0,0
"maa",1843,0,0,0
"maa",1844,0,0,0
"maa",1845,0,0,0
"maa",1846,0,0,0
"maa",1847,0,0,0
"maa",1848,0,0,0
"maa",1849,0,0,0
"maa",1850,0,0,0
"maa",1851,0,0,0
"maa",1852,0,0,0
"maa",1853,0,0,0
"maa",1854,0,0,0
"maa",1855,0,0,0
"maa",1856,0,0,0
"maa",1857,0,0,0
"maa",1858,0,0,0
"maa",1859,0,0,0
"maa",1860,0,0,0
"maa",1861,0,0,0
"maa",1862,0,0,0
"maa",1863,0,0,0
"maa",1864,0,0,0
"maa",1865,0,0,0
"maa",1866,0,0,0
"maa",1867,0,0,0
"maa",1868,0,0,0
"maa",1869,0,0,0
"maa",1870,0,0,0
"maa",1871,0,0,0
"maa",1872,0,0,0
"maa",1873,0,0,0
"maa",1874,0,0,0
"maa",1875,0,0,0
"maa",1876,0,0,0
"maa",1877,0,0,0
"maa",1878,0,0,0
"maa",1879,0,0,0
"maa",1880,0,0,0
"maa",1881,0,0,0
"maa",1882,0,0,0
"maa",1883,0,0,0
"maa",1884,0,0,0
"maa",1885,0,0,0
"maa",1886,0,0,0
"maa",1887,0,0,0
"maa",1888,0,0,0
"maa",1889,0,0,0
"maa",1890,0,0,0
"maa",1891,0,0,0
"maa",1892,0,0,0
"maa",1893,0,0,0
"maa",1894,0,0,0
"maa",1895,0,0,0
"maa",1896,0,0,0
"maa",1897,0,0,0
"maa",1898,0,0,0
"maa",1899,0,0,0
"maa",1900,0,0,0
"maa",1901,0,0,0
"maa",1902,0,0,0
"maa",1903,0,0,0
"maa",1904,0,0,0
"maa",1905,0,0,0
"maa",1906,0,0,0
"maa",1907,0,0,0
"maa",1908,0,0,0
"maa",1909,0,0,0
"maa",1910,0,0,0
"maa",1911,0,0,0
"maa",1912,0,0,0
"maa",1913,0,0,0
"maa",1914,0,0,0
"maa",1915,0,0,0
"maa",1916,0,0,0
"maa",1917,0,0,0
"maa",1918,0,0,0
"maa",1919,0,0,0
"maa",1920,0,0,0
"maa",1921,0,0,0
"maa",1922,0,0,0
"maa",1923,0,0,0
"maa",1924,0,0,0
"maa",1925,0,0,0
"maa",1926,0,0,0
"maa",1927,0,0,0
"maa",1928,0,0,0
"maa",1929,0,0,0
"maa",1930,0,0,0
"maa",1931,0,0,0
"maa",1932,0,0,0
"maa",1933,0,0,0
"maa",1934,0,0,0
"maa",1935,0,0,0
"maa",1936,0,0,0
"maa",1937,0,0,0
"maa",1938,0,0,0
"maa",1939,0,0,0
"maa",1940,0,0,0
"maa",1941,0,0,0
"maa",1942,0,0,0
"maa",1943,0,0,0
"maa",1944,0,0,0
"maa",1945,0,0,0
"maa",1946,0,0,0
"maa",1947,0,0,0
"maa",1948,0,0,0
"maa",1949,0,0,0
"maa",1950,0,0,0
"maa",1951,0,0,0
"maa",1952,0,0,0
"maa",1953,0,0,0
"maa",1954,0,0,0
"maa",1955,0,0,0
"maa",1956,0,0,0
"maa",1957,0,0,0
"maa",1958,0,0,0
"maa",1959,0,0,0
"maa",1960,0,0,0
"maa",1961,0,0,0
"maa",1962,0,0,0
"maa",1963,0,0,0
"maa",1964,0,0,0
"maa",1965,0,0,0
"maa",1966,0,0,0
"maa",1967,0,0,0
"maa",1968,0,0,0
"maa",1969,0,0,0
"maa",1970,0,0,0
"maa",1971,0,0,0
"maa",1972,0,0,0
"maa",1973,0,0,0
"maa",1974,0,0,0
"maa",1975,0,0,1
"maa",1976,0,0,0
"maa",1977,0,0,0
"maa",1978,0,0,0
"maa",1979,0,0,0
"maa",1980,0,0,1
"maa",1981,0,0,0
"maa",1982,0,0,0
"maa",1983,0,0,0
"maa",1984,0,0,0
"maa",1985,0,0,0
"maa",1986,0,0,0
"maa",1987,0,0,3
"maa",1988,0,0,0
"maa",1989,1,0.5,4
"maa",1990,1,1,4
"maa",1991,0,0,0
"maa",1992,0,0,0
"maa",1993,0,0,0
"maa",1994,0,0,0
"maa",1995,0,0,0
"maa",1996,0,0,0
"maa",1997,0,0,0
"maa",1998,0,0,0
"maa",1999,0,0,0
"maa",2000,0,0,0
"maa",2001,0,0,0
"maa",2002,0,0,0
"maa",2003,0,0,1
"maa",2004,0,0,0
"maa",2005,0,0,0
"maa",2006,0,0,0
"maa",2007,0,0,0
"maa",2008,0,0,0
"maa",2009,0,0,0
"maa",2010,0,0,0
"maa",2011,0,0,0
"maa",2012,0,0,0
"maa",2013,0,0,0
"maa",2014,0,0,0
"mac",1816,0,0,0
"mac",1817,0,0,0
"mac",1818,0,0,0
"mac",1819,0,0,0
"mac",1820,0,0,0
"mac",1821,0,0,0
"mac",1822,0,0,0
"mac",1823,0,0,0
"mac",1824,0,0,0
"mac",1825,0,0,0
"mac",1826,0,0,0
"mac",1827,0,0,0
"mac",1828,0,0,0
"mac",1829,0,0,0
"mac",1830,0,0,0
"mac",1831,0,0,0
"mac",1832,0,0,0
"mac",1833,0,0,0
"mac",1834,0,0,0
"mac",1835,0,0,0
"mac",1836,0,0,0
"mac",1837,0,0,0
"mac",1838,0,0,0
"mac",1839,0,0,0
"mac",1840,0,0,0
"mac",1841,0,0,0
"mac",1842,0,0,0
"mac",1843,0,0,0
"mac",1844,0,0,0
"mac",1845,0,0,0
"mac",1846,0,0,0
"mac",1847,0,0,0
"mac",1848,0,0,0
"mac",1849,0,0,0
"mac",1850,0,0,0
"mac",1851,0,0,0
"mac",1852,0,0,0
"mac",1853,0,0,0
"mac",1854,0,0,0
"mac",1855,0,0,0
"mac",1856,0,0,0
"mac",1857,0,0,0
"mac",1858,0,0,0
"mac",1859,0,0,0
"mac",1860,0,0,0
"mac",1861,0,0,0
"mac",1862,0,0,0
"mac",1863,0,0,0
"mac",1864,0,0,0
"mac",1865,0,0,0
"mac",1866,0,0,0
"mac",1867,0,0,0
"mac",1868,0,0,0
"mac",1869,0,0,0
"mac",1870,0,0,0
"mac",1871,0,0,0
"mac",1872,0,0,0
"mac",1873,0,0,0
"mac",1874,0,0,0
"mac",1875,0,0,0
"mac",1876,0,0,0
"mac",1877,0,0,0
"mac",1878,0,0,0
"mac",1879,0,0,0
"mac",1880,0,0,0
"mac",1881,0,0,0
"mac",1882,0,0,0
"mac",1883,0,0,0
"mac",1884,0,0,0
"mac",1885,0,0,0
"mac",1886,0,0,0
"mac",1887,0,0,0
"mac",1888,0,0,0
"mac",1889,0,0,0
"mac",1890,0,0,0
"mac",1891,0,0,0
"mac",1892,0,0,0
"mac",1893,0,0,0
"mac",1894,0,0,0
"mac",1895,0,0,0
"mac",1896,0,0,0
"mac",1897,0,0,0
"mac",1898,0,0,0
"mac",1899,0,0,0
"mac",1900,0,0,0
"mac",1901,0,0,0
"mac",1902,0,0,0
"mac",1903,0,0,0
"mac",1904,0,0,0
"mac",1905,0,0,0
"mac",1906,0,0,0
"mac",1907,0,0,0
"mac",1908,0,0,0
"mac",1909,0,0,0
"mac",1910,0,0,0
"mac",1911,0,0,0
"mac",1912,0,0,0
"mac",1913,0,0,0
"mac",1914,0,0,0
"mac",1915,0,0,0
"mac",1916,0,0,0
"mac",1917,0,0,0
"mac",1918,0,0,0
"mac",1919,0,0,0
"mac",1920,0,0,0
"mac",1921,0,0,0
"mac",1922,0,0,0
"mac",1923,0,0,0
"mac",1924,0,0,0
"mac",1925,0,0,0
"mac",1926,0,0,0
"mac",1927,0,0,0
"mac",1928,0,0,0
"mac",1929,0,0,0
"mac",1930,0,0,0
"mac",1931,0,0,0
"mac",1932,0,0,0
"mac",1933,0,0,0
"mac",1934,0,0,0
"mac",1935,0,0,0
"mac",1936,0,0,0
"mac",1937,0,0,0
"mac",1938,0,0,0
"mac",1939,0,0,0
"mac",1940,0,0,0
"mac",1941,0,0,0
"mac",1942,0,0,0
"mac",1943,0,0,0
"mac",1944,0,0,0
"mac",1945,0,0,0
"mac",1946,0,0,0
"mac",1947,0,0,0
"mac",1948,0,0,0
"mac",1949,0,0,0
"mac",1950,0,0,0
"mac",1951,0,0,0
"mac",1952,0,0,0
"mac",1953,0,0,0
"mac",1954,0,0,0
"mac",1955,0,0,0
"mac",1956,0,0,0
"mac",1957,0,0,0
"mac",1958,0,0,0
"mac",1959,0,0,0
"mac",1960,0,0,0
"mac",1961,0,0,0
"mac",1962,0,0,0
"mac",1963,0,0,0
"mac",1964,0,0,0
"mac",1965,0,0,0
"mac",1966,0,0,0
"mac",1967,0,0,0
"mac",1968,0,0,0
"mac",1969,0,0,0
"mac",1970,0,0,0
"mac",1971,0,0,0
"mac",1972,0,0,0
"mac",1973,0,0,0
"mac",1974,0,0,0
"mac",1975,0,0,0
"mac",1976,0,0,0
"mac",1977,0,0,0
"mac",1978,0,0,0
"mac",1979,0,0,0
"mac",1980,0,0,0
"mac",1981,0,0,0
"mac",1982,0,0,0
"mac",1983,0,0,0
"mac",1984,0,0,0
"mac",1985,0,0,0
"mac",1986,0,0,0
"mac",1987,0,0,0
"mac",1988,0,0,0
"mac",1989,0,0,0
"mac",1990,0,0,0
"mac",1991,0,0,0
"mac",1992,0,0,0
"mac",1993,0,0,4
"mac",1994,0,0,2
"mac",1995,0,0,0
"mac",1996,0,0,0
"mac",1997,0,0,4
"mac",1998,1,0,3
"mac",1999,1,0,3
"mac",2000,0,0,0
"mac",2001,0,0,0
"mac",2002,0,0,4
"mac",2003,0,0,0
"mac",2004,0,0,0
"mac",2005,0,0,0
"mac",2006,0,0,0
"mac",2007,0,0,0
"mac",2008,0,0,0
"mac",2009,0,0,0
"mac",2010,0,0,0
"mac",2011,0,0,0
"mac",2012,0,0,0
"mac",2013,0,0,0
"mac",2014,0,0,0
"mad",1816,0,0,0
"mad",1817,0,0,0
"mad",1818,0,0,0
"mad",1819,0,0,0
"mad",1820,0,0,0
"mad",1821,0,0,0
"mad",1822,0,0,0
"mad",1823,0,0,0
"mad",1824,0,0,0
"mad",1825,0,0,0
"mad",1826,0,0,0
"mad",1827,0,0,0
"mad",1828,0,0,0
"mad",1829,0,0,0
"mad",1830,0,0,0
"mad",1831,0,0,0
"mad",1832,0,0,0
"mad",1833,0,0,0
"mad",1834,0,0,0
"mad",1835,0,0,0
"mad",1836,0,0,0
"mad",1837,0,0,0
"mad",1838,0,0,0
"mad",1839,0,0,0
"mad",1840,0,0,0
"mad",1841,0,0,0
"mad",1842,0,0,0
"mad",1843,0,0,0
"mad",1844,0,0,0
"mad",1845,0,0,0
"mad",1846,0,0,0
"mad",1847,0,0,0
"mad",1848,0,0,0
"mad",1849,0,0,0
"mad",1850,0,0,0
"mad",1851,0,0,0
"mad",1852,0,0,0
"mad",1853,0,0,0
"mad",1854,0,0,0
"mad",1855,0,0,0
"mad",1856,0,0,0
"mad",1857,0,0,0
"mad",1858,0,0,0
"mad",1859,0,0,0
"mad",1860,0,0,0
"mad",1861,0,0,0
"mad",1862,0,0,0
"mad",1863,0,0,0
"mad",1864,0,0,0
"mad",1865,0,0,0
"mad",1866,0,0,0
"mad",1867,0,0,0
"mad",1868,0,0,0
"mad",1869,0,0,0
"mad",1870,0,0,0
"mad",1871,0,0,0
"mad",1872,0,0,0
"mad",1873,0,0,0
"mad",1874,0,0,0
"mad",1875,0,0,0
"mad",1876,0,0,0
"mad",1877,0,0,0
"mad",1878,0,0,0
"mad",1879,0,0,0
"mad",1880,0,0,0
"mad",1881,0,0,0
"mad",1882,0,0,0
"mad",1883,0,0,0
"mad",1884,0,0,0
"mad",1885,0,0,0
"mad",1886,0,0,0
"mad",1887,0,0,0
"mad",1888,0,0,0
"mad",1889,0,0,0
"mad",1890,0,0,0
"mad",1891,0,0,0
"mad",1892,0,0,0
"mad",1893,0,0,0
"mad",1894,0,0,0
"mad",1895,0,0,0
"mad",1896,0,0,0
"mad",1897,0,0,0
"mad",1898,0,0,0
"mad",1899,0,0,0
"mad",1900,0,0,0
"mad",1901,0,0,0
"mad",1902,0,0,0
"mad",1903,0,0,0
"mad",1904,0,0,0
"mad",1905,0,0,0
"mad",1906,0,0,0
"mad",1907,0,0,0
"mad",1908,0,0,0
"mad",1909,0,0,0
"mad",1910,0,0,0
"mad",1911,0,0,0
"mad",1912,0,0,0
"mad",1913,0,0,0
"mad",1914,0,0,0
"mad",1915,0,0,0
"mad",1916,0,0,0
"mad",1917,0,0,0
"mad",1918,0,0,0
"mad",1919,0,0,0
"mad",1920,0,0,0
"mad",1921,0,0,0
"mad",1922,0,0,0
"mad",1923,0,0,0
"mad",1924,0,0,0
"mad",1925,0,0,0
"mad",1926,0,0,0
"mad",1927,0,0,0
"mad",1928,0,0,0
"mad",1929,0,0,0
"mad",1930,0,0,0
"mad",1931,0,0,0
"mad",1932,0,0,0
"mad",1933,0,0,0
"mad",1934,0,0,0
"mad",1935,0,0,0
"mad",1936,0,0,0
"mad",1937,0,0,0
"mad",1938,0,0,0
"mad",1939,0,0,0
"mad",1940,0,0,0
"mad",1941,0,0,0
"mad",1942,0,0,0
"mad",1943,0,0,0
"mad",1944,0,0,0
"mad",1945,0,0,0
"mad",1946,0,0,0
"mad",1947,0,0,0
"mad",1948,0,0,0
"mad",1949,0,0,0
"mad",1950,0,0,0
"mad",1951,0,0,0
"mad",1952,0,0,0
"mad",1953,0,0,0
"mad",1954,0,0,0
"mad",1955,0,0,0
"mad",1956,0,0,0
"mad",1957,0,0,0
"mad",1958,0,0,0
"mad",1959,0,0,0
"mad",1960,0,0,0
"mad",1961,0,0,0
"mad",1962,0,0,0
"mad",1963,0,0,0
"mad",1964,0,0,0
"mad",1965,0,0,0
"mad",1966,0,0,0
"mad",1967,0,0,0
"mad",1968,0,0,0
"mad",1969,0,0,0
"mad",1970,0,0,0
"mad",1971,0,0,0
"mad",1972,0,0,0
"mad",1973,0,0,0
"mad",1974,0,0,0
"mad",1975,0,0,0
"mad",1976,0,0,0
"mad",1977,0,0,0
"mad",1978,0,0,0
"mad",1979,0,0,0
"mad",1980,0,0,0
"mad",1981,0,0,0
"mad",1982,0,0,0
"mad",1983,0,0,0
"mad",1984,0,0,0
"mad",1985,0,0,0
"mad",1986,0,0,0
"mad",1987,0,0,1
"mad",1988,0,0,0
"mad",1989,0,0,0
"mad",1990,0,0,0
"mad",1991,0,0,0
"mad",1992,0,0,0
"mad",1993,0,0,0
"mad",1994,0,0,0
"mad",1995,0,0,0
"mad",1996,0,0,0
"mad",1997,0,0,0
"mad",1998,0,0,0
"mad",1999,0,0,0
"mad",2000,0,0,0
"mad",2001,0,0,0
"mad",2002,0,0,0
"mad",2003,0,0,0
"mad",2004,0,0,0
"mad",2005,0,0,0
"mad",2006,0,0,0
"mad",2007,0,0,0
"mad",2008,0,0,0
"mad",2009,0,0,0
"mad",2010,0,0,0
"mad",2011,0,0,0
"mad",2012,0,0,0
"mad",2013,0,0,0
"mad",2014,0,0,0
"mag",1816,0,0,0
"mag",1817,0,0,0
"mag",1818,0,0,0
"mag",1819,0,0,0
"mag",1820,0,0,0
"mag",1821,0,0,0
"mag",1822,0,0,0
"mag",1823,0,0,0
"mag",1824,0,0,0
"mag",1825,0,0,0
"mag",1826,0,0,0
"mag",1827,0,0,0
"mag",1828,0,0,0
"mag",1829,0,0,0
"mag",1830,0,0,0
"mag",1831,0,0,0
"mag",1832,0,0,0
"mag",1833,0,0,0
"mag",1834,0,0,0
"mag",1835,0,0,0
"mag",1836,0,0,0
"mag",1837,0,0,0
"mag",1838,0,0,0
"mag",1839,0,0,0
"mag",1840,0,0,0
"mag",1841,0,0,0
"mag",1842,0,0,0
"mag",1843,0,0,0
"mag",1844,0,0,0
"mag",1845,0,0,0
"mag",1846,0,0,0
"mag",1847,0,0,0
"mag",1848,0,0,0
"mag",1849,0,0,0
"mag",1850,0,0,0
"mag",1851,0,0,0
"mag",1852,0,0,0
"mag",1853,0,0,0
"mag",1854,0,0,0
"mag",1855,0,0,0
"mag",1856,0,0,0
"mag",1857,0,0,0
"mag",1858,0,0,0
"mag",1859,0,0,0
"mag",1860,0,0,0
"mag",1861,0,0,0
"mag",1862,0,0,0
"mag",1863,0,0,0
"mag",1864,0,0,0
"mag",1865,0,0,0
"mag",1866,0,0,0
"mag",1867,0,0,0
"mag",1868,0,0,0
"mag",1869,0,0,0
"mag",1870,0,0,0
"mag",1871,0,0,0
"mag",1872,0,0,0
"mag",1873,0,0,0
"mag",1874,0,0,0
"mag",1875,0,0,0
"mag",1876,0,0,0
"mag",1877,0,0,0
"mag",1878,0,0,0
"mag",1879,0,0,0
"mag",1880,0,0,0
"mag",1881,0,0,0
"mag",1882,0,0,0
"mag",1883,0,0,0
"mag",1884,0,0,0
"mag",1885,0,0,0
"mag",1886,0,0,0
"mag",1887,0,0,0
"mag",1888,0,0,0
"mag",1889,0,0,0
"mag",1890,0,0,0
"mag",1891,0,0,0
"mag",1892,0,0,0
"mag",1893,0,0,0
"mag",1894,0,0,0
"mag",1895,0,0,0
"mag",1896,0,0,0
"mag",1897,0,0,0
"mag",1898,0,0,0
"mag",1899,0,0,0
"mag",1900,0,0,0
"mag",1901,0,0,0
"mag",1902,0,0,0
"mag",1903,0,0,0
"mag",1904,0,0,0
"mag",1905,0,0,0
"mag",1906,0,0,0
"mag",1907,0,0,0
"mag",1908,0,0,0
"mag",1909,0,0,0
"mag",1910,0,0,0
"mag",1911,0,0,0
"mag",1912,0,0,0
"mag",1913,0,0,0
"mag",1914,0,0,0
"mag",1915,0,0,0
"mag",1916,0,0,0
"mag",1917,0,0,0
"mag",1918,0,0,0
"mag",1919,0,0,0
"mag",1920,0,0,0
"mag",1921,0,0,0
"mag",1922,0,0,0
"mag",1923,0,0,0
"mag",1924,0,0,0
"mag",1925,0,0,0
"mag",1926,0,0,0
"mag",1927,0,0,0
"mag",1928,0,0,0
"mag",1929,0,0,0
"mag",1930,0,0,0
"mag",1931,0,0,0
"mag",1932,0,0,0
"mag",1933,0,0,0
"mag",1934,0,0,0
"mag",1935,0,0,0
"mag",1936,0,0,0
"mag",1937,0,0,0
"mag",1938,0,0,0
"mag",1939,0,0,0
"mag",1940,0,0,0
"mag",1941,0,0,0
"mag",1942,0,0,0
"mag",1943,0,0,0
"mag",1944,0,0,0
"mag",1945,0,0,0
"mag",1946,0,0,0
"mag",1947,0,0,0
"mag",1948,0,0,0
"mag",1949,0,0,0
"mag",1950,0,0,0
"mag",1951,0,0,0
"mag",1952,0,0,0
"mag",1953,0,0,0
"mag",1954,0,0,0
"mag",1955,0,0,0
"mag",1956,0,0,0
"mag",1957,0,0,0
"mag",1958,0,0,0
"mag",1959,0,0,0
"mag",1960,0,0,0
"mag",1961,0,0,0
"mag",1962,0,0,0
"mag",1963,0,0,0
"mag",1964,0,0,0
"mag",1965,0,0,0
"mag",1966,1,0,2
"mag",1967,0,0,0
"mag",1968,0,0,0
"mag",1969,0,0,0
"mag",1970,0,0,0
"mag",1971,0,0,0
"mag",1972,0,0,0
"mag",1973,0,0,0
"mag",1974,0,0,0
"mag",1975,0,0,0
"mag",1976,0,0,0
"mag",1977,0,0,0
"mag",1978,0,0,0
"mag",1979,0,0,0
"mag",1980,0,0,0
"mag",1981,0,0,0
"mag",1982,0,0,0
"mag",1983,0,0,0
"mag",1984,0,0,0
"mag",1985,0,0,0
"mag",1986,0,0,0
"mag",1987,0,0,0
"mag",1988,0,0,0
"mag",1989,0,0,0
"mag",1990,0,0,0
"mag",1991,0,0,0
"mag",1992,0,0,0
"mag",1993,0,0,0
"mag",1994,0,0,0
"mag",1995,0,0,0
"mag",1996,0,0,0
"mag",1997,0,0,0
"mag",1998,0,0,0
"mag",1999,0,0,0
"mag",2000,0,0,0
"mag",2001,0,0,0
"mag",2002,0,0,0
"mag",2003,0,0,0
"mag",2004,0,0,0
"mag",2005,0,0,0
"mag",2006,0,0,0
"mag",2007,0,0,0
"mag",2008,0,0,0
"mag",2009,0,0,0
"mag",2010,0,0,0
"mag",2011,0,0,0
"mag",2012,0,0,0
"mag",2013,0,0,0
"mag",2014,0,0,0
"mal",1816,0,0,0
"mal",1817,0,0,0
"mal",1818,0,0,0
"mal",1819,0,0,0
"mal",1820,0,0,0
"mal",1821,0,0,0
"mal",1822,0,0,0
"mal",1823,0,0,0
"mal",1824,0,0,0
"mal",1825,0,0,0
"mal",1826,0,0,0
"mal",1827,0,0,0
"mal",1828,0,0,0
"mal",1829,0,0,0
"mal",1830,0,0,0
"mal",1831,0,0,0
"mal",1832,0,0,0
"mal",1833,0,0,0
"mal",1834,0,0,0
"mal",1835,0,0,0
"mal",1836,0,0,0
"mal",1837,0,0,0
"mal",1838,0,0,0
"mal",1839,0,0,0
"mal",1840,0,0,0
"mal",1841,0,0,0
"mal",1842,0,0,0
"mal",1843,0,0,0
"mal",1844,0,0,0
"mal",1845,0,0,0
"mal",1846,0,0,0
"mal",1847,0,0,0
"mal",1848,0,0,0
"mal",1849,0,0,0
"mal",1850,0,0,0
"mal",1851,0,0,0
"mal",1852,0,0,0
"mal",1853,0,0,0
"mal",1854,0,0,0
"mal",1855,0,0,0
"mal",1856,0,0,0
"mal",1857,0,0,0
"mal",1858,0,0,0
"mal",1859,0,0,0
"mal",1860,0,0,0
"mal",1861,0,0,0
"mal",1862,0,0,0
"mal",1863,0,0,0
"mal",1864,0,0,0
"mal",1865,0,0,0
"mal",1866,0,0,0
"mal",1867,0,0,0
"mal",1868,0,0,0
"mal",1869,0,0,0
"mal",1870,0,0,0
"mal",1871,0,0,0
"mal",1872,0,0,0
"mal",1873,0,0,0
"mal",1874,0,0,0
"mal",1875,0,0,0
"mal",1876,0,0,0
"mal",1877,0,0,0
"mal",1878,0,0,0
"mal",1879,0,0,0
"mal",1880,0,0,0
"mal",1881,0,0,0
"mal",1882,0,0,0
"mal",1883,0,0,0
"mal",1884,0,0,0
"mal",1885,0,0,0
"mal",1886,0,0,0
"mal",1887,0,0,0
"mal",1888,0,0,0
"mal",1889,0,0,0
"mal",1890,0,0,0
"mal",1891,0,0,0
"mal",1892,0,0,0
"mal",1893,0,0,0
"mal",1894,0,0,0
"mal",1895,0,0,0
"mal",1896,0,0,0
"mal",1897,0,0,0
"mal",1898,0,0,0
"mal",1899,0,0,0
"mal",1900,0,0,0
"mal",1901,0,0,0
"mal",1902,0,0,0
"mal",1903,0,0,0
"mal",1904,0,0,0
"mal",1905,0,0,0
"mal",1906,0,0,0
"mal",1907,0,0,0
"mal",1908,0,0,0
"mal",1909,0,0,0
"mal",1910,0,0,0
"mal",1911,0,0,0
"mal",1912,0,0,0
"mal",1913,0,0,0
"mal",1914,0,0,0
"mal",1915,0,0,0
"mal",1916,0,0,0
"mal",1917,0,0,0
"mal",1918,0,0,0
"mal",1919,0,0,0
"mal",1920,0,0,0
"mal",1921,0,0,0
"mal",1922,0,0,0
"mal",1923,0,0,0
"mal",1924,0,0,0
"mal",1925,0,0,0
"mal",1926,0,0,0
"mal",1927,0,0,0
"mal",1928,0,0,0
"mal",1929,0,0,0
"mal",1930,0,0,0
"mal",1931,0,0,0
"mal",1932,0,0,0
"mal",1933,0,0,0
"mal",1934,0,0,0
"mal",1935,0,0,0
"mal",1936,0,0,0
"mal",1937,0,0,0
"mal",1938,0,0,0
"mal",1939,0,0,0
"mal",1940,0,0,0
"mal",1941,0,0,0
"mal",1942,0,0,0
"mal",1943,0,0,0
"mal",1944,0,0,0
"mal",1945,0,0,0
"mal",1946,0,0,0
"mal",1947,0,0,0
"mal",1948,0,0,0
"mal",1949,0,0,0
"mal",1950,0,0,0
"mal",1951,0,0,0
"mal",1952,0,0,0
"mal",1953,0,0,0
"mal",1954,0,0,0
"mal",1955,0,0,0
"mal",1956,0,0,0
"mal",1957,0,0,0
"mal",1958,0,0,0
"mal",1959,0,0,0
"mal",1960,0,0,0
"mal",1961,0,0,0
"mal",1962,0,0,0
"mal",1963,0,2,4
"mal",1964,0,1,2.5
"mal",1965,0,1,2.5
"mal",1966,0,0,0
"mal",1967,0,0,0
"mal",1968,0,0,0
"mal",1969,0,0,0
"mal",1970,0,0,0
"mal",1971,0,0,0
"mal",1972,0,0,0
"mal",1973,0,0,0
"mal",1974,0,0,0
"mal",1975,0,0,0
"mal",1976,0,0,0
"mal",1977,0,0,0
"mal",1978,0,0,0
"mal",1979,0,0,3
"mal",1980,0,0,3
"mal",1981,0,0,0
"mal",1982,0,0,0
"mal",1983,1,0,3
"mal",1984,1,0,3
"mal",1985,0,0,4
"mal",1986,0,0,0
"mal",1987,0,0,0
"mal",1988,0.5,0,2.5
"mal",1989,0,0,0
"mal",1990,0,0,0
"mal",1991,0,0,0
"mal",1992,1,0,4
"mal",1993,0,0,0
"mal",1994,0,0,0
"mal",1995,0,0,0
"mal",1996,0,0,0
"mal",1997,0,0,0
"mal",1998,0,0,0
"mal",1999,0,0,0
"mal",2000,0,0,0
"mal",2001,0,0,0
"mal",2002,0,0,0
"mal",2003,1,0,3
"mal",2004,0,0,3
"mal",2005,0.5,0,3
"mal",2006,0,0,3
"mal",2007,0,0,0
"mal",2008,1,0,3
"mal",2009,0,0,0
"mal",2010,0,0,0
"mal",2011,0,0,0
"mal",2012,0,0,0
"mal",2013,0,0,0
"mal",2014,1,0,1
"maw",1816,0,0,0
"maw",1817,0,0,0
"maw",1818,0,0,0
"maw",1819,0,0,0
"maw",1820,0,0,0
"maw",1821,0,0,0
"maw",1822,0,0,0
"maw",1823,0,0,0
"maw",1824,0,0,0
"maw",1825,0,0,0
"maw",1826,0,0,0
"maw",1827,0,0,0
"maw",1828,0,0,0
"maw",1829,0,0,0
"maw",1830,0,0,0
"maw",1831,0,0,0
"maw",1832,0,0,0
"maw",1833,0,0,0
"maw",1834,0,0,0
"maw",1835,0,0,0
"maw",1836,0,0,0
"maw",1837,0,0,0
"maw",1838,0,0,0
"maw",1839,0,0,0
"maw",1840,0,0,0
"maw",1841,0,0,0
"maw",1842,0,0,0
"maw",1843,0,0,0
"maw",1844,0,0,0
"maw",1845,0,0,0
"maw",1846,0,0,0
"maw",1847,0,0,0
"maw",1848,0,0,0
"maw",1849,0,0,0
"maw",1850,0,0,0
"maw",1851,0,0,0
"maw",1852,0,0,0
"maw",1853,0,0,0
"maw",1854,0,0,0
"maw",1855,0,0,0
"maw",1856,0,0,0
"maw",1857,0,0,0
"maw",1858,0,0,0
"maw",1859,0,0,0
"maw",1860,0,0,0
"maw",1861,0,0,0
"maw",1862,0,0,0
"maw",1863,0,0,0
"maw",1864,0,0,0
"maw",1865,0,0,0
"maw",1866,0,0,0
"maw",1867,0,0,0
"maw",1868,0,0,0
"maw",1869,0,0,0
"maw",1870,0,0,0
"maw",1871,0,0,0
"maw",1872,0,0,0
"maw",1873,0,0,0
"maw",1874,0,0,0
"maw",1875,0,0,0
"maw",1876,0,0,0
"maw",1877,0,0,0
"maw",1878,0,0,0
"maw",1879,0,0,0
"maw",1880,0,0,0
"maw",1881,0,0,0
"maw",1882,0,0,0
"maw",1883,0,0,0
"maw",1884,0,0,0
"maw",1885,0,0,0
"maw",1886,0,0,0
"maw",1887,0,0,0
"maw",1888,0,0,0
"maw",1889,0,0,0
"maw",1890,0,0,0
"maw",1891,0,0,0
"maw",1892,0,0,0
"maw",1893,0,0,0
"maw",1894,0,0,0
"maw",1895,0,0,0
"maw",1896,0,0,0
"maw",1897,0,0,0
"maw",1898,0,0,0
"maw",1899,0,0,0
"maw",1900,0,0,0
"maw",1901,0,0,0
"maw",1902,0,0,0
"maw",1903,0,0,0
"maw",1904,0,0,0
"maw",1905,0,0,0
"maw",1906,0,0,0
"maw",1907,0,0,0
"maw",1908,0,0,0
"maw",1909,0,0,0
"maw",1910,0,0,0
"maw",1911,0,0,0
"maw",1912,0,0,0
"maw",1913,0,0,0
"maw",1914,0,0,0
"maw",1915,0,0,0
"maw",1916,0,0,0
"maw",1917,0,0,0
"maw",1918,0,0,0
"maw",1919,0,0,0
"maw",1920,0,0,0
"maw",1921,0,0,0
"maw",1922,0,0,0
"maw",1923,0,0,0
"maw",1924,0,0,0
"maw",1925,0,0,0
"maw",1926,0,0,0
"maw",1927,0,0,0
"maw",1928,0,0,0
"maw",1929,0,0,0
"maw",1930,0,0,0
"maw",1931,0,0,0
"maw",1932,0,0,0
"maw",1933,0,0,0
"maw",1934,0,0,0
"maw",1935,0,0,0
"maw",1936,0,0,0
"maw",1937,0,0,0
"maw",1938,0,0,0
"maw",1939,0,0,0
"maw",1940,0,0,0
"maw",1941,0,0,0
"maw",1942,0,0,0
"maw",1943,0,0,0
"maw",1944,0,0,0
"maw",1945,0,0,0
"maw",1946,0,0,0
"maw",1947,0,0,0
"maw",1948,0,0,0
"maw",1949,0,0,0
"maw",1950,0,0,0
"maw",1951,0,0,0
"maw",1952,0,0,0
"maw",1953,0,0,0
"maw",1954,0,0,0
"maw",1955,0,0,0
"maw",1956,0,0,0
"maw",1957,0,0,0
"maw",1958,0,0,0
"maw",1959,0,0,0
"maw",1960,0,0,0
"maw",1961,0,0,0
"maw",1962,0,0,0
"maw",1963,0,0,0
"maw",1964,0,0,0
"maw",1965,0,0,0
"maw",1966,0,0,0
"maw",1967,0,0,0
"maw",1968,0,0,0
"maw",1969,0,0,0
"maw",1970,0,0,0
"maw",1971,0,0,0
"maw",1972,0,0,0
"maw",1973,0,0,4
"maw",1974,0,0,0
"maw",1975,0,0,0
"maw",1976,0,0,0
"maw",1977,0,0,0
"maw",1978,0,0,0
"maw",1979,0,0,0
"maw",1980,0,0,0
"maw",1981,0,0,0
"maw",1982,0,0,0
"maw",1983,0,0,0
"maw",1984,0,0,0
"maw",1985,0,0,0
"maw",1986,0,0,1
"maw",1987,0,0,0
"maw",1988,0,0,0
"maw",1989,0,0,0
"maw",1990,0,0,0
"maw",1991,0,0,0
"maw",1992,0,0,0
"maw",1993,0,0,0
"maw",1994,0,0,0
"maw",1995,0,0,0
"maw",1996,0,0,0
"maw",1997,0,0,0
"maw",1998,0,0,0
"maw",1999,0,0,0
"maw",2000,0,0,0
"maw",2001,0,0,0
"maw",2002,0,0,0
"maw",2003,0,0,0
"maw",2004,0,0,0
"maw",2005,0,0,0
"maw",2006,0,0,0
"maw",2007,0,0,0
"maw",2008,0,0,0
"maw",2009,0,0,0
"maw",2010,0,0,0
"maw",2011,0,0,0
"maw",2012,0,0,0
"maw",2013,0,0,0
"maw",2014,0,0,0
"mec",1816,0,0,0
"mec",1817,0,0,0
"mec",1818,0,0,0
"mec",1819,0,0,0
"mec",1820,0,0,0
"mec",1821,0,0,0
"mec",1822,0,0,0
"mec",1823,0,0,0
"mec",1824,0,0,0
"mec",1825,0,0,0
"mec",1826,0,0,0
"mec",1827,0,0,0
"mec",1828,0,0,0
"mec",1829,0,0,0
"mec",1830,0,0,0
"mec",1831,0,0,0
"mec",1832,0,0,0
"mec",1833,0,0,0
"mec",1834,0,0,0
"mec",1835,0,0,0
"mec",1836,0,0,0
"mec",1837,0,0,0
"mec",1838,0,0,0
"mec",1839,0,0,0
"mec",1840,0,0,0
"mec",1841,0,0,0
"mec",1842,0,0,0
"mec",1843,0,0,0
"mec",1844,0,0,0
"mec",1845,0,0,0
"mec",1846,0,0,0
"mec",1847,0,0,0
"mec",1848,0,0,0
"mec",1849,0,0,0
"mec",1850,0,0,0
"mec",1851,0,0,0
"mec",1852,0,0,0
"mec",1853,0,0,0
"mec",1854,0,0,0
"mec",1855,0,0,0
"mec",1856,0,0,0
"mec",1857,0,0,0
"mec",1858,0,0,0
"mec",1859,0,0,0
"mec",1860,0,0,0
"mec",1861,0,0,0
"mec",1862,0,0,0
"mec",1863,0,0,0
"mec",1864,0,0,0
"mec",1865,0,0,0
"mec",1866,0,2,5
"mec",1867,0,0,0
"mec",1868,0,0,0
"mec",1869,0,0,0
"mec",1870,0,0,0
"mec",1871,0,0,0
"mec",1872,0,0,0
"mec",1873,0,0,0
"mec",1874,0,0,0
"mec",1875,0,0,0
"mec",1876,0,0,0
"mec",1877,0,0,0
"mec",1878,0,0,0
"mec",1879,0,0,0
"mec",1880,0,0,0
"mec",1881,0,0,0
"mec",1882,0,0,0
"mec",1883,0,0,0
"mec",1884,0,0,0
"mec",1885,0,0,0
"mec",1886,0,0,0
"mec",1887,0,0,0
"mec",1888,0,0,0
"mec",1889,0,0,0
"mec",1890,0,0,0
"mec",1891,0,0,0
"mec",1892,0,0,0
"mec",1893,0,0,0
"mec",1894,0,0,0
"mec",1895,0,0,0
"mec",1896,0,0,0
"mec",1897,0,0,0
"mec",1898,0,0,0
"mec",1899,0,0,0
"mec",1900,0,0,0
"mec",1901,0,0,0
"mec",1902,0,0,0
"mec",1903,0,0,0
"mec",1904,0,0,0
"mec",1905,0,0,0
"mec",1906,0,0,0
"mec",1907,0,0,0
"mec",1908,0,0,0
"mec",1909,0,0,0
"mec",1910,0,0,0
"mec",1911,0,0,0
"mec",1912,0,0,0
"mec",1913,0,0,0
"mec",1914,0,0,0
"mec",1915,0,0,0
"mec",1916,0,0,0
"mec",1917,0,0,0
"mec",1918,0,0,0
"mec",1919,0,0,0
"mec",1920,0,0,0
"mec",1921,0,0,0
"mec",1922,0,0,0
"mec",1923,0,0,0
"mec",1924,0,0,0
"mec",1925,0,0,0
"mec",1926,0,0,0
"mec",1927,0,0,0
"mec",1928,0,0,0
"mec",1929,0,0,0
"mec",1930,0,0,0
"mec",1931,0,0,0
"mec",1932,0,0,0
"mec",1933,0,0,0
"mec",1934,0,0,0
"mec",1935,0,0,0
"mec",1936,0,0,0
"mec",1937,0,0,0
"mec",1938,0,0,0
"mec",1939,0,0,0
"mec",1940,0,0,0
"mec",1941,0,0,0
"mec",1942,0,0,0
"mec",1943,0,0,0
"mec",1944,0,0,0
"mec",1945,0,0,0
"mec",1946,0,0,0
"mec",1947,0,0,0
"mec",1948,0,0,0
"mec",1949,0,0,0
"mec",1950,0,0,0
"mec",1951,0,0,0
"mec",1952,0,0,0
"mec",1953,0,0,0
"mec",1954,0,0,0
"mec",1955,0,0,0
"mec",1956,0,0,0
"mec",1957,0,0,0
"mec",1958,0,0,0
"mec",1959,0,0,0
"mec",1960,0,0,0
"mec",1961,0,0,0
"mec",1962,0,0,0
"mec",1963,0,0,0
"mec",1964,0,0,0
"mec",1965,0,0,0
"mec",1966,0,0,0
"mec",1967,0,0,0
"mec",1968,0,0,0
"mec",1969,0,0,0
"mec",1970,0,0,0
"mec",1971,0,0,0
"mec",1972,0,0,0
"mec",1973,0,0,0
"mec",1974,0,0,0
"mec",1975,0,0,0
"mec",1976,0,0,0
"mec",1977,0,0,0
"mec",1978,0,0,0
"mec",1979,0,0,0
"mec",1980,0,0,0
"mec",1981,0,0,0
"mec",1982,0,0,0
"mec",1983,0,0,0
"mec",1984,0,0,0
"mec",1985,0,0,0
"mec",1986,0,0,0
"mec",1987,0,0,0
"mec",1988,0,0,0
"mec",1989,0,0,0
"mec",1990,0,0,0
"mec",1991,0,0,0
"mec",1992,0,0,0
"mec",1993,0,0,0
"mec",1994,0,0,0
"mec",1995,0,0,0
"mec",1996,0,0,0
"mec",1997,0,0,0
"mec",1998,0,0,0
"mec",1999,0,0,0
"mec",2000,0,0,0
"mec",2001,0,0,0
"mec",2002,0,0,0
"mec",2003,0,0,0
"mec",2004,0,0,0
"mec",2005,0,0,0
"mec",2006,0,0,0
"mec",2007,0,0,0
"mec",2008,0,0,0
"mec",2009,0,0,0
"mec",2010,0,0,0
"mec",2011,0,0,0
"mec",2012,0,0,0
"mec",2013,0,0,0
"mec",2014,0,0,0
"mex",1816,0,0,0
"mex",1817,0,0,0
"mex",1818,0,0,0
"mex",1819,0,0,0
"mex",1820,0,0,0
"mex",1821,0,0,0
"mex",1822,0,0,0
"mex",1823,0,0,0
"mex",1824,0,0,0
"mex",1825,0,0,0
"mex",1826,0,0,0
"mex",1827,0,0,0
"mex",1828,0,0,0
"mex",1829,0,0,0
"mex",1830,0,0,0
"mex",1831,0,0,0
"mex",1832,0,0,0
"mex",1833,0,0,0
"mex",1834,0,0,0
"mex",1835,0,0,0
"mex",1836,0,0,2.5
"mex",1837,0,0,4
"mex",1838,0,1,4
"mex",1839,0,1,4
"mex",1840,0,0,0
"mex",1841,0,0,0
"mex",1842,0,0,1
"mex",1843,0,6,5
"mex",1844,0,6,5
"mex",1845,0,6,5
"mex",1846,0,6,5
"mex",1847,0,6,5
"mex",1848,0,6,5
"mex",1849,0,0,0
"mex",1850,0,0,1
"mex",1851,0,0,1
"mex",1852,0,0,0
"mex",1853,0,0,0
"mex",1854,0,0,0
"mex",1855,0,0,0
"mex",1856,0,0,0
"mex",1857,0,0,0
"mex",1858,0,0,0
"mex",1859,0,0,1
"mex",1860,0,0,1
"mex",1861,0,6,5
"mex",1862,0,6,5
"mex",1863,0,6,5
"mex",1864,0,6,5
"mex",1865,0,6,5
"mex",1866,0,6,5
"mex",1867,0,6,5
"mex",1868,0,0,0
"mex",1869,0,0,0
"mex",1870,0,0,1
"mex",1871,0,0,0
"mex",1872,0,0,0
"mex",1873,0,0,1
"mex",1874,0,0,0
"mex",1875,0,0,1
"mex",1876,0,0,0
"mex",1877,0,0,0
"mex",1878,0,0,0
"mex",1879,0,0,0
"mex",1880,0,0,1
"mex",1881,0,0,0
"mex",1882,0,0,0
"mex",1883,0,0,0
"mex",1884,0,0,0
"mex",1885,0,0,3
"mex",1886,0,0,4
"mex",1887,0,0,0
"mex",1888,0,0,0
"mex",1889,0,0,0
"mex",1890,0,0,0
"mex",1891,0,0,0
"mex",1892,0,0,0
"mex",1893,0,0,4
"mex",1894,0,0,0
"mex",1895,0,0,0
"mex",1896,0,0,0
"mex",1897,0,0,0
"mex",1898,0,0,0
"mex",1899,0,0,0
"mex",1900,0,0,0
"mex",1901,0,0,0
"mex",1902,0,0,0
"mex",1903,0,0,0
"mex",1904,0,0,0
"mex",1905,0,0,0
"mex",1906,0,0,0
"mex",1907,0,0,0
"mex",1908,0,0,0
"mex",1909,0,0,3
"mex",1910,0,0,0
"mex",1911,0,0,2
"mex",1912,0,0,2
"mex",1913,0,1,1.75
"mex",1914,0,2,2.5
"mex",1915,0,0,3
"mex",1916,0,0,1
"mex",1917,0,0,0
"mex",1918,0,0,0
"mex",1919,0,0,4
"mex",1920,0,0,4
"mex",1921,0,0,0
"mex",1922,0,0,0
"mex",1923,0,0,0
"mex",1924,0,0,0
"mex",1925,0,0,0
"mex",1926,0,0,0
"mex",1927,0,0,0
"mex",1928,0,0,0
"mex",1929,0,0,0
"mex",1930,0,0,0
"mex",1931,0,0,0
"mex",1932,0,0,0
"mex",1933,0,0,0
"mex",1934,0,0,0
"mex",1935,0,0,0
"mex",1936,0,0,0
"mex",1937,0,0,0
"mex",1938,0,0,0
"mex",1939,0,0,0
"mex",1940,0,0,0
"mex",1941,0,0,0
"mex",1942,0,0,4
"mex",1943,0,0,0
"mex",1944,0,0,0
"mex",1945,0,0,0
"mex",1946,0,0,0
"mex",1947,0,0,0
"mex",1948,0,0,0
"mex",1949,0,0,0
"mex",1950,0,0,0
"mex",1951,0,0,0
"mex",1952,0,0,0
"mex",1953,0,0,0
"mex",1954,0,0,0
"mex",1955,0,0,0
"mex",1956,0,0,0
"mex",1957,0,0,0
"mex",1958,1,1,3
"mex",1959,1,1,3
"mex",1960,0,0,0
"mex",1961,0,0,0
"mex",1962,0,0,0
"mex",1963,0,0,0
"mex",1964,0,0,0
"mex",1965,0,0,0
"mex",1966,0,0,0
"mex",1967,0,0,0
"mex",1968,0,0,0
"mex",1969,0,0,0
"mex",1970,0,0,0
"mex",1971,0,0,0
"mex",1972,0,0,0
"mex",1973,0,0,0
"mex",1974,0,0,0
"mex",1975,0,0,0
"mex",1976,0,0,0
"mex",1977,0,0,0
"mex",1978,0,0,0
"mex",1979,0,0,0
"mex",1980,0,0,0
"mex",1981,0,0,0
"mex",1982,0,0,1
"mex",1983,0,0,1
"mex",1984,0,0,1
"mex",1985,0,0,0
"mex",1986,0,0,0
"mex",1987,0,0,0
"mex",1988,0,0,0
"mex",1989,0,0,0
"mex",1990,0,0,0
"mex",1991,0,0,0
"mex",1992,0,0,0
"mex",1993,0,0,0
"mex",1994,0,0,0
"mex",1995,0,0,0
"mex",1996,0,0,0
"mex",1997,0,0,0
"mex",1998,0,0,0
"mex",1999,0,0,0
"mex",2000,0,0,0
"mex",2001,0,0,0
"mex",2002,0,0,0
"mex",2003,0,0,0
"mex",2004,0,0,0
"mex",2005,0,0,0
"mex",2006,0,0,0
"mex",2007,0,0,0
"mex",2008,0,0,0
"mex",2009,0,0,0
"mex",2010,0,0,0
"mex",2011,0,0,0
"mex",2012,0,0,0
"mex",2013,0,0,0
"mex",2014,0,0,0
"mld",1816,0,0,0
"mld",1817,0,0,0
"mld",1818,0,0,0
"mld",1819,0,0,0
"mld",1820,0,0,0
"mld",1821,0,0,0
"mld",1822,0,0,0
"mld",1823,0,0,0
"mld",1824,0,0,0
"mld",1825,0,0,0
"mld",1826,0,0,0
"mld",1827,0,0,0
"mld",1828,0,0,0
"mld",1829,0,0,0
"mld",1830,0,0,0
"mld",1831,0,0,0
"mld",1832,0,0,0
"mld",1833,0,0,0
"mld",1834,0,0,0
"mld",1835,0,0,0
"mld",1836,0,0,0
"mld",1837,0,0,0
"mld",1838,0,0,0
"mld",1839,0,0,0
"mld",1840,0,0,0
"mld",1841,0,0,0
"mld",1842,0,0,0
"mld",1843,0,0,0
"mld",1844,0,0,0
"mld",1845,0,0,0
"mld",1846,0,0,0
"mld",1847,0,0,0
"mld",1848,0,0,0
"mld",1849,0,0,0
"mld",1850,0,0,0
"mld",1851,0,0,0
"mld",1852,0,0,0
"mld",1853,0,0,0
"mld",1854,0,0,0
"mld",1855,0,0,0
"mld",1856,0,0,0
"mld",1857,0,0,0
"mld",1858,0,0,0
"mld",1859,0,0,0
"mld",1860,0,0,0
"mld",1861,0,0,0
"mld",1862,0,0,0
"mld",1863,0,0,0
"mld",1864,0,0,0
"mld",1865,0,0,0
"mld",1866,0,0,0
"mld",1867,0,0,0
"mld",1868,0,0,0
"mld",1869,0,0,0
"mld",1870,0,0,0
"mld",1871,0,0,0
"mld",1872,0,0,0
"mld",1873,0,0,0
"mld",1874,0,0,0
"mld",1875,0,0,0
"mld",1876,0,0,0
"mld",1877,0,0,0
"mld",1878,0,0,0
"mld",1879,0,0,0
"mld",1880,0,0,0
"mld",1881,0,0,0
"mld",1882,0,0,0
"mld",1883,0,0,0
"mld",1884,0,0,0
"mld",1885,0,0,0
"mld",1886,0,0,0
"mld",1887,0,0,0
"mld",1888,0,0,0
"mld",1889,0,0,0
"mld",1890,0,0,0
"mld",1891,0,0,0
"mld",1892,0,0,0
"mld",1893,0,0,0
"mld",1894,0,0,0
"mld",1895,0,0,0
"mld",1896,0,0,0
"mld",1897,0,0,0
"mld",1898,0,0,0
"mld",1899,0,0,0
"mld",1900,0,0,0
"mld",1901,0,0,0
"mld",1902,0,0,0
"mld",1903,0,0,0
"mld",1904,0,0,0
"mld",1905,0,0,0
"mld",1906,0,0,0
"mld",1907,0,0,0
"mld",1908,0,0,0
"mld",1909,0,0,0
"mld",1910,0,0,0
"mld",1911,0,0,0
"mld",1912,0,0,0
"mld",1913,0,0,0
"mld",1914,0,0,0
"mld",1915,0,0,0
"mld",1916,0,0,0
"mld",1917,0,0,0
"mld",1918,0,0,0
"mld",1919,0,0,0
"mld",1920,0,0,0
"mld",1921,0,0,0
"mld",1922,0,0,0
"mld",1923,0,0,0
"mld",1924,0,0,0
"mld",1925,0,0,0
"mld",1926,0,0,0
"mld",1927,0,0,0
"mld",1928,0,0,0
"mld",1929,0,0,0
"mld",1930,0,0,0
"mld",1931,0,0,0
"mld",1932,0,0,0
"mld",1933,0,0,0
"mld",1934,0,0,0
"mld",1935,0,0,0
"mld",1936,0,0,0
"mld",1937,0,0,0
"mld",1938,0,0,0
"mld",1939,0,0,0
"mld",1940,0,0,0
"mld",1941,0,0,0
"mld",1942,0,0,0
"mld",1943,0,0,0
"mld",1944,0,0,0
"mld",1945,0,0,0
"mld",1946,0,0,0
"mld",1947,0,0,0
"mld",1948,0,0,0
"mld",1949,0,0,0
"mld",1950,0,0,0
"mld",1951,0,0,0
"mld",1952,0,0,0
"mld",1953,0,0,0
"mld",1954,0,0,0
"mld",1955,0,0,0
"mld",1956,0,0,0
"mld",1957,0,0,0
"mld",1958,0,0,0
"mld",1959,0,0,0
"mld",1960,0,0,0
"mld",1961,0,0,0
"mld",1962,0,0,0
"mld",1963,0,0,0
"mld",1964,0,0,0
"mld",1965,0,0,0
"mld",1966,0,0,0
"mld",1967,0,0,0
"mld",1968,0,0,0
"mld",1969,0,0,0
"mld",1970,0,0,0
"mld",1971,0,0,0
"mld",1972,0,0,0
"mld",1973,0,0,0
"mld",1974,0,0,0
"mld",1975,0,0,0
"mld",1976,0,0,0
"mld",1977,0,0,0
"mld",1978,0,0,0
"mld",1979,0,0,0
"mld",1980,0,0,0
"mld",1981,0,0,0
"mld",1982,0,0,0
"mld",1983,0,0,0
"mld",1984,0,0,0
"mld",1985,0,0,0
"mld",1986,0,0,0
"mld",1987,0,0,0
"mld",1988,0,0,0
"mld",1989,0,0,0
"mld",1990,0,0,0
"mld",1991,0,0,0
"mld",1992,0,0,0
"mld",1993,1,0,1
"mld",1994,0,0,0
"mld",1995,0,0,0
"mld",1996,0,0,0
"mld",1997,0,0,0
"mld",1998,0,0,0
"mld",1999,0,0,0
"mld",2000,0,0,0
"mld",2001,0,0,0
"mld",2002,0,0,0
"mld",2003,1,0,3
"mld",2004,1,0,3
"mld",2005,0,0,0
"mld",2006,0,0,0
"mld",2007,0,0,0
"mld",2008,0,0,0
"mld",2009,0,0,1
"mld",2010,0,0,0
"mld",2011,0,0,0
"mld",2012,0,0,0
"mld",2013,0,0,0
"mld",2014,0,0,0
"mli",1816,0,0,0
"mli",1817,0,0,0
"mli",1818,0,0,0
"mli",1819,0,0,0
"mli",1820,0,0,0
"mli",1821,0,0,0
"mli",1822,0,0,0
"mli",1823,0,0,0
"mli",1824,0,0,0
"mli",1825,0,0,0
"mli",1826,0,0,0
"mli",1827,0,0,0
"mli",1828,0,0,0
"mli",1829,0,0,0
"mli",1830,0,0,0
"mli",1831,0,0,0
"mli",1832,0,0,0
"mli",1833,0,0,0
"mli",1834,0,0,0
"mli",1835,0,0,0
"mli",1836,0,0,0
"mli",1837,0,0,0
"mli",1838,0,0,0
"mli",1839,0,0,0
"mli",1840,0,0,0
"mli",1841,0,0,0
"mli",1842,0,0,0
"mli",1843,0,0,0
"mli",1844,0,0,0
"mli",1845,0,0,0
"mli",1846,0,0,0
"mli",1847,0,0,0
"mli",1848,0,0,0
"mli",1849,0,0,0
"mli",1850,0,0,0
"mli",1851,0,0,0
"mli",1852,0,0,0
"mli",1853,0,0,0
"mli",1854,0,0,0
"mli",1855,0,0,0
"mli",1856,0,0,0
"mli",1857,0,0,0
"mli",1858,0,0,0
"mli",1859,0,0,0
"mli",1860,0,0,0
"mli",1861,0,0,0
"mli",1862,0,0,0
"mli",1863,0,0,0
"mli",1864,0,0,0
"mli",1865,0,0,0
"mli",1866,0,0,0
"mli",1867,0,0,0
"mli",1868,0,0,0
"mli",1869,0,0,0
"mli",1870,0,0,0
"mli",1871,0,0,0
"mli",1872,0,0,0
"mli",1873,0,0,0
"mli",1874,0,0,0
"mli",1875,0,0,0
"mli",1876,0,0,0
"mli",1877,0,0,0
"mli",1878,0,0,0
"mli",1879,0,0,0
"mli",1880,0,0,0
"mli",1881,0,0,0
"mli",1882,0,0,0
"mli",1883,0,0,0
"mli",1884,0,0,0
"mli",1885,0,0,0
"mli",1886,0,0,0
"mli",1887,0,0,0
"mli",1888,0,0,0
"mli",1889,0,0,0
"mli",1890,0,0,0
"mli",1891,0,0,0
"mli",1892,0,0,0
"mli",1893,0,0,0
"mli",1894,0,0,0
"mli",1895,0,0,0
"mli",1896,0,0,0
"mli",1897,0,0,0
"mli",1898,0,0,0
"mli",1899,0,0,0
"mli",1900,0,0,0
"mli",1901,0,0,0
"mli",1902,0,0,0
"mli",1903,0,0,0
"mli",1904,0,0,0
"mli",1905,0,0,0
"mli",1906,0,0,0
"mli",1907,0,0,0
"mli",1908,0,0,0
"mli",1909,0,0,0
"mli",1910,0,0,0
"mli",1911,0,0,0
"mli",1912,0,0,0
"mli",1913,0,0,0
"mli",1914,0,0,0
"mli",1915,0,0,0
"mli",1916,0,0,0
"mli",1917,0,0,0
"mli",1918,0,0,0
"mli",1919,0,0,0
"mli",1920,0,0,0
"mli",1921,0,0,0
"mli",1922,0,0,0
"mli",1923,0,0,0
"mli",1924,0,0,0
"mli",1925,0,0,0
"mli",1926,0,0,0
"mli",1927,0,0,0
"mli",1928,0,0,0
"mli",1929,0,0,0
"mli",1930,0,0,0
"mli",1931,0,0,0
"mli",1932,0,0,0
"mli",1933,0,0,0
"mli",1934,0,0,0
"mli",1935,0,0,0
"mli",1936,0,0,0
"mli",1937,0,0,0
"mli",1938,0,0,0
"mli",1939,0,0,0
"mli",1940,0,0,0
"mli",1941,0,0,0
"mli",1942,0,0,0
"mli",1943,0,0,0
"mli",1944,0,0,0
"mli",1945,0,0,0
"mli",1946,0,0,0
"mli",1947,0,0,0
"mli",1948,0,0,0
"mli",1949,0,0,0
"mli",1950,0,0,0
"mli",1951,0,0,0
"mli",1952,0,0,0
"mli",1953,0,0,0
"mli",1954,0,0,0
"mli",1955,0,0,0
"mli",1956,0,0,0
"mli",1957,0,0,0
"mli",1958,0,0,0
"mli",1959,0,0,0
"mli",1960,0,0,0
"mli",1961,0,0,0
"mli",1962,0,0,0
"mli",1963,0,0,0
"mli",1964,0,0,0
"mli",1965,0,0,0
"mli",1966,0,0,0
"mli",1967,0,0,0
"mli",1968,0,0,0
"mli",1969,0,0,0
"mli",1970,0,0,0
"mli",1971,0,0,0
"mli",1972,0,0,0
"mli",1973,0,0,0
"mli",1974,1,1,4
"mli",1975,1,1,4
"mli",1976,0,0,0
"mli",1977,0,0,0
"mli",1978,0,0,0
"mli",1979,0,0,0
"mli",1980,0,0,0
"mli",1981,0,0,0
"mli",1982,0,0,0
"mli",1983,0,0,0
"mli",1984,0,0,0
"mli",1985,1,2,4
"mli",1986,1,2,4
"mli",1987,0,0,0
"mli",1988,0,0,0
"mli",1989,0,0,0
"mli",1990,0,0,0
"mli",1991,0,0,0
"mli",1992,0,0,0
"mli",1993,0,0,4
"mli",1994,0,0,0
"mli",1995,0,0,0
"mli",1996,0,0,0
"mli",1997,0,0,0
"mli",1998,0,0,0
"mli",1999,0,0,0
"mli",2000,0,0,0
"mli",2001,0,0,0
"mli",2002,0,0,0
"mli",2003,0,0,2
"mli",2004,0,0,0
"mli",2005,0,0,0
"mli",2006,0,0,0
"mli",2007,0,0,0
"mli",2008,0,0,0
"mli",2009,0,0,0
"mli",2010,0,0,0
"mli",2011,0,0,0
"mli",2012,0,0,0
"mli",2013,0,0,0
"mli",2014,0,0,0
"mlt",1816,0,0,0
"mlt",1817,0,0,0
"mlt",1818,0,0,0
"mlt",1819,0,0,0
"mlt",1820,0,0,0
"mlt",1821,0,0,0
"mlt",1822,0,0,0
"mlt",1823,0,0,0
"mlt",1824,0,0,0
"mlt",1825,0,0,0
"mlt",1826,0,0,0
"mlt",1827,0,0,0
"mlt",1828,0,0,0
"mlt",1829,0,0,0
"mlt",1830,0,0,0
"mlt",1831,0,0,0
"mlt",1832,0,0,0
"mlt",1833,0,0,0
"mlt",1834,0,0,0
"mlt",1835,0,0,0
"mlt",1836,0,0,0
"mlt",1837,0,0,0
"mlt",1838,0,0,0
"mlt",1839,0,0,0
"mlt",1840,0,0,0
"mlt",1841,0,0,0
"mlt",1842,0,0,0
"mlt",1843,0,0,0
"mlt",1844,0,0,0
"mlt",1845,0,0,0
"mlt",1846,0,0,0
"mlt",1847,0,0,0
"mlt",1848,0,0,0
"mlt",1849,0,0,0
"mlt",1850,0,0,0
"mlt",1851,0,0,0
"mlt",1852,0,0,0
"mlt",1853,0,0,0
"mlt",1854,0,0,0
"mlt",1855,0,0,0
"mlt",1856,0,0,0
"mlt",1857,0,0,0
"mlt",1858,0,0,0
"mlt",1859,0,0,0
"mlt",1860,0,0,0
"mlt",1861,0,0,0
"mlt",1862,0,0,0
"mlt",1863,0,0,0
"mlt",1864,0,0,0
"mlt",1865,0,0,0
"mlt",1866,0,0,0
"mlt",1867,0,0,0
"mlt",1868,0,0,0
"mlt",1869,0,0,0
"mlt",1870,0,0,0
"mlt",1871,0,0,0
"mlt",1872,0,0,0
"mlt",1873,0,0,0
"mlt",1874,0,0,0
"mlt",1875,0,0,0
"mlt",1876,0,0,0
"mlt",1877,0,0,0
"mlt",1878,0,0,0
"mlt",1879,0,0,0
"mlt",1880,0,0,0
"mlt",1881,0,0,0
"mlt",1882,0,0,0
"mlt",1883,0,0,0
"mlt",1884,0,0,0
"mlt",1885,0,0,0
"mlt",1886,0,0,0
"mlt",1887,0,0,0
"mlt",1888,0,0,0
"mlt",1889,0,0,0
"mlt",1890,0,0,0
"mlt",1891,0,0,0
"mlt",1892,0,0,0
"mlt",1893,0,0,0
"mlt",1894,0,0,0
"mlt",1895,0,0,0
"mlt",1896,0,0,0
"mlt",1897,0,0,0
"mlt",1898,0,0,0
"mlt",1899,0,0,0
"mlt",1900,0,0,0
"mlt",1901,0,0,0
"mlt",1902,0,0,0
"mlt",1903,0,0,0
"mlt",1904,0,0,0
"mlt",1905,0,0,0
"mlt",1906,0,0,0
"mlt",1907,0,0,0
"mlt",1908,0,0,0
"mlt",1909,0,0,0
"mlt",1910,0,0,0
"mlt",1911,0,0,0
"mlt",1912,0,0,0
"mlt",1913,0,0,0
"mlt",1914,0,0,0
"mlt",1915,0,0,0
"mlt",1916,0,0,0
"mlt",1917,0,0,0
"mlt",1918,0,0,0
"mlt",1919,0,0,0
"mlt",1920,0,0,0
"mlt",1921,0,0,0
"mlt",1922,0,0,0
"mlt",1923,0,0,0
"mlt",1924,0,0,0
"mlt",1925,0,0,0
"mlt",1926,0,0,0
"mlt",1927,0,0,0
"mlt",1928,0,0,0
"mlt",1929,0,0,0
"mlt",1930,0,0,0
"mlt",1931,0,0,0
"mlt",1932,0,0,0
"mlt",1933,0,0,0
"mlt",1934,0,0,0
"mlt",1935,0,0,0
"mlt",1936,0,0,0
"mlt",1937,0,0,0
"mlt",1938,0,0,0
"mlt",1939,0,0,0
"mlt",1940,0,0,0
"mlt",1941,0,0,0
"mlt",1942,0,0,0
"mlt",1943,0,0,0
"mlt",1944,0,0,0
"mlt",1945,0,0,0
"mlt",1946,0,0,0
"mlt",1947,0,0,0
"mlt",1948,0,0,0
"mlt",1949,0,0,0
"mlt",1950,0,0,0
"mlt",1951,0,0,0
"mlt",1952,0,0,0
"mlt",1953,0,0,0
"mlt",1954,0,0,0
"mlt",1955,0,0,0
"mlt",1956,0,0,0
"mlt",1957,0,0,0
"mlt",1958,0,0,0
"mlt",1959,0,0,0
"mlt",1960,0,0,0
"mlt",1961,0,0,0
"mlt",1962,0,0,0
"mlt",1963,0,0,0
"mlt",1964,0,0,0
"mlt",1965,0,0,0
"mlt",1966,0,0,0
"mlt",1967,0,0,0
"mlt",1968,0,0,0
"mlt",1969,0,0,0
"mlt",1970,0,0,0
"mlt",1971,0,0,0
"mlt",1972,0,0,0
"mlt",1973,0,0,0
"mlt",1974,0,0,0
"mlt",1975,0,0,0
"mlt",1976,0,0,0
"mlt",1977,0,0,0
"mlt",1978,0,0,0
"mlt",1979,0,0,0
"mlt",1980,0,0,0
"mlt",1981,0,0,0
"mlt",1982,0,0,0
"mlt",1983,0,0,0
"mlt",1984,0,0,0
"mlt",1985,0,0,1
"mlt",1986,0,0,0
"mlt",1987,0,0,1
"mlt",1988,0,0,0
"mlt",1989,0,0,1
"mlt",1990,0,0,0
"mlt",1991,0,0,0
"mlt",1992,0,0,0
"mlt",1993,0,0,0
"mlt",1994,0,0,0
"mlt",1995,0,0,0
"mlt",1996,0,0,0
"mlt",1997,0,0,0
"mlt",1998,0,0,0
"mlt",1999,0,0,0
"mlt",2000,0,0,0
"mlt",2001,0,0,0
"mlt",2002,0,0,0
"mlt",2003,0,0,0
"mlt",2004,0,0,0
"mlt",2005,0,0,0
"mlt",2006,0,0,0
"mlt",2007,0,0,0
"mlt",2008,0,0,0
"mlt",2009,0,0,0
"mlt",2010,0,0,0
"mlt",2011,0,0,0
"mlt",2012,0,0,0
"mlt",2013,0,0,0
"mlt",2014,0,0,0
"mng",1816,0,0,0
"mng",1817,0,0,0
"mng",1818,0,0,0
"mng",1819,0,0,0
"mng",1820,0,0,0
"mng",1821,0,0,0
"mng",1822,0,0,0
"mng",1823,0,0,0
"mng",1824,0,0,0
"mng",1825,0,0,0
"mng",1826,0,0,0
"mng",1827,0,0,0
"mng",1828,0,0,0
"mng",1829,0,0,0
"mng",1830,0,0,0
"mng",1831,0,0,0
"mng",1832,0,0,0
"mng",1833,0,0,0
"mng",1834,0,0,0
"mng",1835,0,0,0
"mng",1836,0,0,0
"mng",1837,0,0,0
"mng",1838,0,0,0
"mng",1839,0,0,0
"mng",1840,0,0,0
"mng",1841,0,0,0
"mng",1842,0,0,0
"mng",1843,0,0,0
"mng",1844,0,0,0
"mng",1845,0,0,0
"mng",1846,0,0,0
"mng",1847,0,0,0
"mng",1848,0,0,0
"mng",1849,0,0,0
"mng",1850,0,0,0
"mng",1851,0,0,0
"mng",1852,0,0,0
"mng",1853,0,0,0
"mng",1854,0,0,0
"mng",1855,0,0,0
"mng",1856,0,0,0
"mng",1857,0,0,0
"mng",1858,0,0,0
"mng",1859,0,0,0
"mng",1860,0,0,0
"mng",1861,0,0,0
"mng",1862,0,0,0
"mng",1863,0,0,0
"mng",1864,0,0,0
"mng",1865,0,0,0
"mng",1866,0,0,0
"mng",1867,0,0,0
"mng",1868,0,0,0
"mng",1869,0,0,0
"mng",1870,0,0,0
"mng",1871,0,0,0
"mng",1872,0,0,0
"mng",1873,0,0,0
"mng",1874,0,0,0
"mng",1875,0,0,0
"mng",1876,0,0,0
"mng",1877,0,0,0
"mng",1878,0,0,0
"mng",1879,0,0,0
"mng",1880,0,0,0
"mng",1881,0,0,0
"mng",1882,0,0,0
"mng",1883,0,0,0
"mng",1884,0,0,0
"mng",1885,0,0,0
"mng",1886,0,0,0
"mng",1887,0,0,0
"mng",1888,0,0,0
"mng",1889,0,0,0
"mng",1890,0,0,0
"mng",1891,0,0,0
"mng",1892,0,0,0
"mng",1893,0,0,0
"mng",1894,0,0,0
"mng",1895,0,0,0
"mng",1896,0,0,0
"mng",1897,0,0,0
"mng",1898,0,0,0
"mng",1899,0,0,0
"mng",1900,0,0,0
"mng",1901,0,0,0
"mng",1902,0,0,0
"mng",1903,0,0,0
"mng",1904,0,0,0
"mng",1905,0,0,0
"mng",1906,0,0,0
"mng",1907,0,0,0
"mng",1908,0,0,0
"mng",1909,0,0,0
"mng",1910,0,0,0
"mng",1911,0,0,0
"mng",1912,0,0,0
"mng",1913,0,0,0
"mng",1914,0,0,0
"mng",1915,0,0,0
"mng",1916,0,0,0
"mng",1917,0,0,0
"mng",1918,0,0,0
"mng",1919,0,0,0
"mng",1920,0,0,0
"mng",1921,0,0,0
"mng",1922,0,0,0
"mng",1923,0,0,0
"mng",1924,0,0,0
"mng",1925,0,0,0
"mng",1926,0,0,0
"mng",1927,0,0,0
"mng",1928,0,0,0
"mng",1929,0,0,0
"mng",1930,0,0,0
"mng",1931,0,0,0
"mng",1932,0,0,0
"mng",1933,0,0,0
"mng",1934,0,0,0
"mng",1935,0,0,0
"mng",1936,0,0,0
"mng",1937,0,0,0
"mng",1938,0,0,0
"mng",1939,0,0,0
"mng",1940,0,0,0
"mng",1941,0,0,0
"mng",1942,0,0,0
"mng",1943,0,0,0
"mng",1944,0,0,0
"mng",1945,0,0,0
"mng",1946,0,0,0
"mng",1947,0,0,0
"mng",1948,0,0,0
"mng",1949,0,0,0
"mng",1950,0,0,0
"mng",1951,0,0,0
"mng",1952,0,0,0
"mng",1953,0,0,0
"mng",1954,0,0,0
"mng",1955,0,0,0
"mng",1956,0,0,0
"mng",1957,0,0,0
"mng",1958,0,0,0
"mng",1959,0,0,0
"mng",1960,0,0,0
"mng",1961,0,0,0
"mng",1962,0,0,0
"mng",1963,0,0,0
"mng",1964,0,0,0
"mng",1965,0,0,0
"mng",1966,0,0,0
"mng",1967,0,0,0
"mng",1968,0,0,0
"mng",1969,0,0,0
"mng",1970,0,0,0
"mng",1971,0,0,0
"mng",1972,0,0,0
"mng",1973,0,0,0
"mng",1974,0,0,0
"mng",1975,0,0,0
"mng",1976,0,0,0
"mng",1977,0,0,0
"mng",1978,0,0,0
"mng",1979,0,0,0
"mng",1980,0,0,0
"mng",1981,0,0,0
"mng",1982,0,0,0
"mng",1983,0,0,0
"mng",1984,0,0,0
"mng",1985,0,0,0
"mng",1986,0,0,0
"mng",1987,0,0,0
"mng",1988,0,0,0
"mng",1989,0,0,0
"mng",1990,0,0,0
"mng",1991,0,0,0
"mng",1992,0,0,0
"mng",1993,0,0,0
"mng",1994,0,0,0
"mng",1995,0,0,0
"mng",1996,0,0,0
"mng",1997,0,0,0
"mng",1998,0,0,0
"mng",1999,0,0,0
"mng",2000,0,0,0
"mng",2001,0,0,0
"mng",2002,0,0,0
"mng",2003,0,0,0
"mng",2004,0,0,0
"mng",2005,0,0,0
"mng",2006,0,0,0
"mng",2007,0,0,0
"mng",2008,0,0,0
"mng",2009,0,0,0
"mng",2010,0,0,0
"mng",2011,1,0,2
"mng",2012,0,0,0
"mng",2013,0,0,0
"mng",2014,0,0,0
"mod",1816,0,0,0
"mod",1817,0,0,0
"mod",1818,0,0,0
"mod",1819,0,0,0
"mod",1820,0,0,0
"mod",1821,0,0,0
"mod",1822,0,0,0
"mod",1823,0,0,0
"mod",1824,0,0,0
"mod",1825,0,0,0
"mod",1826,0,0,0
"mod",1827,0,0,0
"mod",1828,0,0,0
"mod",1829,0,0,0
"mod",1830,0,0,0
"mod",1831,0,0,0
"mod",1832,0,0,0
"mod",1833,0,0,0
"mod",1834,0,0,0
"mod",1835,0,0,0
"mod",1836,0,0,0
"mod",1837,0,0,0
"mod",1838,0,0,0
"mod",1839,0,0,0
"mod",1840,0,0,0
"mod",1841,0,0,0
"mod",1842,0,0,0
"mod",1843,0,0,0
"mod",1844,0,0,0
"mod",1845,0,0,0
"mod",1846,0,0,0
"mod",1847,0,0,0
"mod",1848,0,2,5
"mod",1849,0,0,0
"mod",1850,0,0,0
"mod",1851,0,0,0
"mod",1852,0,0,0
"mod",1853,0,0,0
"mod",1854,0,0,0
"mod",1855,0,0,0
"mod",1856,0,0,0
"mod",1857,0,0,0
"mod",1858,0,0,0
"mod",1859,0,0,0
"mod",1860,0,0,0
"mod",1861,0,0,0
"mod",1862,0,0,0
"mod",1863,0,0,0
"mod",1864,0,0,0
"mod",1865,0,0,0
"mod",1866,0,0,0
"mod",1867,0,0,0
"mod",1868,0,0,0
"mod",1869,0,0,0
"mod",1870,0,0,0
"mod",1871,0,0,0
"mod",1872,0,0,0
"mod",1873,0,0,0
"mod",1874,0,0,0
"mod",1875,0,0,0
"mod",1876,0,0,0
"mod",1877,0,0,0
"mod",1878,0,0,0
"mod",1879,0,0,0
"mod",1880,0,0,0
"mod",1881,0,0,0
"mod",1882,0,0,0
"mod",1883,0,0,0
"mod",1884,0,0,0
"mod",1885,0,0,0
"mod",1886,0,0,0
"mod",1887,0,0,0
"mod",1888,0,0,0
"mod",1889,0,0,0
"mod",1890,0,0,0
"mod",1891,0,0,0
"mod",1892,0,0,0
"mod",1893,0,0,0
"mod",1894,0,0,0
"mod",1895,0,0,0
"mod",1896,0,0,0
"mod",1897,0,0,0
"mod",1898,0,0,0
"mod",1899,0,0,0
"mod",1900,0,0,0
"mod",1901,0,0,0
"mod",1902,0,0,0
"mod",1903,0,0,0
"mod",1904,0,0,0
"mod",1905,0,0,0
"mod",1906,0,0,0
"mod",1907,0,0,0
"mod",1908,0,0,0
"mod",1909,0,0,0
"mod",1910,0,0,0
"mod",1911,0,0,0
"mod",1912,0,0,0
"mod",1913,0,0,0
"mod",1914,0,0,0
"mod",1915,0,0,0
"mod",1916,0,0,0
"mod",1917,0,0,0
"mod",1918,0,0,0
"mod",1919,0,0,0
"mod",1920,0,0,0
"mod",1921,0,0,0
"mod",1922,0,0,0
"mod",1923,0,0,0
"mod",1924,0,0,0
"mod",1925,0,0,0
"mod",1926,0,0,0
"mod",1927,0,0,0
"mod",1928,0,0,0
"mod",1929,0,0,0
"mod",1930,0,0,0
"mod",1931,0,0,0
"mod",1932,0,0,0
"mod",1933,0,0,0
"mod",1934,0,0,0
"mod",1935,0,0,0
"mod",1936,0,0,0
"mod",1937,0,0,0
"mod",1938,0,0,0
"mod",1939,0,0,0
"mod",1940,0,0,0
"mod",1941,0,0,0
"mod",1942,0,0,0
"mod",1943,0,0,0
"mod",1944,0,0,0
"mod",1945,0,0,0
"mod",1946,0,0,0
"mod",1947,0,0,0
"mod",1948,0,0,0
"mod",1949,0,0,0
"mod",1950,0,0,0
"mod",1951,0,0,0
"mod",1952,0,0,0
"mod",1953,0,0,0
"mod",1954,0,0,0
"mod",1955,0,0,0
"mod",1956,0,0,0
"mod",1957,0,0,0
"mod",1958,0,0,0
"mod",1959,0,0,0
"mod",1960,0,0,0
"mod",1961,0,0,0
"mod",1962,0,0,0
"mod",1963,0,0,0
"mod",1964,0,0,0
"mod",1965,0,0,0
"mod",1966,0,0,0
"mod",1967,0,0,0
"mod",1968,0,0,0
"mod",1969,0,0,0
"mod",1970,0,0,0
"mod",1971,0,0,0
"mod",1972,0,0,0
"mod",1973,0,0,0
"mod",1974,0,0,0
"mod",1975,0,0,0
"mod",1976,0,0,0
"mod",1977,0,0,0
"mod",1978,0,0,0
"mod",1979,0,0,0
"mod",1980,0,0,0
"mod",1981,0,0,0
"mod",1982,0,0,0
"mod",1983,0,0,0
"mod",1984,0,0,0
"mod",1985,0,0,0
"mod",1986,0,0,0
"mod",1987,0,0,0
"mod",1988,0,0,0
"mod",1989,0,0,0
"mod",1990,0,0,0
"mod",1991,0,0,0
"mod",1992,0,0,0
"mod",1993,0,0,0
"mod",1994,0,0,0
"mod",1995,0,0,0
"mod",1996,0,0,0
"mod",1997,0,0,0
"mod",1998,0,0,0
"mod",1999,0,0,0
"mod",2000,0,0,0
"mod",2001,0,0,0
"mod",2002,0,0,0
"mod",2003,0,0,0
"mod",2004,0,0,0
"mod",2005,0,0,0
"mod",2006,0,0,0
"mod",2007,0,0,0
"mod",2008,0,0,0
"mod",2009,0,0,0
"mod",2010,0,0,0
"mod",2011,0,0,0
"mod",2012,0,0,0
"mod",2013,0,0,0
"mod",2014,0,0,0
"mon",1816,0,0,0
"mon",1817,0,0,0
"mon",1818,0,0,0
"mon",1819,0,0,0
"mon",1820,0,0,0
"mon",1821,0,0,0
"mon",1822,0,0,0
"mon",1823,0,0,0
"mon",1824,0,0,0
"mon",1825,0,0,0
"mon",1826,0,0,0
"mon",1827,0,0,0
"mon",1828,0,0,0
"mon",1829,0,0,0
"mon",1830,0,0,0
"mon",1831,0,0,0
"mon",1832,0,0,0
"mon",1833,0,0,0
"mon",1834,0,0,0
"mon",1835,0,0,0
"mon",1836,0,0,0
"mon",1837,0,0,0
"mon",1838,0,0,0
"mon",1839,0,0,0
"mon",1840,0,0,0
"mon",1841,0,0,0
"mon",1842,0,0,0
"mon",1843,0,0,0
"mon",1844,0,0,0
"mon",1845,0,0,0
"mon",1846,0,0,0
"mon",1847,0,0,0
"mon",1848,0,0,0
"mon",1849,0,0,0
"mon",1850,0,0,0
"mon",1851,0,0,0
"mon",1852,0,0,0
"mon",1853,0,0,0
"mon",1854,0,0,0
"mon",1855,0,0,0
"mon",1856,0,0,0
"mon",1857,0,0,0
"mon",1858,0,0,0
"mon",1859,0,0,0
"mon",1860,0,0,0
"mon",1861,0,0,0
"mon",1862,0,0,0
"mon",1863,0,0,0
"mon",1864,0,0,0
"mon",1865,0,0,0
"mon",1866,0,0,0
"mon",1867,0,0,0
"mon",1868,0,0,0
"mon",1869,0,0,0
"mon",1870,0,0,0
"mon",1871,0,0,0
"mon",1872,0,0,0
"mon",1873,0,0,0
"mon",1874,0,0,0
"mon",1875,0,0,0
"mon",1876,0,0,0
"mon",1877,0,0,0
"mon",1878,0,0,0
"mon",1879,0,0,0
"mon",1880,0,0,0
"mon",1881,0,0,0
"mon",1882,0,0,0
"mon",1883,0,0,0
"mon",1884,0,0,0
"mon",1885,0,0,0
"mon",1886,0,0,0
"mon",1887,0,0,0
"mon",1888,0,0,0
"mon",1889,0,0,0
"mon",1890,0,0,0
"mon",1891,0,0,0
"mon",1892,0,0,0
"mon",1893,0,0,0
"mon",1894,0,0,0
"mon",1895,0,0,0
"mon",1896,0,0,0
"mon",1897,0,0,0
"mon",1898,0,0,0
"mon",1899,0,0,0
"mon",1900,0,0,0
"mon",1901,0,0,0
"mon",1902,0,0,0
"mon",1903,0,0,0
"mon",1904,0,0,0
"mon",1905,0,0,0
"mon",1906,0,0,0
"mon",1907,0,0,0
"mon",1908,0,0,0
"mon",1909,0,0,0
"mon",1910,0,0,0
"mon",1911,0,0,0
"mon",1912,0,0,0
"mon",1913,0,0,0
"mon",1914,0,0,0
"mon",1915,0,0,0
"mon",1916,0,0,0
"mon",1917,0,0,0
"mon",1918,0,0,0
"mon",1919,0,0,0
"mon",1920,0,0,0
"mon",1921,0,0,0
"mon",1922,0,0,0
"mon",1923,0,0,0
"mon",1924,0,0,0
"mon",1925,0,0,0
"mon",1926,0,0,0
"mon",1927,0,0,0
"mon",1928,0,0,0
"mon",1929,0,0,0
"mon",1930,0,0,0
"mon",1931,0,0,0
"mon",1932,0,0,0
"mon",1933,0,0,0
"mon",1934,0,0,0
"mon",1935,0,0,0
"mon",1936,0,0,0
"mon",1937,0,0,0
"mon",1938,0,0,0
"mon",1939,1,6,5
"mon",1940,0,0,0
"mon",1941,0,0,0
"mon",1942,0,0,0
"mon",1943,0,0,0
"mon",1944,0,0,0
"mon",1945,0,6,5
"mon",1946,0,0,0
"mon",1947,0,0,0
"mon",1948,0,0,0
"mon",1949,0,0,0
"mon",1950,0,0,0
"mon",1951,0,0,0
"mon",1952,0,0,0
"mon",1953,0,0,0
"mon",1954,0,0,0
"mon",1955,0,0,0
"mon",1956,0,0,0
"mon",1957,0,0,0
"mon",1958,0,0,0
"mon",1959,0,0,0
"mon",1960,0,0,0
"mon",1961,0,0,0
"mon",1962,0,0,0
"mon",1963,0,0,0
"mon",1964,0,0,0
"mon",1965,0,0,0
"mon",1966,0,0,0
"mon",1967,0,0,0
"mon",1968,0,0,0
"mon",1969,0,0,0
"mon",1970,0,0,0
"mon",1971,0,0,0
"mon",1972,0,0,0
"mon",1973,0,0,1
"mon",1974,0,0,0
"mon",1975,0,0,0
"mon",1976,0,0,0
"mon",1977,0,0,0
"mon",1978,0,0,0
"mon",1979,0,0,0
"mon",1980,0,0,0
"mon",1981,0,0,0
"mon",1982,0,0,0
"mon",1983,0,0,0
"mon",1984,0,0,0
"mon",1985,0,0,0
"mon",1986,0,0,0
"mon",1987,0,0,0
"mon",1988,0,0,0
"mon",1989,0,0,0
"mon",1990,0,0,0
"mon",1991,0,0,0
"mon",1992,0,0,0
"mon",1993,0,0,0
"mon",1994,0,0,0
"mon",1995,0,0,0
"mon",1996,0,0,0
"mon",1997,0,0,0
"mon",1998,0,0,0
"mon",1999,0,0,0
"mon",2000,0,0,0
"mon",2001,0,0,0
"mon",2002,0,0,0
"mon",2003,0,0,0
"mon",2004,0,0,0
"mon",2005,0,0,0
"mon",2006,0,0,0
"mon",2007,0,0,0
"mon",2008,0,0,0
"mon",2009,0,0,0
"mon",2010,0,0,0
"mon",2011,0,0,0
"mon",2012,0,0,0
"mon",2013,0,0,0
"mon",2014,0,0,0
"mor",1816,0,0,0
"mor",1817,0,0,0
"mor",1818,0,0,0
"mor",1819,0,0,0
"mor",1820,0,0,0
"mor",1821,0,0,0
"mor",1822,0,0,0
"mor",1823,0,0,0
"mor",1824,0,0,0
"mor",1825,0,0,0
"mor",1826,0,0,0
"mor",1827,0,0,0
"mor",1828,0,0,0
"mor",1829,0,0,0
"mor",1830,0,0,0
"mor",1831,0,0,0
"mor",1832,0,0,0
"mor",1833,0,0,0
"mor",1834,0,0,0
"mor",1835,0,0,0
"mor",1836,0,0,0
"mor",1837,0,0,0
"mor",1838,0,0,0
"mor",1839,0,0,0
"mor",1840,0,0,0
"mor",1841,0,0,0
"mor",1842,0,0,0
"mor",1843,0,0,0
"mor",1844,0,0,0
"mor",1845,0,0,0
"mor",1846,0,0,0
"mor",1847,0,0,0
"mor",1848,0,0,0
"mor",1849,0,0,0
"mor",1850,0,0,0
"mor",1851,0,0,0
"mor",1852,0,0,0
"mor",1853,0,0,0
"mor",1854,0,0,0
"mor",1855,0,0,0
"mor",1856,0,0,0
"mor",1857,0,0,0
"mor",1858,0,0,0
"mor",1859,0,6,5
"mor",1860,0,6,5
"mor",1861,0,0,0
"mor",1862,0,0,0
"mor",1863,0,0,0
"mor",1864,0,0,0
"mor",1865,0,0,0
"mor",1866,0,0,0
"mor",1867,0,0,0
"mor",1868,0,0,0
"mor",1869,0,0,0
"mor",1870,0,0,0
"mor",1871,0,0,0
"mor",1872,0,0,0
"mor",1873,0,0,0
"mor",1874,0,0,0
"mor",1875,0,0,0
"mor",1876,0,0,0
"mor",1877,0,0,0
"mor",1878,0,0,0
"mor",1879,0,0,0
"mor",1880,0,0,0
"mor",1881,0,0,0
"mor",1882,0,0,0
"mor",1883,0,0,0
"mor",1884,0,0,0
"mor",1885,0,0,0
"mor",1886,0,0,0
"mor",1887,0,0,0
"mor",1888,0,0,0
"mor",1889,0,0,0
"mor",1890,0,0,0
"mor",1891,0,0,0
"mor",1892,0,0,0
"mor",1893,0,0,1
"mor",1894,0,0,1
"mor",1895,0,0,0
"mor",1896,0,0,0
"mor",1897,0,0,0
"mor",1898,0,0,0
"mor",1899,0,0,0
"mor",1900,0,0,0
"mor",1901,0,0,0
"mor",1902,0,0,0
"mor",1903,0,0,0
"mor",1904,0,0,1
"mor",1905,0,0,0
"mor",1906,0,0,0
"mor",1907,0,0,0
"mor",1908,0,0,0
"mor",1909,0,6,5
"mor",1910,0,6,5
"mor",1911,0,0,0
"mor",1912,0,0,0
"mor",1913,0,0,0
"mor",1914,0,0,0
"mor",1915,0,0,0
"mor",1916,0,0,0
"mor",1917,0,0,0
"mor",1918,0,0,0
"mor",1919,0,0,0
"mor",1920,0,0,0
"mor",1921,0,0,0
"mor",1922,0,0,0
"mor",1923,0,0,0
"mor",1924,0,0,0
"mor",1925,0,0,0
"mor",1926,0,0,0
"mor",1927,0,0,0
"mor",1928,0,0,0
"mor",1929,0,0,0
"mor",1930,0,0,0
"mor",1931,0,0,0
"mor",1932,0,0,0
"mor",1933,0,0,0
"mor",1934,0,0,0
"mor",1935,0,0,0
"mor",1936,0,0,0
"mor",1937,0,0,0
"mor",1938,0,0,0
"mor",1939,0,0,0
"mor",1940,0,0,0
"mor",1941,0,0,0
"mor",1942,0,0,0
"mor",1943,0,0,0
"mor",1944,0,0,0
"mor",1945,0,0,0
"mor",1946,0,0,0
"mor",1947,0,0,0
"mor",1948,0,0,0
"mor",1949,0,0,0
"mor",1950,0,0,0
"mor",1951,0,0,0
"mor",1952,0,0,0
"mor",1953,0,0,0
"mor",1954,0,0,0
"mor",1955,0,0,0
"mor",1956,0,0,0
"mor",1957,1,0,4
"mor",1958,1,0,4
"mor",1959,0,0,0
"mor",1960,0,0,1
"mor",1961,0.5,0,2
"mor",1962,1,2,4
"mor",1963,1,2,4
"mor",1964,0,0,0
"mor",1965,0,0,0
"mor",1966,0,0,0
"mor",1967,0,0,0
"mor",1968,0,0,0
"mor",1969,0,0,0
"mor",1970,0,0,0
"mor",1971,0,0,0
"mor",1972,0,0,0
"mor",1973,0,0,0
"mor",1974,0,0,0
"mor",1975,0,0,3
"mor",1976,0,0,0
"mor",1977,0,1,4
"mor",1978,0,0,3
"mor",1979,1,0,4
"mor",1980,1,0,3.66666666666667
"mor",1981,0,0,0
"mor",1982,0,0,0
"mor",1983,0,0,0
"mor",1984,0,1,4
"mor",1985,0,0,0
"mor",1986,0,0,0
"mor",1987,0,0,3
"mor",1988,0,0,0
"mor",1989,0,0,0
"mor",1990,0,0,3
"mor",1991,0,0,3
"mor",1992,0,0,0
"mor",1993,0,0,0
"mor",1994,0,0,0
"mor",1995,0,0,0
"mor",1996,0,0,0
"mor",1997,0,0,0
"mor",1998,0,0,0
"mor",1999,0,0,0
"mor",2000,0,0,1
"mor",2001,0,0,0
"mor",2002,1,0,4
"mor",2003,0,0,0
"mor",2004,0,0,0
"mor",2005,0,0,0
"mor",2006,0,0,0
"mor",2007,0,0,0
"mor",2008,0,0,0
"mor",2009,0,0,0
"mor",2010,0,0,0
"mor",2011,0,0,0
"mor",2012,0,0,0
"mor",2013,0,0,0
"mor",2014,0,0,0
"mya",1816,0,0,0
"mya",1817,0,0,0
"mya",1818,0,0,0
"mya",1819,0,0,0
"mya",1820,0,0,0
"mya",1821,0,0,0
"mya",1822,0,0,0
"mya",1823,0,0,0
"mya",1824,0,0,0
"mya",1825,0,0,0
"mya",1826,0,0,0
"mya",1827,0,0,0
"mya",1828,0,0,0
"mya",1829,0,0,0
"mya",1830,0,0,0
"mya",1831,0,0,0
"mya",1832,0,0,0
"mya",1833,0,0,0
"mya",1834,0,0,0
"mya",1835,0,0,0
"mya",1836,0,0,0
"mya",1837,0,0,0
"mya",1838,0,0,0
"mya",1839,0,0,0
"mya",1840,0,0,0
"mya",1841,0,0,0
"mya",1842,0,0,0
"mya",1843,0,0,0
"mya",1844,0,0,0
"mya",1845,0,0,0
"mya",1846,0,0,0
"mya",1847,0,0,0
"mya",1848,0,0,0
"mya",1849,0,0,0
"mya",1850,0,0,0
"mya",1851,0,0,0
"mya",1852,0,0,0
"mya",1853,0,0,0
"mya",1854,0,0,0
"mya",1855,0,0,0
"mya",1856,0,0,0
"mya",1857,0,0,0
"mya",1858,0,0,0
"mya",1859,0,0,0
"mya",1860,0,0,0
"mya",1861,0,0,0
"mya",1862,0,0,0
"mya",1863,0,0,0
"mya",1864,0,0,0
"mya",1865,0,0,0
"mya",1866,0,0,0
"mya",1867,0,0,0
"mya",1868,0,0,0
"mya",1869,0,0,0
"mya",1870,0,0,0
"mya",1871,0,0,0
"mya",1872,0,0,0
"mya",1873,0,0,0
"mya",1874,0,0,0
"mya",1875,0,0,0
"mya",1876,0,0,0
"mya",1877,0,0,0
"mya",1878,0,0,0
"mya",1879,0,0,0
"mya",1880,0,0,0
"mya",1881,0,0,0
"mya",1882,0,0,0
"mya",1883,0,0,0
"mya",1884,0,0,0
"mya",1885,0,0,0
"mya",1886,0,0,0
"mya",1887,0,0,0
"mya",1888,0,0,0
"mya",1889,0,0,0
"mya",1890,0,0,0
"mya",1891,0,0,0
"mya",1892,0,0,0
"mya",1893,0,0,0
"mya",1894,0,0,0
"mya",1895,0,0,0
"mya",1896,0,0,0
"mya",1897,0,0,0
"mya",1898,0,0,0
"mya",1899,0,0,0
"mya",1900,0,0,0
"mya",1901,0,0,0
"mya",1902,0,0,0
"mya",1903,0,0,0
"mya",1904,0,0,0
"mya",1905,0,0,0
"mya",1906,0,0,0
"mya",1907,0,0,0
"mya",1908,0,0,0
"mya",1909,0,0,0
"mya",1910,0,0,0
"mya",1911,0,0,0
"mya",1912,0,0,0
"mya",1913,0,0,0
"mya",1914,0,0,0
"mya",1915,0,0,0
"mya",1916,0,0,0
"mya",1917,0,0,0
"mya",1918,0,0,0
"mya",1919,0,0,0
"mya",1920,0,0,0
"mya",1921,0,0,0
"mya",1922,0,0,0
"mya",1923,0,0,0
"mya",1924,0,0,0
"mya",1925,0,0,0
"mya",1926,0,0,0
"mya",1927,0,0,0
"mya",1928,0,0,0
"mya",1929,0,0,0
"mya",1930,0,0,0
"mya",1931,0,0,0
"mya",1932,0,0,0
"mya",1933,0,0,0
"mya",1934,0,0,0
"mya",1935,0,0,0
"mya",1936,0,0,0
"mya",1937,0,0,0
"mya",1938,0,0,0
"mya",1939,0,0,0
"mya",1940,0,0,0
"mya",1941,0,0,0
"mya",1942,0,0,0
"mya",1943,0,0,0
"mya",1944,0,0,0
"mya",1945,0,0,0
"mya",1946,0,0,0
"mya",1947,0,0,0
"mya",1948,0,0,0
"mya",1949,0,0,0
"mya",1950,0,3,4
"mya",1951,0,3,4
"mya",1952,0,3,4
"mya",1953,0,1.66666666666667,4
"mya",1954,0,0,4
"mya",1955,0,0,4
"mya",1956,0,0,0
"mya",1957,0,0,1
"mya",1958,0,0,0
"mya",1959,0,0,2.5
"mya",1960,0,0,0
"mya",1961,0,0,0
"mya",1962,0,0,0
"mya",1963,0,0,0
"mya",1964,0,0,0
"mya",1965,0,0,0
"mya",1966,0,0,0
"mya",1967,0,0,0
"mya",1968,0,0,0
"mya",1969,0,3,4
"mya",1970,0,0,0
"mya",1971,0,0,0
"mya",1972,0,0,0
"mya",1973,0,0,0
"mya",1974,0,0,0
"mya",1975,1,0,4
"mya",1976,0,0,0
"mya",1977,0,0,1
"mya",1978,0,0,0
"mya",1979,0,0,0
"mya",1980,1,0,4
"mya",1981,0,0,0
"mya",1982,1,0,4
"mya",1983,0.5,0,2.5
"mya",1984,1,0,4
"mya",1985,0,0,0
"mya",1986,0,0,0
"mya",1987,1,0,4
"mya",1988,1,0,4
"mya",1989,1,0,4
"mya",1990,1,1,4
"mya",1991,0,1,4
"mya",1992,0,0,0
"mya",1993,0,0,0
"mya",1994,0,0,0
"mya",1995,1,0,4
"mya",1996,1,0,3
"mya",1997,0,0,0
"mya",1998,0,0,0
"mya",1999,0,1,4
"mya",2000,0,0,0
"mya",2001,0,2,4
"mya",2002,1,0,4
"mya",2003,0.5,0,4
"mya",2004,0.666666666666667,0,3
"mya",2005,1,0,4
"mya",2006,0,0,1
"mya",2007,0,0,4
"mya",2008,1,0,3
"mya",2009,0.666666666666667,0,3.33333333333333
"mya",2010,0,0,0
"mya",2011,0.5,0,3.5
"mya",2012,0,0,0
"mya",2013,1,0,4
"mya",2014,1,0,4
"mzm",1816,0,0,0
"mzm",1817,0,0,0
"mzm",1818,0,0,0
"mzm",1819,0,0,0
"mzm",1820,0,0,0
"mzm",1821,0,0,0
"mzm",1822,0,0,0
"mzm",1823,0,0,0
"mzm",1824,0,0,0
"mzm",1825,0,0,0
"mzm",1826,0,0,0
"mzm",1827,0,0,0
"mzm",1828,0,0,0
"mzm",1829,0,0,0
"mzm",1830,0,0,0
"mzm",1831,0,0,0
"mzm",1832,0,0,0
"mzm",1833,0,0,0
"mzm",1834,0,0,0
"mzm",1835,0,0,0
"mzm",1836,0,0,0
"mzm",1837,0,0,0
"mzm",1838,0,0,0
"mzm",1839,0,0,0
"mzm",1840,0,0,0
"mzm",1841,0,0,0
"mzm",1842,0,0,0
"mzm",1843,0,0,0
"mzm",1844,0,0,0
"mzm",1845,0,0,0
"mzm",1846,0,0,0
"mzm",1847,0,0,0
"mzm",1848,0,0,0
"mzm",1849,0,0,0
"mzm",1850,0,0,0
"mzm",1851,0,0,0
"mzm",1852,0,0,0
"mzm",1853,0,0,0
"mzm",1854,0,0,0
"mzm",1855,0,0,0
"mzm",1856,0,0,0
"mzm",1857,0,0,0
"mzm",1858,0,0,0
"mzm",1859,0,0,0
"mzm",1860,0,0,0
"mzm",1861,0,0,0
"mzm",1862,0,0,0
"mzm",1863,0,0,0
"mzm",1864,0,0,0
"mzm",1865,0,0,0
"mzm",1866,0,0,0
"mzm",1867,0,0,0
"mzm",1868,0,0,0
"mzm",1869,0,0,0
"mzm",1870,0,0,0
"mzm",1871,0,0,0
"mzm",1872,0,0,0
"mzm",1873,0,0,0
"mzm",1874,0,0,0
"mzm",1875,0,0,0
"mzm",1876,0,0,0
"mzm",1877,0,0,0
"mzm",1878,0,0,0
"mzm",1879,0,0,0
"mzm",1880,0,0,0
"mzm",1881,0,0,0
"mzm",1882,0,0,0
"mzm",1883,0,0,0
"mzm",1884,0,0,0
"mzm",1885,0,0,0
"mzm",1886,0,0,0
"mzm",1887,0,0,0
"mzm",1888,0,0,0
"mzm",1889,0,0,0
"mzm",1890,0,0,0
"mzm",1891,0,0,0
"mzm",1892,0,0,0
"mzm",1893,0,0,0
"mzm",1894,0,0,0
"mzm",1895,0,0,0
"mzm",1896,0,0,0
"mzm",1897,0,0,0
"mzm",1898,0,0,0
"mzm",1899,0,0,0
"mzm",1900,0,0,0
"mzm",1901,0,0,0
"mzm",1902,0,0,0
"mzm",1903,0,0,0
"mzm",1904,0,0,0
"mzm",1905,0,0,0
"mzm",1906,0,0,0
"mzm",1907,0,0,0
"mzm",1908,0,0,0
"mzm",1909,0,0,0
"mzm",1910,0,0,0
"mzm",1911,0,0,0
"mzm",1912,0,0,0
"mzm",1913,0,0,0
"mzm",1914,0,0,0
"mzm",1915,0,0,0
"mzm",1916,0,0,0
"mzm",1917,0,0,0
"mzm",1918,0,0,0
"mzm",1919,0,0,0
"mzm",1920,0,0,0
"mzm",1921,0,0,0
"mzm",1922,0,0,0
"mzm",1923,0,0,0
"mzm",1924,0,0,0
"mzm",1925,0,0,0
"mzm",1926,0,0,0
"mzm",1927,0,0,0
"mzm",1928,0,0,0
"mzm",1929,0,0,0
"mzm",1930,0,0,0
"mzm",1931,0,0,0
"mzm",1932,0,0,0
"mzm",1933,0,0,0
"mzm",1934,0,0,0
"mzm",1935,0,0,0
"mzm",1936,0,0,0
"mzm",1937,0,0,0
"mzm",1938,0,0,0
"mzm",1939,0,0,0
"mzm",1940,0,0,0
"mzm",1941,0,0,0
"mzm",1942,0,0,0
"mzm",1943,0,0,0
"mzm",1944,0,0,0
"mzm",1945,0,0,0
"mzm",1946,0,0,0
"mzm",1947,0,0,0
"mzm",1948,0,0,0
"mzm",1949,0,0,0
"mzm",1950,0,0,0
"mzm",1951,0,0,0
"mzm",1952,0,0,0
"mzm",1953,0,0,0
"mzm",1954,0,0,0
"mzm",1955,0,0,0
"mzm",1956,0,0,0
"mzm",1957,0,0,0
"mzm",1958,0,0,0
"mzm",1959,0,0,0
"mzm",1960,0,0,0
"mzm",1961,0,0,0
"mzm",1962,0,0,0
"mzm",1963,0,0,0
"mzm",1964,0,0,0
"mzm",1965,0,0,0
"mzm",1966,0,0,0
"mzm",1967,0,0,0
"mzm",1968,0,0,0
"mzm",1969,0,0,0
"mzm",1970,0,0,0
"mzm",1971,0,0,0
"mzm",1972,0,0,0
"mzm",1973,0,0,0
"mzm",1974,0,0,0
"mzm",1975,0,0,0
"mzm",1976,0,0,0
"mzm",1977,0,0,0
"mzm",1978,0,0,0
"mzm",1979,0,0,0
"mzm",1980,0,0,0
"mzm",1981,0,0,0
"mzm",1982,0,0,0
"mzm",1983,1,1,4
"mzm",1984,0,0,0
"mzm",1985,0,0,0
"mzm",1986,1,0,2
"mzm",1987,0,0,2.5
"mzm",1988,0,0,0
"mzm",1989,0,0,0
"mzm",1990,0,0,0
"mzm",1991,0,0,0
"mzm",1992,0,0,0
"mzm",1993,0,0,0
"mzm",1994,0,0,1
"mzm",1995,0,0,0
"mzm",1996,0,0,0
"mzm",1997,0,0,0
"mzm",1998,0,0,0
"mzm",1999,0,0,0
"mzm",2000,0,0,0
"mzm",2001,0,0,0
"mzm",2002,0,0,0
"mzm",2003,0,0,0
"mzm",2004,0,0,0
"mzm",2005,0,0,0
"mzm",2006,0,0,0
"mzm",2007,0,0,0
"mzm",2008,0,0,0
"mzm",2009,0,0,0
"mzm",2010,0,0,0
"mzm",2011,0,0,0
"mzm",2012,0,0,0
"mzm",2013,0,0,0
"mzm",2014,0,0,0
"nam",1816,0,0,0
"nam",1817,0,0,0
"nam",1818,0,0,0
"nam",1819,0,0,0
"nam",1820,0,0,0
"nam",1821,0,0,0
"nam",1822,0,0,0
"nam",1823,0,0,0
"nam",1824,0,0,0
"nam",1825,0,0,0
"nam",1826,0,0,0
"nam",1827,0,0,0
"nam",1828,0,0,0
"nam",1829,0,0,0
"nam",1830,0,0,0
"nam",1831,0,0,0
"nam",1832,0,0,0
"nam",1833,0,0,0
"nam",1834,0,0,0
"nam",1835,0,0,0
"nam",1836,0,0,0
"nam",1837,0,0,0
"nam",1838,0,0,0
"nam",1839,0,0,0
"nam",1840,0,0,0
"nam",1841,0,0,0
"nam",1842,0,0,0
"nam",1843,0,0,0
"nam",1844,0,0,0
"nam",1845,0,0,0
"nam",1846,0,0,0
"nam",1847,0,0,0
"nam",1848,0,0,0
"nam",1849,0,0,0
"nam",1850,0,0,0
"nam",1851,0,0,0
"nam",1852,0,0,0
"nam",1853,0,0,0
"nam",1854,0,0,0
"nam",1855,0,0,0
"nam",1856,0,0,0
"nam",1857,0,0,0
"nam",1858,0,0,0
"nam",1859,0,0,0
"nam",1860,0,0,0
"nam",1861,0,0,0
"nam",1862,0,0,0
"nam",1863,0,0,0
"nam",1864,0,0,0
"nam",1865,0,0,0
"nam",1866,0,0,0
"nam",1867,0,0,0
"nam",1868,0,0,0
"nam",1869,0,0,0
"nam",1870,0,0,0
"nam",1871,0,0,0
"nam",1872,0,0,0
"nam",1873,0,0,0
"nam",1874,0,0,0
"nam",1875,0,0,0
"nam",1876,0,0,0
"nam",1877,0,0,0
"nam",1878,0,0,0
"nam",1879,0,0,0
"nam",1880,0,0,0
"nam",1881,0,0,0
"nam",1882,0,0,0
"nam",1883,0,0,0
"nam",1884,0,0,0
"nam",1885,0,0,0
"nam",1886,0,0,0
"nam",1887,0,0,0
"nam",1888,0,0,0
"nam",1889,0,0,0
"nam",1890,0,0,0
"nam",1891,0,0,0
"nam",1892,0,0,0
"nam",1893,0,0,0
"nam",1894,0,0,0
"nam",1895,0,0,0
"nam",1896,0,0,0
"nam",1897,0,0,0
"nam",1898,0,0,0
"nam",1899,0,0,0
"nam",1900,0,0,0
"nam",1901,0,0,0
"nam",1902,0,0,0
"nam",1903,0,0,0
"nam",1904,0,0,0
"nam",1905,0,0,0
"nam",1906,0,0,0
"nam",1907,0,0,0
"nam",1908,0,0,0
"nam",1909,0,0,0
"nam",1910,0,0,0
"nam",1911,0,0,0
"nam",1912,0,0,0
"nam",1913,0,0,0
"nam",1914,0,0,0
"nam",1915,0,0,0
"nam",1916,0,0,0
"nam",1917,0,0,0
"nam",1918,0,0,0
"nam",1919,0,0,0
"nam",1920,0,0,0
"nam",1921,0,0,0
"nam",1922,0,0,0
"nam",1923,0,0,0
"nam",1924,0,0,0
"nam",1925,0,0,0
"nam",1926,0,0,0
"nam",1927,0,0,0
"nam",1928,0,0,0
"nam",1929,0,0,0
"nam",1930,0,0,0
"nam",1931,0,0,0
"nam",1932,0,0,0
"nam",1933,0,0,0
"nam",1934,0,0,0
"nam",1935,0,0,0
"nam",1936,0,0,0
"nam",1937,0,0,0
"nam",1938,0,0,0
"nam",1939,0,0,0
"nam",1940,0,0,0
"nam",1941,0,0,0
"nam",1942,0,0,0
"nam",1943,0,0,0
"nam",1944,0,0,0
"nam",1945,0,0,0
"nam",1946,0,0,0
"nam",1947,0,0,0
"nam",1948,0,0,0
"nam",1949,0,0,0
"nam",1950,0,0,0
"nam",1951,0,0,0
"nam",1952,0,0,0
"nam",1953,0,0,0
"nam",1954,0,0,0
"nam",1955,0,0,0
"nam",1956,0,0,0
"nam",1957,0,0,0
"nam",1958,0,0,0
"nam",1959,0,0,0
"nam",1960,0,0,0
"nam",1961,0,0,0
"nam",1962,0,0,0
"nam",1963,0,0,0
"nam",1964,0,0,0
"nam",1965,0,0,0
"nam",1966,0,0,0
"nam",1967,0,0,0
"nam",1968,0,0,0
"nam",1969,0,0,0
"nam",1970,0,0,0
"nam",1971,0,0,0
"nam",1972,0,0,0
"nam",1973,0,0,0
"nam",1974,0,0,0
"nam",1975,0,0,0
"nam",1976,0,0,0
"nam",1977,0,0,0
"nam",1978,0,0,0
"nam",1979,0,0,0
"nam",1980,0,0,0
"nam",1981,0,0,0
"nam",1982,0,0,0
"nam",1983,0,0,0
"nam",1984,0,0,0
"nam",1985,0,0,0
"nam",1986,0,0,0
"nam",1987,0,0,0
"nam",1988,0,0,0
"nam",1989,0,0,0
"nam",1990,0,0,0
"nam",1991,0,0,0
"nam",1992,0,0,0
"nam",1993,0,0,0
"nam",1994,0,0,0
"nam",1995,0,0,0
"nam",1996,0,0,0
"nam",1997,0,0,3
"nam",1998,0,0,3
"nam",1999,0,0,0
"nam",2000,0,0,0
"nam",2001,0,0,0
"nam",2002,0,0,0
"nam",2003,0,0,0
"nam",2004,0,0,0
"nam",2005,0,0,0
"nam",2006,0,0,0
"nam",2007,0,0,0
"nam",2008,0,0,0
"nam",2009,0,0,0
"nam",2010,0,0,0
"nam",2011,0,0,0
"nam",2012,0,0,0
"nam",2013,0,0,0
"nam",2014,0,0,0
"nep",1816,0,0,0
"nep",1817,0,0,0
"nep",1818,0,0,0
"nep",1819,0,0,0
"nep",1820,0,0,0
"nep",1821,0,0,0
"nep",1822,0,0,0
"nep",1823,0,0,0
"nep",1824,0,0,0
"nep",1825,0,0,0
"nep",1826,0,0,0
"nep",1827,0,0,0
"nep",1828,0,0,0
"nep",1829,0,0,0
"nep",1830,0,0,0
"nep",1831,0,0,0
"nep",1832,0,0,0
"nep",1833,0,0,0
"nep",1834,0,0,0
"nep",1835,0,0,0
"nep",1836,0,0,0
"nep",1837,0,0,0
"nep",1838,0,0,0
"nep",1839,0,0,0
"nep",1840,0,0,0
"nep",1841,0,0,0
"nep",1842,0,0,0
"nep",1843,0,0,0
"nep",1844,0,0,0
"nep",1845,0,0,0
"nep",1846,0,0,0
"nep",1847,0,0,0
"nep",1848,0,0,0
"nep",1849,0,0,0
"nep",1850,0,0,0
"nep",1851,0,0,0
"nep",1852,0,0,0
"nep",1853,0,0,0
"nep",1854,0,0,0
"nep",1855,0,0,0
"nep",1856,0,0,0
"nep",1857,0,0,0
"nep",1858,0,0,0
"nep",1859,0,0,0
"nep",1860,0,0,0
"nep",1861,0,0,0
"nep",1862,0,0,0
"nep",1863,0,0,0
"nep",1864,0,0,0
"nep",1865,0,0,0
"nep",1866,0,0,0
"nep",1867,0,0,0
"nep",1868,0,0,0
"nep",1869,0,0,0
"nep",1870,0,0,0
"nep",1871,0,0,0
"nep",1872,0,0,0
"nep",1873,0,0,0
"nep",1874,0,0,0
"nep",1875,0,0,0
"nep",1876,0,0,0
"nep",1877,0,0,0
"nep",1878,0,0,0
"nep",1879,0,0,0
"nep",1880,0,0,0
"nep",1881,0,0,0
"nep",1882,0,0,0
"nep",1883,0,0,0
"nep",1884,0,0,0
"nep",1885,0,0,0
"nep",1886,0,0,0
"nep",1887,0,0,0
"nep",1888,0,0,0
"nep",1889,0,0,0
"nep",1890,0,0,0
"nep",1891,0,0,0
"nep",1892,0,0,0
"nep",1893,0,0,0
"nep",1894,0,0,0
"nep",1895,0,0,0
"nep",1896,0,0,0
"nep",1897,0,0,0
"nep",1898,0,0,0
"nep",1899,0,0,0
"nep",1900,0,0,0
"nep",1901,0,0,0
"nep",1902,0,0,0
"nep",1903,0,0,0
"nep",1904,0,0,0
"nep",1905,0,0,0
"nep",1906,0,0,0
"nep",1907,0,0,0
"nep",1908,0,0,0
"nep",1909,0,0,0
"nep",1910,0,0,0
"nep",1911,0,0,0
"nep",1912,0,0,0
"nep",1913,0,0,0
"nep",1914,0,0,0
"nep",1915,0,0,0
"nep",1916,0,0,0
"nep",1917,0,0,0
"nep",1918,0,0,0
"nep",1919,0,0,0
"nep",1920,0,0,0
"nep",1921,0,0,0
"nep",1922,0,0,0
"nep",1923,0,0,0
"nep",1924,0,0,0
"nep",1925,0,0,0
"nep",1926,0,0,0
"nep",1927,0,0,0
"nep",1928,0,0,0
"nep",1929,0,0,0
"nep",1930,0,0,0
"nep",1931,0,0,0
"nep",1932,0,0,0
"nep",1933,0,0,0
"nep",1934,0,0,0
"nep",1935,0,0,0
"nep",1936,0,0,0
"nep",1937,0,0,0
"nep",1938,0,0,0
"nep",1939,0,0,0
"nep",1940,0,0,0
"nep",1941,0,0,0
"nep",1942,0,0,0
"nep",1943,0,0,0
"nep",1944,0,0,0
"nep",1945,0,0,0
"nep",1946,0,0,0
"nep",1947,0,0,0
"nep",1948,0,0,0
"nep",1949,0,0,0
"nep",1950,0,0,0
"nep",1951,0,0,0
"nep",1952,0,0,0
"nep",1953,0,0,0
"nep",1954,0,0,0
"nep",1955,0,0,0
"nep",1956,0,0,0
"nep",1957,0,0,0
"nep",1958,0,0,0
"nep",1959,0,1,4
"nep",1960,0,1,3.5
"nep",1961,0,0,0
"nep",1962,0,0,0
"nep",1963,0,0,0
"nep",1964,0,0,0
"nep",1965,0,0,3
"nep",1966,0,0,0
"nep",1967,0,0,0
"nep",1968,1,0,1
"nep",1969,0,0,1
"nep",1970,0,0,0
"nep",1971,0,0,0
"nep",1972,0,0,0
"nep",1973,0,0,0
"nep",1974,0,0,0
"nep",1975,0,0,0
"nep",1976,0,0,0
"nep",1977,0,0,0
"nep",1978,0,0,0
"nep",1979,0,0,0
"nep",1980,0,0,0
"nep",1981,0,0,0
"nep",1982,0,0,0
"nep",1983,0,0,0
"nep",1984,0,0,0
"nep",1985,0,0,0
"nep",1986,0,0,0
"nep",1987,0,0,0
"nep",1988,0,0,0
"nep",1989,0,0,0
"nep",1990,0,0,0
"nep",1991,0,0,0
"nep",1992,0,0,0
"nep",1993,0,0,0
"nep",1994,0,0,0
"nep",1995,0,0,0
"nep",1996,0,0,0
"nep",1997,0,0,0
"nep",1998,0,0,0
"nep",1999,0,0,0
"nep",2000,0,0,0
"nep",2001,0,0,0
"nep",2002,0,0,0
"nep",2003,0,0,0
"nep",2004,0,0,3
"nep",2005,0,0,3
"nep",2006,0,0,0
"nep",2007,0,0,0
"nep",2008,0,0,0
"nep",2009,0,0,0
"nep",2010,0,0,0
"nep",2011,0,0,0
"nep",2012,0,0,0
"nep",2013,0,0,0
"nep",2014,0,0,0
"new",1816,0,0,0
"new",1817,0,0,0
"new",1818,0,0,0
"new",1819,0,0,0
"new",1820,0,0,0
"new",1821,0,0,0
"new",1822,0,0,0
"new",1823,0,0,0
"new",1824,0,0,0
"new",1825,0,0,0
"new",1826,0,0,0
"new",1827,0,0,0
"new",1828,0,0,0
"new",1829,0,0,0
"new",1830,0,0,0
"new",1831,0,0,0
"new",1832,0,0,0
"new",1833,0,0,0
"new",1834,0,0,0
"new",1835,0,0,0
"new",1836,0,0,0
"new",1837,0,0,0
"new",1838,0,0,0
"new",1839,0,0,0
"new",1840,0,0,0
"new",1841,0,0,0
"new",1842,0,0,0
"new",1843,0,0,0
"new",1844,0,0,0
"new",1845,0,0,0
"new",1846,0,0,0
"new",1847,0,0,0
"new",1848,0,0,0
"new",1849,0,0,0
"new",1850,0,0,0
"new",1851,0,0,0
"new",1852,0,0,0
"new",1853,0,0,0
"new",1854,0,0,0
"new",1855,0,0,0
"new",1856,0,0,0
"new",1857,0,0,0
"new",1858,0,0,0
"new",1859,0,0,0
"new",1860,0,0,0
"new",1861,0,0,0
"new",1862,0,0,0
"new",1863,0,0,0
"new",1864,0,0,0
"new",1865,0,0,0
"new",1866,0,0,0
"new",1867,0,0,0
"new",1868,0,0,0
"new",1869,0,0,0
"new",1870,0,0,0
"new",1871,0,0,0
"new",1872,0,0,0
"new",1873,0,0,0
"new",1874,0,0,0
"new",1875,0,0,0
"new",1876,0,0,0
"new",1877,0,0,0
"new",1878,0,0,0
"new",1879,0,0,0
"new",1880,0,0,0
"new",1881,0,0,0
"new",1882,0,0,0
"new",1883,0,0,0
"new",1884,0,0,0
"new",1885,0,0,0
"new",1886,0,0,0
"new",1887,0,0,0
"new",1888,0,0,0
"new",1889,0,0,0
"new",1890,0,0,0
"new",1891,0,0,0
"new",1892,0,0,0
"new",1893,0,0,0
"new",1894,0,0,0
"new",1895,0,0,0
"new",1896,0,0,0
"new",1897,0,0,0
"new",1898,0,0,0
"new",1899,0,0,0
"new",1900,0,0,0
"new",1901,0,0,0
"new",1902,0,0,0
"new",1903,0,0,0
"new",1904,0,0,0
"new",1905,0,0,0
"new",1906,0,0,0
"new",1907,0,0,0
"new",1908,0,0,0
"new",1909,0,0,0
"new",1910,0,0,0
"new",1911,0,0,0
"new",1912,0,0,0
"new",1913,0,0,0
"new",1914,0,0,0
"new",1915,0,0,0
"new",1916,0,0,0
"new",1917,0,0,0
"new",1918,0,0,0
"new",1919,0,0,0
"new",1920,0,0,0
"new",1921,0,0,0
"new",1922,0,0,0
"new",1923,0,0,0
"new",1924,0,0,0
"new",1925,0,0,0
"new",1926,0,0,0
"new",1927,0,0,0
"new",1928,0,0,0
"new",1929,0,0,0
"new",1930,0,0,0
"new",1931,0,0,0
"new",1932,0,0,0
"new",1933,0,0,0
"new",1934,0,0,0
"new",1935,0,0,0
"new",1936,0,0,0
"new",1937,0,0,0
"new",1938,0,0,0
"new",1939,0,6,5
"new",1940,0,6,5
"new",1941,0,6,5
"new",1942,0,6,5
"new",1943,0,6,5
"new",1944,0,6,5
"new",1945,0,6,5
"new",1946,0,0,0
"new",1947,0,0,0
"new",1948,0,0,0
"new",1949,0,0,0
"new",1950,0,0,5
"new",1951,0,0,5
"new",1952,0,0,5
"new",1953,0,0,5
"new",1954,0,0,0
"new",1955,0,0,0
"new",1956,0,0,0
"new",1957,0,0,0
"new",1958,0,0,0
"new",1959,0,0,0
"new",1960,0,0,0
"new",1961,0,0,0
"new",1962,0,0,3
"new",1963,0,0,0
"new",1964,0,0,0
"new",1965,0,2,4
"new",1966,0,2,4
"new",1967,0,2,4
"new",1968,0,2,4
"new",1969,0,2,4
"new",1970,0,2,4
"new",1971,0,2,4
"new",1972,0,0,0
"new",1973,0,0,0
"new",1974,0,0,0
"new",1975,0,0,0
"new",1976,0,0,0
"new",1977,0,0,0
"new",1978,0,0,0
"new",1979,0,0,0
"new",1980,0,0,0
"new",1981,0,0,0
"new",1982,0,0,0
"new",1983,0,0,0
"new",1984,0,0,0
"new",1985,0,0,1
"new",1986,0,0,0
"new",1987,0,0,0
"new",1988,0,0,0
"new",1989,0,0,0
"new",1990,0,0,0
"new",1991,0,0,0
"new",1992,0,0,0
"new",1993,0,0,0
"new",1994,0,0,0
"new",1995,0,0,0
"new",1996,0,0,0
"new",1997,0,0,0
"new",1998,0,0,0
"new",1999,0,0,0
"new",2000,0,0,0
"new",2001,0,0,0
"new",2002,0,0,0
"new",2003,0,0,0
"new",2004,0,0,0
"new",2005,0,0,0
"new",2006,0,0,0
"new",2007,0,0,0
"new",2008,0,0,0
"new",2009,0,0,0
"new",2010,0,0,0
"new",2011,0,0,0
"new",2012,0,0,0
"new",2013,0,0,0
"new",2014,0,0,0
"nic",1816,0,0,0
"nic",1817,0,0,0
"nic",1818,0,0,0
"nic",1819,0,0,0
"nic",1820,0,0,0
"nic",1821,0,0,0
"nic",1822,0,0,0
"nic",1823,0,0,0
"nic",1824,0,0,0
"nic",1825,0,0,0
"nic",1826,0,0,0
"nic",1827,0,0,0
"nic",1828,0,0,0
"nic",1829,0,0,0
"nic",1830,0,0,0
"nic",1831,0,0,0
"nic",1832,0,0,0
"nic",1833,0,0,0
"nic",1834,0,0,0
"nic",1835,0,0,0
"nic",1836,0,0,0
"nic",1837,0,0,0
"nic",1838,0,0,0
"nic",1839,0,0,0
"nic",1840,0,0,0
"nic",1841,0,0,0
"nic",1842,0,0,0
"nic",1843,0,0,0
"nic",1844,0,0,0
"nic",1845,0,0,0
"nic",1846,0,0,0
"nic",1847,0,0,0
"nic",1848,0,0,0
"nic",1849,0,0,0
"nic",1850,0,0,0
"nic",1851,0,0,0
"nic",1852,0,0,0
"nic",1853,0,0,0
"nic",1854,0,0,0
"nic",1855,0,0,0
"nic",1856,0,0,0
"nic",1857,0,0,0
"nic",1858,0,0,0
"nic",1859,0,0,0
"nic",1860,0,0,0
"nic",1861,0,0,0
"nic",1862,0,0,0
"nic",1863,0,0,0
"nic",1864,0,0,0
"nic",1865,0,0,0
"nic",1866,0,0,0
"nic",1867,0,0,0
"nic",1868,0,0,0
"nic",1869,0,0,0
"nic",1870,0,0,0
"nic",1871,0,0,0
"nic",1872,0,0,0
"nic",1873,0,0,0
"nic",1874,0,0,0
"nic",1875,0,0,0
"nic",1876,0,0,0
"nic",1877,0,0,0
"nic",1878,0,0,0
"nic",1879,0,0,0
"nic",1880,0,0,0
"nic",1881,0,0,0
"nic",1882,0,0,0
"nic",1883,0,0,0
"nic",1884,0,0,0
"nic",1885,0,0,0
"nic",1886,0,0,0
"nic",1887,0,0,0
"nic",1888,0,0,0
"nic",1889,0,0,0
"nic",1890,0,0,0
"nic",1891,0,0,0
"nic",1892,0,0,0
"nic",1893,0,0,0
"nic",1894,0,0,0
"nic",1895,0,0,0
"nic",1896,0,0,0
"nic",1897,0,0,0
"nic",1898,0,0,0
"nic",1899,0,0,0
"nic",1900,0,0,0
"nic",1901,0,0,0
"nic",1902,0,0,0
"nic",1903,0,0,0
"nic",1904,0,0,0
"nic",1905,0,0,0
"nic",1906,0,0,3
"nic",1907,0,4,5
"nic",1908,0,0,0
"nic",1909,0,0,4
"nic",1910,0,0,1
"nic",1911,0,0,0
"nic",1912,0,0,0
"nic",1913,1,0,2
"nic",1914,1,0,2
"nic",1915,0,0,0
"nic",1916,0,0,0
"nic",1917,0,0,0
"nic",1918,0.5,0,4
"nic",1919,0,0,0
"nic",1920,1,0,1
"nic",1921,0,0,0
"nic",1922,1,2,4
"nic",1923,0,0,0
"nic",1924,0,0,0
"nic",1925,0,0,0
"nic",1926,0,0,1
"nic",1927,0,0,0
"nic",1928,0,0,0
"nic",1929,0,0,4
"nic",1930,0,0,0
"nic",1931,0,0,0
"nic",1932,0,0,0
"nic",1933,0,0,0
"nic",1934,0,0,0
"nic",1935,0,0,0
"nic",1936,0,0,0
"nic",1937,0,0,0
"nic",1938,0,0,0
"nic",1939,0,0,0
"nic",1940,0,0,0
"nic",1941,0,0,4
"nic",1942,0,0,4
"nic",1943,0,0,0
"nic",1944,0,0,0
"nic",1945,0,0,0
"nic",1946,0,0,0
"nic",1947,0,0,0
"nic",1948,0,0,0
"nic",1949,0,0,0
"nic",1950,0,0,0
"nic",1951,0,0,0
"nic",1952,0,0,0
"nic",1953,0,0,0
"nic",1954,1,0,4
"nic",1955,1,0,4
"nic",1956,0,0,0
"nic",1957,0.5,0,2.5
"nic",1958,0,0,0
"nic",1959,0,0,0
"nic",1960,0,0,0
"nic",1961,0,0,0
"nic",1962,0,1,4
"nic",1963,0,0,0
"nic",1964,0,0,0
"nic",1965,0,0,0
"nic",1966,0,0,0
"nic",1967,0,0,0
"nic",1968,0,0,0
"nic",1969,0,0,0
"nic",1970,0,0,0
"nic",1971,0,0,0
"nic",1972,0,0,0
"nic",1973,0,0,0
"nic",1974,0,0,0
"nic",1975,0,0,0
"nic",1976,0,0,0
"nic",1977,1,0,4
"nic",1978,0,0,0
"nic",1979,0,0,0
"nic",1980,1,0,1
"nic",1981,1,0,3
"nic",1982,0.5,0,2
"nic",1983,1,0,3
"nic",1984,1,0,3
"nic",1985,1,0,3.5
"nic",1986,1,0,4
"nic",1987,0,0,0
"nic",1988,0,0,1
"nic",1989,0,1,4
"nic",1990,0,0,0
"nic",1991,1,0,4
"nic",1992,0,0,0
"nic",1993,0,0,0
"nic",1994,1,0,4
"nic",1995,0.333333333333333,0,3
"nic",1996,0,0,0
"nic",1997,1,0,4
"nic",1998,0,0,3
"nic",1999,1,0,3
"nic",2000,1,0,3.5
"nic",2001,1,0,1
"nic",2002,0,0,0
"nic",2003,0,0,0
"nic",2004,0,0,0
"nic",2005,0,0,0
"nic",2006,0,0,0
"nic",2007,0,0,0
"nic",2008,0,0,0
"nic",2009,0,0,0
"nic",2010,1,0,4
"nic",2011,1,0,4
"nic",2012,0,0,0
"nic",2013,0,0,0
"nic",2014,0,0,0
"nig",1816,0,0,0
"nig",1817,0,0,0
"nig",1818,0,0,0
"nig",1819,0,0,0
"nig",1820,0,0,0
"nig",1821,0,0,0
"nig",1822,0,0,0
"nig",1823,0,0,0
"nig",1824,0,0,0
"nig",1825,0,0,0
"nig",1826,0,0,0
"nig",1827,0,0,0
"nig",1828,0,0,0
"nig",1829,0,0,0
"nig",1830,0,0,0
"nig",1831,0,0,0
"nig",1832,0,0,0
"nig",1833,0,0,0
"nig",1834,0,0,0
"nig",1835,0,0,0
"nig",1836,0,0,0
"nig",1837,0,0,0
"nig",1838,0,0,0
"nig",1839,0,0,0
"nig",1840,0,0,0
"nig",1841,0,0,0
"nig",1842,0,0,0
"nig",1843,0,0,0
"nig",1844,0,0,0
"nig",1845,0,0,0
"nig",1846,0,0,0
"nig",1847,0,0,0
"nig",1848,0,0,0
"nig",1849,0,0,0
"nig",1850,0,0,0
"nig",1851,0,0,0
"nig",1852,0,0,0
"nig",1853,0,0,0
"nig",1854,0,0,0
"nig",1855,0,0,0
"nig",1856,0,0,0
"nig",1857,0,0,0
"nig",1858,0,0,0
"nig",1859,0,0,0
"nig",1860,0,0,0
"nig",1861,0,0,0
"nig",1862,0,0,0
"nig",1863,0,0,0
"nig",1864,0,0,0
"nig",1865,0,0,0
"nig",1866,0,0,0
"nig",1867,0,0,0
"nig",1868,0,0,0
"nig",1869,0,0,0
"nig",1870,0,0,0
"nig",1871,0,0,0
"nig",1872,0,0,0
"nig",1873,0,0,0
"nig",1874,0,0,0
"nig",1875,0,0,0
"nig",1876,0,0,0
"nig",1877,0,0,0
"nig",1878,0,0,0
"nig",1879,0,0,0
"nig",1880,0,0,0
"nig",1881,0,0,0
"nig",1882,0,0,0
"nig",1883,0,0,0
"nig",1884,0,0,0
"nig",1885,0,0,0
"nig",1886,0,0,0
"nig",1887,0,0,0
"nig",1888,0,0,0
"nig",1889,0,0,0
"nig",1890,0,0,0
"nig",1891,0,0,0
"nig",1892,0,0,0
"nig",1893,0,0,0
"nig",1894,0,0,0
"nig",1895,0,0,0
"nig",1896,0,0,0
"nig",1897,0,0,0
"nig",1898,0,0,0
"nig",1899,0,0,0
"nig",1900,0,0,0
"nig",1901,0,0,0
"nig",1902,0,0,0
"nig",1903,0,0,0
"nig",1904,0,0,0
"nig",1905,0,0,0
"nig",1906,0,0,0
"nig",1907,0,0,0
"nig",1908,0,0,0
"nig",1909,0,0,0
"nig",1910,0,0,0
"nig",1911,0,0,0
"nig",1912,0,0,0
"nig",1913,0,0,0
"nig",1914,0,0,0
"nig",1915,0,0,0
"nig",1916,0,0,0
"nig",1917,0,0,0
"nig",1918,0,0,0
"nig",1919,0,0,0
"nig",1920,0,0,0
"nig",1921,0,0,0
"nig",1922,0,0,0
"nig",1923,0,0,0
"nig",1924,0,0,0
"nig",1925,0,0,0
"nig",1926,0,0,0
"nig",1927,0,0,0
"nig",1928,0,0,0
"nig",1929,0,0,0
"nig",1930,0,0,0
"nig",1931,0,0,0
"nig",1932,0,0,0
"nig",1933,0,0,0
"nig",1934,0,0,0
"nig",1935,0,0,0
"nig",1936,0,0,0
"nig",1937,0,0,0
"nig",1938,0,0,0
"nig",1939,0,0,0
"nig",1940,0,0,0
"nig",1941,0,0,0
"nig",1942,0,0,0
"nig",1943,0,0,0
"nig",1944,0,0,0
"nig",1945,0,0,0
"nig",1946,0,0,0
"nig",1947,0,0,0
"nig",1948,0,0,0
"nig",1949,0,0,0
"nig",1950,0,0,0
"nig",1951,0,0,0
"nig",1952,0,0,0
"nig",1953,0,0,0
"nig",1954,0,0,0
"nig",1955,0,0,0
"nig",1956,0,0,0
"nig",1957,0,0,0
"nig",1958,0,0,0
"nig",1959,0,0,0
"nig",1960,0,0,0
"nig",1961,0,0,0
"nig",1962,0,0,0
"nig",1963,0,0,0
"nig",1964,0,0,0
"nig",1965,0,0,0
"nig",1966,0,0,0
"nig",1967,0,0,0
"nig",1968,0,0,0
"nig",1969,0,0,0
"nig",1970,0,0,0
"nig",1971,0,0,0
"nig",1972,0,0,0
"nig",1973,0,0,0
"nig",1974,0,0,0
"nig",1975,0,0,0
"nig",1976,0,0,0
"nig",1977,0,0,0
"nig",1978,0,0,0
"nig",1979,0,0,0
"nig",1980,0,0,0
"nig",1981,0,1,4
"nig",1982,0,0,0
"nig",1983,0,2,4
"nig",1984,0,0,0
"nig",1985,0,0,0
"nig",1986,0,0,0
"nig",1987,0,0,1
"nig",1988,0,0,0
"nig",1989,0,0,0
"nig",1990,0,0,0
"nig",1991,0,0,0
"nig",1992,0,0,0
"nig",1993,1,0,4
"nig",1994,1,1,4
"nig",1995,1,0.5,4
"nig",1996,1,2,4
"nig",1997,1,2,4
"nig",1998,0,0,3
"nig",1999,1,0,2
"nig",2000,0,0,0
"nig",2001,0,0,0
"nig",2002,0,0,0
"nig",2003,0,0,0
"nig",2004,0,0,0
"nig",2005,0,1,1
"nig",2006,0,0,0
"nig",2007,0,0,0
"nig",2008,0,0,0
"nig",2009,0,0,0
"nig",2010,0,0,0
"nig",2011,0,0,0
"nig",2012,0,0,0
"nig",2013,0,0,0
"nig",2014,0,0,0
"nir",1816,0,0,0
"nir",1817,0,0,0
"nir",1818,0,0,0
"nir",1819,0,0,0
"nir",1820,0,0,0
"nir",1821,0,0,0
"nir",1822,0,0,0
"nir",1823,0,0,0
"nir",1824,0,0,0
"nir",1825,0,0,0
"nir",1826,0,0,0
"nir",1827,0,0,0
"nir",1828,0,0,0
"nir",1829,0,0,0
"nir",1830,0,0,0
"nir",1831,0,0,0
"nir",1832,0,0,0
"nir",1833,0,0,0
"nir",1834,0,0,0
"nir",1835,0,0,0
"nir",1836,0,0,0
"nir",1837,0,0,0
"nir",1838,0,0,0
"nir",1839,0,0,0
"nir",1840,0,0,0
"nir",1841,0,0,0
"nir",1842,0,0,0
"nir",1843,0,0,0
"nir",1844,0,0,0
"nir",1845,0,0,0
"nir",1846,0,0,0
"nir",1847,0,0,0
"nir",1848,0,0,0
"nir",1849,0,0,0
"nir",1850,0,0,0
"nir",1851,0,0,0
"nir",1852,0,0,0
"nir",1853,0,0,0
"nir",1854,0,0,0
"nir",1855,0,0,0
"nir",1856,0,0,0
"nir",1857,0,0,0
"nir",1858,0,0,0
"nir",1859,0,0,0
"nir",1860,0,0,0
"nir",1861,0,0,0
"nir",1862,0,0,0
"nir",1863,0,0,0
"nir",1864,0,0,0
"nir",1865,0,0,0
"nir",1866,0,0,0
"nir",1867,0,0,0
"nir",1868,0,0,0
"nir",1869,0,0,0
"nir",1870,0,0,0
"nir",1871,0,0,0
"nir",1872,0,0,0
"nir",1873,0,0,0
"nir",1874,0,0,0
"nir",1875,0,0,0
"nir",1876,0,0,0
"nir",1877,0,0,0
"nir",1878,0,0,0
"nir",1879,0,0,0
"nir",1880,0,0,0
"nir",1881,0,0,0
"nir",1882,0,0,0
"nir",1883,0,0,0
"nir",1884,0,0,0
"nir",1885,0,0,0
"nir",1886,0,0,0
"nir",1887,0,0,0
"nir",1888,0,0,0
"nir",1889,0,0,0
"nir",1890,0,0,0
"nir",1891,0,0,0
"nir",1892,0,0,0
"nir",1893,0,0,0
"nir",1894,0,0,0
"nir",1895,0,0,0
"nir",1896,0,0,0
"nir",1897,0,0,0
"nir",1898,0,0,0
"nir",1899,0,0,0
"nir",1900,0,0,0
"nir",1901,0,0,0
"nir",1902,0,0,0
"nir",1903,0,0,0
"nir",1904,0,0,0
"nir",1905,0,0,0
"nir",1906,0,0,0
"nir",1907,0,0,0
"nir",1908,0,0,0
"nir",1909,0,0,0
"nir",1910,0,0,0
"nir",1911,0,0,0
"nir",1912,0,0,0
"nir",1913,0,0,0
"nir",1914,0,0,0
"nir",1915,0,0,0
"nir",1916,0,0,0
"nir",1917,0,0,0
"nir",1918,0,0,0
"nir",1919,0,0,0
"nir",1920,0,0,0
"nir",1921,0,0,0
"nir",1922,0,0,0
"nir",1923,0,0,0
"nir",1924,0,0,0
"nir",1925,0,0,0
"nir",1926,0,0,0
"nir",1927,0,0,0
"nir",1928,0,0,0
"nir",1929,0,0,0
"nir",1930,0,0,0
"nir",1931,0,0,0
"nir",1932,0,0,0
"nir",1933,0,0,0
"nir",1934,0,0,0
"nir",1935,0,0,0
"nir",1936,0,0,0
"nir",1937,0,0,0
"nir",1938,0,0,0
"nir",1939,0,0,0
"nir",1940,0,0,0
"nir",1941,0,0,0
"nir",1942,0,0,0
"nir",1943,0,0,0
"nir",1944,0,0,0
"nir",1945,0,0,0
"nir",1946,0,0,0
"nir",1947,0,0,0
"nir",1948,0,0,0
"nir",1949,0,0,0
"nir",1950,0,0,0
"nir",1951,0,0,0
"nir",1952,0,0,0
"nir",1953,0,0,0
"nir",1954,0,0,0
"nir",1955,0,0,0
"nir",1956,0,0,0
"nir",1957,0,0,0
"nir",1958,0,0,0
"nir",1959,0,0,0
"nir",1960,0,0,0
"nir",1961,0,0,0
"nir",1962,0,0,0
"nir",1963,0,0,1
"nir",1964,0,0,1
"nir",1965,0,0,0
"nir",1966,0,0,0
"nir",1967,0,0,0
"nir",1968,0,0,0
"nir",1969,0,0,0
"nir",1970,0,0,0
"nir",1971,0,0,0
"nir",1972,0,0,0
"nir",1973,0,0,0
"nir",1974,0,0,0
"nir",1975,0,0,0
"nir",1976,0,0,0
"nir",1977,0,0,0
"nir",1978,0,0,0
"nir",1979,0,0,0
"nir",1980,0,0,0
"nir",1981,0,0,0
"nir",1982,0,0,0
"nir",1983,0,0,0
"nir",1984,0,0,0
"nir",1985,0,0,0
"nir",1986,0,0,0
"nir",1987,0,0,0
"nir",1988,0,0,0
"nir",1989,0,0,0
"nir",1990,0,0,3
"nir",1991,0,0,3
"nir",1992,0,0,0
"nir",1993,0,0.5,4
"nir",1994,0,0,0
"nir",1995,0,0,0
"nir",1996,0,0,0
"nir",1997,0,0,0
"nir",1998,0,0,0
"nir",1999,0,0,0
"nir",2000,1,0,4
"nir",2001,0,0,0
"nir",2002,0,0,0
"nir",2003,0,0,0
"nir",2004,0,0,0
"nir",2005,0,0,0
"nir",2006,0,0,0
"nir",2007,0,0,0
"nir",2008,0,0,0
"nir",2009,0,0,0
"nir",2010,0,0,0
"nir",2011,0,0,0
"nir",2012,0,0,0
"nir",2013,0,0,0
"nir",2014,0,0,0
"nor",1816,0,0,0
"nor",1817,0,0,0
"nor",1818,0,0,0
"nor",1819,0,0,0
"nor",1820,0,0,0
"nor",1821,0,0,0
"nor",1822,0,0,0
"nor",1823,0,0,0
"nor",1824,0,0,0
"nor",1825,0,0,0
"nor",1826,0,0,0
"nor",1827,0,0,0
"nor",1828,0,0,0
"nor",1829,0,0,0
"nor",1830,0,0,0
"nor",1831,0,0,0
"nor",1832,0,0,0
"nor",1833,0,0,0
"nor",1834,0,0,0
"nor",1835,0,0,0
"nor",1836,0,0,0
"nor",1837,0,0,0
"nor",1838,0,0,0
"nor",1839,0,0,0
"nor",1840,0,0,0
"nor",1841,0,0,0
"nor",1842,0,0,0
"nor",1843,0,0,0
"nor",1844,0,0,0
"nor",1845,0,0,0
"nor",1846,0,0,0
"nor",1847,0,0,0
"nor",1848,0,0,0
"nor",1849,0,0,0
"nor",1850,0,0,0
"nor",1851,0,0,0
"nor",1852,0,0,0
"nor",1853,0,0,0
"nor",1854,0,0,0
"nor",1855,0,0,0
"nor",1856,0,0,0
"nor",1857,0,0,0
"nor",1858,0,0,0
"nor",1859,0,0,0
"nor",1860,0,0,0
"nor",1861,0,0,0
"nor",1862,0,0,0
"nor",1863,0,0,0
"nor",1864,0,0,0
"nor",1865,0,0,0
"nor",1866,0,0,0
"nor",1867,0,0,0
"nor",1868,0,0,0
"nor",1869,0,0,0
"nor",1870,0,0,0
"nor",1871,0,0,0
"nor",1872,0,0,0
"nor",1873,0,0,0
"nor",1874,0,0,0
"nor",1875,0,0,0
"nor",1876,0,0,0
"nor",1877,0,0,0
"nor",1878,0,0,0
"nor",1879,0,0,0
"nor",1880,0,0,0
"nor",1881,0,0,0
"nor",1882,0,0,0
"nor",1883,0,0,0
"nor",1884,0,0,0
"nor",1885,0,0,0
"nor",1886,0,0,0
"nor",1887,0,0,0
"nor",1888,0,0,0
"nor",1889,0,0,0
"nor",1890,0,0,0
"nor",1891,0,0,0
"nor",1892,0,0,0
"nor",1893,0,0,0
"nor",1894,0,0,0
"nor",1895,0,0,0
"nor",1896,0,0,0
"nor",1897,0,0,0
"nor",1898,0,0,0
"nor",1899,0,0,0
"nor",1900,0,0,0
"nor",1901,0,0,0
"nor",1902,0,0,0
"nor",1903,0,0,0
"nor",1904,0,0,0
"nor",1905,0,0,0
"nor",1906,0,0,0
"nor",1907,0,0,0
"nor",1908,0,0,0
"nor",1909,0,0,0
"nor",1910,0,0,0
"nor",1911,0,0,1
"nor",1912,0,0,0
"nor",1913,0,0,0
"nor",1914,0,0,0
"nor",1915,0,0,1
"nor",1916,0,0,1
"nor",1917,0,0,1
"nor",1918,0,0,1
"nor",1919,0,0,0
"nor",1920,0,0,0
"nor",1921,0,0,0
"nor",1922,0,0,0
"nor",1923,0,0,0
"nor",1924,0,0,0
"nor",1925,0,0,0
"nor",1926,0,0,0
"nor",1927,0,0,0
"nor",1928,0,0,0
"nor",1929,0,0,0
"nor",1930,0,0,0
"nor",1931,0,0,0
"nor",1932,0,0,0
"nor",1933,0,0,0
"nor",1934,0,0,0
"nor",1935,0,0,0
"nor",1936,0,0,0
"nor",1937,0,0,0
"nor",1938,0,0,0
"nor",1939,0,0,4
"nor",1940,0,2,3.33333333333333
"nor",1941,0,0,0
"nor",1942,0,0,0
"nor",1943,0,0,0
"nor",1944,0,0,0
"nor",1945,0,0,0
"nor",1946,0,0,0
"nor",1947,0,0,0
"nor",1948,0,0,1
"nor",1949,0,0,0
"nor",1950,0,0,0
"nor",1951,0,0,0
"nor",1952,0,0,0
"nor",1953,0,0,0
"nor",1954,0,0,0
"nor",1955,0,0,0
"nor",1956,1,0,4
"nor",1957,0,0,0
"nor",1958,0,0,0
"nor",1959,0,0,0
"nor",1960,0,0,1
"nor",1961,0,0,0
"nor",1962,0,0,0
"nor",1963,0,0,0
"nor",1964,0,0,0
"nor",1965,0,0,0
"nor",1966,0,0,0
"nor",1967,0,0,0
"nor",1968,0,0,0
"nor",1969,0,0,0
"nor",1970,0,0,0
"nor",1971,0,0,0
"nor",1972,0,0,0
"nor",1973,0,0,1
"nor",1974,0,0,0
"nor",1975,0,0,0
"nor",1976,0,0,0
"nor",1977,0,0,0
"nor",1978,0,0,1
"nor",1979,0,0,0
"nor",1980,0,0,3
"nor",1981,1,0,3
"nor",1982,0,0,0
"nor",1983,1,0,4
"nor",1984,0,0,1
"nor",1985,0,0,0
"nor",1986,0,0,0
"nor",1987,0,0,1
"nor",1988,0,0,1
"nor",1989,0,0,0
"nor",1990,0,0,0
"nor",1991,0,0,0
"nor",1992,0,0,0
"nor",1993,0,0,0
"nor",1994,0,0,0
"nor",1995,0,0,0
"nor",1996,0,0,0
"nor",1997,0,0,0
"nor",1998,1,0,4
"nor",1999,0.333333333333333,0,2.66666666666667
"nor",2000,0,0,1.5
"nor",2001,1,0,2
"nor",2002,0,0,0
"nor",2003,0,0,0
"nor",2004,0,0,0
"nor",2005,1,0,4
"nor",2006,0,0,0
"nor",2007,0,0,0
"nor",2008,0,0,1
"nor",2009,0,0,0
"nor",2010,0,0,0
"nor",2011,1,0,3.66666666666667
"nor",2012,1,0,3
"nor",2013,1,0,3
"nor",2014,1,0,3
"nth",1816,0,0,0
"nth",1817,0,0,0
"nth",1818,0,0,0
"nth",1819,0,0,0
"nth",1820,0,0,0
"nth",1821,0,0,0
"nth",1822,0,0,0
"nth",1823,0,0,0
"nth",1824,0,0,0
"nth",1825,0,0,0
"nth",1826,0,0,0
"nth",1827,0,0,0
"nth",1828,0,0,0
"nth",1829,0,0,0
"nth",1830,0,0,0
"nth",1831,0,0,0
"nth",1832,0,0,0
"nth",1833,0,0,0
"nth",1834,0,0,0
"nth",1835,0,0,0
"nth",1836,0,0,0
"nth",1837,0,0,0
"nth",1838,0,0,0
"nth",1839,0,0,0
"nth",1840,0,0,0
"nth",1841,0,0,0
"nth",1842,0,0,0
"nth",1843,0,0,0
"nth",1844,0,0,0
"nth",1845,0,0,0
"nth",1846,0,0,0
"nth",1847,0,0,0
"nth",1848,0,0,0
"nth",1849,0,0,3
"nth",1850,0,0,0
"nth",1851,0,0,0
"nth",1852,0,0,0
"nth",1853,0,0,0
"nth",1854,1,0,1
"nth",1855,1,0,1
"nth",1856,1,0,3
"nth",1857,0,0,0
"nth",1858,0,0,0
"nth",1859,0,0,0
"nth",1860,0,0,0
"nth",1861,0,0,0
"nth",1862,0,0,0
"nth",1863,0,0,0
"nth",1864,0,0,0
"nth",1865,1,0,3
"nth",1866,0,0,0
"nth",1867,0,0,0
"nth",1868,0,0,0
"nth",1869,0,0,3
"nth",1870,0,0,0
"nth",1871,0,0,0
"nth",1872,0,0,0
"nth",1873,0,0,0
"nth",1874,0,0,0
"nth",1875,0,0,0
"nth",1876,0,0,0
"nth",1877,0,0,0
"nth",1878,0,0,0
"nth",1879,0,0,0
"nth",1880,0,0,0
"nth",1881,0,0,0
"nth",1882,0,0,0
"nth",1883,0,0,0
"nth",1884,0,0,0
"nth",1885,0,0,0
"nth",1886,0,0,0
"nth",1887,0,0,0
"nth",1888,0,0,0
"nth",1889,0,0,0
"nth",1890,0,0,0
"nth",1891,0,0,0
"nth",1892,0,0,0
"nth",1893,0,0,0
"nth",1894,0,0,0
"nth",1895,0,0,0
"nth",1896,0,0,0
"nth",1897,0,0,0
"nth",1898,0,0,0
"nth",1899,0,0,0
"nth",1900,0,0,0
"nth",1901,0,0,0
"nth",1902,0,0,0
"nth",1903,0,0,0
"nth",1904,0,0,0
"nth",1905,0,0,0
"nth",1906,0,0,0
"nth",1907,0,0,0
"nth",1908,0,0,4
"nth",1909,0,0,0
"nth",1910,0,0,0
"nth",1911,0,0,0
"nth",1912,0,0,0
"nth",1913,0,0,0
"nth",1914,0,0,1
"nth",1915,0,0,1
"nth",1916,0,0,1
"nth",1917,0,0,1
"nth",1918,0,0,1
"nth",1919,0,0,0
"nth",1920,0,0,0
"nth",1921,0,0,0
"nth",1922,0,0,0
"nth",1923,0,0,0
"nth",1924,0,0,0
"nth",1925,0,0,0
"nth",1926,0,0,0
"nth",1927,0,0,0
"nth",1928,0,0,0
"nth",1929,0,0,0
"nth",1930,0,0,0
"nth",1931,0,0,0
"nth",1932,0,0,0
"nth",1933,0,0,0
"nth",1934,0,0,0
"nth",1935,0,0,0
"nth",1936,0,0,0
"nth",1937,0,0,0
"nth",1938,0,0,0
"nth",1939,0,0.5,2.5
"nth",1940,0,3.5,4.5
"nth",1941,0,0,0
"nth",1942,0,0,0
"nth",1943,0,0,0
"nth",1944,0,0,0
"nth",1945,0,0,0
"nth",1946,0,0,0
"nth",1947,0,0,0
"nth",1948,0,0,0
"nth",1949,0,0,0
"nth",1950,0,0,0
"nth",1951,0,1.5,3
"nth",1952,0,3,5
"nth",1953,0,2,4.5
"nth",1954,0,0,0
"nth",1955,0,0,0
"nth",1956,0,0,0
"nth",1957,0,0,3
"nth",1958,0,0,3
"nth",1959,0,0,3
"nth",1960,0,1,4
"nth",1961,0,1,4
"nth",1962,0,1,4
"nth",1963,0,0,0
"nth",1964,0,0,0
"nth",1965,0,0,0
"nth",1966,0,0,1
"nth",1967,0,0,0
"nth",1968,0,0,0
"nth",1969,0,0,0
"nth",1970,0,0,0
"nth",1971,0,0,0
"nth",1972,0,0,0
"nth",1973,0,0,0
"nth",1974,0,0,0
"nth",1975,0,0,0
"nth",1976,0,0,0
"nth",1977,0,0,0
"nth",1978,0,0,0
"nth",1979,0,0,0
"nth",1980,0,0,3
"nth",1981,0,0,0
"nth",1982,0,0,0
"nth",1983,0,0,0
"nth",1984,0,0,0
"nth",1985,0,0,1
"nth",1986,0,0,1
"nth",1987,1,0,3
"nth",1988,0,0,0
"nth",1989,0,0,0
"nth",1990,0,0,3
"nth",1991,0,0,3
"nth",1992,1,0,4
"nth",1993,1,0,4
"nth",1994,1,0,4
"nth",1995,1,0,4
"nth",1996,1,0,4
"nth",1997,0,0,0
"nth",1998,1,0,4
"nth",1999,0.333333333333333,0,2.66666666666667
"nth",2000,0,0,2
"nth",2001,1,0,3
"nth",2002,0,0,0
"nth",2003,1,0,3
"nth",2004,0,0,0
"nth",2005,0,0,0
"nth",2006,0,0,0
"nth",2007,0,0,0
"nth",2008,0,0,0
"nth",2009,0,0,0
"nth",2010,0,0,0
"nth",2011,1,0,4
"nth",2012,0,0,0
"nth",2013,0,0,0
"nth",2014,1,0,3
"oma",1816,0,0,0
"oma",1817,0,0,0
"oma",1818,0,0,0
"oma",1819,0,0,0
"oma",1820,0,0,0
"oma",1821,0,0,0
"oma",1822,0,0,0
"oma",1823,0,0,0
"oma",1824,0,0,0
"oma",1825,0,0,0
"oma",1826,0,0,0
"oma",1827,0,0,0
"oma",1828,0,0,0
"oma",1829,0,0,0
"oma",1830,0,0,0
"oma",1831,0,0,0
"oma",1832,0,0,0
"oma",1833,0,0,0
"oma",1834,0,0,0
"oma",1835,0,0,0
"oma",1836,0,0,0
"oma",1837,0,0,0
"oma",1838,0,0,0
"oma",1839,0,0,0
"oma",1840,0,0,0
"oma",1841,0,0,0
"oma",1842,0,0,0
"oma",1843,0,0,0
"oma",1844,0,0,0
"oma",1845,0,0,0
"oma",1846,0,0,0
"oma",1847,0,0,0
"oma",1848,0,0,0
"oma",1849,0,0,0
"oma",1850,0,0,0
"oma",1851,0,0,0
"oma",1852,0,0,0
"oma",1853,0,0,0
"oma",1854,0,0,0
"oma",1855,0,0,0
"oma",1856,0,0,0
"oma",1857,0,0,0
"oma",1858,0,0,0
"oma",1859,0,0,0
"oma",1860,0,0,0
"oma",1861,0,0,0
"oma",1862,0,0,0
"oma",1863,0,0,0
"oma",1864,0,0,0
"oma",1865,0,0,0
"oma",1866,0,0,0
"oma",1867,0,0,0
"oma",1868,0,0,0
"oma",1869,0,0,0
"oma",1870,0,0,0
"oma",1871,0,0,0
"oma",1872,0,0,0
"oma",1873,0,0,0
"oma",1874,0,0,0
"oma",1875,0,0,0
"oma",1876,0,0,0
"oma",1877,0,0,0
"oma",1878,0,0,0
"oma",1879,0,0,0
"oma",1880,0,0,0
"oma",1881,0,0,0
"oma",1882,0,0,0
"oma",1883,0,0,0
"oma",1884,0,0,0
"oma",1885,0,0,0
"oma",1886,0,0,0
"oma",1887,0,0,0
"oma",1888,0,0,0
"oma",1889,0,0,0
"oma",1890,0,0,0
"oma",1891,0,0,0
"oma",1892,0,0,0
"oma",1893,0,0,0
"oma",1894,0,0,0
"oma",1895,0,0,0
"oma",1896,0,0,0
"oma",1897,0,0,0
"oma",1898,0,0,0
"oma",1899,0,0,0
"oma",1900,0,0,0
"oma",1901,0,0,0
"oma",1902,0,0,0
"oma",1903,0,0,0
"oma",1904,0,0,0
"oma",1905,0,0,0
"oma",1906,0,0,0
"oma",1907,0,0,0
"oma",1908,0,0,0
"oma",1909,0,0,0
"oma",1910,0,0,0
"oma",1911,0,0,0
"oma",1912,0,0,0
"oma",1913,0,0,0
"oma",1914,0,0,0
"oma",1915,0,0,0
"oma",1916,0,0,0
"oma",1917,0,0,0
"oma",1918,0,0,0
"oma",1919,0,0,0
"oma",1920,0,0,0
"oma",1921,0,0,0
"oma",1922,0,0,0
"oma",1923,0,0,0
"oma",1924,0,0,0
"oma",1925,0,0,0
"oma",1926,0,0,0
"oma",1927,0,0,0
"oma",1928,0,0,0
"oma",1929,0,0,0
"oma",1930,0,0,0
"oma",1931,0,0,0
"oma",1932,0,0,0
"oma",1933,0,0,0
"oma",1934,0,0,0
"oma",1935,0,0,0
"oma",1936,0,0,0
"oma",1937,0,0,0
"oma",1938,0,0,0
"oma",1939,0,0,0
"oma",1940,0,0,0
"oma",1941,0,0,0
"oma",1942,0,0,0
"oma",1943,0,0,0
"oma",1944,0,0,0
"oma",1945,0,0,0
"oma",1946,0,0,0
"oma",1947,0,0,0
"oma",1948,0,0,0
"oma",1949,0,0,0
"oma",1950,0,0,0
"oma",1951,0,0,0
"oma",1952,0,0,0
"oma",1953,0,0,0
"oma",1954,0,0,0
"oma",1955,0,0,0
"oma",1956,0,0,0
"oma",1957,0,0,0
"oma",1958,0,0,0
"oma",1959,0,0,0
"oma",1960,0,0,0
"oma",1961,0,0,0
"oma",1962,0,0,0
"oma",1963,0,0,0
"oma",1964,0,0,0
"oma",1965,0,0,0
"oma",1966,0,0,0
"oma",1967,0,0,0
"oma",1968,0,0,0
"oma",1969,0,0,0
"oma",1970,0,0,0
"oma",1971,0,0,0
"oma",1972,1,1,4
"oma",1973,0,0,0
"oma",1974,0,0,0
"oma",1975,0,0,0
"oma",1976,0,0,0
"oma",1977,0,0,0
"oma",1978,0,0,0
"oma",1979,0,0,0
"oma",1980,0,0,1
"oma",1981,0,0,3
"oma",1982,0,0,3
"oma",1983,0,0,0
"oma",1984,0,0,1
"oma",1985,0,0,0
"oma",1986,0,0,0
"oma",1987,0,0,4
"oma",1988,0,0,0
"oma",1989,0,0,0
"oma",1990,0,0,0
"oma",1991,0,0,4
"oma",1992,0,0,0
"oma",1993,0,0,0
"oma",1994,0,0,3
"oma",1995,0,0,0
"oma",1996,0,0,0
"oma",1997,0,0,0
"oma",1998,0,0,0
"oma",1999,0,0,0
"oma",2000,0,0,0
"oma",2001,0,0,0
"oma",2002,0,0,0
"oma",2003,1,0,3
"oma",2004,0,0,0
"oma",2005,0,0,0
"oma",2006,0,0,0
"oma",2007,0,0,0
"oma",2008,0,0,0
"oma",2009,0,0,0
"oma",2010,0,0,0
"oma",2011,0,0,0
"oma",2012,0,0,0
"oma",2013,0,0,0
"oma",2014,0,0,0
"pak",1816,0,0,0
"pak",1817,0,0,0
"pak",1818,0,0,0
"pak",1819,0,0,0
"pak",1820,0,0,0
"pak",1821,0,0,0
"pak",1822,0,0,0
"pak",1823,0,0,0
"pak",1824,0,0,0
"pak",1825,0,0,0
"pak",1826,0,0,0
"pak",1827,0,0,0
"pak",1828,0,0,0
"pak",1829,0,0,0
"pak",1830,0,0,0
"pak",1831,0,0,0
"pak",1832,0,0,0
"pak",1833,0,0,0
"pak",1834,0,0,0
"pak",1835,0,0,0
"pak",1836,0,0,0
"pak",1837,0,0,0
"pak",1838,0,0,0
"pak",1839,0,0,0
"pak",1840,0,0,0
"pak",1841,0,0,0
"pak",1842,0,0,0
"pak",1843,0,0,0
"pak",1844,0,0,0
"pak",1845,0,0,0
"pak",1846,0,0,0
"pak",1847,0,0,0
"pak",1848,0,0,0
"pak",1849,0,0,0
"pak",1850,0,0,0
"pak",1851,0,0,0
"pak",1852,0,0,0
"pak",1853,0,0,0
"pak",1854,0,0,0
"pak",1855,0,0,0
"pak",1856,0,0,0
"pak",1857,0,0,0
"pak",1858,0,0,0
"pak",1859,0,0,0
"pak",1860,0,0,0
"pak",1861,0,0,0
"pak",1862,0,0,0
"pak",1863,0,0,0
"pak",1864,0,0,0
"pak",1865,0,0,0
"pak",1866,0,0,0
"pak",1867,0,0,0
"pak",1868,0,0,0
"pak",1869,0,0,0
"pak",1870,0,0,0
"pak",1871,0,0,0
"pak",1872,0,0,0
"pak",1873,0,0,0
"pak",1874,0,0,0
"pak",1875,0,0,0
"pak",1876,0,0,0
"pak",1877,0,0,0
"pak",1878,0,0,0
"pak",1879,0,0,0
"pak",1880,0,0,0
"pak",1881,0,0,0
"pak",1882,0,0,0
"pak",1883,0,0,0
"pak",1884,0,0,0
"pak",1885,0,0,0
"pak",1886,0,0,0
"pak",1887,0,0,0
"pak",1888,0,0,0
"pak",1889,0,0,0
"pak",1890,0,0,0
"pak",1891,0,0,0
"pak",1892,0,0,0
"pak",1893,0,0,0
"pak",1894,0,0,0
"pak",1895,0,0,0
"pak",1896,0,0,0
"pak",1897,0,0,0
"pak",1898,0,0,0
"pak",1899,0,0,0
"pak",1900,0,0,0
"pak",1901,0,0,0
"pak",1902,0,0,0
"pak",1903,0,0,0
"pak",1904,0,0,0
"pak",1905,0,0,0
"pak",1906,0,0,0
"pak",1907,0,0,0
"pak",1908,0,0,0
"pak",1909,0,0,0
"pak",1910,0,0,0
"pak",1911,0,0,0
"pak",1912,0,0,0
"pak",1913,0,0,0
"pak",1914,0,0,0
"pak",1915,0,0,0
"pak",1916,0,0,0
"pak",1917,0,0,0
"pak",1918,0,0,0
"pak",1919,0,0,0
"pak",1920,0,0,0
"pak",1921,0,0,0
"pak",1922,0,0,0
"pak",1923,0,0,0
"pak",1924,0,0,0
"pak",1925,0,0,0
"pak",1926,0,0,0
"pak",1927,0,0,0
"pak",1928,0,0,0
"pak",1929,0,0,0
"pak",1930,0,0,0
"pak",1931,0,0,0
"pak",1932,0,0,0
"pak",1933,0,0,0
"pak",1934,0,0,0
"pak",1935,0,0,0
"pak",1936,0,0,0
"pak",1937,0,0,0
"pak",1938,0,0,0
"pak",1939,0,0,0
"pak",1940,0,0,0
"pak",1941,0,0,0
"pak",1942,0,0,0
"pak",1943,0,0,0
"pak",1944,0,0,0
"pak",1945,0,0,0
"pak",1946,0,0,0
"pak",1947,0.5,3,3.5
"pak",1948,1,6,5
"pak",1949,0.666666666666667,2,4.33333333333333
"pak",1950,0.5,1.5,4
"pak",1951,0.5,0.5,2.5
"pak",1952,1,0,4
"pak",1953,0,0,0
"pak",1954,0,0,0
"pak",1955,0.333333333333333,0.333333333333333,2.33333333333333
"pak",1956,0.666666666666667,1,3
"pak",1957,1,0,3
"pak",1958,1,1,4
"pak",1959,0.333333333333333,0.333333333333333,4
"pak",1960,0.333333333333333,0,2.66666666666667
"pak",1961,0.5,1,3.5
"pak",1962,1,0.5,3
"pak",1963,1,0,3
"pak",1964,1,6,5
"pak",1965,1,4.5,4.5
"pak",1966,1,3,4
"pak",1967,1,1,4
"pak",1968,0,0,0
"pak",1969,0.5,0.5,4
"pak",1970,0,0,4
"pak",1971,0,6,5
"pak",1972,1,2,4
"pak",1973,0,0,0
"pak",1974,0,0,0
"pak",1975,0,0,0
"pak",1976,0,0,0
"pak",1977,0,0,0
"pak",1978,0,0,0
"pak",1979,0,0,0
"pak",1980,0,0,0
"pak",1981,1,1,4
"pak",1982,1,0,1
"pak",1983,1,1,4
"pak",1984,1,1,4
"pak",1985,1,1,4
"pak",1986,1,0,1
"pak",1987,0,0,1
"pak",1988,0,0,0
"pak",1989,1,0,3
"pak",1990,0.5,0.5,3.5
"pak",1991,0,0,3
"pak",1992,0,0,0
"pak",1993,1,5,5
"pak",1994,1,5,5
"pak",1995,1,5,5
"pak",1996,1,5,5
"pak",1997,1,5,5
"pak",1998,1,5,5
"pak",1999,0.5,3.5,4.5
"pak",2000,0,2,4
"pak",2001,1,2,4
"pak",2002,1,2.5,4
"pak",2003,1,2.5,4
"pak",2004,0.5,0.5,2.5
"pak",2005,0.5,0.25,2.5
"pak",2006,0,0.25,2.5
"pak",2007,0,0.666666666666667,2
"pak",2008,0.333333333333333,0.333333333333333,3
"pak",2009,0.25,0.25,2.5
"pak",2010,0,0,1
"pak",2011,0,0,1
"pak",2012,0,0,2.5
"pak",2013,0,0.5,2.5
"pak",2014,0.25,0.25,1.75
"pal",1816,0,0,0
"pal",1817,0,0,0
"pal",1818,0,0,0
"pal",1819,0,0,0
"pal",1820,0,0,0
"pal",1821,0,0,0
"pal",1822,0,0,0
"pal",1823,0,0,0
"pal",1824,0,0,0
"pal",1825,0,0,0
"pal",1826,0,0,0
"pal",1827,0,0,0
"pal",1828,0,0,0
"pal",1829,0,0,0
"pal",1830,0,0,0
"pal",1831,0,0,0
"pal",1832,0,0,0
"pal",1833,0,0,0
"pal",1834,0,0,0
"pal",1835,0,0,0
"pal",1836,0,0,0
"pal",1837,0,0,0
"pal",1838,0,0,0
"pal",1839,0,0,0
"pal",1840,0,0,0
"pal",1841,0,0,0
"pal",1842,0,0,0
"pal",1843,0,0,0
"pal",1844,0,0,0
"pal",1845,0,0,0
"pal",1846,0,0,0
"pal",1847,0,0,0
"pal",1848,0,0,0
"pal",1849,0,0,0
"pal",1850,0,0,0
"pal",1851,0,0,0
"pal",1852,0,0,0
"pal",1853,0,0,0
"pal",1854,0,0,0
"pal",1855,0,0,0
"pal",1856,0,0,0
"pal",1857,0,0,0
"pal",1858,0,0,0
"pal",1859,0,0,0
"pal",1860,0,0,0
"pal",1861,0,0,0
"pal",1862,0,0,0
"pal",1863,0,0,0
"pal",1864,0,0,0
"pal",1865,0,0,0
"pal",1866,0,0,0
"pal",1867,0,0,0
"pal",1868,0,0,0
"pal",1869,0,0,0
"pal",1870,0,0,0
"pal",1871,0,0,0
"pal",1872,0,0,0
"pal",1873,0,0,0
"pal",1874,0,0,0
"pal",1875,0,0,0
"pal",1876,0,0,0
"pal",1877,0,0,0
"pal",1878,0,0,0
"pal",1879,0,0,0
"pal",1880,0,0,0
"pal",1881,0,0,0
"pal",1882,0,0,0
"pal",1883,0,0,0
"pal",1884,0,0,0
"pal",1885,0,0,0
"pal",1886,0,0,0
"pal",1887,0,0,0
"pal",1888,0,0,0
"pal",1889,0,0,0
"pal",1890,0,0,0
"pal",1891,0,0,0
"pal",1892,0,0,0
"pal",1893,0,0,0
"pal",1894,0,0,0
"pal",1895,0,0,0
"pal",1896,0,0,0
"pal",1897,0,0,0
"pal",1898,0,0,0
"pal",1899,0,0,0
"pal",1900,0,0,0
"pal",1901,0,0,0
"pal",1902,0,0,0
"pal",1903,0,0,0
"pal",1904,0,0,0
"pal",1905,0,0,0
"pal",1906,0,0,0
"pal",1907,0,0,0
"pal",1908,0,0,0
"pal",1909,0,0,0
"pal",1910,0,0,0
"pal",1911,0,0,0
"pal",1912,0,0,0
"pal",1913,0,0,0
"pal",1914,0,0,0
"pal",1915,0,0,0
"pal",1916,0,0,0
"pal",1917,0,0,0
"pal",1918,0,0,0
"pal",1919,0,0,0
"pal",1920,0,0,0
"pal",1921,0,0,0
"pal",1922,0,0,0
"pal",1923,0,0,0
"pal",1924,0,0,0
"pal",1925,0,0,0
"pal",1926,0,0,0
"pal",1927,0,0,0
"pal",1928,0,0,0
"pal",1929,0,0,0
"pal",1930,0,0,0
"pal",1931,0,0,0
"pal",1932,0,0,0
"pal",1933,0,0,0
"pal",1934,0,0,0
"pal",1935,0,0,0
"pal",1936,0,0,0
"pal",1937,0,0,0
"pal",1938,0,0,0
"pal",1939,0,0,0
"pal",1940,0,0,0
"pal",1941,0,0,0
"pal",1942,0,0,0
"pal",1943,0,0,0
"pal",1944,0,0,0
"pal",1945,0,0,0
"pal",1946,0,0,0
"pal",1947,0,0,0
"pal",1948,0,0,0
"pal",1949,0,0,0
"pal",1950,0,0,0
"pal",1951,0,0,0
"pal",1952,0,0,0
"pal",1953,0,0,0
"pal",1954,0,0,0
"pal",1955,0,0,0
"pal",1956,0,0,0
"pal",1957,0,0,0
"pal",1958,0,0,0
"pal",1959,0,0,0
"pal",1960,0,0,0
"pal",1961,0,0,0
"pal",1962,0,0,0
"pal",1963,0,0,0
"pal",1964,0,0,0
"pal",1965,0,0,0
"pal",1966,0,0,0
"pal",1967,0,0,0
"pal",1968,0,0,0
"pal",1969,0,0,0
"pal",1970,0,0,0
"pal",1971,0,0,0
"pal",1972,0,0,0
"pal",1973,0,0,0
"pal",1974,0,0,0
"pal",1975,0,0,0
"pal",1976,0,0,0
"pal",1977,0,0,0
"pal",1978,0,0,0
"pal",1979,0,0,0
"pal",1980,0,0,0
"pal",1981,0,0,0
"pal",1982,0,0,0
"pal",1983,0,0,0
"pal",1984,0,0,0
"pal",1985,0,0,0
"pal",1986,0,0,0
"pal",1987,0,0,0
"pal",1988,0,0,0
"pal",1989,0,0,0
"pal",1990,0,0,0
"pal",1991,0,0,0
"pal",1992,0,0,0
"pal",1993,0,0,0
"pal",1994,0,0,0
"pal",1995,0,0,0
"pal",1996,0,0,0
"pal",1997,0,0,0
"pal",1998,0,0,0
"pal",1999,0,0,0
"pal",2000,0,0,4
"pal",2001,0,0,0
"pal",2002,0,0,0
"pal",2003,0,0,0
"pal",2004,0,0,0
"pal",2005,0,0,0
"pal",2006,0,0,0
"pal",2007,0,0,0
"pal",2008,0,0,0
"pal",2009,0,0,0
"pal",2010,0,0,0
"pal",2011,0,0,0
"pal",2012,0,0,0
"pal",2013,0,0,0
"pal",2014,0,0,0
"pan",1816,0,0,0
"pan",1817,0,0,0
"pan",1818,0,0,0
"pan",1819,0,0,0
"pan",1820,0,0,0
"pan",1821,0,0,0
"pan",1822,0,0,0
"pan",1823,0,0,0
"pan",1824,0,0,0
"pan",1825,0,0,0
"pan",1826,0,0,0
"pan",1827,0,0,0
"pan",1828,0,0,0
"pan",1829,0,0,0
"pan",1830,0,0,0
"pan",1831,0,0,0
"pan",1832,0,0,0
"pan",1833,0,0,0
"pan",1834,0,0,0
"pan",1835,0,0,0
"pan",1836,0,0,0
"pan",1837,0,0,0
"pan",1838,0,0,0
"pan",1839,0,0,0
"pan",1840,0,0,0
"pan",1841,0,0,0
"pan",1842,0,0,0
"pan",1843,0,0,0
"pan",1844,0,0,0
"pan",1845,0,0,0
"pan",1846,0,0,0
"pan",1847,0,0,0
"pan",1848,0,0,0
"pan",1849,0,0,0
"pan",1850,0,0,0
"pan",1851,0,0,0
"pan",1852,0,0,0
"pan",1853,0,0,0
"pan",1854,0,0,0
"pan",1855,0,0,0
"pan",1856,0,0,0
"pan",1857,0,0,0
"pan",1858,0,0,0
"pan",1859,0,0,0
"pan",1860,0,0,0
"pan",1861,0,0,0
"pan",1862,0,0,0
"pan",1863,0,0,0
"pan",1864,0,0,0
"pan",1865,0,0,0
"pan",1866,0,0,0
"pan",1867,0,0,0
"pan",1868,0,0,0
"pan",1869,0,0,0
"pan",1870,0,0,0
"pan",1871,0,0,0
"pan",1872,0,0,0
"pan",1873,0,0,0
"pan",1874,0,0,0
"pan",1875,0,0,0
"pan",1876,0,0,0
"pan",1877,0,0,0
"pan",1878,0,0,0
"pan",1879,0,0,0
"pan",1880,0,0,0
"pan",1881,0,0,0
"pan",1882,0,0,0
"pan",1883,0,0,0
"pan",1884,0,0,0
"pan",1885,0,0,0
"pan",1886,0,0,0
"pan",1887,0,0,0
"pan",1888,0,0,0
"pan",1889,0,0,0
"pan",1890,0,0,0
"pan",1891,0,0,0
"pan",1892,0,0,0
"pan",1893,0,0,0
"pan",1894,0,0,0
"pan",1895,0,0,0
"pan",1896,0,0,0
"pan",1897,0,0,0
"pan",1898,0,0,0
"pan",1899,0,0,0
"pan",1900,0,0,0
"pan",1901,0,0,0
"pan",1902,0,0,0
"pan",1903,0,0,0
"pan",1904,0,0,0
"pan",1905,0,0,0
"pan",1906,0,0,0
"pan",1907,0,0,0
"pan",1908,0,0,0
"pan",1909,0,0,0
"pan",1910,0,0,0
"pan",1911,0,0,0
"pan",1912,0,0,0
"pan",1913,0,0,0
"pan",1914,0,0,0
"pan",1915,0,0,0
"pan",1916,0,0,0
"pan",1917,0,0,0
"pan",1918,0,0,0
"pan",1919,0,0,0
"pan",1920,0,0,0
"pan",1921,0,0,0
"pan",1922,0,0,0
"pan",1923,0,0,0
"pan",1924,0,0,0
"pan",1925,0,0,0
"pan",1926,0,0,0
"pan",1927,0,0,0
"pan",1928,0,0,0
"pan",1929,0,0,0
"pan",1930,0,0,0
"pan",1931,0,0,0
"pan",1932,0,0,0
"pan",1933,0,0,0
"pan",1934,0,0,0
"pan",1935,0,0,0
"pan",1936,0,0,0
"pan",1937,0,0,1
"pan",1938,0,0,0
"pan",1939,0,0,0
"pan",1940,0,0,1
"pan",1941,0,0,4
"pan",1942,0,0,2.5
"pan",1943,0,0,1
"pan",1944,0,0,0
"pan",1945,0,0,0
"pan",1946,0,0,0
"pan",1947,0,0,0
"pan",1948,0,0,0
"pan",1949,0,0,0
"pan",1950,0,0,0
"pan",1951,0,0,0
"pan",1952,0,0,0
"pan",1953,0,0,0
"pan",1954,0,0,0
"pan",1955,0,0,0
"pan",1956,0,0,0
"pan",1957,0,0,0
"pan",1958,0,0,0
"pan",1959,0,0,0
"pan",1960,0,0,0
"pan",1961,0,0,0
"pan",1962,0,0,0
"pan",1963,0,0,0
"pan",1964,0,0,0
"pan",1965,0,0,0
"pan",1966,0,0,0
"pan",1967,0,0,0
"pan",1968,0,0,0
"pan",1969,0,0,0
"pan",1970,0,0,0
"pan",1971,0,0,0
"pan",1972,0,0,0
"pan",1973,0,0,0
"pan",1974,0,0,0
"pan",1975,0,0,0
"pan",1976,0,0,0
"pan",1977,0,0,0
"pan",1978,0,0,0
"pan",1979,0,0,0
"pan",1980,0,0,0
"pan",1981,0,0,0
"pan",1982,0,0,0
"pan",1983,0,0,0
"pan",1984,0,0,1
"pan",1985,0,0,1
"pan",1986,0,0,0
"pan",1987,0,0,2
"pan",1988,0,0,2.5
"pan",1989,0,3,4
"pan",1990,0,0,0
"pan",1991,0,0,0
"pan",1992,0,0,0
"pan",1993,0,0,0
"pan",1994,0,0,0
"pan",1995,0,0,0
"pan",1996,0,0,0
"pan",1997,0,0,0
"pan",1998,0,0,0
"pan",1999,0,0,0
"pan",2000,0,0,0
"pan",2001,0,0,0
"pan",2002,0,0,0
"pan",2003,0,0,0
"pan",2004,0,0,0
"pan",2005,0,0,0
"pan",2006,0,0,0
"pan",2007,0,0,0
"pan",2008,0,0,0
"pan",2009,0,0,0
"pan",2010,0,0,0
"pan",2011,0,0,0
"pan",2012,0,0,0
"pan",2013,0,0,2.5
"pan",2014,0,0,0
"pap",1816,0,0,0
"pap",1817,0,0,0
"pap",1818,0,0,0
"pap",1819,0,0,0
"pap",1820,0,0,0
"pap",1821,0,0,0
"pap",1822,0,0,0
"pap",1823,0,0,0
"pap",1824,0,0,0
"pap",1825,0,0,0
"pap",1826,0,0,0
"pap",1827,0,0,0
"pap",1828,0,0,0
"pap",1829,0,0,0
"pap",1830,0,0,0
"pap",1831,0,0,0
"pap",1832,0,0,0
"pap",1833,0,0,0
"pap",1834,0,0,0
"pap",1835,0,0,0
"pap",1836,0,0,0
"pap",1837,0,0,0
"pap",1838,0,0,0
"pap",1839,0,0,0
"pap",1840,0,0,0
"pap",1841,0,0,0
"pap",1842,0,0,0
"pap",1843,0,0,0
"pap",1844,0,0,0
"pap",1845,0,0,0
"pap",1846,0,0,0
"pap",1847,0,0,1
"pap",1848,0,0,1
"pap",1849,0,6,5
"pap",1850,0,0,0
"pap",1851,0,0,0
"pap",1852,0,0,0
"pap",1853,0,0,0
"pap",1854,0,0,0
"pap",1855,0,0,0
"pap",1856,0,0,0
"pap",1857,0,0,0
"pap",1858,0,0,0
"pap",1859,0,0,0
"pap",1860,0,5,5
"pap",1861,0,0,0
"pap",1862,0,0,0
"pap",1863,0,0,0
"pap",1864,0,0,0
"pap",1865,0,0,0
"pap",1866,0,0,0
"pap",1867,0,0,0
"pap",1868,0,0,0
"pap",1869,0,0,0
"pap",1870,0,0,0
"pap",1871,0,0,0
"pap",1872,0,0,0
"pap",1873,0,0,0
"pap",1874,0,0,0
"pap",1875,0,0,0
"pap",1876,0,0,0
"pap",1877,0,0,0
"pap",1878,0,0,0
"pap",1879,0,0,0
"pap",1880,0,0,0
"pap",1881,0,0,0
"pap",1882,0,0,0
"pap",1883,0,0,0
"pap",1884,0,0,0
"pap",1885,0,0,0
"pap",1886,0,0,0
"pap",1887,0,0,0
"pap",1888,0,0,0
"pap",1889,0,0,0
"pap",1890,0,0,0
"pap",1891,0,0,0
"pap",1892,0,0,0
"pap",1893,0,0,0
"pap",1894,0,0,0
"pap",1895,0,0,0
"pap",1896,0,0,0
"pap",1897,0,0,0
"pap",1898,0,0,0
"pap",1899,0,0,0
"pap",1900,0,0,0
"pap",1901,0,0,0
"pap",1902,0,0,0
"pap",1903,0,0,0
"pap",1904,0,0,0
"pap",1905,0,0,0
"pap",1906,0,0,0
"pap",1907,0,0,0
"pap",1908,0,0,0
"pap",1909,0,0,0
"pap",1910,0,0,0
"pap",1911,0,0,0
"pap",1912,0,0,0
"pap",1913,0,0,0
"pap",1914,0,0,0
"pap",1915,0,0,0
"pap",1916,0,0,0
"pap",1917,0,0,0
"pap",1918,0,0,0
"pap",1919,0,0,0
"pap",1920,0,0,0
"pap",1921,0,0,0
"pap",1922,0,0,0
"pap",1923,0,0,0
"pap",1924,0,0,0
"pap",1925,0,0,0
"pap",1926,0,0,0
"pap",1927,0,0,0
"pap",1928,0,0,0
"pap",1929,0,0,0
"pap",1930,0,0,0
"pap",1931,0,0,0
"pap",1932,0,0,0
"pap",1933,0,0,0
"pap",1934,0,0,0
"pap",1935,0,0,0
"pap",1936,0,0,0
"pap",1937,0,0,0
"pap",1938,0,0,0
"pap",1939,0,0,0
"pap",1940,0,0,0
"pap",1941,0,0,0
"pap",1942,0,0,0
"pap",1943,0,0,0
"pap",1944,0,0,0
"pap",1945,0,0,0
"pap",1946,0,0,0
"pap",1947,0,0,0
"pap",1948,0,0,0
"pap",1949,0,0,0
"pap",1950,0,0,0
"pap",1951,0,0,0
"pap",1952,0,0,0
"pap",1953,0,0,0
"pap",1954,0,0,0
"pap",1955,0,0,0
"pap",1956,0,0,0
"pap",1957,0,0,0
"pap",1958,0,0,0
"pap",1959,0,0,0
"pap",1960,0,0,0
"pap",1961,0,0,0
"pap",1962,0,0,0
"pap",1963,0,0,0
"pap",1964,0,0,0
"pap",1965,0,0,0
"pap",1966,0,0,0
"pap",1967,0,0,0
"pap",1968,0,0,0
"pap",1969,0,0,0
"pap",1970,0,0,0
"pap",1971,0,0,0
"pap",1972,0,0,0
"pap",1973,0,0,0
"pap",1974,0,0,0
"pap",1975,0,0,0
"pap",1976,0,0,0
"pap",1977,0,0,0
"pap",1978,0,0,0
"pap",1979,0,0,0
"pap",1980,0,0,0
"pap",1981,0,0,0
"pap",1982,0,0,0
"pap",1983,0,0,0
"pap",1984,0,0,0
"pap",1985,0,0,0
"pap",1986,0,0,0
"pap",1987,0,0,0
"pap",1988,0,0,0
"pap",1989,0,0,0
"pap",1990,0,0,0
"pap",1991,0,0,0
"pap",1992,0,0,0
"pap",1993,0,0,0
"pap",1994,0,0,0
"pap",1995,0,0,0
"pap",1996,0,0,0
"pap",1997,0,0,0
"pap",1998,0,0,0
"pap",1999,0,0,0
"pap",2000,0,0,0
"pap",2001,0,0,0
"pap",2002,0,0,0
"pap",2003,0,0,0
"pap",2004,0,0,0
"pap",2005,0,0,0
"pap",2006,0,0,0
"pap",2007,0,0,0
"pap",2008,0,0,0
"pap",2009,0,0,0
"pap",2010,0,0,0
"pap",2011,0,0,0
"pap",2012,0,0,0
"pap",2013,0,0,0
"pap",2014,0,0,0
"par",1816,0,0,0
"par",1817,0,0,0
"par",1818,0,0,0
"par",1819,0,0,0
"par",1820,0,0,0
"par",1821,0,0,0
"par",1822,0,0,0
"par",1823,0,0,0
"par",1824,0,0,0
"par",1825,0,0,0
"par",1826,0,0,0
"par",1827,0,0,0
"par",1828,0,0,0
"par",1829,0,0,0
"par",1830,0,0,0
"par",1831,0,0,0
"par",1832,0,0,0
"par",1833,0,0,0
"par",1834,0,0,0
"par",1835,0,0,0
"par",1836,0,0,0
"par",1837,0,0,0
"par",1838,0,0,0
"par",1839,0,0,0
"par",1840,0,0,0
"par",1841,0,0,0
"par",1842,0,0,0
"par",1843,0,0,0
"par",1844,0,0,0
"par",1845,0,0,0
"par",1846,1,0,3
"par",1847,0,0,0
"par",1848,0,0,0
"par",1849,0,0,0
"par",1850,0.5,0,4
"par",1851,1,0,4
"par",1852,0,0,0
"par",1853,0,0,0
"par",1854,0,0,0
"par",1855,0,0,4
"par",1856,1,0,4
"par",1857,1,0,4
"par",1858,1,0,4
"par",1859,0,0,1
"par",1860,0,0,0
"par",1861,0,0,0
"par",1862,0,0,3
"par",1863,0,6,5
"par",1864,0,6,5
"par",1865,0,6,5
"par",1866,0,6,5
"par",1867,0,6,5
"par",1868,0,6,5
"par",1869,0,6,5
"par",1870,0,6,5
"par",1871,0,0,0
"par",1872,0,0,0
"par",1873,0,0,0
"par",1874,0,0,0
"par",1875,0,0,0
"par",1876,0,0,0
"par",1877,0,0,0
"par",1878,0,0,0
"par",1879,0,0,0
"par",1880,0,0,0
"par",1881,0,0,0
"par",1882,0,0,0
"par",1883,0,0,0
"par",1884,0,0,0
"par",1885,0,0,0
"par",1886,1,0,3
"par",1887,1,0,4
"par",1888,1,0,4
"par",1889,0,0,0
"par",1890,0,0,0
"par",1891,0,0,0
"par",1892,0,0,0
"par",1893,0,0,0
"par",1894,0,0,0
"par",1895,0,0,0
"par",1896,0,0,0
"par",1897,0,0,0
"par",1898,0,0,0
"par",1899,0,0,0
"par",1900,0,0,0
"par",1901,0,0,0
"par",1902,0,0,0
"par",1903,0,0,0
"par",1904,0,0,0
"par",1905,0,0,0
"par",1906,1,0,1
"par",1907,0,0,0
"par",1908,0,0,0
"par",1909,0,0,0
"par",1910,0,0,0
"par",1911,0,0,4
"par",1912,0,0,4
"par",1913,0,0,0
"par",1914,0,0,0
"par",1915,0,0,0
"par",1916,0,0,0
"par",1917,0,0,0
"par",1918,1,0,1
"par",1919,0,0,0
"par",1920,0,0,0
"par",1921,1,0,3
"par",1922,0,0,0
"par",1923,1,0,3
"par",1924,1,0,3
"par",1925,0,0,0
"par",1926,0,0,0
"par",1927,1,0,3
"par",1928,1,1,4
"par",1929,1,1,4
"par",1930,1,1,4
"par",1931,1,6,5
"par",1932,1,6,5
"par",1933,1,6,5
"par",1934,1,6,5
"par",1935,1,6,5
"par",1936,0,1,4
"par",1937,0,0,0
"par",1938,0,0,2
"par",1939,0,0,0
"par",1940,0,0,0
"par",1941,0,0,0
"par",1942,0,0,0
"par",1943,0,0,0
"par",1944,0,0,0
"par",1945,0,0,4
"par",1946,0,0,0
"par",1947,0,0,0
"par",1948,0,0,0
"par",1949,0,0,0
"par",1950,0,0,0
"par",1951,0,0,0
"par",1952,0,0,0
"par",1953,0,0,0
"par",1954,0,0,0
"par",1955,0,0,0
"par",1956,0,0,0
"par",1957,0,0,0
"par",1958,0,0,0
"par",1959,0,0,4
"par",1960,0,0,0
"par",1961,0,0,0
"par",1962,0,1,4
"par",1963,0,0,0
"par",1964,0,0,0
"par",1965,0,0,0
"par",1966,0,0,0
"par",1967,0,0,0
"par",1968,0,0,0
"par",1969,0,0,0
"par",1970,0,0,0
"par",1971,0,0,0
"par",1972,0,0,0
"par",1973,0,0,0
"par",1974,0,0,0
"par",1975,0,0,0
"par",1976,0,0,0
"par",1977,0,0,0
"par",1978,0,0,0
"par",1979,0,0,0
"par",1980,0,0,0
"par",1981,0,0,0
"par",1982,0,0,0
"par",1983,0,0,0
"par",1984,0,0,0
"par",1985,0,0,0
"par",1986,0,0,0
"par",1987,0,0,0
"par",1988,0,0,0
"par",1989,0,0,0
"par",1990,0,0,0
"par",1991,0,0,0
"par",1992,0,0,0
"par",1993,0,0,0
"par",1994,0,0,0
"par",1995,0,0,0
"par",1996,0,0,0
"par",1997,0,0,0
"par",1998,0,0,0
"par",1999,0,0,0
"par",2000,0,0,0
"par",2001,0,0,0
"par",2002,0,0,0
"par",2003,0,0,0
"par",2004,0,0,0
"par",2005,0,0,0
"par",2006,0,0,0
"par",2007,0,0,0
"par",2008,0,0,0
"par",2009,0,0,0
"par",2010,0,0,0
"par",2011,0,0,0
"par",2012,0,0,0
"par",2013,0,0,0
"par",2014,0,0,0
"per",1816,0,0,0
"per",1817,0,0,0
"per",1818,0,0,0
"per",1819,0,0,0
"per",1820,0,0,0
"per",1821,0,0,0
"per",1822,0,0,0
"per",1823,0,0,0
"per",1824,0,0,0
"per",1825,0,0,0
"per",1826,0,0,0
"per",1827,0,0,0
"per",1828,0,0,0
"per",1829,0,0,0
"per",1830,0,0,0
"per",1831,0,0,0
"per",1832,0,0,0
"per",1833,0,0,0
"per",1834,0,0,0
"per",1835,0,0,0
"per",1836,0,0,0
"per",1837,0,0,0
"per",1838,0,0,0
"per",1839,0,0,0
"per",1840,0,0,0
"per",1841,0,0,0
"per",1842,0,0,0
"per",1843,0,0,0
"per",1844,0,0,0
"per",1845,0,0,0
"per",1846,0,0,3
"per",1847,0,0,3
"per",1848,0,0,0
"per",1849,0,0,0
"per",1850,0,0,0
"per",1851,0,0,0
"per",1852,0.333333333333333,0,1
"per",1853,0,0,0
"per",1854,0,0,0
"per",1855,0,0,0
"per",1856,0,0,0
"per",1857,0,0,0
"per",1858,0.5,0.5,4
"per",1859,0.5,0.5,4
"per",1860,1,0.5,2.5
"per",1861,0,0,0
"per",1862,0,0,1
"per",1863,0,0,1
"per",1864,0,0,3
"per",1865,0,2.5,4
"per",1866,0,5,5
"per",1867,0,0,0
"per",1868,0,0,0
"per",1869,0,0,0
"per",1870,0,0,0
"per",1871,0,0,0
"per",1872,0,0,3
"per",1873,0,0,0
"per",1874,0,0,0
"per",1875,1,0,1
"per",1876,0,0,0
"per",1877,0,0,0
"per",1878,0,0,0
"per",1879,1,6,5
"per",1880,1,6,5
"per",1881,1,6,5
"per",1882,1,6,5
"per",1883,1,6,5
"per",1884,0,0,1
"per",1885,0,0,0
"per",1886,0,0,0
"per",1887,0,0,0
"per",1888,0,0,0
"per",1889,0,0,0
"per",1890,0,0,0
"per",1891,1,0,3
"per",1892,0,0,0
"per",1893,1,0,4
"per",1894,1,0,4
"per",1895,0,0,0
"per",1896,0,0,0
"per",1897,0,0,0
"per",1898,0,0,0
"per",1899,1,0,4
"per",1900,0,0,0
"per",1901,1,1,4
"per",1902,0.5,1,4
"per",1903,0.5,1,4
"per",1904,0.5,1,4
"per",1905,1,1,4
"per",1906,1,0,1
"per",1907,1,0,4
"per",1908,0,0,0
"per",1909,0,0,0
"per",1910,1,0.5,4
"per",1911,1,0.5,3.75
"per",1912,1,0,3.5
"per",1913,1,0,4
"per",1914,0,0,0
"per",1915,0,0,0
"per",1916,0,0,0
"per",1917,0,0,0
"per",1918,0,0,0
"per",1919,0,0,0
"per",1920,0,0,0
"per",1921,0,0,0
"per",1922,0,0,0
"per",1923,0,0,0
"per",1924,0,0,0
"per",1925,0,0,0
"per",1926,0,0,0
"per",1927,0,0,0
"per",1928,0,0,0
"per",1929,0,0,0
"per",1930,0,0,0
"per",1931,0,0,0
"per",1932,0.5,0.75,2.5
"per",1933,0.5,1,2.5
"per",1934,1,0,3.5
"per",1935,1,0,4
"per",1936,1,0,4
"per",1937,0,0,3
"per",1938,0,1,4
"per",1939,0,3,4
"per",1940,0,3,4
"per",1941,0,3,4
"per",1942,0.5,1.5,4
"per",1943,0,0,4
"per",1944,0,0,0
"per",1945,0,0,4
"per",1946,0,0,0
"per",1947,0,0,0
"per",1948,0,0,0
"per",1949,0,0,0
"per",1950,0,0,3
"per",1951,0,1,4
"per",1952,0,0,0
"per",1953,0,0,3
"per",1954,0,0,3
"per",1955,0.5,0,3.5
"per",1956,0,0,0
"per",1957,0,0,0
"per",1958,0,0,0
"per",1959,0,0,0
"per",1960,0,0,0
"per",1961,0,0,0
"per",1962,1,0,4
"per",1963,0,0,0
"per",1964,0,0,0
"per",1965,0,0,0
"per",1966,0,0,0
"per",1967,0,0,0
"per",1968,0,0,0
"per",1969,1,0,4
"per",1970,0,0,0
"per",1971,0,0,0
"per",1972,0,0,0
"per",1973,0,0,0
"per",1974,0,0,0
"per",1975,0,0,0
"per",1976,0,0,0
"per",1977,0.333333333333333,0.333333333333333,3.33333333333333
"per",1978,0,1,4
"per",1979,1,0,4
"per",1980,0,0,0
"per",1981,0,2,4
"per",1982,0,0,0
"per",1983,0,0,0
"per",1984,0,1,4
"per",1985,0,0,0
"per",1986,0,0,0
"per",1987,0,0,0
"per",1988,0,0,0
"per",1989,0,0,0
"per",1990,0,0,0
"per",1991,0,0,3
"per",1992,0,0,4
"per",1993,0,0,0
"per",1994,0,0,0
"per",1995,1,1.5,4
"per",1996,1,0,4
"per",1997,1,0,4
"per",1998,1,0,3
"per",1999,0,0,0
"per",2000,0,0,0
"per",2001,0,0,0
"per",2002,0,0,0
"per",2003,0,0,1
"per",2004,0,0,0
"per",2005,0,0,0
"per",2006,0,0,0
"per",2007,0,0,0
"per",2008,0,0,0
"per",2009,0,0,0
"per",2010,0,0,0
"per",2011,0,0,0
"per",2012,0,0,0
"per",2013,0,0,0
"per",2014,0,0,0
"phi",1816,0,0,0
"phi",1817,0,0,0
"phi",1818,0,0,0
"phi",1819,0,0,0
"phi",1820,0,0,0
"phi",1821,0,0,0
"phi",1822,0,0,0
"phi",1823,0,0,0
"phi",1824,0,0,0
"phi",1825,0,0,0
"phi",1826,0,0,0
"phi",1827,0,0,0
"phi",1828,0,0,0
"phi",1829,0,0,0
"phi",1830,0,0,0
"phi",1831,0,0,0
"phi",1832,0,0,0
"phi",1833,0,0,0
"phi",1834,0,0,0
"phi",1835,0,0,0
"phi",1836,0,0,0
"phi",1837,0,0,0
"phi",1838,0,0,0
"phi",1839,0,0,0
"phi",1840,0,0,0
"phi",1841,0,0,0
"phi",1842,0,0,0
"phi",1843,0,0,0
"phi",1844,0,0,0
"phi",1845,0,0,0
"phi",1846,0,0,0
"phi",1847,0,0,0
"phi",1848,0,0,0
"phi",1849,0,0,0
"phi",1850,0,0,0
"phi",1851,0,0,0
"phi",1852,0,0,0
"phi",1853,0,0,0
"phi",1854,0,0,0
"phi",1855,0,0,0
"phi",1856,0,0,0
"phi",1857,0,0,0
"phi",1858,0,0,0
"phi",1859,0,0,0
"phi",1860,0,0,0
"phi",1861,0,0,0
"phi",1862,0,0,0
"phi",1863,0,0,0
"phi",1864,0,0,0
"phi",1865,0,0,0
"phi",1866,0,0,0
"phi",1867,0,0,0
"phi",1868,0,0,0
"phi",1869,0,0,0
"phi",1870,0,0,0
"phi",1871,0,0,0
"phi",1872,0,0,0
"phi",1873,0,0,0
"phi",1874,0,0,0
"phi",1875,0,0,0
"phi",1876,0,0,0
"phi",1877,0,0,0
"phi",1878,0,0,0
"phi",1879,0,0,0
"phi",1880,0,0,0
"phi",1881,0,0,0
"phi",1882,0,0,0
"phi",1883,0,0,0
"phi",1884,0,0,0
"phi",1885,0,0,0
"phi",1886,0,0,0
"phi",1887,0,0,0
"phi",1888,0,0,0
"phi",1889,0,0,0
"phi",1890,0,0,0
"phi",1891,0,0,0
"phi",1892,0,0,0
"phi",1893,0,0,0
"phi",1894,0,0,0
"phi",1895,0,0,0
"phi",1896,0,0,0
"phi",1897,0,0,0
"phi",1898,0,0,0
"phi",1899,0,0,0
"phi",1900,0,0,0
"phi",1901,0,0,0
"phi",1902,0,0,0
"phi",1903,0,0,0
"phi",1904,0,0,0
"phi",1905,0,0,0
"phi",1906,0,0,0
"phi",1907,0,0,0
"phi",1908,0,0,0
"phi",1909,0,0,0
"phi",1910,0,0,0
"phi",1911,0,0,0
"phi",1912,0,0,0
"phi",1913,0,0,0
"phi",1914,0,0,0
"phi",1915,0,0,0
"phi",1916,0,0,0
"phi",1917,0,0,0
"phi",1918,0,0,0
"phi",1919,0,0,0
"phi",1920,0,0,0
"phi",1921,0,0,0
"phi",1922,0,0,0
"phi",1923,0,0,0
"phi",1924,0,0,0
"phi",1925,0,0,0
"phi",1926,0,0,0
"phi",1927,0,0,0
"phi",1928,0,0,0
"phi",1929,0,0,0
"phi",1930,0,0,0
"phi",1931,0,0,0
"phi",1932,0,0,0
"phi",1933,0,0,0
"phi",1934,0,0,0
"phi",1935,0,0,0
"phi",1936,0,0,0
"phi",1937,0,0,0
"phi",1938,0,0,0
"phi",1939,0,0,0
"phi",1940,0,0,0
"phi",1941,0,0,0
"phi",1942,0,0,0
"phi",1943,0,0,0
"phi",1944,0,0,0
"phi",1945,0,0,0
"phi",1946,0,0,0
"phi",1947,0,0,0
"phi",1948,0,0,0
"phi",1949,0,0,0
"phi",1950,0,2,5
"phi",1951,0,2,5
"phi",1952,0,2,5
"phi",1953,0,2,5
"phi",1954,0,0,0
"phi",1955,0,0,0
"phi",1956,0,0,1
"phi",1957,0,0,0
"phi",1958,0,0,0
"phi",1959,1,0,4
"phi",1960,0,0,0
"phi",1961,0,0,0
"phi",1962,0,0,0
"phi",1963,0,0,0
"phi",1964,0,0,0
"phi",1965,0,0,0
"phi",1966,0,6,5
"phi",1967,0,6,5
"phi",1968,0.5,3,4
"phi",1969,0,6,5
"phi",1970,0,6,5
"phi",1971,0,6,5
"phi",1972,0,6,5
"phi",1973,0,6,5
"phi",1974,0,0,1
"phi",1975,0,0,0
"phi",1976,0,0,0
"phi",1977,0,0,0
"phi",1978,0,0,0
"phi",1979,1,0,3
"phi",1980,1,0,1
"phi",1981,0,0,0
"phi",1982,0,0,4
"phi",1983,0,0,0
"phi",1984,0,0,0
"phi",1985,0,0,1
"phi",1986,0,0,0
"phi",1987,0,0,0
"phi",1988,0,0,1
"phi",1989,0,0,0
"phi",1990,0,0,0
"phi",1991,0,0,0
"phi",1992,0,0,0
"phi",1993,0,0,0
"phi",1994,1,0,1
"phi",1995,1,0,4
"phi",1996,1,0,4
"phi",1997,1,0,4
"phi",1998,0.5,0,3.5
"phi",1999,1,0,2.5
"phi",2000,1,0,2.5
"phi",2001,1,0,1
"phi",2002,1,0,4
"phi",2003,0,0,1
"phi",2004,0,0,0
"phi",2005,0,0,0
"phi",2006,0,0,0
"phi",2007,0,0,0
"phi",2008,0,0,0
"phi",2009,0,0,0
"phi",2010,0,0,0
"phi",2011,1,0,4
"phi",2012,1,0,4
"phi",2013,0,0,1
"phi",2014,1,0,4
"png",1816,0,0,0
"png",1817,0,0,0
"png",1818,0,0,0
"png",1819,0,0,0
"png",1820,0,0,0
"png",1821,0,0,0
"png",1822,0,0,0
"png",1823,0,0,0
"png",1824,0,0,0
"png",1825,0,0,0
"png",1826,0,0,0
"png",1827,0,0,0
"png",1828,0,0,0
"png",1829,0,0,0
"png",1830,0,0,0
"png",1831,0,0,0
"png",1832,0,0,0
"png",1833,0,0,0
"png",1834,0,0,0
"png",1835,0,0,0
"png",1836,0,0,0
"png",1837,0,0,0
"png",1838,0,0,0
"png",1839,0,0,0
"png",1840,0,0,0
"png",1841,0,0,0
"png",1842,0,0,0
"png",1843,0,0,0
"png",1844,0,0,0
"png",1845,0,0,0
"png",1846,0,0,0
"png",1847,0,0,0
"png",1848,0,0,0
"png",1849,0,0,0
"png",1850,0,0,0
"png",1851,0,0,0
"png",1852,0,0,0
"png",1853,0,0,0
"png",1854,0,0,0
"png",1855,0,0,0
"png",1856,0,0,0
"png",1857,0,0,0
"png",1858,0,0,0
"png",1859,0,0,0
"png",1860,0,0,0
"png",1861,0,0,0
"png",1862,0,0,0
"png",1863,0,0,0
"png",1864,0,0,0
"png",1865,0,0,0
"png",1866,0,0,0
"png",1867,0,0,0
"png",1868,0,0,0
"png",1869,0,0,0
"png",1870,0,0,0
"png",1871,0,0,0
"png",1872,0,0,0
"png",1873,0,0,0
"png",1874,0,0,0
"png",1875,0,0,0
"png",1876,0,0,0
"png",1877,0,0,0
"png",1878,0,0,0
"png",1879,0,0,0
"png",1880,0,0,0
"png",1881,0,0,0
"png",1882,0,0,0
"png",1883,0,0,0
"png",1884,0,0,0
"png",1885,0,0,0
"png",1886,0,0,0
"png",1887,0,0,0
"png",1888,0,0,0
"png",1889,0,0,0
"png",1890,0,0,0
"png",1891,0,0,0
"png",1892,0,0,0
"png",1893,0,0,0
"png",1894,0,0,0
"png",1895,0,0,0
"png",1896,0,0,0
"png",1897,0,0,0
"png",1898,0,0,0
"png",1899,0,0,0
"png",1900,0,0,0
"png",1901,0,0,0
"png",1902,0,0,0
"png",1903,0,0,0
"png",1904,0,0,0
"png",1905,0,0,0
"png",1906,0,0,0
"png",1907,0,0,0
"png",1908,0,0,0
"png",1909,0,0,0
"png",1910,0,0,0
"png",1911,0,0,0
"png",1912,0,0,0
"png",1913,0,0,0
"png",1914,0,0,0
"png",1915,0,0,0
"png",1916,0,0,0
"png",1917,0,0,0
"png",1918,0,0,0
"png",1919,0,0,0
"png",1920,0,0,0
"png",1921,0,0,0
"png",1922,0,0,0
"png",1923,0,0,0
"png",1924,0,0,0
"png",1925,0,0,0
"png",1926,0,0,0
"png",1927,0,0,0
"png",1928,0,0,0
"png",1929,0,0,0
"png",1930,0,0,0
"png",1931,0,0,0
"png",1932,0,0,0
"png",1933,0,0,0
"png",1934,0,0,0
"png",1935,0,0,0
"png",1936,0,0,0
"png",1937,0,0,0
"png",1938,0,0,0
"png",1939,0,0,0
"png",1940,0,0,0
"png",1941,0,0,0
"png",1942,0,0,0
"png",1943,0,0,0
"png",1944,0,0,0
"png",1945,0,0,0
"png",1946,0,0,0
"png",1947,0,0,0
"png",1948,0,0,0
"png",1949,0,0,0
"png",1950,0,0,0
"png",1951,0,0,0
"png",1952,0,0,0
"png",1953,0,0,0
"png",1954,0,0,0
"png",1955,0,0,0
"png",1956,0,0,0
"png",1957,0,0,0
"png",1958,0,0,0
"png",1959,0,0,0
"png",1960,0,0,0
"png",1961,0,0,0
"png",1962,0,0,0
"png",1963,0,0,0
"png",1964,0,0,0
"png",1965,0,0,0
"png",1966,0,0,0
"png",1967,0,0,0
"png",1968,0,0,0
"png",1969,0,0,0
"png",1970,0,0,0
"png",1971,0,0,0
"png",1972,0,0,0
"png",1973,0,0,0
"png",1974,0,0,0
"png",1975,0,0,0
"png",1976,0,0,0
"png",1977,0,0,0
"png",1978,0,0,0
"png",1979,0,0,0
"png",1980,0,0,0
"png",1981,0,0,0
"png",1982,0,0,1
"png",1983,0,0,0
"png",1984,0,0,3
"png",1985,0,0,0
"png",1986,0,0,0
"png",1987,0,0,0
"png",1988,1,0,4
"png",1989,0,0,0
"png",1990,0,0,1
"png",1991,0,0,0
"png",1992,0,0,1
"png",1993,0,0,0
"png",1994,0,0,0
"png",1995,0,0,0
"png",1996,0,0,4
"png",1997,0,0,0
"png",1998,0,0,0
"png",1999,0,0,0
"png",2000,0,0,0
"png",2001,0,0,0
"png",2002,0,0,0
"png",2003,0,0,1
"png",2004,0,0,0
"png",2005,0,0,0
"png",2006,0,0,0
"png",2007,0,0,0
"png",2008,0,0,1
"png",2009,0,0,0
"png",2010,0,0,0
"png",2011,0,0,0
"png",2012,0,0,0
"png",2013,0,0,0
"png",2014,0,0,0
"pol",1816,0,0,0
"pol",1817,0,0,0
"pol",1818,0,0,0
"pol",1819,0,0,0
"pol",1820,0,0,0
"pol",1821,0,0,0
"pol",1822,0,0,0
"pol",1823,0,0,0
"pol",1824,0,0,0
"pol",1825,0,0,0
"pol",1826,0,0,0
"pol",1827,0,0,0
"pol",1828,0,0,0
"pol",1829,0,0,0
"pol",1830,0,0,0
"pol",1831,0,0,0
"pol",1832,0,0,0
"pol",1833,0,0,0
"pol",1834,0,0,0
"pol",1835,0,0,0
"pol",1836,0,0,0
"pol",1837,0,0,0
"pol",1838,0,0,0
"pol",1839,0,0,0
"pol",1840,0,0,0
"pol",1841,0,0,0
"pol",1842,0,0,0
"pol",1843,0,0,0
"pol",1844,0,0,0
"pol",1845,0,0,0
"pol",1846,0,0,0
"pol",1847,0,0,0
"pol",1848,0,0,0
"pol",1849,0,0,0
"pol",1850,0,0,0
"pol",1851,0,0,0
"pol",1852,0,0,0
"pol",1853,0,0,0
"pol",1854,0,0,0
"pol",1855,0,0,0
"pol",1856,0,0,0
"pol",1857,0,0,0
"pol",1858,0,0,0
"pol",1859,0,0,0
"pol",1860,0,0,0
"pol",1861,0,0,0
"pol",1862,0,0,0
"pol",1863,0,0,0
"pol",1864,0,0,0
"pol",1865,0,0,0
"pol",1866,0,0,0
"pol",1867,0,0,0
"pol",1868,0,0,0
"pol",1869,0,0,0
"pol",1870,0,0,0
"pol",1871,0,0,0
"pol",1872,0,0,0
"pol",1873,0,0,0
"pol",1874,0,0,0
"pol",1875,0,0,0
"pol",1876,0,0,0
"pol",1877,0,0,0
"pol",1878,0,0,0
"pol",1879,0,0,0
"pol",1880,0,0,0
"pol",1881,0,0,0
"pol",1882,0,0,0
"pol",1883,0,0,0
"pol",1884,0,0,0
"pol",1885,0,0,0
"pol",1886,0,0,0
"pol",1887,0,0,0
"pol",1888,0,0,0
"pol",1889,0,0,0
"pol",1890,0,0,0
"pol",1891,0,0,0
"pol",1892,0,0,0
"pol",1893,0,0,0
"pol",1894,0,0,0
"pol",1895,0,0,0
"pol",1896,0,0,0
"pol",1897,0,0,0
"pol",1898,0,0,0
"pol",1899,0,0,0
"pol",1900,0,0,0
"pol",1901,0,0,0
"pol",1902,0,0,0
"pol",1903,0,0,0
"pol",1904,0,0,0
"pol",1905,0,0,0
"pol",1906,0,0,0
"pol",1907,0,0,0
"pol",1908,0,0,0
"pol",1909,0,0,0
"pol",1910,0,0,0
"pol",1911,0,0,0
"pol",1912,0,0,0
"pol",1913,0,0,0
"pol",1914,0,0,0
"pol",1915,0,0,0
"pol",1916,0,0,0
"pol",1917,0,0,0
"pol",1918,0,0,0
"pol",1919,1,5.5,5
"pol",1920,1,5.5,5
"pol",1921,1,5,5
"pol",1922,0,0,0
"pol",1923,0,0,0
"pol",1924,0,0,0
"pol",1925,0,0,0
"pol",1926,0,0,0
"pol",1927,0,0,0
"pol",1928,0,0,0
"pol",1929,0,0,0
"pol",1930,0,0,0
"pol",1931,0,0,0
"pol",1932,0,0,0
"pol",1933,0,0,0
"pol",1934,0,0,0
"pol",1935,0,0,0
"pol",1936,0,0,0
"pol",1937,0,0,0
"pol",1938,0.666666666666667,0.333333333333333,3
"pol",1939,0,6,5
"pol",1940,0,0,0
"pol",1941,0,0,0
"pol",1942,0,0,0
"pol",1943,0,0,0
"pol",1944,0,0,0
"pol",1945,0,0,0
"pol",1946,0,0,0
"pol",1947,0,0,0
"pol",1948,0,0,0
"pol",1949,0,0,0
"pol",1950,0,0,0
"pol",1951,0,0,0
"pol",1952,0,0,0
"pol",1953,0,0,0
"pol",1954,0,0,1
"pol",1955,0,0,0
"pol",1956,0,0,4
"pol",1957,0,0,0
"pol",1958,0,0,0
"pol",1959,0,0,0
"pol",1960,0,0,0
"pol",1961,0,0,3
"pol",1962,0,0,0
"pol",1963,0,0,0
"pol",1964,0,0,0
"pol",1965,0,0,0
"pol",1966,0,0,0
"pol",1967,0,0,0
"pol",1968,1,0,4
"pol",1969,0,0,0
"pol",1970,0,0,0
"pol",1971,0,0,0
"pol",1972,0,0,0
"pol",1973,0,0,0
"pol",1974,0,0,0
"pol",1975,0,0,0
"pol",1976,0,0,0
"pol",1977,0,0,0
"pol",1978,0,0,0
"pol",1979,0,0,0
"pol",1980,0,0,0
"pol",1981,0,0,0
"pol",1982,0,0,0
"pol",1983,0,0,0
"pol",1984,0,0,0
"pol",1985,0,0,0
"pol",1986,0,0,0
"pol",1987,0,0,4
"pol",1988,0,0,0
"pol",1989,0,0,0
"pol",1990,0,0,0
"pol",1991,0,0,0
"pol",1992,0,0,0
"pol",1993,0,0,1
"pol",1994,0,0,0
"pol",1995,0,0,0
"pol",1996,0,0,0
"pol",1997,0,0,1
"pol",1998,1,0,3
"pol",1999,1,0,3
"pol",2000,0,0,2
"pol",2001,0,0,0
"pol",2002,0,0,0
"pol",2003,0,0,0
"pol",2004,0,0,0
"pol",2005,0,0,0
"pol",2006,0,0,0
"pol",2007,0,0,0
"pol",2008,0,0,0
"pol",2009,0,0,0
"pol",2010,0,0,0
"pol",2011,1,0,2
"pol",2012,0,0,0
"pol",2013,0,0,0
"pol",2014,1,0,3
"por",1816,0,0,0
"por",1817,0,0,0
"por",1818,0,0,0
"por",1819,0,0,0
"por",1820,0,0,0
"por",1821,0,0,0
"por",1822,0,0,0
"por",1823,0,0,0
"por",1824,0,0,0
"por",1825,0,0,0
"por",1826,0,0,0
"por",1827,0,0,0
"por",1828,0,0,0
"por",1829,0,0,0
"por",1830,0,0,0
"por",1831,0,0,1
"por",1832,0,0,0
"por",1833,0,0,0
"por",1834,0,0,0
"por",1835,0,0,0
"por",1836,0,0,0
"por",1837,0,0,0
"por",1838,0,0,0
"por",1839,0,0,0
"por",1840,0,0,0
"por",1841,0,0,0
"por",1842,0,0,0
"por",1843,0,0,0
"por",1844,0,0,0
"por",1845,0,0,0
"por",1846,0,0,0
"por",1847,0,0,0
"por",1848,0,0,0
"por",1849,0,0,0
"por",1850,0,0,0
"por",1851,0,0,0
"por",1852,0,0,0
"por",1853,0,0,0
"por",1854,0,0,0
"por",1855,0,0,0
"por",1856,0,0,0
"por",1857,1,0,4
"por",1858,1,0,4
"por",1859,0,0,0
"por",1860,0,0,0
"por",1861,0,0,0
"por",1862,0,0,0
"por",1863,0,0,0
"por",1864,0,0,0
"por",1865,0,0,0
"por",1866,0,0,0
"por",1867,0,0,0
"por",1868,0,0,0
"por",1869,0,0,0
"por",1870,0,0,0
"por",1871,0,0,0
"por",1872,0,0,0
"por",1873,0,0,0
"por",1874,0,0,0
"por",1875,0,0,0
"por",1876,0,0,0
"por",1877,0,0,0
"por",1878,0,0,0
"por",1879,0,0,0
"por",1880,0,0,0
"por",1881,0,0,0
"por",1882,0,0,0
"por",1883,0,0,0
"por",1884,0,0,0
"por",1885,0,0,0
"por",1886,0,0,0
"por",1887,0,0,0
"por",1888,0,0,0
"por",1889,0,0,1
"por",1890,0,0,1
"por",1891,0,0,0
"por",1892,0,0,0
"por",1893,0,0,0
"por",1894,0,0,0
"por",1895,0,0,0
"por",1896,0,0,0
"por",1897,0,0,1
"por",1898,0,0,0
"por",1899,0,0,0
"por",1900,0,0,0
"por",1901,0,0,0
"por",1902,0,0,0
"por",1903,0,0,0
"por",1904,0,0,0
"por",1905,0,0,0
"por",1906,0,0,0
"por",1907,0,0,0
"por",1908,0,0,0
"por",1909,0,0,0
"por",1910,0,0,0
"por",1911,0,0,0
"por",1912,0,0,0
"por",1913,0,0,0
"por",1914,0,1,4
"por",1915,0,1,4
"por",1916,0,6,5
"por",1917,0,6,5
"por",1918,0,6,5
"por",1919,0,0,0
"por",1920,0,0,0
"por",1921,0,0,0
"por",1922,0,0,0
"por",1923,0,0,0
"por",1924,0,0,0
"por",1925,0,0,0
"por",1926,0,0,0
"por",1927,0,0,3
"por",1928,0,0,0
"por",1929,0,0,0
"por",1930,0,0,0
"por",1931,0,0,0
"por",1932,0,0,0
"por",1933,0,0,0
"por",1934,0,0,0
"por",1935,0,0,0
"por",1936,0,6,4
"por",1937,0,6,4
"por",1938,0,6,4
"por",1939,0,6,4
"por",1940,0,0,1
"por",1941,0,0,1
"por",1942,0,0,0
"por",1943,0,0,0
"por",1944,0,0,0
"por",1945,0,0,0
"por",1946,0,0,0
"por",1947,0,0,0
"por",1948,0,0,0
"por",1949,0,0,0
"por",1950,0,0,0
"por",1951,0,0,0
"por",1952,0,0,0
"por",1953,0,0,0
"por",1954,0,0,3
"por",1955,0,0,3
"por",1956,0,0,0
"por",1957,0,0,0
"por",1958,0,0,0
"por",1959,0,0,0
"por",1960,0,0,0
"por",1961,0.333333333333333,0.333333333333333,2.66666666666667
"por",1962,1,0,3
"por",1963,0,0,0
"por",1964,0,0,0
"por",1965,0,0,0
"por",1966,0.5,0,2.5
"por",1967,1,0,4
"por",1968,1,0,4
"por",1969,0.5,0,3
"por",1970,1,0,4
"por",1971,1,0,4
"por",1972,1,0,4
"por",1973,0.333333333333333,0,3.66666666666667
"por",1974,0,0,0
"por",1975,0,0,4
"por",1976,0,0,4
"por",1977,0,0,0
"por",1978,0,0,0
"por",1979,0,0,0
"por",1980,0,0,0
"por",1981,0,0,0
"por",1982,0,0,0
"por",1983,0,0,0
"por",1984,0,0,0
"por",1985,0,0,0
"por",1986,0,0,0
"por",1987,0,0,0
"por",1988,0,0,0
"por",1989,0,0,0
"por",1990,0,0,0
"por",1991,0,0,0
"por",1992,1,0,3
"por",1993,0,0,0
"por",1994,0,0,0
"por",1995,0,0,0
"por",1996,0,0,0
"por",1997,0,0,0
"por",1998,1,0,4
"por",1999,0.5,0,2.5
"por",2000,0,0,1.5
"por",2001,1,0,3
"por",2002,0,0,0
"por",2003,0,0,0
"por",2004,0,0,0
"por",2005,0,0,1
"por",2006,0,0,0
"por",2007,0,0,0
"por",2008,0,0,0
"por",2009,0,0,0
"por",2010,0,0,0
"por",2011,1,0,2
"por",2012,0,0,0
"por",2013,0,0,0
"por",2014,1,0,3
"prk",1816,0,0,0
"prk",1817,0,0,0
"prk",1818,0,0,0
"prk",1819,0,0,0
"prk",1820,0,0,0
"prk",1821,0,0,0
"prk",1822,0,0,0
"prk",1823,0,0,0
"prk",1824,0,0,0
"prk",1825,0,0,0
"prk",1826,0,0,0
"prk",1827,0,0,0
"prk",1828,0,0,0
"prk",1829,0,0,0
"prk",1830,0,0,0
"prk",1831,0,0,0
"prk",1832,0,0,0
"prk",1833,0,0,0
"prk",1834,0,0,0
"prk",1835,0,0,0
"prk",1836,0,0,0
"prk",1837,0,0,0
"prk",1838,0,0,0
"prk",1839,0,0,0
"prk",1840,0,0,0
"prk",1841,0,0,0
"prk",1842,0,0,0
"prk",1843,0,0,0
"prk",1844,0,0,0
"prk",1845,0,0,0
"prk",1846,0,0,0
"prk",1847,0,0,0
"prk",1848,0,0,0
"prk",1849,0,0,0
"prk",1850,0,0,0
"prk",1851,0,0,0
"prk",1852,0,0,0
"prk",1853,0,0,0
"prk",1854,0,0,0
"prk",1855,0,0,0
"prk",1856,0,0,0
"prk",1857,0,0,0
"prk",1858,0,0,0
"prk",1859,0,0,0
"prk",1860,0,0,0
"prk",1861,0,0,0
"prk",1862,0,0,0
"prk",1863,0,0,0
"prk",1864,0,0,0
"prk",1865,0,0,0
"prk",1866,0,0,0
"prk",1867,0,0,0
"prk",1868,0,0,0
"prk",1869,0,0,0
"prk",1870,0,0,0
"prk",1871,0,0,0
"prk",1872,0,0,0
"prk",1873,0,0,0
"prk",1874,0,0,0
"prk",1875,0,0,0
"prk",1876,0,0,0
"prk",1877,0,0,0
"prk",1878,0,0,0
"prk",1879,0,0,0
"prk",1880,0,0,0
"prk",1881,0,0,0
"prk",1882,0,0,0
"prk",1883,0,0,0
"prk",1884,0,0,0
"prk",1885,0,0,0
"prk",1886,0,0,0
"prk",1887,0,0,0
"prk",1888,0,0,0
"prk",1889,0,0,0
"prk",1890,0,0,0
"prk",1891,0,0,0
"prk",1892,0,0,0
"prk",1893,0,0,0
"prk",1894,0,0,0
"prk",1895,0,0,0
"prk",1896,0,0,0
"prk",1897,0,0,0
"prk",1898,0,0,0
"prk",1899,0,0,0
"prk",1900,0,0,0
"prk",1901,0,0,0
"prk",1902,0,0,0
"prk",1903,0,0,0
"prk",1904,0,0,0
"prk",1905,0,0,0
"prk",1906,0,0,0
"prk",1907,0,0,0
"prk",1908,0,0,0
"prk",1909,0,0,0
"prk",1910,0,0,0
"prk",1911,0,0,0
"prk",1912,0,0,0
"prk",1913,0,0,0
"prk",1914,0,0,0
"prk",1915,0,0,0
"prk",1916,0,0,0
"prk",1917,0,0,0
"prk",1918,0,0,0
"prk",1919,0,0,0
"prk",1920,0,0,0
"prk",1921,0,0,0
"prk",1922,0,0,0
"prk",1923,0,0,0
"prk",1924,0,0,0
"prk",1925,0,0,0
"prk",1926,0,0,0
"prk",1927,0,0,0
"prk",1928,0,0,0
"prk",1929,0,0,0
"prk",1930,0,0,0
"prk",1931,0,0,0
"prk",1932,0,0,0
"prk",1933,0,0,0
"prk",1934,0,0,0
"prk",1935,0,0,0
"prk",1936,0,0,0
"prk",1937,0,0,0
"prk",1938,0,0,0
"prk",1939,0,0,0
"prk",1940,0,0,0
"prk",1941,0,0,0
"prk",1942,0,0,0
"prk",1943,0,0,0
"prk",1944,0,0,0
"prk",1945,0,0,0
"prk",1946,0,0,0
"prk",1947,0,0,0
"prk",1948,0,0,0
"prk",1949,0,0,0
"prk",1950,1,6,5
"prk",1951,1,6,5
"prk",1952,1,6,5
"prk",1953,1,6,5
"prk",1954,1,1,4
"prk",1955,1,1,4
"prk",1956,1,1,4
"prk",1957,0,0,0
"prk",1958,1,1,4
"prk",1959,1,1,4
"prk",1960,1,1,4
"prk",1961,1,1,4
"prk",1962,1,1,4
"prk",1963,1,1,4
"prk",1964,1,2,4
"prk",1965,1,1.5,4
"prk",1966,1,3,4
"prk",1967,1,3,4
"prk",1968,1,1.5,4
"prk",1969,1,3,4
"prk",1970,1,3,4
"prk",1971,1,3,4
"prk",1972,0,0,0
"prk",1973,0,0,0
"prk",1974,1,1,4
"prk",1975,1,1,4
"prk",1976,0.5,0.5,2.5
"prk",1977,1,0.5,4
"prk",1978,1,1,4
"prk",1979,1,1,4
"prk",1980,1,1,4
"prk",1981,0.5,0,2.5
"prk",1982,0.666666666666667,0,3
"prk",1983,1,0,4
"prk",1984,1,0,4
"prk",1985,1,0,4
"prk",1986,1,0,4
"prk",1987,0,0,0
"prk",1988,0,0,0
"prk",1989,1,0,4
"prk",1990,0,0,1
"prk",1991,1,0,1
"prk",1992,1,1,4
"prk",1993,1,1,3.5
"prk",1994,1,2,4
"prk",1995,0.5,1,4
"prk",1996,1,2,4
"prk",1997,1,1,3.5
"prk",1998,1,2,4
"prk",1999,0.5,0.5,2.25
"prk",2000,1,0,2
"prk",2001,1,1,4
"prk",2002,0.333333333333333,0.333333333333333,2
"prk",2003,0.5,0.25,2.25
"prk",2004,0.333333333333333,0.333333333333333,2
"prk",2005,1,0,4
"prk",2006,0,0,0
"prk",2007,1,0,2
"prk",2008,1,0,3
"prk",2009,1,0,4
"prk",2010,0.5,0,4
"prk",2011,1,0,4
"prk",2012,1,0,2.5
"prk",2013,0.666666666666667,0,2
"prk",2014,1,0,2.5
"qat",1816,0,0,0
"qat",1817,0,0,0
"qat",1818,0,0,0
"qat",1819,0,0,0
"qat",1820,0,0,0
"qat",1821,0,0,0
"qat",1822,0,0,0
"qat",1823,0,0,0
"qat",1824,0,0,0
"qat",1825,0,0,0
"qat",1826,0,0,0
"qat",1827,0,0,0
"qat",1828,0,0,0
"qat",1829,0,0,0
"qat",1830,0,0,0
"qat",1831,0,0,0
"qat",1832,0,0,0
"qat",1833,0,0,0
"qat",1834,0,0,0
"qat",1835,0,0,0
"qat",1836,0,0,0
"qat",1837,0,0,0
"qat",1838,0,0,0
"qat",1839,0,0,0
"qat",1840,0,0,0
"qat",1841,0,0,0
"qat",1842,0,0,0
"qat",1843,0,0,0
"qat",1844,0,0,0
"qat",1845,0,0,0
"qat",1846,0,0,0
"qat",1847,0,0,0
"qat",1848,0,0,0
"qat",1849,0,0,0
"qat",1850,0,0,0
"qat",1851,0,0,0
"qat",1852,0,0,0
"qat",1853,0,0,0
"qat",1854,0,0,0
"qat",1855,0,0,0
"qat",1856,0,0,0
"qat",1857,0,0,0
"qat",1858,0,0,0
"qat",1859,0,0,0
"qat",1860,0,0,0
"qat",1861,0,0,0
"qat",1862,0,0,0
"qat",1863,0,0,0
"qat",1864,0,0,0
"qat",1865,0,0,0
"qat",1866,0,0,0
"qat",1867,0,0,0
"qat",1868,0,0,0
"qat",1869,0,0,0
"qat",1870,0,0,0
"qat",1871,0,0,0
"qat",1872,0,0,0
"qat",1873,0,0,0
"qat",1874,0,0,0
"qat",1875,0,0,0
"qat",1876,0,0,0
"qat",1877,0,0,0
"qat",1878,0,0,0
"qat",1879,0,0,0
"qat",1880,0,0,0
"qat",1881,0,0,0
"qat",1882,0,0,0
"qat",1883,0,0,0
"qat",1884,0,0,0
"qat",1885,0,0,0
"qat",1886,0,0,0
"qat",1887,0,0,0
"qat",1888,0,0,0
"qat",1889,0,0,0
"qat",1890,0,0,0
"qat",1891,0,0,0
"qat",1892,0,0,0
"qat",1893,0,0,0
"qat",1894,0,0,0
"qat",1895,0,0,0
"qat",1896,0,0,0
"qat",1897,0,0,0
"qat",1898,0,0,0
"qat",1899,0,0,0
"qat",1900,0,0,0
"qat",1901,0,0,0
"qat",1902,0,0,0
"qat",1903,0,0,0
"qat",1904,0,0,0
"qat",1905,0,0,0
"qat",1906,0,0,0
"qat",1907,0,0,0
"qat",1908,0,0,0
"qat",1909,0,0,0
"qat",1910,0,0,0
"qat",1911,0,0,0
"qat",1912,0,0,0
"qat",1913,0,0,0
"qat",1914,0,0,0
"qat",1915,0,0,0
"qat",1916,0,0,0
"qat",1917,0,0,0
"qat",1918,0,0,0
"qat",1919,0,0,0
"qat",1920,0,0,0
"qat",1921,0,0,0
"qat",1922,0,0,0
"qat",1923,0,0,0
"qat",1924,0,0,0
"qat",1925,0,0,0
"qat",1926,0,0,0
"qat",1927,0,0,0
"qat",1928,0,0,0
"qat",1929,0,0,0
"qat",1930,0,0,0
"qat",1931,0,0,0
"qat",1932,0,0,0
"qat",1933,0,0,0
"qat",1934,0,0,0
"qat",1935,0,0,0
"qat",1936,0,0,0
"qat",1937,0,0,0
"qat",1938,0,0,0
"qat",1939,0,0,0
"qat",1940,0,0,0
"qat",1941,0,0,0
"qat",1942,0,0,0
"qat",1943,0,0,0
"qat",1944,0,0,0
"qat",1945,0,0,0
"qat",1946,0,0,0
"qat",1947,0,0,0
"qat",1948,0,0,0
"qat",1949,0,0,0
"qat",1950,0,0,0
"qat",1951,0,0,0
"qat",1952,0,0,0
"qat",1953,0,0,0
"qat",1954,0,0,0
"qat",1955,0,0,0
"qat",1956,0,0,0
"qat",1957,0,0,0
"qat",1958,0,0,0
"qat",1959,0,0,0
"qat",1960,0,0,0
"qat",1961,0,0,0
"qat",1962,0,0,0
"qat",1963,0,0,0
"qat",1964,0,0,0
"qat",1965,0,0,0
"qat",1966,0,0,0
"qat",1967,0,0,0
"qat",1968,0,0,0
"qat",1969,0,0,0
"qat",1970,0,0,0
"qat",1971,0,0,0
"qat",1972,0,0,0
"qat",1973,0,0,0
"qat",1974,0,0,0
"qat",1975,0,0,0
"qat",1976,0,0,0
"qat",1977,0,0,0
"qat",1978,0,0,0
"qat",1979,0,0,0
"qat",1980,0,0,0
"qat",1981,0,0,0
"qat",1982,0,0,0
"qat",1983,0,0,0
"qat",1984,0,0,1
"qat",1985,0,0,0
"qat",1986,0.5,0,2.5
"qat",1987,0,0,1
"qat",1988,0,0,0
"qat",1989,0,0,0
"qat",1990,0,0,0
"qat",1991,0,0,4
"qat",1992,1,0,1
"qat",1993,0,0,0
"qat",1994,0,0,0
"qat",1995,0,0,3
"qat",1996,0,0,0
"qat",1997,0,0,0
"qat",1998,0,0,0
"qat",1999,0,0,0
"qat",2000,0,0,0
"qat",2001,0,0,0
"qat",2002,0,0,0
"qat",2003,1,0,3
"qat",2004,1,0,4
"qat",2005,0,0,0
"qat",2006,0,0,0
"qat",2007,0,0,0
"qat",2008,0,0,0
"qat",2009,0,0,0
"qat",2010,0,0,0
"qat",2011,1,0,4
"qat",2012,0,0,0
"qat",2013,0,0,0
"qat",2014,0,0,0
"rok",1816,0,0,0
"rok",1817,0,0,0
"rok",1818,0,0,0
"rok",1819,0,0,0
"rok",1820,0,0,0
"rok",1821,0,0,0
"rok",1822,0,0,0
"rok",1823,0,0,0
"rok",1824,0,0,0
"rok",1825,0,0,0
"rok",1826,0,0,0
"rok",1827,0,0,0
"rok",1828,0,0,0
"rok",1829,0,0,0
"rok",1830,0,0,0
"rok",1831,0,0,0
"rok",1832,0,0,0
"rok",1833,0,0,0
"rok",1834,0,0,0
"rok",1835,0,0,0
"rok",1836,0,0,0
"rok",1837,0,0,0
"rok",1838,0,0,0
"rok",1839,0,0,0
"rok",1840,0,0,0
"rok",1841,0,0,0
"rok",1842,0,0,0
"rok",1843,0,0,0
"rok",1844,0,0,0
"rok",1845,0,0,0
"rok",1846,0,0,0
"rok",1847,0,0,0
"rok",1848,0,0,0
"rok",1849,0,0,0
"rok",1850,0,0,0
"rok",1851,0,0,0
"rok",1852,0,0,0
"rok",1853,0,0,0
"rok",1854,0,0,0
"rok",1855,0,0,0
"rok",1856,0,0,0
"rok",1857,0,0,0
"rok",1858,0,0,0
"rok",1859,0,0,0
"rok",1860,0,0,0
"rok",1861,0,0,0
"rok",1862,0,0,0
"rok",1863,0,0,0
"rok",1864,0,0,0
"rok",1865,0,0,0
"rok",1866,0,0,0
"rok",1867,0,0,0
"rok",1868,0,0,0
"rok",1869,0,0,0
"rok",1870,0,0,0
"rok",1871,0,0,0
"rok",1872,0,0,0
"rok",1873,0,0,0
"rok",1874,0,0,0
"rok",1875,0,0,0
"rok",1876,0,0,0
"rok",1877,0,0,0
"rok",1878,0,0,0
"rok",1879,0,0,0
"rok",1880,0,0,0
"rok",1881,0,0,0
"rok",1882,0,0,0
"rok",1883,0,0,0
"rok",1884,0,0,0
"rok",1885,0,0,0
"rok",1886,0,0,0
"rok",1887,0,0,0
"rok",1888,0,0,0
"rok",1889,0,0,0
"rok",1890,0,0,0
"rok",1891,0,0,0
"rok",1892,0,0,0
"rok",1893,0,0,0
"rok",1894,0,0,0
"rok",1895,0,0,0
"rok",1896,0,0,0
"rok",1897,0,0,0
"rok",1898,0,0,0
"rok",1899,0,0,0
"rok",1900,0,0,0
"rok",1901,0,0,0
"rok",1902,0,0,0
"rok",1903,0,0,0
"rok",1904,0,0,0
"rok",1905,0,0,0
"rok",1906,0,0,0
"rok",1907,0,0,0
"rok",1908,0,0,0
"rok",1909,0,0,0
"rok",1910,0,0,0
"rok",1911,0,0,0
"rok",1912,0,0,0
"rok",1913,0,0,0
"rok",1914,0,0,0
"rok",1915,0,0,0
"rok",1916,0,0,0
"rok",1917,0,0,0
"rok",1918,0,0,0
"rok",1919,0,0,0
"rok",1920,0,0,0
"rok",1921,0,0,0
"rok",1922,0,0,0
"rok",1923,0,0,0
"rok",1924,0,0,0
"rok",1925,0,0,0
"rok",1926,0,0,0
"rok",1927,0,0,0
"rok",1928,0,0,0
"rok",1929,0,0,0
"rok",1930,0,0,0
"rok",1931,0,0,0
"rok",1932,0,0,0
"rok",1933,0,0,0
"rok",1934,0,0,0
"rok",1935,0,0,0
"rok",1936,0,0,0
"rok",1937,0,0,0
"rok",1938,0,0,0
"rok",1939,0,0,0
"rok",1940,0,0,0
"rok",1941,0,0,0
"rok",1942,0,0,0
"rok",1943,0,0,0
"rok",1944,0,0,0
"rok",1945,0,0,0
"rok",1946,0,0,0
"rok",1947,0,0,0
"rok",1948,0,0,0
"rok",1949,0,0,0
"rok",1950,1,6,5
"rok",1951,1,6,5
"rok",1952,1,6,5
"rok",1953,1,2,3.66666666666667
"rok",1954,1,0.333333333333333,4
"rok",1955,0.666666666666667,0.333333333333333,4
"rok",1956,1,1,4
"rok",1957,0,0,0
"rok",1958,1,0.5,4
"rok",1959,0.75,0.25,3.75
"rok",1960,0.666666666666667,0.666666666666667,4
"rok",1961,1,0.5,4
"rok",1962,1,0.5,4
"rok",1963,1,0.5,4
"rok",1964,1,1.33333333333333,4
"rok",1965,0.5,4.5,4.5
"rok",1966,0.5,2.25,3.5
"rok",1967,0.333333333333333,3,3.33333333333333
"rok",1968,0.5,4.5,4.5
"rok",1969,0.5,4.5,4.5
"rok",1970,0.5,4.5,4.5
"rok",1971,0.5,4.5,4.5
"rok",1972,0,6,5
"rok",1973,0,6,5
"rok",1974,1,1,4
"rok",1975,1,1,4
"rok",1976,0.5,0.5,2.5
"rok",1977,1,1,4
"rok",1978,1,1,4
"rok",1979,1,1,4
"rok",1980,1,1,4
"rok",1981,1,0,4
"rok",1982,0.5,0,2.5
"rok",1983,0.5,0,2.5
"rok",1984,1,0,4
"rok",1985,0.25,0,2.5
"rok",1986,0.5,0,4
"rok",1987,0,0,2.5
"rok",1988,0,0,0
"rok",1989,1,0,1
"rok",1990,0,0,0
"rok",1991,1,0,3
"rok",1992,1,0,4
"rok",1993,0,0,3.5
"rok",1994,0,0,2.5
"rok",1995,0,0,4
"rok",1996,0.5,0,3.5
"rok",1997,0,0,4
"rok",1998,0,0,4
"rok",1999,0.666666666666667,0,2.66666666666667
"rok",2000,0,0,1
"rok",2001,1,1,4
"rok",2002,0.5,0.5,2.5
"rok",2003,0.5,0.5,2.5
"rok",2004,1,1,4
"rok",2005,0,0,3.5
"rok",2006,0,0,3
"rok",2007,0,0,1
"rok",2008,0,0,1
"rok",2009,1,2,4
"rok",2010,0.5,1,3.5
"rok",2011,1,0.666666666666667,3.33333333333333
"rok",2012,1,0.5,3.25
"rok",2013,1,0.5,2.75
"rok",2014,0.75,0,3.5
"rom",1816,0,0,0
"rom",1817,0,0,0
"rom",1818,0,0,0
"rom",1819,0,0,0
"rom",1820,0,0,0
"rom",1821,0,0,0
"rom",1822,0,0,0
"rom",1823,0,0,0
"rom",1824,0,0,0
"rom",1825,0,0,0
"rom",1826,0,0,0
"rom",1827,0,0,0
"rom",1828,0,0,0
"rom",1829,0,0,0
"rom",1830,0,0,0
"rom",1831,0,0,0
"rom",1832,0,0,0
"rom",1833,0,0,0
"rom",1834,0,0,0
"rom",1835,0,0,0
"rom",1836,0,0,0
"rom",1837,0,0,0
"rom",1838,0,0,0
"rom",1839,0,0,0
"rom",1840,0,0,0
"rom",1841,0,0,0
"rom",1842,0,0,0
"rom",1843,0,0,0
"rom",1844,0,0,0
"rom",1845,0,0,0
"rom",1846,0,0,0
"rom",1847,0,0,0
"rom",1848,0,0,0
"rom",1849,0,0,0
"rom",1850,0,0,0
"rom",1851,0,0,0
"rom",1852,0,0,0
"rom",1853,0,0,0
"rom",1854,0,0,0
"rom",1855,0,0,0
"rom",1856,0,0,0
"rom",1857,0,0,0
"rom",1858,0,0,0
"rom",1859,0,0,0
"rom",1860,0,0,0
"rom",1861,0,0,0
"rom",1862,0,0,0
"rom",1863,0,0,0
"rom",1864,0,0,0
"rom",1865,0,0,0
"rom",1866,0,0,0
"rom",1867,0,0,0
"rom",1868,0,0,0
"rom",1869,0,0,0
"rom",1870,0,0,0
"rom",1871,0,0,0
"rom",1872,0,0,0
"rom",1873,0,0,0
"rom",1874,0,0,0
"rom",1875,0,0,0
"rom",1876,0,0,0
"rom",1877,0,0,0
"rom",1878,0,0,0
"rom",1879,0,0,0
"rom",1880,0,0,0
"rom",1881,0,0,0
"rom",1882,0,0,0
"rom",1883,0,0,0
"rom",1884,0,0,0
"rom",1885,0,0,0
"rom",1886,0,0,0
"rom",1887,0,0,0
"rom",1888,0,0,0
"rom",1889,0,0,0
"rom",1890,0,0,0
"rom",1891,0,0,0
"rom",1892,0,0,0
"rom",1893,0,0,0
"rom",1894,0,0,0
"rom",1895,0,0,0
"rom",1896,0,0,0
"rom",1897,0,0,0
"rom",1898,0,0,0
"rom",1899,0,0,0
"rom",1900,0,0,0
"rom",1901,0,0,0
"rom",1902,0,0,0
"rom",1903,0,0,0
"rom",1904,0,0,0
"rom",1905,0,0,0
"rom",1906,0,0,0
"rom",1907,0,0,0
"rom",1908,0,0,0
"rom",1909,0,0,0
"rom",1910,0,0,0
"rom",1911,0,0,0
"rom",1912,0,0,0
"rom",1913,0,0,0
"rom",1914,0,0,0
"rom",1915,0,0,0
"rom",1916,0,0,0
"rom",1917,0,0,0
"rom",1918,0,0,0
"rom",1919,0,0,0
"rom",1920,0,0,0
"rom",1921,0,0,0
"rom",1922,0,0,0
"rom",1923,0,0,0
"rom",1924,0,0,0
"rom",1925,0,0,0
"rom",1926,0,0,0
"rom",1927,0,0,0
"rom",1928,0,0,0
"rom",1929,0,0,0
"rom",1930,0,0,0
"rom",1931,0,0,0
"rom",1932,0,0,0
"rom",1933,0,0,0
"rom",1934,0,0,0
"rom",1935,0,0,0
"rom",1936,0,0,0
"rom",1937,0,0,0
"rom",1938,0,0,0
"rom",1939,0,0,0
"rom",1940,0,0,0
"rom",1941,0,0,0
"rom",1942,0,0,0
"rom",1943,0,0,0
"rom",1944,0,0,0
"rom",1945,0,0,0
"rom",1946,0,0,0
"rom",1947,0,0,0
"rom",1948,0,0,0
"rom",1949,0,0,0
"rom",1950,0,0,0
"rom",1951,0,0,0
"rom",1952,0,0,0
"rom",1953,0,0,0
"rom",1954,0,0,0
"rom",1955,0,0,0
"rom",1956,0,0,0
"rom",1957,0,0,0
"rom",1958,0,0,0
"rom",1959,0,0,0
"rom",1960,0,0,0
"rom",1961,0,0,0
"rom",1962,0,0,0
"rom",1963,0,0,0
"rom",1964,0,0,0
"rom",1965,0,0,0
"rom",1966,0,0,0
"rom",1967,0,0,0
"rom",1968,0,0,0
"rom",1969,0,0,0
"rom",1970,0,0,0
"rom",1971,0,0,0
"rom",1972,0,0,0
"rom",1973,0,0,0
"rom",1974,0,0,0
"rom",1975,0,0,0
"rom",1976,0,0,0
"rom",1977,0,0,0
"rom",1978,0,0,0
"rom",1979,0,0,0
"rom",1980,0,0,0
"rom",1981,0,0,0
"rom",1982,0,0,0
"rom",1983,0,0,0
"rom",1984,0,0,0
"rom",1985,0,0,0
"rom",1986,0,0,0
"rom",1987,0,0,0
"rom",1988,0,0,0
"rom",1989,0,0,0
"rom",1990,0,0,0
"rom",1991,0,0,0
"rom",1992,0,0,0
"rom",1993,0,0,0
"rom",1994,0,0,0
"rom",1995,0,0,0
"rom",1996,0,0,0
"rom",1997,0,0,0
"rom",1998,0,0,0
"rom",1999,0,0,0
"rom",2000,0,0,0
"rom",2001,0,0,0
"rom",2002,0,0,0
"rom",2003,0,0,0
"rom",2004,0,0,0
"rom",2005,0,0,0
"rom",2006,0,0,0
"rom",2007,0,0,0
"rom",2008,0,0,0
"rom",2009,0,0,0
"rom",2010,0,0,0
"rom",2011,1,0,4
"rom",2012,0,0,0
"rom",2013,0,0,0
"rom",2014,0,0,0
"rum",1816,0,0,0
"rum",1817,0,0,0
"rum",1818,0,0,0
"rum",1819,0,0,0
"rum",1820,0,0,0
"rum",1821,0,0,0
"rum",1822,0,0,0
"rum",1823,0,0,0
"rum",1824,0,0,0
"rum",1825,0,0,0
"rum",1826,0,0,0
"rum",1827,0,0,0
"rum",1828,0,0,0
"rum",1829,0,0,0
"rum",1830,0,0,0
"rum",1831,0,0,0
"rum",1832,0,0,0
"rum",1833,0,0,0
"rum",1834,0,0,0
"rum",1835,0,0,0
"rum",1836,0,0,0
"rum",1837,0,0,0
"rum",1838,0,0,0
"rum",1839,0,0,0
"rum",1840,0,0,0
"rum",1841,0,0,0
"rum",1842,0,0,0
"rum",1843,0,0,0
"rum",1844,0,0,0
"rum",1845,0,0,0
"rum",1846,0,0,0
"rum",1847,0,0,0
"rum",1848,0,0,0
"rum",1849,0,0,0
"rum",1850,0,0,0
"rum",1851,0,0,0
"rum",1852,0,0,0
"rum",1853,0,0,0
"rum",1854,0,0,0
"rum",1855,0,0,0
"rum",1856,0,0,0
"rum",1857,0,0,0
"rum",1858,0,0,0
"rum",1859,0,0,0
"rum",1860,0,0,0
"rum",1861,0,0,0
"rum",1862,0,0,0
"rum",1863,0,0,0
"rum",1864,0,0,0
"rum",1865,0,0,0
"rum",1866,0,0,0
"rum",1867,0,0,0
"rum",1868,0,0,0
"rum",1869,0,0,0
"rum",1870,0,0,0
"rum",1871,0,0,0
"rum",1872,0,0,0
"rum",1873,0,0,0
"rum",1874,0,0,0
"rum",1875,0,0,0
"rum",1876,0,0,0
"rum",1877,0,0,0
"rum",1878,0,0,0
"rum",1879,0,0,0
"rum",1880,0,0,0
"rum",1881,0,0,0
"rum",1882,0,0,0
"rum",1883,0,0,1
"rum",1884,0,0,0
"rum",1885,0,0,0
"rum",1886,0,0,0
"rum",1887,0,0,0
"rum",1888,0,0,0
"rum",1889,0,0,0
"rum",1890,0,0,0
"rum",1891,0,0,0
"rum",1892,0,0,0
"rum",1893,0,0,0
"rum",1894,0,0,0
"rum",1895,0,0,0
"rum",1896,0,0,0
"rum",1897,0,0,0
"rum",1898,0,0,0
"rum",1899,0,0,0
"rum",1900,0,0,0
"rum",1901,0,0,0
"rum",1902,0,0,0
"rum",1903,0,0,0
"rum",1904,0,0,0
"rum",1905,0,0,0
"rum",1906,0,0,0
"rum",1907,0,0,0
"rum",1908,0,0,0
"rum",1909,0,0,0
"rum",1910,0,0,0
"rum",1911,0,0,0
"rum",1912,0,0,0
"rum",1913,1,6,5
"rum",1914,1,0,4
"rum",1915,0,0,0
"rum",1916,0,3,5
"rum",1917,0,6,5
"rum",1918,0,1,4
"rum",1919,1,6,5
"rum",1920,0,0,0
"rum",1921,0,0,0
"rum",1922,0.5,0,3
"rum",1923,1,0,3
"rum",1924,0,0,0
"rum",1925,0,0,0
"rum",1926,0,0,3
"rum",1927,0,0,0
"rum",1928,0,0,0
"rum",1929,0,0,0
"rum",1930,0,0,0
"rum",1931,0,0,0
"rum",1932,0,0,0
"rum",1933,0,0,0
"rum",1934,0,0,0
"rum",1935,0,0,0
"rum",1936,0,0,0
"rum",1937,0,0,0
"rum",1938,0,0,0
"rum",1939,1,0,3
"rum",1940,0,0,1.75
"rum",1941,0.125,0.75,3
"rum",1942,0,1.5,4.25
"rum",1943,0,6,5
"rum",1944,0,6,5
"rum",1945,0,6,5
"rum",1946,0,0,0
"rum",1947,0,0,0
"rum",1948,0,0,0
"rum",1949,0,0,0
"rum",1950,1,1,4
"rum",1951,1,1,4
"rum",1952,1,0,1
"rum",1953,0,0,0
"rum",1954,0,0,0
"rum",1955,0,0,0
"rum",1956,0,0,0
"rum",1957,0,0,0
"rum",1958,0,0,0
"rum",1959,0,0,0
"rum",1960,0,0,0
"rum",1961,0,0,0
"rum",1962,0,0,0
"rum",1963,0,0,0
"rum",1964,0,0,0
"rum",1965,0,0,0
"rum",1966,0,0,0
"rum",1967,0,0,0
"rum",1968,0,0,0
"rum",1969,0,0,0
"rum",1970,0,0,0
"rum",1971,0,0,1
"rum",1972,0,0,0
"rum",1973,0,0,0
"rum",1974,0,0,0
"rum",1975,0,0,0
"rum",1976,0,0,0
"rum",1977,0,0,0
"rum",1978,0,0,0
"rum",1979,0,0,0
"rum",1980,0,0,0
"rum",1981,0,0,0
"rum",1982,0,0,0
"rum",1983,0,0,0
"rum",1984,0,0,0
"rum",1985,0,0,0
"rum",1986,0,0,0
"rum",1987,0,0,1
"rum",1988,0,0,1
"rum",1989,0,0,0
"rum",1990,0,0,0
"rum",1991,0,0,0
"rum",1992,0,0,0
"rum",1993,1,0,4
"rum",1994,0,0,0
"rum",1995,0,0,0
"rum",1996,0,0,0
"rum",1997,0,0,1
"rum",1998,0,0,0
"rum",1999,0,0,0
"rum",2000,0,0,3
"rum",2001,0,0,0
"rum",2002,0,0,0
"rum",2003,0,0,0
"rum",2004,0,0,0
"rum",2005,0,0,0
"rum",2006,0,0,0
"rum",2007,0,0,0
"rum",2008,0,0,0
"rum",2009,0,0,0
"rum",2010,0,0,0
"rum",2011,0,0,0
"rum",2012,0,0,0
"rum",2013,0,0,0
"rum",2014,0,0,0
"rus",1816,0,0,0
"rus",1817,0,0,0
"rus",1818,0,0,0
"rus",1819,0,0,0
"rus",1820,0,0,0
"rus",1821,0,0,0
"rus",1822,0,0,0
"rus",1823,0,0,0
"rus",1824,0,0,0
"rus",1825,0,0,0
"rus",1826,0,0,0
"rus",1827,0,0,0
"rus",1828,0,0,0
"rus",1829,0,0,0
"rus",1830,0,0,0
"rus",1831,0,0,0
"rus",1832,0,0,0
"rus",1833,0,0,0
"rus",1834,0,0,0
"rus",1835,0,0,0
"rus",1836,0,0,0
"rus",1837,0,0,0
"rus",1838,0,0,0
"rus",1839,0,0,0
"rus",1840,0,0,0
"rus",1841,0,0,0
"rus",1842,0,0,0
"rus",1843,0,0,0
"rus",1844,0,0,0
"rus",1845,0,0,0
"rus",1846,0,0,0
"rus",1847,0,0,0
"rus",1848,0,0,0
"rus",1849,0,0,0
"rus",1850,0,0,0
"rus",1851,0,0,0
"rus",1852,0,0,0
"rus",1853,0,0,0
"rus",1854,0,0,0
"rus",1855,0,0,0
"rus",1856,0,0,0
"rus",1857,0,0,0
"rus",1858,0,0,0
"rus",1859,0,0,0
"rus",1860,0,0,0
"rus",1861,0,0,0
"rus",1862,0,0,0
"rus",1863,0,0,0
"rus",1864,0,0,0
"rus",1865,0,0,0
"rus",1866,0,0,0
"rus",1867,0,0,0
"rus",1868,0,0,0
"rus",1869,0,0,0
"rus",1870,0,0,0
"rus",1871,0,0,0
"rus",1872,0,0,0
"rus",1873,0,0,0
"rus",1874,0,0,0
"rus",1875,0,0,0
"rus",1876,0,0,0
"rus",1877,0,0,0
"rus",1878,0,0,0
"rus",1879,0,0,0
"rus",1880,0,0,0
"rus",1881,0,0,0
"rus",1882,0,0,0
"rus",1883,0,0,0
"rus",1884,0,0,0
"rus",1885,0,0,0
"rus",1886,0,0,0
"rus",1887,0,0,0
"rus",1888,0,0,0
"rus",1889,0,0,0
"rus",1890,0,0,0
"rus",1891,0,0,0
"rus",1892,0,0,0
"rus",1893,0,0,0
"rus",1894,0,0,0
"rus",1895,0,0,0
"rus",1896,0,0,0
"rus",1897,0,0,0
"rus",1898,0,0,0
"rus",1899,0,0,0
"rus",1900,0,0,0
"rus",1901,0,0,0
"rus",1902,0,0,0
"rus",1903,0,0,0
"rus",1904,0,0,0
"rus",1905,0,0,0
"rus",1906,0,0,0
"rus",1907,0,0,0
"rus",1908,0,0,0
"rus",1909,0,0,0
"rus",1910,0,0,0
"rus",1911,0,0,0
"rus",1912,0,0,0
"rus",1913,0,0,0
"rus",1914,0,0,0
"rus",1915,0,0,0
"rus",1916,0,0,0
"rus",1917,0,0,0
"rus",1918,0,0,0
"rus",1919,0,0,0
"rus",1920,0,0,0
"rus",1921,0,0,0
"rus",1922,0,0,0
"rus",1923,0,0,0
"rus",1924,0,0,0
"rus",1925,0,0,0
"rus",1926,0,0,0
"rus",1927,0,0,0
"rus",1928,0,0,0
"rus",1929,0,0,0
"rus",1930,0,0,0
"rus",1931,0,0,0
"rus",1932,0,0,0
"rus",1933,0,0,0
"rus",1934,0,0,0
"rus",1935,0,0,0
"rus",1936,0,0,0
"rus",1937,0,0,0
"rus",1938,0,0,0
"rus",1939,0,0,0
"rus",1940,0,0,0
"rus",1941,0,0,0
"rus",1942,0,0,0
"rus",1943,0,0,0
"rus",1944,0,0,0
"rus",1945,0,0,0
"rus",1946,0,0,0
"rus",1947,0,0,0
"rus",1948,0,0,0
"rus",1949,0,0,0
"rus",1950,0,0,0
"rus",1951,0,0,0
"rus",1952,0,0,0
"rus",1953,0,0,0
"rus",1954,0,0,0
"rus",1955,0,0,0
"rus",1956,0,0,0
"rus",1957,0,0,0
"rus",1958,0,0,0
"rus",1959,0,0,0
"rus",1960,0,0,0
"rus",1961,0,0,0
"rus",1962,0,0,0
"rus",1963,0,0,0
"rus",1964,0,0,0
"rus",1965,0,0,0
"rus",1966,0,0,0
"rus",1967,0,0,0
"rus",1968,0,0,0
"rus",1969,0,0,0
"rus",1970,0,0,0
"rus",1971,0,0,0
"rus",1972,0,0,0
"rus",1973,0,0,0
"rus",1974,0,0,0
"rus",1975,0,0,0
"rus",1976,0,0,0
"rus",1977,0,0,0
"rus",1978,0,0,0
"rus",1979,0,0,0
"rus",1980,0,0,0
"rus",1981,0,0,0
"rus",1982,0,0,0
"rus",1983,0,0,0
"rus",1984,0,0,0
"rus",1985,0,0,0
"rus",1986,0,0,0
"rus",1987,0,0,0
"rus",1988,0,0,0
"rus",1989,0,0,0
"rus",1990,0,0,0
"rus",1991,0,0,0
"rus",1992,0,0,0
"rus",1993,0.285714285714286,0.285714285714286,3
"rus",1994,0.166666666666667,0.166666666666667,3.16666666666667
"rus",1995,0,0,3.66666666666667
"rus",1996,0,0,2.66666666666667
"rus",1997,0.25,0,3
"rus",1998,0.4,0,2.2
"rus",1999,0.5,0,2.25
"rus",2000,0.222222222222222,0.111111111111111,2.55555555555556
"rus",2001,0.5,0,3
"rus",2002,0.666666666666667,0,2.66666666666667
"rus",2003,0.6,0,2.4
"rus",2004,1,0,3.5
"rus",2005,0.5,0,2.75
"rus",2006,0.666666666666667,0,3.33333333333333
"rus",2007,0.5,1,3.5
"rus",2008,0.4,0.4,3.2
"rus",2009,0.666666666666667,0.666666666666667,4
"rus",2010,1,2,4
"rus",2011,1,0,2.75
"rus",2012,1,0,3.2
"rus",2013,0.75,0,2.875
"rus",2014,0.777777777777778,0,3.11111111111111
"rvn",1816,0,0,0
"rvn",1817,0,0,0
"rvn",1818,0,0,0
"rvn",1819,0,0,0
"rvn",1820,0,0,0
"rvn",1821,0,0,0
"rvn",1822,0,0,0
"rvn",1823,0,0,0
"rvn",1824,0,0,0
"rvn",1825,0,0,0
"rvn",1826,0,0,0
"rvn",1827,0,0,0
"rvn",1828,0,0,0
"rvn",1829,0,0,0
"rvn",1830,0,0,0
"rvn",1831,0,0,0
"rvn",1832,0,0,0
"rvn",1833,0,0,0
"rvn",1834,0,0,0
"rvn",1835,0,0,0
"rvn",1836,0,0,0
"rvn",1837,0,0,0
"rvn",1838,0,0,0
"rvn",1839,0,0,0
"rvn",1840,0,0,0
"rvn",1841,0,0,0
"rvn",1842,0,0,0
"rvn",1843,0,0,0
"rvn",1844,0,0,0
"rvn",1845,0,0,0
"rvn",1846,0,0,0
"rvn",1847,0,0,0
"rvn",1848,0,0,0
"rvn",1849,0,0,0
"rvn",1850,0,0,0
"rvn",1851,0,0,0
"rvn",1852,0,0,0
"rvn",1853,0,0,0
"rvn",1854,0,0,0
"rvn",1855,0,0,0
"rvn",1856,0,0,0
"rvn",1857,0,0,0
"rvn",1858,0,0,0
"rvn",1859,0,0,0
"rvn",1860,0,0,0
"rvn",1861,0,0,0
"rvn",1862,0,0,0
"rvn",1863,0,0,0
"rvn",1864,0,0,0
"rvn",1865,0,0,0
"rvn",1866,0,0,0
"rvn",1867,0,0,0
"rvn",1868,0,0,0
"rvn",1869,0,0,0
"rvn",1870,0,0,0
"rvn",1871,0,0,0
"rvn",1872,0,0,0
"rvn",1873,0,0,0
"rvn",1874,0,0,0
"rvn",1875,0,0,0
"rvn",1876,0,0,0
"rvn",1877,0,0,0
"rvn",1878,0,0,0
"rvn",1879,0,0,0
"rvn",1880,0,0,0
"rvn",1881,0,0,0
"rvn",1882,0,0,0
"rvn",1883,0,0,0
"rvn",1884,0,0,0
"rvn",1885,0,0,0
"rvn",1886,0,0,0
"rvn",1887,0,0,0
"rvn",1888,0,0,0
"rvn",1889,0,0,0
"rvn",1890,0,0,0
"rvn",1891,0,0,0
"rvn",1892,0,0,0
"rvn",1893,0,0,0
"rvn",1894,0,0,0
"rvn",1895,0,0,0
"rvn",1896,0,0,0
"rvn",1897,0,0,0
"rvn",1898,0,0,0
"rvn",1899,0,0,0
"rvn",1900,0,0,0
"rvn",1901,0,0,0
"rvn",1902,0,0,0
"rvn",1903,0,0,0
"rvn",1904,0,0,0
"rvn",1905,0,0,0
"rvn",1906,0,0,0
"rvn",1907,0,0,0
"rvn",1908,0,0,0
"rvn",1909,0,0,0
"rvn",1910,0,0,0
"rvn",1911,0,0,0
"rvn",1912,0,0,0
"rvn",1913,0,0,0
"rvn",1914,0,0,0
"rvn",1915,0,0,0
"rvn",1916,0,0,0
"rvn",1917,0,0,0
"rvn",1918,0,0,0
"rvn",1919,0,0,0
"rvn",1920,0,0,0
"rvn",1921,0,0,0
"rvn",1922,0,0,0
"rvn",1923,0,0,0
"rvn",1924,0,0,0
"rvn",1925,0,0,0
"rvn",1926,0,0,0
"rvn",1927,0,0,0
"rvn",1928,0,0,0
"rvn",1929,0,0,0
"rvn",1930,0,0,0
"rvn",1931,0,0,0
"rvn",1932,0,0,0
"rvn",1933,0,0,0
"rvn",1934,0,0,0
"rvn",1935,0,0,0
"rvn",1936,0,0,0
"rvn",1937,0,0,0
"rvn",1938,0,0,0
"rvn",1939,0,0,0
"rvn",1940,0,0,0
"rvn",1941,0,0,0
"rvn",1942,0,0,0
"rvn",1943,0,0,0
"rvn",1944,0,0,0
"rvn",1945,0,0,0
"rvn",1946,0,0,0
"rvn",1947,0,0,0
"rvn",1948,0,0,0
"rvn",1949,0,0,0
"rvn",1950,0,0,0
"rvn",1951,0,0,0
"rvn",1952,0,0,0
"rvn",1953,0,0,0
"rvn",1954,0,0,0
"rvn",1955,0,0,0
"rvn",1956,1,0,3.5
"rvn",1957,0,0,0
"rvn",1958,0,0,0
"rvn",1959,1,0.5,4
"rvn",1960,0.5,1,2.5
"rvn",1961,1,0,4
"rvn",1962,1,0,3
"rvn",1963,1,0,1
"rvn",1964,0,6,5
"rvn",1965,0,3,4
"rvn",1966,0,3,4
"rvn",1967,0,6,5
"rvn",1968,0,6,5
"rvn",1969,0,6,5
"rvn",1970,0,6,5
"rvn",1971,0,6,5
"rvn",1972,0,6,5
"rvn",1973,0,6,5
"rvn",1974,0.333333333333333,2.33333333333333,4
"rvn",1975,0,6,5
"rvn",1976,0,0,0
"rvn",1977,0,0,0
"rvn",1978,0,0,0
"rvn",1979,0,0,0
"rvn",1980,0,0,0
"rvn",1981,0,0,0
"rvn",1982,0,0,0
"rvn",1983,0,0,0
"rvn",1984,0,0,0
"rvn",1985,0,0,0
"rvn",1986,0,0,0
"rvn",1987,0,0,0
"rvn",1988,0,0,0
"rvn",1989,0,0,0
"rvn",1990,0,0,0
"rvn",1991,0,0,0
"rvn",1992,0,0,0
"rvn",1993,0,0,0
"rvn",1994,0,0,0
"rvn",1995,0,0,0
"rvn",1996,0,0,0
"rvn",1997,0,0,0
"rvn",1998,0,0,0
"rvn",1999,0,0,0
"rvn",2000,0,0,0
"rvn",2001,0,0,0
"rvn",2002,0,0,0
"rvn",2003,0,0,0
"rvn",2004,0,0,0
"rvn",2005,0,0,0
"rvn",2006,0,0,0
"rvn",2007,0,0,0
"rvn",2008,0,0,0
"rvn",2009,0,0,0
"rvn",2010,0,0,0
"rvn",2011,0,0,0
"rvn",2012,0,0,0
"rvn",2013,0,0,0
"rvn",2014,0,0,0
"rwa",1816,0,0,0
"rwa",1817,0,0,0
"rwa",1818,0,0,0
"rwa",1819,0,0,0
"rwa",1820,0,0,0
"rwa",1821,0,0,0
"rwa",1822,0,0,0
"rwa",1823,0,0,0
"rwa",1824,0,0,0
"rwa",1825,0,0,0
"rwa",1826,0,0,0
"rwa",1827,0,0,0
"rwa",1828,0,0,0
"rwa",1829,0,0,0
"rwa",1830,0,0,0
"rwa",1831,0,0,0
"rwa",1832,0,0,0
"rwa",1833,0,0,0
"rwa",1834,0,0,0
"rwa",1835,0,0,0
"rwa",1836,0,0,0
"rwa",1837,0,0,0
"rwa",1838,0,0,0
"rwa",1839,0,0,0
"rwa",1840,0,0,0
"rwa",1841,0,0,0
"rwa",1842,0,0,0
"rwa",1843,0,0,0
"rwa",1844,0,0,0
"rwa",1845,0,0,0
"rwa",1846,0,0,0
"rwa",1847,0,0,0
"rwa",1848,0,0,0
"rwa",1849,0,0,0
"rwa",1850,0,0,0
"rwa",1851,0,0,0
"rwa",1852,0,0,0
"rwa",1853,0,0,0
"rwa",1854,0,0,0
"rwa",1855,0,0,0
"rwa",1856,0,0,0
"rwa",1857,0,0,0
"rwa",1858,0,0,0
"rwa",1859,0,0,0
"rwa",1860,0,0,0
"rwa",1861,0,0,0
"rwa",1862,0,0,0
"rwa",1863,0,0,0
"rwa",1864,0,0,0
"rwa",1865,0,0,0
"rwa",1866,0,0,0
"rwa",1867,0,0,0
"rwa",1868,0,0,0
"rwa",1869,0,0,0
"rwa",1870,0,0,0
"rwa",1871,0,0,0
"rwa",1872,0,0,0
"rwa",1873,0,0,0
"rwa",1874,0,0,0
"rwa",1875,0,0,0
"rwa",1876,0,0,0
"rwa",1877,0,0,0
"rwa",1878,0,0,0
"rwa",1879,0,0,0
"rwa",1880,0,0,0
"rwa",1881,0,0,0
"rwa",1882,0,0,0
"rwa",1883,0,0,0
"rwa",1884,0,0,0
"rwa",1885,0,0,0
"rwa",1886,0,0,0
"rwa",1887,0,0,0
"rwa",1888,0,0,0
"rwa",1889,0,0,0
"rwa",1890,0,0,0
"rwa",1891,0,0,0
"rwa",1892,0,0,0
"rwa",1893,0,0,0
"rwa",1894,0,0,0
"rwa",1895,0,0,0
"rwa",1896,0,0,0
"rwa",1897,0,0,0
"rwa",1898,0,0,0
"rwa",1899,0,0,0
"rwa",1900,0,0,0
"rwa",1901,0,0,0
"rwa",1902,0,0,0
"rwa",1903,0,0,0
"rwa",1904,0,0,0
"rwa",1905,0,0,0
"rwa",1906,0,0,0
"rwa",1907,0,0,0
"rwa",1908,0,0,0
"rwa",1909,0,0,0
"rwa",1910,0,0,0
"rwa",1911,0,0,0
"rwa",1912,0,0,0
"rwa",1913,0,0,0
"rwa",1914,0,0,0
"rwa",1915,0,0,0
"rwa",1916,0,0,0
"rwa",1917,0,0,0
"rwa",1918,0,0,0
"rwa",1919,0,0,0
"rwa",1920,0,0,0
"rwa",1921,0,0,0
"rwa",1922,0,0,0
"rwa",1923,0,0,0
"rwa",1924,0,0,0
"rwa",1925,0,0,0
"rwa",1926,0,0,0
"rwa",1927,0,0,0
"rwa",1928,0,0,0
"rwa",1929,0,0,0
"rwa",1930,0,0,0
"rwa",1931,0,0,0
"rwa",1932,0,0,0
"rwa",1933,0,0,0
"rwa",1934,0,0,0
"rwa",1935,0,0,0
"rwa",1936,0,0,0
"rwa",1937,0,0,0
"rwa",1938,0,0,0
"rwa",1939,0,0,0
"rwa",1940,0,0,0
"rwa",1941,0,0,0
"rwa",1942,0,0,0
"rwa",1943,0,0,0
"rwa",1944,0,0,0
"rwa",1945,0,0,0
"rwa",1946,0,0,0
"rwa",1947,0,0,0
"rwa",1948,0,0,0
"rwa",1949,0,0,0
"rwa",1950,0,0,0
"rwa",1951,0,0,0
"rwa",1952,0,0,0
"rwa",1953,0,0,0
"rwa",1954,0,0,0
"rwa",1955,0,0,0
"rwa",1956,0,0,0
"rwa",1957,0,0,0
"rwa",1958,0,0,0
"rwa",1959,0,0,0
"rwa",1960,0,0,0
"rwa",1961,0,0,0
"rwa",1962,0,0,0
"rwa",1963,0,0,0
"rwa",1964,1,0,4
"rwa",1965,0,0,0
"rwa",1966,0,0,0
"rwa",1967,0,0,0
"rwa",1968,0,0,0
"rwa",1969,0,0,0
"rwa",1970,0,0,0
"rwa",1971,0,0,1
"rwa",1972,1,0,4
"rwa",1973,1,0,1
"rwa",1974,0,0,0
"rwa",1975,0,0,0
"rwa",1976,0,0,0
"rwa",1977,0,0,0
"rwa",1978,0,0,0
"rwa",1979,0,0,0
"rwa",1980,0,0,0
"rwa",1981,0,0,0
"rwa",1982,0,0,0
"rwa",1983,0,0,0
"rwa",1984,0,0,0
"rwa",1985,0,0,0
"rwa",1986,0,0,0
"rwa",1987,0,0,0
"rwa",1988,0,0,0
"rwa",1989,0,0,0
"rwa",1990,0,0,0
"rwa",1991,0,0,0
"rwa",1992,0,0,0
"rwa",1993,0,0,0
"rwa",1994,0,0,0
"rwa",1995,0,0,0
"rwa",1996,1,3,4
"rwa",1997,1,3,4
"rwa",1998,0,0,0
"rwa",1999,0,0,0
"rwa",2000,0,0,0
"rwa",2001,0,0,1
"rwa",2002,1,0,4
"rwa",2003,1,0,4
"rwa",2004,0.333333333333333,0.333333333333333,3.66666666666667
"rwa",2005,0,0,0
"rwa",2006,0,0,3
"rwa",2007,0,0,0
"rwa",2008,0,0,0
"rwa",2009,0,0,0
"rwa",2010,0,0,3
"rwa",2011,0,0,0
"rwa",2012,0,1,4
"rwa",2013,0.5,0,2.5
"rwa",2014,1,0,4
"saf",1816,0,0,0
"saf",1817,0,0,0
"saf",1818,0,0,0
"saf",1819,0,0,0
"saf",1820,0,0,0
"saf",1821,0,0,0
"saf",1822,0,0,0
"saf",1823,0,0,0
"saf",1824,0,0,0
"saf",1825,0,0,0
"saf",1826,0,0,0
"saf",1827,0,0,0
"saf",1828,0,0,0
"saf",1829,0,0,0
"saf",1830,0,0,0
"saf",1831,0,0,0
"saf",1832,0,0,0
"saf",1833,0,0,0
"saf",1834,0,0,0
"saf",1835,0,0,0
"saf",1836,0,0,0
"saf",1837,0,0,0
"saf",1838,0,0,0
"saf",1839,0,0,0
"saf",1840,0,0,0
"saf",1841,0,0,0
"saf",1842,0,0,0
"saf",1843,0,0,0
"saf",1844,0,0,0
"saf",1845,0,0,0
"saf",1846,0,0,0
"saf",1847,0,0,0
"saf",1848,0,0,0
"saf",1849,0,0,0
"saf",1850,0,0,0
"saf",1851,0,0,0
"saf",1852,0,0,0
"saf",1853,0,0,0
"saf",1854,0,0,0
"saf",1855,0,0,0
"saf",1856,0,0,0
"saf",1857,0,0,0
"saf",1858,0,0,0
"saf",1859,0,0,0
"saf",1860,0,0,0
"saf",1861,0,0,0
"saf",1862,0,0,0
"saf",1863,0,0,0
"saf",1864,0,0,0
"saf",1865,0,0,0
"saf",1866,0,0,0
"saf",1867,0,0,0
"saf",1868,0,0,0
"saf",1869,0,0,0
"saf",1870,0,0,0
"saf",1871,0,0,0
"saf",1872,0,0,0
"saf",1873,0,0,0
"saf",1874,0,0,0
"saf",1875,0,0,0
"saf",1876,0,0,0
"saf",1877,0,0,0
"saf",1878,0,0,0
"saf",1879,0,0,0
"saf",1880,0,0,0
"saf",1881,0,0,0
"saf",1882,0,0,0
"saf",1883,0,0,0
"saf",1884,0,0,0
"saf",1885,0,0,0
"saf",1886,0,0,0
"saf",1887,0,0,0
"saf",1888,0,0,0
"saf",1889,0,0,0
"saf",1890,0,0,0
"saf",1891,0,0,0
"saf",1892,0,0,0
"saf",1893,0,0,0
"saf",1894,0,0,0
"saf",1895,0,0,0
"saf",1896,0,0,0
"saf",1897,0,0,0
"saf",1898,0,0,0
"saf",1899,0,0,0
"saf",1900,0,0,0
"saf",1901,0,0,0
"saf",1902,0,0,0
"saf",1903,0,0,0
"saf",1904,0,0,0
"saf",1905,0,0,0
"saf",1906,0,0,0
"saf",1907,0,0,0
"saf",1908,0,0,0
"saf",1909,0,0,0
"saf",1910,0,0,0
"saf",1911,0,0,0
"saf",1912,0,0,0
"saf",1913,0,0,0
"saf",1914,0,0,0
"saf",1915,0,0,0
"saf",1916,0,0,0
"saf",1917,0,0,0
"saf",1918,0,0,0
"saf",1919,0,0,0
"saf",1920,0,0,0
"saf",1921,0,0,0
"saf",1922,0,0,0
"saf",1923,0,0,0
"saf",1924,0,0,0
"saf",1925,0,0,0
"saf",1926,0,0,0
"saf",1927,0,0,0
"saf",1928,0,0,0
"saf",1929,0,0,0
"saf",1930,0,0,0
"saf",1931,0,0,0
"saf",1932,0,0,0
"saf",1933,0,0,0
"saf",1934,0,0,0
"saf",1935,0,0,0
"saf",1936,0,0,0
"saf",1937,0,0,0
"saf",1938,0,0,0
"saf",1939,0,6,5
"saf",1940,0,6,5
"saf",1941,0,6,5
"saf",1942,0,6,5
"saf",1943,0,6,5
"saf",1944,0,6,5
"saf",1945,0,6,5
"saf",1946,0,0,0
"saf",1947,0,0,0
"saf",1948,0,0,0
"saf",1949,0,0,0
"saf",1950,0,0,0
"saf",1951,0,0,0
"saf",1952,0,0,0
"saf",1953,0,0,0
"saf",1954,0,0,0
"saf",1955,0,0,0
"saf",1956,0,0,0
"saf",1957,0,0,0
"saf",1958,0,0,0
"saf",1959,0,0,0
"saf",1960,0,0,0
"saf",1961,0,0,0
"saf",1962,0,0,0
"saf",1963,0,0,0
"saf",1964,0,0,0
"saf",1965,0,0,0
"saf",1966,0,0,0
"saf",1967,0,0,0
"saf",1968,1,0,2
"saf",1969,0,0,0
"saf",1970,0,0,0
"saf",1971,0,0,0
"saf",1972,0,0,0
"saf",1973,0.5,0.5,4
"saf",1974,0,0,4
"saf",1975,0,0,0
"saf",1976,0,0,0
"saf",1977,1,0,4
"saf",1978,1,0,4
"saf",1979,0,0,0
"saf",1980,0,0,0
"saf",1981,0,0,0
"saf",1982,1,0,4
"saf",1983,1,0,4
"saf",1984,1,0,4
"saf",1985,1,0,4
"saf",1986,1,0,3.75
"saf",1987,0.666666666666667,0,3.66666666666667
"saf",1988,1,0,3.33333333333333
"saf",1989,0,0,0
"saf",1990,0,0,0
"saf",1991,0,0,0
"saf",1992,0,0,0
"saf",1993,0,0,0
"saf",1994,0.5,0,2
"saf",1995,0,0,0
"saf",1996,0,0,0
"saf",1997,0,0,0
"saf",1998,0,0,0
"saf",1999,0,0,0
"saf",2000,0,0,0
"saf",2001,0,0,0
"saf",2002,0,0,0
"saf",2003,0,0,0
"saf",2004,0,0,0
"saf",2005,0,0,0
"saf",2006,0,0,0
"saf",2007,0,0,0
"saf",2008,0,0,0
"saf",2009,0,0,0
"saf",2010,0,0,0
"saf",2011,0,0,0
"saf",2012,0,0,0
"saf",2013,0,0,0
"saf",2014,0,0,0
"sal",1816,0,0,0
"sal",1817,0,0,0
"sal",1818,0,0,0
"sal",1819,0,0,0
"sal",1820,0,0,0
"sal",1821,0,0,0
"sal",1822,0,0,0
"sal",1823,0,0,0
"sal",1824,0,0,0
"sal",1825,0,0,0
"sal",1826,0,0,0
"sal",1827,0,0,0
"sal",1828,0,0,0
"sal",1829,0,0,0
"sal",1830,0,0,0
"sal",1831,0,0,0
"sal",1832,0,0,0
"sal",1833,0,0,0
"sal",1834,0,0,0
"sal",1835,0,0,0
"sal",1836,0,0,0
"sal",1837,0,0,0
"sal",1838,0,0,0
"sal",1839,0,0,0
"sal",1840,0,0,0
"sal",1841,0,0,0
"sal",1842,0,0,0
"sal",1843,0,0,0
"sal",1844,0,0,0
"sal",1845,0,0,0
"sal",1846,0,0,0
"sal",1847,0,0,0
"sal",1848,0,0,0
"sal",1849,0,0,0
"sal",1850,0,0,0
"sal",1851,0,0,0
"sal",1852,0,0,0
"sal",1853,0,0,0
"sal",1854,0,0,0
"sal",1855,0,0,0
"sal",1856,0,0,0
"sal",1857,0,0,0
"sal",1858,0,0,0
"sal",1859,0,0,0
"sal",1860,0,0,0
"sal",1861,0,0,0
"sal",1862,0,0,0
"sal",1863,0,0,0
"sal",1864,0,0,0
"sal",1865,0,0,0
"sal",1866,0,0,0
"sal",1867,0,0,0
"sal",1868,0,0,0
"sal",1869,0,0,0
"sal",1870,0,0,0
"sal",1871,0,0,0
"sal",1872,0,0,0
"sal",1873,0,0,0
"sal",1874,0,0,0
"sal",1875,0,0,0
"sal",1876,0,2.5,3
"sal",1877,0,0,0
"sal",1878,0,0,0
"sal",1879,0,0,0
"sal",1880,0,0,0
"sal",1881,0,0,0
"sal",1882,0,0,0
"sal",1883,0,0,0
"sal",1884,0,0,0
"sal",1885,0,3,5
"sal",1886,0,0,0
"sal",1887,0,0,0
"sal",1888,0,0,0
"sal",1889,0,0,0
"sal",1890,0,1,4
"sal",1891,0,0,0
"sal",1892,0,0,0
"sal",1893,0,0,0
"sal",1894,0,0,0
"sal",1895,0,0,0
"sal",1896,0,0,0
"sal",1897,0,0,0
"sal",1898,0,0,0
"sal",1899,0,0,0
"sal",1900,0,0,0
"sal",1901,0,0,0
"sal",1902,0,0,0
"sal",1903,0,0,0
"sal",1904,0,0,0
"sal",1905,0,0,0
"sal",1906,1,4,5
"sal",1907,0,4,5
"sal",1908,0,0,0
"sal",1909,0,0,4
"sal",1910,0,0,0
"sal",1911,0,0,0
"sal",1912,0,0,0
"sal",1913,0,0,0
"sal",1914,0,0,0
"sal",1915,0,0,0
"sal",1916,0,0,0
"sal",1917,0,0,0
"sal",1918,0,0,0
"sal",1919,0,0,0
"sal",1920,0,0,0
"sal",1921,0,0,1
"sal",1922,0,0,0
"sal",1923,0,0,0
"sal",1924,0,0,0
"sal",1925,0,0,0
"sal",1926,0,0,0
"sal",1927,0,0,0
"sal",1928,0,0,0
"sal",1929,0,0,0
"sal",1930,0,0,0
"sal",1931,0,0,0
"sal",1932,0,0,1
"sal",1933,0,0,0
"sal",1934,0,0,0
"sal",1935,0,1,4
"sal",1936,0,0,0
"sal",1937,0,0,0
"sal",1938,0,0,0
"sal",1939,0,0,0
"sal",1940,0,0,0
"sal",1941,0,0,4
"sal",1942,0,0,4
"sal",1943,0,0,0
"sal",1944,0,0,0
"sal",1945,0,0,0
"sal",1946,0,0,0
"sal",1947,0,0,0
"sal",1948,0,0,0
"sal",1949,0,0,0
"sal",1950,0,0,0
"sal",1951,0,0,0
"sal",1952,0,0,0
"sal",1953,0,0,0
"sal",1954,0,0,0
"sal",1955,0,0,0
"sal",1956,0,0,0
"sal",1957,0,0,0
"sal",1958,0,0,0
"sal",1959,0,0,0
"sal",1960,0,0,0
"sal",1961,0,0,0
"sal",1962,0,0,0
"sal",1963,0,0,0
"sal",1964,0,0,0
"sal",1965,0,0,0
"sal",1966,0,0,0
"sal",1967,0,0,0
"sal",1968,0,0,0
"sal",1969,0,5,5
"sal",1970,0,0,1
"sal",1971,0,0,0
"sal",1972,0,0,0
"sal",1973,0,0,0
"sal",1974,0,0,0
"sal",1975,0,0,0
"sal",1976,1,0,4
"sal",1977,0,0,0
"sal",1978,0,0,0
"sal",1979,0,0,0
"sal",1980,0,0,0
"sal",1981,0,0,0
"sal",1982,0,0,0
"sal",1983,0,0,0
"sal",1984,0,0,0
"sal",1985,0,0,1
"sal",1986,0,0,0
"sal",1987,0,0,0
"sal",1988,0,0,0
"sal",1989,0,1,4
"sal",1990,0,0,0
"sal",1991,0,0,0
"sal",1992,0,0,0
"sal",1993,0,0,1
"sal",1994,0,0,0
"sal",1995,0,0,0
"sal",1996,0,0,0
"sal",1997,0,0,0
"sal",1998,0,0,0
"sal",1999,0,0,0
"sal",2000,0,0,0
"sal",2001,0,0,0
"sal",2002,0,0,0
"sal",2003,0,0,0
"sal",2004,0,0,0
"sal",2005,0,0,0
"sal",2006,0,0,0
"sal",2007,0,0,0
"sal",2008,0,0,0
"sal",2009,0,0,0
"sal",2010,0,0,0
"sal",2011,0,0,0
"sal",2012,0,0,0
"sal",2013,0,0,0
"sal",2014,0,0,0
"sau",1816,0,0,0
"sau",1817,0,0,0
"sau",1818,0,0,0
"sau",1819,0,0,0
"sau",1820,0,0,0
"sau",1821,0,0,0
"sau",1822,0,0,0
"sau",1823,0,0,0
"sau",1824,0,0,0
"sau",1825,0,0,0
"sau",1826,0,0,0
"sau",1827,0,0,0
"sau",1828,0,0,0
"sau",1829,0,0,0
"sau",1830,0,0,0
"sau",1831,0,0,0
"sau",1832,0,0,0
"sau",1833,0,0,0
"sau",1834,0,0,0
"sau",1835,0,0,0
"sau",1836,0,0,0
"sau",1837,0,0,0
"sau",1838,0,0,0
"sau",1839,0,0,0
"sau",1840,0,0,0
"sau",1841,0,0,0
"sau",1842,0,0,0
"sau",1843,0,0,0
"sau",1844,0,0,0
"sau",1845,0,0,0
"sau",1846,0,0,0
"sau",1847,0,0,0
"sau",1848,0,0,0
"sau",1849,0,0,0
"sau",1850,0,0,0
"sau",1851,0,0,0
"sau",1852,0,0,0
"sau",1853,0,0,0
"sau",1854,0,0,0
"sau",1855,0,0,0
"sau",1856,0,0,0
"sau",1857,0,0,0
"sau",1858,0,0,0
"sau",1859,0,0,0
"sau",1860,0,0,0
"sau",1861,0,0,0
"sau",1862,0,0,0
"sau",1863,0,0,0
"sau",1864,0,0,0
"sau",1865,0,0,0
"sau",1866,0,0,0
"sau",1867,0,0,0
"sau",1868,0,0,0
"sau",1869,0,0,0
"sau",1870,0,0,0
"sau",1871,0,0,0
"sau",1872,0,0,0
"sau",1873,0,0,0
"sau",1874,0,0,0
"sau",1875,0,0,0
"sau",1876,0,0,0
"sau",1877,0,0,0
"sau",1878,0,0,0
"sau",1879,0,0,0
"sau",1880,0,0,0
"sau",1881,0,0,0
"sau",1882,0,0,0
"sau",1883,0,0,0
"sau",1884,0,0,0
"sau",1885,0,0,0
"sau",1886,0,0,0
"sau",1887,0,0,0
"sau",1888,0,0,0
"sau",1889,0,0,0
"sau",1890,0,0,0
"sau",1891,0,0,0
"sau",1892,0,0,0
"sau",1893,0,0,0
"sau",1894,0,0,0
"sau",1895,0,0,0
"sau",1896,0,0,0
"sau",1897,0,0,0
"sau",1898,0,0,0
"sau",1899,0,0,0
"sau",1900,0,0,0
"sau",1901,0,0,0
"sau",1902,0,0,0
"sau",1903,0,0,0
"sau",1904,0,0,0
"sau",1905,0,0,0
"sau",1906,0,0,0
"sau",1907,0,0,0
"sau",1908,0,0,0
"sau",1909,0,0,0
"sau",1910,0,0,0
"sau",1911,0,0,0
"sau",1912,0,0,0
"sau",1913,0,0,0
"sau",1914,0,0,0
"sau",1915,0,0,0
"sau",1916,0,0,0
"sau",1917,0,0,0
"sau",1918,0,0,0
"sau",1919,0,0,0
"sau",1920,0,0,0
"sau",1921,0,0,0
"sau",1922,0,0,0
"sau",1923,0,0,0
"sau",1924,0,0,0
"sau",1925,0,0,0
"sau",1926,0,0,0
"sau",1927,0,0,0
"sau",1928,0,0,0
"sau",1929,0,0,0
"sau",1930,0,0,0
"sau",1931,0,0,0
"sau",1932,0,0,0
"sau",1933,1,6,5
"sau",1934,1,6,5
"sau",1935,0,0,0
"sau",1936,0,0,0
"sau",1937,0,0,0
"sau",1938,0,0,0
"sau",1939,0,0,0
"sau",1940,0,0,0
"sau",1941,0,0,0
"sau",1942,0,0,0
"sau",1943,0,0,4
"sau",1944,0,0,0
"sau",1945,0,0,0
"sau",1946,0,0,0
"sau",1947,0,0,0
"sau",1948,0,0,0
"sau",1949,0,0,0
"sau",1950,0,0,0
"sau",1951,0,0,0
"sau",1952,0,0,0
"sau",1953,0,0,0
"sau",1954,0,0,0
"sau",1955,0,0,1
"sau",1956,0,0,1
"sau",1957,0,0,0
"sau",1958,0,0,0
"sau",1959,0,0,0
"sau",1960,0,0,0
"sau",1961,0,0,3
"sau",1962,0,0,3
"sau",1963,0,0,0
"sau",1964,1,0,2
"sau",1965,0,0,0
"sau",1966,0,0,0
"sau",1967,1,0,3
"sau",1968,0,0,0
"sau",1969,0,1,4
"sau",1970,0,0,0
"sau",1971,0,0,0
"sau",1972,0,0,0
"sau",1973,0,1,4
"sau",1974,0,0,0
"sau",1975,0,0,0
"sau",1976,0,0,3
"sau",1977,0,0,0
"sau",1978,0,0,0
"sau",1979,0,0,0
"sau",1980,0,0,4
"sau",1981,0,0,3
"sau",1982,0,0,0
"sau",1983,0,0,0
"sau",1984,0,0,3
"sau",1985,0,0,1.5
"sau",1986,0,0,1.33333333333333
"sau",1987,0,0,3
"sau",1988,0,0,3
"sau",1989,0,0,0
"sau",1990,0,2,5
"sau",1991,0,2,5
"sau",1992,1,0,4
"sau",1993,0,0,1
"sau",1994,1,1,4
"sau",1995,0.5,0.5,2.5
"sau",1996,0,0,0
"sau",1997,0,0,0
"sau",1998,0,0,0
"sau",1999,0,0,0
"sau",2000,0,1,4
"sau",2001,0,1,4
"sau",2002,0,0,3
"sau",2003,1,0,3
"sau",2004,0,0,0
"sau",2005,0,0,4
"sau",2006,0,0,4
"sau",2007,0,0,0
"sau",2008,0,0,0
"sau",2009,0,0,0
"sau",2010,0,0,0
"sau",2011,0,0,0
"sau",2012,0,0,1
"sau",2013,0,0,3
"sau",2014,0,0,0
"sax",1816,0,0,0
"sax",1817,0,0,0
"sax",1818,0,0,0
"sax",1819,0,0,0
"sax",1820,0,0,0
"sax",1821,0,0,0
"sax",1822,0,0,0
"sax",1823,0,0,0
"sax",1824,0,0,0
"sax",1825,0,0,0
"sax",1826,0,0,0
"sax",1827,0,0,0
"sax",1828,0,0,0
"sax",1829,0,0,0
"sax",1830,0,0,0
"sax",1831,0,0,0
"sax",1832,0,0,0
"sax",1833,0,0,0
"sax",1834,0,0,0
"sax",1835,0,0,0
"sax",1836,0,0,0
"sax",1837,0,0,0
"sax",1838,0,0,0
"sax",1839,0,0,0
"sax",1840,0,0,0
"sax",1841,0,0,0
"sax",1842,0,0,0
"sax",1843,0,0,0
"sax",1844,0,0,0
"sax",1845,0,0,0
"sax",1846,0,0,0
"sax",1847,0,0,0
"sax",1848,0,0,0
"sax",1849,0,0,3
"sax",1850,0,0,0
"sax",1851,0,0,0
"sax",1852,0,0,0
"sax",1853,0,0,0
"sax",1854,0,0,0
"sax",1855,0,0,0
"sax",1856,0,0,0
"sax",1857,0,0,0
"sax",1858,0,0,0
"sax",1859,0,0,0
"sax",1860,0,0,0
"sax",1861,0,0,0
"sax",1862,0,0,0
"sax",1863,0,0,4
"sax",1864,0,0,2
"sax",1865,0,0,0
"sax",1866,0,5,5
"sax",1867,0,0,0
"sax",1868,0,0,0
"sax",1869,0,0,0
"sax",1870,0,0,0
"sax",1871,0,0,0
"sax",1872,0,0,0
"sax",1873,0,0,0
"sax",1874,0,0,0
"sax",1875,0,0,0
"sax",1876,0,0,0
"sax",1877,0,0,0
"sax",1878,0,0,0
"sax",1879,0,0,0
"sax",1880,0,0,0
"sax",1881,0,0,0
"sax",1882,0,0,0
"sax",1883,0,0,0
"sax",1884,0,0,0
"sax",1885,0,0,0
"sax",1886,0,0,0
"sax",1887,0,0,0
"sax",1888,0,0,0
"sax",1889,0,0,0
"sax",1890,0,0,0
"sax",1891,0,0,0
"sax",1892,0,0,0
"sax",1893,0,0,0
"sax",1894,0,0,0
"sax",1895,0,0,0
"sax",1896,0,0,0
"sax",1897,0,0,0
"sax",1898,0,0,0
"sax",1899,0,0,0
"sax",1900,0,0,0
"sax",1901,0,0,0
"sax",1902,0,0,0
"sax",1903,0,0,0
"sax",1904,0,0,0
"sax",1905,0,0,0
"sax",1906,0,0,0
"sax",1907,0,0,0
"sax",1908,0,0,0
"sax",1909,0,0,0
"sax",1910,0,0,0
"sax",1911,0,0,0
"sax",1912,0,0,0
"sax",1913,0,0,0
"sax",1914,0,0,0
"sax",1915,0,0,0
"sax",1916,0,0,0
"sax",1917,0,0,0
"sax",1918,0,0,0
"sax",1919,0,0,0
"sax",1920,0,0,0
"sax",1921,0,0,0
"sax",1922,0,0,0
"sax",1923,0,0,0
"sax",1924,0,0,0
"sax",1925,0,0,0
"sax",1926,0,0,0
"sax",1927,0,0,0
"sax",1928,0,0,0
"sax",1929,0,0,0
"sax",1930,0,0,0
"sax",1931,0,0,0
"sax",1932,0,0,0
"sax",1933,0,0,0
"sax",1934,0,0,0
"sax",1935,0,0,0
"sax",1936,0,0,0
"sax",1937,0,0,0
"sax",1938,0,0,0
"sax",1939,0,0,0
"sax",1940,0,0,0
"sax",1941,0,0,0
"sax",1942,0,0,0
"sax",1943,0,0,0
"sax",1944,0,0,0
"sax",1945,0,0,0
"sax",1946,0,0,0
"sax",1947,0,0,0
"sax",1948,0,0,0
"sax",1949,0,0,0
"sax",1950,0,0,0
"sax",1951,0,0,0
"sax",1952,0,0,0
"sax",1953,0,0,0
"sax",1954,0,0,0
"sax",1955,0,0,0
"sax",1956,0,0,0
"sax",1957,0,0,0
"sax",1958,0,0,0
"sax",1959,0,0,0
"sax",1960,0,0,0
"sax",1961,0,0,0
"sax",1962,0,0,0
"sax",1963,0,0,0
"sax",1964,0,0,0
"sax",1965,0,0,0
"sax",1966,0,0,0
"sax",1967,0,0,0
"sax",1968,0,0,0
"sax",1969,0,0,0
"sax",1970,0,0,0
"sax",1971,0,0,0
"sax",1972,0,0,0
"sax",1973,0,0,0
"sax",1974,0,0,0
"sax",1975,0,0,0
"sax",1976,0,0,0
"sax",1977,0,0,0
"sax",1978,0,0,0
"sax",1979,0,0,0
"sax",1980,0,0,0
"sax",1981,0,0,0
"sax",1982,0,0,0
"sax",1983,0,0,0
"sax",1984,0,0,0
"sax",1985,0,0,0
"sax",1986,0,0,0
"sax",1987,0,0,0
"sax",1988,0,0,0
"sax",1989,0,0,0
"sax",1990,0,0,0
"sax",1991,0,0,0
"sax",1992,0,0,0
"sax",1993,0,0,0
"sax",1994,0,0,0
"sax",1995,0,0,0
"sax",1996,0,0,0
"sax",1997,0,0,0
"sax",1998,0,0,0
"sax",1999,0,0,0
"sax",2000,0,0,0
"sax",2001,0,0,0
"sax",2002,0,0,0
"sax",2003,0,0,0
"sax",2004,0,0,0
"sax",2005,0,0,0
"sax",2006,0,0,0
"sax",2007,0,0,0
"sax",2008,0,0,0
"sax",2009,0,0,0
"sax",2010,0,0,0
"sax",2011,0,0,0
"sax",2012,0,0,0
"sax",2013,0,0,0
"sax",2014,0,0,0
"sen",1816,0,0,0
"sen",1817,0,0,0
"sen",1818,0,0,0
"sen",1819,0,0,0
"sen",1820,0,0,0
"sen",1821,0,0,0
"sen",1822,0,0,0
"sen",1823,0,0,0
"sen",1824,0,0,0
"sen",1825,0,0,0
"sen",1826,0,0,0
"sen",1827,0,0,0
"sen",1828,0,0,0
"sen",1829,0,0,0
"sen",1830,0,0,0
"sen",1831,0,0,0
"sen",1832,0,0,0
"sen",1833,0,0,0
"sen",1834,0,0,0
"sen",1835,0,0,0
"sen",1836,0,0,0
"sen",1837,0,0,0
"sen",1838,0,0,0
"sen",1839,0,0,0
"sen",1840,0,0,0
"sen",1841,0,0,0
"sen",1842,0,0,0
"sen",1843,0,0,0
"sen",1844,0,0,0
"sen",1845,0,0,0
"sen",1846,0,0,0
"sen",1847,0,0,0
"sen",1848,0,0,0
"sen",1849,0,0,0
"sen",1850,0,0,0
"sen",1851,0,0,0
"sen",1852,0,0,0
"sen",1853,0,0,0
"sen",1854,0,0,0
"sen",1855,0,0,0
"sen",1856,0,0,0
"sen",1857,0,0,0
"sen",1858,0,0,0
"sen",1859,0,0,0
"sen",1860,0,0,0
"sen",1861,0,0,0
"sen",1862,0,0,0
"sen",1863,0,0,0
"sen",1864,0,0,0
"sen",1865,0,0,0
"sen",1866,0,0,0
"sen",1867,0,0,0
"sen",1868,0,0,0
"sen",1869,0,0,0
"sen",1870,0,0,0
"sen",1871,0,0,0
"sen",1872,0,0,0
"sen",1873,0,0,0
"sen",1874,0,0,0
"sen",1875,0,0,0
"sen",1876,0,0,0
"sen",1877,0,0,0
"sen",1878,0,0,0
"sen",1879,0,0,0
"sen",1880,0,0,0
"sen",1881,0,0,0
"sen",1882,0,0,0
"sen",1883,0,0,0
"sen",1884,0,0,0
"sen",1885,0,0,0
"sen",1886,0,0,0
"sen",1887,0,0,0
"sen",1888,0,0,0
"sen",1889,0,0,0
"sen",1890,0,0,0
"sen",1891,0,0,0
"sen",1892,0,0,0
"sen",1893,0,0,0
"sen",1894,0,0,0
"sen",1895,0,0,0
"sen",1896,0,0,0
"sen",1897,0,0,0
"sen",1898,0,0,0
"sen",1899,0,0,0
"sen",1900,0,0,0
"sen",1901,0,0,0
"sen",1902,0,0,0
"sen",1903,0,0,0
"sen",1904,0,0,0
"sen",1905,0,0,0
"sen",1906,0,0,0
"sen",1907,0,0,0
"sen",1908,0,0,0
"sen",1909,0,0,0
"sen",1910,0,0,0
"sen",1911,0,0,0
"sen",1912,0,0,0
"sen",1913,0,0,0
"sen",1914,0,0,0
"sen",1915,0,0,0
"sen",1916,0,0,0
"sen",1917,0,0,0
"sen",1918,0,0,0
"sen",1919,0,0,0
"sen",1920,0,0,0
"sen",1921,0,0,0
"sen",1922,0,0,0
"sen",1923,0,0,0
"sen",1924,0,0,0
"sen",1925,0,0,0
"sen",1926,0,0,0
"sen",1927,0,0,0
"sen",1928,0,0,0
"sen",1929,0,0,0
"sen",1930,0,0,0
"sen",1931,0,0,0
"sen",1932,0,0,0
"sen",1933,0,0,0
"sen",1934,0,0,0
"sen",1935,0,0,0
"sen",1936,0,0,0
"sen",1937,0,0,0
"sen",1938,0,0,0
"sen",1939,0,0,0
"sen",1940,0,0,0
"sen",1941,0,0,0
"sen",1942,0,0,0
"sen",1943,0,0,0
"sen",1944,0,0,0
"sen",1945,0,0,0
"sen",1946,0,0,0
"sen",1947,0,0,0
"sen",1948,0,0,0
"sen",1949,0,0,0
"sen",1950,0,0,0
"sen",1951,0,0,0
"sen",1952,0,0,0
"sen",1953,0,0,0
"sen",1954,0,0,0
"sen",1955,0,0,0
"sen",1956,0,0,0
"sen",1957,0,0,0
"sen",1958,0,0,0
"sen",1959,0,0,0
"sen",1960,0,0,0
"sen",1961,0,0,1
"sen",1962,0,0,0
"sen",1963,0,0,0
"sen",1964,0,0,0
"sen",1965,0,0,0
"sen",1966,0,0,0
"sen",1967,0,0,0
"sen",1968,0,0,0
"sen",1969,0,0,3
"sen",1970,0,0,3
"sen",1971,0.5,0,3.5
"sen",1972,0,1,4
"sen",1973,0,0,0
"sen",1974,1,0,4
"sen",1975,0,0,0
"sen",1976,0,0,0
"sen",1977,0,0,0
"sen",1978,0,0,0
"sen",1979,0,0,0
"sen",1980,0,0,0
"sen",1981,0,0,0
"sen",1982,0,0,0
"sen",1983,0,0,0
"sen",1984,0,0,0
"sen",1985,0,0,0
"sen",1986,0,0,0
"sen",1987,0,0,0
"sen",1988,0,0,0
"sen",1989,1,0.5,3.5
"sen",1990,0.666666666666667,0.666666666666667,3.66666666666667
"sen",1991,0,0,3
"sen",1992,1,0,4
"sen",1993,0,0,0
"sen",1994,0,0,0
"sen",1995,0,0,0
"sen",1996,0,0,0
"sen",1997,0,0,0
"sen",1998,0,0,0
"sen",1999,0,0,0
"sen",2000,0,0,0
"sen",2001,0,0,0
"sen",2002,0,0,3
"sen",2003,0,0,0
"sen",2004,0,0,0
"sen",2005,0,0,0
"sen",2006,0,0,0
"sen",2007,0,0,0
"sen",2008,0,0,0
"sen",2009,0,0,0
"sen",2010,0,0,0
"sen",2011,0,0,0
"sen",2012,0,0,0
"sen",2013,0,0,0
"sen",2014,1,0,4
"sic",1816,0,0,0
"sic",1817,0,0,0
"sic",1818,0,0,0
"sic",1819,0,0,0
"sic",1820,0,0,0
"sic",1821,0,2,4
"sic",1822,0,0,0
"sic",1823,0,0,0
"sic",1824,0,0,0
"sic",1825,0,0,0
"sic",1826,0,0,0
"sic",1827,0,0,0
"sic",1828,0,0,0
"sic",1829,0,0,0
"sic",1830,0,0,0
"sic",1831,0,0,0
"sic",1832,0,0,0
"sic",1833,0,0,0
"sic",1834,0,0,0
"sic",1835,0,0,0
"sic",1836,0,0,0
"sic",1837,0,0,0
"sic",1838,0,0,0
"sic",1839,0,0,0
"sic",1840,0,0,0
"sic",1841,0,0,0
"sic",1842,0,0,0
"sic",1843,0,0,0
"sic",1844,0,0,0
"sic",1845,0,0,0
"sic",1846,0,0,0
"sic",1847,0,0,0
"sic",1848,0.5,0,2
"sic",1849,1,2,5
"sic",1850,0,0,0
"sic",1851,0,0,0
"sic",1852,0,0,0
"sic",1853,0,0,0
"sic",1854,0,0,0
"sic",1855,0,0,0
"sic",1856,0,0,0
"sic",1857,0,0,0
"sic",1858,0,0,0
"sic",1859,0,0,0
"sic",1860,0,4,5
"sic",1861,0,4,5
"sic",1862,0,0,0
"sic",1863,0,0,0
"sic",1864,0,0,0
"sic",1865,0,0,0
"sic",1866,0,0,0
"sic",1867,0,0,0
"sic",1868,0,0,0
"sic",1869,0,0,0
"sic",1870,0,0,0
"sic",1871,0,0,0
"sic",1872,0,0,0
"sic",1873,0,0,0
"sic",1874,0,0,0
"sic",1875,0,0,0
"sic",1876,0,0,0
"sic",1877,0,0,0
"sic",1878,0,0,0
"sic",1879,0,0,0
"sic",1880,0,0,0
"sic",1881,0,0,0
"sic",1882,0,0,0
"sic",1883,0,0,0
"sic",1884,0,0,0
"sic",1885,0,0,0
"sic",1886,0,0,0
"sic",1887,0,0,0
"sic",1888,0,0,0
"sic",1889,0,0,0
"sic",1890,0,0,0
"sic",1891,0,0,0
"sic",1892,0,0,0
"sic",1893,0,0,0
"sic",1894,0,0,0
"sic",1895,0,0,0
"sic",1896,0,0,0
"sic",1897,0,0,0
"sic",1898,0,0,0
"sic",1899,0,0,0
"sic",1900,0,0,0
"sic",1901,0,0,0
"sic",1902,0,0,0
"sic",1903,0,0,0
"sic",1904,0,0,0
"sic",1905,0,0,0
"sic",1906,0,0,0
"sic",1907,0,0,0
"sic",1908,0,0,0
"sic",1909,0,0,0
"sic",1910,0,0,0
"sic",1911,0,0,0
"sic",1912,0,0,0
"sic",1913,0,0,0
"sic",1914,0,0,0
"sic",1915,0,0,0
"sic",1916,0,0,0
"sic",1917,0,0,0
"sic",1918,0,0,0
"sic",1919,0,0,0
"sic",1920,0,0,0
"sic",1921,0,0,0
"sic",1922,0,0,0
"sic",1923,0,0,0
"sic",1924,0,0,0
"sic",1925,0,0,0
"sic",1926,0,0,0
"sic",1927,0,0,0
"sic",1928,0,0,0
"sic",1929,0,0,0
"sic",1930,0,0,0
"sic",1931,0,0,0
"sic",1932,0,0,0
"sic",1933,0,0,0
"sic",1934,0,0,0
"sic",1935,0,0,0
"sic",1936,0,0,0
"sic",1937,0,0,0
"sic",1938,0,0,0
"sic",1939,0,0,0
"sic",1940,0,0,0
"sic",1941,0,0,0
"sic",1942,0,0,0
"sic",1943,0,0,0
"sic",1944,0,0,0
"sic",1945,0,0,0
"sic",1946,0,0,0
"sic",1947,0,0,0
"sic",1948,0,0,0
"sic",1949,0,0,0
"sic",1950,0,0,0
"sic",1951,0,0,0
"sic",1952,0,0,0
"sic",1953,0,0,0
"sic",1954,0,0,0
"sic",1955,0,0,0
"sic",1956,0,0,0
"sic",1957,0,0,0
"sic",1958,0,0,0
"sic",1959,0,0,0
"sic",1960,0,0,0
"sic",1961,0,0,0
"sic",1962,0,0,0
"sic",1963,0,0,0
"sic",1964,0,0,0
"sic",1965,0,0,0
"sic",1966,0,0,0
"sic",1967,0,0,0
"sic",1968,0,0,0
"sic",1969,0,0,0
"sic",1970,0,0,0
"sic",1971,0,0,0
"sic",1972,0,0,0
"sic",1973,0,0,0
"sic",1974,0,0,0
"sic",1975,0,0,0
"sic",1976,0,0,0
"sic",1977,0,0,0
"sic",1978,0,0,0
"sic",1979,0,0,0
"sic",1980,0,0,0
"sic",1981,0,0,0
"sic",1982,0,0,0
"sic",1983,0,0,0
"sic",1984,0,0,0
"sic",1985,0,0,0
"sic",1986,0,0,0
"sic",1987,0,0,0
"sic",1988,0,0,0
"sic",1989,0,0,0
"sic",1990,0,0,0
"sic",1991,0,0,0
"sic",1992,0,0,0
"sic",1993,0,0,0
"sic",1994,0,0,0
"sic",1995,0,0,0
"sic",1996,0,0,0
"sic",1997,0,0,0
"sic",1998,0,0,0
"sic",1999,0,0,0
"sic",2000,0,0,0
"sic",2001,0,0,0
"sic",2002,0,0,0
"sic",2003,0,0,0
"sic",2004,0,0,0
"sic",2005,0,0,0
"sic",2006,0,0,0
"sic",2007,0,0,0
"sic",2008,0,0,0
"sic",2009,0,0,0
"sic",2010,0,0,0
"sic",2011,0,0,0
"sic",2012,0,0,0
"sic",2013,0,0,0
"sic",2014,0,0,0
"sie",1816,0,0,0
"sie",1817,0,0,0
"sie",1818,0,0,0
"sie",1819,0,0,0
"sie",1820,0,0,0
"sie",1821,0,0,0
"sie",1822,0,0,0
"sie",1823,0,0,0
"sie",1824,0,0,0
"sie",1825,0,0,0
"sie",1826,0,0,0
"sie",1827,0,0,0
"sie",1828,0,0,0
"sie",1829,0,0,0
"sie",1830,0,0,0
"sie",1831,0,0,0
"sie",1832,0,0,0
"sie",1833,0,0,0
"sie",1834,0,0,0
"sie",1835,0,0,0
"sie",1836,0,0,0
"sie",1837,0,0,0
"sie",1838,0,0,0
"sie",1839,0,0,0
"sie",1840,0,0,0
"sie",1841,0,0,0
"sie",1842,0,0,0
"sie",1843,0,0,0
"sie",1844,0,0,0
"sie",1845,0,0,0
"sie",1846,0,0,0
"sie",1847,0,0,0
"sie",1848,0,0,0
"sie",1849,0,0,0
"sie",1850,0,0,0
"sie",1851,0,0,0
"sie",1852,0,0,0
"sie",1853,0,0,0
"sie",1854,0,0,0
"sie",1855,0,0,0
"sie",1856,0,0,0
"sie",1857,0,0,0
"sie",1858,0,0,0
"sie",1859,0,0,0
"sie",1860,0,0,0
"sie",1861,0,0,0
"sie",1862,0,0,0
"sie",1863,0,0,0
"sie",1864,0,0,0
"sie",1865,0,0,0
"sie",1866,0,0,0
"sie",1867,0,0,0
"sie",1868,0,0,0
"sie",1869,0,0,0
"sie",1870,0,0,0
"sie",1871,0,0,0
"sie",1872,0,0,0
"sie",1873,0,0,0
"sie",1874,0,0,0
"sie",1875,0,0,0
"sie",1876,0,0,0
"sie",1877,0,0,0
"sie",1878,0,0,0
"sie",1879,0,0,0
"sie",1880,0,0,0
"sie",1881,0,0,0
"sie",1882,0,0,0
"sie",1883,0,0,0
"sie",1884,0,0,0
"sie",1885,0,0,0
"sie",1886,0,0,0
"sie",1887,0,0,0
"sie",1888,0,0,0
"sie",1889,0,0,0
"sie",1890,0,0,0
"sie",1891,0,0,0
"sie",1892,0,0,0
"sie",1893,0,0,0
"sie",1894,0,0,0
"sie",1895,0,0,0
"sie",1896,0,0,0
"sie",1897,0,0,0
"sie",1898,0,0,0
"sie",1899,0,0,0
"sie",1900,0,0,0
"sie",1901,0,0,0
"sie",1902,0,0,0
"sie",1903,0,0,0
"sie",1904,0,0,0
"sie",1905,0,0,0
"sie",1906,0,0,0
"sie",1907,0,0,0
"sie",1908,0,0,0
"sie",1909,0,0,0
"sie",1910,0,0,0
"sie",1911,0,0,0
"sie",1912,0,0,0
"sie",1913,0,0,0
"sie",1914,0,0,0
"sie",1915,0,0,0
"sie",1916,0,0,0
"sie",1917,0,0,0
"sie",1918,0,0,0
"sie",1919,0,0,0
"sie",1920,0,0,0
"sie",1921,0,0,0
"sie",1922,0,0,0
"sie",1923,0,0,0
"sie",1924,0,0,0
"sie",1925,0,0,0
"sie",1926,0,0,0
"sie",1927,0,0,0
"sie",1928,0,0,0
"sie",1929,0,0,0
"sie",1930,0,0,0
"sie",1931,0,0,0
"sie",1932,0,0,0
"sie",1933,0,0,0
"sie",1934,0,0,0
"sie",1935,0,0,0
"sie",1936,0,0,0
"sie",1937,0,0,0
"sie",1938,0,0,0
"sie",1939,0,0,0
"sie",1940,0,0,0
"sie",1941,0,0,0
"sie",1942,0,0,0
"sie",1943,0,0,0
"sie",1944,0,0,0
"sie",1945,0,0,0
"sie",1946,0,0,0
"sie",1947,0,0,0
"sie",1948,0,0,0
"sie",1949,0,0,0
"sie",1950,0,0,0
"sie",1951,0,0,0
"sie",1952,0,0,0
"sie",1953,0,0,0
"sie",1954,0,0,0
"sie",1955,0,0,0
"sie",1956,0,0,0
"sie",1957,0,0,0
"sie",1958,0,0,0
"sie",1959,0,0,0
"sie",1960,0,0,0
"sie",1961,0,0,0
"sie",1962,0,0,0
"sie",1963,0,0,0
"sie",1964,0,0,0
"sie",1965,0,0,0
"sie",1966,0,0,0
"sie",1967,0,0,0
"sie",1968,0,0,0
"sie",1969,0,0,0
"sie",1970,0,0,0
"sie",1971,0,0,0
"sie",1972,0,0,0
"sie",1973,0,0,0
"sie",1974,0,0,0
"sie",1975,0,0,0
"sie",1976,0,0,0
"sie",1977,0,0,0
"sie",1978,0,0,0
"sie",1979,0,0,0
"sie",1980,0,0,0
"sie",1981,0,0,0
"sie",1982,0,0,0
"sie",1983,0,0,0
"sie",1984,0,0,0
"sie",1985,0,0,0
"sie",1986,0,0,0
"sie",1987,0,0,0
"sie",1988,0,0,0
"sie",1989,0,0,0
"sie",1990,0,0,3
"sie",1991,0.5,0,3.5
"sie",1992,0,0,0
"sie",1993,0,0,0
"sie",1994,0,0,0
"sie",1995,0,0,0
"sie",1996,0,0,0
"sie",1997,0,0,0
"sie",1998,0,0,0
"sie",1999,1,0,2
"sie",2000,0,0,0
"sie",2001,0.5,0,3.5
"sie",2002,1,0,4
"sie",2003,0,0,0
"sie",2004,0,0,0
"sie",2005,0,0,0
"sie",2006,0,0,0
"sie",2007,0,0,0
"sie",2008,0,0,0
"sie",2009,0,0,0
"sie",2010,0,0,0
"sie",2011,0,0,0
"sie",2012,0,0,0
"sie",2013,0,0,0
"sie",2014,0,0,0
"sin",1816,0,0,0
"sin",1817,0,0,0
"sin",1818,0,0,0
"sin",1819,0,0,0
"sin",1820,0,0,0
"sin",1821,0,0,0
"sin",1822,0,0,0
"sin",1823,0,0,0
"sin",1824,0,0,0
"sin",1825,0,0,0
"sin",1826,0,0,0
"sin",1827,0,0,0
"sin",1828,0,0,0
"sin",1829,0,0,0
"sin",1830,0,0,0
"sin",1831,0,0,0
"sin",1832,0,0,0
"sin",1833,0,0,0
"sin",1834,0,0,0
"sin",1835,0,0,0
"sin",1836,0,0,0
"sin",1837,0,0,0
"sin",1838,0,0,0
"sin",1839,0,0,0
"sin",1840,0,0,0
"sin",1841,0,0,0
"sin",1842,0,0,0
"sin",1843,0,0,0
"sin",1844,0,0,0
"sin",1845,0,0,0
"sin",1846,0,0,0
"sin",1847,0,0,0
"sin",1848,0,0,0
"sin",1849,0,0,0
"sin",1850,0,0,0
"sin",1851,0,0,0
"sin",1852,0,0,0
"sin",1853,0,0,0
"sin",1854,0,0,0
"sin",1855,0,0,0
"sin",1856,0,0,0
"sin",1857,0,0,0
"sin",1858,0,0,0
"sin",1859,0,0,0
"sin",1860,0,0,0
"sin",1861,0,0,0
"sin",1862,0,0,0
"sin",1863,0,0,0
"sin",1864,0,0,0
"sin",1865,0,0,0
"sin",1866,0,0,0
"sin",1867,0,0,0
"sin",1868,0,0,0
"sin",1869,0,0,0
"sin",1870,0,0,0
"sin",1871,0,0,0
"sin",1872,0,0,0
"sin",1873,0,0,0
"sin",1874,0,0,0
"sin",1875,0,0,0
"sin",1876,0,0,0
"sin",1877,0,0,0
"sin",1878,0,0,0
"sin",1879,0,0,0
"sin",1880,0,0,0
"sin",1881,0,0,0
"sin",1882,0,0,0
"sin",1883,0,0,0
"sin",1884,0,0,0
"sin",1885,0,0,0
"sin",1886,0,0,0
"sin",1887,0,0,0
"sin",1888,0,0,0
"sin",1889,0,0,0
"sin",1890,0,0,0
"sin",1891,0,0,0
"sin",1892,0,0,0
"sin",1893,0,0,0
"sin",1894,0,0,0
"sin",1895,0,0,0
"sin",1896,0,0,0
"sin",1897,0,0,0
"sin",1898,0,0,0
"sin",1899,0,0,0
"sin",1900,0,0,0
"sin",1901,0,0,0
"sin",1902,0,0,0
"sin",1903,0,0,0
"sin",1904,0,0,0
"sin",1905,0,0,0
"sin",1906,0,0,0
"sin",1907,0,0,0
"sin",1908,0,0,0
"sin",1909,0,0,0
"sin",1910,0,0,0
"sin",1911,0,0,0
"sin",1912,0,0,0
"sin",1913,0,0,0
"sin",1914,0,0,0
"sin",1915,0,0,0
"sin",1916,0,0,0
"sin",1917,0,0,0
"sin",1918,0,0,0
"sin",1919,0,0,0
"sin",1920,0,0,0
"sin",1921,0,0,0
"sin",1922,0,0,0
"sin",1923,0,0,0
"sin",1924,0,0,0
"sin",1925,0,0,0
"sin",1926,0,0,0
"sin",1927,0,0,0
"sin",1928,0,0,0
"sin",1929,0,0,0
"sin",1930,0,0,0
"sin",1931,0,0,0
"sin",1932,0,0,0
"sin",1933,0,0,0
"sin",1934,0,0,0
"sin",1935,0,0,0
"sin",1936,0,0,0
"sin",1937,0,0,0
"sin",1938,0,0,0
"sin",1939,0,0,0
"sin",1940,0,0,0
"sin",1941,0,0,0
"sin",1942,0,0,0
"sin",1943,0,0,0
"sin",1944,0,0,0
"sin",1945,0,0,0
"sin",1946,0,0,0
"sin",1947,0,0,0
"sin",1948,0,0,0
"sin",1949,0,0,0
"sin",1950,0,0,0
"sin",1951,0,0,0
"sin",1952,0,0,0
"sin",1953,0,0,0
"sin",1954,0,0,0
"sin",1955,0,0,0
"sin",1956,0,0,0
"sin",1957,0,0,0
"sin",1958,0,0,0
"sin",1959,0,0,0
"sin",1960,0,0,0
"sin",1961,0,0,0
"sin",1962,0,0,0
"sin",1963,0,0,0
"sin",1964,0,0,0
"sin",1965,0,0,0
"sin",1966,0,0,0
"sin",1967,0,0,0
"sin",1968,0,0,0
"sin",1969,0,0,0
"sin",1970,0,0,0
"sin",1971,0,0,0
"sin",1972,0,0,0
"sin",1973,0,0,0
"sin",1974,0,0,0
"sin",1975,0,0,0
"sin",1976,0,0,0
"sin",1977,0,0,0
"sin",1978,0,0,0
"sin",1979,0,0,0
"sin",1980,0,0,0
"sin",1981,0,0,0
"sin",1982,0,0,0
"sin",1983,0,0,0
"sin",1984,0,0,0
"sin",1985,0,0,0
"sin",1986,0,0,0
"sin",1987,0,0,1
"sin",1988,0,0,1
"sin",1989,0,0,0
"sin",1990,0,0,0
"sin",1991,0,0,0
"sin",1992,1,0,1
"sin",1993,0,0,0
"sin",1994,0,0,0
"sin",1995,0,0,0
"sin",1996,0,0,0
"sin",1997,0,0,0
"sin",1998,0,0,0
"sin",1999,0,0,0
"sin",2000,0,0,0
"sin",2001,0,0,0
"sin",2002,0,0,0
"sin",2003,0,0,1
"sin",2004,0,0,0
"sin",2005,0,0,0
"sin",2006,0,0,0
"sin",2007,0,0,0
"sin",2008,0,0,0
"sin",2009,0,0,0
"sin",2010,0,0,0
"sin",2011,0,0,0
"sin",2012,0,0,0
"sin",2013,0,0,0
"sin",2014,0,0,0
"slo",1816,0,0,0
"slo",1817,0,0,0
"slo",1818,0,0,0
"slo",1819,0,0,0
"slo",1820,0,0,0
"slo",1821,0,0,0
"slo",1822,0,0,0
"slo",1823,0,0,0
"slo",1824,0,0,0
"slo",1825,0,0,0
"slo",1826,0,0,0
"slo",1827,0,0,0
"slo",1828,0,0,0
"slo",1829,0,0,0
"slo",1830,0,0,0
"slo",1831,0,0,0
"slo",1832,0,0,0
"slo",1833,0,0,0
"slo",1834,0,0,0
"slo",1835,0,0,0
"slo",1836,0,0,0
"slo",1837,0,0,0
"slo",1838,0,0,0
"slo",1839,0,0,0
"slo",1840,0,0,0
"slo",1841,0,0,0
"slo",1842,0,0,0
"slo",1843,0,0,0
"slo",1844,0,0,0
"slo",1845,0,0,0
"slo",1846,0,0,0
"slo",1847,0,0,0
"slo",1848,0,0,0
"slo",1849,0,0,0
"slo",1850,0,0,0
"slo",1851,0,0,0
"slo",1852,0,0,0
"slo",1853,0,0,0
"slo",1854,0,0,0
"slo",1855,0,0,0
"slo",1856,0,0,0
"slo",1857,0,0,0
"slo",1858,0,0,0
"slo",1859,0,0,0
"slo",1860,0,0,0
"slo",1861,0,0,0
"slo",1862,0,0,0
"slo",1863,0,0,0
"slo",1864,0,0,0
"slo",1865,0,0,0
"slo",1866,0,0,0
"slo",1867,0,0,0
"slo",1868,0,0,0
"slo",1869,0,0,0
"slo",1870,0,0,0
"slo",1871,0,0,0
"slo",1872,0,0,0
"slo",1873,0,0,0
"slo",1874,0,0,0
"slo",1875,0,0,0
"slo",1876,0,0,0
"slo",1877,0,0,0
"slo",1878,0,0,0
"slo",1879,0,0,0
"slo",1880,0,0,0
"slo",1881,0,0,0
"slo",1882,0,0,0
"slo",1883,0,0,0
"slo",1884,0,0,0
"slo",1885,0,0,0
"slo",1886,0,0,0
"slo",1887,0,0,0
"slo",1888,0,0,0
"slo",1889,0,0,0
"slo",1890,0,0,0
"slo",1891,0,0,0
"slo",1892,0,0,0
"slo",1893,0,0,0
"slo",1894,0,0,0
"slo",1895,0,0,0
"slo",1896,0,0,0
"slo",1897,0,0,0
"slo",1898,0,0,0
"slo",1899,0,0,0
"slo",1900,0,0,0
"slo",1901,0,0,0
"slo",1902,0,0,0
"slo",1903,0,0,0
"slo",1904,0,0,0
"slo",1905,0,0,0
"slo",1906,0,0,0
"slo",1907,0,0,0
"slo",1908,0,0,0
"slo",1909,0,0,0
"slo",1910,0,0,0
"slo",1911,0,0,0
"slo",1912,0,0,0
"slo",1913,0,0,0
"slo",1914,0,0,0
"slo",1915,0,0,0
"slo",1916,0,0,0
"slo",1917,0,0,0
"slo",1918,0,0,0
"slo",1919,0,0,0
"slo",1920,0,0,0
"slo",1921,0,0,0
"slo",1922,0,0,0
"slo",1923,0,0,0
"slo",1924,0,0,0
"slo",1925,0,0,0
"slo",1926,0,0,0
"slo",1927,0,0,0
"slo",1928,0,0,0
"slo",1929,0,0,0
"slo",1930,0,0,0
"slo",1931,0,0,0
"slo",1932,0,0,0
"slo",1933,0,0,0
"slo",1934,0,0,0
"slo",1935,0,0,0
"slo",1936,0,0,0
"slo",1937,0,0,0
"slo",1938,0,0,0
"slo",1939,0,0,0
"slo",1940,0,0,0
"slo",1941,0,0,0
"slo",1942,0,0,0
"slo",1943,0,0,0
"slo",1944,0,0,0
"slo",1945,0,0,0
"slo",1946,0,0,0
"slo",1947,0,0,0
"slo",1948,0,0,0
"slo",1949,0,0,0
"slo",1950,0,0,0
"slo",1951,0,0,0
"slo",1952,0,0,0
"slo",1953,0,0,0
"slo",1954,0,0,0
"slo",1955,0,0,0
"slo",1956,0,0,0
"slo",1957,0,0,0
"slo",1958,0,0,0
"slo",1959,0,0,0
"slo",1960,0,0,0
"slo",1961,0,0,0
"slo",1962,0,0,0
"slo",1963,0,0,0
"slo",1964,0,0,0
"slo",1965,0,0,0
"slo",1966,0,0,0
"slo",1967,0,0,0
"slo",1968,0,0,0
"slo",1969,0,0,0
"slo",1970,0,0,0
"slo",1971,0,0,0
"slo",1972,0,0,0
"slo",1973,0,0,0
"slo",1974,0,0,0
"slo",1975,0,0,0
"slo",1976,0,0,0
"slo",1977,0,0,0
"slo",1978,0,0,0
"slo",1979,0,0,0
"slo",1980,0,0,0
"slo",1981,0,0,0
"slo",1982,0,0,0
"slo",1983,0,0,0
"slo",1984,0,0,0
"slo",1985,0,0,0
"slo",1986,0,0,0
"slo",1987,0,0,0
"slo",1988,0,0,0
"slo",1989,0,0,0
"slo",1990,0,0,0
"slo",1991,0,0,0
"slo",1992,0,0,0
"slo",1993,0,0,0
"slo",1994,0,0,0
"slo",1995,0,0,0
"slo",1996,0,0,0
"slo",1997,0,0,0
"slo",1998,0,0,0
"slo",1999,0,0,0
"slo",2000,0,0,1
"slo",2001,0,0,0
"slo",2002,0,0,0
"slo",2003,0,0,0
"slo",2004,0,0,0
"slo",2005,0,0,0
"slo",2006,0,0,0
"slo",2007,0,0,0
"slo",2008,0,0,0
"slo",2009,0,0,0
"slo",2010,0,0,0
"slo",2011,1,0,2
"slo",2012,0,0,0
"slo",2013,0,0,0
"slo",2014,0,0,0
"slu",1816,0,0,0
"slu",1817,0,0,0
"slu",1818,0,0,0
"slu",1819,0,0,0
"slu",1820,0,0,0
"slu",1821,0,0,0
"slu",1822,0,0,0
"slu",1823,0,0,0
"slu",1824,0,0,0
"slu",1825,0,0,0
"slu",1826,0,0,0
"slu",1827,0,0,0
"slu",1828,0,0,0
"slu",1829,0,0,0
"slu",1830,0,0,0
"slu",1831,0,0,0
"slu",1832,0,0,0
"slu",1833,0,0,0
"slu",1834,0,0,0
"slu",1835,0,0,0
"slu",1836,0,0,0
"slu",1837,0,0,0
"slu",1838,0,0,0
"slu",1839,0,0,0
"slu",1840,0,0,0
"slu",1841,0,0,0
"slu",1842,0,0,0
"slu",1843,0,0,0
"slu",1844,0,0,0
"slu",1845,0,0,0
"slu",1846,0,0,0
"slu",1847,0,0,0
"slu",1848,0,0,0
"slu",1849,0,0,0
"slu",1850,0,0,0
"slu",1851,0,0,0
"slu",1852,0,0,0
"slu",1853,0,0,0
"slu",1854,0,0,0
"slu",1855,0,0,0
"slu",1856,0,0,0
"slu",1857,0,0,0
"slu",1858,0,0,0
"slu",1859,0,0,0
"slu",1860,0,0,0
"slu",1861,0,0,0
"slu",1862,0,0,0
"slu",1863,0,0,0
"slu",1864,0,0,0
"slu",1865,0,0,0
"slu",1866,0,0,0
"slu",1867,0,0,0
"slu",1868,0,0,0
"slu",1869,0,0,0
"slu",1870,0,0,0
"slu",1871,0,0,0
"slu",1872,0,0,0
"slu",1873,0,0,0
"slu",1874,0,0,0
"slu",1875,0,0,0
"slu",1876,0,0,0
"slu",1877,0,0,0
"slu",1878,0,0,0
"slu",1879,0,0,0
"slu",1880,0,0,0
"slu",1881,0,0,0
"slu",1882,0,0,0
"slu",1883,0,0,0
"slu",1884,0,0,0
"slu",1885,0,0,0
"slu",1886,0,0,0
"slu",1887,0,0,0
"slu",1888,0,0,0
"slu",1889,0,0,0
"slu",1890,0,0,0
"slu",1891,0,0,0
"slu",1892,0,0,0
"slu",1893,0,0,0
"slu",1894,0,0,0
"slu",1895,0,0,0
"slu",1896,0,0,0
"slu",1897,0,0,0
"slu",1898,0,0,0
"slu",1899,0,0,0
"slu",1900,0,0,0
"slu",1901,0,0,0
"slu",1902,0,0,0
"slu",1903,0,0,0
"slu",1904,0,0,0
"slu",1905,0,0,0
"slu",1906,0,0,0
"slu",1907,0,0,0
"slu",1908,0,0,0
"slu",1909,0,0,0
"slu",1910,0,0,0
"slu",1911,0,0,0
"slu",1912,0,0,0
"slu",1913,0,0,0
"slu",1914,0,0,0
"slu",1915,0,0,0
"slu",1916,0,0,0
"slu",1917,0,0,0
"slu",1918,0,0,0
"slu",1919,0,0,0
"slu",1920,0,0,0
"slu",1921,0,0,0
"slu",1922,0,0,0
"slu",1923,0,0,0
"slu",1924,0,0,0
"slu",1925,0,0,0
"slu",1926,0,0,0
"slu",1927,0,0,0
"slu",1928,0,0,0
"slu",1929,0,0,0
"slu",1930,0,0,0
"slu",1931,0,0,0
"slu",1932,0,0,0
"slu",1933,0,0,0
"slu",1934,0,0,0
"slu",1935,0,0,0
"slu",1936,0,0,0
"slu",1937,0,0,0
"slu",1938,0,0,0
"slu",1939,0,0,0
"slu",1940,0,0,0
"slu",1941,0,0,0
"slu",1942,0,0,0
"slu",1943,0,0,0
"slu",1944,0,0,0
"slu",1945,0,0,0
"slu",1946,0,0,0
"slu",1947,0,0,0
"slu",1948,0,0,0
"slu",1949,0,0,0
"slu",1950,0,0,0
"slu",1951,0,0,0
"slu",1952,0,0,0
"slu",1953,0,0,0
"slu",1954,0,0,0
"slu",1955,0,0,0
"slu",1956,0,0,0
"slu",1957,0,0,0
"slu",1958,0,0,0
"slu",1959,0,0,0
"slu",1960,0,0,0
"slu",1961,0,0,0
"slu",1962,0,0,0
"slu",1963,0,0,0
"slu",1964,0,0,0
"slu",1965,0,0,0
"slu",1966,0,0,0
"slu",1967,0,0,0
"slu",1968,0,0,0
"slu",1969,0,0,0
"slu",1970,0,0,0
"slu",1971,0,0,0
"slu",1972,0,0,0
"slu",1973,0,0,0
"slu",1974,0,0,0
"slu",1975,0,0,0
"slu",1976,0,0,0
"slu",1977,0,0,0
"slu",1978,0,0,0
"slu",1979,0,0,0
"slu",1980,0,0,0
"slu",1981,0,0,0
"slu",1982,0,0,0
"slu",1983,0,0,4
"slu",1984,0,0,0
"slu",1985,0,0,0
"slu",1986,0,0,0
"slu",1987,0,0,0
"slu",1988,0,0,0
"slu",1989,0,0,0
"slu",1990,0,0,0
"slu",1991,0,0,0
"slu",1992,0,0,0
"slu",1993,0,0,0
"slu",1994,0,0,0
"slu",1995,0,0,0
"slu",1996,0,0,0
"slu",1997,0,0,0
"slu",1998,0,0,0
"slu",1999,0,0,0
"slu",2000,0,0,0
"slu",2001,0,0,0
"slu",2002,0,0,0
"slu",2003,0,0,0
"slu",2004,0,0,0
"slu",2005,0,0,0
"slu",2006,0,0,0
"slu",2007,0,0,0
"slu",2008,0,0,0
"slu",2009,0,0,0
"slu",2010,0,0,0
"slu",2011,0,0,0
"slu",2012,0,0,0
"slu",2013,0,0,0
"slu",2014,0,0,0
"slv",1816,0,0,0
"slv",1817,0,0,0
"slv",1818,0,0,0
"slv",1819,0,0,0
"slv",1820,0,0,0
"slv",1821,0,0,0
"slv",1822,0,0,0
"slv",1823,0,0,0
"slv",1824,0,0,0
"slv",1825,0,0,0
"slv",1826,0,0,0
"slv",1827,0,0,0
"slv",1828,0,0,0
"slv",1829,0,0,0
"slv",1830,0,0,0
"slv",1831,0,0,0
"slv",1832,0,0,0
"slv",1833,0,0,0
"slv",1834,0,0,0
"slv",1835,0,0,0
"slv",1836,0,0,0
"slv",1837,0,0,0
"slv",1838,0,0,0
"slv",1839,0,0,0
"slv",1840,0,0,0
"slv",1841,0,0,0
"slv",1842,0,0,0
"slv",1843,0,0,0
"slv",1844,0,0,0
"slv",1845,0,0,0
"slv",1846,0,0,0
"slv",1847,0,0,0
"slv",1848,0,0,0
"slv",1849,0,0,0
"slv",1850,0,0,0
"slv",1851,0,0,0
"slv",1852,0,0,0
"slv",1853,0,0,0
"slv",1854,0,0,0
"slv",1855,0,0,0
"slv",1856,0,0,0
"slv",1857,0,0,0
"slv",1858,0,0,0
"slv",1859,0,0,0
"slv",1860,0,0,0
"slv",1861,0,0,0
"slv",1862,0,0,0
"slv",1863,0,0,0
"slv",1864,0,0,0
"slv",1865,0,0,0
"slv",1866,0,0,0
"slv",1867,0,0,0
"slv",1868,0,0,0
"slv",1869,0,0,0
"slv",1870,0,0,0
"slv",1871,0,0,0
"slv",1872,0,0,0
"slv",1873,0,0,0
"slv",1874,0,0,0
"slv",1875,0,0,0
"slv",1876,0,0,0
"slv",1877,0,0,0
"slv",1878,0,0,0
"slv",1879,0,0,0
"slv",1880,0,0,0
"slv",1881,0,0,0
"slv",1882,0,0,0
"slv",1883,0,0,0
"slv",1884,0,0,0
"slv",1885,0,0,0
"slv",1886,0,0,0
"slv",1887,0,0,0
"slv",1888,0,0,0
"slv",1889,0,0,0
"slv",1890,0,0,0
"slv",1891,0,0,0
"slv",1892,0,0,0
"slv",1893,0,0,0
"slv",1894,0,0,0
"slv",1895,0,0,0
"slv",1896,0,0,0
"slv",1897,0,0,0
"slv",1898,0,0,0
"slv",1899,0,0,0
"slv",1900,0,0,0
"slv",1901,0,0,0
"slv",1902,0,0,0
"slv",1903,0,0,0
"slv",1904,0,0,0
"slv",1905,0,0,0
"slv",1906,0,0,0
"slv",1907,0,0,0
"slv",1908,0,0,0
"slv",1909,0,0,0
"slv",1910,0,0,0
"slv",1911,0,0,0
"slv",1912,0,0,0
"slv",1913,0,0,0
"slv",1914,0,0,0
"slv",1915,0,0,0
"slv",1916,0,0,0
"slv",1917,0,0,0
"slv",1918,0,0,0
"slv",1919,0,0,0
"slv",1920,0,0,0
"slv",1921,0,0,0
"slv",1922,0,0,0
"slv",1923,0,0,0
"slv",1924,0,0,0
"slv",1925,0,0,0
"slv",1926,0,0,0
"slv",1927,0,0,0
"slv",1928,0,0,0
"slv",1929,0,0,0
"slv",1930,0,0,0
"slv",1931,0,0,0
"slv",1932,0,0,0
"slv",1933,0,0,0
"slv",1934,0,0,0
"slv",1935,0,0,0
"slv",1936,0,0,0
"slv",1937,0,0,0
"slv",1938,0,0,0
"slv",1939,0,0,0
"slv",1940,0,0,0
"slv",1941,0,0,0
"slv",1942,0,0,0
"slv",1943,0,0,0
"slv",1944,0,0,0
"slv",1945,0,0,0
"slv",1946,0,0,0
"slv",1947,0,0,0
"slv",1948,0,0,0
"slv",1949,0,0,0
"slv",1950,0,0,0
"slv",1951,0,0,0
"slv",1952,0,0,0
"slv",1953,0,0,0
"slv",1954,0,0,0
"slv",1955,0,0,0
"slv",1956,0,0,0
"slv",1957,0,0,0
"slv",1958,0,0,0
"slv",1959,0,0,0
"slv",1960,0,0,0
"slv",1961,0,0,0
"slv",1962,0,0,0
"slv",1963,0,0,0
"slv",1964,0,0,0
"slv",1965,0,0,0
"slv",1966,0,0,0
"slv",1967,0,0,0
"slv",1968,0,0,0
"slv",1969,0,0,0
"slv",1970,0,0,0
"slv",1971,0,0,0
"slv",1972,0,0,0
"slv",1973,0,0,0
"slv",1974,0,0,0
"slv",1975,0,0,0
"slv",1976,0,0,0
"slv",1977,0,0,0
"slv",1978,0,0,0
"slv",1979,0,0,0
"slv",1980,0,0,0
"slv",1981,0,0,0
"slv",1982,0,0,0
"slv",1983,0,0,0
"slv",1984,0,0,0
"slv",1985,0,0,0
"slv",1986,0,0,0
"slv",1987,0,0,0
"slv",1988,0,0,0
"slv",1989,0,0,0
"slv",1990,0,0,0
"slv",1991,0,0,0
"slv",1992,0,0,0
"slv",1993,0,0,0
"slv",1994,0,0,0
"slv",1995,0,0,0
"slv",1996,0,0,0
"slv",1997,0,0,0
"slv",1998,0,0,0
"slv",1999,0,0,0
"slv",2000,0,0,1
"slv",2001,0,0,0
"slv",2002,0,0,1
"slv",2003,0,0,0
"slv",2004,0,0,0
"slv",2005,0,0,0
"slv",2006,0,0,0
"slv",2007,0,0,0
"slv",2008,0,0,0
"slv",2009,0,0,0
"slv",2010,0,0,0
"slv",2011,1,0,2
"slv",2012,0,0,0
"slv",2013,0,0,0
"slv",2014,0,0,0
"sol",1816,0,0,0
"sol",1817,0,0,0
"sol",1818,0,0,0
"sol",1819,0,0,0
"sol",1820,0,0,0
"sol",1821,0,0,0
"sol",1822,0,0,0
"sol",1823,0,0,0
"sol",1824,0,0,0
"sol",1825,0,0,0
"sol",1826,0,0,0
"sol",1827,0,0,0
"sol",1828,0,0,0
"sol",1829,0,0,0
"sol",1830,0,0,0
"sol",1831,0,0,0
"sol",1832,0,0,0
"sol",1833,0,0,0
"sol",1834,0,0,0
"sol",1835,0,0,0
"sol",1836,0,0,0
"sol",1837,0,0,0
"sol",1838,0,0,0
"sol",1839,0,0,0
"sol",1840,0,0,0
"sol",1841,0,0,0
"sol",1842,0,0,0
"sol",1843,0,0,0
"sol",1844,0,0,0
"sol",1845,0,0,0
"sol",1846,0,0,0
"sol",1847,0,0,0
"sol",1848,0,0,0
"sol",1849,0,0,0
"sol",1850,0,0,0
"sol",1851,0,0,0
"sol",1852,0,0,0
"sol",1853,0,0,0
"sol",1854,0,0,0
"sol",1855,0,0,0
"sol",1856,0,0,0
"sol",1857,0,0,0
"sol",1858,0,0,0
"sol",1859,0,0,0
"sol",1860,0,0,0
"sol",1861,0,0,0
"sol",1862,0,0,0
"sol",1863,0,0,0
"sol",1864,0,0,0
"sol",1865,0,0,0
"sol",1866,0,0,0
"sol",1867,0,0,0
"sol",1868,0,0,0
"sol",1869,0,0,0
"sol",1870,0,0,0
"sol",1871,0,0,0
"sol",1872,0,0,0
"sol",1873,0,0,0
"sol",1874,0,0,0
"sol",1875,0,0,0
"sol",1876,0,0,0
"sol",1877,0,0,0
"sol",1878,0,0,0
"sol",1879,0,0,0
"sol",1880,0,0,0
"sol",1881,0,0,0
"sol",1882,0,0,0
"sol",1883,0,0,0
"sol",1884,0,0,0
"sol",1885,0,0,0
"sol",1886,0,0,0
"sol",1887,0,0,0
"sol",1888,0,0,0
"sol",1889,0,0,0
"sol",1890,0,0,0
"sol",1891,0,0,0
"sol",1892,0,0,0
"sol",1893,0,0,0
"sol",1894,0,0,0
"sol",1895,0,0,0
"sol",1896,0,0,0
"sol",1897,0,0,0
"sol",1898,0,0,0
"sol",1899,0,0,0
"sol",1900,0,0,0
"sol",1901,0,0,0
"sol",1902,0,0,0
"sol",1903,0,0,0
"sol",1904,0,0,0
"sol",1905,0,0,0
"sol",1906,0,0,0
"sol",1907,0,0,0
"sol",1908,0,0,0
"sol",1909,0,0,0
"sol",1910,0,0,0
"sol",1911,0,0,0
"sol",1912,0,0,0
"sol",1913,0,0,0
"sol",1914,0,0,0
"sol",1915,0,0,0
"sol",1916,0,0,0
"sol",1917,0,0,0
"sol",1918,0,0,0
"sol",1919,0,0,0
"sol",1920,0,0,0
"sol",1921,0,0,0
"sol",1922,0,0,0
"sol",1923,0,0,0
"sol",1924,0,0,0
"sol",1925,0,0,0
"sol",1926,0,0,0
"sol",1927,0,0,0
"sol",1928,0,0,0
"sol",1929,0,0,0
"sol",1930,0,0,0
"sol",1931,0,0,0
"sol",1932,0,0,0
"sol",1933,0,0,0
"sol",1934,0,0,0
"sol",1935,0,0,0
"sol",1936,0,0,0
"sol",1937,0,0,0
"sol",1938,0,0,0
"sol",1939,0,0,0
"sol",1940,0,0,0
"sol",1941,0,0,0
"sol",1942,0,0,0
"sol",1943,0,0,0
"sol",1944,0,0,0
"sol",1945,0,0,0
"sol",1946,0,0,0
"sol",1947,0,0,0
"sol",1948,0,0,0
"sol",1949,0,0,0
"sol",1950,0,0,0
"sol",1951,0,0,0
"sol",1952,0,0,0
"sol",1953,0,0,0
"sol",1954,0,0,0
"sol",1955,0,0,0
"sol",1956,0,0,0
"sol",1957,0,0,0
"sol",1958,0,0,0
"sol",1959,0,0,0
"sol",1960,0,0,0
"sol",1961,0,0,0
"sol",1962,0,0,0
"sol",1963,0,0,0
"sol",1964,0,0,0
"sol",1965,0,0,0
"sol",1966,0,0,0
"sol",1967,0,0,0
"sol",1968,0,0,0
"sol",1969,0,0,0
"sol",1970,0,0,0
"sol",1971,0,0,0
"sol",1972,0,0,0
"sol",1973,0,0,0
"sol",1974,0,0,0
"sol",1975,0,0,0
"sol",1976,0,0,0
"sol",1977,0,0,0
"sol",1978,0,0,0
"sol",1979,0,0,0
"sol",1980,0,0,0
"sol",1981,0,0,0
"sol",1982,0,0,0
"sol",1983,0,0,0
"sol",1984,0,0,0
"sol",1985,0,0,0
"sol",1986,0,0,0
"sol",1987,0,0,0
"sol",1988,0,0,0
"sol",1989,0,0,0
"sol",1990,0,0,0
"sol",1991,0,0,0
"sol",1992,0,0,0
"sol",1993,0,0,0
"sol",1994,0,0,0
"sol",1995,0,0,0
"sol",1996,1,0,4
"sol",1997,0,0,0
"sol",1998,0,0,0
"sol",1999,0,0,0
"sol",2000,0,0,0
"sol",2001,0,0,0
"sol",2002,0,0,0
"sol",2003,0,0,0
"sol",2004,0,0,0
"sol",2005,0,0,0
"sol",2006,0,0,0
"sol",2007,0,0,0
"sol",2008,0,0,0
"sol",2009,0,0,0
"sol",2010,0,0,0
"sol",2011,0,0,0
"sol",2012,0,0,0
"sol",2013,0,0,0
"sol",2014,0,0,0
"som",1816,0,0,0
"som",1817,0,0,0
"som",1818,0,0,0
"som",1819,0,0,0
"som",1820,0,0,0
"som",1821,0,0,0
"som",1822,0,0,0
"som",1823,0,0,0
"som",1824,0,0,0
"som",1825,0,0,0
"som",1826,0,0,0
"som",1827,0,0,0
"som",1828,0,0,0
"som",1829,0,0,0
"som",1830,0,0,0
"som",1831,0,0,0
"som",1832,0,0,0
"som",1833,0,0,0
"som",1834,0,0,0
"som",1835,0,0,0
"som",1836,0,0,0
"som",1837,0,0,0
"som",1838,0,0,0
"som",1839,0,0,0
"som",1840,0,0,0
"som",1841,0,0,0
"som",1842,0,0,0
"som",1843,0,0,0
"som",1844,0,0,0
"som",1845,0,0,0
"som",1846,0,0,0
"som",1847,0,0,0
"som",1848,0,0,0
"som",1849,0,0,0
"som",1850,0,0,0
"som",1851,0,0,0
"som",1852,0,0,0
"som",1853,0,0,0
"som",1854,0,0,0
"som",1855,0,0,0
"som",1856,0,0,0
"som",1857,0,0,0
"som",1858,0,0,0
"som",1859,0,0,0
"som",1860,0,0,0
"som",1861,0,0,0
"som",1862,0,0,0
"som",1863,0,0,0
"som",1864,0,0,0
"som",1865,0,0,0
"som",1866,0,0,0
"som",1867,0,0,0
"som",1868,0,0,0
"som",1869,0,0,0
"som",1870,0,0,0
"som",1871,0,0,0
"som",1872,0,0,0
"som",1873,0,0,0
"som",1874,0,0,0
"som",1875,0,0,0
"som",1876,0,0,0
"som",1877,0,0,0
"som",1878,0,0,0
"som",1879,0,0,0
"som",1880,0,0,0
"som",1881,0,0,0
"som",1882,0,0,0
"som",1883,0,0,0
"som",1884,0,0,0
"som",1885,0,0,0
"som",1886,0,0,0
"som",1887,0,0,0
"som",1888,0,0,0
"som",1889,0,0,0
"som",1890,0,0,0
"som",1891,0,0,0
"som",1892,0,0,0
"som",1893,0,0,0
"som",1894,0,0,0
"som",1895,0,0,0
"som",1896,0,0,0
"som",1897,0,0,0
"som",1898,0,0,0
"som",1899,0,0,0
"som",1900,0,0,0
"som",1901,0,0,0
"som",1902,0,0,0
"som",1903,0,0,0
"som",1904,0,0,0
"som",1905,0,0,0
"som",1906,0,0,0
"som",1907,0,0,0
"som",1908,0,0,0
"som",1909,0,0,0
"som",1910,0,0,0
"som",1911,0,0,0
"som",1912,0,0,0
"som",1913,0,0,0
"som",1914,0,0,0
"som",1915,0,0,0
"som",1916,0,0,0
"som",1917,0,0,0
"som",1918,0,0,0
"som",1919,0,0,0
"som",1920,0,0,0
"som",1921,0,0,0
"som",1922,0,0,0
"som",1923,0,0,0
"som",1924,0,0,0
"som",1925,0,0,0
"som",1926,0,0,0
"som",1927,0,0,0
"som",1928,0,0,0
"som",1929,0,0,0
"som",1930,0,0,0
"som",1931,0,0,0
"som",1932,0,0,0
"som",1933,0,0,0
"som",1934,0,0,0
"som",1935,0,0,0
"som",1936,0,0,0
"som",1937,0,0,0
"som",1938,0,0,0
"som",1939,0,0,0
"som",1940,0,0,0
"som",1941,0,0,0
"som",1942,0,0,0
"som",1943,0,0,0
"som",1944,0,0,0
"som",1945,0,0,0
"som",1946,0,0,0
"som",1947,0,0,0
"som",1948,0,0,0
"som",1949,0,0,0
"som",1950,0,0,0
"som",1951,0,0,0
"som",1952,0,0,0
"som",1953,0,0,0
"som",1954,0,0,0
"som",1955,0,0,0
"som",1956,0,0,0
"som",1957,0,0,0
"som",1958,0,0,0
"som",1959,0,0,0
"som",1960,1,0,3
"som",1961,1,0,3
"som",1962,0,0,0
"som",1963,1,3,4
"som",1964,1,3,4
"som",1965,1,0,4
"som",1966,1,0.5,3
"som",1967,1,2,4
"som",1968,0,0,0
"som",1969,0,0,0
"som",1970,0,0,0
"som",1971,0,0,0
"som",1972,0,0,0
"som",1973,1,0,3
"som",1974,1,1,4
"som",1975,1,1,4
"som",1976,1,1,4
"som",1977,1,6,5
"som",1978,1,6,5
"som",1979,0,0,0
"som",1980,1,3,4
"som",1981,1,3,4
"som",1982,1,4,4
"som",1983,1,4,4
"som",1984,1,3,4
"som",1985,1,2,4
"som",1986,0,0,0
"som",1987,0,2,4
"som",1988,0,0,0
"som",1989,1,0,4
"som",1990,0,0,0
"som",1991,0,0,0
"som",1992,0,0,0
"som",1993,0,0,0
"som",1994,0,0,0
"som",1995,0,0,0
"som",1996,0,0,0
"som",1997,0,0,0
"som",1998,0,0,0
"som",1999,0,0,0
"som",2000,0,0,0
"som",2001,0,0,0
"som",2002,0,0,0
"som",2003,0,0,0
"som",2004,0,0,0
"som",2005,0,0,1
"som",2006,0,0,1
"som",2007,0,0,1
"som",2008,0.25,0.25,1.75
"som",2009,0,0,1
"som",2010,0,0,1
"som",2011,0,0,1
"som",2012,0,0,0
"som",2013,0,1,4
"som",2014,0,0,0
"spn",1816,0,0,1
"spn",1817,0,0,0
"spn",1818,0,0,0
"spn",1819,0,0,0
"spn",1820,0,0,0
"spn",1821,0,0,1
"spn",1822,0,2.5,3
"spn",1823,0,5,5
"spn",1824,0,0,0
"spn",1825,0,0,0
"spn",1826,0,0,0
"spn",1827,0,0,0
"spn",1828,0,0,0
"spn",1829,0,0,0
"spn",1830,0,0,0
"spn",1831,0,0,0
"spn",1832,0,0,0
"spn",1833,0,0,0
"spn",1834,0,0,0
"spn",1835,0,0,0
"spn",1836,0,0,0
"spn",1837,0,0,0
"spn",1838,0,0,0
"spn",1839,0,0,0
"spn",1840,0,0,0
"spn",1841,0,0,0
"spn",1842,0,0,0
"spn",1843,0,0,0
"spn",1844,0,0,0
"spn",1845,0,0,0
"spn",1846,1,0,1
"spn",1847,1,0,1
"spn",1848,0,0,0
"spn",1849,0,0,0
"spn",1850,1,0,4
"spn",1851,0,0,0
"spn",1852,0,0,0
"spn",1853,0,0,0
"spn",1854,1,0,4
"spn",1855,1,0,4
"spn",1856,0,0,0
"spn",1857,0,0,0
"spn",1858,0,0,0
"spn",1859,0.5,3,3
"spn",1860,0.5,3,3
"spn",1861,0,0,0
"spn",1862,1,0,3
"spn",1863,1,0,3
"spn",1864,0.5,0,2.5
"spn",1865,1,2,4.5
"spn",1866,0.5,2,3
"spn",1867,0,0,0
"spn",1868,0,0,0
"spn",1869,0,0,0
"spn",1870,0,0,0
"spn",1871,0,0,0
"spn",1872,0,0,0
"spn",1873,1,0,4
"spn",1874,0,0,0
"spn",1875,0,0,0
"spn",1876,0,0,0
"spn",1877,0,0,0
"spn",1878,0,0,0
"spn",1879,0,0,0
"spn",1880,0,0,0
"spn",1881,0,0,0
"spn",1882,0,0,0
"spn",1883,0,0,0
"spn",1884,0,0,0
"spn",1885,0,0,0
"spn",1886,0,0,0
"spn",1887,0,0,0
"spn",1888,0,0,0
"spn",1889,0,0,0
"spn",1890,0,0,3
"spn",1891,0,0,0
"spn",1892,0,0,0
"spn",1893,1,0,4
"spn",1894,1,0,4
"spn",1895,0,0,4
"spn",1896,0,0,0
"spn",1897,0,0,0
"spn",1898,0,6,5
"spn",1899,0,0,0
"spn",1900,0,0,0
"spn",1901,0,0,0
"spn",1902,0,0,0
"spn",1903,0,0,0
"spn",1904,0,0,0
"spn",1905,0,0,0
"spn",1906,0,0,0
"spn",1907,0,0,0
"spn",1908,0,0,0
"spn",1909,1,6,5
"spn",1910,1,6,5
"spn",1911,0,0,0
"spn",1912,0,0,0
"spn",1913,0,0,3
"spn",1914,0,0,0
"spn",1915,0,0,1
"spn",1916,0,0,1
"spn",1917,0,0,1
"spn",1918,0,0,1
"spn",1919,0,0,4
"spn",1920,0,0,0
"spn",1921,0,0,0
"spn",1922,0,0,0
"spn",1923,0,0,0
"spn",1924,0,0,0
"spn",1925,0,0,0
"spn",1926,0,0,0
"spn",1927,0,0,2
"spn",1928,0,0,0
"spn",1929,0,0,0
"spn",1930,0,0,0
"spn",1931,0,0,0
"spn",1932,0,0,0
"spn",1933,0,0,0
"spn",1934,0,0,0
"spn",1935,0,0,0
"spn",1936,0,0,0
"spn",1937,0,0,0
"spn",1938,0,0,0
"spn",1939,0,0,0
"spn",1940,0.75,0,3.25
"spn",1941,0,5,4
"spn",1942,0,5,4
"spn",1943,0,2.5,2.5
"spn",1944,0,5,4
"spn",1945,0,0,0
"spn",1946,0,0,0
"spn",1947,0,0,0
"spn",1948,0,0,0
"spn",1949,0,0,0
"spn",1950,0,0,0
"spn",1951,0,0,0
"spn",1952,0,0,0
"spn",1953,0,0,0
"spn",1954,0,0,0
"spn",1955,0,0,0
"spn",1956,0,0,0
"spn",1957,0,0,4
"spn",1958,0,0,4
"spn",1959,0,0,0
"spn",1960,0,0,0
"spn",1961,0.5,0,2.5
"spn",1962,0,0,0
"spn",1963,0,0,0
"spn",1964,0,0,0
"spn",1965,0,0,0
"spn",1966,0,0,0
"spn",1967,0,0,0
"spn",1968,0,0,0
"spn",1969,0,0,4
"spn",1970,0,0,0
"spn",1971,0,0,0
"spn",1972,0,0,0
"spn",1973,0,0,0
"spn",1974,0,0,0
"spn",1975,0,0,3
"spn",1976,0,0,0
"spn",1977,0,0,0
"spn",1978,0,0,0
"spn",1979,0,0,1
"spn",1980,0,0,0
"spn",1981,0,0,0
"spn",1982,0,0,0
"spn",1983,0,0,0
"spn",1984,0,0,1
"spn",1985,0,0,1
"spn",1986,1,0,3
"spn",1987,0,0,1
"spn",1988,0,0,1
"spn",1989,0,0,0
"spn",1990,0,0,3
"spn",1991,0,0,3
"spn",1992,1,0,4
"spn",1993,1,0,4
"spn",1994,1,0,4
"spn",1995,1,0,3.5
"spn",1996,1,0,4
"spn",1997,0,0,0
"spn",1998,1,0,4
"spn",1999,0.5,0,2.5
"spn",2000,0,0,1.5
"spn",2001,1,0,3
"spn",2002,0,0,3.5
"spn",2003,0,0,4
"spn",2004,0,0,0
"spn",2005,0,0,0
"spn",2006,0,0,0
"spn",2007,0,0,0
"spn",2008,0,0,0
"spn",2009,0,0,0
"spn",2010,0,0,0
"spn",2011,1,0,4
"spn",2012,1,0,3
"spn",2013,1,0,3
"spn",2014,1,0,1
"sri",1816,0,0,0
"sri",1817,0,0,0
"sri",1818,0,0,0
"sri",1819,0,0,0
"sri",1820,0,0,0
"sri",1821,0,0,0
"sri",1822,0,0,0
"sri",1823,0,0,0
"sri",1824,0,0,0
"sri",1825,0,0,0
"sri",1826,0,0,0
"sri",1827,0,0,0
"sri",1828,0,0,0
"sri",1829,0,0,0
"sri",1830,0,0,0
"sri",1831,0,0,0
"sri",1832,0,0,0
"sri",1833,0,0,0
"sri",1834,0,0,0
"sri",1835,0,0,0
"sri",1836,0,0,0
"sri",1837,0,0,0
"sri",1838,0,0,0
"sri",1839,0,0,0
"sri",1840,0,0,0
"sri",1841,0,0,0
"sri",1842,0,0,0
"sri",1843,0,0,0
"sri",1844,0,0,0
"sri",1845,0,0,0
"sri",1846,0,0,0
"sri",1847,0,0,0
"sri",1848,0,0,0
"sri",1849,0,0,0
"sri",1850,0,0,0
"sri",1851,0,0,0
"sri",1852,0,0,0
"sri",1853,0,0,0
"sri",1854,0,0,0
"sri",1855,0,0,0
"sri",1856,0,0,0
"sri",1857,0,0,0
"sri",1858,0,0,0
"sri",1859,0,0,0
"sri",1860,0,0,0
"sri",1861,0,0,0
"sri",1862,0,0,0
"sri",1863,0,0,0
"sri",1864,0,0,0
"sri",1865,0,0,0
"sri",1866,0,0,0
"sri",1867,0,0,0
"sri",1868,0,0,0
"sri",1869,0,0,0
"sri",1870,0,0,0
"sri",1871,0,0,0
"sri",1872,0,0,0
"sri",1873,0,0,0
"sri",1874,0,0,0
"sri",1875,0,0,0
"sri",1876,0,0,0
"sri",1877,0,0,0
"sri",1878,0,0,0
"sri",1879,0,0,0
"sri",1880,0,0,0
"sri",1881,0,0,0
"sri",1882,0,0,0
"sri",1883,0,0,0
"sri",1884,0,0,0
"sri",1885,0,0,0
"sri",1886,0,0,0
"sri",1887,0,0,0
"sri",1888,0,0,0
"sri",1889,0,0,0
"sri",1890,0,0,0
"sri",1891,0,0,0
"sri",1892,0,0,0
"sri",1893,0,0,0
"sri",1894,0,0,0
"sri",1895,0,0,0
"sri",1896,0,0,0
"sri",1897,0,0,0
"sri",1898,0,0,0
"sri",1899,0,0,0
"sri",1900,0,0,0
"sri",1901,0,0,0
"sri",1902,0,0,0
"sri",1903,0,0,0
"sri",1904,0,0,0
"sri",1905,0,0,0
"sri",1906,0,0,0
"sri",1907,0,0,0
"sri",1908,0,0,0
"sri",1909,0,0,0
"sri",1910,0,0,0
"sri",1911,0,0,0
"sri",1912,0,0,0
"sri",1913,0,0,0
"sri",1914,0,0,0
"sri",1915,0,0,0
"sri",1916,0,0,0
"sri",1917,0,0,0
"sri",1918,0,0,0
"sri",1919,0,0,0
"sri",1920,0,0,0
"sri",1921,0,0,0
"sri",1922,0,0,0
"sri",1923,0,0,0
"sri",1924,0,0,0
"sri",1925,0,0,0
"sri",1926,0,0,0
"sri",1927,0,0,0
"sri",1928,0,0,0
"sri",1929,0,0,0
"sri",1930,0,0,0
"sri",1931,0,0,0
"sri",1932,0,0,0
"sri",1933,0,0,0
"sri",1934,0,0,0
"sri",1935,0,0,0
"sri",1936,0,0,0
"sri",1937,0,0,0
"sri",1938,0,0,0
"sri",1939,0,0,0
"sri",1940,0,0,0
"sri",1941,0,0,0
"sri",1942,0,0,0
"sri",1943,0,0,0
"sri",1944,0,0,0
"sri",1945,0,0,0
"sri",1946,0,0,0
"sri",1947,0,0,0
"sri",1948,0,0,0
"sri",1949,0,0,0
"sri",1950,0,0,0
"sri",1951,0,0,0
"sri",1952,0,0,0
"sri",1953,0,0,0
"sri",1954,0,0,0
"sri",1955,0,0,0
"sri",1956,0,0,0
"sri",1957,0,0,0
"sri",1958,0,0,0
"sri",1959,0,0,0
"sri",1960,0,0,0
"sri",1961,0,0,0
"sri",1962,0,0,0
"sri",1963,0,0,0
"sri",1964,0,0,0
"sri",1965,0,0,0
"sri",1966,0,0,0
"sri",1967,0,0,0
"sri",1968,0,0,0
"sri",1969,0,0,0
"sri",1970,0,0,0
"sri",1971,0,0,0
"sri",1972,0,0,0
"sri",1973,0,0,0
"sri",1974,0,0,0
"sri",1975,0,0,0
"sri",1976,0,0,0
"sri",1977,0,0,0
"sri",1978,0,0,0
"sri",1979,0,0,0
"sri",1980,0,0,0
"sri",1981,0,0,0
"sri",1982,0,0,0
"sri",1983,0,0,0
"sri",1984,0,0,4
"sri",1985,0,0,4
"sri",1986,0,0,0
"sri",1987,0,0,3
"sri",1988,0,0,0
"sri",1989,1,0,4
"sri",1990,0,0,0
"sri",1991,0,0,0
"sri",1992,0,0,0
"sri",1993,0,0,0
"sri",1994,0,0,0
"sri",1995,0,0,0
"sri",1996,0,0,0
"sri",1997,0,0,0
"sri",1998,0,0,0
"sri",1999,0,0,0
"sri",2000,0,0,0
"sri",2001,0,0,0
"sri",2002,0,0,0
"sri",2003,0,0,0
"sri",2004,0,0,0
"sri",2005,0,0,0
"sri",2006,0,0,0
"sri",2007,0,0,0
"sri",2008,1,0,4
"sri",2009,0,0,0
"sri",2010,0,0,0
"sri",2011,0,0,0
"sri",2012,0,0,0
"sri",2013,0,0,0
"sri",2014,0,0,0
"ssd",1816,0,0,0
"ssd",1817,0,0,0
"ssd",1818,0,0,0
"ssd",1819,0,0,0
"ssd",1820,0,0,0
"ssd",1821,0,0,0
"ssd",1822,0,0,0
"ssd",1823,0,0,0
"ssd",1824,0,0,0
"ssd",1825,0,0,0
"ssd",1826,0,0,0
"ssd",1827,0,0,0
"ssd",1828,0,0,0
"ssd",1829,0,0,0
"ssd",1830,0,0,0
"ssd",1831,0,0,0
"ssd",1832,0,0,0
"ssd",1833,0,0,0
"ssd",1834,0,0,0
"ssd",1835,0,0,0
"ssd",1836,0,0,0
"ssd",1837,0,0,0
"ssd",1838,0,0,0
"ssd",1839,0,0,0
"ssd",1840,0,0,0
"ssd",1841,0,0,0
"ssd",1842,0,0,0
"ssd",1843,0,0,0
"ssd",1844,0,0,0
"ssd",1845,0,0,0
"ssd",1846,0,0,0
"ssd",1847,0,0,0
"ssd",1848,0,0,0
"ssd",1849,0,0,0
"ssd",1850,0,0,0
"ssd",1851,0,0,0
"ssd",1852,0,0,0
"ssd",1853,0,0,0
"ssd",1854,0,0,0
"ssd",1855,0,0,0
"ssd",1856,0,0,0
"ssd",1857,0,0,0
"ssd",1858,0,0,0
"ssd",1859,0,0,0
"ssd",1860,0,0,0
"ssd",1861,0,0,0
"ssd",1862,0,0,0
"ssd",1863,0,0,0
"ssd",1864,0,0,0
"ssd",1865,0,0,0
"ssd",1866,0,0,0
"ssd",1867,0,0,0
"ssd",1868,0,0,0
"ssd",1869,0,0,0
"ssd",1870,0,0,0
"ssd",1871,0,0,0
"ssd",1872,0,0,0
"ssd",1873,0,0,0
"ssd",1874,0,0,0
"ssd",1875,0,0,0
"ssd",1876,0,0,0
"ssd",1877,0,0,0
"ssd",1878,0,0,0
"ssd",1879,0,0,0
"ssd",1880,0,0,0
"ssd",1881,0,0,0
"ssd",1882,0,0,0
"ssd",1883,0,0,0
"ssd",1884,0,0,0
"ssd",1885,0,0,0
"ssd",1886,0,0,0
"ssd",1887,0,0,0
"ssd",1888,0,0,0
"ssd",1889,0,0,0
"ssd",1890,0,0,0
"ssd",1891,0,0,0
"ssd",1892,0,0,0
"ssd",1893,0,0,0
"ssd",1894,0,0,0
"ssd",1895,0,0,0
"ssd",1896,0,0,0
"ssd",1897,0,0,0
"ssd",1898,0,0,0
"ssd",1899,0,0,0
"ssd",1900,0,0,0
"ssd",1901,0,0,0
"ssd",1902,0,0,0
"ssd",1903,0,0,0
"ssd",1904,0,0,0
"ssd",1905,0,0,0
"ssd",1906,0,0,0
"ssd",1907,0,0,0
"ssd",1908,0,0,0
"ssd",1909,0,0,0
"ssd",1910,0,0,0
"ssd",1911,0,0,0
"ssd",1912,0,0,0
"ssd",1913,0,0,0
"ssd",1914,0,0,0
"ssd",1915,0,0,0
"ssd",1916,0,0,0
"ssd",1917,0,0,0
"ssd",1918,0,0,0
"ssd",1919,0,0,0
"ssd",1920,0,0,0
"ssd",1921,0,0,0
"ssd",1922,0,0,0
"ssd",1923,0,0,0
"ssd",1924,0,0,0
"ssd",1925,0,0,0
"ssd",1926,0,0,0
"ssd",1927,0,0,0
"ssd",1928,0,0,0
"ssd",1929,0,0,0
"ssd",1930,0,0,0
"ssd",1931,0,0,0
"ssd",1932,0,0,0
"ssd",1933,0,0,0
"ssd",1934,0,0,0
"ssd",1935,0,0,0
"ssd",1936,0,0,0
"ssd",1937,0,0,0
"ssd",1938,0,0,0
"ssd",1939,0,0,0
"ssd",1940,0,0,0
"ssd",1941,0,0,0
"ssd",1942,0,0,0
"ssd",1943,0,0,0
"ssd",1944,0,0,0
"ssd",1945,0,0,0
"ssd",1946,0,0,0
"ssd",1947,0,0,0
"ssd",1948,0,0,0
"ssd",1949,0,0,0
"ssd",1950,0,0,0
"ssd",1951,0,0,0
"ssd",1952,0,0,0
"ssd",1953,0,0,0
"ssd",1954,0,0,0
"ssd",1955,0,0,0
"ssd",1956,0,0,0
"ssd",1957,0,0,0
"ssd",1958,0,0,0
"ssd",1959,0,0,0
"ssd",1960,0,0,0
"ssd",1961,0,0,0
"ssd",1962,0,0,0
"ssd",1963,0,0,0
"ssd",1964,0,0,0
"ssd",1965,0,0,0
"ssd",1966,0,0,0
"ssd",1967,0,0,0
"ssd",1968,0,0,0
"ssd",1969,0,0,0
"ssd",1970,0,0,0
"ssd",1971,0,0,0
"ssd",1972,0,0,0
"ssd",1973,0,0,0
"ssd",1974,0,0,0
"ssd",1975,0,0,0
"ssd",1976,0,0,0
"ssd",1977,0,0,0
"ssd",1978,0,0,0
"ssd",1979,0,0,0
"ssd",1980,0,0,0
"ssd",1981,0,0,0
"ssd",1982,0,0,0
"ssd",1983,0,0,0
"ssd",1984,0,0,0
"ssd",1985,0,0,0
"ssd",1986,0,0,0
"ssd",1987,0,0,0
"ssd",1988,0,0,0
"ssd",1989,0,0,0
"ssd",1990,0,0,0
"ssd",1991,0,0,0
"ssd",1992,0,0,0
"ssd",1993,0,0,0
"ssd",1994,0,0,0
"ssd",1995,0,0,0
"ssd",1996,0,0,0
"ssd",1997,0,0,0
"ssd",1998,0,0,0
"ssd",1999,0,0,0
"ssd",2000,0,0,0
"ssd",2001,0,0,0
"ssd",2002,0,0,0
"ssd",2003,0,0,0
"ssd",2004,0,0,0
"ssd",2005,0,0,0
"ssd",2006,0,0,0
"ssd",2007,0,0,0
"ssd",2008,0,0,0
"ssd",2009,0,0,0
"ssd",2010,0,0,0
"ssd",2011,0,0,0
"ssd",2012,0,0,0
"ssd",2013,0,0,4
"ssd",2014,1,0,1
"sud",1816,0,0,0
"sud",1817,0,0,0
"sud",1818,0,0,0
"sud",1819,0,0,0
"sud",1820,0,0,0
"sud",1821,0,0,0
"sud",1822,0,0,0
"sud",1823,0,0,0
"sud",1824,0,0,0
"sud",1825,0,0,0
"sud",1826,0,0,0
"sud",1827,0,0,0
"sud",1828,0,0,0
"sud",1829,0,0,0
"sud",1830,0,0,0
"sud",1831,0,0,0
"sud",1832,0,0,0
"sud",1833,0,0,0
"sud",1834,0,0,0
"sud",1835,0,0,0
"sud",1836,0,0,0
"sud",1837,0,0,0
"sud",1838,0,0,0
"sud",1839,0,0,0
"sud",1840,0,0,0
"sud",1841,0,0,0
"sud",1842,0,0,0
"sud",1843,0,0,0
"sud",1844,0,0,0
"sud",1845,0,0,0
"sud",1846,0,0,0
"sud",1847,0,0,0
"sud",1848,0,0,0
"sud",1849,0,0,0
"sud",1850,0,0,0
"sud",1851,0,0,0
"sud",1852,0,0,0
"sud",1853,0,0,0
"sud",1854,0,0,0
"sud",1855,0,0,0
"sud",1856,0,0,0
"sud",1857,0,0,0
"sud",1858,0,0,0
"sud",1859,0,0,0
"sud",1860,0,0,0
"sud",1861,0,0,0
"sud",1862,0,0,0
"sud",1863,0,0,0
"sud",1864,0,0,0
"sud",1865,0,0,0
"sud",1866,0,0,0
"sud",1867,0,0,0
"sud",1868,0,0,0
"sud",1869,0,0,0
"sud",1870,0,0,0
"sud",1871,0,0,0
"sud",1872,0,0,0
"sud",1873,0,0,0
"sud",1874,0,0,0
"sud",1875,0,0,0
"sud",1876,0,0,0
"sud",1877,0,0,0
"sud",1878,0,0,0
"sud",1879,0,0,0
"sud",1880,0,0,0
"sud",1881,0,0,0
"sud",1882,0,0,0
"sud",1883,0,0,0
"sud",1884,0,0,0
"sud",1885,0,0,0
"sud",1886,0,0,0
"sud",1887,0,0,0
"sud",1888,0,0,0
"sud",1889,0,0,0
"sud",1890,0,0,0
"sud",1891,0,0,0
"sud",1892,0,0,0
"sud",1893,0,0,0
"sud",1894,0,0,0
"sud",1895,0,0,0
"sud",1896,0,0,0
"sud",1897,0,0,0
"sud",1898,0,0,0
"sud",1899,0,0,0
"sud",1900,0,0,0
"sud",1901,0,0,0
"sud",1902,0,0,0
"sud",1903,0,0,0
"sud",1904,0,0,0
"sud",1905,0,0,0
"sud",1906,0,0,0
"sud",1907,0,0,0
"sud",1908,0,0,0
"sud",1909,0,0,0
"sud",1910,0,0,0
"sud",1911,0,0,0
"sud",1912,0,0,0
"sud",1913,0,0,0
"sud",1914,0,0,0
"sud",1915,0,0,0
"sud",1916,0,0,0
"sud",1917,0,0,0
"sud",1918,0,0,0
"sud",1919,0,0,0
"sud",1920,0,0,0
"sud",1921,0,0,0
"sud",1922,0,0,0
"sud",1923,0,0,0
"sud",1924,0,0,0
"sud",1925,0,0,0
"sud",1926,0,0,0
"sud",1927,0,0,0
"sud",1928,0,0,0
"sud",1929,0,0,0
"sud",1930,0,0,0
"sud",1931,0,0,0
"sud",1932,0,0,0
"sud",1933,0,0,0
"sud",1934,0,0,0
"sud",1935,0,0,0
"sud",1936,0,0,0
"sud",1937,0,0,0
"sud",1938,0,0,0
"sud",1939,0,0,0
"sud",1940,0,0,0
"sud",1941,0,0,0
"sud",1942,0,0,0
"sud",1943,0,0,0
"sud",1944,0,0,0
"sud",1945,0,0,0
"sud",1946,0,0,0
"sud",1947,0,0,0
"sud",1948,0,0,0
"sud",1949,0,0,0
"sud",1950,0,0,0
"sud",1951,0,0,0
"sud",1952,0,0,0
"sud",1953,0,0,0
"sud",1954,0,0,0
"sud",1955,0,0,0
"sud",1956,0,0,0
"sud",1957,0,0,0
"sud",1958,0,0,4
"sud",1959,0,0,0
"sud",1960,0,0,0
"sud",1961,0,0,3
"sud",1962,0,0,3
"sud",1963,0,0,0
"sud",1964,0,0,0
"sud",1965,0,0,0
"sud",1966,0,0,3
"sud",1967,0,0,1
"sud",1968,1,0,4
"sud",1969,0,0,0
"sud",1970,0,0,0
"sud",1971,0.5,0,2
"sud",1972,0,0,4
"sud",1973,0,0,0
"sud",1974,0,0,1
"sud",1975,0,0,0
"sud",1976,0,0,0
"sud",1977,0,0,3
"sud",1978,0,0,0
"sud",1979,0,0,2
"sud",1980,0,0,0
"sud",1981,0,0,0
"sud",1982,0,0,0
"sud",1983,0,0,3
"sud",1984,0,0,1
"sud",1985,0,0,0
"sud",1986,0,0,1
"sud",1987,0,0,0
"sud",1988,0,0,1
"sud",1989,1,0,4
"sud",1990,1,0,4
"sud",1991,0,0,1
"sud",1992,0,0,0
"sud",1993,1,0,4
"sud",1994,1,0,3.5
"sud",1995,1,1,4
"sud",1996,0,0,0
"sud",1997,0,0,3
"sud",1998,0,0,2.5
"sud",1999,0,0,4
"sud",2000,0,0,0
"sud",2001,0,0,1
"sud",2002,0,0,0
"sud",2003,0,0,4
"sud",2004,0,0,2.5
"sud",2005,0,0,3
"sud",2006,0.5,0.5,4
"sud",2007,1,0.5,4
"sud",2008,0.5,0,4
"sud",2009,0,0,1
"sud",2010,0,0,0
"sud",2011,0,0,1
"sud",2012,0,0,1
"sud",2013,0,0,0
"sud",2014,1,0,4
"sur",1816,0,0,0
"sur",1817,0,0,0
"sur",1818,0,0,0
"sur",1819,0,0,0
"sur",1820,0,0,0
"sur",1821,0,0,0
"sur",1822,0,0,0
"sur",1823,0,0,0
"sur",1824,0,0,0
"sur",1825,0,0,0
"sur",1826,0,0,0
"sur",1827,0,0,0
"sur",1828,0,0,0
"sur",1829,0,0,0
"sur",1830,0,0,0
"sur",1831,0,0,0
"sur",1832,0,0,0
"sur",1833,0,0,0
"sur",1834,0,0,0
"sur",1835,0,0,0
"sur",1836,0,0,0
"sur",1837,0,0,0
"sur",1838,0,0,0
"sur",1839,0,0,0
"sur",1840,0,0,0
"sur",1841,0,0,0
"sur",1842,0,0,0
"sur",1843,0,0,0
"sur",1844,0,0,0
"sur",1845,0,0,0
"sur",1846,0,0,0
"sur",1847,0,0,0
"sur",1848,0,0,0
"sur",1849,0,0,0
"sur",1850,0,0,0
"sur",1851,0,0,0
"sur",1852,0,0,0
"sur",1853,0,0,0
"sur",1854,0,0,0
"sur",1855,0,0,0
"sur",1856,0,0,0
"sur",1857,0,0,0
"sur",1858,0,0,0
"sur",1859,0,0,0
"sur",1860,0,0,0
"sur",1861,0,0,0
"sur",1862,0,0,0
"sur",1863,0,0,0
"sur",1864,0,0,0
"sur",1865,0,0,0
"sur",1866,0,0,0
"sur",1867,0,0,0
"sur",1868,0,0,0
"sur",1869,0,0,0
"sur",1870,0,0,0
"sur",1871,0,0,0
"sur",1872,0,0,0
"sur",1873,0,0,0
"sur",1874,0,0,0
"sur",1875,0,0,0
"sur",1876,0,0,0
"sur",1877,0,0,0
"sur",1878,0,0,0
"sur",1879,0,0,0
"sur",1880,0,0,0
"sur",1881,0,0,0
"sur",1882,0,0,0
"sur",1883,0,0,0
"sur",1884,0,0,0
"sur",1885,0,0,0
"sur",1886,0,0,0
"sur",1887,0,0,0
"sur",1888,0,0,0
"sur",1889,0,0,0
"sur",1890,0,0,0
"sur",1891,0,0,0
"sur",1892,0,0,0
"sur",1893,0,0,0
"sur",1894,0,0,0
"sur",1895,0,0,0
"sur",1896,0,0,0
"sur",1897,0,0,0
"sur",1898,0,0,0
"sur",1899,0,0,0
"sur",1900,0,0,0
"sur",1901,0,0,0
"sur",1902,0,0,0
"sur",1903,0,0,0
"sur",1904,0,0,0
"sur",1905,0,0,0
"sur",1906,0,0,0
"sur",1907,0,0,0
"sur",1908,0,0,0
"sur",1909,0,0,0
"sur",1910,0,0,0
"sur",1911,0,0,0
"sur",1912,0,0,0
"sur",1913,0,0,0
"sur",1914,0,0,0
"sur",1915,0,0,0
"sur",1916,0,0,0
"sur",1917,0,0,0
"sur",1918,0,0,0
"sur",1919,0,0,0
"sur",1920,0,0,0
"sur",1921,0,0,0
"sur",1922,0,0,0
"sur",1923,0,0,0
"sur",1924,0,0,0
"sur",1925,0,0,0
"sur",1926,0,0,0
"sur",1927,0,0,0
"sur",1928,0,0,0
"sur",1929,0,0,0
"sur",1930,0,0,0
"sur",1931,0,0,0
"sur",1932,0,0,0
"sur",1933,0,0,0
"sur",1934,0,0,0
"sur",1935,0,0,0
"sur",1936,0,0,0
"sur",1937,0,0,0
"sur",1938,0,0,0
"sur",1939,0,0,0
"sur",1940,0,0,0
"sur",1941,0,0,0
"sur",1942,0,0,0
"sur",1943,0,0,0
"sur",1944,0,0,0
"sur",1945,0,0,0
"sur",1946,0,0,0
"sur",1947,0,0,0
"sur",1948,0,0,0
"sur",1949,0,0,0
"sur",1950,0,0,0
"sur",1951,0,0,0
"sur",1952,0,0,0
"sur",1953,0,0,0
"sur",1954,0,0,0
"sur",1955,0,0,0
"sur",1956,0,0,0
"sur",1957,0,0,0
"sur",1958,0,0,0
"sur",1959,0,0,0
"sur",1960,0,0,0
"sur",1961,0,0,0
"sur",1962,0,0,0
"sur",1963,0,0,0
"sur",1964,0,0,0
"sur",1965,0,0,0
"sur",1966,0,0,0
"sur",1967,0,0,0
"sur",1968,0,0,0
"sur",1969,0,0,0
"sur",1970,0,0,0
"sur",1971,0,0,0
"sur",1972,0,0,0
"sur",1973,0,0,0
"sur",1974,0,0,0
"sur",1975,0,0,0
"sur",1976,1,0,3
"sur",1977,1,0,4
"sur",1978,1,0,4
"sur",1979,0,0,0
"sur",1980,0,0,0
"sur",1981,0,0,0
"sur",1982,0,0,0
"sur",1983,0,0,0
"sur",1984,0,0,0
"sur",1985,0,0,0
"sur",1986,0,0,0
"sur",1987,0,0,0
"sur",1988,0,0,0
"sur",1989,0,0,0
"sur",1990,0,0,0
"sur",1991,0,0,0
"sur",1992,0,0,0
"sur",1993,0,0,0
"sur",1994,0,0,0
"sur",1995,0,0,0
"sur",1996,0,0,0
"sur",1997,0,0,0
"sur",1998,0,0,0
"sur",1999,0,0,0
"sur",2000,1,0,3
"sur",2001,0,0,0
"sur",2002,0,0,0
"sur",2003,0,0,0
"sur",2004,0,0,0
"sur",2005,0,0,0
"sur",2006,0,0,0
"sur",2007,0,0,0
"sur",2008,0,0,0
"sur",2009,0,0,0
"sur",2010,0,0,0
"sur",2011,0,0,0
"sur",2012,0,0,0
"sur",2013,0,0,0
"sur",2014,0,0,0
"svg",1816,0,0,0
"svg",1817,0,0,0
"svg",1818,0,0,0
"svg",1819,0,0,0
"svg",1820,0,0,0
"svg",1821,0,0,0
"svg",1822,0,0,0
"svg",1823,0,0,0
"svg",1824,0,0,0
"svg",1825,0,0,0
"svg",1826,0,0,0
"svg",1827,0,0,0
"svg",1828,0,0,0
"svg",1829,0,0,0
"svg",1830,0,0,0
"svg",1831,0,0,0
"svg",1832,0,0,0
"svg",1833,0,0,0
"svg",1834,0,0,0
"svg",1835,0,0,0
"svg",1836,0,0,0
"svg",1837,0,0,0
"svg",1838,0,0,0
"svg",1839,0,0,0
"svg",1840,0,0,0
"svg",1841,0,0,0
"svg",1842,0,0,0
"svg",1843,0,0,0
"svg",1844,0,0,0
"svg",1845,0,0,0
"svg",1846,0,0,0
"svg",1847,0,0,0
"svg",1848,0,0,0
"svg",1849,0,0,0
"svg",1850,0,0,0
"svg",1851,0,0,0
"svg",1852,0,0,0
"svg",1853,0,0,0
"svg",1854,0,0,0
"svg",1855,0,0,0
"svg",1856,0,0,0
"svg",1857,0,0,0
"svg",1858,0,0,0
"svg",1859,0,0,0
"svg",1860,0,0,0
"svg",1861,0,0,0
"svg",1862,0,0,0
"svg",1863,0,0,0
"svg",1864,0,0,0
"svg",1865,0,0,0
"svg",1866,0,0,0
"svg",1867,0,0,0
"svg",1868,0,0,0
"svg",1869,0,0,0
"svg",1870,0,0,0
"svg",1871,0,0,0
"svg",1872,0,0,0
"svg",1873,0,0,0
"svg",1874,0,0,0
"svg",1875,0,0,0
"svg",1876,0,0,0
"svg",1877,0,0,0
"svg",1878,0,0,0
"svg",1879,0,0,0
"svg",1880,0,0,0
"svg",1881,0,0,0
"svg",1882,0,0,0
"svg",1883,0,0,0
"svg",1884,0,0,0
"svg",1885,0,0,0
"svg",1886,0,0,0
"svg",1887,0,0,0
"svg",1888,0,0,0
"svg",1889,0,0,0
"svg",1890,0,0,0
"svg",1891,0,0,0
"svg",1892,0,0,0
"svg",1893,0,0,0
"svg",1894,0,0,0
"svg",1895,0,0,0
"svg",1896,0,0,0
"svg",1897,0,0,0
"svg",1898,0,0,0
"svg",1899,0,0,0
"svg",1900,0,0,0
"svg",1901,0,0,0
"svg",1902,0,0,0
"svg",1903,0,0,0
"svg",1904,0,0,0
"svg",1905,0,0,0
"svg",1906,0,0,0
"svg",1907,0,0,0
"svg",1908,0,0,0
"svg",1909,0,0,0
"svg",1910,0,0,0
"svg",1911,0,0,0
"svg",1912,0,0,0
"svg",1913,0,0,0
"svg",1914,0,0,0
"svg",1915,0,0,0
"svg",1916,0,0,0
"svg",1917,0,0,0
"svg",1918,0,0,0
"svg",1919,0,0,0
"svg",1920,0,0,0
"svg",1921,0,0,0
"svg",1922,0,0,0
"svg",1923,0,0,0
"svg",1924,0,0,0
"svg",1925,0,0,0
"svg",1926,0,0,0
"svg",1927,0,0,0
"svg",1928,0,0,0
"svg",1929,0,0,0
"svg",1930,0,0,0
"svg",1931,0,0,0
"svg",1932,0,0,0
"svg",1933,0,0,0
"svg",1934,0,0,0
"svg",1935,0,0,0
"svg",1936,0,0,0
"svg",1937,0,0,0
"svg",1938,0,0,0
"svg",1939,0,0,0
"svg",1940,0,0,0
"svg",1941,0,0,0
"svg",1942,0,0,0
"svg",1943,0,0,0
"svg",1944,0,0,0
"svg",1945,0,0,0
"svg",1946,0,0,0
"svg",1947,0,0,0
"svg",1948,0,0,0
"svg",1949,0,0,0
"svg",1950,0,0,0
"svg",1951,0,0,0
"svg",1952,0,0,0
"svg",1953,0,0,0
"svg",1954,0,0,0
"svg",1955,0,0,0
"svg",1956,0,0,0
"svg",1957,0,0,0
"svg",1958,0,0,0
"svg",1959,0,0,0
"svg",1960,0,0,0
"svg",1961,0,0,0
"svg",1962,0,0,0
"svg",1963,0,0,0
"svg",1964,0,0,0
"svg",1965,0,0,0
"svg",1966,0,0,0
"svg",1967,0,0,0
"svg",1968,0,0,0
"svg",1969,0,0,0
"svg",1970,0,0,0
"svg",1971,0,0,0
"svg",1972,0,0,0
"svg",1973,0,0,0
"svg",1974,0,0,0
"svg",1975,0,0,0
"svg",1976,0,0,0
"svg",1977,0,0,0
"svg",1978,0,0,0
"svg",1979,0,0,0
"svg",1980,0,0,0
"svg",1981,0,0,0
"svg",1982,0,0,0
"svg",1983,0,0,4
"svg",1984,0,0,0
"svg",1985,0,0,0
"svg",1986,0,0,0
"svg",1987,0,0,0
"svg",1988,0,0,0
"svg",1989,0,0,0
"svg",1990,0,0,0
"svg",1991,0,0,0
"svg",1992,0,0,0
"svg",1993,0,0,0
"svg",1994,0,0,0
"svg",1995,0,0,0
"svg",1996,0,0,0
"svg",1997,0,0,0
"svg",1998,0,0,0
"svg",1999,0,0,0
"svg",2000,0,0,0
"svg",2001,0,0,0
"svg",2002,0,0,0
"svg",2003,0,0,0
"svg",2004,0,0,0
"svg",2005,0,0,0
"svg",2006,0,0,0
"svg",2007,0,0,0
"svg",2008,0,0,0
"svg",2009,0,0,0
"svg",2010,0,0,0
"svg",2011,0,0,0
"svg",2012,0,0,0
"svg",2013,0,0,0
"svg",2014,0,0,0
"swa",1816,0,0,0
"swa",1817,0,0,0
"swa",1818,0,0,0
"swa",1819,0,0,0
"swa",1820,0,0,0
"swa",1821,0,0,0
"swa",1822,0,0,0
"swa",1823,0,0,0
"swa",1824,0,0,0
"swa",1825,0,0,0
"swa",1826,0,0,0
"swa",1827,0,0,0
"swa",1828,0,0,0
"swa",1829,0,0,0
"swa",1830,0,0,0
"swa",1831,0,0,0
"swa",1832,0,0,0
"swa",1833,0,0,0
"swa",1834,0,0,0
"swa",1835,0,0,0
"swa",1836,0,0,0
"swa",1837,0,0,0
"swa",1838,0,0,0
"swa",1839,0,0,0
"swa",1840,0,0,0
"swa",1841,0,0,0
"swa",1842,0,0,0
"swa",1843,0,0,0
"swa",1844,0,0,0
"swa",1845,0,0,0
"swa",1846,0,0,0
"swa",1847,0,0,0
"swa",1848,0,0,0
"swa",1849,0,0,0
"swa",1850,0,0,0
"swa",1851,0,0,0
"swa",1852,0,0,0
"swa",1853,0,0,0
"swa",1854,0,0,0
"swa",1855,0,0,0
"swa",1856,0,0,0
"swa",1857,0,0,0
"swa",1858,0,0,0
"swa",1859,0,0,0
"swa",1860,0,0,0
"swa",1861,0,0,0
"swa",1862,0,0,0
"swa",1863,0,0,0
"swa",1864,0,0,0
"swa",1865,0,0,0
"swa",1866,0,0,0
"swa",1867,0,0,0
"swa",1868,0,0,0
"swa",1869,0,0,0
"swa",1870,0,0,0
"swa",1871,0,0,0
"swa",1872,0,0,0
"swa",1873,0,0,0
"swa",1874,0,0,0
"swa",1875,0,0,0
"swa",1876,0,0,0
"swa",1877,0,0,0
"swa",1878,0,0,0
"swa",1879,0,0,0
"swa",1880,0,0,0
"swa",1881,0,0,0
"swa",1882,0,0,0
"swa",1883,0,0,0
"swa",1884,0,0,0
"swa",1885,0,0,0
"swa",1886,0,0,0
"swa",1887,0,0,0
"swa",1888,0,0,0
"swa",1889,0,0,0
"swa",1890,0,0,0
"swa",1891,0,0,0
"swa",1892,0,0,0
"swa",1893,0,0,0
"swa",1894,0,0,0
"swa",1895,0,0,0
"swa",1896,0,0,0
"swa",1897,0,0,0
"swa",1898,0,0,0
"swa",1899,0,0,0
"swa",1900,0,0,0
"swa",1901,0,0,0
"swa",1902,0,0,0
"swa",1903,0,0,0
"swa",1904,0,0,0
"swa",1905,0,0,0
"swa",1906,0,0,0
"swa",1907,0,0,0
"swa",1908,0,0,0
"swa",1909,0,0,0
"swa",1910,0,0,0
"swa",1911,0,0,0
"swa",1912,0,0,0
"swa",1913,0,0,0
"swa",1914,0,0,0
"swa",1915,0,0,0
"swa",1916,0,0,0
"swa",1917,0,0,0
"swa",1918,0,0,0
"swa",1919,0,0,0
"swa",1920,0,0,0
"swa",1921,0,0,0
"swa",1922,0,0,0
"swa",1923,0,0,0
"swa",1924,0,0,0
"swa",1925,0,0,0
"swa",1926,0,0,0
"swa",1927,0,0,0
"swa",1928,0,0,0
"swa",1929,0,0,0
"swa",1930,0,0,0
"swa",1931,0,0,0
"swa",1932,0,0,0
"swa",1933,0,0,0
"swa",1934,0,0,0
"swa",1935,0,0,0
"swa",1936,0,0,0
"swa",1937,0,0,0
"swa",1938,0,0,0
"swa",1939,0,0,0
"swa",1940,0,0,0
"swa",1941,0,0,0
"swa",1942,0,0,0
"swa",1943,0,0,0
"swa",1944,0,0,0
"swa",1945,0,0,0
"swa",1946,0,0,0
"swa",1947,0,0,0
"swa",1948,0,0,0
"swa",1949,0,0,0
"swa",1950,0,0,0
"swa",1951,0,0,0
"swa",1952,0,0,0
"swa",1953,0,0,0
"swa",1954,0,0,0
"swa",1955,0,0,0
"swa",1956,0,0,0
"swa",1957,0,0,0
"swa",1958,0,0,0
"swa",1959,0,0,0
"swa",1960,0,0,0
"swa",1961,0,0,0
"swa",1962,0,0,0
"swa",1963,0,0,0
"swa",1964,0,0,0
"swa",1965,0,0,0
"swa",1966,0,0,0
"swa",1967,0,0,0
"swa",1968,0,0,0
"swa",1969,0,0,0
"swa",1970,0,0,0
"swa",1971,0,0,0
"swa",1972,0,0,0
"swa",1973,0,0,0
"swa",1974,0,0,0
"swa",1975,0,0,0
"swa",1976,0,0,0
"swa",1977,0,0,0
"swa",1978,0,0,0
"swa",1979,0,0,0
"swa",1980,0,0,0
"swa",1981,0,0,0
"swa",1982,0,0,0
"swa",1983,0,0,0
"swa",1984,0,0,0
"swa",1985,0,0,0
"swa",1986,0,0,1
"swa",1987,0,0,0
"swa",1988,0,0,1
"swa",1989,0,0,0
"swa",1990,0,0,0
"swa",1991,0,0,0
"swa",1992,0,0,0
"swa",1993,0,0,0
"swa",1994,0,0,3
"swa",1995,0,0,0
"swa",1996,0,0,0
"swa",1997,0,0,0
"swa",1998,0,0,0
"swa",1999,0,0,0
"swa",2000,0,0,0
"swa",2001,0,0,0
"swa",2002,0,0,0
"swa",2003,0,0,0
"swa",2004,0,0,0
"swa",2005,0,0,0
"swa",2006,0,0,0
"swa",2007,0,0,0
"swa",2008,0,0,0
"swa",2009,0,0,0
"swa",2010,0,0,0
"swa",2011,0,0,0
"swa",2012,0,0,0
"swa",2013,0,0,0
"swa",2014,0,0,0
"swd",1816,0,0,0
"swd",1817,0,0,0
"swd",1818,0,0,0
"swd",1819,0,0,0
"swd",1820,0,0,0
"swd",1821,0,0,0
"swd",1822,0,0,0
"swd",1823,0,0,0
"swd",1824,0,0,0
"swd",1825,0,0,0
"swd",1826,0,0,0
"swd",1827,0,0,0
"swd",1828,0,0,0
"swd",1829,0,0,0
"swd",1830,0,0,0
"swd",1831,0,0,0
"swd",1832,0,0,0
"swd",1833,0,0,0
"swd",1834,0,0,0
"swd",1835,0,0,0
"swd",1836,0,0,0
"swd",1837,0,0,0
"swd",1838,0,0,0
"swd",1839,0,0,0
"swd",1840,0,0,0
"swd",1841,0,0,0
"swd",1842,0,0,0
"swd",1843,0,0,0
"swd",1844,0,0,0
"swd",1845,0,0,0
"swd",1846,0,0,0
"swd",1847,0,0,0
"swd",1848,0,0,3
"swd",1849,0,0,0
"swd",1850,0,0,0
"swd",1851,0,0,0
"swd",1852,0,0,0
"swd",1853,0,0,0
"swd",1854,0,0,0
"swd",1855,0,0,0
"swd",1856,0,0,0
"swd",1857,0,0,0
"swd",1858,0,0,0
"swd",1859,0,0,0
"swd",1860,0,0,0
"swd",1861,0,0,0
"swd",1862,0,0,0
"swd",1863,0,0,0
"swd",1864,0,0,0
"swd",1865,0,0,0
"swd",1866,0,0,0
"swd",1867,0,0,0
"swd",1868,0,0,0
"swd",1869,0,0,0
"swd",1870,0,0,0
"swd",1871,0,0,0
"swd",1872,0,0,0
"swd",1873,0,0,0
"swd",1874,0,0,0
"swd",1875,0,0,0
"swd",1876,0,0,0
"swd",1877,0,0,0
"swd",1878,0,0,0
"swd",1879,0,0,0
"swd",1880,0,0,0
"swd",1881,0,0,0
"swd",1882,0,0,0
"swd",1883,0,0,0
"swd",1884,0,0,0
"swd",1885,0,0,0
"swd",1886,0,0,0
"swd",1887,0,0,0
"swd",1888,0,0,0
"swd",1889,0,0,0
"swd",1890,0,0,0
"swd",1891,0,0,0
"swd",1892,0,0,0
"swd",1893,0,0,0
"swd",1894,0,0,0
"swd",1895,0,0,0
"swd",1896,0,0,0
"swd",1897,0,0,0
"swd",1898,0,0,0
"swd",1899,0,0,0
"swd",1900,0,0,0
"swd",1901,0,0,0
"swd",1902,0,0,0
"swd",1903,0,0,0
"swd",1904,0,0,0
"swd",1905,0,0,0
"swd",1906,0,0,0
"swd",1907,0,0,0
"swd",1908,0,0,0
"swd",1909,0,0,0
"swd",1910,0,0,0
"swd",1911,0,0,0
"swd",1912,0,0,0
"swd",1913,0,0,0
"swd",1914,0,0,4
"swd",1915,0,0,2.5
"swd",1916,0,0,4
"swd",1917,0,0,2.5
"swd",1918,0.5,0,3.5
"swd",1919,0,0,0
"swd",1920,0,0,0
"swd",1921,0,0,0
"swd",1922,0,0,0
"swd",1923,0,0,0
"swd",1924,0,0,0
"swd",1925,0,0,0
"swd",1926,0,0,0
"swd",1927,0,0,0
"swd",1928,0,0,0
"swd",1929,0,0,0
"swd",1930,0,0,0
"swd",1931,0,0,0
"swd",1932,0,0,0
"swd",1933,0,0,0
"swd",1934,0,0,0
"swd",1935,0,0,0
"swd",1936,0,0,0
"swd",1937,0,0,0
"swd",1938,0,0,0
"swd",1939,0,0,1
"swd",1940,0,0,1.75
"swd",1941,0,0,1
"swd",1942,0,0,2.5
"swd",1943,0,0,2.5
"swd",1944,0,0,4
"swd",1945,0,0,0
"swd",1946,0,0,0
"swd",1947,0,0,0
"swd",1948,0,0,0
"swd",1949,0,0,0
"swd",1950,0,0,0
"swd",1951,0,0,0
"swd",1952,0,0,3
"swd",1953,0,0,0
"swd",1954,0,0,0
"swd",1955,0,0,1
"swd",1956,0,0,0
"swd",1957,0,0,0
"swd",1958,0,0,0
"swd",1959,0,0,0
"swd",1960,0,0,0
"swd",1961,0,0,0
"swd",1962,0,0,0
"swd",1963,0,0,0
"swd",1964,0,0,1
"swd",1965,0,0,0
"swd",1966,0,0,0
"swd",1967,0,0,0
"swd",1968,0,0,0
"swd",1969,0,0,0
"swd",1970,0,0,0
"swd",1971,0,0,0
"swd",1972,0,0,0
"swd",1973,0,0,0
"swd",1974,0,0,0
"swd",1975,0,0,0
"swd",1976,0,0,0
"swd",1977,0,0,0
"swd",1978,0,0,0
"swd",1979,0,0,0
"swd",1980,0,0,0
"swd",1981,0,1,3
"swd",1982,1,0,4
"swd",1983,0,0,4
"swd",1984,0,0,0
"swd",1985,0,0,0
"swd",1986,0,0,0
"swd",1987,0,0,2.5
"swd",1988,0,0,4
"swd",1989,0,0,0
"swd",1990,0,0,0
"swd",1991,0,0,0
"swd",1992,1,0,4
"swd",1993,0,0,0
"swd",1994,0,0,0
"swd",1995,0,0,0
"swd",1996,0,0,0
"swd",1997,0,0,0
"swd",1998,0,0,0
"swd",1999,0,0,0
"swd",2000,0,0,1
"swd",2001,0,0,0
"swd",2002,0,0,0
"swd",2003,0,0,0
"swd",2004,0,0,0
"swd",2005,0,0,0
"swd",2006,0,0,0
"swd",2007,0,0,0
"swd",2008,0,0,0
"swd",2009,0,0,0
"swd",2010,0,0,0
"swd",2011,1,0,3
"swd",2012,0,0,0
"swd",2013,0,0,0
"swd",2014,1,0,3
"swz",1816,0,0,0
"swz",1817,0,0,0
"swz",1818,0,0,0
"swz",1819,0,0,0
"swz",1820,0,0,0
"swz",1821,0,0,0
"swz",1822,0,0,0
"swz",1823,0,0,0
"swz",1824,0,0,0
"swz",1825,0,0,0
"swz",1826,0,0,0
"swz",1827,0,0,0
"swz",1828,0,0,0
"swz",1829,0,0,0
"swz",1830,0,0,0
"swz",1831,0,0,0
"swz",1832,0,0,0
"swz",1833,0,0,0
"swz",1834,0,0,0
"swz",1835,0,0,0
"swz",1836,0,0,0
"swz",1837,0,0,0
"swz",1838,0,0,0
"swz",1839,0,0,0
"swz",1840,0,0,0
"swz",1841,0,0,0
"swz",1842,0,0,0
"swz",1843,0,0,0
"swz",1844,0,0,0
"swz",1845,0,0,0
"swz",1846,0,0,0
"swz",1847,0,0,0
"swz",1848,0,0,0
"swz",1849,0,0,0
"swz",1850,0,0,0
"swz",1851,0,0,0
"swz",1852,0,0,0
"swz",1853,0,0,0
"swz",1854,0,0,0
"swz",1855,0,0,0
"swz",1856,0,0,3
"swz",1857,0,0,3
"swz",1858,0,0,0
"swz",1859,0,0,0
"swz",1860,0,0,0
"swz",1861,0,0,0
"swz",1862,0,0,0
"swz",1863,0,0,0
"swz",1864,0,0,0
"swz",1865,0,0,0
"swz",1866,0,0,0
"swz",1867,0,0,0
"swz",1868,0,0,0
"swz",1869,0,0,0
"swz",1870,0,0,0
"swz",1871,0,0,0
"swz",1872,0,0,0
"swz",1873,0,0,0
"swz",1874,0,0,0
"swz",1875,0,0,0
"swz",1876,0,0,0
"swz",1877,0,0,0
"swz",1878,0,0,0
"swz",1879,0,0,0
"swz",1880,0,0,0
"swz",1881,0,0,0
"swz",1882,0,0,0
"swz",1883,0,0,0
"swz",1884,0,0,0
"swz",1885,0,0,0
"swz",1886,0,0,0
"swz",1887,0,0,0
"swz",1888,0,0,0
"swz",1889,0,0,0
"swz",1890,0,0,0
"swz",1891,0,0,0
"swz",1892,0,0,0
"swz",1893,0,0,0
"swz",1894,0,0,0
"swz",1895,0,0,0
"swz",1896,0,0,0
"swz",1897,0,0,0
"swz",1898,0,0,0
"swz",1899,0,0,0
"swz",1900,0,0,0
"swz",1901,0,0,0
"swz",1902,0,0,0
"swz",1903,0,0,0
"swz",1904,0,0,0
"swz",1905,0,0,0
"swz",1906,0,0,0
"swz",1907,0,0,0
"swz",1908,0,0,0
"swz",1909,0,0,0
"swz",1910,0,0,0
"swz",1911,0,0,0
"swz",1912,0,0,0
"swz",1913,0,0,0
"swz",1914,0,0,0
"swz",1915,0,0,0
"swz",1916,0,0,0
"swz",1917,0,0,0
"swz",1918,0,0,0
"swz",1919,0,0,0
"swz",1920,0,0,0
"swz",1921,0,0,0
"swz",1922,0,0,0
"swz",1923,0,0,0
"swz",1924,0,0,0
"swz",1925,0,0,0
"swz",1926,0,0,0
"swz",1927,0,0,0
"swz",1928,0,0,0
"swz",1929,0,0,0
"swz",1930,0,0,0
"swz",1931,0,0,0
"swz",1932,0,0,0
"swz",1933,0,0,0
"swz",1934,0,0,0
"swz",1935,0,0,0
"swz",1936,0,0,0
"swz",1937,0,0,0
"swz",1938,0,0,0
"swz",1939,0,0,3
"swz",1940,0,0,2.5
"swz",1941,0,0,0
"swz",1942,0,0,0
"swz",1943,0,0,3
"swz",1944,0,0,0
"swz",1945,0,0,0
"swz",1946,0,0,0
"swz",1947,0,0,0
"swz",1948,0,0,0
"swz",1949,0,0,0
"swz",1950,0,0,0
"swz",1951,0,0,0
"swz",1952,0,0,0
"swz",1953,0,0,0
"swz",1954,0,0,3
"swz",1955,0,0,0
"swz",1956,0,0,0
"swz",1957,0,0,0
"swz",1958,0,0,0
"swz",1959,0,0,4
"swz",1960,0,0,0
"swz",1961,0,0,0
"swz",1962,0,0,0
"swz",1963,0,0,0
"swz",1964,0,0,0
"swz",1965,0,0,0
"swz",1966,0,0,0
"swz",1967,0,0,0
"swz",1968,0,0,0
"swz",1969,0,0,0
"swz",1970,0,0,0
"swz",1971,0,0,0
"swz",1972,0,0,0
"swz",1973,0,0,0
"swz",1974,0,0,0
"swz",1975,0,0,0
"swz",1976,0,0,0
"swz",1977,0,0,0
"swz",1978,0,0,0
"swz",1979,0,0,0
"swz",1980,0,0,0
"swz",1981,0,0,0
"swz",1982,0,0,0
"swz",1983,0,0,0
"swz",1984,0,0,0
"swz",1985,0,0,0
"swz",1986,0,0,0
"swz",1987,0,0,0
"swz",1988,0,0,0
"swz",1989,0,0,0
"swz",1990,0,0,0
"swz",1991,0,0,0
"swz",1992,0,0,0
"swz",1993,0,0,0
"swz",1994,0,0,0
"swz",1995,0,0,0
"swz",1996,0,0,0
"swz",1997,0,0,0
"swz",1998,0,0,0
"swz",1999,0,0,0
"swz",2000,0,0,1
"swz",2001,0,0,0
"swz",2002,0,0,0
"swz",2003,0,0,1
"swz",2004,0,0,0
"swz",2005,0,0,0
"swz",2006,0,0,0
"swz",2007,0,0,0
"swz",2008,0,0,0
"swz",2009,0,0,0
"swz",2010,0,0,0
"swz",2011,0,0,0
"swz",2012,0,0,0
"swz",2013,0,0,0
"swz",2014,0,0,0
"syr",1816,0,0,0
"syr",1817,0,0,0
"syr",1818,0,0,0
"syr",1819,0,0,0
"syr",1820,0,0,0
"syr",1821,0,0,0
"syr",1822,0,0,0
"syr",1823,0,0,0
"syr",1824,0,0,0
"syr",1825,0,0,0
"syr",1826,0,0,0
"syr",1827,0,0,0
"syr",1828,0,0,0
"syr",1829,0,0,0
"syr",1830,0,0,0
"syr",1831,0,0,0
"syr",1832,0,0,0
"syr",1833,0,0,0
"syr",1834,0,0,0
"syr",1835,0,0,0
"syr",1836,0,0,0
"syr",1837,0,0,0
"syr",1838,0,0,0
"syr",1839,0,0,0
"syr",1840,0,0,0
"syr",1841,0,0,0
"syr",1842,0,0,0
"syr",1843,0,0,0
"syr",1844,0,0,0
"syr",1845,0,0,0
"syr",1846,0,0,0
"syr",1847,0,0,0
"syr",1848,0,0,0
"syr",1849,0,0,0
"syr",1850,0,0,0
"syr",1851,0,0,0
"syr",1852,0,0,0
"syr",1853,0,0,0
"syr",1854,0,0,0
"syr",1855,0,0,0
"syr",1856,0,0,0
"syr",1857,0,0,0
"syr",1858,0,0,0
"syr",1859,0,0,0
"syr",1860,0,0,0
"syr",1861,0,0,0
"syr",1862,0,0,0
"syr",1863,0,0,0
"syr",1864,0,0,0
"syr",1865,0,0,0
"syr",1866,0,0,0
"syr",1867,0,0,0
"syr",1868,0,0,0
"syr",1869,0,0,0
"syr",1870,0,0,0
"syr",1871,0,0,0
"syr",1872,0,0,0
"syr",1873,0,0,0
"syr",1874,0,0,0
"syr",1875,0,0,0
"syr",1876,0,0,0
"syr",1877,0,0,0
"syr",1878,0,0,0
"syr",1879,0,0,0
"syr",1880,0,0,0
"syr",1881,0,0,0
"syr",1882,0,0,0
"syr",1883,0,0,0
"syr",1884,0,0,0
"syr",1885,0,0,0
"syr",1886,0,0,0
"syr",1887,0,0,0
"syr",1888,0,0,0
"syr",1889,0,0,0
"syr",1890,0,0,0
"syr",1891,0,0,0
"syr",1892,0,0,0
"syr",1893,0,0,0
"syr",1894,0,0,0
"syr",1895,0,0,0
"syr",1896,0,0,0
"syr",1897,0,0,0
"syr",1898,0,0,0
"syr",1899,0,0,0
"syr",1900,0,0,0
"syr",1901,0,0,0
"syr",1902,0,0,0
"syr",1903,0,0,0
"syr",1904,0,0,0
"syr",1905,0,0,0
"syr",1906,0,0,0
"syr",1907,0,0,0
"syr",1908,0,0,0
"syr",1909,0,0,0
"syr",1910,0,0,0
"syr",1911,0,0,0
"syr",1912,0,0,0
"syr",1913,0,0,0
"syr",1914,0,0,0
"syr",1915,0,0,0
"syr",1916,0,0,0
"syr",1917,0,0,0
"syr",1918,0,0,0
"syr",1919,0,0,0
"syr",1920,0,0,0
"syr",1921,0,0,0
"syr",1922,0,0,0
"syr",1923,0,0,0
"syr",1924,0,0,0
"syr",1925,0,0,0
"syr",1926,0,0,0
"syr",1927,0,0,0
"syr",1928,0,0,0
"syr",1929,0,0,0
"syr",1930,0,0,0
"syr",1931,0,0,0
"syr",1932,0,0,0
"syr",1933,0,0,0
"syr",1934,0,0,0
"syr",1935,0,0,0
"syr",1936,0,0,0
"syr",1937,0,0,0
"syr",1938,0,0,0
"syr",1939,0,0,0
"syr",1940,0,0,0
"syr",1941,0,0,0
"syr",1942,0,0,0
"syr",1943,0,0,0
"syr",1944,0,0,0
"syr",1945,0,0,0
"syr",1946,0,0,0
"syr",1947,0,0,0
"syr",1948,1,6,5
"syr",1949,0.666666666666667,0,3
"syr",1950,0.666666666666667,0.333333333333333,4
"syr",1951,0.666666666666667,0.333333333333333,4
"syr",1952,0.666666666666667,0.333333333333333,3
"syr",1953,1,1,4
"syr",1954,1,0.75,4
"syr",1955,0.714285714285714,0.714285714285714,3.42857142857143
"syr",1956,0.666666666666667,1.33333333333333,4
"syr",1957,1,1.66666666666667,4
"syr",1958,0.666666666666667,1,3
"syr",1959,0,0,0
"syr",1960,0,0,0
"syr",1961,0.5,1.5,2.5
"syr",1962,0.333333333333333,1.33333333333333,3
"syr",1963,0.75,0.75,3
"syr",1964,1,2,4
"syr",1965,0.5,1,4
"syr",1966,0.75,2,4.25
"syr",1967,1,3,4.5
"syr",1968,0,0,0
"syr",1969,0,0,0
"syr",1970,1,3,4
"syr",1971,1,6,5
"syr",1972,1,6,5
"syr",1973,0.5,3,3
"syr",1974,1,0,3
"syr",1975,1,0,3.5
"syr",1976,0.333333333333333,0,3.66666666666667
"syr",1977,1,0,4
"syr",1978,0,0,4
"syr",1979,0,1,4
"syr",1980,0.666666666666667,0.666666666666667,3.66666666666667
"syr",1981,1,0.5,3.5
"syr",1982,1,0,3.5
"syr",1983,0,0,0
"syr",1984,0,0,0
"syr",1985,0,0,0
"syr",1986,0,0,0
"syr",1987,0,0,3
"syr",1988,0,0,0
"syr",1989,1,0,4
"syr",1990,0,0,5
"syr",1991,0,0,5
"syr",1992,0,0,0
"syr",1993,0,1,4
"syr",1994,0,1,4
"syr",1995,0,1,4
"syr",1996,0,0.5,3.5
"syr",1997,1,0,3
"syr",1998,0,0,1
"syr",1999,0,0,0
"syr",2000,0,1,4
"syr",2001,0,1,4
"syr",2002,0,0,0
"syr",2003,0,0.5,2.5
"syr",2004,0,0,2.5
"syr",2005,0,0,4
"syr",2006,0,0,4
"syr",2007,0,0,4
"syr",2008,0,0,1
"syr",2009,0,0,0
"syr",2010,0,0,0
"syr",2011,1,0,4
"syr",2012,1,0,4
"syr",2013,0.5,0,4
"syr",2014,1,0,3.5
"taj",1816,0,0,0
"taj",1817,0,0,0
"taj",1818,0,0,0
"taj",1819,0,0,0
"taj",1820,0,0,0
"taj",1821,0,0,0
"taj",1822,0,0,0
"taj",1823,0,0,0
"taj",1824,0,0,0
"taj",1825,0,0,0
"taj",1826,0,0,0
"taj",1827,0,0,0
"taj",1828,0,0,0
"taj",1829,0,0,0
"taj",1830,0,0,0
"taj",1831,0,0,0
"taj",1832,0,0,0
"taj",1833,0,0,0
"taj",1834,0,0,0
"taj",1835,0,0,0
"taj",1836,0,0,0
"taj",1837,0,0,0
"taj",1838,0,0,0
"taj",1839,0,0,0
"taj",1840,0,0,0
"taj",1841,0,0,0
"taj",1842,0,0,0
"taj",1843,0,0,0
"taj",1844,0,0,0
"taj",1845,0,0,0
"taj",1846,0,0,0
"taj",1847,0,0,0
"taj",1848,0,0,0
"taj",1849,0,0,0
"taj",1850,0,0,0
"taj",1851,0,0,0
"taj",1852,0,0,0
"taj",1853,0,0,0
"taj",1854,0,0,0
"taj",1855,0,0,0
"taj",1856,0,0,0
"taj",1857,0,0,0
"taj",1858,0,0,0
"taj",1859,0,0,0
"taj",1860,0,0,0
"taj",1861,0,0,0
"taj",1862,0,0,0
"taj",1863,0,0,0
"taj",1864,0,0,0
"taj",1865,0,0,0
"taj",1866,0,0,0
"taj",1867,0,0,0
"taj",1868,0,0,0
"taj",1869,0,0,0
"taj",1870,0,0,0
"taj",1871,0,0,0
"taj",1872,0,0,0
"taj",1873,0,0,0
"taj",1874,0,0,0
"taj",1875,0,0,0
"taj",1876,0,0,0
"taj",1877,0,0,0
"taj",1878,0,0,0
"taj",1879,0,0,0
"taj",1880,0,0,0
"taj",1881,0,0,0
"taj",1882,0,0,0
"taj",1883,0,0,0
"taj",1884,0,0,0
"taj",1885,0,0,0
"taj",1886,0,0,0
"taj",1887,0,0,0
"taj",1888,0,0,0
"taj",1889,0,0,0
"taj",1890,0,0,0
"taj",1891,0,0,0
"taj",1892,0,0,0
"taj",1893,0,0,0
"taj",1894,0,0,0
"taj",1895,0,0,0
"taj",1896,0,0,0
"taj",1897,0,0,0
"taj",1898,0,0,0
"taj",1899,0,0,0
"taj",1900,0,0,0
"taj",1901,0,0,0
"taj",1902,0,0,0
"taj",1903,0,0,0
"taj",1904,0,0,0
"taj",1905,0,0,0
"taj",1906,0,0,0
"taj",1907,0,0,0
"taj",1908,0,0,0
"taj",1909,0,0,0
"taj",1910,0,0,0
"taj",1911,0,0,0
"taj",1912,0,0,0
"taj",1913,0,0,0
"taj",1914,0,0,0
"taj",1915,0,0,0
"taj",1916,0,0,0
"taj",1917,0,0,0
"taj",1918,0,0,0
"taj",1919,0,0,0
"taj",1920,0,0,0
"taj",1921,0,0,0
"taj",1922,0,0,0
"taj",1923,0,0,0
"taj",1924,0,0,0
"taj",1925,0,0,0
"taj",1926,0,0,0
"taj",1927,0,0,0
"taj",1928,0,0,0
"taj",1929,0,0,0
"taj",1930,0,0,0
"taj",1931,0,0,0
"taj",1932,0,0,0
"taj",1933,0,0,0
"taj",1934,0,0,0
"taj",1935,0,0,0
"taj",1936,0,0,0
"taj",1937,0,0,0
"taj",1938,0,0,0
"taj",1939,0,0,0
"taj",1940,0,0,0
"taj",1941,0,0,0
"taj",1942,0,0,0
"taj",1943,0,0,0
"taj",1944,0,0,0
"taj",1945,0,0,0
"taj",1946,0,0,0
"taj",1947,0,0,0
"taj",1948,0,0,0
"taj",1949,0,0,0
"taj",1950,0,0,0
"taj",1951,0,0,0
"taj",1952,0,0,0
"taj",1953,0,0,0
"taj",1954,0,0,0
"taj",1955,0,0,0
"taj",1956,0,0,0
"taj",1957,0,0,0
"taj",1958,0,0,0
"taj",1959,0,0,0
"taj",1960,0,0,0
"taj",1961,0,0,0
"taj",1962,0,0,0
"taj",1963,0,0,0
"taj",1964,0,0,0
"taj",1965,0,0,0
"taj",1966,0,0,0
"taj",1967,0,0,0
"taj",1968,0,0,0
"taj",1969,0,0,0
"taj",1970,0,0,0
"taj",1971,0,0,0
"taj",1972,0,0,0
"taj",1973,0,0,0
"taj",1974,0,0,0
"taj",1975,0,0,0
"taj",1976,0,0,0
"taj",1977,0,0,0
"taj",1978,0,0,0
"taj",1979,0,0,0
"taj",1980,0,0,0
"taj",1981,0,0,0
"taj",1982,0,0,0
"taj",1983,0,0,0
"taj",1984,0,0,0
"taj",1985,0,0,0
"taj",1986,0,0,0
"taj",1987,0,0,0
"taj",1988,0,0,0
"taj",1989,0,0,0
"taj",1990,0,0,0
"taj",1991,0,0,0
"taj",1992,0,0,0
"taj",1993,0,1,4
"taj",1994,0,1,4
"taj",1995,0,0,0
"taj",1996,0,0,0
"taj",1997,0,0,3
"taj",1998,0,0,3
"taj",1999,0,0,1
"taj",2000,0,0,0
"taj",2001,1,0,3
"taj",2002,0,0,0
"taj",2003,0,0,0
"taj",2004,0,0,1
"taj",2005,0,0,3
"taj",2006,0,0,4
"taj",2007,0,0,0
"taj",2008,0,0,0
"taj",2009,0,0,0
"taj",2010,0,0,0
"taj",2011,0,0,4
"taj",2012,0,0,4
"taj",2013,1,1,4
"taj",2014,1,1,4
"taw",1816,0,0,0
"taw",1817,0,0,0
"taw",1818,0,0,0
"taw",1819,0,0,0
"taw",1820,0,0,0
"taw",1821,0,0,0
"taw",1822,0,0,0
"taw",1823,0,0,0
"taw",1824,0,0,0
"taw",1825,0,0,0
"taw",1826,0,0,0
"taw",1827,0,0,0
"taw",1828,0,0,0
"taw",1829,0,0,0
"taw",1830,0,0,0
"taw",1831,0,0,0
"taw",1832,0,0,0
"taw",1833,0,0,0
"taw",1834,0,0,0
"taw",1835,0,0,0
"taw",1836,0,0,0
"taw",1837,0,0,0
"taw",1838,0,0,0
"taw",1839,0,0,0
"taw",1840,0,0,0
"taw",1841,0,0,0
"taw",1842,0,0,0
"taw",1843,0,0,0
"taw",1844,0,0,0
"taw",1845,0,0,0
"taw",1846,0,0,0
"taw",1847,0,0,0
"taw",1848,0,0,0
"taw",1849,0,0,0
"taw",1850,0,0,0
"taw",1851,0,0,0
"taw",1852,0,0,0
"taw",1853,0,0,0
"taw",1854,0,0,0
"taw",1855,0,0,0
"taw",1856,0,0,0
"taw",1857,0,0,0
"taw",1858,0,0,0
"taw",1859,0,0,0
"taw",1860,0,0,0
"taw",1861,0,0,0
"taw",1862,0,0,0
"taw",1863,0,0,0
"taw",1864,0,0,0
"taw",1865,0,0,0
"taw",1866,0,0,0
"taw",1867,0,0,0
"taw",1868,0,0,0
"taw",1869,0,0,0
"taw",1870,0,0,0
"taw",1871,0,0,0
"taw",1872,0,0,0
"taw",1873,0,0,0
"taw",1874,0,0,0
"taw",1875,0,0,0
"taw",1876,0,0,0
"taw",1877,0,0,0
"taw",1878,0,0,0
"taw",1879,0,0,0
"taw",1880,0,0,0
"taw",1881,0,0,0
"taw",1882,0,0,0
"taw",1883,0,0,0
"taw",1884,0,0,0
"taw",1885,0,0,0
"taw",1886,0,0,0
"taw",1887,0,0,0
"taw",1888,0,0,0
"taw",1889,0,0,0
"taw",1890,0,0,0
"taw",1891,0,0,0
"taw",1892,0,0,0
"taw",1893,0,0,0
"taw",1894,0,0,0
"taw",1895,0,0,0
"taw",1896,0,0,0
"taw",1897,0,0,0
"taw",1898,0,0,0
"taw",1899,0,0,0
"taw",1900,0,0,0
"taw",1901,0,0,0
"taw",1902,0,0,0
"taw",1903,0,0,0
"taw",1904,0,0,0
"taw",1905,0,0,0
"taw",1906,0,0,0
"taw",1907,0,0,0
"taw",1908,0,0,0
"taw",1909,0,0,0
"taw",1910,0,0,0
"taw",1911,0,0,0
"taw",1912,0,0,0
"taw",1913,0,0,0
"taw",1914,0,0,0
"taw",1915,0,0,0
"taw",1916,0,0,0
"taw",1917,0,0,0
"taw",1918,0,0,0
"taw",1919,0,0,0
"taw",1920,0,0,0
"taw",1921,0,0,0
"taw",1922,0,0,0
"taw",1923,0,0,0
"taw",1924,0,0,0
"taw",1925,0,0,0
"taw",1926,0,0,0
"taw",1927,0,0,0
"taw",1928,0,0,0
"taw",1929,0,0,0
"taw",1930,0,0,0
"taw",1931,0,0,0
"taw",1932,0,0,0
"taw",1933,0,0,0
"taw",1934,0,0,0
"taw",1935,0,0,0
"taw",1936,0,0,0
"taw",1937,0,0,0
"taw",1938,0,0,0
"taw",1939,0,0,0
"taw",1940,0,0,0
"taw",1941,0,0,0
"taw",1942,0,0,0
"taw",1943,0,0,0
"taw",1944,0,0,0
"taw",1945,0,0,0
"taw",1946,0,0,0
"taw",1947,0,0,0
"taw",1948,0,0,0
"taw",1949,0.333333333333333,0.333333333333333,4
"taw",1950,0.25,1,4
"taw",1951,0.666666666666667,1.33333333333333,4
"taw",1952,0.5,2,4
"taw",1953,0.5,1.16666666666667,4
"taw",1954,0.666666666666667,0.666666666666667,4
"taw",1955,0.6,0.4,4
"taw",1956,1,0.5,3.75
"taw",1957,0,0,0
"taw",1958,0,0,0
"taw",1959,0,0,1
"taw",1960,0,0,0
"taw",1961,0,0,0
"taw",1962,0,0,0
"taw",1963,0,0,0
"taw",1964,0,0,0
"taw",1965,0,0,0
"taw",1966,1,1,4
"taw",1967,0,0,0
"taw",1968,0,0,0
"taw",1969,0,0,0
"taw",1970,0,0,0
"taw",1971,0,0,0
"taw",1972,0,0,0
"taw",1973,0,0,0
"taw",1974,0,0,1
"taw",1975,0,0,0
"taw",1976,0,0,0
"taw",1977,0,0,0
"taw",1978,0,0,0
"taw",1979,0,0,0
"taw",1980,0,0,0
"taw",1981,0,0,0
"taw",1982,0,0,0
"taw",1983,0,0,0
"taw",1984,0,0,0
"taw",1985,0,0,0
"taw",1986,0,0,1
"taw",1987,1,0,4
"taw",1988,1,0,4
"taw",1989,0,0,0
"taw",1990,0,0,0
"taw",1991,1,0,3
"taw",1992,0,0,0
"taw",1993,0,0,1
"taw",1994,0,0,2.33333333333333
"taw",1995,0.333333333333333,0,3.33333333333333
"taw",1996,0.5,0,2
"taw",1997,0,0,0
"taw",1998,0,0,0
"taw",1999,0,0,3
"taw",2000,0,0,3
"taw",2001,0,0,3
"taw",2002,1,0,3
"taw",2003,0.666666666666667,0,2.33333333333333
"taw",2004,1,0,3
"taw",2005,1,0,2.5
"taw",2006,0,0,0
"taw",2007,0,0,1
"taw",2008,1,0,3
"taw",2009,0,0,0
"taw",2010,0,0,1
"taw",2011,0,0,3
"taw",2012,1,0,3
"taw",2013,1,0,3
"taw",2014,1,0,3
"taz",1816,0,0,0
"taz",1817,0,0,0
"taz",1818,0,0,0
"taz",1819,0,0,0
"taz",1820,0,0,0
"taz",1821,0,0,0
"taz",1822,0,0,0
"taz",1823,0,0,0
"taz",1824,0,0,0
"taz",1825,0,0,0
"taz",1826,0,0,0
"taz",1827,0,0,0
"taz",1828,0,0,0
"taz",1829,0,0,0
"taz",1830,0,0,0
"taz",1831,0,0,0
"taz",1832,0,0,0
"taz",1833,0,0,0
"taz",1834,0,0,0
"taz",1835,0,0,0
"taz",1836,0,0,0
"taz",1837,0,0,0
"taz",1838,0,0,0
"taz",1839,0,0,0
"taz",1840,0,0,0
"taz",1841,0,0,0
"taz",1842,0,0,0
"taz",1843,0,0,0
"taz",1844,0,0,0
"taz",1845,0,0,0
"taz",1846,0,0,0
"taz",1847,0,0,0
"taz",1848,0,0,0
"taz",1849,0,0,0
"taz",1850,0,0,0
"taz",1851,0,0,0
"taz",1852,0,0,0
"taz",1853,0,0,0
"taz",1854,0,0,0
"taz",1855,0,0,0
"taz",1856,0,0,0
"taz",1857,0,0,0
"taz",1858,0,0,0
"taz",1859,0,0,0
"taz",1860,0,0,0
"taz",1861,0,0,0
"taz",1862,0,0,0
"taz",1863,0,0,0
"taz",1864,0,0,0
"taz",1865,0,0,0
"taz",1866,0,0,0
"taz",1867,0,0,0
"taz",1868,0,0,0
"taz",1869,0,0,0
"taz",1870,0,0,0
"taz",1871,0,0,0
"taz",1872,0,0,0
"taz",1873,0,0,0
"taz",1874,0,0,0
"taz",1875,0,0,0
"taz",1876,0,0,0
"taz",1877,0,0,0
"taz",1878,0,0,0
"taz",1879,0,0,0
"taz",1880,0,0,0
"taz",1881,0,0,0
"taz",1882,0,0,0
"taz",1883,0,0,0
"taz",1884,0,0,0
"taz",1885,0,0,0
"taz",1886,0,0,0
"taz",1887,0,0,0
"taz",1888,0,0,0
"taz",1889,0,0,0
"taz",1890,0,0,0
"taz",1891,0,0,0
"taz",1892,0,0,0
"taz",1893,0,0,0
"taz",1894,0,0,0
"taz",1895,0,0,0
"taz",1896,0,0,0
"taz",1897,0,0,0
"taz",1898,0,0,0
"taz",1899,0,0,0
"taz",1900,0,0,0
"taz",1901,0,0,0
"taz",1902,0,0,0
"taz",1903,0,0,0
"taz",1904,0,0,0
"taz",1905,0,0,0
"taz",1906,0,0,0
"taz",1907,0,0,0
"taz",1908,0,0,0
"taz",1909,0,0,0
"taz",1910,0,0,0
"taz",1911,0,0,0
"taz",1912,0,0,0
"taz",1913,0,0,0
"taz",1914,0,0,0
"taz",1915,0,0,0
"taz",1916,0,0,0
"taz",1917,0,0,0
"taz",1918,0,0,0
"taz",1919,0,0,0
"taz",1920,0,0,0
"taz",1921,0,0,0
"taz",1922,0,0,0
"taz",1923,0,0,0
"taz",1924,0,0,0
"taz",1925,0,0,0
"taz",1926,0,0,0
"taz",1927,0,0,0
"taz",1928,0,0,0
"taz",1929,0,0,0
"taz",1930,0,0,0
"taz",1931,0,0,0
"taz",1932,0,0,0
"taz",1933,0,0,0
"taz",1934,0,0,0
"taz",1935,0,0,0
"taz",1936,0,0,0
"taz",1937,0,0,0
"taz",1938,0,0,0
"taz",1939,0,0,0
"taz",1940,0,0,0
"taz",1941,0,0,0
"taz",1942,0,0,0
"taz",1943,0,0,0
"taz",1944,0,0,0
"taz",1945,0,0,0
"taz",1946,0,0,0
"taz",1947,0,0,0
"taz",1948,0,0,0
"taz",1949,0,0,0
"taz",1950,0,0,0
"taz",1951,0,0,0
"taz",1952,0,0,0
"taz",1953,0,0,0
"taz",1954,0,0,0
"taz",1955,0,0,0
"taz",1956,0,0,0
"taz",1957,0,0,0
"taz",1958,0,0,0
"taz",1959,0,0,0
"taz",1960,0,0,0
"taz",1961,0,0,0
"taz",1962,0,0,0
"taz",1963,0,0,0
"taz",1964,0,0,0
"taz",1965,0,0,0
"taz",1966,0,0,0
"taz",1967,0,0,0
"taz",1968,0,0,0
"taz",1969,0,0,0
"taz",1970,0,0,0
"taz",1971,0,2,4
"taz",1972,0,2,4
"taz",1973,0,2,4
"taz",1974,0,0,4
"taz",1975,0,0,4
"taz",1976,0,0,0
"taz",1977,0,0.333333333333333,3.33333333333333
"taz",1978,0,6,5
"taz",1979,0,6,5
"taz",1980,0,0,0
"taz",1981,0,0,0
"taz",1982,0,0,0
"taz",1983,0,0,0
"taz",1984,0,0,0
"taz",1985,0,0,0
"taz",1986,0,0,0
"taz",1987,0,0,0
"taz",1988,0,0,0
"taz",1989,0,0,0
"taz",1990,0,0,0
"taz",1991,0,0,0
"taz",1992,0,0,0
"taz",1993,0,0,0
"taz",1994,0,0,0
"taz",1995,0,0,3
"taz",1996,0,0,0
"taz",1997,0,0,0
"taz",1998,0,0,0
"taz",1999,0,0,0
"taz",2000,0,0,0
"taz",2001,0,0,0
"taz",2002,0,0,3
"taz",2003,0,0,0
"taz",2004,0,0,0
"taz",2005,0,0,0
"taz",2006,0,0,0
"taz",2007,0,0,0
"taz",2008,0,0,0
"taz",2009,0,0,0
"taz",2010,0,0,0
"taz",2011,0,0,0
"taz",2012,0,0,0
"taz",2013,0,0,0
"taz",2014,0,0,0
"thi",1816,0,0,0
"thi",1817,0,0,0
"thi",1818,0,0,0
"thi",1819,0,0,0
"thi",1820,0,0,0
"thi",1821,0,0,0
"thi",1822,0,0,0
"thi",1823,0,0,0
"thi",1824,0,0,0
"thi",1825,0,0,0
"thi",1826,0,0,0
"thi",1827,0,0,0
"thi",1828,0,0,0
"thi",1829,0,0,0
"thi",1830,0,0,0
"thi",1831,0,0,0
"thi",1832,0,0,0
"thi",1833,0,0,0
"thi",1834,0,0,0
"thi",1835,0,0,0
"thi",1836,0,0,0
"thi",1837,0,0,0
"thi",1838,0,0,0
"thi",1839,0,0,0
"thi",1840,0,0,0
"thi",1841,0,0,0
"thi",1842,0,0,0
"thi",1843,0,0,0
"thi",1844,0,0,0
"thi",1845,0,0,0
"thi",1846,0,0,0
"thi",1847,0,0,0
"thi",1848,0,0,0
"thi",1849,0,0,0
"thi",1850,0,0,0
"thi",1851,0,0,0
"thi",1852,0,0,0
"thi",1853,0,0,0
"thi",1854,0,0,0
"thi",1855,0,0,0
"thi",1856,0,0,0
"thi",1857,0,0,0
"thi",1858,0,0,0
"thi",1859,0,0,0
"thi",1860,0,0,0
"thi",1861,0,0,0
"thi",1862,0,0,0
"thi",1863,0,0,0
"thi",1864,0,0,0
"thi",1865,0,0,0
"thi",1866,0,0,0
"thi",1867,0,0,0
"thi",1868,0,0,0
"thi",1869,0,0,0
"thi",1870,0,0,0
"thi",1871,0,0,0
"thi",1872,0,0,0
"thi",1873,0,0,0
"thi",1874,0,0,0
"thi",1875,0,0,0
"thi",1876,0,0,0
"thi",1877,0,0,0
"thi",1878,0,0,0
"thi",1879,0,0,0
"thi",1880,0,0,0
"thi",1881,0,0,0
"thi",1882,0,0,0
"thi",1883,0,0,0
"thi",1884,0,0,0
"thi",1885,0,0,0
"thi",1886,0,0,0
"thi",1887,0,0,0
"thi",1888,0,0,0
"thi",1889,0,0,0
"thi",1890,0,0,0
"thi",1891,0,0,0
"thi",1892,0,0,0
"thi",1893,0,5,5
"thi",1894,0,0,0
"thi",1895,0,0,0
"thi",1896,0,0,0
"thi",1897,0,0,0
"thi",1898,0,0,0
"thi",1899,0,0,0
"thi",1900,0,0,0
"thi",1901,0,0,0
"thi",1902,0,0,0
"thi",1903,0,0,0
"thi",1904,0,0,0
"thi",1905,0,0,0
"thi",1906,0,0,0
"thi",1907,0,0,0
"thi",1908,0,0,0
"thi",1909,0,0,0
"thi",1910,0,0,0
"thi",1911,0,0,0
"thi",1912,0,0,0
"thi",1913,0,0,0
"thi",1914,0,0,0
"thi",1915,0,0,0
"thi",1916,0,0,0
"thi",1917,0,0,4
"thi",1918,0,0,4
"thi",1919,0,0,0
"thi",1920,0,0,0
"thi",1921,0,0,0
"thi",1922,0,0,0
"thi",1923,0,0,0
"thi",1924,0,0,0
"thi",1925,0,0,0
"thi",1926,0,0,0
"thi",1927,0,0,0
"thi",1928,0,0,0
"thi",1929,0,0,0
"thi",1930,0,0,0
"thi",1931,0,0,0
"thi",1932,0,0,0
"thi",1933,0,0,0
"thi",1934,0,0,0
"thi",1935,0,0,0
"thi",1936,0,0,0
"thi",1937,0,0,0
"thi",1938,0,0,0
"thi",1939,0,0,0
"thi",1940,1,5,5
"thi",1941,1,5,5
"thi",1942,0,0,0
"thi",1943,1,0,4
"thi",1944,0,0,0
"thi",1945,0,0,0
"thi",1946,0,3,4
"thi",1947,0,0,0
"thi",1948,0,0,1
"thi",1949,0,0,0
"thi",1950,0,0,0
"thi",1951,0,3,5
"thi",1952,0,1.5,4
"thi",1953,0.333333333333333,1,3.66666666666667
"thi",1954,0.5,0,3.5
"thi",1955,0,0,3
"thi",1956,0,0,0
"thi",1957,0,0,0
"thi",1958,0,0,3
"thi",1959,0,0,2
"thi",1960,0,0,0
"thi",1961,0,0,2.5
"thi",1962,0,1,4
"thi",1963,0,0,3
"thi",1964,0.5,1,3.5
"thi",1965,0.5,1,3.5
"thi",1966,0.5,1,3.5
"thi",1967,0.5,3,4.5
"thi",1968,0,6,5
"thi",1969,0,6,5
"thi",1970,0.333333333333333,2,4
"thi",1971,0,6,5
"thi",1972,0,6,5
"thi",1973,0,6,5
"thi",1974,0,0,0
"thi",1975,0,0.5,2.5
"thi",1976,0,2.5,4
"thi",1977,0,1.33333333333333,2.66666666666667
"thi",1978,0,4,4
"thi",1979,0,4,4
"thi",1980,0.333333333333333,1.33333333333333,2
"thi",1981,0,4,4
"thi",1982,0,2,2.5
"thi",1983,0.25,1.5,3
"thi",1984,0,2.33333333333333,4
"thi",1985,0,3,4
"thi",1986,0,3,4
"thi",1987,0.333333333333333,2,3
"thi",1988,0.5,1,2.5
"thi",1989,0,0,1
"thi",1990,0,1,4
"thi",1991,0,0,0
"thi",1992,0,0,0
"thi",1993,0,0,0
"thi",1994,0,1,4
"thi",1995,0,0.333333333333333,3.66666666666667
"thi",1996,0,0.5,3.5
"thi",1997,0,1,4
"thi",1998,0,1,4
"thi",1999,0,0,4
"thi",2000,0,0,0
"thi",2001,1,0,4
"thi",2002,1,0,4
"thi",2003,0,0.5,1
"thi",2004,0,0.25,2.5
"thi",2005,0.333333333333333,0.333333333333333,2.66666666666667
"thi",2006,0,0,3.5
"thi",2007,0,1,1
"thi",2008,0,0,0
"thi",2009,0,0,1
"thi",2010,0,0,0
"thi",2011,0,0,0
"thi",2012,0,0,0
"thi",2013,1,0,1
"thi",2014,1,0,4
"tkm",1816,0,0,0
"tkm",1817,0,0,0
"tkm",1818,0,0,0
"tkm",1819,0,0,0
"tkm",1820,0,0,0
"tkm",1821,0,0,0
"tkm",1822,0,0,0
"tkm",1823,0,0,0
"tkm",1824,0,0,0
"tkm",1825,0,0,0
"tkm",1826,0,0,0
"tkm",1827,0,0,0
"tkm",1828,0,0,0
"tkm",1829,0,0,0
"tkm",1830,0,0,0
"tkm",1831,0,0,0
"tkm",1832,0,0,0
"tkm",1833,0,0,0
"tkm",1834,0,0,0
"tkm",1835,0,0,0
"tkm",1836,0,0,0
"tkm",1837,0,0,0
"tkm",1838,0,0,0
"tkm",1839,0,0,0
"tkm",1840,0,0,0
"tkm",1841,0,0,0
"tkm",1842,0,0,0
"tkm",1843,0,0,0
"tkm",1844,0,0,0
"tkm",1845,0,0,0
"tkm",1846,0,0,0
"tkm",1847,0,0,0
"tkm",1848,0,0,0
"tkm",1849,0,0,0
"tkm",1850,0,0,0
"tkm",1851,0,0,0
"tkm",1852,0,0,0
"tkm",1853,0,0,0
"tkm",1854,0,0,0
"tkm",1855,0,0,0
"tkm",1856,0,0,0
"tkm",1857,0,0,0
"tkm",1858,0,0,0
"tkm",1859,0,0,0
"tkm",1860,0,0,0
"tkm",1861,0,0,0
"tkm",1862,0,0,0
"tkm",1863,0,0,0
"tkm",1864,0,0,0
"tkm",1865,0,0,0
"tkm",1866,0,0,0
"tkm",1867,0,0,0
"tkm",1868,0,0,0
"tkm",1869,0,0,0
"tkm",1870,0,0,0
"tkm",1871,0,0,0
"tkm",1872,0,0,0
"tkm",1873,0,0,0
"tkm",1874,0,0,0
"tkm",1875,0,0,0
"tkm",1876,0,0,0
"tkm",1877,0,0,0
"tkm",1878,0,0,0
"tkm",1879,0,0,0
"tkm",1880,0,0,0
"tkm",1881,0,0,0
"tkm",1882,0,0,0
"tkm",1883,0,0,0
"tkm",1884,0,0,0
"tkm",1885,0,0,0
"tkm",1886,0,0,0
"tkm",1887,0,0,0
"tkm",1888,0,0,0
"tkm",1889,0,0,0
"tkm",1890,0,0,0
"tkm",1891,0,0,0
"tkm",1892,0,0,0
"tkm",1893,0,0,0
"tkm",1894,0,0,0
"tkm",1895,0,0,0
"tkm",1896,0,0,0
"tkm",1897,0,0,0
"tkm",1898,0,0,0
"tkm",1899,0,0,0
"tkm",1900,0,0,0
"tkm",1901,0,0,0
"tkm",1902,0,0,0
"tkm",1903,0,0,0
"tkm",1904,0,0,0
"tkm",1905,0,0,0
"tkm",1906,0,0,0
"tkm",1907,0,0,0
"tkm",1908,0,0,0
"tkm",1909,0,0,0
"tkm",1910,0,0,0
"tkm",1911,0,0,0
"tkm",1912,0,0,0
"tkm",1913,0,0,0
"tkm",1914,0,0,0
"tkm",1915,0,0,0
"tkm",1916,0,0,0
"tkm",1917,0,0,0
"tkm",1918,0,0,0
"tkm",1919,0,0,0
"tkm",1920,0,0,0
"tkm",1921,0,0,0
"tkm",1922,0,0,0
"tkm",1923,0,0,0
"tkm",1924,0,0,0
"tkm",1925,0,0,0
"tkm",1926,0,0,0
"tkm",1927,0,0,0
"tkm",1928,0,0,0
"tkm",1929,0,0,0
"tkm",1930,0,0,0
"tkm",1931,0,0,0
"tkm",1932,0,0,0
"tkm",1933,0,0,0
"tkm",1934,0,0,0
"tkm",1935,0,0,0
"tkm",1936,0,0,0
"tkm",1937,0,0,0
"tkm",1938,0,0,0
"tkm",1939,0,0,0
"tkm",1940,0,0,0
"tkm",1941,0,0,0
"tkm",1942,0,0,0
"tkm",1943,0,0,0
"tkm",1944,0,0,0
"tkm",1945,0,0,0
"tkm",1946,0,0,0
"tkm",1947,0,0,0
"tkm",1948,0,0,0
"tkm",1949,0,0,0
"tkm",1950,0,0,0
"tkm",1951,0,0,0
"tkm",1952,0,0,0
"tkm",1953,0,0,0
"tkm",1954,0,0,0
"tkm",1955,0,0,0
"tkm",1956,0,0,0
"tkm",1957,0,0,0
"tkm",1958,0,0,0
"tkm",1959,0,0,0
"tkm",1960,0,0,0
"tkm",1961,0,0,0
"tkm",1962,0,0,0
"tkm",1963,0,0,0
"tkm",1964,0,0,0
"tkm",1965,0,0,0
"tkm",1966,0,0,0
"tkm",1967,0,0,0
"tkm",1968,0,0,0
"tkm",1969,0,0,0
"tkm",1970,0,0,0
"tkm",1971,0,0,0
"tkm",1972,0,0,0
"tkm",1973,0,0,0
"tkm",1974,0,0,0
"tkm",1975,0,0,0
"tkm",1976,0,0,0
"tkm",1977,0,0,0
"tkm",1978,0,0,0
"tkm",1979,0,0,0
"tkm",1980,0,0,0
"tkm",1981,0,0,0
"tkm",1982,0,0,0
"tkm",1983,0,0,0
"tkm",1984,0,0,0
"tkm",1985,0,0,0
"tkm",1986,0,0,0
"tkm",1987,0,0,0
"tkm",1988,0,0,0
"tkm",1989,0,0,0
"tkm",1990,0,0,0
"tkm",1991,0,0,0
"tkm",1992,0,0,0
"tkm",1993,0,0,3
"tkm",1994,0,0,0
"tkm",1995,0,0,0
"tkm",1996,0,0,0
"tkm",1997,0,0,0
"tkm",1998,0,0,0
"tkm",1999,0,0,0
"tkm",2000,0,0,0
"tkm",2001,0,0,0
"tkm",2002,0,0,0
"tkm",2003,0,0,0
"tkm",2004,0,0,0
"tkm",2005,0,0,0
"tkm",2006,0,0,0
"tkm",2007,0,0,0
"tkm",2008,0,0,0
"tkm",2009,0,0,0
"tkm",2010,0,0,0
"tkm",2011,0,0,0
"tkm",2012,0,0,0
"tkm",2013,0,0,0
"tkm",2014,1,0,4
"tog",1816,0,0,0
"tog",1817,0,0,0
"tog",1818,0,0,0
"tog",1819,0,0,0
"tog",1820,0,0,0
"tog",1821,0,0,0
"tog",1822,0,0,0
"tog",1823,0,0,0
"tog",1824,0,0,0
"tog",1825,0,0,0
"tog",1826,0,0,0
"tog",1827,0,0,0
"tog",1828,0,0,0
"tog",1829,0,0,0
"tog",1830,0,0,0
"tog",1831,0,0,0
"tog",1832,0,0,0
"tog",1833,0,0,0
"tog",1834,0,0,0
"tog",1835,0,0,0
"tog",1836,0,0,0
"tog",1837,0,0,0
"tog",1838,0,0,0
"tog",1839,0,0,0
"tog",1840,0,0,0
"tog",1841,0,0,0
"tog",1842,0,0,0
"tog",1843,0,0,0
"tog",1844,0,0,0
"tog",1845,0,0,0
"tog",1846,0,0,0
"tog",1847,0,0,0
"tog",1848,0,0,0
"tog",1849,0,0,0
"tog",1850,0,0,0
"tog",1851,0,0,0
"tog",1852,0,0,0
"tog",1853,0,0,0
"tog",1854,0,0,0
"tog",1855,0,0,0
"tog",1856,0,0,0
"tog",1857,0,0,0
"tog",1858,0,0,0
"tog",1859,0,0,0
"tog",1860,0,0,0
"tog",1861,0,0,0
"tog",1862,0,0,0
"tog",1863,0,0,0
"tog",1864,0,0,0
"tog",1865,0,0,0
"tog",1866,0,0,0
"tog",1867,0,0,0
"tog",1868,0,0,0
"tog",1869,0,0,0
"tog",1870,0,0,0
"tog",1871,0,0,0
"tog",1872,0,0,0
"tog",1873,0,0,0
"tog",1874,0,0,0
"tog",1875,0,0,0
"tog",1876,0,0,0
"tog",1877,0,0,0
"tog",1878,0,0,0
"tog",1879,0,0,0
"tog",1880,0,0,0
"tog",1881,0,0,0
"tog",1882,0,0,0
"tog",1883,0,0,0
"tog",1884,0,0,0
"tog",1885,0,0,0
"tog",1886,0,0,0
"tog",1887,0,0,0
"tog",1888,0,0,0
"tog",1889,0,0,0
"tog",1890,0,0,0
"tog",1891,0,0,0
"tog",1892,0,0,0
"tog",1893,0,0,0
"tog",1894,0,0,0
"tog",1895,0,0,0
"tog",1896,0,0,0
"tog",1897,0,0,0
"tog",1898,0,0,0
"tog",1899,0,0,0
"tog",1900,0,0,0
"tog",1901,0,0,0
"tog",1902,0,0,0
"tog",1903,0,0,0
"tog",1904,0,0,0
"tog",1905,0,0,0
"tog",1906,0,0,0
"tog",1907,0,0,0
"tog",1908,0,0,0
"tog",1909,0,0,0
"tog",1910,0,0,0
"tog",1911,0,0,0
"tog",1912,0,0,0
"tog",1913,0,0,0
"tog",1914,0,0,0
"tog",1915,0,0,0
"tog",1916,0,0,0
"tog",1917,0,0,0
"tog",1918,0,0,0
"tog",1919,0,0,0
"tog",1920,0,0,0
"tog",1921,0,0,0
"tog",1922,0,0,0
"tog",1923,0,0,0
"tog",1924,0,0,0
"tog",1925,0,0,0
"tog",1926,0,0,0
"tog",1927,0,0,0
"tog",1928,0,0,0
"tog",1929,0,0,0
"tog",1930,0,0,0
"tog",1931,0,0,0
"tog",1932,0,0,0
"tog",1933,0,0,0
"tog",1934,0,0,0
"tog",1935,0,0,0
"tog",1936,0,0,0
"tog",1937,0,0,0
"tog",1938,0,0,0
"tog",1939,0,0,0
"tog",1940,0,0,0
"tog",1941,0,0,0
"tog",1942,0,0,0
"tog",1943,0,0,0
"tog",1944,0,0,0
"tog",1945,0,0,0
"tog",1946,0,0,0
"tog",1947,0,0,0
"tog",1948,0,0,0
"tog",1949,0,0,0
"tog",1950,0,0,0
"tog",1951,0,0,0
"tog",1952,0,0,0
"tog",1953,0,0,0
"tog",1954,0,0,0
"tog",1955,0,0,0
"tog",1956,0,0,0
"tog",1957,0,0,0
"tog",1958,0,0,0
"tog",1959,0,0,0
"tog",1960,0,0,0
"tog",1961,0,0,0
"tog",1962,0,0,1
"tog",1963,0,0,0
"tog",1964,0,0,0
"tog",1965,0,1,4
"tog",1966,0,0,0
"tog",1967,0,0,0
"tog",1968,0,0,0
"tog",1969,0,0,0
"tog",1970,0,0,0
"tog",1971,0,0,0
"tog",1972,0,0,0
"tog",1973,0,0,0
"tog",1974,0,0,0
"tog",1975,0,0,0
"tog",1976,0,0,0
"tog",1977,0,0,0
"tog",1978,0,0,0
"tog",1979,0,0,0
"tog",1980,0,0,0
"tog",1981,0,0,0
"tog",1982,0,0,0
"tog",1983,0,0,0
"tog",1984,0,0,0
"tog",1985,0,0,0
"tog",1986,0,0,0
"tog",1987,0,0,0
"tog",1988,0,0,0
"tog",1989,0,0,0
"tog",1990,0,0,0
"tog",1991,0,0,0
"tog",1992,0,0,0
"tog",1993,0,0,1
"tog",1994,0,0,3
"tog",1995,0,0,0
"tog",1996,0,0,0
"tog",1997,0,0,0
"tog",1998,0,0,0
"tog",1999,0,0,0
"tog",2000,0,0,0
"tog",2001,0,0,0
"tog",2002,0,0,0
"tog",2003,0,0,0
"tog",2004,0,0,0
"tog",2005,0,0,4
"tog",2006,0,0,0
"tog",2007,0,0,0
"tog",2008,0,0,0
"tog",2009,0,0,0
"tog",2010,0,0,0
"tog",2011,0,0,0
"tog",2012,0,0,0
"tog",2013,0,0,0
"tog",2014,0,0,0
"tri",1816,0,0,0
"tri",1817,0,0,0
"tri",1818,0,0,0
"tri",1819,0,0,0
"tri",1820,0,0,0
"tri",1821,0,0,0
"tri",1822,0,0,0
"tri",1823,0,0,0
"tri",1824,0,0,0
"tri",1825,0,0,0
"tri",1826,0,0,0
"tri",1827,0,0,0
"tri",1828,0,0,0
"tri",1829,0,0,0
"tri",1830,0,0,0
"tri",1831,0,0,0
"tri",1832,0,0,0
"tri",1833,0,0,0
"tri",1834,0,0,0
"tri",1835,0,0,0
"tri",1836,0,0,0
"tri",1837,0,0,0
"tri",1838,0,0,0
"tri",1839,0,0,0
"tri",1840,0,0,0
"tri",1841,0,0,0
"tri",1842,0,0,0
"tri",1843,0,0,0
"tri",1844,0,0,0
"tri",1845,0,0,0
"tri",1846,0,0,0
"tri",1847,0,0,0
"tri",1848,0,0,0
"tri",1849,0,0,0
"tri",1850,0,0,0
"tri",1851,0,0,0
"tri",1852,0,0,0
"tri",1853,0,0,0
"tri",1854,0,0,0
"tri",1855,0,0,0
"tri",1856,0,0,0
"tri",1857,0,0,0
"tri",1858,0,0,0
"tri",1859,0,0,0
"tri",1860,0,0,0
"tri",1861,0,0,0
"tri",1862,0,0,0
"tri",1863,0,0,0
"tri",1864,0,0,0
"tri",1865,0,0,0
"tri",1866,0,0,0
"tri",1867,0,0,0
"tri",1868,0,0,0
"tri",1869,0,0,0
"tri",1870,0,0,0
"tri",1871,0,0,0
"tri",1872,0,0,0
"tri",1873,0,0,0
"tri",1874,0,0,0
"tri",1875,0,0,0
"tri",1876,0,0,0
"tri",1877,0,0,0
"tri",1878,0,0,0
"tri",1879,0,0,0
"tri",1880,0,0,0
"tri",1881,0,0,0
"tri",1882,0,0,0
"tri",1883,0,0,0
"tri",1884,0,0,0
"tri",1885,0,0,0
"tri",1886,0,0,0
"tri",1887,0,0,0
"tri",1888,0,0,0
"tri",1889,0,0,0
"tri",1890,0,0,0
"tri",1891,0,0,0
"tri",1892,0,0,0
"tri",1893,0,0,0
"tri",1894,0,0,0
"tri",1895,0,0,0
"tri",1896,0,0,0
"tri",1897,0,0,0
"tri",1898,0,0,0
"tri",1899,0,0,0
"tri",1900,0,0,0
"tri",1901,0,0,0
"tri",1902,0,0,0
"tri",1903,0,0,0
"tri",1904,0,0,0
"tri",1905,0,0,0
"tri",1906,0,0,0
"tri",1907,0,0,0
"tri",1908,0,0,0
"tri",1909,0,0,0
"tri",1910,0,0,0
"tri",1911,0,0,0
"tri",1912,0,0,0
"tri",1913,0,0,0
"tri",1914,0,0,0
"tri",1915,0,0,0
"tri",1916,0,0,0
"tri",1917,0,0,0
"tri",1918,0,0,0
"tri",1919,0,0,0
"tri",1920,0,0,0
"tri",1921,0,0,0
"tri",1922,0,0,0
"tri",1923,0,0,0
"tri",1924,0,0,0
"tri",1925,0,0,0
"tri",1926,0,0,0
"tri",1927,0,0,0
"tri",1928,0,0,0
"tri",1929,0,0,0
"tri",1930,0,0,0
"tri",1931,0,0,0
"tri",1932,0,0,0
"tri",1933,0,0,0
"tri",1934,0,0,0
"tri",1935,0,0,0
"tri",1936,0,0,0
"tri",1937,0,0,0
"tri",1938,0,0,0
"tri",1939,0,0,0
"tri",1940,0,0,0
"tri",1941,0,0,0
"tri",1942,0,0,0
"tri",1943,0,0,0
"tri",1944,0,0,0
"tri",1945,0,0,0
"tri",1946,0,0,0
"tri",1947,0,0,0
"tri",1948,0,0,0
"tri",1949,0,0,0
"tri",1950,0,0,0
"tri",1951,0,0,0
"tri",1952,0,0,0
"tri",1953,0,0,0
"tri",1954,0,0,0
"tri",1955,0,0,0
"tri",1956,0,0,0
"tri",1957,0,0,0
"tri",1958,0,0,0
"tri",1959,0,0,0
"tri",1960,0,0,0
"tri",1961,0,0,0
"tri",1962,0,0,0
"tri",1963,0,0,0
"tri",1964,0,0,0
"tri",1965,0,0,0
"tri",1966,0,0,0
"tri",1967,0,0,0
"tri",1968,0,0,0
"tri",1969,0,0,0
"tri",1970,0,0,0
"tri",1971,0,0,0
"tri",1972,0,0,0
"tri",1973,0,0,0
"tri",1974,0,0,0
"tri",1975,0,0,0
"tri",1976,0,0,0
"tri",1977,0,0,0
"tri",1978,0,0,0
"tri",1979,0,0,0
"tri",1980,0,0,0
"tri",1981,0,0,0
"tri",1982,0,0,0
"tri",1983,0,0,0
"tri",1984,0,0,0
"tri",1985,0,0,0
"tri",1986,0,0,0
"tri",1987,0,0,0
"tri",1988,0,0,0
"tri",1989,0,0,0
"tri",1990,0,0,0
"tri",1991,0,0,0
"tri",1992,0,0,0
"tri",1993,0,0,0
"tri",1994,0,0,0
"tri",1995,0,0,0
"tri",1996,0,0,1
"tri",1997,1,0,1
"tri",1998,0,0,0
"tri",1999,0,0,1
"tri",2000,0,0,0
"tri",2001,0,0,0
"tri",2002,0,0,0
"tri",2003,0,0,0
"tri",2004,0,0,0
"tri",2005,0,0,0
"tri",2006,0,0,0
"tri",2007,0,0,0
"tri",2008,0,0,0
"tri",2009,0,0,0
"tri",2010,0,0,0
"tri",2011,0,0,0
"tri",2012,0,0,0
"tri",2013,0,0,0
"tri",2014,0,0,0
"tun",1816,0,0,0
"tun",1817,0,0,0
"tun",1818,0,0,0
"tun",1819,0,0,0
"tun",1820,0,0,0
"tun",1821,0,0,0
"tun",1822,0,0,0
"tun",1823,0,0,0
"tun",1824,0,0,0
"tun",1825,0,0,0
"tun",1826,0,0,0
"tun",1827,0,0,0
"tun",1828,0,0,0
"tun",1829,0,0,0
"tun",1830,0,0,0
"tun",1831,0,0,0
"tun",1832,0,0,0
"tun",1833,0,0,0
"tun",1834,0,0,0
"tun",1835,0,0,0
"tun",1836,0,0,0
"tun",1837,0,0,0
"tun",1838,0,0,0
"tun",1839,0,0,0
"tun",1840,0,0,0
"tun",1841,0,0,0
"tun",1842,0,0,0
"tun",1843,0,0,0
"tun",1844,0,0,0
"tun",1845,0,0,0
"tun",1846,0,0,0
"tun",1847,0,0,0
"tun",1848,0,0,0
"tun",1849,0,0,0
"tun",1850,0,0,0
"tun",1851,0,0,0
"tun",1852,0,0,0
"tun",1853,0,0,0
"tun",1854,0,0,0
"tun",1855,0,0,0
"tun",1856,0,0,0
"tun",1857,0,0,0
"tun",1858,0,0,0
"tun",1859,0,0,0
"tun",1860,0,0,0
"tun",1861,0,0,0
"tun",1862,0,0,0
"tun",1863,0,0,0
"tun",1864,0,0,0
"tun",1865,0,0,0
"tun",1866,0,0,0
"tun",1867,0,0,0
"tun",1868,0,0,0
"tun",1869,0,0,0
"tun",1870,0,0,0
"tun",1871,0,0,0
"tun",1872,0,0,0
"tun",1873,0,0,0
"tun",1874,0,0,0
"tun",1875,0,0,0
"tun",1876,0,0,0
"tun",1877,0,0,0
"tun",1878,0,0,0
"tun",1879,0,0,0
"tun",1880,0,0,0
"tun",1881,0,0,0
"tun",1882,0,0,0
"tun",1883,0,0,0
"tun",1884,0,0,0
"tun",1885,0,0,0
"tun",1886,0,0,0
"tun",1887,0,0,0
"tun",1888,0,0,0
"tun",1889,0,0,0
"tun",1890,0,0,0
"tun",1891,0,0,0
"tun",1892,0,0,0
"tun",1893,0,0,0
"tun",1894,0,0,0
"tun",1895,0,0,0
"tun",1896,0,0,0
"tun",1897,0,0,0
"tun",1898,0,0,0
"tun",1899,0,0,0
"tun",1900,0,0,0
"tun",1901,0,0,0
"tun",1902,0,0,0
"tun",1903,0,0,0
"tun",1904,0,0,0
"tun",1905,0,0,0
"tun",1906,0,0,0
"tun",1907,0,0,0
"tun",1908,0,0,0
"tun",1909,0,0,0
"tun",1910,0,0,0
"tun",1911,0,0,0
"tun",1912,0,0,0
"tun",1913,0,0,0
"tun",1914,0,0,0
"tun",1915,0,0,0
"tun",1916,0,0,0
"tun",1917,0,0,0
"tun",1918,0,0,0
"tun",1919,0,0,0
"tun",1920,0,0,0
"tun",1921,0,0,0
"tun",1922,0,0,0
"tun",1923,0,0,0
"tun",1924,0,0,0
"tun",1925,0,0,0
"tun",1926,0,0,0
"tun",1927,0,0,0
"tun",1928,0,0,0
"tun",1929,0,0,0
"tun",1930,0,0,0
"tun",1931,0,0,0
"tun",1932,0,0,0
"tun",1933,0,0,0
"tun",1934,0,0,0
"tun",1935,0,0,0
"tun",1936,0,0,0
"tun",1937,0,0,0
"tun",1938,0,0,0
"tun",1939,0,0,0
"tun",1940,0,0,0
"tun",1941,0,0,0
"tun",1942,0,0,0
"tun",1943,0,0,0
"tun",1944,0,0,0
"tun",1945,0,0,0
"tun",1946,0,0,0
"tun",1947,0,0,0
"tun",1948,0,0,0
"tun",1949,0,0,0
"tun",1950,0,0,0
"tun",1951,0,0,0
"tun",1952,0,0,0
"tun",1953,0,0,0
"tun",1954,0,0,0
"tun",1955,0,0,0
"tun",1956,0,0,0
"tun",1957,0,2,4
"tun",1958,0,2,4
"tun",1959,0,1,4
"tun",1960,0,1,4
"tun",1961,0.5,1.5,3.5
"tun",1962,0,0,3
"tun",1963,0,0,0
"tun",1964,0,0,0
"tun",1965,0,0,0
"tun",1966,0,0,0
"tun",1967,0,0,0
"tun",1968,0,0,0
"tun",1969,0,0,0
"tun",1970,0,0,0
"tun",1971,0,0,0
"tun",1972,0,0,0
"tun",1973,0,0,0
"tun",1974,0,0,0
"tun",1975,0,0,0
"tun",1976,0,0,0
"tun",1977,0,0,3
"tun",1978,0,0,0
"tun",1979,0,0,0
"tun",1980,0.5,0,2.5
"tun",1981,0,0,0
"tun",1982,0,0,0
"tun",1983,0,0,0
"tun",1984,0,0,0
"tun",1985,0,0,2
"tun",1986,0,0,0
"tun",1987,0,0,0
"tun",1988,0,0,0
"tun",1989,0,0,0
"tun",1990,0,0,0
"tun",1991,0,0,0
"tun",1992,0,0,0
"tun",1993,0,0,0
"tun",1994,0,0,0
"tun",1995,0,0,0
"tun",1996,0,0,0
"tun",1997,0,0,0
"tun",1998,0,0,0
"tun",1999,0,0,0
"tun",2000,0,0,0
"tun",2001,0,0,0
"tun",2002,0,0,0
"tun",2003,0,0,0
"tun",2004,0,0,0
"tun",2005,0,0,0
"tun",2006,0,0,0
"tun",2007,0,0,0
"tun",2008,0,0,0
"tun",2009,0,0,0
"tun",2010,0,0,0
"tun",2011,1,0,4
"tun",2012,0,0,0
"tun",2013,0,0,0
"tun",2014,0,0,0
"tur",1816,0,0,0
"tur",1817,0,0,3
"tur",1818,0,0,0
"tur",1819,0,0,0
"tur",1820,0,0,0
"tur",1821,0,0,4
"tur",1822,0,0,0
"tur",1823,0,0,0
"tur",1824,0,0,0
"tur",1825,0,1,4
"tur",1826,0,0,1
"tur",1827,0,6,4.5
"tur",1828,0,4,3.33333333333333
"tur",1829,0,6,5
"tur",1830,0,0,0
"tur",1831,0,0,0
"tur",1832,0,0,0
"tur",1833,0,0,1
"tur",1834,0,0,0
"tur",1835,0,0,0
"tur",1836,0,0,0
"tur",1837,0,0,0
"tur",1838,0,0,0
"tur",1839,0,0,0
"tur",1840,0,0,0
"tur",1841,0,0,0
"tur",1842,0,0,0
"tur",1843,0,0,0
"tur",1844,0,0,0
"tur",1845,0,0,0
"tur",1846,0,0,0
"tur",1847,0,0,0
"tur",1848,0,0,0
"tur",1849,0,0,1
"tur",1850,0,0,0
"tur",1851,0,0,0
"tur",1852,0,0,1
"tur",1853,0,3,3
"tur",1854,0,6,5
"tur",1855,0,6,5
"tur",1856,0,6,5
"tur",1857,0,0,0
"tur",1858,0,0,0
"tur",1859,0,0,0
"tur",1860,0,0,0
"tur",1861,0,0,0
"tur",1862,0,0,0
"tur",1863,0,0,0
"tur",1864,0,0,0
"tur",1865,0,0,0
"tur",1866,0,0,1
"tur",1867,0,0,0
"tur",1868,0,0,4
"tur",1869,0,0,4
"tur",1870,0,0,0
"tur",1871,0,0,0
"tur",1872,0,0,0
"tur",1873,0,0,0
"tur",1874,0,0,0
"tur",1875,0,0,0
"tur",1876,0,2,2.33333333333333
"tur",1877,0,3,3
"tur",1878,0,2,3.66666666666667
"tur",1879,0,0,0
"tur",1880,0,0,3
"tur",1881,0.5,0,3
"tur",1882,0,0,0
"tur",1883,0,0,0
"tur",1884,0,0,0
"tur",1885,0,0,0
"tur",1886,0,0,0
"tur",1887,0,0,1
"tur",1888,0,0,1
"tur",1889,0,0,0
"tur",1890,0,0,0
"tur",1891,0,0,0
"tur",1892,0,0,0
"tur",1893,0,0,0
"tur",1894,0,0,0
"tur",1895,0,0,1
"tur",1896,0,6,5
"tur",1897,0,6,5
"tur",1898,0,0,1
"tur",1899,0,0,0
"tur",1900,0,0,0
"tur",1901,0,0,0
"tur",1902,0,0,1
"tur",1903,0,0,0
"tur",1904,0,0,0
"tur",1905,0,0,1
"tur",1906,1,0,4
"tur",1907,0,0,0
"tur",1908,1,0,2.5
"tur",1909,0.5,0,3.5
"tur",1910,1,0,4
"tur",1911,1,6,5
"tur",1912,0,6,5
"tur",1913,0.333333333333333,4,3.66666666666667
"tur",1914,0,2,3
"tur",1915,0,2,2.33333333333333
"tur",1916,0,2,2.33333333333333
"tur",1917,0,2,2.33333333333333
"tur",1918,0.333333333333333,2,3.33333333333333
"tur",1919,0,6,5
"tur",1920,0,4,3.66666666666667
"tur",1921,0,4,4.33333333333333
"tur",1922,0,3,3
"tur",1923,0,0,1
"tur",1924,1,0,1
"tur",1925,0.5,0,3
"tur",1926,1,0,3
"tur",1927,0,0,0
"tur",1928,0,0,0
"tur",1929,0,0,0
"tur",1930,0,0,0
"tur",1931,0,0,0
"tur",1932,0,0,0
"tur",1933,0,0,0
"tur",1934,1,0,4
"tur",1935,1,0,3
"tur",1936,0,0,0
"tur",1937,1,0,3
"tur",1938,1,0,3
"tur",1939,0,0,0
"tur",1940,0.333333333333333,0,3.33333333333333
"tur",1941,1,0,4
"tur",1942,0,0,0
"tur",1943,0,0,0
"tur",1944,1,0,4
"tur",1945,0,0,3
"tur",1946,0,0,3
"tur",1947,0,0,0
"tur",1948,0,0,0
"tur",1949,0,0,0
"tur",1950,0,5,5
"tur",1951,0,5,5
"tur",1952,0,2.5,4.5
"tur",1953,0,5,5
"tur",1954,0,0,0
"tur",1955,1,0.5,3.5
"tur",1956,1,1,4
"tur",1957,1,2,4
"tur",1958,1,0,3
"tur",1959,1,0,4
"tur",1960,0,0,1
"tur",1961,0,0,0
"tur",1962,0,0.333333333333333,3
"tur",1963,1,1,4
"tur",1964,1,1,4
"tur",1965,0.5,0.25,2.25
"tur",1966,0,0,0
"tur",1967,1,0,3
"tur",1968,0,0,0
"tur",1969,0,0,0
"tur",1970,0,0,0
"tur",1971,0,0,0
"tur",1972,0,0,0
"tur",1973,0,0,0
"tur",1974,1,2,3
"tur",1975,0,0,1
"tur",1976,0.5,0,2
"tur",1977,0,0,0
"tur",1978,1,0,4
"tur",1979,0,0,0
"tur",1980,0,0,0
"tur",1981,1,0.5,3.5
"tur",1982,1,0,3.5
"tur",1983,1,0,4
"tur",1984,0.5,0,2.5
"tur",1985,0,0,1
"tur",1986,0.6,0.2,2.8
"tur",1987,0.333333333333333,0.333333333333333,3
"tur",1988,0,0.5,3.5
"tur",1989,0.5,0,2
"tur",1990,0,0,3
"tur",1991,0.5,0,3.5
"tur",1992,1,0,4
"tur",1993,1,0,3
"tur",1994,1,0,3.33333333333333
"tur",1995,1,0.2,3.6
"tur",1996,0.714285714285714,0.285714285714286,3.85714285714286
"tur",1997,0.5,0.166666666666667,2.83333333333333
"tur",1998,0.8,0.2,3.8
"tur",1999,0.555555555555556,0.111111111111111,3.11111111111111
"tur",2000,0.428571428571429,0.142857142857143,3
"tur",2001,0.833333333333333,0.333333333333333,3.66666666666667
"tur",2002,1,0.25,3.25
"tur",2003,0.666666666666667,0.333333333333333,2.66666666666667
"tur",2004,0.666666666666667,0.333333333333333,3
"tur",2005,1,0,3
"tur",2006,0.5,0,2
"tur",2007,0.5,1,3.5
"tur",2008,0.5,1,2.5
"tur",2009,1,2,4
"tur",2010,0,0,3
"tur",2011,1,0,3.5
"tur",2012,1,0,3.2
"tur",2013,1,0,3.33333333333333
"tur",2014,0.8,0,3.2
"tus",1816,0,0,0
"tus",1817,0,0,0
"tus",1818,0,0,0
"tus",1819,0,0,0
"tus",1820,0,0,0
"tus",1821,0,0,0
"tus",1822,0,0,0
"tus",1823,0,0,0
"tus",1824,0,0,0
"tus",1825,0,0,0
"tus",1826,0,0,0
"tus",1827,0,0,0
"tus",1828,0,0,0
"tus",1829,0,0,0
"tus",1830,0,0,0
"tus",1831,0,0,0
"tus",1832,0,0,0
"tus",1833,0,0,0
"tus",1834,0,0,0
"tus",1835,0,0,0
"tus",1836,0,0,0
"tus",1837,0,0,0
"tus",1838,0,0,0
"tus",1839,0,0,0
"tus",1840,0,0,0
"tus",1841,0,0,0
"tus",1842,0,0,0
"tus",1843,0,0,0
"tus",1844,0,0,0
"tus",1845,0,0,0
"tus",1846,0,0,0
"tus",1847,0,0,0
"tus",1848,0,2,5
"tus",1849,0,0,1
"tus",1850,0,0,0
"tus",1851,0,0,0
"tus",1852,0,0,0
"tus",1853,0,0,0
"tus",1854,0,0,0
"tus",1855,0,0,0
"tus",1856,0,0,0
"tus",1857,0,0,0
"tus",1858,0,0,0
"tus",1859,0,0,0
"tus",1860,0,0,0
"tus",1861,0,0,0
"tus",1862,0,0,0
"tus",1863,0,0,0
"tus",1864,0,0,0
"tus",1865,0,0,0
"tus",1866,0,0,0
"tus",1867,0,0,0
"tus",1868,0,0,0
"tus",1869,0,0,0
"tus",1870,0,0,0
"tus",1871,0,0,0
"tus",1872,0,0,0
"tus",1873,0,0,0
"tus",1874,0,0,0
"tus",1875,0,0,0
"tus",1876,0,0,0
"tus",1877,0,0,0
"tus",1878,0,0,0
"tus",1879,0,0,0
"tus",1880,0,0,0
"tus",1881,0,0,0
"tus",1882,0,0,0
"tus",1883,0,0,0
"tus",1884,0,0,0
"tus",1885,0,0,0
"tus",1886,0,0,0
"tus",1887,0,0,0
"tus",1888,0,0,0
"tus",1889,0,0,0
"tus",1890,0,0,0
"tus",1891,0,0,0
"tus",1892,0,0,0
"tus",1893,0,0,0
"tus",1894,0,0,0
"tus",1895,0,0,0
"tus",1896,0,0,0
"tus",1897,0,0,0
"tus",1898,0,0,0
"tus",1899,0,0,0
"tus",1900,0,0,0
"tus",1901,0,0,0
"tus",1902,0,0,0
"tus",1903,0,0,0
"tus",1904,0,0,0
"tus",1905,0,0,0
"tus",1906,0,0,0
"tus",1907,0,0,0
"tus",1908,0,0,0
"tus",1909,0,0,0
"tus",1910,0,0,0
"tus",1911,0,0,0
"tus",1912,0,0,0
"tus",1913,0,0,0
"tus",1914,0,0,0
"tus",1915,0,0,0
"tus",1916,0,0,0
"tus",1917,0,0,0
"tus",1918,0,0,0
"tus",1919,0,0,0
"tus",1920,0,0,0
"tus",1921,0,0,0
"tus",1922,0,0,0
"tus",1923,0,0,0
"tus",1924,0,0,0
"tus",1925,0,0,0
"tus",1926,0,0,0
"tus",1927,0,0,0
"tus",1928,0,0,0
"tus",1929,0,0,0
"tus",1930,0,0,0
"tus",1931,0,0,0
"tus",1932,0,0,0
"tus",1933,0,0,0
"tus",1934,0,0,0
"tus",1935,0,0,0
"tus",1936,0,0,0
"tus",1937,0,0,0
"tus",1938,0,0,0
"tus",1939,0,0,0
"tus",1940,0,0,0
"tus",1941,0,0,0
"tus",1942,0,0,0
"tus",1943,0,0,0
"tus",1944,0,0,0
"tus",1945,0,0,0
"tus",1946,0,0,0
"tus",1947,0,0,0
"tus",1948,0,0,0
"tus",1949,0,0,0
"tus",1950,0,0,0
"tus",1951,0,0,0
"tus",1952,0,0,0
"tus",1953,0,0,0
"tus",1954,0,0,0
"tus",1955,0,0,0
"tus",1956,0,0,0
"tus",1957,0,0,0
"tus",1958,0,0,0
"tus",1959,0,0,0
"tus",1960,0,0,0
"tus",1961,0,0,0
"tus",1962,0,0,0
"tus",1963,0,0,0
"tus",1964,0,0,0
"tus",1965,0,0,0
"tus",1966,0,0,0
"tus",1967,0,0,0
"tus",1968,0,0,0
"tus",1969,0,0,0
"tus",1970,0,0,0
"tus",1971,0,0,0
"tus",1972,0,0,0
"tus",1973,0,0,0
"tus",1974,0,0,0
"tus",1975,0,0,0
"tus",1976,0,0,0
"tus",1977,0,0,0
"tus",1978,0,0,0
"tus",1979,0,0,0
"tus",1980,0,0,0
"tus",1981,0,0,0
"tus",1982,0,0,0
"tus",1983,0,0,0
"tus",1984,0,0,0
"tus",1985,0,0,0
"tus",1986,0,0,0
"tus",1987,0,0,0
"tus",1988,0,0,0
"tus",1989,0,0,0
"tus",1990,0,0,0
"tus",1991,0,0,0
"tus",1992,0,0,0
"tus",1993,0,0,0
"tus",1994,0,0,0
"tus",1995,0,0,0
"tus",1996,0,0,0
"tus",1997,0,0,0
"tus",1998,0,0,0
"tus",1999,0,0,0
"tus",2000,0,0,0
"tus",2001,0,0,0
"tus",2002,0,0,0
"tus",2003,0,0,0
"tus",2004,0,0,0
"tus",2005,0,0,0
"tus",2006,0,0,0
"tus",2007,0,0,0
"tus",2008,0,0,0
"tus",2009,0,0,0
"tus",2010,0,0,0
"tus",2011,0,0,0
"tus",2012,0,0,0
"tus",2013,0,0,0
"tus",2014,0,0,0
"uae",1816,0,0,0
"uae",1817,0,0,0
"uae",1818,0,0,0
"uae",1819,0,0,0
"uae",1820,0,0,0
"uae",1821,0,0,0
"uae",1822,0,0,0
"uae",1823,0,0,0
"uae",1824,0,0,0
"uae",1825,0,0,0
"uae",1826,0,0,0
"uae",1827,0,0,0
"uae",1828,0,0,0
"uae",1829,0,0,0
"uae",1830,0,0,0
"uae",1831,0,0,0
"uae",1832,0,0,0
"uae",1833,0,0,0
"uae",1834,0,0,0
"uae",1835,0,0,0
"uae",1836,0,0,0
"uae",1837,0,0,0
"uae",1838,0,0,0
"uae",1839,0,0,0
"uae",1840,0,0,0
"uae",1841,0,0,0
"uae",1842,0,0,0
"uae",1843,0,0,0
"uae",1844,0,0,0
"uae",1845,0,0,0
"uae",1846,0,0,0
"uae",1847,0,0,0
"uae",1848,0,0,0
"uae",1849,0,0,0
"uae",1850,0,0,0
"uae",1851,0,0,0
"uae",1852,0,0,0
"uae",1853,0,0,0
"uae",1854,0,0,0
"uae",1855,0,0,0
"uae",1856,0,0,0
"uae",1857,0,0,0
"uae",1858,0,0,0
"uae",1859,0,0,0
"uae",1860,0,0,0
"uae",1861,0,0,0
"uae",1862,0,0,0
"uae",1863,0,0,0
"uae",1864,0,0,0
"uae",1865,0,0,0
"uae",1866,0,0,0
"uae",1867,0,0,0
"uae",1868,0,0,0
"uae",1869,0,0,0
"uae",1870,0,0,0
"uae",1871,0,0,0
"uae",1872,0,0,0
"uae",1873,0,0,0
"uae",1874,0,0,0
"uae",1875,0,0,0
"uae",1876,0,0,0
"uae",1877,0,0,0
"uae",1878,0,0,0
"uae",1879,0,0,0
"uae",1880,0,0,0
"uae",1881,0,0,0
"uae",1882,0,0,0
"uae",1883,0,0,0
"uae",1884,0,0,0
"uae",1885,0,0,0
"uae",1886,0,0,0
"uae",1887,0,0,0
"uae",1888,0,0,0
"uae",1889,0,0,0
"uae",1890,0,0,0
"uae",1891,0,0,0
"uae",1892,0,0,0
"uae",1893,0,0,0
"uae",1894,0,0,0
"uae",1895,0,0,0
"uae",1896,0,0,0
"uae",1897,0,0,0
"uae",1898,0,0,0
"uae",1899,0,0,0
"uae",1900,0,0,0
"uae",1901,0,0,0
"uae",1902,0,0,0
"uae",1903,0,0,0
"uae",1904,0,0,0
"uae",1905,0,0,0
"uae",1906,0,0,0
"uae",1907,0,0,0
"uae",1908,0,0,0
"uae",1909,0,0,0
"uae",1910,0,0,0
"uae",1911,0,0,0
"uae",1912,0,0,0
"uae",1913,0,0,0
"uae",1914,0,0,0
"uae",1915,0,0,0
"uae",1916,0,0,0
"uae",1917,0,0,0
"uae",1918,0,0,0
"uae",1919,0,0,0
"uae",1920,0,0,0
"uae",1921,0,0,0
"uae",1922,0,0,0
"uae",1923,0,0,0
"uae",1924,0,0,0
"uae",1925,0,0,0
"uae",1926,0,0,0
"uae",1927,0,0,0
"uae",1928,0,0,0
"uae",1929,0,0,0
"uae",1930,0,0,0
"uae",1931,0,0,0
"uae",1932,0,0,0
"uae",1933,0,0,0
"uae",1934,0,0,0
"uae",1935,0,0,0
"uae",1936,0,0,0
"uae",1937,0,0,0
"uae",1938,0,0,0
"uae",1939,0,0,0
"uae",1940,0,0,0
"uae",1941,0,0,0
"uae",1942,0,0,0
"uae",1943,0,0,0
"uae",1944,0,0,0
"uae",1945,0,0,0
"uae",1946,0,0,0
"uae",1947,0,0,0
"uae",1948,0,0,0
"uae",1949,0,0,0
"uae",1950,0,0,0
"uae",1951,0,0,0
"uae",1952,0,0,0
"uae",1953,0,0,0
"uae",1954,0,0,0
"uae",1955,0,0,0
"uae",1956,0,0,0
"uae",1957,0,0,0
"uae",1958,0,0,0
"uae",1959,0,0,0
"uae",1960,0,0,0
"uae",1961,0,0,0
"uae",1962,0,0,0
"uae",1963,0,0,0
"uae",1964,0,0,0
"uae",1965,0,0,0
"uae",1966,0,0,0
"uae",1967,0,0,0
"uae",1968,0,0,0
"uae",1969,0,0,0
"uae",1970,0,0,0
"uae",1971,0,0,0
"uae",1972,0,0,0
"uae",1973,0,0,0
"uae",1974,0,0,0
"uae",1975,0,0,0
"uae",1976,0,0,0
"uae",1977,0,0,0
"uae",1978,0,0,0
"uae",1979,0,0,0
"uae",1980,0,0,0
"uae",1981,0,0,0
"uae",1982,0,0,0
"uae",1983,0,0,0
"uae",1984,0,0,1
"uae",1985,0,0,0
"uae",1986,0,0,1
"uae",1987,0,0,0
"uae",1988,0,0,1
"uae",1989,0,0,0
"uae",1990,0,1,4
"uae",1991,0,1,4
"uae",1992,0,0,1
"uae",1993,0,0,0
"uae",1994,0,0,3
"uae",1995,0,0,0
"uae",1996,0,0,0
"uae",1997,0,0,0
"uae",1998,0,0,0
"uae",1999,0,0,3
"uae",2000,0,0,1
"uae",2001,0,0,0
"uae",2002,0,0,0
"uae",2003,1,0,3
"uae",2004,1,0,4
"uae",2005,0,0,0
"uae",2006,0,0,0
"uae",2007,0,0,0
"uae",2008,0,0,0
"uae",2009,0,0,0
"uae",2010,0,0,0
"uae",2011,1,0,4
"uae",2012,0,0,0
"uae",2013,0,0,0
"uae",2014,0,0,0
"uga",1816,0,0,0
"uga",1817,0,0,0
"uga",1818,0,0,0
"uga",1819,0,0,0
"uga",1820,0,0,0
"uga",1821,0,0,0
"uga",1822,0,0,0
"uga",1823,0,0,0
"uga",1824,0,0,0
"uga",1825,0,0,0
"uga",1826,0,0,0
"uga",1827,0,0,0
"uga",1828,0,0,0
"uga",1829,0,0,0
"uga",1830,0,0,0
"uga",1831,0,0,0
"uga",1832,0,0,0
"uga",1833,0,0,0
"uga",1834,0,0,0
"uga",1835,0,0,0
"uga",1836,0,0,0
"uga",1837,0,0,0
"uga",1838,0,0,0
"uga",1839,0,0,0
"uga",1840,0,0,0
"uga",1841,0,0,0
"uga",1842,0,0,0
"uga",1843,0,0,0
"uga",1844,0,0,0
"uga",1845,0,0,0
"uga",1846,0,0,0
"uga",1847,0,0,0
"uga",1848,0,0,0
"uga",1849,0,0,0
"uga",1850,0,0,0
"uga",1851,0,0,0
"uga",1852,0,0,0
"uga",1853,0,0,0
"uga",1854,0,0,0
"uga",1855,0,0,0
"uga",1856,0,0,0
"uga",1857,0,0,0
"uga",1858,0,0,0
"uga",1859,0,0,0
"uga",1860,0,0,0
"uga",1861,0,0,0
"uga",1862,0,0,0
"uga",1863,0,0,0
"uga",1864,0,0,0
"uga",1865,0,0,0
"uga",1866,0,0,0
"uga",1867,0,0,0
"uga",1868,0,0,0
"uga",1869,0,0,0
"uga",1870,0,0,0
"uga",1871,0,0,0
"uga",1872,0,0,0
"uga",1873,0,0,0
"uga",1874,0,0,0
"uga",1875,0,0,0
"uga",1876,0,0,0
"uga",1877,0,0,0
"uga",1878,0,0,0
"uga",1879,0,0,0
"uga",1880,0,0,0
"uga",1881,0,0,0
"uga",1882,0,0,0
"uga",1883,0,0,0
"uga",1884,0,0,0
"uga",1885,0,0,0
"uga",1886,0,0,0
"uga",1887,0,0,0
"uga",1888,0,0,0
"uga",1889,0,0,0
"uga",1890,0,0,0
"uga",1891,0,0,0
"uga",1892,0,0,0
"uga",1893,0,0,0
"uga",1894,0,0,0
"uga",1895,0,0,0
"uga",1896,0,0,0
"uga",1897,0,0,0
"uga",1898,0,0,0
"uga",1899,0,0,0
"uga",1900,0,0,0
"uga",1901,0,0,0
"uga",1902,0,0,0
"uga",1903,0,0,0
"uga",1904,0,0,0
"uga",1905,0,0,0
"uga",1906,0,0,0
"uga",1907,0,0,0
"uga",1908,0,0,0
"uga",1909,0,0,0
"uga",1910,0,0,0
"uga",1911,0,0,0
"uga",1912,0,0,0
"uga",1913,0,0,0
"uga",1914,0,0,0
"uga",1915,0,0,0
"uga",1916,0,0,0
"uga",1917,0,0,0
"uga",1918,0,0,0
"uga",1919,0,0,0
"uga",1920,0,0,0
"uga",1921,0,0,0
"uga",1922,0,0,0
"uga",1923,0,0,0
"uga",1924,0,0,0
"uga",1925,0,0,0
"uga",1926,0,0,0
"uga",1927,0,0,0
"uga",1928,0,0,0
"uga",1929,0,0,0
"uga",1930,0,0,0
"uga",1931,0,0,0
"uga",1932,0,0,0
"uga",1933,0,0,0
"uga",1934,0,0,0
"uga",1935,0,0,0
"uga",1936,0,0,0
"uga",1937,0,0,0
"uga",1938,0,0,0
"uga",1939,0,0,0
"uga",1940,0,0,0
"uga",1941,0,0,0
"uga",1942,0,0,0
"uga",1943,0,0,0
"uga",1944,0,0,0
"uga",1945,0,0,0
"uga",1946,0,0,0
"uga",1947,0,0,0
"uga",1948,0,0,0
"uga",1949,0,0,0
"uga",1950,0,0,0
"uga",1951,0,0,0
"uga",1952,0,0,0
"uga",1953,0,0,0
"uga",1954,0,0,0
"uga",1955,0,0,0
"uga",1956,0,0,0
"uga",1957,0,0,0
"uga",1958,0,0,0
"uga",1959,0,0,0
"uga",1960,0,0,0
"uga",1961,0,0,0
"uga",1962,0,0,0
"uga",1963,0,0,0
"uga",1964,0,0,0
"uga",1965,0,0,1
"uga",1966,0,0,0
"uga",1967,0,0,0
"uga",1968,0,0,1
"uga",1969,0,0,0
"uga",1970,0,0,0
"uga",1971,0.75,0.5,3
"uga",1972,1,2,4
"uga",1973,0.666666666666667,0.666666666666667,3.66666666666667
"uga",1974,0.5,0,3.5
"uga",1975,0.333333333333333,0,2.66666666666667
"uga",1976,0,2,4
"uga",1977,0.5,1,4
"uga",1978,1,6,5
"uga",1979,1,6,5
"uga",1980,0,0,0
"uga",1981,0,0,0
"uga",1982,0,0,0
"uga",1983,0,0,0
"uga",1984,0,0,0
"uga",1985,0,0,0
"uga",1986,0,0,0
"uga",1987,0.5,1.5,4
"uga",1988,0,0,0
"uga",1989,0,1.5,4
"uga",1990,0,1,4
"uga",1991,0,0,0
"uga",1992,0,0,0
"uga",1993,0,0,0
"uga",1994,0,0,0
"uga",1995,0,0,2
"uga",1996,1,0,4
"uga",1997,0,0,1
"uga",1998,0,0,3
"uga",1999,0,0,3
"uga",2000,0,0,0
"uga",2001,0,0,3
"uga",2002,0,1,4
"uga",2003,1,0,2
"uga",2004,1,1,4
"uga",2005,1,0,2
"uga",2006,1,1,4
"uga",2007,1,1,4
"uga",2008,0,0,0
"uga",2009,0,0,0
"uga",2010,0.5,0.5,2.5
"uga",2011,0,0,0
"uga",2012,0,0,0
"uga",2013,0.5,0,2.5
"uga",2014,0,0,0
"ukg",1816,0,0,0
"ukg",1817,0,0,0
"ukg",1818,0,0,0
"ukg",1819,0,0,0
"ukg",1820,0,0,0
"ukg",1821,0,0,0
"ukg",1822,0,0,0
"ukg",1823,0,0,0
"ukg",1824,0,0,0
"ukg",1825,0,0,0
"ukg",1826,1,0,2
"ukg",1827,1,1,4
"ukg",1828,1,1,4
"ukg",1829,0,0,0
"ukg",1830,0,0,0
"ukg",1831,0.5,0,3
"ukg",1832,0,0,3.5
"ukg",1833,0.5,0,3.5
"ukg",1834,0,0,0
"ukg",1835,0,0,0
"ukg",1836,0,0,4
"ukg",1837,0.5,0,4
"ukg",1838,1,0,2.5
"ukg",1839,1,0,4
"ukg",1840,0.5,0,2.5
"ukg",1841,1,0,4
"ukg",1842,1,0,3
"ukg",1843,1,0,3
"ukg",1844,0,0,0
"ukg",1845,1,0,4
"ukg",1846,1,0,3.5
"ukg",1847,0,0,0
"ukg",1848,0.5,0,2.5
"ukg",1849,0,0,3
"ukg",1850,1,0,4
"ukg",1851,0,0,0
"ukg",1852,0,0,0
"ukg",1853,0,6,5
"ukg",1854,0,3,4
"ukg",1855,0,6,5
"ukg",1856,0.5,3,4.25
"ukg",1857,0.5,3,4
"ukg",1858,0,0,4
"ukg",1859,0,0,2.5
"ukg",1860,0,0,1
"ukg",1861,0,0,3
"ukg",1862,0,0,4
"ukg",1863,0,0,3
"ukg",1864,0,0,2
"ukg",1865,1,0,3
"ukg",1866,0,0,0
"ukg",1867,0,0,0
"ukg",1868,0,0,0
"ukg",1869,0,0,0
"ukg",1870,0,0,0
"ukg",1871,0,0,0
"ukg",1872,0,0,0
"ukg",1873,0,0,3
"ukg",1874,0,0,0
"ukg",1875,0,0,0
"ukg",1876,0.5,0,3
"ukg",1877,1,0,3
"ukg",1878,1,0,3
"ukg",1879,0,0,0
"ukg",1880,0.5,0,3
"ukg",1881,1,0,3
"ukg",1882,1,2,5
"ukg",1883,1,0,2
"ukg",1884,1,0,2
"ukg",1885,0,0,3
"ukg",1886,1,0,4
"ukg",1887,1,0,3.5
"ukg",1888,0,0,3
"ukg",1889,0.5,0,3
"ukg",1890,0.5,0,2.5
"ukg",1891,0.5,0,2.5
"ukg",1892,0,0,0
"ukg",1893,0,0,3.5
"ukg",1894,0,0,0
"ukg",1895,1,0,3.5
"ukg",1896,1,0,3.5
"ukg",1897,1,0,3.25
"ukg",1898,1,0,3.4
"ukg",1899,1,0,4
"ukg",1900,1,1,4.5
"ukg",1901,0,0,1
"ukg",1902,0.666666666666667,0,2
"ukg",1903,1,0,2
"ukg",1904,0.5,0,3
"ukg",1905,1,0,4
"ukg",1906,0,0,3
"ukg",1907,0,0,0
"ukg",1908,0,0,0
"ukg",1909,0,0,0
"ukg",1910,1,0,3
"ukg",1911,0.5,0,1.5
"ukg",1912,0,0,0
"ukg",1913,0.5,0,3
"ukg",1914,0.333333333333333,2,4
"ukg",1915,0.333333333333333,2,4.66666666666667
"ukg",1916,0.333333333333333,2.33333333333333,4.33333333333333
"ukg",1917,0.666666666666667,2.33333333333333,4.33333333333333
"ukg",1918,0,6,5
"ukg",1919,0.5,0,4
"ukg",1920,1,0,3
"ukg",1921,0,0,4
"ukg",1922,0.666666666666667,0,3
"ukg",1923,0.5,0,3.5
"ukg",1924,0,0,0
"ukg",1925,0,0,3
"ukg",1926,0,0,2.5
"ukg",1927,0,0,1
"ukg",1928,0,0,0
"ukg",1929,0,0,0
"ukg",1930,0,0,0
"ukg",1931,0,0,0
"ukg",1932,1,0,3
"ukg",1933,0,0,0
"ukg",1934,0,0.5,2
"ukg",1935,0,0,3
"ukg",1936,0,0,3
"ukg",1937,0,0,4
"ukg",1938,0.5,0,3.5
"ukg",1939,0.428571428571429,0.857142857142857,3.28571428571429
"ukg",1940,0.6,0.4,3.93333333333333
"ukg",1941,0.25,1.5,3.75
"ukg",1942,0.5,3,4
"ukg",1943,0.5,3,3.5
"ukg",1944,0,6,5
"ukg",1945,0,6,5
"ukg",1946,0,0.666666666666667,3
"ukg",1947,0,0,1
"ukg",1948,0,0,3.5
"ukg",1949,0,0,3
"ukg",1950,0,1.25,3.5
"ukg",1951,0.2,1.2,2.8
"ukg",1952,0,3,4.5
"ukg",1953,0,1.5,3
"ukg",1954,0,0,1
"ukg",1955,0.5,0,2
"ukg",1956,0.5,0,3
"ukg",1957,0,0,0
"ukg",1958,0.333333333333333,0,2.33333333333333
"ukg",1959,0,0,3
"ukg",1960,0,0,4
"ukg",1961,0,0,2.33333333333333
"ukg",1962,0,0,3
"ukg",1963,0,0.666666666666667,3.66666666666667
"ukg",1964,0,1,4
"ukg",1965,0.333333333333333,0.333333333333333,2.66666666666667
"ukg",1966,0.666666666666667,0,2.33333333333333
"ukg",1967,1,0,4
"ukg",1968,0,0,1
"ukg",1969,0,0,0
"ukg",1970,0,0,3
"ukg",1971,0,0,0
"ukg",1972,0,0,3.5
"ukg",1973,0,0,4
"ukg",1974,0,0,1
"ukg",1975,0,0,2.66666666666667
"ukg",1976,0,0,2
"ukg",1977,0,0,3
"ukg",1978,0,0,0
"ukg",1979,0,0,0
"ukg",1980,0,0,3
"ukg",1981,0,0,0
"ukg",1982,0,1.33333333333333,3.33333333333333
"ukg",1983,0,0,1
"ukg",1984,0,0,1
"ukg",1985,0,0,2
"ukg",1986,0,0,2
"ukg",1987,0,0,0
"ukg",1988,0,0,1
"ukg",1989,0,0,0
"ukg",1990,0,1,5
"ukg",1991,0,0.5,4.5
"ukg",1992,0.5,0,4
"ukg",1993,0.5,0,3.5
"ukg",1994,0.666666666666667,0,3.66666666666667
"ukg",1995,1,0,4
"ukg",1996,0.666666666666667,0,4
"ukg",1997,1,2,5
"ukg",1998,1,1,4.5
"ukg",1999,0.75,0.5,3.25
"ukg",2000,0.25,0.5,2.25
"ukg",2001,1,1,4.5
"ukg",2002,1,1,3.5
"ukg",2003,0.5,1,4.5
"ukg",2004,0,0,0
"ukg",2005,0,0,0
"ukg",2006,0,0,0
"ukg",2007,0,0,0
"ukg",2008,0,0,0
"ukg",2009,0,0,0
"ukg",2010,0,0,0
"ukg",2011,1,0,3.5
"ukg",2012,1,0,2
"ukg",2013,1,0,3
"ukg",2014,1,0,3
"ukr",1816,0,0,0
"ukr",1817,0,0,0
"ukr",1818,0,0,0
"ukr",1819,0,0,0
"ukr",1820,0,0,0
"ukr",1821,0,0,0
"ukr",1822,0,0,0
"ukr",1823,0,0,0
"ukr",1824,0,0,0
"ukr",1825,0,0,0
"ukr",1826,0,0,0
"ukr",1827,0,0,0
"ukr",1828,0,0,0
"ukr",1829,0,0,0
"ukr",1830,0,0,0
"ukr",1831,0,0,0
"ukr",1832,0,0,0
"ukr",1833,0,0,0
"ukr",1834,0,0,0
"ukr",1835,0,0,0
"ukr",1836,0,0,0
"ukr",1837,0,0,0
"ukr",1838,0,0,0
"ukr",1839,0,0,0
"ukr",1840,0,0,0
"ukr",1841,0,0,0
"ukr",1842,0,0,0
"ukr",1843,0,0,0
"ukr",1844,0,0,0
"ukr",1845,0,0,0
"ukr",1846,0,0,0
"ukr",1847,0,0,0
"ukr",1848,0,0,0
"ukr",1849,0,0,0
"ukr",1850,0,0,0
"ukr",1851,0,0,0
"ukr",1852,0,0,0
"ukr",1853,0,0,0
"ukr",1854,0,0,0
"ukr",1855,0,0,0
"ukr",1856,0,0,0
"ukr",1857,0,0,0
"ukr",1858,0,0,0
"ukr",1859,0,0,0
"ukr",1860,0,0,0
"ukr",1861,0,0,0
"ukr",1862,0,0,0
"ukr",1863,0,0,0
"ukr",1864,0,0,0
"ukr",1865,0,0,0
"ukr",1866,0,0,0
"ukr",1867,0,0,0
"ukr",1868,0,0,0
"ukr",1869,0,0,0
"ukr",1870,0,0,0
"ukr",1871,0,0,0
"ukr",1872,0,0,0
"ukr",1873,0,0,0
"ukr",1874,0,0,0
"ukr",1875,0,0,0
"ukr",1876,0,0,0
"ukr",1877,0,0,0
"ukr",1878,0,0,0
"ukr",1879,0,0,0
"ukr",1880,0,0,0
"ukr",1881,0,0,0
"ukr",1882,0,0,0
"ukr",1883,0,0,0
"ukr",1884,0,0,0
"ukr",1885,0,0,0
"ukr",1886,0,0,0
"ukr",1887,0,0,0
"ukr",1888,0,0,0
"ukr",1889,0,0,0
"ukr",1890,0,0,0
"ukr",1891,0,0,0
"ukr",1892,0,0,0
"ukr",1893,0,0,0
"ukr",1894,0,0,0
"ukr",1895,0,0,0
"ukr",1896,0,0,0
"ukr",1897,0,0,0
"ukr",1898,0,0,0
"ukr",1899,0,0,0
"ukr",1900,0,0,0
"ukr",1901,0,0,0
"ukr",1902,0,0,0
"ukr",1903,0,0,0
"ukr",1904,0,0,0
"ukr",1905,0,0,0
"ukr",1906,0,0,0
"ukr",1907,0,0,0
"ukr",1908,0,0,0
"ukr",1909,0,0,0
"ukr",1910,0,0,0
"ukr",1911,0,0,0
"ukr",1912,0,0,0
"ukr",1913,0,0,0
"ukr",1914,0,0,0
"ukr",1915,0,0,0
"ukr",1916,0,0,0
"ukr",1917,0,0,0
"ukr",1918,0,0,0
"ukr",1919,0,0,0
"ukr",1920,0,0,0
"ukr",1921,0,0,0
"ukr",1922,0,0,0
"ukr",1923,0,0,0
"ukr",1924,0,0,0
"ukr",1925,0,0,0
"ukr",1926,0,0,0
"ukr",1927,0,0,0
"ukr",1928,0,0,0
"ukr",1929,0,0,0
"ukr",1930,0,0,0
"ukr",1931,0,0,0
"ukr",1932,0,0,0
"ukr",1933,0,0,0
"ukr",1934,0,0,0
"ukr",1935,0,0,0
"ukr",1936,0,0,0
"ukr",1937,0,0,0
"ukr",1938,0,0,0
"ukr",1939,0,0,0
"ukr",1940,0,0,0
"ukr",1941,0,0,0
"ukr",1942,0,0,0
"ukr",1943,0,0,0
"ukr",1944,0,0,0
"ukr",1945,0,0,0
"ukr",1946,0,0,0
"ukr",1947,0,0,0
"ukr",1948,0,0,0
"ukr",1949,0,0,0
"ukr",1950,0,0,0
"ukr",1951,0,0,0
"ukr",1952,0,0,0
"ukr",1953,0,0,0
"ukr",1954,0,0,0
"ukr",1955,0,0,0
"ukr",1956,0,0,0
"ukr",1957,0,0,0
"ukr",1958,0,0,0
"ukr",1959,0,0,0
"ukr",1960,0,0,0
"ukr",1961,0,0,0
"ukr",1962,0,0,0
"ukr",1963,0,0,0
"ukr",1964,0,0,0
"ukr",1965,0,0,0
"ukr",1966,0,0,0
"ukr",1967,0,0,0
"ukr",1968,0,0,0
"ukr",1969,0,0,0
"ukr",1970,0,0,0
"ukr",1971,0,0,0
"ukr",1972,0,0,0
"ukr",1973,0,0,0
"ukr",1974,0,0,0
"ukr",1975,0,0,0
"ukr",1976,0,0,0
"ukr",1977,0,0,0
"ukr",1978,0,0,0
"ukr",1979,0,0,0
"ukr",1980,0,0,0
"ukr",1981,0,0,0
"ukr",1982,0,0,0
"ukr",1983,0,0,0
"ukr",1984,0,0,0
"ukr",1985,0,0,0
"ukr",1986,0,0,0
"ukr",1987,0,0,0
"ukr",1988,0,0,0
"ukr",1989,0,0,0
"ukr",1990,0,0,0
"ukr",1991,0,0,0
"ukr",1992,0,0,1
"ukr",1993,0,0,0
"ukr",1994,1,0,4
"ukr",1995,0,0,0
"ukr",1996,0,0,1
"ukr",1997,1,0,3
"ukr",1998,0,0,0
"ukr",1999,0,0,0
"ukr",2000,0,0,1
"ukr",2001,0,0,0
"ukr",2002,0,0,0
"ukr",2003,0,0,1
"ukr",2004,0,0,1
"ukr",2005,0,0,3
"ukr",2006,0,0,0
"ukr",2007,0,0,0
"ukr",2008,0,0,1
"ukr",2009,0,0,3
"ukr",2010,0,0,0
"ukr",2011,0,0,0
"ukr",2012,0,0,0
"ukr",2013,0,0,1
"ukr",2014,1,0,3.5
"uru",1816,0,0,0
"uru",1817,0,0,0
"uru",1818,0,0,0
"uru",1819,0,0,0
"uru",1820,0,0,0
"uru",1821,0,0,0
"uru",1822,0,0,0
"uru",1823,0,0,0
"uru",1824,0,0,0
"uru",1825,0,0,0
"uru",1826,0,0,0
"uru",1827,0,0,0
"uru",1828,0,0,0
"uru",1829,0,0,0
"uru",1830,0,0,0
"uru",1831,0,0,0
"uru",1832,0,0,0
"uru",1833,0,0,0
"uru",1834,0,0,0
"uru",1835,0,0,0
"uru",1836,0,0,0
"uru",1837,0,0,0
"uru",1838,0,0,0
"uru",1839,0,0,0
"uru",1840,0,0,0
"uru",1841,0,0,0
"uru",1842,0,0,0
"uru",1843,0,0,0
"uru",1844,0,0,0
"uru",1845,0,0,0
"uru",1846,0,0,0
"uru",1847,0,0,0
"uru",1848,0,0,0
"uru",1849,0,0,0
"uru",1850,0,0,0
"uru",1851,0,0,0
"uru",1852,0,0,0
"uru",1853,0,0,0
"uru",1854,0,0,0
"uru",1855,0,0,0
"uru",1856,0,0,0
"uru",1857,0,0,0
"uru",1858,0,0,0
"uru",1859,0,0,0
"uru",1860,0,0,0
"uru",1861,0,0,0
"uru",1862,0,0,0
"uru",1863,0,0,0
"uru",1864,0,0,0
"uru",1865,0,0,0
"uru",1866,0,0,0
"uru",1867,0,0,0
"uru",1868,0,0,0
"uru",1869,0,0,0
"uru",1870,0,0,0
"uru",1871,0,0,0
"uru",1872,0,0,0
"uru",1873,0,0,0
"uru",1874,0,0,0
"uru",1875,0,0,0
"uru",1876,0,0,0
"uru",1877,0,0,0
"uru",1878,0,0,0
"uru",1879,0,0,0
"uru",1880,0,0,0
"uru",1881,0,0,0
"uru",1882,0,0,0
"uru",1883,0,0,0
"uru",1884,0,0,0
"uru",1885,0,0,0
"uru",1886,0,0,0
"uru",1887,0,0,0
"uru",1888,0,0,0
"uru",1889,0,0,0
"uru",1890,0,0,0
"uru",1891,0,0,0
"uru",1892,0,0,0
"uru",1893,0,0,0
"uru",1894,0,0,0
"uru",1895,0,0,0
"uru",1896,0,0,0
"uru",1897,0,0,0
"uru",1898,0,0,0
"uru",1899,0,0,0
"uru",1900,0,0,0
"uru",1901,0,0,0
"uru",1902,0,0,0
"uru",1903,0,0,0
"uru",1904,0,0,0
"uru",1905,0,0,0
"uru",1906,0,0,0
"uru",1907,0,0,1
"uru",1908,0,0,0
"uru",1909,0,0,0
"uru",1910,0,0,0
"uru",1911,0,0,0
"uru",1912,0,0,0
"uru",1913,0,0,0
"uru",1914,0,0,0
"uru",1915,0,0,0
"uru",1916,0,0,0
"uru",1917,0,0,0
"uru",1918,0,0,0
"uru",1919,0,0,0
"uru",1920,0,0,0
"uru",1921,0,0,0
"uru",1922,0,0,0
"uru",1923,0,0,0
"uru",1924,0,0,0
"uru",1925,0,0,0
"uru",1926,0,0,0
"uru",1927,0,0,0
"uru",1928,0,0,0
"uru",1929,0,0,0
"uru",1930,0,0,0
"uru",1931,0,0,0
"uru",1932,0,0,0
"uru",1933,0,0,0
"uru",1934,0,0,0
"uru",1935,0,0,0
"uru",1936,0,0,0
"uru",1937,0,0,0
"uru",1938,0,0,0
"uru",1939,0,0,3.5
"uru",1940,0,0,4
"uru",1941,0,0,0
"uru",1942,0,0,1
"uru",1943,0,0,0
"uru",1944,0,0,0
"uru",1945,0,0,4
"uru",1946,0,0,0
"uru",1947,0,0,0
"uru",1948,0,0,0
"uru",1949,0,0,0
"uru",1950,0,0,0
"uru",1951,0,0,0
"uru",1952,0,0,0
"uru",1953,0,0,0
"uru",1954,0,0,0
"uru",1955,0,0,0
"uru",1956,0,0,0
"uru",1957,0,0,0
"uru",1958,0,0,0
"uru",1959,0,0,0
"uru",1960,0,0,0
"uru",1961,0,0,0
"uru",1962,0,0,0
"uru",1963,0,0,0
"uru",1964,0,0,0
"uru",1965,0,0,0
"uru",1966,0,0,0
"uru",1967,0,0,0
"uru",1968,0,0,0
"uru",1969,1,0,1
"uru",1970,0,0,0
"uru",1971,0,0,0
"uru",1972,0,0,0
"uru",1973,1,0,3
"uru",1974,0,0,0
"uru",1975,0,0,0
"uru",1976,0,0,0
"uru",1977,0,0,0
"uru",1978,0,0,0
"uru",1979,0,0,0
"uru",1980,0,0,0
"uru",1981,0,0,0
"uru",1982,0,0,0
"uru",1983,0,0,0
"uru",1984,0,0,0
"uru",1985,0,0,0
"uru",1986,0,0,0
"uru",1987,0,0,0
"uru",1988,0,0,0
"uru",1989,0,0,0
"uru",1990,0,0,0
"uru",1991,0,0,0
"uru",1992,0,0,0
"uru",1993,0,0,0
"uru",1994,0,0,0
"uru",1995,0,0,0
"uru",1996,0,0,0
"uru",1997,0,0,0
"uru",1998,0,0,0
"uru",1999,0,0,0
"uru",2000,0,0,0
"uru",2001,0,0,0
"uru",2002,0,0,0
"uru",2003,0,0,0
"uru",2004,0,0,0
"uru",2005,0,0,0
"uru",2006,0,0,0
"uru",2007,0,0,0
"uru",2008,0,0,0
"uru",2009,0,0,0
"uru",2010,0,0,0
"uru",2011,0,0,0
"uru",2012,0,0,0
"uru",2013,0,0,0
"uru",2014,0,0,0
"usa",1816,1,0,4
"usa",1817,0,0,0
"usa",1818,0,0,0
"usa",1819,0,0,0
"usa",1820,0,0,0
"usa",1821,0,0,0
"usa",1822,0,0,0
"usa",1823,0,0,0
"usa",1824,0,0,0
"usa",1825,0,0,0
"usa",1826,0,0,0
"usa",1827,0,0,0
"usa",1828,0,0,0
"usa",1829,0,0,0
"usa",1830,0,0,0
"usa",1831,0,0,0
"usa",1832,0,0,0
"usa",1833,0,0,0
"usa",1834,0,0,1
"usa",1835,1,0,3
"usa",1836,0,0,4
"usa",1837,0,0,3.5
"usa",1838,0,0,2
"usa",1839,0.5,0,3
"usa",1840,0,0,0
"usa",1841,0,0,0
"usa",1842,1,0,4
"usa",1843,1,6,5
"usa",1844,1,6,5
"usa",1845,1,6,5
"usa",1846,1,3,3
"usa",1847,1,6,5
"usa",1848,1,6,5
"usa",1849,0,0,0
"usa",1850,0.5,0,2.5
"usa",1851,1,0,2
"usa",1852,1,0,3
"usa",1853,1,0,3
"usa",1854,0.5,0,3
"usa",1855,0,0,2
"usa",1856,0,0,3
"usa",1857,0,0,0
"usa",1858,0.5,0,2
"usa",1859,0,0,3
"usa",1860,0.5,0,2.5
"usa",1861,1,0,4
"usa",1862,0,0,0
"usa",1863,0,0,2
"usa",1864,1,0,2
"usa",1865,1,0,3
"usa",1866,0.666666666666667,0,3
"usa",1867,0,0,0
"usa",1868,0,0,0
"usa",1869,1,0,3
"usa",1870,0,0,3.5
"usa",1871,0,0,0
"usa",1872,0,0,0
"usa",1873,0.5,0,2.5
"usa",1874,0,0,0
"usa",1875,1,0,3
"usa",1876,0,0,0
"usa",1877,0,0,0
"usa",1878,0,0,0
"usa",1879,0,0,0
"usa",1880,1,0,3
"usa",1881,0,0,2
"usa",1882,1,0,2
"usa",1883,1,0,2
"usa",1884,0,0,0
"usa",1885,0,0,3
"usa",1886,0,0,1
"usa",1887,0,0,0
"usa",1888,0,0,3.5
"usa",1889,0.5,0,3.5
"usa",1890,0,0,0
"usa",1891,0.5,0,2.5
"usa",1892,0,0,2
"usa",1893,0,0,4
"usa",1894,0,0,0
"usa",1895,0,0,2
"usa",1896,0,0,1
"usa",1897,0,0,0
"usa",1898,1,6,5
"usa",1899,0,0,0
"usa",1900,0,1,4
"usa",1901,0,0,0
"usa",1902,0.5,0,3
"usa",1903,0.6,0,2.8
"usa",1904,1,0,3.5
"usa",1905,0.5,0,3
"usa",1906,0,0,3
"usa",1907,0,0,0
"usa",1908,0,0,0
"usa",1909,1,0,3
"usa",1910,1,0,3
"usa",1911,1,0,3.33333333333333
"usa",1912,1,0,4
"usa",1913,1,2,4
"usa",1914,1,0.666666666666667,4
"usa",1915,0.75,0,3
"usa",1916,0.5,0,2.5
"usa",1917,0.5,3,4.5
"usa",1918,0,6,5
"usa",1919,0,0,4
"usa",1920,0,0,4
"usa",1921,0.666666666666667,0,2.66666666666667
"usa",1922,0,0,0
"usa",1923,0,0,0
"usa",1924,0,0,0
"usa",1925,0,0,0
"usa",1926,0.5,0,3
"usa",1927,0,0,0
"usa",1928,0,0,0
"usa",1929,0,0,4
"usa",1930,0,0,0
"usa",1931,0,0,0
"usa",1932,1,0,3
"usa",1933,1,0,4
"usa",1934,1,0,4
"usa",1935,0,0,0
"usa",1936,0,0,0
"usa",1937,0,1,1
"usa",1938,0,0,0
"usa",1939,0,0,1
"usa",1940,0.5,0,2.5
"usa",1941,0.25,2.25,4.25
"usa",1942,0,6,5
"usa",1943,0.5,3,3.5
"usa",1944,0,6,5
"usa",1945,0,6,5
"usa",1946,0,0.5,3
"usa",1947,0,0,0
"usa",1948,0,0,4
"usa",1949,0,0,2
"usa",1950,0.25,1.5,2.5
"usa",1951,0.333333333333333,2,3.66666666666667
"usa",1952,0.333333333333333,2,3
"usa",1953,0.25,1.5,3.5
"usa",1954,0.5,0,3.25
"usa",1955,0.2,0,2.6
"usa",1956,0.25,0,3.25
"usa",1957,0,0,3
"usa",1958,0.125,0,2.125
"usa",1959,0,0,3.33333333333333
"usa",1960,0.2,0,3.2
"usa",1961,0.285714285714286,0,3.14285714285714
"usa",1962,0.142857142857143,0.142857142857143,3
"usa",1963,0,0.2,2
"usa",1964,0.142857142857143,1.57142857142857,3.14285714285714
"usa",1965,0.333333333333333,1.33333333333333,3.66666666666667
"usa",1966,0.4,1.6,3.6
"usa",1967,0.5,1,3.125
"usa",1968,0.333333333333333,1.5,3.33333333333333
"usa",1969,0.6,1.8,3.6
"usa",1970,0,2,3.66666666666667
"usa",1971,0.5,1.5,3.25
"usa",1972,0.5,1.5,3.5
"usa",1973,0,2,3
"usa",1974,0,0,1
"usa",1975,0,0.5,4
"usa",1976,0.5,0.25,3.75
"usa",1977,0,0.333333333333333,2.66666666666667
"usa",1978,0,0.5,3
"usa",1979,0.125,0,2.625
"usa",1980,0,0,2.75
"usa",1981,0.428571428571429,0,3.14285714285714
"usa",1982,0.428571428571429,0,2.42857142857143
"usa",1983,0.4,0.1,3.2
"usa",1984,0,0,2.4
"usa",1985,0,0.166666666666667,2.5
"usa",1986,0.4,0,2.6
"usa",1987,0.75,0.75,3.25
"usa",1988,0.6,0.2,3.2
"usa",1989,0.666666666666667,0.333333333333333,3
"usa",1990,0.5,1.5,4.5
"usa",1991,0.25,0.75,4.25
"usa",1992,0.333333333333333,0,3
"usa",1993,0.285714285714286,0.142857142857143,3.42857142857143
"usa",1994,0.333333333333333,0.166666666666667,3
"usa",1995,0.25,0.25,3.25
"usa",1996,0.166666666666667,0.166666666666667,2.83333333333333
"usa",1997,0.4,0.8,3.2
"usa",1998,0.666666666666667,0.666666666666667,3.83333333333333
"usa",1999,0.5,0.666666666666667,3.16666666666667
"usa",2000,0.3,0.3,2.9
"usa",2001,0.5,1,3.75
"usa",2002,0.5,1,3.5
"usa",2003,0.5,0.666666666666667,3.83333333333333
"usa",2004,0.666666666666667,0.166666666666667,3.16666666666667
"usa",2005,1,0.2,3.8
"usa",2006,1,0,4
"usa",2007,0.75,0,4
"usa",2008,0.8,0,3.4
"usa",2009,0.75,0,3.75
"usa",2010,0.666666666666667,0,3.33333333333333
"usa",2011,0.8,0,2.6
"usa",2012,1,0,2.25
"usa",2013,1,0,2.4
"usa",2014,0.75,0,2.75
"usr",1816,0,0,0
"usr",1817,1,0,3
"usr",1818,0,0,0
"usr",1819,0,0,0
"usr",1820,0,0,0
"usr",1821,1,0,3
"usr",1822,0,0,0
"usr",1823,0,0,2
"usr",1824,0,0,0
"usr",1825,0,0,0
"usr",1826,1,0,3
"usr",1827,1,3.5,4.5
"usr",1828,1,3.5,4.5
"usr",1829,1,6,5
"usr",1830,0,0,0
"usr",1831,0,0,0
"usr",1832,0,0,0
"usr",1833,0,0,1
"usr",1834,0,0,0
"usr",1835,0,0,0
"usr",1836,0,0,0
"usr",1837,0,0,0
"usr",1838,0,0,0
"usr",1839,0,0,0
"usr",1840,0,0,1
"usr",1841,0,0,0
"usr",1842,0,0,0
"usr",1843,0,0,0
"usr",1844,0,0,0
"usr",1845,0,0,0
"usr",1846,0,0,0
"usr",1847,0,0,0
"usr",1848,0,0,2
"usr",1849,1,0,2
"usr",1850,0,0,3
"usr",1851,0,0,0
"usr",1852,0,0,0
"usr",1853,1,3,4
"usr",1854,0.5,3,4
"usr",1855,1,6,5
"usr",1856,1,6,5
"usr",1857,0,0,0
"usr",1858,0,0,0
"usr",1859,0,0,0
"usr",1860,0,0,0
"usr",1861,1,0,4
"usr",1862,0,0,0
"usr",1863,0,0,0
"usr",1864,0,0,0
"usr",1865,0,0,0
"usr",1866,0,0,0
"usr",1867,0,0,0
"usr",1868,0,0,0
"usr",1869,0,0,0
"usr",1870,1,0,4
"usr",1871,1,0,4
"usr",1872,1,0,4
"usr",1873,0,0,0
"usr",1874,0,0,0
"usr",1875,0,0,0
"usr",1876,1,2,2.66666666666667
"usr",1877,0.5,3,3.5
"usr",1878,0.5,3,3.5
"usr",1879,0,0,0
"usr",1880,0.5,0,3
"usr",1881,0,0,0
"usr",1882,0,0,0
"usr",1883,0,0,0
"usr",1884,0,0,0
"usr",1885,1,0,3
"usr",1886,1,0,4
"usr",1887,1,0,2
"usr",1888,0,0,0
"usr",1889,0,0,0
"usr",1890,0,0,0
"usr",1891,1,0,4
"usr",1892,1,0,4
"usr",1893,0,0,0
"usr",1894,0,0,0
"usr",1895,1,0,3
"usr",1896,1,0,3
"usr",1897,0.5,0,2.5
"usr",1898,0.666666666666667,0,1.66666666666667
"usr",1899,1,0,3
"usr",1900,1,2.66666666666667,4.33333333333333
"usr",1901,0,0,0
"usr",1902,1,0,3
"usr",1903,1,3,4.5
"usr",1904,0.666666666666667,2,4.33333333333333
"usr",1905,1,3,4.5
"usr",1906,0,0,0
"usr",1907,0,0,0
"usr",1908,1,0,4
"usr",1909,1,0,3
"usr",1910,1,0,3
"usr",1911,1,0,3
"usr",1912,1,0,2.66666666666667
"usr",1913,1,0,3
"usr",1914,0.333333333333333,2,4.33333333333333
"usr",1915,0,3,3.5
"usr",1916,0,6,5
"usr",1917,0,3,4.5
"usr",1918,0,0,1
"usr",1919,0.333333333333333,2,3.33333333333333
"usr",1920,0.25,1.5,2
"usr",1921,0.666666666666667,0,2.5
"usr",1922,0.25,0,2.75
"usr",1923,0.5,0,4
"usr",1924,0,0,0
"usr",1925,0,0,0
"usr",1926,0,0,1.5
"usr",1927,1,0,3
"usr",1928,0,0,0
"usr",1929,0,3,5
"usr",1930,0,0,0
"usr",1931,0,0,0
"usr",1932,0,0,0
"usr",1933,1,0,4
"usr",1934,1,0,4
"usr",1935,0,0,0
"usr",1936,1,0,3.5
"usr",1937,0.666666666666667,0.333333333333333,3
"usr",1938,0.75,1.5,3.75
"usr",1939,0.666666666666667,2.66666666666667,4.33333333333333
"usr",1940,0.666666666666667,1,3.5
"usr",1941,0.5,1.5,3.25
"usr",1942,0,6,5
"usr",1943,0.666666666666667,2,4.33333333333333
"usr",1944,0.5,3,4.5
"usr",1945,0.75,1.5,3.75
"usr",1946,0.75,0,3.25
"usr",1947,0,0,0
"usr",1948,1,0,4
"usr",1949,1,0,3.5
"usr",1950,1,0,3.5
"usr",1951,0.333333333333333,0,2.33333333333333
"usr",1952,0.5,0,3.5
"usr",1953,0.333333333333333,0,3
"usr",1954,0.5,0,2.75
"usr",1955,1,0,4
"usr",1956,0.6,1.2,3.2
"usr",1957,0.5,0,3.5
"usr",1958,0.6,0,3.8
"usr",1959,0.5,0.166666666666667,2.5
"usr",1960,0.6,0,3
"usr",1961,0.4,0,3.4
"usr",1962,0.428571428571429,0,3.42857142857143
"usr",1963,0.666666666666667,0,3.66666666666667
"usr",1964,0.666666666666667,0,3.16666666666667
"usr",1965,0.4,0,2.4
"usr",1966,0.666666666666667,0.333333333333333,3.66666666666667
"usr",1967,0.428571428571429,0.142857142857143,2
"usr",1968,0.555555555555556,0.111111111111111,2.55555555555556
"usr",1969,0.5,0.5,2.5
"usr",1970,0.333333333333333,0.333333333333333,3.66666666666667
"usr",1971,1,0,3
"usr",1972,0,0,1
"usr",1973,1,0,3
"usr",1974,0,0,2
"usr",1975,0,0,0
"usr",1976,1,0,1
"usr",1977,0.25,0,2.25
"usr",1978,0.666666666666667,0,3.16666666666667
"usr",1979,0.666666666666667,0.166666666666667,3.16666666666667
"usr",1980,0.833333333333333,0.333333333333333,2.66666666666667
"usr",1981,0.5,0,2
"usr",1982,0.4,0,3.2
"usr",1983,1,0,3.5
"usr",1984,0.5,0,3.5
"usr",1985,0,0,4
"usr",1986,0.5,0,2.25
"usr",1987,0.333333333333333,0,3
"usr",1988,0,0,3
"usr",1989,0,0,0
"usr",1990,0,0,0
"usr",1991,0,0,0
"usr",1992,0.5,0.5,3.75
"usr",1993,1,2,4
"usr",1994,0,0,0
"usr",1995,0,0,0
"usr",1996,0,0,0
"usr",1997,0,0,0
"usr",1998,0,0,0
"usr",1999,0,0,0
"usr",2000,0,0,0
"usr",2001,0,0,0
"usr",2002,0,0,0
"usr",2003,0,0,0
"usr",2004,0,0,0
"usr",2005,0,0,0
"usr",2006,0,0,0
"usr",2007,0,0,0
"usr",2008,0,0,0
"usr",2009,0,0,0
"usr",2010,0,0,0
"usr",2011,0,0,0
"usr",2012,0,0,0
"usr",2013,0,0,0
"usr",2014,0,0,0
"uzb",1816,0,0,0
"uzb",1817,0,0,0
"uzb",1818,0,0,0
"uzb",1819,0,0,0
"uzb",1820,0,0,0
"uzb",1821,0,0,0
"uzb",1822,0,0,0
"uzb",1823,0,0,0
"uzb",1824,0,0,0
"uzb",1825,0,0,0
"uzb",1826,0,0,0
"uzb",1827,0,0,0
"uzb",1828,0,0,0
"uzb",1829,0,0,0
"uzb",1830,0,0,0
"uzb",1831,0,0,0
"uzb",1832,0,0,0
"uzb",1833,0,0,0
"uzb",1834,0,0,0
"uzb",1835,0,0,0
"uzb",1836,0,0,0
"uzb",1837,0,0,0
"uzb",1838,0,0,0
"uzb",1839,0,0,0
"uzb",1840,0,0,0
"uzb",1841,0,0,0
"uzb",1842,0,0,0
"uzb",1843,0,0,0
"uzb",1844,0,0,0
"uzb",1845,0,0,0
"uzb",1846,0,0,0
"uzb",1847,0,0,0
"uzb",1848,0,0,0
"uzb",1849,0,0,0
"uzb",1850,0,0,0
"uzb",1851,0,0,0
"uzb",1852,0,0,0
"uzb",1853,0,0,0
"uzb",1854,0,0,0
"uzb",1855,0,0,0
"uzb",1856,0,0,0
"uzb",1857,0,0,0
"uzb",1858,0,0,0
"uzb",1859,0,0,0
"uzb",1860,0,0,0
"uzb",1861,0,0,0
"uzb",1862,0,0,0
"uzb",1863,0,0,0
"uzb",1864,0,0,0
"uzb",1865,0,0,0
"uzb",1866,0,0,0
"uzb",1867,0,0,0
"uzb",1868,0,0,0
"uzb",1869,0,0,0
"uzb",1870,0,0,0
"uzb",1871,0,0,0
"uzb",1872,0,0,0
"uzb",1873,0,0,0
"uzb",1874,0,0,0
"uzb",1875,0,0,0
"uzb",1876,0,0,0
"uzb",1877,0,0,0
"uzb",1878,0,0,0
"uzb",1879,0,0,0
"uzb",1880,0,0,0
"uzb",1881,0,0,0
"uzb",1882,0,0,0
"uzb",1883,0,0,0
"uzb",1884,0,0,0
"uzb",1885,0,0,0
"uzb",1886,0,0,0
"uzb",1887,0,0,0
"uzb",1888,0,0,0
"uzb",1889,0,0,0
"uzb",1890,0,0,0
"uzb",1891,0,0,0
"uzb",1892,0,0,0
"uzb",1893,0,0,0
"uzb",1894,0,0,0
"uzb",1895,0,0,0
"uzb",1896,0,0,0
"uzb",1897,0,0,0
"uzb",1898,0,0,0
"uzb",1899,0,0,0
"uzb",1900,0,0,0
"uzb",1901,0,0,0
"uzb",1902,0,0,0
"uzb",1903,0,0,0
"uzb",1904,0,0,0
"uzb",1905,0,0,0
"uzb",1906,0,0,0
"uzb",1907,0,0,0
"uzb",1908,0,0,0
"uzb",1909,0,0,0
"uzb",1910,0,0,0
"uzb",1911,0,0,0
"uzb",1912,0,0,0
"uzb",1913,0,0,0
"uzb",1914,0,0,0
"uzb",1915,0,0,0
"uzb",1916,0,0,0
"uzb",1917,0,0,0
"uzb",1918,0,0,0
"uzb",1919,0,0,0
"uzb",1920,0,0,0
"uzb",1921,0,0,0
"uzb",1922,0,0,0
"uzb",1923,0,0,0
"uzb",1924,0,0,0
"uzb",1925,0,0,0
"uzb",1926,0,0,0
"uzb",1927,0,0,0
"uzb",1928,0,0,0
"uzb",1929,0,0,0
"uzb",1930,0,0,0
"uzb",1931,0,0,0
"uzb",1932,0,0,0
"uzb",1933,0,0,0
"uzb",1934,0,0,0
"uzb",1935,0,0,0
"uzb",1936,0,0,0
"uzb",1937,0,0,0
"uzb",1938,0,0,0
"uzb",1939,0,0,0
"uzb",1940,0,0,0
"uzb",1941,0,0,0
"uzb",1942,0,0,0
"uzb",1943,0,0,0
"uzb",1944,0,0,0
"uzb",1945,0,0,0
"uzb",1946,0,0,0
"uzb",1947,0,0,0
"uzb",1948,0,0,0
"uzb",1949,0,0,0
"uzb",1950,0,0,0
"uzb",1951,0,0,0
"uzb",1952,0,0,0
"uzb",1953,0,0,0
"uzb",1954,0,0,0
"uzb",1955,0,0,0
"uzb",1956,0,0,0
"uzb",1957,0,0,0
"uzb",1958,0,0,0
"uzb",1959,0,0,0
"uzb",1960,0,0,0
"uzb",1961,0,0,0
"uzb",1962,0,0,0
"uzb",1963,0,0,0
"uzb",1964,0,0,0
"uzb",1965,0,0,0
"uzb",1966,0,0,0
"uzb",1967,0,0,0
"uzb",1968,0,0,0
"uzb",1969,0,0,0
"uzb",1970,0,0,0
"uzb",1971,0,0,0
"uzb",1972,0,0,0
"uzb",1973,0,0,0
"uzb",1974,0,0,0
"uzb",1975,0,0,0
"uzb",1976,0,0,0
"uzb",1977,0,0,0
"uzb",1978,0,0,0
"uzb",1979,0,0,0
"uzb",1980,0,0,0
"uzb",1981,0,0,0
"uzb",1982,0,0,0
"uzb",1983,0,0,0
"uzb",1984,0,0,0
"uzb",1985,0,0,0
"uzb",1986,0,0,0
"uzb",1987,0,0,0
"uzb",1988,0,0,0
"uzb",1989,0,0,0
"uzb",1990,0,0,0
"uzb",1991,0,0,0
"uzb",1992,0,0,0
"uzb",1993,0,0,3
"uzb",1994,0,0,0
"uzb",1995,0,0,0
"uzb",1996,0,0,0
"uzb",1997,0,0,3
"uzb",1998,0,0,3
"uzb",1999,1,0,4
"uzb",2000,0,1,4
"uzb",2001,1,0,4
"uzb",2002,0,0,0
"uzb",2003,0,0,0
"uzb",2004,0,0,4
"uzb",2005,0,0,2.33333333333333
"uzb",2006,0,0,2
"uzb",2007,0,0,0
"uzb",2008,0,0,0
"uzb",2009,0,0,0
"uzb",2010,0,0,4
"uzb",2011,0,1,4
"uzb",2012,0.5,0.5,4
"uzb",2013,1,1,4
"uzb",2014,0,0,0
"ven",1816,0,0,0
"ven",1817,0,0,0
"ven",1818,0,0,0
"ven",1819,0,0,0
"ven",1820,0,0,0
"ven",1821,0,0,0
"ven",1822,0,0,0
"ven",1823,0,0,0
"ven",1824,0,0,0
"ven",1825,0,0,0
"ven",1826,0,0,0
"ven",1827,0,0,0
"ven",1828,0,0,0
"ven",1829,0,0,0
"ven",1830,0,0,0
"ven",1831,0,0,0
"ven",1832,0,0,0
"ven",1833,0,0,0
"ven",1834,0,0,0
"ven",1835,0,0,0
"ven",1836,0,0,0
"ven",1837,0,0,0
"ven",1838,0,0,0
"ven",1839,0,0,0
"ven",1840,0,0,0
"ven",1841,0,0,0
"ven",1842,0,0,0
"ven",1843,0,0,0
"ven",1844,0,0,0
"ven",1845,0,0,0
"ven",1846,0,0,0
"ven",1847,0,0,0
"ven",1848,0,0,0
"ven",1849,0,0,4
"ven",1850,0,0,0
"ven",1851,0,0,0
"ven",1852,1,0,3
"ven",1853,0,0,0
"ven",1854,1,0,4
"ven",1855,1,0,4
"ven",1856,1,0,1
"ven",1857,0,0,0
"ven",1858,0,0,1
"ven",1859,0,0,4
"ven",1860,0,0,0
"ven",1861,0,0,0
"ven",1862,0,0,0
"ven",1863,0,0,0
"ven",1864,0,0,0
"ven",1865,0,0,0
"ven",1866,0,0,0
"ven",1867,0,0,0
"ven",1868,0,0,0
"ven",1869,0,0,4
"ven",1870,0,0,0
"ven",1871,0,0,0
"ven",1872,0,0,0
"ven",1873,0,0,0
"ven",1874,0,0,0
"ven",1875,0,0,0
"ven",1876,0,0,0
"ven",1877,0,0,0
"ven",1878,0,0,0
"ven",1879,0,0,0
"ven",1880,0,0,0
"ven",1881,0,0,1
"ven",1882,0,0,0
"ven",1883,0,0,0
"ven",1884,0,0,0
"ven",1885,0,0,0
"ven",1886,0,0,2
"ven",1887,0,0,2
"ven",1888,0,0,0
"ven",1889,0,0,0
"ven",1890,0,0,0
"ven",1891,0,0,0
"ven",1892,0,0,0
"ven",1893,0,0,0
"ven",1894,0,0,0
"ven",1895,0,0,0
"ven",1896,0,0,0
"ven",1897,0,0,0
"ven",1898,0,0,0
"ven",1899,0,0,0
"ven",1900,0,0,0
"ven",1901,0,0,4
"ven",1902,0,0,4
"ven",1903,0,0,0
"ven",1904,0,0,0
"ven",1905,0,0,1
"ven",1906,0,0,0
"ven",1907,0,0,0
"ven",1908,0,0,4
"ven",1909,0,0,0
"ven",1910,0,0,0
"ven",1911,0,0,0
"ven",1912,0,0,0
"ven",1913,0,0,0
"ven",1914,0,0,0
"ven",1915,0,0,0
"ven",1916,0,0,0
"ven",1917,0,0,0
"ven",1918,0,0,0
"ven",1919,0,0,0
"ven",1920,0,0,0
"ven",1921,0,0,0
"ven",1922,0,0,0
"ven",1923,0,0,0
"ven",1924,0,0,0
"ven",1925,0,0,0
"ven",1926,0,0,0
"ven",1927,0,0,0
"ven",1928,0,0,0
"ven",1929,0,0,0
"ven",1930,0,0,0
"ven",1931,0,0,0
"ven",1932,0,0,0
"ven",1933,0,0,0
"ven",1934,0,0,0
"ven",1935,0,0,0
"ven",1936,0,0,0
"ven",1937,0,0,0
"ven",1938,0,0,0
"ven",1939,0,0,0
"ven",1940,0,0,0
"ven",1941,0,0,0
"ven",1942,0,0,1
"ven",1943,0,0,0
"ven",1944,0,0,0
"ven",1945,0,0,4
"ven",1946,0,0,0
"ven",1947,0,0,0
"ven",1948,0,0,0
"ven",1949,0,0,0
"ven",1950,0,0,0
"ven",1951,0,0,0
"ven",1952,0,0,0
"ven",1953,0,0,0
"ven",1954,0,0,0
"ven",1955,0,0,0
"ven",1956,0,0,0
"ven",1957,0,0,0
"ven",1958,0,0,0
"ven",1959,1,0,2
"ven",1960,0,0,0
"ven",1961,0,0,0
"ven",1962,0,0,0
"ven",1963,0,0,0
"ven",1964,0,0,0
"ven",1965,0,0,0
"ven",1966,1,0,4
"ven",1967,0.5,0,4
"ven",1968,1,0,4
"ven",1969,1,0,3
"ven",1970,1,0,4
"ven",1971,0,0,0
"ven",1972,0,0,0
"ven",1973,0,0,0
"ven",1974,0,0,0
"ven",1975,0,0,0
"ven",1976,1,0,3
"ven",1977,0,0,0
"ven",1978,0,0,0
"ven",1979,0,0,0
"ven",1980,0,0,0
"ven",1981,1,0,3
"ven",1982,1,0,3.66666666666667
"ven",1983,0,0,0
"ven",1984,0,0,0
"ven",1985,0,0,0
"ven",1986,0,0,0
"ven",1987,0,0,4
"ven",1988,0,0,0
"ven",1989,0,0,0
"ven",1990,0,0,0
"ven",1991,0,0,0
"ven",1992,0,0,0
"ven",1993,0,0,0
"ven",1994,0,0,4
"ven",1995,1,0,4
"ven",1996,1,0,4
"ven",1997,1,0,4
"ven",1998,0,0,0
"ven",1999,1,0,3.5
"ven",2000,0.5,0,2.5
"ven",2001,0,0,0
"ven",2002,0,0,0
"ven",2003,1,0,4
"ven",2004,0,0,0
"ven",2005,0,0,0
"ven",2006,0,0,4
"ven",2007,0,0,0
"ven",2008,1,0,3
"ven",2009,1,0,3
"ven",2010,0.5,0,3
"ven",2011,0,0,0
"ven",2012,0,0,0
"ven",2013,0,0,4
"ven",2014,0,0,0
"vtm",1816,0,0,0
"vtm",1817,0,0,0
"vtm",1818,0,0,0
"vtm",1819,0,0,0
"vtm",1820,0,0,0
"vtm",1821,0,0,0
"vtm",1822,0,0,0
"vtm",1823,0,0,0
"vtm",1824,0,0,0
"vtm",1825,0,0,0
"vtm",1826,0,0,0
"vtm",1827,0,0,0
"vtm",1828,0,0,0
"vtm",1829,0,0,0
"vtm",1830,0,0,0
"vtm",1831,0,0,0
"vtm",1832,0,0,0
"vtm",1833,0,0,0
"vtm",1834,0,0,0
"vtm",1835,0,0,0
"vtm",1836,0,0,0
"vtm",1837,0,0,0
"vtm",1838,0,0,0
"vtm",1839,0,0,0
"vtm",1840,0,0,0
"vtm",1841,0,0,0
"vtm",1842,0,0,0
"vtm",1843,0,0,0
"vtm",1844,0,0,0
"vtm",1845,0,0,0
"vtm",1846,0,0,0
"vtm",1847,0,0,0
"vtm",1848,0,0,0
"vtm",1849,0,0,0
"vtm",1850,0,0,0
"vtm",1851,0,0,0
"vtm",1852,0,0,0
"vtm",1853,0,0,0
"vtm",1854,0,0,0
"vtm",1855,0,0,0
"vtm",1856,0,0,0
"vtm",1857,0,0,0
"vtm",1858,0,0,0
"vtm",1859,0,0,0
"vtm",1860,0,0,0
"vtm",1861,0,0,0
"vtm",1862,0,0,0
"vtm",1863,0,0,0
"vtm",1864,0,0,0
"vtm",1865,0,0,0
"vtm",1866,0,0,0
"vtm",1867,0,0,0
"vtm",1868,0,0,0
"vtm",1869,0,0,0
"vtm",1870,0,0,0
"vtm",1871,0,0,0
"vtm",1872,0,0,0
"vtm",1873,0,0,0
"vtm",1874,0,0,0
"vtm",1875,0,0,0
"vtm",1876,0,0,0
"vtm",1877,0,0,0
"vtm",1878,0,0,0
"vtm",1879,0,0,0
"vtm",1880,0,0,0
"vtm",1881,0,0,0
"vtm",1882,0,0,0
"vtm",1883,0,0,0
"vtm",1884,0,0,0
"vtm",1885,0,0,0
"vtm",1886,0,0,0
"vtm",1887,0,0,0
"vtm",1888,0,0,0
"vtm",1889,0,0,0
"vtm",1890,0,0,0
"vtm",1891,0,0,0
"vtm",1892,0,0,0
"vtm",1893,0,0,0
"vtm",1894,0,0,0
"vtm",1895,0,0,0
"vtm",1896,0,0,0
"vtm",1897,0,0,0
"vtm",1898,0,0,0
"vtm",1899,0,0,0
"vtm",1900,0,0,0
"vtm",1901,0,0,0
"vtm",1902,0,0,0
"vtm",1903,0,0,0
"vtm",1904,0,0,0
"vtm",1905,0,0,0
"vtm",1906,0,0,0
"vtm",1907,0,0,0
"vtm",1908,0,0,0
"vtm",1909,0,0,0
"vtm",1910,0,0,0
"vtm",1911,0,0,0
"vtm",1912,0,0,0
"vtm",1913,0,0,0
"vtm",1914,0,0,0
"vtm",1915,0,0,0
"vtm",1916,0,0,0
"vtm",1917,0,0,0
"vtm",1918,0,0,0
"vtm",1919,0,0,0
"vtm",1920,0,0,0
"vtm",1921,0,0,0
"vtm",1922,0,0,0
"vtm",1923,0,0,0
"vtm",1924,0,0,0
"vtm",1925,0,0,0
"vtm",1926,0,0,0
"vtm",1927,0,0,0
"vtm",1928,0,0,0
"vtm",1929,0,0,0
"vtm",1930,0,0,0
"vtm",1931,0,0,0
"vtm",1932,0,0,0
"vtm",1933,0,0,0
"vtm",1934,0,0,0
"vtm",1935,0,0,0
"vtm",1936,0,0,0
"vtm",1937,0,0,0
"vtm",1938,0,0,0
"vtm",1939,0,0,0
"vtm",1940,0,0,0
"vtm",1941,0,0,0
"vtm",1942,0,0,0
"vtm",1943,0,0,0
"vtm",1944,0,0,0
"vtm",1945,0,0,0
"vtm",1946,0,0,0
"vtm",1947,0,0,0
"vtm",1948,0,0,0
"vtm",1949,0,0,0
"vtm",1950,0,0,0
"vtm",1951,0,0,0
"vtm",1952,0,0,0
"vtm",1953,0,0,0
"vtm",1954,0,0,0
"vtm",1955,0,0,0
"vtm",1956,0,0,0
"vtm",1957,0,0,0
"vtm",1958,0,0,0
"vtm",1959,0,0,0
"vtm",1960,0,0,0
"vtm",1961,0,0,0
"vtm",1962,0,0,0
"vtm",1963,0,0,0
"vtm",1964,0,0,0
"vtm",1965,0,0,0
"vtm",1966,0,0,0
"vtm",1967,0,0,0
"vtm",1968,0,0,0
"vtm",1969,0,0,0
"vtm",1970,0,0,0
"vtm",1971,0,0,0
"vtm",1972,0,0,0
"vtm",1973,0,0,0
"vtm",1974,0,0,0
"vtm",1975,0,0,0
"vtm",1976,0,0,0
"vtm",1977,0,0,0
"vtm",1978,0,0,0
"vtm",1979,0,0,0
"vtm",1980,0,0,0
"vtm",1981,0,0,0
"vtm",1982,0,0,0
"vtm",1983,0,0,0
"vtm",1984,0,0,0
"vtm",1985,0,0,0
"vtm",1986,0,0,0
"vtm",1987,0,0,0
"vtm",1988,0,0,0
"vtm",1989,0,0,0
"vtm",1990,0,0,0
"vtm",1991,0,0,0
"vtm",1992,0,0,0
"vtm",1993,0,0,1
"vtm",1994,1,0,2.5
"vtm",1995,0.5,0.5,2.5
"vtm",1996,1,0,4
"vtm",1997,0,0,0
"vtm",1998,1,0,2
"vtm",1999,1,0,4
"vtm",2000,0,0,0
"vtm",2001,0,0,0
"vtm",2002,0,0,0
"vtm",2003,0,0,0
"vtm",2004,0,0,0
"vtm",2005,0,0,0
"vtm",2006,0,0,0
"vtm",2007,0,0,0
"vtm",2008,0,0,0
"vtm",2009,0,0,0
"vtm",2010,0,0,0
"vtm",2011,0,0,0
"vtm",2012,0,0,0
"vtm",2013,0,0,0
"vtm",2014,0,0,0
"wrt",1816,0,0,0
"wrt",1817,0,0,0
"wrt",1818,0,0,0
"wrt",1819,0,0,0
"wrt",1820,0,0,0
"wrt",1821,0,0,0
"wrt",1822,0,0,0
"wrt",1823,0,0,0
"wrt",1824,0,0,0
"wrt",1825,0,0,0
"wrt",1826,0,0,0
"wrt",1827,0,0,0
"wrt",1828,0,0,0
"wrt",1829,0,0,0
"wrt",1830,0,0,0
"wrt",1831,0,0,0
"wrt",1832,0,0,0
"wrt",1833,0,0,0
"wrt",1834,0,0,0
"wrt",1835,0,0,0
"wrt",1836,0,0,0
"wrt",1837,0,0,0
"wrt",1838,0,0,0
"wrt",1839,0,0,0
"wrt",1840,0,0,0
"wrt",1841,0,0,0
"wrt",1842,0,0,0
"wrt",1843,0,0,0
"wrt",1844,0,0,0
"wrt",1845,0,0,0
"wrt",1846,0,0,0
"wrt",1847,0,0,0
"wrt",1848,0,0,0
"wrt",1849,0,0,0
"wrt",1850,0,0,0
"wrt",1851,0,0,0
"wrt",1852,0,0,0
"wrt",1853,0,0,0
"wrt",1854,0,0,0
"wrt",1855,0,0,0
"wrt",1856,0,0,0
"wrt",1857,0,0,0
"wrt",1858,0,0,0
"wrt",1859,0,0,0
"wrt",1860,0,0,0
"wrt",1861,0,0,0
"wrt",1862,0,0,0
"wrt",1863,0,0,3
"wrt",1864,0,0,3
"wrt",1865,0,0,0
"wrt",1866,0,2,5
"wrt",1867,0,0,0
"wrt",1868,0,0,0
"wrt",1869,0,0,0
"wrt",1870,0,6,5
"wrt",1871,0,0,0
"wrt",1872,0,0,0
"wrt",1873,0,0,0
"wrt",1874,0,0,0
"wrt",1875,0,0,0
"wrt",1876,0,0,0
"wrt",1877,0,0,0
"wrt",1878,0,0,0
"wrt",1879,0,0,0
"wrt",1880,0,0,0
"wrt",1881,0,0,0
"wrt",1882,0,0,0
"wrt",1883,0,0,0
"wrt",1884,0,0,0
"wrt",1885,0,0,0
"wrt",1886,0,0,0
"wrt",1887,0,0,0
"wrt",1888,0,0,0
"wrt",1889,0,0,0
"wrt",1890,0,0,0
"wrt",1891,0,0,0
"wrt",1892,0,0,0
"wrt",1893,0,0,0
"wrt",1894,0,0,0
"wrt",1895,0,0,0
"wrt",1896,0,0,0
"wrt",1897,0,0,0
"wrt",1898,0,0,0
"wrt",1899,0,0,0
"wrt",1900,0,0,0
"wrt",1901,0,0,0
"wrt",1902,0,0,0
"wrt",1903,0,0,0
"wrt",1904,0,0,0
"wrt",1905,0,0,0
"wrt",1906,0,0,0
"wrt",1907,0,0,0
"wrt",1908,0,0,0
"wrt",1909,0,0,0
"wrt",1910,0,0,0
"wrt",1911,0,0,0
"wrt",1912,0,0,0
"wrt",1913,0,0,0
"wrt",1914,0,0,0
"wrt",1915,0,0,0
"wrt",1916,0,0,0
"wrt",1917,0,0,0
"wrt",1918,0,0,0
"wrt",1919,0,0,0
"wrt",1920,0,0,0
"wrt",1921,0,0,0
"wrt",1922,0,0,0
"wrt",1923,0,0,0
"wrt",1924,0,0,0
"wrt",1925,0,0,0
"wrt",1926,0,0,0
"wrt",1927,0,0,0
"wrt",1928,0,0,0
"wrt",1929,0,0,0
"wrt",1930,0,0,0
"wrt",1931,0,0,0
"wrt",1932,0,0,0
"wrt",1933,0,0,0
"wrt",1934,0,0,0
"wrt",1935,0,0,0
"wrt",1936,0,0,0
"wrt",1937,0,0,0
"wrt",1938,0,0,0
"wrt",1939,0,0,0
"wrt",1940,0,0,0
"wrt",1941,0,0,0
"wrt",1942,0,0,0
"wrt",1943,0,0,0
"wrt",1944,0,0,0
"wrt",1945,0,0,0
"wrt",1946,0,0,0
"wrt",1947,0,0,0
"wrt",1948,0,0,0
"wrt",1949,0,0,0
"wrt",1950,0,0,0
"wrt",1951,0,0,0
"wrt",1952,0,0,0
"wrt",1953,0,0,0
"wrt",1954,0,0,0
"wrt",1955,0,0,0
"wrt",1956,0,0,0
"wrt",1957,0,0,0
"wrt",1958,0,0,0
"wrt",1959,0,0,0
"wrt",1960,0,0,0
"wrt",1961,0,0,0
"wrt",1962,0,0,0
"wrt",1963,0,0,0
"wrt",1964,0,0,0
"wrt",1965,0,0,0
"wrt",1966,0,0,0
"wrt",1967,0,0,0
"wrt",1968,0,0,0
"wrt",1969,0,0,0
"wrt",1970,0,0,0
"wrt",1971,0,0,0
"wrt",1972,0,0,0
"wrt",1973,0,0,0
"wrt",1974,0,0,0
"wrt",1975,0,0,0
"wrt",1976,0,0,0
"wrt",1977,0,0,0
"wrt",1978,0,0,0
"wrt",1979,0,0,0
"wrt",1980,0,0,0
"wrt",1981,0,0,0
"wrt",1982,0,0,0
"wrt",1983,0,0,0
"wrt",1984,0,0,0
"wrt",1985,0,0,0
"wrt",1986,0,0,0
"wrt",1987,0,0,0
"wrt",1988,0,0,0
"wrt",1989,0,0,0
"wrt",1990,0,0,0
"wrt",1991,0,0,0
"wrt",1992,0,0,0
"wrt",1993,0,0,0
"wrt",1994,0,0,0
"wrt",1995,0,0,0
"wrt",1996,0,0,0
"wrt",1997,0,0,0
"wrt",1998,0,0,0
"wrt",1999,0,0,0
"wrt",2000,0,0,0
"wrt",2001,0,0,0
"wrt",2002,0,0,0
"wrt",2003,0,0,0
"wrt",2004,0,0,0
"wrt",2005,0,0,0
"wrt",2006,0,0,0
"wrt",2007,0,0,0
"wrt",2008,0,0,0
"wrt",2009,0,0,0
"wrt",2010,0,0,0
"wrt",2011,0,0,0
"wrt",2012,0,0,0
"wrt",2013,0,0,0
"wrt",2014,0,0,0
"yar",1816,0,0,0
"yar",1817,0,0,0
"yar",1818,0,0,0
"yar",1819,0,0,0
"yar",1820,0,0,0
"yar",1821,0,0,0
"yar",1822,0,0,0
"yar",1823,0,0,0
"yar",1824,0,0,0
"yar",1825,0,0,0
"yar",1826,0,0,0
"yar",1827,0,0,0
"yar",1828,0,0,0
"yar",1829,0,0,0
"yar",1830,0,0,0
"yar",1831,0,0,0
"yar",1832,0,0,0
"yar",1833,0,0,0
"yar",1834,0,0,0
"yar",1835,0,0,0
"yar",1836,0,0,0
"yar",1837,0,0,0
"yar",1838,0,0,0
"yar",1839,0,0,0
"yar",1840,0,0,0
"yar",1841,0,0,0
"yar",1842,0,0,0
"yar",1843,0,0,0
"yar",1844,0,0,0
"yar",1845,0,0,0
"yar",1846,0,0,0
"yar",1847,0,0,0
"yar",1848,0,0,0
"yar",1849,0,0,0
"yar",1850,0,0,0
"yar",1851,0,0,0
"yar",1852,0,0,0
"yar",1853,0,0,0
"yar",1854,0,0,0
"yar",1855,0,0,0
"yar",1856,0,0,0
"yar",1857,0,0,0
"yar",1858,0,0,0
"yar",1859,0,0,0
"yar",1860,0,0,0
"yar",1861,0,0,0
"yar",1862,0,0,0
"yar",1863,0,0,0
"yar",1864,0,0,0
"yar",1865,0,0,0
"yar",1866,0,0,0
"yar",1867,0,0,0
"yar",1868,0,0,0
"yar",1869,0,0,0
"yar",1870,0,0,0
"yar",1871,0,0,0
"yar",1872,0,0,0
"yar",1873,0,0,0
"yar",1874,0,0,0
"yar",1875,0,0,0
"yar",1876,0,0,0
"yar",1877,0,0,0
"yar",1878,0,0,0
"yar",1879,0,0,0
"yar",1880,0,0,0
"yar",1881,0,0,0
"yar",1882,0,0,0
"yar",1883,0,0,0
"yar",1884,0,0,0
"yar",1885,0,0,0
"yar",1886,0,0,0
"yar",1887,0,0,0
"yar",1888,0,0,0
"yar",1889,0,0,0
"yar",1890,0,0,0
"yar",1891,0,0,0
"yar",1892,0,0,0
"yar",1893,0,0,0
"yar",1894,0,0,0
"yar",1895,0,0,0
"yar",1896,0,0,0
"yar",1897,0,0,0
"yar",1898,0,0,0
"yar",1899,0,0,0
"yar",1900,0,0,0
"yar",1901,0,0,0
"yar",1902,0,0,0
"yar",1903,0,0,0
"yar",1904,0,0,0
"yar",1905,0,0,0
"yar",1906,0,0,0
"yar",1907,0,0,0
"yar",1908,0,0,0
"yar",1909,0,0,0
"yar",1910,0,0,0
"yar",1911,0,0,0
"yar",1912,0,0,0
"yar",1913,0,0,0
"yar",1914,0,0,0
"yar",1915,0,0,0
"yar",1916,0,0,0
"yar",1917,0,0,0
"yar",1918,0,0,0
"yar",1919,0,0,0
"yar",1920,0,0,0
"yar",1921,0,0,0
"yar",1922,0,0,0
"yar",1923,0,0,0
"yar",1924,0,0,0
"yar",1925,0,0,0
"yar",1926,0,0,0
"yar",1927,0,0,0
"yar",1928,0,0,0
"yar",1929,0,0,0
"yar",1930,0,0,0
"yar",1931,0,0,0
"yar",1932,0,0,0
"yar",1933,1,6,5
"yar",1934,1,6,5
"yar",1935,0,0,0
"yar",1936,0,0,0
"yar",1937,0,0,0
"yar",1938,0,0,0
"yar",1939,0,0,0
"yar",1940,0,0,0
"yar",1941,0,0,0
"yar",1942,0,0,0
"yar",1943,0,0,0
"yar",1944,0,0,0
"yar",1945,0,0,0
"yar",1946,0,0,0
"yar",1947,0,0,0
"yar",1948,0,0,0
"yar",1949,0,0,0
"yar",1950,0,0,0
"yar",1951,0,0,0
"yar",1952,0,0,0
"yar",1953,0,0,0
"yar",1954,0,0,0
"yar",1955,0,0,0
"yar",1956,0,0,0
"yar",1957,0,0,0
"yar",1958,0,0,0
"yar",1959,0,0,0
"yar",1960,0,0,0
"yar",1961,0,0,0
"yar",1962,0,0,0
"yar",1963,1,0,4
"yar",1964,0,0,0
"yar",1965,0,0,3
"yar",1966,1,0,2
"yar",1967,1,0,2
"yar",1968,0,0,0
"yar",1969,0,0,0
"yar",1970,0,0,0
"yar",1971,0,0,0
"yar",1972,0,0,0
"yar",1973,0,0,0
"yar",1974,0,0,0
"yar",1975,0,0,0
"yar",1976,0,0,0
"yar",1977,0,0,0
"yar",1978,0,0,0
"yar",1979,0,0,0
"yar",1980,0,1,4
"yar",1981,0,0,0
"yar",1982,0,0,0
"yar",1983,0,0,0
"yar",1984,0,0,0
"yar",1985,0,0,0
"yar",1986,0,0,0
"yar",1987,0,0,0
"yar",1988,0,0,0
"yar",1989,0,0,0
"yar",1990,0,0,0
"yar",1991,0,0,0
"yar",1992,0,0,0
"yar",1993,0,0,0
"yar",1994,0,0,0
"yar",1995,0,0,0
"yar",1996,0,0,0
"yar",1997,0,0,0
"yar",1998,0,0,0
"yar",1999,0,0,0
"yar",2000,0,0,0
"yar",2001,0,0,0
"yar",2002,0,0,0
"yar",2003,0,0,0
"yar",2004,0,0,0
"yar",2005,0,0,0
"yar",2006,0,0,0
"yar",2007,0,0,0
"yar",2008,0,0,0
"yar",2009,0,0,0
"yar",2010,0,0,0
"yar",2011,0,0,0
"yar",2012,0,0,0
"yar",2013,0,0,0
"yar",2014,0,0,0
"yem",1816,0,0,0
"yem",1817,0,0,0
"yem",1818,0,0,0
"yem",1819,0,0,0
"yem",1820,0,0,0
"yem",1821,0,0,0
"yem",1822,0,0,0
"yem",1823,0,0,0
"yem",1824,0,0,0
"yem",1825,0,0,0
"yem",1826,0,0,0
"yem",1827,0,0,0
"yem",1828,0,0,0
"yem",1829,0,0,0
"yem",1830,0,0,0
"yem",1831,0,0,0
"yem",1832,0,0,0
"yem",1833,0,0,0
"yem",1834,0,0,0
"yem",1835,0,0,0
"yem",1836,0,0,0
"yem",1837,0,0,0
"yem",1838,0,0,0
"yem",1839,0,0,0
"yem",1840,0,0,0
"yem",1841,0,0,0
"yem",1842,0,0,0
"yem",1843,0,0,0
"yem",1844,0,0,0
"yem",1845,0,0,0
"yem",1846,0,0,0
"yem",1847,0,0,0
"yem",1848,0,0,0
"yem",1849,0,0,0
"yem",1850,0,0,0
"yem",1851,0,0,0
"yem",1852,0,0,0
"yem",1853,0,0,0
"yem",1854,0,0,0
"yem",1855,0,0,0
"yem",1856,0,0,0
"yem",1857,0,0,0
"yem",1858,0,0,0
"yem",1859,0,0,0
"yem",1860,0,0,0
"yem",1861,0,0,0
"yem",1862,0,0,0
"yem",1863,0,0,0
"yem",1864,0,0,0
"yem",1865,0,0,0
"yem",1866,0,0,0
"yem",1867,0,0,0
"yem",1868,0,0,0
"yem",1869,0,0,0
"yem",1870,0,0,0
"yem",1871,0,0,0
"yem",1872,0,0,0
"yem",1873,0,0,0
"yem",1874,0,0,0
"yem",1875,0,0,0
"yem",1876,0,0,0
"yem",1877,0,0,0
"yem",1878,0,0,0
"yem",1879,0,0,0
"yem",1880,0,0,0
"yem",1881,0,0,0
"yem",1882,0,0,0
"yem",1883,0,0,0
"yem",1884,0,0,0
"yem",1885,0,0,0
"yem",1886,0,0,0
"yem",1887,0,0,0
"yem",1888,0,0,0
"yem",1889,0,0,0
"yem",1890,0,0,0
"yem",1891,0,0,0
"yem",1892,0,0,0
"yem",1893,0,0,0
"yem",1894,0,0,0
"yem",1895,0,0,0
"yem",1896,0,0,0
"yem",1897,0,0,0
"yem",1898,0,0,0
"yem",1899,0,0,0
"yem",1900,0,0,0
"yem",1901,0,0,0
"yem",1902,0,0,0
"yem",1903,0,0,0
"yem",1904,0,0,0
"yem",1905,0,0,0
"yem",1906,0,0,0
"yem",1907,0,0,0
"yem",1908,0,0,0
"yem",1909,0,0,0
"yem",1910,0,0,0
"yem",1911,0,0,0
"yem",1912,0,0,0
"yem",1913,0,0,0
"yem",1914,0,0,0
"yem",1915,0,0,0
"yem",1916,0,0,0
"yem",1917,0,0,0
"yem",1918,0,0,0
"yem",1919,0,0,0
"yem",1920,0,0,0
"yem",1921,0,0,0
"yem",1922,0,0,0
"yem",1923,0,0,0
"yem",1924,0,0,0
"yem",1925,0,0,0
"yem",1926,0,0,0
"yem",1927,0,0,0
"yem",1928,0,0,0
"yem",1929,0,0,0
"yem",1930,0,0,0
"yem",1931,0,0,0
"yem",1932,0,0,0
"yem",1933,0,0,0
"yem",1934,0,0,0
"yem",1935,0,0,0
"yem",1936,0,0,0
"yem",1937,0,0,0
"yem",1938,0,0,0
"yem",1939,0,0,0
"yem",1940,0,0,0
"yem",1941,0,0,0
"yem",1942,0,0,0
"yem",1943,0,0,0
"yem",1944,0,0,0
"yem",1945,0,0,0
"yem",1946,0,0,0
"yem",1947,0,0,0
"yem",1948,0,0,0
"yem",1949,0,0,0
"yem",1950,0,0,0
"yem",1951,0,0,0
"yem",1952,0,0,0
"yem",1953,0,0,0
"yem",1954,0,0,0
"yem",1955,0,0,0
"yem",1956,0,0,0
"yem",1957,0,0,0
"yem",1958,0,0,0
"yem",1959,0,0,0
"yem",1960,0,0,0
"yem",1961,0,0,0
"yem",1962,0,0,0
"yem",1963,0,0,0
"yem",1964,0,0,0
"yem",1965,0,0,0
"yem",1966,0,0,0
"yem",1967,0,0,0
"yem",1968,0,0,0
"yem",1969,0,0,0
"yem",1970,0,0,0
"yem",1971,0,0,0
"yem",1972,0,0,0
"yem",1973,0,0,0
"yem",1974,0,0,0
"yem",1975,0,0,0
"yem",1976,0,0,0
"yem",1977,0,0,0
"yem",1978,0,0,0
"yem",1979,0,0,0
"yem",1980,0,0,0
"yem",1981,0,0,0
"yem",1982,0,0,0
"yem",1983,0,0,0
"yem",1984,0,0,0
"yem",1985,0,0,0
"yem",1986,0,0,0
"yem",1987,0,0,0
"yem",1988,0,0,0
"yem",1989,0,0,0
"yem",1990,0,0,0
"yem",1991,0,0,0
"yem",1992,0,0,0
"yem",1993,0,0,0
"yem",1994,0,1,4
"yem",1995,0,1,4
"yem",1996,0,0,0
"yem",1997,0,0,1
"yem",1998,0,0,0
"yem",1999,0,0,1
"yem",2000,0,0,0
"yem",2001,0,0,0
"yem",2002,0,0,0
"yem",2003,0,0,0
"yem",2004,0,0,0
"yem",2005,0,0,2.5
"yem",2006,0,0,4
"yem",2007,0,0,0
"yem",2008,0,0,0
"yem",2009,0,0,0
"yem",2010,1,0,4
"yem",2011,0,0,0
"yem",2012,0,0,0
"yem",2013,0,0,0
"yem",2014,0,0,0
"ypr",1816,0,0,0
"ypr",1817,0,0,0
"ypr",1818,0,0,0
"ypr",1819,0,0,0
"ypr",1820,0,0,0
"ypr",1821,0,0,0
"ypr",1822,0,0,0
"ypr",1823,0,0,0
"ypr",1824,0,0,0
"ypr",1825,0,0,0
"ypr",1826,0,0,0
"ypr",1827,0,0,0
"ypr",1828,0,0,0
"ypr",1829,0,0,0
"ypr",1830,0,0,0
"ypr",1831,0,0,0
"ypr",1832,0,0,0
"ypr",1833,0,0,0
"ypr",1834,0,0,0
"ypr",1835,0,0,0
"ypr",1836,0,0,0
"ypr",1837,0,0,0
"ypr",1838,0,0,0
"ypr",1839,0,0,0
"ypr",1840,0,0,0
"ypr",1841,0,0,0
"ypr",1842,0,0,0
"ypr",1843,0,0,0
"ypr",1844,0,0,0
"ypr",1845,0,0,0
"ypr",1846,0,0,0
"ypr",1847,0,0,0
"ypr",1848,0,0,0
"ypr",1849,0,0,0
"ypr",1850,0,0,0
"ypr",1851,0,0,0
"ypr",1852,0,0,0
"ypr",1853,0,0,0
"ypr",1854,0,0,0
"ypr",1855,0,0,0
"ypr",1856,0,0,0
"ypr",1857,0,0,0
"ypr",1858,0,0,0
"ypr",1859,0,0,0
"ypr",1860,0,0,0
"ypr",1861,0,0,0
"ypr",1862,0,0,0
"ypr",1863,0,0,0
"ypr",1864,0,0,0
"ypr",1865,0,0,0
"ypr",1866,0,0,0
"ypr",1867,0,0,0
"ypr",1868,0,0,0
"ypr",1869,0,0,0
"ypr",1870,0,0,0
"ypr",1871,0,0,0
"ypr",1872,0,0,0
"ypr",1873,0,0,0
"ypr",1874,0,0,0
"ypr",1875,0,0,0
"ypr",1876,0,0,0
"ypr",1877,0,0,0
"ypr",1878,0,0,0
"ypr",1879,0,0,0
"ypr",1880,0,0,0
"ypr",1881,0,0,0
"ypr",1882,0,0,0
"ypr",1883,0,0,0
"ypr",1884,0,0,0
"ypr",1885,0,0,0
"ypr",1886,0,0,0
"ypr",1887,0,0,0
"ypr",1888,0,0,0
"ypr",1889,0,0,0
"ypr",1890,0,0,0
"ypr",1891,0,0,0
"ypr",1892,0,0,0
"ypr",1893,0,0,0
"ypr",1894,0,0,0
"ypr",1895,0,0,0
"ypr",1896,0,0,0
"ypr",1897,0,0,0
"ypr",1898,0,0,0
"ypr",1899,0,0,0
"ypr",1900,0,0,0
"ypr",1901,0,0,0
"ypr",1902,0,0,0
"ypr",1903,0,0,0
"ypr",1904,0,0,0
"ypr",1905,0,0,0
"ypr",1906,0,0,0
"ypr",1907,0,0,0
"ypr",1908,0,0,0
"ypr",1909,0,0,0
"ypr",1910,0,0,0
"ypr",1911,0,0,0
"ypr",1912,0,0,0
"ypr",1913,0,0,0
"ypr",1914,0,0,0
"ypr",1915,0,0,0
"ypr",1916,0,0,0
"ypr",1917,0,0,0
"ypr",1918,0,0,0
"ypr",1919,0,0,0
"ypr",1920,0,0,0
"ypr",1921,0,0,0
"ypr",1922,0,0,0
"ypr",1923,0,0,0
"ypr",1924,0,0,0
"ypr",1925,0,0,0
"ypr",1926,0,0,0
"ypr",1927,0,0,0
"ypr",1928,0,0,0
"ypr",1929,0,0,0
"ypr",1930,0,0,0
"ypr",1931,0,0,0
"ypr",1932,0,0,0
"ypr",1933,0,0,0
"ypr",1934,0,0,0
"ypr",1935,0,0,0
"ypr",1936,0,0,0
"ypr",1937,0,0,0
"ypr",1938,0,0,0
"ypr",1939,0,0,0
"ypr",1940,0,0,0
"ypr",1941,0,0,0
"ypr",1942,0,0,0
"ypr",1943,0,0,0
"ypr",1944,0,0,0
"ypr",1945,0,0,0
"ypr",1946,0,0,0
"ypr",1947,0,0,0
"ypr",1948,0,0,0
"ypr",1949,0,0,0
"ypr",1950,0,0,0
"ypr",1951,0,0,0
"ypr",1952,0,0,0
"ypr",1953,0,0,0
"ypr",1954,0,0,0
"ypr",1955,0,0,0
"ypr",1956,0,0,0
"ypr",1957,0,0,0
"ypr",1958,0,0,0
"ypr",1959,0,0,0
"ypr",1960,0,0,0
"ypr",1961,0,0,0
"ypr",1962,0,0,0
"ypr",1963,0,0,0
"ypr",1964,0,0,0
"ypr",1965,0,0,0
"ypr",1966,0,0,0
"ypr",1967,0,0,0
"ypr",1968,0,0,0
"ypr",1969,1,1,4
"ypr",1970,0,0,0
"ypr",1971,0,0,0
"ypr",1972,0,0,0
"ypr",1973,1,0,4
"ypr",1974,0,0,0
"ypr",1975,0,0,0
"ypr",1976,1,0,4
"ypr",1977,0,0,0
"ypr",1978,0,0,0
"ypr",1979,0,0,0
"ypr",1980,1,0,3
"ypr",1981,0,0,0
"ypr",1982,1,0,1
"ypr",1983,0,0,0
"ypr",1984,0,0,0
"ypr",1985,0,0,0
"ypr",1986,0,0,0
"ypr",1987,0,1,4
"ypr",1988,0,0,0
"ypr",1989,0,0,0
"ypr",1990,0,0,0
"ypr",1991,0,0,0
"ypr",1992,0,0,0
"ypr",1993,0,0,0
"ypr",1994,0,0,0
"ypr",1995,0,0,0
"ypr",1996,0,0,0
"ypr",1997,0,0,0
"ypr",1998,0,0,0
"ypr",1999,0,0,0
"ypr",2000,0,0,0
"ypr",2001,0,0,0
"ypr",2002,0,0,0
"ypr",2003,0,0,0
"ypr",2004,0,0,0
"ypr",2005,0,0,0
"ypr",2006,0,0,0
"ypr",2007,0,0,0
"ypr",2008,0,0,0
"ypr",2009,0,0,0
"ypr",2010,0,0,0
"ypr",2011,0,0,0
"ypr",2012,0,0,0
"ypr",2013,0,0,0
"ypr",2014,0,0,0
"yug",1816,0,0,0
"yug",1817,0,0,0
"yug",1818,0,0,0
"yug",1819,0,0,0
"yug",1820,0,0,0
"yug",1821,0,0,0
"yug",1822,0,0,0
"yug",1823,0,0,0
"yug",1824,0,0,0
"yug",1825,0,0,0
"yug",1826,0,0,0
"yug",1827,0,0,0
"yug",1828,0,0,0
"yug",1829,0,0,0
"yug",1830,0,0,0
"yug",1831,0,0,0
"yug",1832,0,0,0
"yug",1833,0,0,0
"yug",1834,0,0,0
"yug",1835,0,0,0
"yug",1836,0,0,0
"yug",1837,0,0,0
"yug",1838,0,0,0
"yug",1839,0,0,0
"yug",1840,0,0,0
"yug",1841,0,0,0
"yug",1842,0,0,0
"yug",1843,0,0,0
"yug",1844,0,0,0
"yug",1845,0,0,0
"yug",1846,0,0,0
"yug",1847,0,0,0
"yug",1848,0,0,0
"yug",1849,0,0,0
"yug",1850,0,0,0
"yug",1851,0,0,0
"yug",1852,0,0,0
"yug",1853,0,0,0
"yug",1854,0,0,0
"yug",1855,0,0,0
"yug",1856,0,0,0
"yug",1857,0,0,0
"yug",1858,0,0,0
"yug",1859,0,0,0
"yug",1860,0,0,0
"yug",1861,0,0,0
"yug",1862,0,0,0
"yug",1863,0,0,0
"yug",1864,0,0,0
"yug",1865,0,0,0
"yug",1866,0,0,0
"yug",1867,0,0,0
"yug",1868,0,0,0
"yug",1869,0,0,0
"yug",1870,0,0,0
"yug",1871,0,0,0
"yug",1872,0,0,0
"yug",1873,0,0,0
"yug",1874,0,0,0
"yug",1875,0,0,0
"yug",1876,0,0,0
"yug",1877,0,0,0
"yug",1878,0,0,0
"yug",1879,0,0,0
"yug",1880,0,0,0
"yug",1881,0,0,0
"yug",1882,0,0,0
"yug",1883,0,0,0
"yug",1884,0,0,0
"yug",1885,0,0,0
"yug",1886,0,0,0
"yug",1887,0,0,0
"yug",1888,0,0,0
"yug",1889,0,0,0
"yug",1890,0,0,0
"yug",1891,0,0,0
"yug",1892,0,0,0
"yug",1893,0,0,0
"yug",1894,0,0,0
"yug",1895,0,0,0
"yug",1896,0,0,0
"yug",1897,0,0,0
"yug",1898,0,0,0
"yug",1899,0,0,0
"yug",1900,0,0,0
"yug",1901,0,0,0
"yug",1902,0,0,0
"yug",1903,0,0,0
"yug",1904,0,0,0
"yug",1905,0,0,0
"yug",1906,0,0,0
"yug",1907,0,0,0
"yug",1908,0,0,0
"yug",1909,0,0,0
"yug",1910,0,0,0
"yug",1911,0,0,0
"yug",1912,1,3,3
"yug",1913,0.666666666666667,4,3.66666666666667
"yug",1914,0,6,5
"yug",1915,0,6,5
"yug",1916,0,6,5
"yug",1917,0,6,5
"yug",1918,0.333333333333333,2.33333333333333,4.33333333333333
"yug",1919,0,0,0
"yug",1920,0,0,0
"yug",1921,0,0,0
"yug",1922,0.5,0,3
"yug",1923,0.666666666666667,0,2.33333333333333
"yug",1924,0,0,0
"yug",1925,0,0,0
"yug",1926,0,0,4
"yug",1927,0,0,0
"yug",1928,0,0,0
"yug",1929,0,0,1
"yug",1930,0,0,0
"yug",1931,0,0,0
"yug",1932,0,0,0
"yug",1933,0,0,0
"yug",1934,0,0,3
"yug",1935,0,0,0
"yug",1936,0,0,0
"yug",1937,0,0,0
"yug",1938,0,0,3
"yug",1939,0,0,0
"yug",1940,0,0,1
"yug",1941,0,6,5
"yug",1942,0,0,0
"yug",1943,0,0,0
"yug",1944,0,0,0
"yug",1945,0,0,0
"yug",1946,0,0,4
"yug",1947,0,0,0
"yug",1948,0,0,0
"yug",1949,0.5,1.5,4
"yug",1950,0,2,4
"yug",1951,0,2,4
"yug",1952,0,1,4
"yug",1953,1,0,3
"yug",1954,0,0,4
"yug",1955,0,0,0
"yug",1956,0,0,0
"yug",1957,0,0,0
"yug",1958,0,0,0
"yug",1959,0,0,0
"yug",1960,0,0,0
"yug",1961,0,0,0
"yug",1962,0,0,0
"yug",1963,0,0,0
"yug",1964,0,0,0
"yug",1965,0,0,0
"yug",1966,0,0,0
"yug",1967,0,0,0
"yug",1968,0,0,0
"yug",1969,0,0,0
"yug",1970,0,0,0
"yug",1971,0,0,1
"yug",1972,0,0,0
"yug",1973,0,0,0
"yug",1974,0,0,0
"yug",1975,0,0,0
"yug",1976,1,0,4
"yug",1977,0,0,0
"yug",1978,0,0,0
"yug",1979,0,0,0
"yug",1980,0,0,2
"yug",1981,0,0,0
"yug",1982,0,0,0
"yug",1983,0,0,0
"yug",1984,0,0,0
"yug",1985,0,0,0
"yug",1986,0,0,0
"yug",1987,0,0,1
"yug",1988,0,0,0
"yug",1989,0,0,0
"yug",1990,0,0,0
"yug",1991,0,0,3
"yug",1992,0.5,1.5,3.25
"yug",1993,0.4,1.2,3.2
"yug",1994,0.4,0.2,3
"yug",1995,0.25,0,2.75
"yug",1996,0,0,2.5
"yug",1997,0.5,0,2
"yug",1998,0,5,4
"yug",1999,0,5,4
"yug",2000,0.4,0,3
"yug",2001,0,0,1
"yug",2002,0,0,0
"yug",2003,0,0,0
"yug",2004,0,0,0
"yug",2005,0,0,0
"yug",2006,0,0,0
"yug",2007,0,0,0
"yug",2008,0,0,0
"yug",2009,0,0,0
"yug",2010,0,0,0
"yug",2011,1,0,3
"yug",2012,0,0,0
"yug",2013,1,0,4
"yug",2014,0,0,0
"zai",1816,0,0,0
"zai",1817,0,0,0
"zai",1818,0,0,0
"zai",1819,0,0,0
"zai",1820,0,0,0
"zai",1821,0,0,0
"zai",1822,0,0,0
"zai",1823,0,0,0
"zai",1824,0,0,0
"zai",1825,0,0,0
"zai",1826,0,0,0
"zai",1827,0,0,0
"zai",1828,0,0,0
"zai",1829,0,0,0
"zai",1830,0,0,0
"zai",1831,0,0,0
"zai",1832,0,0,0
"zai",1833,0,0,0
"zai",1834,0,0,0
"zai",1835,0,0,0
"zai",1836,0,0,0
"zai",1837,0,0,0
"zai",1838,0,0,0
"zai",1839,0,0,0
"zai",1840,0,0,0
"zai",1841,0,0,0
"zai",1842,0,0,0
"zai",1843,0,0,0
"zai",1844,0,0,0
"zai",1845,0,0,0
"zai",1846,0,0,0
"zai",1847,0,0,0
"zai",1848,0,0,0
"zai",1849,0,0,0
"zai",1850,0,0,0
"zai",1851,0,0,0
"zai",1852,0,0,0
"zai",1853,0,0,0
"zai",1854,0,0,0
"zai",1855,0,0,0
"zai",1856,0,0,0
"zai",1857,0,0,0
"zai",1858,0,0,0
"zai",1859,0,0,0
"zai",1860,0,0,0
"zai",1861,0,0,0
"zai",1862,0,0,0
"zai",1863,0,0,0
"zai",1864,0,0,0
"zai",1865,0,0,0
"zai",1866,0,0,0
"zai",1867,0,0,0
"zai",1868,0,0,0
"zai",1869,0,0,0
"zai",1870,0,0,0
"zai",1871,0,0,0
"zai",1872,0,0,0
"zai",1873,0,0,0
"zai",1874,0,0,0
"zai",1875,0,0,0
"zai",1876,0,0,0
"zai",1877,0,0,0
"zai",1878,0,0,0
"zai",1879,0,0,0
"zai",1880,0,0,0
"zai",1881,0,0,0
"zai",1882,0,0,0
"zai",1883,0,0,0
"zai",1884,0,0,0
"zai",1885,0,0,0
"zai",1886,0,0,0
"zai",1887,0,0,0
"zai",1888,0,0,0
"zai",1889,0,0,0
"zai",1890,0,0,0
"zai",1891,0,0,0
"zai",1892,0,0,0
"zai",1893,0,0,0
"zai",1894,0,0,0
"zai",1895,0,0,0
"zai",1896,0,0,0
"zai",1897,0,0,0
"zai",1898,0,0,0
"zai",1899,0,0,0
"zai",1900,0,0,0
"zai",1901,0,0,0
"zai",1902,0,0,0
"zai",1903,0,0,0
"zai",1904,0,0,0
"zai",1905,0,0,0
"zai",1906,0,0,0
"zai",1907,0,0,0
"zai",1908,0,0,0
"zai",1909,0,0,0
"zai",1910,0,0,0
"zai",1911,0,0,0
"zai",1912,0,0,0
"zai",1913,0,0,0
"zai",1914,0,0,0
"zai",1915,0,0,0
"zai",1916,0,0,0
"zai",1917,0,0,0
"zai",1918,0,0,0
"zai",1919,0,0,0
"zai",1920,0,0,0
"zai",1921,0,0,0
"zai",1922,0,0,0
"zai",1923,0,0,0
"zai",1924,0,0,0
"zai",1925,0,0,0
"zai",1926,0,0,0
"zai",1927,0,0,0
"zai",1928,0,0,0
"zai",1929,0,0,0
"zai",1930,0,0,0
"zai",1931,0,0,0
"zai",1932,0,0,0
"zai",1933,0,0,0
"zai",1934,0,0,0
"zai",1935,0,0,0
"zai",1936,0,0,0
"zai",1937,0,0,0
"zai",1938,0,0,0
"zai",1939,0,0,0
"zai",1940,0,0,0
"zai",1941,0,0,0
"zai",1942,0,0,0
"zai",1943,0,0,0
"zai",1944,0,0,0
"zai",1945,0,0,0
"zai",1946,0,0,0
"zai",1947,0,0,0
"zai",1948,0,0,0
"zai",1949,0,0,0
"zai",1950,0,0,0
"zai",1951,0,0,0
"zai",1952,0,0,0
"zai",1953,0,0,0
"zai",1954,0,0,0
"zai",1955,0,0,0
"zai",1956,0,0,0
"zai",1957,0,0,0
"zai",1958,0,0,0
"zai",1959,0,0,0
"zai",1960,1,0,3
"zai",1961,0,0,0
"zai",1962,0,0,0
"zai",1963,0,0,0
"zai",1964,0,0,0
"zai",1965,0,0,3
"zai",1966,1,0,2
"zai",1967,0,0,0
"zai",1968,0,0,0
"zai",1969,0.5,0,4
"zai",1970,1,0,4
"zai",1971,1,0,4
"zai",1972,0,0,0
"zai",1973,0,0,0
"zai",1974,0,0,0
"zai",1975,0,0,0
"zai",1976,0,0,0
"zai",1977,0.5,1.5,3.5
"zai",1978,1,0,4
"zai",1979,0,0,0
"zai",1980,1,0,3.5
"zai",1981,1,0,4
"zai",1982,1,1,4
"zai",1983,0,0,0
"zai",1984,0,0,0
"zai",1985,0,0,0
"zai",1986,0,0,0
"zai",1987,1,0,4
"zai",1988,0,0,0
"zai",1989,0,0,0
"zai",1990,1,0,4
"zai",1991,1,0,1
"zai",1992,0,0,0
"zai",1993,0,0,0
"zai",1994,0,0,0
"zai",1995,0,0,0
"zai",1996,0,0,0
"zai",1997,0,0,0
"zai",1998,0,0,0
"zai",1999,0,0,0
"zai",2000,0,0,0
"zai",2001,0,0,0
"zai",2002,0,0,0
"zai",2003,0,0,0
"zai",2004,0,0,0
"zai",2005,0,0,0
"zai",2006,0,0,0
"zai",2007,0,0,0
"zai",2008,0,0,0
"zai",2009,0,0,0
"zai",2010,0,0,0
"zai",2011,0,0,0
"zai",2012,0,0,0
"zai",2013,0,0,0
"zai",2014,0,0,0
"zam",1816,0,0,0
"zam",1817,0,0,0
"zam",1818,0,0,0
"zam",1819,0,0,0
"zam",1820,0,0,0
"zam",1821,0,0,0
"zam",1822,0,0,0
"zam",1823,0,0,0
"zam",1824,0,0,0
"zam",1825,0,0,0
"zam",1826,0,0,0
"zam",1827,0,0,0
"zam",1828,0,0,0
"zam",1829,0,0,0
"zam",1830,0,0,0
"zam",1831,0,0,0
"zam",1832,0,0,0
"zam",1833,0,0,0
"zam",1834,0,0,0
"zam",1835,0,0,0
"zam",1836,0,0,0
"zam",1837,0,0,0
"zam",1838,0,0,0
"zam",1839,0,0,0
"zam",1840,0,0,0
"zam",1841,0,0,0
"zam",1842,0,0,0
"zam",1843,0,0,0
"zam",1844,0,0,0
"zam",1845,0,0,0
"zam",1846,0,0,0
"zam",1847,0,0,0
"zam",1848,0,0,0
"zam",1849,0,0,0
"zam",1850,0,0,0
"zam",1851,0,0,0
"zam",1852,0,0,0
"zam",1853,0,0,0
"zam",1854,0,0,0
"zam",1855,0,0,0
"zam",1856,0,0,0
"zam",1857,0,0,0
"zam",1858,0,0,0
"zam",1859,0,0,0
"zam",1860,0,0,0
"zam",1861,0,0,0
"zam",1862,0,0,0
"zam",1863,0,0,0
"zam",1864,0,0,0
"zam",1865,0,0,0
"zam",1866,0,0,0
"zam",1867,0,0,0
"zam",1868,0,0,0
"zam",1869,0,0,0
"zam",1870,0,0,0
"zam",1871,0,0,0
"zam",1872,0,0,0
"zam",1873,0,0,0
"zam",1874,0,0,0
"zam",1875,0,0,0
"zam",1876,0,0,0
"zam",1877,0,0,0
"zam",1878,0,0,0
"zam",1879,0,0,0
"zam",1880,0,0,0
"zam",1881,0,0,0
"zam",1882,0,0,0
"zam",1883,0,0,0
"zam",1884,0,0,0
"zam",1885,0,0,0
"zam",1886,0,0,0
"zam",1887,0,0,0
"zam",1888,0,0,0
"zam",1889,0,0,0
"zam",1890,0,0,0
"zam",1891,0,0,0
"zam",1892,0,0,0
"zam",1893,0,0,0
"zam",1894,0,0,0
"zam",1895,0,0,0
"zam",1896,0,0,0
"zam",1897,0,0,0
"zam",1898,0,0,0
"zam",1899,0,0,0
"zam",1900,0,0,0
"zam",1901,0,0,0
"zam",1902,0,0,0
"zam",1903,0,0,0
"zam",1904,0,0,0
"zam",1905,0,0,0
"zam",1906,0,0,0
"zam",1907,0,0,0
"zam",1908,0,0,0
"zam",1909,0,0,0
"zam",1910,0,0,0
"zam",1911,0,0,0
"zam",1912,0,0,0
"zam",1913,0,0,0
"zam",1914,0,0,0
"zam",1915,0,0,0
"zam",1916,0,0,0
"zam",1917,0,0,0
"zam",1918,0,0,0
"zam",1919,0,0,0
"zam",1920,0,0,0
"zam",1921,0,0,0
"zam",1922,0,0,0
"zam",1923,0,0,0
"zam",1924,0,0,0
"zam",1925,0,0,0
"zam",1926,0,0,0
"zam",1927,0,0,0
"zam",1928,0,0,0
"zam",1929,0,0,0
"zam",1930,0,0,0
"zam",1931,0,0,0
"zam",1932,0,0,0
"zam",1933,0,0,0
"zam",1934,0,0,0
"zam",1935,0,0,0
"zam",1936,0,0,0
"zam",1937,0,0,0
"zam",1938,0,0,0
"zam",1939,0,0,0
"zam",1940,0,0,0
"zam",1941,0,0,0
"zam",1942,0,0,0
"zam",1943,0,0,0
"zam",1944,0,0,0
"zam",1945,0,0,0
"zam",1946,0,0,0
"zam",1947,0,0,0
"zam",1948,0,0,0
"zam",1949,0,0,0
"zam",1950,0,0,0
"zam",1951,0,0,0
"zam",1952,0,0,0
"zam",1953,0,0,0
"zam",1954,0,0,0
"zam",1955,0,0,0
"zam",1956,0,0,0
"zam",1957,0,0,0
"zam",1958,0,0,0
"zam",1959,0,0,0
"zam",1960,0,0,0
"zam",1961,0,0,0
"zam",1962,0,0,0
"zam",1963,0,0,0
"zam",1964,0,0,0
"zam",1965,0,0,1
"zam",1966,0.333333333333333,0,2.33333333333333
"zam",1967,0,0,4
"zam",1968,0,0,2.5
"zam",1969,0.5,0,3.5
"zam",1970,0,0,0
"zam",1971,0,0.5,3
"zam",1972,0,0,1
"zam",1973,0.5,0.25,2.5
"zam",1974,0.5,0,3.5
"zam",1975,0,0,3
"zam",1976,0,0,4
"zam",1977,0,0.333333333333333,3
"zam",1978,0,0,1
"zam",1979,0,0,0
"zam",1980,0,0,1
"zam",1981,0,0,1
"zam",1982,0,0,4
"zam",1983,0,0,0
"zam",1984,0,0,0
"zam",1985,0,0,0
"zam",1986,0,0,1.5
"zam",1987,0,0,1
"zam",1988,0,0,0
"zam",1989,0,0,0
"zam",1990,0,0,1
"zam",1991,0,0,0
"zam",1992,0,0,0
"zam",1993,0,0,0
"zam",1994,0,0,1
"zam",1995,0,0,0
"zam",1996,0,0,0
"zam",1997,0,0,0
"zam",1998,0,0,0
"zam",1999,0,0,0
"zam",2000,0,0,0
"zam",2001,0,0,4
"zam",2002,0,0,0
"zam",2003,0,0,0
"zam",2004,0,0,3
"zam",2005,0,0,0
"zam",2006,0,0,0
"zam",2007,0,0,0
"zam",2008,0,0,0
"zam",2009,0,0,0
"zam",2010,0,0,0
"zam",2011,0,0,0
"zam",2012,0,0,0
"zam",2013,0,0,0
"zam",2014,0,0,0
"zim",1816,0,0,0
"zim",1817,0,0,0
"zim",1818,0,0,0
"zim",1819,0,0,0
"zim",1820,0,0,0
"zim",1821,0,0,0
"zim",1822,0,0,0
"zim",1823,0,0,0
"zim",1824,0,0,0
"zim",1825,0,0,0
"zim",1826,0,0,0
"zim",1827,0,0,0
"zim",1828,0,0,0
"zim",1829,0,0,0
"zim",1830,0,0,0
"zim",1831,0,0,0
"zim",1832,0,0,0
"zim",1833,0,0,0
"zim",1834,0,0,0
"zim",1835,0,0,0
"zim",1836,0,0,0
"zim",1837,0,0,0
"zim",1838,0,0,0
"zim",1839,0,0,0
"zim",1840,0,0,0
"zim",1841,0,0,0
"zim",1842,0,0,0
"zim",1843,0,0,0
"zim",1844,0,0,0
"zim",1845,0,0,0
"zim",1846,0,0,0
"zim",1847,0,0,0
"zim",1848,0,0,0
"zim",1849,0,0,0
"zim",1850,0,0,0
"zim",1851,0,0,0
"zim",1852,0,0,0
"zim",1853,0,0,0
"zim",1854,0,0,0
"zim",1855,0,0,0
"zim",1856,0,0,0
"zim",1857,0,0,0
"zim",1858,0,0,0
"zim",1859,0,0,0
"zim",1860,0,0,0
"zim",1861,0,0,0
"zim",1862,0,0,0
"zim",1863,0,0,0
"zim",1864,0,0,0
"zim",1865,0,0,0
"zim",1866,0,0,0
"zim",1867,0,0,0
"zim",1868,0,0,0
"zim",1869,0,0,0
"zim",1870,0,0,0
"zim",1871,0,0,0
"zim",1872,0,0,0
"zim",1873,0,0,0
"zim",1874,0,0,0
"zim",1875,0,0,0
"zim",1876,0,0,0
"zim",1877,0,0,0
"zim",1878,0,0,0
"zim",1879,0,0,0
"zim",1880,0,0,0
"zim",1881,0,0,0
"zim",1882,0,0,0
"zim",1883,0,0,0
"zim",1884,0,0,0
"zim",1885,0,0,0
"zim",1886,0,0,0
"zim",1887,0,0,0
"zim",1888,0,0,0
"zim",1889,0,0,0
"zim",1890,0,0,0
"zim",1891,0,0,0
"zim",1892,0,0,0
"zim",1893,0,0,0
"zim",1894,0,0,0
"zim",1895,0,0,0
"zim",1896,0,0,0
"zim",1897,0,0,0
"zim",1898,0,0,0
"zim",1899,0,0,0
"zim",1900,0,0,0
"zim",1901,0,0,0
"zim",1902,0,0,0
"zim",1903,0,0,0
"zim",1904,0,0,0
"zim",1905,0,0,0
"zim",1906,0,0,0
"zim",1907,0,0,0
"zim",1908,0,0,0
"zim",1909,0,0,0
"zim",1910,0,0,0
"zim",1911,0,0,0
"zim",1912,0,0,0
"zim",1913,0,0,0
"zim",1914,0,0,0
"zim",1915,0,0,0
"zim",1916,0,0,0
"zim",1917,0,0,0
"zim",1918,0,0,0
"zim",1919,0,0,0
"zim",1920,0,0,0
"zim",1921,0,0,0
"zim",1922,0,0,0
"zim",1923,0,0,0
"zim",1924,0,0,0
"zim",1925,0,0,0
"zim",1926,0,0,0
"zim",1927,0,0,0
"zim",1928,0,0,0
"zim",1929,0,0,0
"zim",1930,0,0,0
"zim",1931,0,0,0
"zim",1932,0,0,0
"zim",1933,0,0,0
"zim",1934,0,0,0
"zim",1935,0,0,0
"zim",1936,0,0,0
"zim",1937,0,0,0
"zim",1938,0,0,0
"zim",1939,0,0,0
"zim",1940,0,0,0
"zim",1941,0,0,0
"zim",1942,0,0,0
"zim",1943,0,0,0
"zim",1944,0,0,0
"zim",1945,0,0,0
"zim",1946,0,0,0
"zim",1947,0,0,0
"zim",1948,0,0,0
"zim",1949,0,0,0
"zim",1950,0,0,0
"zim",1951,0,0,0
"zim",1952,0,0,0
"zim",1953,0,0,0
"zim",1954,0,0,0
"zim",1955,0,0,0
"zim",1956,0,0,0
"zim",1957,0,0,0
"zim",1958,0,0,0
"zim",1959,0,0,0
"zim",1960,0,0,0
"zim",1961,0,0,0
"zim",1962,0,0,0
"zim",1963,0,0,0
"zim",1964,0,0,0
"zim",1965,0,0,3
"zim",1966,0,0,2.66666666666667
"zim",1967,0,0,0
"zim",1968,0,0,0
"zim",1969,0,0,2
"zim",1970,0,0,0
"zim",1971,0,0,0
"zim",1972,0,0,0
"zim",1973,0,1,4
"zim",1974,0,0,4
"zim",1975,1,0,4
"zim",1976,0,1,4
"zim",1977,0,1,4
"zim",1978,0.5,0.5,4
"zim",1979,1,0,4
"zim",1980,0,0,0
"zim",1981,0,0,0
"zim",1982,0,0,0
"zim",1983,0,0,0
"zim",1984,0,0,0
"zim",1985,0,0,0
"zim",1986,0,0,1.5
"zim",1987,0,0,0
"zim",1988,0,0,1
"zim",1989,0,0,0
"zim",1990,0,0,0
"zim",1991,0,0,0
"zim",1992,0,0,0
"zim",1993,0,0,0
"zim",1994,0,0,0
"zim",1995,0,0,0
"zim",1996,0,0,0
"zim",1997,0,0,0
"zim",1998,0,0,0
"zim",1999,0,0,0
"zim",2000,0,0,0
"zim",2001,0,0,0
"zim",2002,0,0,1
"zim",2003,0,0,0
"zim",2004,0,0,0
"zim",2005,0,0,0
"zim",2006,0,0,0
"zim",2007,0,0,0
"zim",2008,0,0,0
"zim",2009,0,0,0
"zim",2010,0,0,0
"zim",2011,0,0,0
"zim",2012,0,0,0
"zim",2013,0,0,0
"zim",2014,0,0,0
