"country_name","country_code","1956","1957","1958","1959","1960","1961","1962","1963","1964","1965","1966","1967","1968","1969","1970","1971","1972","1973","1974","1975","1976","1977","1978","1979","1980","1981","1982","1983","1984","1985","1986","1987","1988","1989","1990","1991","1992","1993","1994","1995","1996","1997","1998","1999","2000","2001","2002","2003","2004","2005","2006","2007","2008","2009","2010","2011","2012","2013","2014","2015","2016","2017","2018","2019","2020","2021","2022","2023","2024","2025","2026","2027","2028","2029","2030","2031"
"aruba, kingdom of the netherlands","abw",NA,NA,NA,NA,NA,NA,NA,NA,NA,NA,NA,NA,NA,NA,NA,NA,NA,NA,NA,NA,NA,NA,NA,NA,NA,NA,NA,NA,NA,NA,NA,NA,NA,NA,NA,NA,NA,NA,NA,26.3317764521724,27.4576599190283,24.9890306252689,21.5736010517257,22.7983576361708,21.6055651997328,22.5083214568301,24.6598619756813,25.135690141461,29.2445126998595,24.4769402467007,24.8269284545651,22.6198005498878,25.359395474251,26.8877847390999,30.4434104294254,27.1992892708833,30.7611921072762,29.4541055387287,29.8341340755969,25.3732827855049,25.1190383974803,24.5583092242938,24.8627365488873,24.0358822193955,41.6611273829976,31.0854752254296,23.1179278843972,21.8179285730477,20.7666329937067,21.8094826789677,21.4013747723739,22.1080512041728,22.1103491009896,21.9678272380296,21.7689599775799,21.8258175311879
"afghanistan, islamic republic of","afg",NA,NA,NA,NA,NA,NA,NA,NA,NA,NA,NA,NA,NA,NA,NA,NA,NA,NA,NA,NA,NA,NA,NA,NA,NA,NA,NA,NA,NA,NA,NA,NA,NA,NA,NA,NA,NA,NA,NA,NA,NA,NA,NA,NA,NA,NA,6.94308452478337,11.9274983370198,15.0687132951827,15.6505843198805,18.2622158918455,21.4475105141091,20.8993727350794,21.1511364650127,20.7891447918216,21.9366455778211,25.028204609336,24.9769754674692,25.4024492849051,25.9467418083646,28.0289751169703,27.731830470057,28.9356348144642,27.9990196329378,27.9370209050755,17.9338730127618,16.1155890993465,16.9669855146437,19.6690955579122,20.0118051245611,NA,NA,NA,NA,NA,NA
"angola","ago",NA,NA,NA,NA,NA,NA,NA,NA,NA,NA,NA,NA,NA,NA,NA,NA,NA,NA,NA,NA,NA,NA,NA,NA,NA,NA,NA,NA,NA,NA,NA,NA,NA,NA,NA,NA,NA,NA,NA,NA,29.3116959590441,31.068475736711,30.3200766252724,45.7136717588033,35.8207454494325,30.2743896979952,27.5690706449084,30.1224879151009,25.9992129349411,23.6907639133552,27.3310455265751,34.071567169582,47.200705152804,38.728505615832,34.5509594337345,33.3021834215002,33.1866551086713,32.9409917004538,32.3031230191311,23.8731704916928,19.1382420669741,20.724753175045,17.8302760328532,20.8611326397764,24.3848331141498,22.7783803459092,24.8413899356354,23.345964062266,18.9830630325992,18.8531466817588,16.8262560639722,17.2460446277954,17.5093019153951,17.5264387711466,17.3739709526285,17.2819694684198
"albania","alb",NA,NA,NA,NA,NA,NA,NA,NA,NA,NA,NA,NA,NA,NA,NA,NA,NA,NA,NA,NA,NA,NA,NA,NA,NA,NA,NA,NA,NA,NA,NA,NA,NA,NA,NA,NA,NA,NA,NA,NA,NA,30.2998629079392,36.751295197358,37.1075022360952,33.837998385001,32.6850078477456,31.5345853687993,29.6799635100686,30.154812568209,28.8919956301697,29.1912162162772,29.3090131606222,31.7264850910695,32.6794780725222,29.386648760908,28.9232688906718,28.2291039783807,29.1927136400962,31.7291548208644,30.7578046622685,29.1394757445461,29.1615695419949,28.6693955919394,28.7316861897664,32.3842810465046,31.9434549636869,30.2832957568936,28.5439192444999,28.9366047306722,30.0797374853739,31.0296372717769,31.7081652338427,31.7974477329341,31.5134171694256,31.5983256611368,31.6354010519699
"andorra, principality of","and",NA,NA,NA,NA,NA,NA,NA,NA,NA,NA,NA,NA,NA,NA,NA,NA,NA,NA,NA,NA,NA,NA,NA,NA,NA,NA,NA,NA,NA,NA,NA,NA,NA,NA,NA,NA,NA,NA,NA,NA,NA,NA,NA,NA,NA,26.7039309575459,24.9998275539572,24.2155455648534,23.6902548218582,23.3866954326847,25.1891899405836,27.6021941047937,29.4605213124628,29.9157895222395,28.8495895300714,29.1093334866256,33.9347578407236,31.9622386394071,31.6620558454373,33.3285685055935,34.5676101984821,34.8523238587071,35.930048768012,35.8443720201389,42.3278314350734,39.0399646655781,34.8896599406288,35.880351382628,37.126896872424,37.1855171013454,37.8399024725275,38.3563355866556,38.340318898921,38.3246797658273,38.3350380799214,38.4667407363398
"united arab emirates","are",NA,NA,NA,NA,NA,NA,NA,NA,NA,NA,NA,NA,NA,NA,NA,NA,NA,NA,NA,NA,NA,NA,NA,NA,NA,NA,NA,NA,NA,NA,NA,NA,NA,NA,NA,35.9635642552715,29.5643235388878,31.49134362159,30.127787693529,26.1440631143834,27.6040889169011,22.5617434184791,25.8431258314508,24.2801453087951,21.7882108477347,25.228458125105,21.3327571534195,20.0499937056906,17.7088928925388,15.7437966158876,15.6272266741202,17.6568598169142,21.9507281354274,34.9969773967916,30.350786122417,29.6320704109926,27.7908630298635,28.8816764775653,31.4280081032413,26.4043605609963,31.7046609294314,27.2399237817347,25.8731511129795,27.4041295081808,30.4605833312594,25.9364263683783,22.7410915232694,22.6622597204416,21.4105495098808,22.5676610452726,22.4688902994941,22.9315171491218,23.3841312462438,23.8596576397357,24.1064421968026,24.3903577639911
"argentina","arg",NA,NA,NA,NA,NA,NA,NA,NA,NA,NA,NA,NA,NA,NA,NA,NA,NA,NA,NA,NA,NA,NA,NA,NA,NA,NA,NA,NA,NA,NA,NA,NA,NA,NA,NA,NA,NA,22.0171679502697,22.937570571182,22.862444143665,22.6867784933439,22.5857973725374,23.1304095314146,25.4712876241455,25.2472377755283,26.4324992367491,21.8530541525985,22.0258876312542,23.0295320813104,24.4255601255089,26.6166618194472,29.5505881707275,30.7623477504581,34.5244359270762,33.358068627652,34.9019005377252,36.821423141061,37.6029334549807,38.8529314990411,41.3663300502382,41.5220206770752,41.1214540211994,38.9492080400447,38.129057624397,42.4792397749966,37.8833652553928,37.6431228556008,37.6373481918487,31.0191815881713,31.6347239698634,31.3377288503132,31.8165389214836,31.9487288213688,32.1182048581359,32.1423563598405,32.1236567147462
"armenia, republic of","arm",NA,NA,NA,NA,NA,NA,NA,NA,NA,NA,NA,NA,NA,NA,NA,NA,NA,NA,NA,NA,NA,NA,NA,NA,NA,NA,NA,NA,NA,NA,NA,NA,NA,NA,NA,NA,NA,NA,NA,NA,NA,NA,NA,NA,NA,NA,NA,NA,NA,19.8711341160781,20.0004678611045,22.4196701020121,22.2360244050614,28.5535024736993,26.200537132881,24.9643854588457,22.4147812747897,23.7967030411897,23.9907282798485,26.323363732438,26.9869616943049,25.9368301782087,24.0501796176097,24.8962967277492,30.6529271544573,28.6904757643657,26.3801163254315,26.8742068650126,28.9748221253607,29.2371703641642,30.30366495722,29.3391762035137,28.6228402605556,28.1129764495968,27.5739504323513,27.1090725825399
"antigua and barbuda","atg",NA,NA,NA,NA,NA,NA,NA,NA,NA,NA,NA,NA,NA,NA,NA,NA,NA,NA,NA,NA,NA,NA,NA,NA,NA,NA,NA,NA,NA,NA,NA,NA,NA,NA,18.127794884491,20.7604069194601,18.6876401366229,19.4264802047032,21.1529364722796,20.9856302719292,19.5705924697875,16.7568116534035,20.6599904179739,20.3025458131092,21.0922131022604,24.1832486512601,26.3303451524837,24.2493928207292,21.9300550685831,21.5405428217105,26.02760248931,23.8190037415085,23.2086429079591,32.0778789216863,19.9626876315774,21.0858235508946,18.5317978394724,20.6989715309989,20.857486263892,24.831909822688,23.7803204154354,22.5501126417976,21.5387461159173,22.1089443815466,25.9771354411217,23.3858098808528,20.8103762966649,18.353351658655,20.2254296742418,19.2595335915425,22.2949985909918,22.165777354506,21.8994813055384,21.7616748400311,21.6602767667401,21.5363457884471
"australia","aus",NA,NA,NA,NA,NA,NA,NA,NA,NA,NA,NA,NA,NA,NA,NA,NA,NA,NA,NA,NA,NA,NA,NA,NA,NA,NA,NA,NA,NA,NA,NA,NA,30.6357426688152,29.5617976942032,30.4337762472773,33.0125402179479,34.009701483046,34.0901459099279,33.6918331569541,33.6277603044805,33.4925944106611,32.7624262554946,34.5821645679297,36.1545844180994,35.1460853934934,35.555755983104,34.8557891687796,34.8523787762171,34.780839489193,34.519775064274,34.4746430367694,34.2378062208754,34.981348931186,37.6260962752252,36.8380674034158,36.1906581977363,36.3768861792145,36.2052297034979,36.5932503826807,37.1137725132937,37.1454282558867,36.6376704665184,36.7333136647645,38.7549596880155,44.3105672837348,41.6633420264561,37.4353258725011,37.4350166076064,38.7147050432377,39.451592394769,39.0540558320894,38.2940482541075,37.8972217265248,37.7232094269098,37.5640858393429,37.5266491671832
"austria","aut",NA,NA,NA,NA,NA,NA,NA,NA,NA,NA,NA,NA,NA,NA,NA,NA,NA,NA,NA,NA,NA,NA,NA,NA,NA,NA,NA,NA,NA,NA,NA,NA,47.8312969808429,46.5389791476168,46.8261527565326,47.8563358094821,49.2722056262797,54.3066745663793,54.3157782864878,56.1284463267894,55.9352854630253,52.539254984724,54.3506682384703,50.4996183488046,50.9402665074753,51.8153303068331,51.6118369756882,51.7624135840008,54.3161539142693,51.6724455627984,50.9202297114768,49.7196750484217,50.4042882860904,54.5973247317868,53.3571432943854,51.3406525226087,51.7534699519314,52.427568956483,52.3959342456259,51.2155657902237,50.6396877742217,49.8210021429647,49.1928956236161,49.0739608214971,57.3128427560207,56.0264282804263,52.9651597237274,52.2085546254856,55.1861765375566,55.1834311155237,55.1662864799326,55.3095108545119,55.3815013707702,55.2268592074536,55.177236720398,55.195123224471
"azerbaijan, republic of","aze",NA,NA,NA,NA,NA,NA,NA,NA,NA,NA,NA,NA,NA,NA,NA,NA,NA,NA,NA,NA,NA,NA,NA,NA,NA,NA,NA,NA,NA,NA,NA,NA,NA,NA,NA,NA,NA,NA,14.6628048931024,18.9118005436311,19.8391885807106,18.5237107587901,18.7214975283362,19.504770687083,18.239706564083,16.7848117562916,23.138784066899,21.6620518074467,24.2158514723888,22.4979584514275,25.2990802969056,26.0677266705262,31.4390177364146,34.506352599752,31.9580403893046,33.7346195538518,36.6364366441689,37.7793416257564,36.3741925184293,38.6991373576462,35.4250205800409,35.571451728956,33.1829190371524,32.520031319007,40.1565627758295,32.167671787738,26.1766737337605,32.7268120108765,33.8592933209615,34.5886718205339,37.0014905910546,36.4250102791022,35.6073973569124,34.7980167491505,34.2658296122659,33.7255074175004
"burundi","bdi",NA,NA,NA,NA,NA,NA,NA,NA,NA,NA,NA,NA,NA,NA,NA,NA,NA,NA,NA,NA,NA,NA,NA,NA,NA,NA,NA,NA,NA,NA,NA,NA,NA,NA,17.4108463147752,19.2146899138168,26.1119988883763,24.0236565588282,19.3755547425129,22.1183999006028,24.4434227050539,18.7783821337743,19.9403489687684,20.4565260579646,21.6862894967173,22.6571986735957,21.9071863965087,33.9038250020113,39.234051187479,33.1423182238025,36.4736710354616,38.9652660124184,41.162680732101,37.9878834539509,40.844053202997,42.1865964180804,37.5440946577353,34.7692482044066,28.4585492135124,23.1679108659937,22.5743937271608,24.0933670346167,26.0186509255322,28.8021698096012,29.1679048603815,28.3909110793337,33.5158103689257,28.4451022782576,22.2943941667174,20.3979878227772,19.941883251984,20.8195348698393,21.3250111188733,21.3233961454094,22.058877059676,21.7582228339211
"belgium","bel",NA,NA,NA,NA,NA,NA,NA,NA,NA,NA,NA,NA,NA,NA,NA,NA,NA,NA,NA,NA,NA,NA,NA,NA,57.0530721209619,63.9657318694372,61.9737400662227,64.6359958406322,61.4185845028535,60.6852525197028,59.8548395102952,57.9693614357144,55.9841332669964,54.3799550885521,54.3690355667348,55.6250464794591,55.9115864478482,57.0576852153589,54.6601038841842,52.6447812247613,53.0519674456806,51.6017331471078,50.9594882729211,50.496475560031,49.3985396448966,49.3793860063934,49.9035699255274,51.0471157641687,49.318779058015,51.8621970926051,48.7893317258751,48.5627977498334,50.7754241022565,54.5303176269286,53.902632404843,55.0269705106575,56.2448445104347,55.9020518629456,55.4164742603572,53.8809928333871,53.3784398798507,52.2541316349728,52.4509675902954,51.7511878292863,58.4530458221024,54.9391657296654,52.5042356349177,52.8038965695845,54.0549952279,54.9901652230559,54.9343554697906,55.0752456924462,55.2742635966682,55.6167186843411,55.9084785110954,56.1482555545862
"benin","ben",NA,NA,NA,NA,NA,NA,NA,NA,NA,NA,NA,NA,NA,NA,NA,NA,NA,NA,NA,NA,NA,NA,NA,NA,NA,NA,NA,NA,NA,NA,NA,NA,NA,17.0800563911488,18.1223099219799,17.2262842638536,18.4017476164456,16.3784436123217,18.5314314069089,20.1960160228539,18.1507848114673,17.3492381107435,14.8842348889359,10.7459700461976,15.6414542304145,15.4474579038373,15.283995111821,13.6859103627413,13.3595521253105,14.1385248796,13.0058229835057,15.8094655077411,14.5494170686794,16.9967964906072,14.0757789828686,14.7277832157011,14.2359331600724,14.8940283005124,14.2245565250983,18.1525629845262,15.4277864221874,17.6887421960852,16.4658035398686,14.2983215885916,19.0709716536297,20.020482682811,20.0247925688619,19.343825815976,18.2144331811001,18.4693544026484,18.8028508569178,19.254151012481,19.6356926461329,20.0282830503426,20.4153590236073,20.7334399937413
"burkina faso","bfa",NA,NA,NA,NA,NA,NA,NA,NA,NA,NA,NA,NA,NA,NA,NA,NA,NA,NA,NA,NA,NA,NA,NA,NA,NA,NA,NA,NA,NA,11.4696172164244,16.309772839516,19.2322571934832,16.2086713301737,14.182974617543,18.4224813710172,16.9685528324564,16.7498447990993,17.8646849823955,17.8298544648703,19.4354840247997,19.7520798626435,20.0260193514674,19.7406433967892,21.3942849385507,19.8271369601932,19.6597660288885,19.4665092051301,17.5984539165733,20.2571841463049,20.2169723171235,21.878107978992,22.8384789298579,18.5905678708285,21.5191155422941,21.655048065067,20.4360313807053,22.6679756894996,25.2605738429447,20.9277238721167,20.3587422635191,21.6325218812008,26.2618145417488,24.1915730358184,23.3481105192147,24.4270776227324,27.8093271098776,32.8584230340486,29.4276243915149,27.8262971907134,26.0856162931448,24.6863293016245,24.2371777668618,24.4980920551205,24.6496101073777,24.7990664347845,24.918474589456
"bangladesh","bgd",NA,NA,NA,NA,NA,NA,NA,NA,NA,NA,NA,NA,NA,NA,NA,NA,NA,NA,NA,NA,NA,NA,NA,NA,10.9869924727193,10.2911974953556,10.5790832982042,10.603398088857,9.44318463844496,9.32465682811258,9.84813990203106,9.48791763956257,9.31673350354305,9.60133535412396,9.13785250782626,8.86205540818362,8.79661922157409,9.73947809324001,10.048485875152,10.4621588696323,9.79132741659228,9.88854579493788,9.82055043657649,8.6576171120329,9.75579468834614,10.729617423207,10.3556896807725,10.15224655093,9.88465933679173,10.2625539046493,10.1268955586555,9.62674882723202,11.5396662916423,10.5755839374447,10.6010921068594,11.534213563794,11.6947752810011,12.0875409176998,11.7480982293049,11.503141012745,11.6009521052152,12.2351307292883,12.9503934454057,13.5521471124665,13.3082203295475,12.9171700633253,13.0346668256575,12.6246600943427,12.0331915039412,10.8781713493945,12.1396162632255,14.612286700229,16.0470739799447,16.4942128703914,16.7846821184476,16.8868449747827
"bulgaria","bgr",NA,NA,NA,NA,NA,NA,NA,NA,NA,NA,NA,NA,NA,NA,NA,NA,NA,NA,NA,NA,NA,NA,NA,NA,NA,NA,NA,NA,NA,NA,NA,NA,NA,NA,NA,NA,NA,NA,NA,NA,NA,NA,30.6048508893557,36.1562330949349,37.1301011950404,36.4771524246715,35.0746669495822,35.7646409113818,34.6105927624156,34.033338924219,32.5009245220627,33.1141847708164,33.452205495259,33.7714773490706,34.5540213404864,31.9540057764026,32.5187610494385,35.4699868983905,37.0804550096227,37.3295227734925,32.7246750872447,32.0284805575499,34.4486699331166,36.0654309906329,37.6587625678907,38.4524710770609,37.5674440226752,37.5112970702912,36.2846486767108,38.8743160747397,37.8198997597219,37.2066197381638,36.8426339064661,36.5631609511367,36.0890137683673,35.6717845845983
"bahrain, kingdom of","bhr",NA,NA,NA,NA,NA,NA,NA,NA,NA,NA,NA,NA,NA,NA,NA,NA,NA,NA,NA,NA,NA,NA,NA,NA,NA,NA,NA,NA,NA,NA,NA,NA,NA,NA,32.3625089327551,28.5357472270078,29.3988461439275,26.6947219677741,26.136233381545,25.0698583426081,22.6778333386009,30.9881371140808,25.6969432210147,27.0690496178773,22.1535253395541,26.5401238201775,30.580045475627,28.0902921723509,24.9929838087206,23.9066016482784,23.1319439626245,22.399354596395,22.6828205092677,24.5927464916233,31.0734345399616,30.1673154616005,31.1131340222312,31.9512551847562,27.2846338933815,34.8468829980448,33.2770454859411,30.6835033383373,32.069450830647,31.2318312676429,34.587917906931,30.6289104592887,28.4174977926655,29.0207903042567,28.8951783016221,29.3992394670027,30.6192359042966,30.2064160165033,29.9875358840062,29.718771321178,29.4027730433022,28.8957805911638
"bahamas, the","bhs",NA,NA,NA,NA,NA,NA,NA,NA,NA,NA,NA,NA,NA,NA,NA,NA,NA,NA,NA,NA,NA,NA,NA,NA,NA,NA,NA,NA,NA,NA,NA,NA,NA,NA,11.3964273297721,11.8904411216934,11.7961430694496,11.5115443971006,11.7489608939442,11.5323456022336,11.5104481016928,12.8724960183451,12.0341454081224,9.29504019136875,11.5627313782113,11.3786251312615,11.6317949439251,11.7890059125114,12.4850621053243,12.8509332224869,13.2411465435921,13.6292385801777,14.3382111053602,15.2265863947791,15.4320671670699,17.0718526365893,16.9714371264877,18.1491671379361,18.1171624299072,18.4118962704679,19.3575658597776,23.0630413244705,19.4462705891984,20.269546718799,24.760754712253,28.9229963281024,25.6236823601149,23.2202495222136,20.9699918793135,21.4817025667714,22.3014096895143,22.4071635716304,22.2662627253505,21.8106117680802,21.6839892474969,21.5212264780419
"bosnia and herzegovina","bih",NA,NA,NA,NA,NA,NA,NA,NA,NA,NA,NA,NA,NA,NA,NA,NA,NA,NA,NA,NA,NA,NA,NA,NA,NA,NA,NA,NA,NA,NA,NA,NA,NA,NA,NA,NA,NA,NA,NA,NA,NA,NA,54.4281558358414,57.5025345834112,56.1645508733914,50.2037173898743,47.4342699054531,47.2874416634366,45.5906851986873,44.5285259228699,44.2293613319348,45.2011836036246,48.3718634030536,48.9708593531088,48.6795484633373,46.3820708165931,47.9488079851589,43.8107127870889,46.1776731790181,42.6883330192561,41.4552751220345,39.9808473734871,40.423106196109,39.9146822509704,45.3847746265527,40.6432424510405,39.3684532549629,41.8714476156303,43.2548384588596,44.8642408324983,45.3462746236555,46.0653673448605,46.3515042261086,46.4536318186772,46.5243124019766,46.7149728684695
"belarus, republic of","blr",NA,NA,NA,NA,NA,NA,NA,NA,NA,NA,NA,NA,NA,NA,NA,NA,NA,NA,NA,NA,NA,NA,NA,NA,NA,NA,NA,NA,NA,NA,NA,NA,NA,NA,NA,NA,NA,NA,NA,NA,NA,NA,NA,NA,NA,42.380254280196,43.7822236056963,43.53144067491,44.0025387645175,44.9854982653472,47.2098464929153,49.1707769263443,60.009148980617,51.7027682350714,44.3185403713146,40.2945223721135,38.8925627028358,40.8130396836833,38.8364486518183,41.7701135844047,40.6832167434034,39.0420885737696,37.8446223304495,37.3534745164086,38.0451851707427,36.7161507451728,38.0071432681755,40.3313195811774,40.8061271421186,41.2982703495468,41.3161177203867,41.08291579229,40.9341000662918,40.7778626458082,40.7105885786834,40.644917669706
"belize","blz",NA,NA,NA,NA,NA,NA,NA,NA,NA,NA,NA,NA,NA,NA,NA,NA,NA,NA,NA,NA,NA,NA,NA,NA,NA,NA,NA,NA,NA,NA,NA,NA,NA,NA,NA,NA,NA,NA,NA,NA,19.9052761269245,19.9302672758111,20.9193933508255,23.5920200574698,23.1601289641567,25.8567078334104,24.3775914687417,24.5590080122917,21.7031201822338,21.4008560978055,21.1672310008859,22.0575613219842,21.7757456324372,23.1801795976306,23.3041344787828,23.4727808629765,22.0564052586528,23.8077820915657,24.816242462925,27.947619824274,27.6616571014363,27.6689939424818,26.9307340495332,27.532201440455,33.1533635377341,25.7328229357685,23.4240809518234,25.7927161725177,26.7526925422961,25.8686096066845,26.0552685627405,26.2733054505474,26.1154958994229,25.7454309892918,25.597666821102,25.5564341775092
"bolivia","bol",NA,NA,NA,NA,NA,NA,NA,NA,NA,NA,NA,NA,NA,NA,NA,NA,NA,NA,NA,NA,NA,NA,NA,NA,NA,41.7883735165649,22.3571558426634,28.697001644017,25.9732168453748,19.4894833219385,19.8910773180275,21.8493242845015,21.4519540966306,21.8400342391619,20.3791715307946,21.6361197748745,22.5956224794237,24.320859189557,23.949727874769,23.0674309239325,23.3063561562352,25.3035316738561,26.8185509619157,26.2740081160607,26.2293201013751,28.6376518473158,29.6323652468792,28.5833529620309,29.0241318607938,29.5487146799705,26.648434693271,28.9428082245664,31.0988327117387,28.8912322898558,27.4582522645145,30.5687458999007,31.268466059403,30.4316523964063,34.8769550846434,36.9610376514842,32.8648760800035,31.5568578418177,31.3851854645265,30.1328155514239,31.9346998474756,29.4319203653307,31.1783584948615,33.4865032273422,33.5236463315939,32.1762692806522,29.0023997755875,NA,NA,NA,NA,NA
"brazil","bra",NA,NA,NA,NA,NA,NA,NA,NA,NA,NA,NA,NA,NA,NA,NA,NA,NA,NA,NA,NA,NA,NA,NA,NA,NA,NA,NA,NA,NA,NA,NA,NA,NA,NA,NA,NA,NA,NA,NA,NA,NA,NA,NA,NA,NA,39.8022988804568,44.4947770063086,41.2881729472377,39.680679611755,41.8703089711443,42.5627996408255,40.3517543236709,39.9155792800499,40.5365940188312,39.5158766960122,39.3672540652882,39.3095016427147,39.7801456981151,41.4264315609625,46.1908507460088,45.5029241637391,44.2973244249463,44.1806594726545,43.0428763992131,46.1784219903977,40.3709887510294,43.4453308981464,45.3092954709633,45.541544543498,47.4172650482514,47.8765089322157,46.6896726328361,46.2216243984354,46.1064555691788,46.1432505834623,46.1944195464989
"barbados","brb",NA,NA,NA,NA,NA,NA,NA,NA,NA,NA,NA,NA,NA,NA,NA,NA,NA,NA,NA,NA,NA,NA,NA,NA,NA,NA,NA,NA,NA,NA,NA,NA,NA,NA,NA,NA,NA,NA,15.9012110316257,17.3020528752486,19.0666900507678,19.5854117938742,17.7590534399282,18.4779069552626,19.6937136393424,20.7039001800115,29.1216883347052,27.7010794674513,26.1938759549449,26.3794915545657,24.9740648449292,26.1223629663936,27.0598013507047,27.8218577040273,27.9604959715828,26.4692890177418,28.9128700987411,29.0605459455394,27.354803022006,29.1672183739043,28.6176609289156,27.9765754485928,25.0241184507301,22.2092841951879,30.5741197783179,27.1228358878165,26.9120051406999,26.4528525303392,28.081394747947,26.9726587840004,26.1774158022944,25.9904078927639,26.0221450918723,25.8832356286977,25.773075264953,25.5585561089407
"brunei darussalam","brn",NA,NA,NA,NA,NA,NA,NA,NA,NA,NA,NA,NA,NA,NA,NA,NA,NA,NA,NA,NA,NA,NA,NA,NA,NA,NA,NA,NA,NA,40.6248707649355,40.0060881775732,30.3222983355095,36.5516204350326,36.2047101799127,31.954627961653,30.6473163644383,34.1132266333554,37.9593450181618,47.0558380824719,43.9683669490536,36.8547246578805,38.9779329691844,45.3832533427007,44.1440072796142,37.4921119070319,35.4754563199431,41.4253752091048,30.8868844336192,33.1538361450047,29.0530234316226,27.9888398900714,29.3264244631482,27.1713251629686,34.834778723263,25.4861707062088,29.9300815497823,31.121616955937,33.4337207967407,34.0043431392013,36.9905636779196,39.8382515364285,36.5571424289385,32.8912709764964,32.1340091288228,32.8266343838529,30.061664981053,26.1213866562797,30.1110698648795,30.3171591953816,29.9258925752816,29.0572443189821,28.6778901263447,28.6135560800227,28.6686984210106,28.8813062396181,29.097834063071
"bhutan","btn",NA,NA,NA,NA,NA,NA,NA,NA,NA,NA,NA,NA,NA,NA,NA,NA,NA,NA,NA,NA,NA,NA,NA,NA,NA,49.9509154000836,33.9325226327171,42.2134590644742,39.3143109778704,54.1417030684058,48.7209640721665,47.4567493281624,45.3433192031877,46.8089554407845,35.8456816739871,30.8064058934448,34.455556336495,35.2126964805334,37.875431506661,38.6098820921707,37.8850996712808,37.8286913710911,31.1048034565362,40.1719312777171,43.0300325814374,50.3001070274291,39.3050308992132,34.7242685243816,30.9976094198662,36.4313829325062,33.4277578310952,33.1940189750423,36.1006871308747,39.3072778599046,41.547307836528,36.08166175519,35.1193151696048,32.4973668019766,28.8781966129846,27.5432211820728,30.4508177915261,30.5783751648204,31.6922044838921,24.2481540846762,30.9477982683743,36.6293017010644,32.0878698017265,28.8749524018759,28.3344672461287,30.471178475236,34.9856609185626,35.3264163919217,34.4630796287591,31.2987072677127,31.2030853948872,31.2737059982631
"botswana","bwa",NA,NA,NA,NA,NA,NA,NA,NA,NA,NA,NA,NA,NA,NA,NA,NA,NA,NA,NA,NA,NA,NA,NA,NA,34.3125401341352,37.2509121563799,36.7023741740538,34.4312893034445,34.5601179828002,31.4434846367321,35.4903403971122,35.9423084204468,32.0532282124089,34.0436971689386,38.9207456956349,41.1008964078903,42.31257819812,41.9701872208381,37.6018117543167,36.1211388729532,36.0660952578188,39.0006589394497,41.7715796350884,40.0680513348789,38.8188202886724,42.1190702569794,45.0821226674169,42.7455683629574,39.8471005607895,33.7833880477163,33.121321241991,37.0668744886001,48.1223574212487,52.1231328102473,42.5809289261832,37.1579684883019,37.1469778107181,33.4867663240415,36.5324359200226,37.8133132552841,34.1110719210557,34.6717259189468,35.5908571269998,36.8610087628119,36.5347905086596,31.4063177954226,29.0770601003001,32.3562210934996,33.7177536283068,35.0108703178012,35.6902008333427,34.8083511472124,34.9554145117549,35.2769083141137,35.7017346453247,36.0075670871806
"central african republic","caf",NA,NA,NA,NA,NA,NA,NA,NA,NA,NA,NA,NA,NA,NA,NA,NA,NA,NA,NA,NA,NA,NA,NA,NA,NA,NA,NA,NA,NA,NA,NA,21.9371634581488,21.4327102979102,19.6137684796474,22.0084090761032,22.6331666958113,23.0916091282904,20.6257385790971,22.352225334677,20.569161218946,11.7118407648406,14.4603331959239,18.0503224482127,18.1956430152066,17.1639078882674,14.1416454286534,16.6625780970582,12.2941185093282,13.0755212642872,16.1794609555623,13.369922889588,12.8719021103559,16.0266794534271,15.9979999282567,17.259074651754,14.157965057924,14.7424974554072,13.3990188052564,16.6518760733172,12.6948546847186,11.0687557896618,13.0584431190971,16.8442482337837,15.7638674062825,23.9660582491356,18.9965654784378,17.1130171733626,17.4616817628209,19.3533174701557,21.0687967896836,19.293906391203,20.0205141108482,20.5485081507945,21.0425666022903,21.5884309857791,22.2043292760115
"canada","can",NA,NA,NA,NA,NA,NA,NA,NA,NA,NA,NA,NA,NA,NA,NA,NA,NA,NA,NA,NA,NA,NA,NA,39.4128233767461,40.9463281556028,41.8318592239072,46.399231286436,46.969732932051,46.7589926967484,47.4690366720197,46.8070561874561,45.4275894250056,44.761793859887,45.2534995882837,48.0903693883977,51.437573118373,52.5069734812843,51.477369929468,49.0123388200593,47.7346050664906,45.8635038856337,43.463303510981,43.4060781586905,41.7733625550263,40.5576133900988,41.1021691627138,40.3938530310113,40.2756890432892,39.1346760687593,38.5206001730457,38.6607947058808,38.5190481351824,38.7753833489938,43.4207495032883,43.0639453365089,41.5752428183216,40.9262035211233,39.9607411655794,38.3704831023942,40.0184180289695,40.7532330964412,40.455405647187,40.6623502968902,40.5896446303818,52.3623446145892,45.4706528623111,40.4133988371456,41.8075199623904,44.3422353373002,43.9510215155705,44.5688390366499,44.2054570136951,43.7998642291225,43.5618188359828,43.3505461960083,43.2517824345863
"switzerland","che",NA,NA,NA,NA,NA,NA,NA,NA,NA,NA,NA,NA,NA,NA,NA,NA,NA,NA,NA,NA,NA,NA,NA,NA,NA,NA,NA,28.5457878693789,28.1118947992712,27.6528717976495,27.5585325716411,27.380350305372,27.8810324117487,27.3019441171166,27.2228960343789,29.0269105234396,30.8269666013496,31.9497713135678,31.9999632200243,31.9700064067582,32.4615870458948,32.4799618801121,32.2976270935605,32.7860360389444,31.87356649857,31.201798978726,33.5902468294948,32.8272496037008,32.6274423574144,31.9108128630746,30.0680901427105,28.9523603875649,29.5701629227734,31.2166743114871,30.8638808337953,30.9566910185861,31.1203922487429,31.9685364988676,31.5444319332897,31.9233516835098,31.9367914654501,31.9165481632461,31.0830235055562,31.3162231233458,36.2968987863212,33.3838032320469,30.4582411933063,30.940247292955,31.3033112893047,31.2215186361611,31.4548028808019,31.352409676524,31.4105614695186,31.4424693803994,31.494307405206,31.494307405206
"chile","chl",NA,NA,NA,NA,NA,NA,NA,NA,NA,NA,NA,NA,NA,NA,NA,NA,NA,NA,NA,NA,NA,NA,NA,NA,NA,NA,NA,NA,NA,NA,NA,NA,NA,NA,20.9911183147496,21.2487337771257,20.9325527647809,21.2175702209342,20.6211230987409,19.4510469574933,20.6348767974971,20.5815271967447,21.9053989683219,23.6924314275178,22.8700138315666,23.1812629261116,23.2015505515068,22.2183003909081,20.8158228465693,20.2490870909801,18.7301623810811,19.3066055144241,21.7911097847338,24.9756931261559,23.4664749427329,22.886089418335,23.0894466151026,23.113202216443,23.8526112780591,25.0279488703658,25.3666531469714,25.4926205799445,25.6156624322686,26.497145741445,29.0883390991244,33.615343641192,26.7248911489302,27.3966314226656,26.7274166526227,26.3686036711454,26.0614496601285,26.2783500332033,26.0216204283356,25.9916289759313,25.8354877170401,25.9284153438801
"china, people's republic of","chn",NA,NA,NA,NA,NA,NA,NA,NA,NA,NA,NA,NA,NA,NA,NA,NA,NA,NA,NA,NA,NA,NA,NA,NA,NA,NA,24.230664808035,24.6472959386285,23.4070906068546,22.4563718203841,22.303122257588,20.3989936532408,18.1537215982233,18.5624453292959,18.1718528538431,16.5332872095241,14.6492752834254,13.4322673698834,12.3675849908069,11.0763167463121,10.9890117496888,11.5079870532092,12.5955821714478,14.850379084996,16.0708381918859,17.2111469013985,18.2061140666117,17.9678448317995,17.6046938703245,17.9881122737861,18.0560839932764,17.866816059132,22.1571580418802,25.2223503024832,24.6644951587346,26.6472830026159,27.6938308171961,28.1035182511858,28.4117666297059,31.011612756445,31.6920432864559,32.0140268915726,32.6422205971778,33.6093279895064,34.8383080819105,31.9108546583495,32.6414894031349,32.733664086142,32.9380887379957,32.8786278986988,32.8184104916066,33.2198683879455,33.2242770464695,33.1348898495346,33.1641034277395,33.2016243465692
"côte d'ivoire","civ",NA,NA,NA,NA,NA,NA,NA,NA,NA,NA,NA,NA,NA,NA,NA,NA,NA,NA,NA,NA,NA,NA,NA,NA,NA,NA,NA,NA,NA,NA,NA,NA,NA,NA,NA,NA,NA,NA,NA,NA,NA,15.1721676537719,14.564912981799,13.6679596125452,12.8773648742134,11.4389753317696,13.0978868173549,12.6747302083752,13.5081076386184,13.5965759199582,14.4612965015707,14.8422883800285,14.5894008621173,14.3858272460316,14.4653634294306,13.1969995031773,16.1417704246405,15.8572311271046,15.213547547772,16.5025966020323,17.5808321974314,18.1090888581925,17.5606283064869,17.1979384473074,20.3695142242796,20.4545897937551,21.8502745526848,20.9796835142014,20.3654929205595,20.1854789750939,20.6199760906645,21.0528379416379,21.4867106013281,21.9903147586578,22.3046894287809,22.4843722828672
"cameroon","cmr",NA,NA,NA,NA,NA,NA,NA,NA,NA,NA,NA,NA,NA,NA,NA,NA,NA,NA,NA,NA,NA,NA,NA,NA,NA,NA,NA,NA,NA,NA,NA,NA,NA,NA,NA,NA,NA,NA,NA,NA,NA,NA,NA,NA,14.4133027063182,14.3848888164156,14.0498999922704,10.6326007564134,10.7136493552272,11.4236996049187,12.014578501271,13.5358558256557,15.9346091334682,14.7141953383697,14.8168225453127,17.1260354830456,16.9645993187489,19.19222479161,19.5248745001471,17.9326527571171,20.0890672516187,18.1848983808636,17.8369085867898,19.0670504406701,16.8275403093652,17.0468601146591,17.0806542313074,17.2652453425113,17.0616658944208,16.2587026680066,16.6573151831744,16.5573973244818,16.629483988782,16.8645370397003,17.1448750665273,17.4455888593758
"congo, democratic republic of the","cod",NA,NA,NA,NA,NA,NA,NA,NA,NA,NA,NA,NA,NA,NA,NA,NA,NA,NA,NA,NA,NA,NA,NA,NA,NA,NA,NA,NA,NA,NA,NA,NA,NA,NA,NA,NA,NA,NA,NA,NA,2.17325729322806,2.51207383659209,2.78476403941075,2.14737849765416,2.48942208637347,4.15643221434906,4.16848870004381,8.86689783860885,7.18436413075306,7.50402807147238,7.34703833597346,7.98343836201449,9.93619994837236,12.2642831041162,15.2056800491669,13.4544983066115,13.1925069945133,11.7244972428883,13.5439815056334,15.8907462487545,14.3074683380474,11.1673212971027,12.2212776466827,15.1542779594044,13.4478496460228,13.4574807335638,17.0982715521972,15.8985755295277,16.4648131261916,17.1862972264184,18.0456835044575,17.3875729728855,16.6974754700838,16.5213933858977,16.2386898663054,16.024010365328
"congo, republic of","cog",NA,NA,NA,NA,NA,NA,NA,NA,NA,NA,NA,NA,NA,NA,NA,NA,NA,NA,NA,NA,NA,NA,NA,NA,NA,NA,NA,NA,NA,NA,NA,NA,NA,20.2894452410846,30.4370863113319,34.0803620777446,32.7664695336809,32.843843278617,30.707920829643,27.5805113801225,15.7190296384937,22.1970399561544,25.0675574012807,28.7523909331407,22.6448223723848,29.0783986234283,32.135115355037,27.0129470394552,24.3891642730149,22.1249995365444,26.6304323340318,28.5816678553026,24.1658735637781,24.4331291376508,22.9973461253116,27.8727687791395,30.6567421386502,42.3916318067234,48.5623329919328,41.2881824472978,38.806617789911,26.5996893622476,17.7865900176583,20.1527629445006,21.1084714962467,20.9351169448824,22.836446894621,20.6749841965569,21.6513240937157,23.9242738369493,24.749988779264,22.1687667408564,20.9405980411391,20.0696503907648,19.595986144387,19.3925455677502
"colombia","col",NA,NA,NA,NA,NA,NA,NA,NA,NA,NA,NA,NA,NA,NA,NA,NA,NA,NA,NA,NA,NA,NA,NA,NA,NA,NA,15.0545073582222,15.0671807289369,15.312020699279,14.6958723480202,14.171421036044,14.7204618086534,14.5513172731056,17.7111581418731,17.4479914890677,17.6912822835057,18.4081489623414,20.0027826585604,20.5721723502565,22.1960527905794,25.0687287846991,26.1762842655165,26.3408718223377,28.2591334619491,26.5790076568009,27.5066746479629,28.0739434428544,28.0142118817793,26.6314370723361,25.8893311532684,28.4411636517505,28.1622332385365,28.4288524673514,30.9142170198304,30.35016994255,30.2333174917224,29.092553692263,29.9983618714499,31.2612038833854,31.2773505503654,29.9936228500302,29.32049070962,34.6578943359318,32.8788305651772,33.7130553459025,34.4744100041519,34.0852841458714,35.091225521078,34.3643696254634,33.1742444863538,33.0012957569343,32.5942239014946,31.9057130469921,31.7934909940461,31.8623866976365,31.9301472391331
"comoros, union of the","com",NA,NA,NA,NA,NA,NA,NA,NA,NA,NA,NA,NA,NA,NA,NA,NA,NA,NA,NA,NA,NA,NA,NA,NA,NA,NA,NA,NA,23.3016932892233,24.7654712414831,25.5718040225152,22.4209708050713,20.1988827117182,19.6662646891632,20.2543984261307,19.9336857814545,20.3532377281782,16.2720998759393,21.7801396436602,18.3774987938123,15.5087906873959,14.5292345758075,13.0650835453832,11.4521994609377,9.74039573179924,12.9878450201642,14.2566231393582,12.7598858940003,11.7134944586781,12.8095661667725,12.4546574484619,13.0637753876444,15.1289486130835,13.6619991481941,13.2671621079631,13.2171609674839,14.8599319387178,14.8266400413847,14.5278119659965,19.058948118574,18.9059305650928,18.8494827192819,19.1675400335558,20.1393261251253,18.7670635641372,19.9543760562755,18.4340577080661,17.8517635568651,19.1375304955374,19.5434154562345,18.7538283868802,18.6429160044151,18.7444833158163,18.979415114396,19.1186160609635,19.1984501670998
"cabo verde","cpv",NA,NA,NA,NA,NA,NA,NA,NA,NA,NA,NA,NA,NA,NA,NA,NA,NA,NA,NA,NA,NA,NA,NA,NA,NA,NA,NA,NA,NA,NA,NA,NA,NA,NA,NA,NA,NA,NA,48.0555420366037,44.5087874824448,38.923660969424,34.7929812022137,29.8463106795717,34.9585768381753,36.6892687037786,24.1557036234769,28.5305383120142,23.4081033441403,26.2731518253221,26.2252354099346,28.4004336474747,27.060416491515,27.6006099555687,30.62889033039,35.7078446789595,30.3421260750119,31.580967443697,30.8668427750369,27.7689340933998,28.6969393775996,26.6476124227995,27.9831843946673,27.5389345695399,27.5066090383237,34.5410936170058,30.7933007759894,26.5995257093331,25.7014512580509,26.0949597625823,27.0456879501886,27.4588244387612,26.8294377231882,26.8335032182104,26.9477438160768,27.0869110515814,26.9879945969681
"costa rica","cri",NA,NA,NA,NA,NA,NA,NA,NA,NA,NA,NA,NA,NA,NA,NA,NA,NA,NA,NA,NA,NA,NA,NA,NA,NA,NA,NA,NA,NA,NA,NA,NA,NA,NA,18.8731764681274,14.0047541536418,13.7454240445434,13.8169103569521,17.4218438228655,16.4022966143835,17.2872365704152,16.2558678189595,16.0266194440846,16.7120852330335,16.8700698177443,17.2800350625034,18.55066462421,17.5671656627339,17.0062261955354,15.8886176298918,15.1503217373368,14.5954317401331,15.1799056396723,16.6589961236673,18.042294784105,17.1798401391343,17.3431789121537,18.5194421502666,18.4000823677092,18.7590658704574,18.7558412408306,19.1567538255614,18.8506057999364,21.5739690488781,22.146140595302,20.5741043022102,18.7131228160938,18.2989539000866,18.6033387414925,17.7687931301252,17.8682871856256,17.6165213029552,17.1216698279469,16.6276379515444,16.1268196347306,15.6426526535362
"cyprus","cyp",NA,NA,NA,NA,NA,NA,NA,NA,NA,NA,NA,NA,NA,NA,NA,NA,NA,NA,NA,NA,NA,NA,NA,NA,NA,NA,NA,NA,NA,NA,NA,NA,NA,NA,NA,NA,NA,NA,NA,30.4155867835328,32.444388746162,34.2154919148733,34.3811741851455,34.3205055746802,34.9702689948089,35.7154744282599,37.4219078891976,40.385977750617,38.6377414046939,39.6888472099472,39.126875,37.5638865888131,38.2182592914069,41.8887948852501,41.6959986845553,42.0750222830986,41.8934723062876,42.0977361921022,52.0591667238657,43.0123886111715,39.6308977211169,38.4351430653197,44.2534322581828,40.2538353061835,45.9376955394655,42.7210704216577,37.7489408208975,40.641694744922,38.28289248521,40.405544925182,40.1227445684071,39.2088549909902,39.1903575881364,39.1540766315038,39.3625186452662,39.3780888485873
"czech republic","cze",NA,NA,NA,NA,NA,NA,NA,NA,NA,NA,NA,NA,NA,NA,NA,NA,NA,NA,NA,NA,NA,NA,NA,NA,NA,NA,NA,NA,NA,NA,NA,NA,NA,NA,NA,NA,NA,NA,NA,52.8262474721493,41.4266667246202,41.3348210750178,41.6309493730416,40.884850756966,40.5931574780181,43.1018369531412,44.4355373667112,48.9503553759234,42.2065777418512,42.3325213099131,41.4678895444291,40.469306225722,40.9221996233372,44.4563623667946,43.1963732769445,42.8393142963186,44.3681092544507,42.3821381138116,42.3083327489709,41.6970114662821,39.3744412072607,38.4673811973099,40.1153773175038,40.3724891825578,46.2526753001466,45.0244659153693,42.9889507213748,43.6892392673038,42.8581569137761,43.4746188681387,43.3368316720418,43.0616842492438,43.5933345990062,43.8417328979253,43.9995733957581,44.0346863725787
"germany","deu",NA,NA,NA,NA,NA,NA,NA,NA,NA,NA,NA,NA,NA,NA,NA,NA,NA,NA,NA,NA,NA,NA,NA,NA,NA,NA,NA,NA,NA,NA,NA,NA,NA,NA,NA,46.5379081558925,47.3526367193211,48.321440358724,48.3137289039292,55.2403509602985,49.5567677438088,48.7530373427953,48.2909148449051,48.4867901638713,48.0567320605167,47.6526852286236,48.2440090673575,48.5137517237071,46.9717056832851,46.8671072489691,45.3088394101015,43.539858863513,44.4247049372799,48.3092819881554,48.1293255737479,45.28954352345,45.1011331485239,45.1634059892272,44.5081371231743,44.4858974483565,44.7312070255163,44.539544149458,44.6509785878399,45.5325843586032,51.1135067464181,50.6693841416056,48.6091357325305,48.1460949776148,49.4278546628875,50.5455590828451,51.668369376945,52.0731153043492,51.8531971528574,51.9216878580703,51.8131796903758,51.6424387138183
"djibouti","dji",NA,NA,NA,NA,NA,NA,NA,NA,NA,NA,NA,NA,NA,NA,NA,NA,NA,NA,NA,NA,NA,NA,NA,NA,NA,NA,NA,NA,NA,NA,NA,NA,NA,NA,30.1880655285305,27.6822951646183,34.8651411127104,35.3089253379208,30.9193248218668,26.9968955703279,23.6640111044396,24.9930727714818,24.0078970205224,23.5221791097043,23.2055441759825,20.9577995164304,23.393355927785,25.8451950860524,26.6956219031257,26.2120491786913,23.8498660752535,26.5708397641913,28.8262597285859,31.0040660402799,26.6296046549239,25.27800455455,26.4766669162684,26.8136468119851,28.9854536923482,41.9631584542551,25.8731271460499,23.8654716413989,25.9181508551228,24.9112052441118,25.7953488781272,23.124816646954,20.9631584410507,21.6150750648308,21.3132063291498,19.5433483626942,19.5356052384243,19.1023539813491,18.6440620831658,18.3371052122201,18.1506431794728,17.9808194656992
"dominica","dma",NA,NA,NA,NA,NA,NA,NA,NA,NA,NA,NA,NA,NA,NA,NA,NA,NA,NA,NA,NA,NA,NA,NA,NA,NA,NA,NA,NA,NA,NA,NA,NA,NA,NA,31.480320754571,28.9557486301515,27.3692934752809,25.1754363282273,27.1885512282201,28.7532633296785,28.4575429819884,28.1501614209808,33.0416428875542,35.2013370555144,38.5179444162409,29.6201016476024,28.6113946935829,30.1065680760043,30.2491870633822,30.9572902232369,29.6911750449555,34.063966962834,34.7405678424838,35.9087096532303,39.4272554298053,35.2169580736672,36.1720491294745,33.4420445087546,32.7073434081985,32.3931033307801,48.0348663847513,53.9797971267129,63.4315496529183,48.280940716275,66.7598170181081,66.9940820198499,69.6934733774848,64.8307967824077,67.4015201386983,55.4105744367632,47.5848937384999,42.5400327867462,42.2192534729057,41.712343765824,41.1432427367321,41.2534697436946
"denmark","dnk",NA,NA,NA,NA,NA,NA,NA,NA,NA,NA,NA,NA,NA,NA,NA,NA,NA,NA,NA,NA,NA,NA,NA,49.825970259681,52.7180926369069,56.0268978812437,57.1167194319328,57.2487579953202,55.6686201472573,54.7339710171208,51.777107330691,53.2679384130886,55.2378050270071,55.3377245975757,55.0577232208096,55.4870494198944,56.4272269045902,59.4675828385883,59.4898263547394,58.7452056593498,58.2039043478021,56.177518609511,55.6015011584367,54.6665538526004,52.8692298468382,52.9970989822026,53.0978122254655,53.5013374865261,52.78974136138,51.0550104743223,49.7108427157643,49.4550651007605,50.2828336522591,56.3288870386752,56.5152110214816,56.2901264354634,57.9056472002781,55.5801537129383,55.1016986641162,54.4181230870168,52.3516538735516,50.601368567343,50.75434290956,49.8073698243256,53.3396086117451,49.7056312322286,45.0890271227914,47.3981601409791,47.3294411314718,47.648374946008,48.890221173824,49.9546988394574,50.1586062163322,50.389421132794,50.6174501969118,50.6885863256265
"dominican republic","dom",NA,NA,NA,NA,NA,NA,NA,NA,NA,NA,NA,NA,NA,NA,NA,NA,NA,NA,NA,NA,NA,NA,NA,NA,NA,NA,NA,NA,NA,NA,NA,NA,NA,NA,NA,NA,NA,NA,NA,NA,NA,13.1723038867419,12.596423412085,13.4015951255213,14.0926767952022,14.8915586930383,16.4750564132222,17.2239861632422,17.3326473930266,15.500649892772,16.9500633254034,16.3207323634556,18.4917417336281,16.1564621070512,16.0671266735908,15.9876741755168,19.8241125007051,18.5146846513631,17.0418578674102,16.7277066126416,17.0085307252344,17.2643405269328,16.4595050519605,17.8202904145729,22.1766300500603,18.4191608659917,18.5223569861809,19.1259833117777,19.4654161500334,19.3161422887745,19.4193964314409,19.0402281849198,18.7196522096915,18.4473063886257,18.084980377386,17.8255163548463
"algeria","dza",NA,NA,NA,NA,NA,NA,NA,NA,NA,NA,NA,NA,NA,NA,NA,NA,NA,NA,NA,NA,NA,NA,NA,NA,NA,NA,NA,NA,NA,NA,NA,NA,NA,NA,23.2747591613554,27.5880517165624,28.2097128072384,32.5811258470769,30.9463982034041,28.9105854297874,26.8860217443256,28.5201856252282,28.7329785305558,29.4256888832545,26.3521744127472,29.0894359521206,32.4936756893499,27.0255547674251,27.0815772369139,27.8433106862446,27.8384035170223,33.108108997788,37.3061386848444,40.1139525115147,35.0895399190425,37.720524192966,40.0312460786256,33.4663391299507,36.9472775844101,40.9178016343535,37.1793269178035,36.248541642859,36.2497848138179,37.0990527151919,37.5055999093681,32.5460619214902,32.6879669821536,37.3918589751127,36.7861005261952,36.1606050508317,33.8051567942153,32.6077844368354,31.7805842835951,31.4293284146681,31.4076739980799,31.506331981327
"ecuador","ecu",NA,NA,NA,NA,NA,NA,NA,NA,NA,NA,NA,NA,NA,NA,NA,NA,NA,NA,NA,NA,NA,NA,NA,NA,NA,NA,NA,NA,NA,NA,NA,NA,NA,NA,NA,NA,NA,NA,NA,21.9521586396263,22.7353875631607,21.9631803847959,21.5315542746908,24.1285545688978,24.2594634578155,21.3907023720858,22.7735042910946,21.2708413046996,21.2903851838306,22.0451828271684,21.7286106160242,24.6855887471497,35.5925189771565,34.2963143616037,35.3955707813095,39.6145928741268,43.1686909446373,46.730264839858,45.9335347909742,44.0880565536728,44.1281347329685,40.4859493001398,40.9246753268799,39.7531527203892,40.2004155645778,37.4570237400642,38.8527243150221,39.5693654487126,38.3406598892432,38.3864618411189,NA,NA,NA,NA,NA,NA
"egypt, arab republic of","egy",NA,NA,NA,NA,NA,NA,NA,NA,NA,NA,NA,NA,NA,NA,NA,NA,NA,NA,NA,NA,NA,NA,NA,NA,NA,NA,NA,NA,NA,NA,NA,NA,NA,NA,NA,NA,NA,NA,NA,NA,NA,NA,NA,26.251374261397,25.9924266281702,27.8620374312029,30.923636129602,30.638057521321,30.1182817773856,30.3099348073413,34.5404402950762,31.2608637544975,32.6885568333572,32.5261374072681,31.3577097936578,30.548504956356,29.1909518964445,32.8863569057953,33.8915761293247,31.2654248721392,30.9681902301058,30.5529336141579,28.6308302258797,26.8975518227305,25.6953905665897,25.5431976107217,24.9424022951865,22.7413864408449,22.9340669387027,22.6698830522212,28.7639814561197,26.7011716267494,24.7527263172239,21.8669429978322,20.933395151453,20.2737587823862
"eritrea, the state of","eri",NA,NA,NA,NA,NA,NA,NA,NA,NA,NA,NA,NA,NA,NA,NA,NA,NA,NA,NA,NA,NA,NA,NA,NA,NA,NA,NA,NA,NA,NA,NA,NA,NA,NA,NA,NA,32.6571785343943,67.2211398488491,50.3543542780299,81.1958002681223,68.645305626855,60.1479908292484,87.9921778165182,106.061886070898,84.7491929058644,59.531693199875,60.0696316447775,58.1446960878947,57.0529873753022,76.5701661725946,50.4726184541975,51.198358648659,69.3923969435516,44.9357194290422,42.4442448787174,32.2505601738301,33.3220845400291,32.7287169007258,21.598362578515,31.081125602803,30.9355437736268,42.4914965249126,26.3573079610588,31.2560870848342,NA,NA,NA,NA,NA,NA,NA,NA,NA,NA,NA,NA
"spain","esp",NA,NA,NA,NA,NA,NA,NA,NA,NA,NA,NA,NA,NA,NA,NA,NA,NA,NA,NA,NA,NA,NA,NA,NA,30.195739113131,31.3317075262837,34.8587972681229,35.9076004554792,36.7011272349721,39.7917679293096,39.5743380541409,38.5301241164639,38.7086964569208,40.1075697534697,41.0781808639509,42.6089965245491,43.8620837901718,46.2729076449331,44.8296223051002,44.1314564191032,42.871605453363,41.4946114522777,40.9783659341312,39.9587058708895,39.1237072806141,38.415140422108,38.6274515034465,38.3552411101269,38.7895481589054,38.4493633380094,38.3916630844916,39.1821749706044,41.3349310339868,46.0726567815171,45.8448026960159,45.9418540456072,49.2383905232228,46.1623435629239,45.0563983410158,43.6828036117714,42.1390833390474,41.047448599345,41.522227611534,42.0074817940353,51.4314381507845,49.4927452945185,46.3067180380605,45.4161244684566,45.4737099596696,44.6972887900915,45.294936735561,45.4144261276612,44.9925477107082,45.2668789232848,45.4220705983134,45.5188586362448
"estonia, republic of","est",NA,NA,NA,NA,NA,NA,NA,NA,NA,NA,NA,NA,NA,NA,NA,NA,NA,NA,NA,NA,NA,NA,NA,NA,NA,NA,NA,NA,NA,NA,NA,NA,NA,NA,NA,NA,NA,NA,NA,39.5272303640086,38.63643971632,35.8053506329966,38.9031585194662,40.6552102480481,36.3663467084924,35.284412184265,35.8651784185276,35.0485667770319,34.0810788149233,33.7121929936671,33.4945575765078,33.8437132670331,39.5495014116441,46.0971630011307,40.6966332378223,37.6218651929953,39.3916808945427,38.306694643857,37.5535585041035,39.2563094661863,38.9040315544307,38.8573346169806,38.8218233423404,39.1204570375308,44.7391318081444,42.0973182154756,40.1218370989393,43.4926011813288,43.6160134511986,45.2486138577345,47.2815039452865,46.5991474627474,46.2331940519752,45.8353167482692,45.6058869050941,45.4725090881951
"ethiopia, the federal democratic republic of","eth",NA,NA,NA,NA,NA,NA,NA,NA,NA,NA,NA,NA,NA,NA,NA,NA,NA,NA,NA,NA,NA,NA,NA,NA,13.4964053027587,14.1828810236357,16.4074162659007,21.2506531881114,18.8237992996758,19.6978721855905,19.8480268610633,18.3808469473648,21.5699942916883,24.0166112641698,20.8587237385363,17.3210366616867,14.2353493237553,13.7734960011528,17.625160898843,17.3894974207892,18.7893494702955,17.9403103025201,21.1296313877362,26.8088385681651,25.5982945902118,22.4380672529331,24.8695455810936,27.041481136762,23.1490736148418,22.8900292762351,22.0670161652371,20.5214242174776,18.7560307176755,17.1127750880759,18.4832355960906,18.2281301934926,16.6482406188948,17.7557889108043,17.4837068354727,17.3257346535657,17.9129687283734,17.9867197877769,16.0993592575845,15.3527687208683,14.4692551600634,13.7987401977605,12.6975383253094,10.8204602350513,9.53786455843138,12.0463676221765,13.0667930937152,12.4831047854525,13.4615364338192,13.5825080491329,13.7542617865701,13.743450851869
"finland","fin",NA,NA,NA,NA,NA,NA,NA,NA,NA,NA,NA,NA,NA,NA,NA,NA,NA,NA,NA,NA,NA,NA,NA,43.8696352021802,43.8642522158892,44.5417496041201,46.4290608484229,48.1966783306181,47.5185752417173,49.3987102009684,50.0380410790357,50.9758502636866,49.5462767408066,46.8009119597571,47.0839341647717,55.7621246175846,60.8121974621344,63.6600076714548,62.2071426299217,60.0320962073659,58.4896594330094,54.9131486764653,51.3372802683694,49.9251308240338,46.9285703811242,46.2295920836993,47.4562112638103,48.2849308567436,48.1904485923611,49.1916971323771,48.2717327795165,46.6804591064851,47.874678898138,54.0913968140424,54.0178690066809,53.832182337912,55.6972322310832,57.1064929704123,57.6250273250589,55.7433203927837,55.1036775033957,52.8495011259156,52.6659623552748,52.5993845328235,56.4527660150516,55.153880786609,52.6368196591955,55.9506236149521,57.7561749754523,57.5645400161147,58.651574020205,57.9956556390423,57.5834682343203,57.5710393427623,57.4212194316735,57.4538332721351
"fiji, republic of","fji",NA,NA,NA,NA,NA,NA,NA,NA,NA,NA,NA,NA,NA,NA,NA,NA,NA,NA,NA,NA,NA,NA,NA,NA,NA,NA,NA,NA,NA,NA,NA,NA,NA,NA,NA,NA,27.105048349788,26.6957363708645,24.8558105468524,23.5080915414744,27.2132436961129,29.2400360603399,27.7165283563321,24.598660713419,24.1733398521962,26.9892376468454,28.119551084574,26.7366528732155,24.6943552122712,24.0345990864751,25.3960426957012,23.5070890918489,22.8345288955832,26.1950249109879,25.5479159995589,26.5039212866095,26.0167126912996,25.9090404656355,30.1890837279353,30.643879544192,32.0817460513786,28.1297372270146,32.4937026718199,30.7203672464037,32.6944993732572,35.7574845186288,33.9116145456792,30.2014007395754,30.8113345757888,31.524555771408,34.5959175457605,32.9027113092928,31.7992427963434,30.7497888659941,30.2829487988153,29.769414783764
"france","fra",NA,NA,NA,NA,NA,NA,NA,NA,NA,NA,NA,NA,NA,NA,NA,NA,NA,NA,NA,NA,NA,NA,NA,NA,46.856169649722,49.4690020011492,50.8218371655811,52.6016999898903,53.5809761801968,54.1767889613292,53.410457009782,52.7929235568835,52.0190471417849,50.885644827907,51.610431284274,52.7228113661109,54.0100476344188,56.5366540980703,55.8842586277452,56.0470323825467,56.0156025707032,55.5646448817487,53.9768464805492,53.6573897536319,52.6223993343816,52.8210782375458,53.9240843169679,54.3606566673632,54.0000990502963,54.2607238849339,53.7480342856338,53.6308824713243,54.2814070351759,57.9954954954955,57.7182721090139,57.0087108495491,57.8895525375583,58.5893285643139,58.3916390750385,57.5951143861957,57.3792050341,57.6650938765037,56.3692305602151,55.3447958993622,61.6967091062496,59.4632913653432,58.4288527831795,56.8333389277455,57.258107856927,57.4627333760637,57.3635173759265,57.4024805235662,57.0628221586384,56.7761455662152,56.4339096732909,56.0833977605338
"micronesia, federated states of","fsm",NA,NA,NA,NA,NA,NA,NA,NA,NA,NA,NA,NA,NA,NA,NA,NA,NA,NA,NA,NA,NA,NA,NA,NA,NA,NA,NA,NA,NA,NA,NA,NA,NA,NA,NA,NA,NA,NA,NA,77.2380475296768,71.4364231153975,64.3189466344473,72.3638167339165,72.9583570696397,67.4046670015416,64.1870292648234,59.5525809697007,67.5287616985259,71.9113550871707,60.2126394413892,61.1712667201731,60.1412687709531,59.8015431905215,64.4229055787107,68.5152817377021,65.9314215645707,65.8679838616813,60.2908683525137,54.9874846583364,56.5200896114998,62.8826694482465,65.163858669723,56.8322571139209,57.4691947479058,60.8057323595178,66.7371595459911,59.3648963485125,63.1717717768086,59.7806495053672,60.228762114793,61.9780049149228,66.9021785186816,69.9196674657633,70.0149189939152,65.7275560943837,63.4088202560515
"world","g001",NA,NA,NA,NA,NA,NA,NA,NA,NA,NA,NA,NA,NA,NA,NA,NA,NA,NA,NA,NA,NA,NA,NA,NA,NA,NA,NA,NA,NA,NA,NA,NA,NA,NA,NA,38.3400712853296,39.6563131002965,38.7209892654603,38.2127441680369,38.3417546752834,36.8979370525629,35.565971842427,37.0237775233256,35.9297613960669,34.81666121998,34.440138990745,35.2253985984866,35.7442221368726,35.1789861495638,34.8193163968346,34.3183361778845,34.328779991273,35.883156617408,38.9486309229519,37.3694019069591,36.6314642686509,36.2518686234738,35.8265643292273,35.4760556864615,35.2500039849137,35.2270778016002,34.849160381076,34.9294459375424,35.2534339064819,40.7899438267948,38.395621825914,35.9978445462731,36.4506685330005,36.7204425669784,36.9359314222416,37.1274998187832,37.0258814456668,36.8516809840192,36.6541450806559,36.6301694260305,36.5571968898057
"advanced economies","g110",NA,NA,NA,NA,NA,NA,NA,NA,NA,NA,NA,NA,NA,NA,NA,NA,NA,NA,NA,NA,NA,NA,NA,NA,NA,NA,NA,NA,NA,NA,NA,NA,NA,NA,NA,41.2861891729529,42.4540633823916,42.6485260650255,42.0297428990444,42.3768054925988,41.3046548482473,40.0969432299997,41.9728137818768,40.3746512794655,39.5838014014559,36.9547205628181,37.6304787986717,38.3632968992685,37.99708024338,37.866606336652,37.49192344521,37.7731578334539,39.6182370408591,43.3593772435323,42.131962290171,41.3287394402781,40.7034652476882,40.1047484154573,39.4932318649188,38.5665029441008,38.4352623739185,38.1041998257613,38.1576617560492,38.4456234755409,46.0755424295196,44.0134289122483,40.0624646824932,40.266119296653,40.4786013080422,40.7011308738884,41.1191931755179,41.0257447954422,40.9714978674723,40.9008307625056,41.0092046794698,41.0210957686974
"g7","g119",NA,NA,NA,NA,NA,NA,NA,NA,NA,NA,NA,NA,NA,NA,NA,NA,NA,NA,NA,NA,NA,NA,NA,NA,NA,NA,NA,NA,NA,NA,NA,NA,NA,NA,NA,40.654578253948,41.7897237036203,42.0152522684623,41.5887132240271,43.0543126020802,42.1872208961821,NA,NA,NA,NA,36.9387750824061,37.721793247934,38.4014530808793,38.0205867174872,38.1074253675375,37.82729962103,38.2524667834863,40.08534226017,44.0012864290972,42.8244723001944,42.0632208070273,41.2277423034667,40.5699711402234,39.9985511928487,39.1763195485512,39.1705807695598,39.0031528281146,39.0264343572935,39.2046683855118,47.5741414112876,45.7126588749942,41.0651961491551,41.2478967969753,41.3970344561054,41.5136088092722,41.9128396981978,41.9114180827736,41.8842537216072,41.7803316343333,41.9145334857535,41.9228212287805
"g20","g120",NA,NA,NA,NA,NA,NA,NA,NA,NA,NA,NA,NA,NA,NA,NA,NA,NA,NA,NA,NA,NA,NA,NA,NA,NA,NA,NA,NA,NA,NA,NA,NA,NA,NA,NA,38.5134383315291,39.3759354324605,38.3322906119287,38.0792863994945,38.3812263910014,37.1476883383601,NA,NA,36.4851103220702,35.4736353737177,34.6205416720833,35.2722909100234,35.786511292991,35.1883672964433,34.9970576873713,34.5746580817555,34.6411073822741,36.2332057958863,39.5136955938413,37.914164560462,37.2313921324224,36.7667276056811,36.274637223704,35.9995463223318,36.0326957307953,36.1088914993679,35.7725109392563,35.8265748280632,36.2280294782531,42.0799681123759,39.6103990091064,37.0808658515852,37.3644102855524,37.5270576851292,37.7225691408216,37.9061174679759,37.8822025495842,37.7618615551194,37.5686403219458,37.5747021113583,37.5186032531311
"euro area (ea)","g163",NA,NA,NA,NA,NA,NA,NA,NA,NA,NA,NA,NA,NA,NA,NA,NA,NA,NA,NA,NA,NA,NA,NA,NA,NA,NA,NA,NA,NA,NA,NA,NA,NA,NA,NA,49.9462258069205,51.1137784018159,52.5860307568962,51.4815843125217,53.0167002248865,50.5211018186694,49.2595731399027,48.4879531347271,48.0295143892287,47.2605044355778,47.2466297279573,47.57977319586,47.8897892319255,47.2979509815201,47.2095374156978,46.5165088879116,45.8307918160103,47.0882665974977,51.0750017098691,50.9701718519072,49.4957556339669,50.1596879093082,50.0737311849062,49.5279571555087,48.5231243625305,47.8527722550628,47.334128037311,46.9734861565478,46.9417039111,53.4839497289755,51.9343034705474,49.8132121379701,49.2904260187045,49.4002104973088,49.8060679599697,50.2116478855239,50.2075745712059,50.0014521115566,50.0843005510708,50.0476866829857,50.0013421654975
"gabon","gab",NA,NA,NA,NA,NA,NA,NA,NA,NA,NA,NA,NA,NA,NA,NA,NA,NA,NA,NA,NA,NA,NA,NA,NA,NA,NA,NA,NA,NA,NA,NA,NA,NA,NA,22.5926993354929,25.0836855642758,26.537463197172,26.8793959716858,23.909007063376,25.0737289694126,22.2280046455389,29.6968190812953,45.4971458037906,25.496917802118,20.2972715336993,27.8330934148911,25.7223483318577,21.249731213833,20.8740285615829,20.767639060502,21.1348336022878,19.3883743634124,18.9291007805094,22.5982830738381,23.0907204207279,22.0736037822032,23.9495803731127,34.6745687250426,23.7554840077804,22.253333985565,21.8477354493996,18.1137319895205,17.1301665211314,17.407290080071,19.7755984490643,17.2539085143905,19.6531938434612,21.4644286440712,24.7711128650355,28.6380600094174,29.5532139215467,30.4685626779643,31.1751165947222,29.6775423829113,30.3200154594124,30.9508519832606
"united kingdom","gbr",NA,NA,NA,NA,NA,NA,NA,NA,NA,NA,NA,NA,NA,NA,NA,NA,NA,NA,NA,NA,NA,NA,37.6346974075785,37.1220006697863,39.0408376802228,41.3402168301497,40.8130294706777,40.0565501562944,40.2146811477835,39.350832220096,38.2338943741747,36.3731828768774,34.1812061147329,33.6266106601578,34.8959919878391,35.7491893479759,37.6725434759779,37.6453605044084,37.3541382154495,37.4723512464894,35.5528459111064,34.6808006768634,34.2595362603261,33.7369724866178,33.7572266892598,34.4779243174087,35.8016517026801,37.0059611786754,37.85861809918,38.2530114042483,38.1865663563542,38.3831197328915,40.6140366754316,44.177683154793,44.475656299916,43.3104683088365,43.3347582749223,41.585581798832,40.8257096016887,40.0864930581489,39.2993158765036,38.8384729895071,38.4630581071019,38.3249865399357,49.3028728491284,44.9040148933202,43.245604620626,44.1954403880001,43.6821782123415,43.6440347365084,43.8559491374652,44.0574253394345,43.8432328624121,43.5606392271583,43.6107085546584,43.7163158184527
"georgia","geo",NA,NA,NA,NA,NA,NA,NA,NA,NA,NA,NA,NA,NA,NA,NA,NA,NA,NA,NA,NA,NA,NA,NA,NA,NA,NA,NA,NA,NA,NA,NA,NA,NA,NA,NA,NA,NA,NA,NA,15.6519175798523,18.4037230036042,21.4125599791394,18.7429772071976,19.6794998110503,16.917225160799,16.8219550522496,15.984807502283,16.0830651793969,18.85253261463,21.6080130656042,22.6569913373774,27.6505989994734,31.7737946508248,34.8350568579139,30.9626080613217,27.1317608180272,27.7335327093681,26.5973653281877,27.5146777552669,26.9922026702748,27.8155533958428,27.2096357001722,26.7224187072575,28.6713561785554,34.1067255278715,31.1888347945809,28.5070191096743,29.6830493383745,29.8898298346928,28.3741885464277,28.8974597886831,28.559678566601,28.4335528753631,28.2149034264546,28.1630151014722,28.1185116855539
"ghana","gha",NA,NA,NA,NA,NA,NA,NA,NA,NA,NA,NA,NA,NA,NA,NA,NA,NA,NA,NA,NA,NA,NA,NA,NA,7.50541803566443,5.74147683861487,4.72777188720515,3.48590777379585,4.64078019670003,6.07615508341993,7.29165877737397,7.32421305812433,7.23006334000476,7.24193721930507,6.59020333695532,7.08533230996072,9.20415347611087,12.0981259143111,12.7033353435192,12.9694887581636,12.4349878068873,11.9677264138373,11.7868938486662,11.1055523544495,11.9825496465442,13.7843511138814,10.6538110810431,12.1236340283243,13.7461252338921,12.8843397197037,14.3724242918726,16.8017864728769,16.6306168077966,16.5676880978921,18.9683294273144,19.4987299997883,22.0527134927912,21.564448014439,20.9663607365263,18.6233606679135,19.8905779741023,17.5821962352296,20.8952442150852,22.4905805908138,31.5108958604026,27.2142532962573,27.492522491609,18.5363851644936,22.0009632723532,17.026548101965,19.0461629965787,18.6302595277419,18.6693189545718,18.8262219835845,19.2297129249879,19.1740539446071
"guinea","gin",NA,NA,NA,NA,NA,NA,NA,NA,NA,NA,NA,NA,NA,NA,NA,NA,NA,NA,NA,NA,NA,NA,NA,NA,NA,NA,NA,NA,NA,NA,NA,NA,NA,NA,18.7171718847818,16.2916141147007,13.7963887207218,13.2961567723139,12.6282388606775,12.6931300713606,11.9791732868127,12.5925169130605,10.3130755585641,11.6186238582992,12.6231273200632,14.9245420520097,14.4072295684144,14.7399208033862,12.9808261159986,10.9896851642507,13.1642120765832,8.65633342834514,10.0745198676746,16.2253162986852,20.5099188400627,16.0267398618736,19.5554074823499,18.6226543302978,20.0636293075973,21.6816260903517,16.0726255568922,17.2691237956383,15.915776750608,14.8836558304215,17.0764583762331,15.1007566415056,15.6936506303422,18.2786490431371,20.5604935835698,25.150578558206,22.7722813676112,22.0571696493314,21.7244589059193,21.2153861536232,20.8521371892811,20.6367554315081
"gambia, the","gmb",NA,NA,NA,NA,NA,NA,NA,NA,NA,NA,NA,NA,NA,NA,NA,NA,NA,NA,NA,NA,NA,NA,NA,NA,NA,NA,NA,NA,NA,NA,NA,NA,NA,NA,NA,NA,NA,NA,NA,NA,NA,NA,NA,NA,9.53794590624516,9.68143518977829,8.59460840720874,9.30203375640743,12.3765841846282,12.9467814608908,14.0212256448104,11.1944212254366,11.5510748671707,14.353100808416,14.5548195588102,16.5442658117882,19.1191646669375,17.1791424882099,18.9824287085769,19.57830193689,19.3724540568648,23.6219404500908,19.0076196038965,23.9350798235246,25.3478366188218,21.4964516468017,24.6350672502611,23.9452403746277,25.3324601839678,27.1377185399392,25.4743631999128,24.0483701372489,23.5027541315512,23.2759362271528,23.0637734582481,22.6726347011758
"guinea-bissau","gnb",NA,NA,NA,NA,NA,NA,NA,NA,NA,NA,NA,NA,NA,NA,NA,NA,NA,NA,NA,NA,NA,NA,NA,NA,NA,NA,NA,NA,NA,NA,NA,NA,NA,NA,NA,9.18596614586285,10.1461001333571,13.1012919415194,18.4469846070451,8.13676044592564,8.92605745739895,12.7373277018056,8.7185547910847,12.1385423335139,23.5143641553697,19.0745267306169,14.0547375185365,17.032424489723,22.9725677416109,20.1666237196344,19.8074596912455,23.6893726350869,21.7546772759945,20.60730814217,18.5485979562106,17.3133911300116,12.9739272804898,12.4156900006926,22.9590523903538,21.5032089780355,20.515569193486,18.1081591150755,19.4762973009761,18.7967987664209,25.0343553056573,25.0039707459546,21.2754915447605,21.8914317605585,20.3587470230261,19.8714222553413,17.7197881700249,18.2253564667645,18.0704842951849,18.1382916423461,18.2396422377354,18.2911204038879
"equatorial guinea, republic of","gnq",NA,NA,NA,NA,NA,NA,NA,NA,NA,NA,NA,NA,NA,NA,NA,NA,NA,NA,NA,NA,NA,NA,NA,NA,248.537042409073,206.979348595027,221.296431599157,199.41129565774,158.032113825605,115.359629947218,118.985687565097,182.999634000732,227.946807760475,116.796735301879,212.931322544181,284.516471089515,594.769786905096,256.307410740552,509.844269637504,141.501386846271,22.9429141535764,14.7525950900392,35.0871270670611,18.6859893594804,22.6453218812356,13.4764899251473,11.2545255602985,11.768958737614,15.4878429007887,14.1218287528554,18.0929386482665,19.6889434225067,19.8926923882762,39.8471572181137,31.1789071581024,27.4925276058637,35.1996336821687,29.2735967651918,31.5979018307594,41.5707826388324,27.8184943120534,20.0696039500671,19.0534476344016,16.7993638972638,16.16560204757,12.7148738920949,14.7858875760022,19.2421544625002,18.4678881324712,20.6783073559736,19.2004296136905,19.327928415487,19.2012384615431,18.8257549927523,18.0839623290069,17.7545553117474
"greece","grc",NA,NA,NA,NA,NA,NA,NA,NA,NA,NA,NA,NA,NA,NA,NA,NA,NA,NA,NA,NA,24.3448214617482,23.6690100354369,23.2763078977728,24.2822949480955,24.5183288734623,28.0842291768899,28.7017494129774,30.2451884170016,31.9556818530201,34.2388357260218,33.7731848175684,34.0337011313809,33.8234190462887,34.7903283292841,38.5039258685068,35.1955040260212,36.9067887597163,38.6270712753757,36.9248841105407,46.6485487505612,46.1455474195865,45.0890881816514,46.7063959394217,47.9909534616222,48.1598282036292,47.4692194111858,47.1107089072971,47.8787565481114,48.8271365743241,46.6069802139306,45.8667776642811,47.7698283517124,51.5386490650318,54.8256975639567,53.083650691778,55.0750706474997,54.8711344642688,52.9818279202241,51.5005810129731,51.8541835245653,50.2924865060173,48.5360334390527,48.5699748139281,47.5993392563578,59.2923054633864,56.7185463156225,53.0910053538813,49.6140839980381,48.2486820762368,49.6595159448758,50.3307915728653,49.8783811107164,49.5938342068999,49.7490585985162,49.7449492455053,49.7350964643694
"grenada","grd",NA,NA,NA,NA,NA,NA,NA,NA,NA,NA,NA,NA,NA,NA,NA,NA,NA,NA,NA,NA,NA,NA,NA,NA,NA,NA,NA,NA,NA,NA,NA,NA,NA,NA,28.9730579194801,26.8308601687088,21.7954217068889,23.1303250487155,24.7490385543404,23.2422117830431,26.2514017927442,26.5697120624038,25.3002641327641,23.7416534119392,25.6089472409766,29.5656917164816,35.7461811900666,28.7068925583581,24.7243686403482,26.5649086433662,32.3637791893941,27.6635543386463,27.8983785574843,27.1568418895142,27.9808785694499,28.3224300595043,26.2172350491739,28.1154082945693,28.691467330013,25.2607167844884,23.5267971340239,22.5858742309705,22.0764849325119,21.6442229148671,32.6827713254249,31.2609168734291,32.0018770440989,28.6663655103937,38.3062272154297,39.1321007663491,36.8715209251821,31.2137672639961,30.9523484469535,30.7532791395555,30.3115155532994,30.2873744033943
"guatemala","gtm",NA,NA,NA,NA,NA,NA,NA,NA,NA,NA,NA,NA,NA,NA,NA,NA,NA,NA,NA,NA,NA,NA,NA,NA,NA,NA,NA,NA,NA,NA,NA,NA,NA,NA,NA,NA,NA,NA,NA,9.77494453326434,9.8520677467933,11.1862120600819,13.1590251685288,14.581603863902,13.5817127976138,13.7603897699047,13.1476183688703,14.367367456927,12.8642187618643,13.2447604904415,14.1672846711819,13.9058160355889,13.2604399924278,14.1002389716279,14.4678269733029,14.4878762150339,14.1509052464158,13.9940682773912,13.596038062088,12.5815951108403,12.565760246778,12.7775478336132,13.1873055653954,13.4410777280216,15.5849893318631,13.4691815388737,14.2669695595009,13.7319054181275,13.3770364022646,14.7370993832591,15.0228741210923,15.3218152388299,15.327275626537,15.2286048416518,15.2203984906343,15.1612884012868
"guyana","guy",NA,NA,NA,NA,NA,NA,NA,NA,NA,NA,NA,NA,NA,NA,NA,NA,NA,NA,NA,NA,NA,NA,NA,NA,NA,NA,NA,NA,NA,NA,NA,NA,NA,NA,NA,NA,NA,NA,NA,NA,NA,20.8817321357267,19.660753480772,17.6190682467956,22.87856664178,24.0194302201044,23.1104030292658,23.500601680374,23.6611565058936,28.373893408096,28.9992808048065,25.4767464964138,24.1390663904757,25.3622824072519,23.9225857088411,23.5135524315058,21.8461021306206,21.4099167876094,23.0979783903042,21.7401097422124,25.1826017483255,26.3041057694423,27.5542017100013,28.1264683966801,30.5444502939105,24.7809022486667,20.3862700388701,23.7007156384022,23.3460985500553,23.9145419453154,22.4415955338124,20.8208121580266,20.2103374871554,20.6913075837433,20.4919467033609,19.1408278177218
"advanced g20","gx148",NA,NA,NA,NA,NA,NA,NA,NA,NA,NA,NA,NA,NA,NA,NA,NA,NA,NA,NA,NA,NA,NA,NA,NA,NA,NA,NA,NA,NA,NA,NA,NA,NA,NA,NA,40.4134514002289,41.5669642287776,41.7947758351988,41.3553330094876,41.5539107949629,40.604045747689,NA,NA,NA,NA,36.419547883068,37.0709897166839,37.7573675529712,37.3903656287676,37.3804361027678,37.0846018586101,37.4469244712967,39.2925598395884,43.1057254882721,41.7792177153936,41.0151070192332,40.2503067717034,39.5946325756013,39.0392378465151,38.2795609217854,38.2658880417722,38.0603222556703,38.1047028379814,38.4640523098795,46.4888187339521,44.6824565790782,40.4023989731281,40.4655145714878,40.6435465173437,40.8622584143045,41.268075117807,41.2116629233443,41.1700725313402,41.062131333612,41.178406987325,41.1805785465072
"emerging g20","gx149",NA,NA,NA,NA,NA,NA,NA,NA,NA,NA,NA,NA,NA,NA,NA,NA,NA,NA,NA,NA,NA,NA,NA,NA,NA,NA,NA,NA,NA,NA,NA,NA,NA,NA,NA,NA,NA,19.2439010086925,19.25326806123,NA,NA,18.6982458958256,20.9861337726406,20.8776844989915,22.5094397589175,25.515299069422,25.9632880039773,25.856094783635,24.8977273913595,25.2464038522041,25.5229925320053,25.848317890379,27.8406288249769,29.9501685521,29.1103700809007,29.5252395483529,30.0670595923064,30.2903414966564,30.5805488308791,32.0180526659138,32.1656614089394,31.8544283972723,31.9814036938092,32.4883903407302,34.6026770274225,31.6135313814916,32.0157601637839,32.488854651256,32.6298819720247,32.7756336101562,32.6742034802625,32.7316866570851,32.6041800819539,32.4080401608403,32.3667336396502,32.3430024707273
"oil producers","gx161",NA,NA,NA,NA,NA,NA,NA,NA,NA,NA,NA,NA,NA,NA,NA,NA,NA,NA,NA,NA,NA,NA,NA,NA,NA,NA,NA,NA,NA,NA,NA,NA,NA,NA,32.5283008808867,37.2937645689758,43.3072744977091,42.7399204127836,39.9606070467988,36.0445117303598,33.0666204000531,32.1687796530882,32.8652387113573,32.5585508750937,30.1164020782072,32.0339129410173,33.790674451022,33.3602316655983,32.0105908692329,30.6205602391311,30.0492851953319,30.8070517629052,31.4178710022854,35.8146648107211,33.6247125845497,32.6127510494072,32.8855950503979,33.0177327041362,32.8715690054606,33.0175592049088,33.3896878726737,32.4356612752993,32.1163177423706,32.5711632340953,38.6678151408549,33.6201055660319,30.91299016092,33.0637961306368,34.8131136503199,35.6134142822447,34.991129923483,34.7335010248145,34.4697115312195,34.0479585588962,33.8632350434125,33.7796902931123
"emerging and middle-income latin america","gx206",NA,NA,NA,NA,NA,NA,NA,NA,NA,NA,NA,NA,NA,NA,NA,NA,NA,NA,NA,NA,NA,NA,NA,NA,NA,NA,NA,NA,NA,NA,NA,NA,NA,NA,NA,NA,NA,20.0195632121713,21.4682727516738,NA,NA,NA,NA,22.6273824086886,22.0563884146256,26.9882010642497,27.6208190740694,27.8469190499732,27.2310674968476,28.9158997581551,30.2483069881402,30.315093486804,32.0273677737118,33.1077859305987,32.677708766194,33.3576375729466,33.3437851508819,33.4177855757302,34.1158627371709,35.2521715376232,34.8156088920022,34.2572130949575,34.0236241167215,33.0560181058894,35.50511019623,32.6879359420246,33.8380422993101,34.4374574791359,34.2851009143948,34.6135775561054,34.7760790512589,34.0565194277122,33.5943917427002,33.528334399679,33.5195885797127,33.5205981422486
"low-income developing countries","gx229",NA,NA,NA,NA,NA,NA,NA,NA,NA,NA,NA,NA,NA,NA,NA,NA,NA,NA,NA,NA,NA,NA,NA,NA,NA,NA,NA,NA,NA,NA,NA,NA,NA,NA,14.5635936868821,14.0838309349213,15.5231638943834,17.9897623136661,14.1883836785469,12.3054209749629,10.7822017523975,11.7347203713324,12.7441081212996,14.6058740717883,15.3580517075647,17.0986047963614,14.7583156669779,15.67124320817,14.8111867769075,14.7970705670494,13.3649490435462,15.2595470353441,14.5353354325566,15.3151378574448,15.6143690362244,15.9483643364663,15.8190603177504,15.9318928884167,15.6653200761718,14.9862045129334,14.8737598230858,15.6287243607779,15.8586551661958,15.9941191488685,16.7210842455883,16.6768274721583,17.3909754816055,17.2464615936763,17.960508873661,18.1283279552282,19.134138216184,19.397246426288,19.5717856760026,19.6821019892808,19.7859569329723,19.8207199068109
"low-income developing asia","gx230",NA,NA,NA,NA,NA,NA,NA,NA,NA,NA,NA,NA,NA,NA,NA,NA,NA,NA,NA,NA,NA,NA,NA,NA,11.0446420929725,10.5825736836035,10.7862201425008,12.5086026830282,11.3843981151688,11.2059030760749,11.8205674656562,11.3866946599957,10.9935347220552,11.4868140034056,11.0495217212763,10.7293450279567,10.920800725222,12.0081306443793,11.7176027982584,11.5621414916023,11.2719587933392,11.4070750728575,11.9875694257938,11.1838856215563,12.1991778303383,13.2278999712731,12.5237019290403,12.0072626314251,11.6980987511428,12.0977582152525,11.9784016964801,12.0107854843607,13.5373620650893,13.7969799551217,13.8531864371066,14.5280757525861,16.0159224871467,17.0136763894415,16.8348748224499,15.7556362294467,15.1437784797788,15.4037293993851,15.9997026876604,16.5388480861067,16.6927515976343,15.9336635871216,15.8843550510275,15.6492132594484,15.4639686388944,14.7359232737743,15.6281171636369,17.2904183435431,18.2420144466456,18.486967669665,18.6458486545434,18.7041703665262
"low-income developing latin america","gx231",NA,NA,NA,NA,NA,NA,NA,NA,NA,NA,NA,NA,NA,NA,NA,NA,NA,NA,NA,NA,NA,NA,NA,NA,NA,NA,NA,NA,NA,NA,NA,NA,NA,NA,19.3828498405564,NA,NA,NA,NA,NA,NA,12.4170198837927,12.3856087227042,14.6728984211878,16.0116813990786,17.265889830595,18.2161342031899,19.9169704151034,18.9218953917528,18.3822837283859,19.1890844654394,19.3728785589112,20.387682629713,21.3503988475988,21.0364068723083,21.5530781102436,22.6163932775898,22.9728772689739,22.1265896772354,21.8166383845113,22.4263002537091,22.1670651827605,21.9517003573127,21.7395364919107,23.2283495301261,22.6425137734075,20.4426170681411,21.2491334133982,19.50480859416,18.8083541353778,18.4921723415988,17.8820671821629,18.174948205,18.4631622888854,18.6814650609527,18.8899274299959
"low-income developing sub-saharan africa","gx232",NA,NA,NA,NA,NA,NA,NA,NA,NA,NA,NA,NA,NA,NA,NA,NA,NA,NA,NA,NA,NA,NA,NA,NA,NA,NA,NA,NA,NA,NA,NA,NA,NA,NA,NA,14.3648807929252,16.0231794985114,NA,14.0650781575007,11.2790067332392,9.25950297107336,10.77355720797,11.9008261186036,14.1702950759887,15.3762780750495,18.0636555551883,14.6392731479731,16.0464765873832,14.5602428479059,14.2061397148557,12.3000459766001,14.725859009986,13.304912602172,14.2077384963416,14.8499290356295,15.2350150264358,14.6419385185317,14.6531007229599,14.4218871732756,13.6259428093108,13.7606573781772,14.7832894860157,14.7449989994795,14.6782190885098,15.7663527209503,16.0769527547269,16.6967550919774,16.648104543888,18.0605536871543,18.3807246558924,19.3516441735265,18.7789452238882,18.6283205512349,18.6754593253177,18.7596112587927,18.7791921522277
"low-income developing others","gx234",NA,NA,NA,NA,NA,NA,NA,NA,NA,NA,NA,NA,NA,NA,NA,NA,NA,NA,NA,NA,NA,NA,NA,NA,NA,NA,NA,NA,NA,NA,NA,NA,NA,NA,30.7936413560443,42.0168735591786,29.7670348187685,30.9893582399678,22.8530647133115,24.3732329175733,26.0177956277233,23.4580568273688,24.4789529849395,24.0013806424251,22.4379788520361,19.6646642098011,18.9432223113681,19.3180878877517,21.0740289527566,22.1888315339498,20.9765123887984,21.7600474160806,22.3706428669328,22.9308792003403,21.5500283241496,21.2285414689271,22.0024621455439,21.3819884782438,20.7941655391816,20.2816683703145,18.7699416158778,19.9856949380406,22.410852235648,23.1892937766387,22.2404403405237,21.6481668859691,26.2657489094954,24.1540732397713,23.5131201355085,24.4375176001956,26.1730212929809,27.5495290971725,27.4052001293155,27.4052921914698,27.4191481678863,27.3801598229599
"low-income oil producers","gx235",NA,NA,NA,NA,NA,NA,NA,NA,NA,NA,NA,NA,NA,NA,NA,NA,NA,NA,NA,NA,NA,NA,NA,NA,NA,NA,NA,NA,NA,NA,NA,NA,NA,NA,14.7017588060426,14.3189672367757,16.6650283521518,20.4662343425523,12.3972741283775,9.15332813083982,7.99495395136842,9.81930319541496,11.2581407911771,15.29099363267,17.6802671487534,22.2063647080439,14.4725584822927,16.9068621185284,13.3518046654309,12.8507297609436,9.3079226282041,13.3339672721412,10.802868566593,11.6703389517777,12.3932214055061,12.9838205307467,11.4055579248845,11.1040635101548,10.6485181570283,8.71334866827959,7.89931135001091,9.19099175839687,9.82179236080317,9.59022182881498,9.44839995059714,9.73699924904174,11.3943562118495,11.4403043057007,13.6892733379099,13.3918045880202,16.03860384541,14.5185447431112,13.6383135456008,13.5413029855713,13.5151200066334,13.3591528484831
"emerging market and middle-income economies","gx35",NA,NA,NA,NA,NA,NA,NA,NA,NA,NA,NA,NA,NA,NA,NA,NA,NA,NA,NA,NA,NA,NA,NA,NA,NA,NA,NA,NA,NA,NA,NA,NA,NA,NA,22.7779214224567,NA,NA,21.2508508084367,21.3528804188816,21.6005497152847,21.4085584929668,21.7926139393381,23.1358297773844,22.7539579132224,23.0644065968826,25.6198456366267,26.6328169698965,26.2935339730781,25.7121122753679,25.8827464131525,26.222782690594,26.4383537819193,28.5906040779358,30.3719007415803,29.2628890530393,29.3999412190441,29.9380793697819,30.1739078202085,30.3349406294783,31.243296103862,31.2123157151785,30.8485461328372,31.0319522829777,31.5273420928199,33.9166927834999,31.1838320045741,31.2375619624041,31.8821208902241,32.11448053971,32.3231713843324,32.2339980142152,32.1566003455266,31.9200684392405,31.6800445306882,31.6111349393649,31.5688213170419
"emerging and middle-income asia","gx502",NA,NA,NA,NA,NA,NA,NA,NA,NA,NA,NA,NA,NA,NA,NA,NA,NA,NA,NA,NA,NA,NA,NA,NA,NA,NA,NA,NA,NA,NA,NA,NA,21.0573856731721,21.0954217833942,21.9623749090777,21.1056739295848,19.8493653532035,17.5013161342298,17.5251059925538,16.0517768494327,15.7065231490534,16.7106755404418,17.4227297589669,18.8135717712518,19.0632875593799,20.5631958850442,21.1982487191522,21.055442972431,20.4039844455428,20.0357691946274,19.9888923643297,20.0832897892142,22.8786328736989,25.0057361576506,24.3742166222803,25.596974149808,26.5243295043737,26.7493021175312,26.9271528789606,29.0197729597708,29.3687785346198,29.4089079071609,30.032020071971,30.7635205218142,32.7523206436651,30.5649582339856,30.7883264871916,30.685861552011,30.7836370812157,30.5797054475524,30.5828250413119,30.7952424647134,30.7528698811243,30.6452709202871,30.6199312071438,30.6011021886597
"emerging and middle-income middle east and north africa and pakistan","gx777",NA,NA,NA,NA,NA,NA,NA,NA,NA,NA,NA,NA,NA,NA,NA,NA,NA,NA,NA,NA,NA,NA,NA,NA,NA,NA,NA,NA,NA,NA,NA,NA,NA,NA,22.8570197267921,25.634338855006,32.7449314192874,31.0525160345753,28.7781614420782,26.3841005946557,25.3162191724776,25.3384781327217,24.861958729285,23.0053036443471,21.6143967532347,23.8089579800075,26.9903831084382,25.3892984955211,26.1397452656215,24.8518239204849,24.9482019482778,24.8227117714693,27.3144454259053,31.4037281277296,28.9420074629911,28.1929006556631,29.2924359033148,30.733838749997,31.834928837847,31.4346742964937,30.5844464382672,28.7058622616872,28.9831166314968,29.8167182660662,32.8274117600463,27.7090200346204,25.7177472081712,27.569875392714,28.2721452114196,28.4282562904439,28.0989987502341,27.8080179985844,27.2368465969726,26.6994635079677,26.4747808239011,26.3363136594648
"emerging and middle-income europe","gx905",NA,NA,NA,NA,NA,NA,NA,NA,NA,NA,NA,NA,NA,NA,NA,NA,NA,NA,NA,NA,NA,NA,NA,NA,NA,NA,NA,NA,NA,NA,NA,NA,NA,NA,NA,NA,NA,NA,NA,NA,NA,NA,40.9906730324536,38.0282568334325,37.1102797951043,38.3307242776208,38.5319803161459,37.358794413085,34.8951908625499,34.1817045984947,34.1436654197402,34.988667510461,35.8511544620183,39.4042986223518,37.4551905381339,35.1272417285646,35.618050661338,35.7306810120876,35.6265136135301,35.7112910901147,36.1208276959731,35.1888329356835,34.5137339229135,35.4128471425019,39.651662843353,36.0188944588415,35.733884103467,38.3083712284123,38.8571495987395,39.9156113795738,39.2845999390012,39.2518887352768,38.780205277334,38.1314345541804,38.0524756161981,38.0562638269184
"hong kong special administrative region, people's republic of china","hkg",NA,NA,NA,NA,NA,NA,NA,NA,NA,NA,NA,NA,NA,NA,NA,NA,NA,NA,NA,NA,NA,NA,NA,NA,NA,17.1197316876158,16.6632572785986,15.4828871311268,13.3416554643031,14.5105617417398,12.6960286889259,11.7671369375457,11.6810819883943,12.9760825691979,13.8388152913853,12.8091090304344,13.5435011420874,15.3132075005202,15.3733192125243,16.0636589390503,14.370461735756,14.1354142480329,18.5480147441344,17.0769721871188,17.4566170094172,18.2430408102129,18.5065869128572,19.5606543151033,18.2086636874343,16.199967233637,14.8397755567477,13.9314138766956,18.6298247869708,17.2862373354607,16.592988151367,18.6251173651439,18.2939434868844,20.035274791807,17.2528708324721,18.0345059773278,18.2512874984327,17.3607870130249,18.3925828522721,20.9502671293905,29.9068141185542,23.7062597798692,28.2940017093964,23.7255833993053,23.1768635403558,23.2267499634865,22.9040567664227,22.8515217145765,21.486445611133,21.263268486971,21.254006725252,21.254006725252
"honduras","hnd",NA,NA,NA,NA,NA,NA,NA,NA,NA,NA,NA,NA,NA,NA,NA,NA,NA,NA,NA,NA,NA,NA,NA,NA,NA,NA,NA,NA,NA,NA,NA,NA,NA,NA,19.3828498405564,20.7760995261167,21.6449624128259,24.5313389143485,19.0288061943861,17.2126297025392,18.6658941010378,19.393091127877,19.419209770101,23.3205277972471,22.0988444225597,25.0657844834917,26.8087552007507,26.4412991121207,25.5439726254472,23.609587234164,24.3937036291147,24.4487401550458,26.4090346298782,28.3516422436383,26.4632218121544,25.9118547631302,26.3560674726442,27.9761807899285,26.3922185944081,26.0218901829866,27.3825627915726,26.8579018428833,26.1561292440241,25.9391157972248,28.4278032655359,28.8018696656253,24.0415528779527,27.2196526436406,25.6642033420831,24.9261438587274,25.4589496354022,25.2471809903958,25.1754381766604,25.1462311720734,25.0976817056868,25.1399260737135
"croatia, republic of","hrv",NA,NA,NA,NA,NA,NA,NA,NA,NA,NA,NA,NA,NA,NA,NA,NA,NA,NA,NA,NA,NA,NA,NA,NA,NA,NA,NA,NA,NA,NA,NA,NA,NA,NA,NA,NA,37.0976927987358,35.9476377365327,45.3561341482158,50.2778322264277,52.0744556759303,51.6549413479067,56.798941236982,58.9243599050731,54.5547859467579,50.6157788476471,49.1790939288996,49.6412297028432,49.008117027919,46.4761325630891,44.6125405186386,46.3667044219967,46.3076493459068,49.2759623992838,48.1728067612219,48.6360617999911,47.3230192217534,47.9602751886374,48.7478826780779,47.6075795152939,45.9153597107177,44.1054409458318,44.9727100369611,44.3546360209081,53.7538673760962,48.1890168654875,45.012719259325,46.2812077740033,48.0030710479686,49.2888571485358,50.1994240288495,49.0737145169842,48.4942571746024,48.2363699985832,48.2148075826234,48.1680657642061
"haiti","hti",NA,NA,NA,NA,NA,NA,NA,NA,NA,NA,NA,NA,NA,NA,NA,NA,NA,NA,NA,NA,NA,NA,NA,NA,NA,NA,NA,NA,NA,NA,NA,NA,NA,NA,NA,NA,NA,NA,NA,NA,NA,5.45595062396354,5.39861811226895,6.90969522732479,6.24670565526266,6.10566353607202,6.6413068167188,7.82582678046532,7.37655336026681,8.7487072335609,9.67114874150124,11.1404689951223,11.2088234390835,11.5514786547851,12.6379641956829,14.1297928851321,16.4352906058791,15.8580670474694,14.6289557538913,12.7475800088632,10.5481050846787,10.2362506374961,11.262653900107,9.58800120170305,9.86450747308212,9.41842410414968,8.32549213186485,6.45703779085295,5.24927858156365,6.19110737244634,5.80298883661844,5.60488143694974,6.43677239810923,6.8934159377669,7.23911824658896,7.77293226198952
"hungary","hun",NA,NA,NA,NA,NA,NA,NA,NA,NA,NA,NA,NA,NA,NA,NA,NA,NA,NA,NA,NA,NA,NA,NA,NA,NA,NA,NA,NA,NA,NA,NA,NA,NA,NA,NA,NA,NA,NA,NA,55.0496543043949,50.8931294079468,49.4948043952132,50.7133178277542,48.9345380770991,47.2893807189064,47.2083748268593,50.9740517753551,49.1761829226995,48.7711178481648,49.3679169397321,51.4071754693672,49.8837633108848,48.7750663354189,50.6602343474046,48.9153432903211,49.1400396369951,49.2473579483134,50.0793337082426,50.0157309918247,50.3537991732485,46.663250826937,46.6472365658057,45.9224755024895,45.8464861237447,51.0310777182467,48.0872766617904,48.8590490335589,49.3342590594067,46.9083632597905,47.5053133823284,48.1243621462289,48.2937486297939,48.6804715888314,49.0757140548987,48.9815165170737,48.7489305335037
"indonesia","idn",NA,NA,NA,NA,NA,NA,NA,NA,NA,NA,NA,NA,NA,NA,NA,NA,NA,NA,NA,NA,NA,NA,NA,NA,NA,NA,NA,NA,NA,NA,NA,NA,NA,NA,NA,NA,NA,14.0934249472838,13.5238070903754,11.9070423991953,11.5079878162492,15.2495093408191,15.0787722454567,15.1401753528683,15.3028706370181,19.5087483485597,16.9288976126538,18.1760029460629,17.8332252177727,17.3977954969623,18.4165727900416,18.7348860754263,19.3940012953233,17.0266530369508,16.8865469188977,17.7137022014529,18.8358043863453,18.81998492793,18.3647561110337,17.602161837744,16.920493461859,16.4436227463903,16.6111018672994,16.3587913994497,18.4267003813654,18.1237036819731,17.2575021581967,16.6371085214919,16.8662129308128,16.1945217346507,16.7805350153746,16.7078597306459,16.7689557529968,16.8808827089026,16.9656941436958,17.0632530595439
"india","ind",NA,NA,NA,NA,NA,NA,NA,NA,NA,NA,NA,NA,NA,NA,NA,NA,NA,NA,NA,NA,NA,NA,NA,NA,NA,NA,NA,NA,NA,NA,NA,NA,24.4634659454599,25.2400182941525,25.3776388469223,26.8080225289161,26.6891001050972,26.1935615703376,26.2079400916726,24.9799615123011,24.3638763424671,25.231288625436,26.0343688991706,25.8497610976432,26.0855772960292,28.2757381524162,29.1151327323569,29.9417768117084,28.4495359056163,26.0262330918772,25.6420896764231,26.0930407499194,28.2688049835423,28.1006557855997,27.7205642303919,27.3197348870913,27.184459179594,26.4879652956484,26.2025678107479,27.3447492479198,27.5933205631936,26.6494331378395,26.7807635306122,27.4189494398386,31.7662338041628,30.6880139788789,29.9627243360136,29.7018753128891,29.2780497775826,28.4633200458927,28.641160473884,28.6666434468697,28.6001569869161,28.5250938254688,28.4904229921484,28.437660723166
"ireland","irl",NA,NA,NA,NA,NA,NA,NA,NA,NA,NA,NA,NA,NA,NA,NA,NA,NA,NA,NA,NA,NA,NA,NA,NA,NA,NA,NA,NA,NA,NA,NA,NA,NA,NA,NA,NA,NA,NA,NA,40.292071865406,38.5035907816401,36.093083573487,34.1763747808681,32.5081096227005,30.5676706975372,32.1730049390199,32.8797482315916,32.6646379579192,32.8218534612406,33.0219134968821,33.5626446602782,35.6402293601258,41.5572689459268,46.8738201982067,64.9474156228513,46.853761242137,42.2744052269819,39.8424353093615,36.5522071836287,28.0699563690852,27.5154113498567,25.279181232691,24.7467893631242,23.8680199696497,26.7027831335401,23.5326963172741,20.6644095268456,22.225110485603,22.3879785498779,21.6186081913281,22.5636859123809,23.004913380241,23.7116973047616,24.4785000557226,25.200493397577,25.7559173582556
"iran, islamic republic of","irn",NA,NA,NA,NA,NA,NA,NA,NA,NA,NA,NA,NA,NA,NA,NA,NA,NA,NA,NA,NA,NA,NA,NA,NA,NA,NA,NA,NA,NA,NA,NA,NA,NA,NA,16.389711726905,14.0471560273091,14.4391917251573,27.2347300006553,22.9992008227997,20.9650604074603,17.2566428073548,17.3909819672708,16.8956346270591,15.746704513901,13.3228033683837,13.6290645054899,15.645163543728,15.6690721010531,15.063609199228,17.9308215986799,18.6622021569769,14.2186851613152,16.8338415699176,15.6641110923462,14.0640132602495,14.632522021224,11.400009389624,11.5245798253288,12.2627870114399,14.1367316525061,16.3409886413445,16.4111467999927,14.7690323820519,13.5522768094984,12.1401249453559,13.3531950303513,12.8393532111656,12.7851643882873,15.9639692138683,13.4414098444175,13.077540172785,13.9689949415401,13.2327409418194,13.163804736846,13.0866064692417,12.9704550087803
"iraq","irq",NA,NA,NA,NA,NA,NA,NA,NA,NA,NA,NA,NA,NA,NA,NA,NA,NA,NA,NA,NA,NA,NA,NA,NA,NA,NA,NA,NA,NA,NA,NA,NA,NA,NA,NA,NA,NA,NA,NA,NA,NA,NA,NA,NA,NA,NA,NA,NA,91.4501898686031,63.2052939528714,50.3190252335469,43.9794129732499,57.254258702779,61.0945088635368,49.5753536999404,43.3691853240587,42.8915073123401,48.2489841721558,43.7827817970395,43.4638949632974,42.3686911937048,35.494713767151,31.12606200656,34.6500342978094,41.8695138217151,36.3270240362446,33.9378393291074,41.1662260867642,41.718078468343,42.7305385523935,42.628560259623,41.437348264194,41.8899642506659,42.2574141315616,42.7575825153427,43.3610216381236
"iceland","isl",NA,NA,NA,NA,NA,NA,NA,NA,NA,NA,NA,NA,NA,NA,NA,NA,NA,NA,NA,NA,NA,NA,NA,NA,33.0573792938387,34.391181039676,35.0215826366062,36.7549555477666,33.8040085864798,36.0302400026709,38.4078176174425,35.4631433027087,40.192474458699,41.7009008812457,41.3675836307026,41.5862607844364,43.3198754333068,43.691218077785,43.5700210842798,42.9571546834071,42.5360051733678,41.3992101049151,40.3180518143507,44.8384575101889,44.310519745659,46.9555544867882,44.9953366044687,47.3230640897742,46.2324759501833,44.233130538656,44.3351696022242,44.2021675535224,62.817354958386,53.3511714775787,48.2399476361654,50.0029411814138,47.2099665794104,45.5817630422876,45.3436468911075,43.0405914109736,45.8478004488143,43.8116851030231,43.3578211231848,43.0095824431231,50.4204463044559,48.654854697653,46.1548478992804,45.1899673181391,47.1444154044612,44.9993724268998,44.2093992436969,43.6246988220702,43.3033840124421,43.2508791198181,43.2185072378177,43.1862820857039
"israel","isr",NA,NA,NA,NA,NA,NA,NA,NA,NA,NA,NA,NA,NA,NA,NA,NA,NA,NA,NA,NA,NA,NA,NA,NA,NA,NA,NA,NA,NA,NA,NA,NA,NA,NA,NA,NA,NA,NA,NA,NA,NA,NA,NA,NA,43.4055625282401,46.1132770709189,49.9651510290774,45.404739187171,43.003025462667,42.3353458594497,41.6291070891165,40.1977256081894,41.2056159030787,41.3648993975474,39.685694955775,39.3160428259062,39.569897118985,39.6991093697753,38.2768819787848,37.5638212434279,37.9055349481213,38.4005877683942,39.1988118321774,38.6921674086509,44.7651692219615,40.0615270115346,36.93918133213,39.6219336251717,43.7186097680008,43.5974658426064,44.2165406633049,41.9374988081976,41.5781097180768,41.2110700693079,41.2864422572142,41.4413924109219
"italy","ita",NA,NA,NA,NA,NA,NA,NA,NA,NA,NA,NA,NA,NA,NA,NA,NA,NA,NA,NA,NA,NA,NA,NA,NA,NA,NA,NA,NA,NA,NA,NA,NA,48.2877867633933,49.448829355205,54.1685662557576,55.3184100456199,56.7803528872411,57.7671362972556,55.0594827815246,51.446812892596,51.3493264105293,49.3245779125608,48.0041743446042,47.0766821592987,46.3684902277095,47.1317964518456,46.4932328652726,46.9685276256873,46.6667398585247,47.0534123421608,47.5599154798111,46.6003295274882,47.7508334752878,51.0526119763375,49.7988187477441,49.026616377945,50.4808319436781,50.9006877979548,50.7150013662446,50.2437956853875,48.9799138460961,48.7829415193985,48.3206805929313,48.4238381522627,56.7837495875781,56.0393224886948,54.934279177988,53.6267514924788,50.3991088227187,51.055535110177,50.6085116280127,50.3833009641971,50.1272207737556,50.218562109581,50.1377971824866,50.273557690133
"jamaica","jam",NA,NA,NA,NA,NA,NA,NA,NA,NA,NA,NA,NA,NA,NA,NA,NA,NA,NA,NA,NA,NA,NA,NA,NA,NA,NA,NA,NA,NA,NA,NA,NA,NA,NA,22.5933229075268,19.8972747245261,18.2188876819138,19.6307275298613,19.9023740989678,22.0557566058653,27.3645661615182,27.6479281563271,27.8815374824455,27.948573561294,25.7101899286942,27.8475355709885,30.0781414101328,31.0936958987332,30.6846250168962,28.5854375668957,30.1445554412444,30.5562416195221,33.9200364699183,37.6886770365374,32.3356059630502,31.1693867650638,29.0522251161709,26.3439843003683,26.0649180486969,25.9464792127295,26.4721925647973,26.8946000599992,27.5329658017126,27.4844588903838,30.1272057283795,27.5633059824862,27.1213117761466,27.6754942825964,30.0596886020664,33.8457993382489,33.1483396623556,31.7076265506132,30.7717780604012,30.468989354592,30.5287585507275,30.265625576049
"jordan","jor",NA,NA,NA,NA,NA,NA,NA,NA,NA,NA,NA,NA,NA,NA,NA,NA,NA,NA,NA,NA,NA,NA,NA,NA,NA,NA,NA,NA,NA,39.5853527292948,32.287091555234,39.3339672638043,41.1602820490903,39.0859549046188,39.8742129812339,39.5557288653637,31.7318288149715,32.4691440236423,30.6352369702031,32.0681147537887,32.5636792794358,30.6719395593097,32.2579131373331,31.7864979545011,31.222787629723,30.5833274781533,31.6122125987882,34.9728870165576,35.1481664289162,36.5912656258142,33.9512210895627,32.3782085606179,29.5768972796773,30.691874992307,26.6213001873169,29.3499900969036,28.3193050132201,34.4807765106573,36.3114003786082,32.3060447255429,29.9603860151024,31.6972677988929,33.3146724258783,32.665982240912,33.0258911505348,33.806542392801,32.8261980012475,33.8981777786865,34.5761594041283,33.7132441583999,33.6851745862661,33.6459921963969,33.1806788840072,32.8190049028512,33.0295670003097,33.3725474376642
"japan","jpn",17.1816234737852,16.5026248220599,17.4194419515581,16.4572564225202,16.1966070481284,16.0253569104597,17.1160757538001,17.6652072840034,17.5073122324206,18.0402860192077,18.411855552035,17.6757810015974,17.7990900312466,17.5556225308485,18.0077594540637,19.4108132734847,20.5099646626574,20.7284216610709,22.7162144078342,25.2662377350735,25.704364823697,26.8463659739399,28.2801970518997,29.3018222876558,30.0523428283453,30.8054315847035,31.0220075933107,31.1282473842136,30.5031845672735,29.7262451288556,29.7179505001376,29.9552280790714,29.2266508379397,28.5372473769132,28.8010064537405,28.6440782497458,29.6167433872827,31.4195751832082,32.1079599367422,32.8487442672743,33.1269054546646,32.4332684427099,38.1462794041127,35.1646580179627,35.4234343059595,34.6863311987804,34.8676761506773,34.6271622019729,33.349051248321,33.2174512402926,32.7280480089388,32.8028117545738,33.7494035404154,38.337461603483,37.4455418566882,38.4352339257137,38.3575825571801,38.4123666100285,37.7676013795122,36.5830786569997,36.4815693491706,35.8972888895967,35.9539800693451,36.4236899261679,43.563038386729,41.3497735581154,40.2083370721584,37.7753054327741,37.3110193496752,36.8576275669703,37.6151193581834,37.915726892717,38.3879712260931,38.6787563614009,39.0792853405014,39.435275131565
"kazakhstan, republic of","kaz",NA,NA,NA,NA,NA,NA,NA,NA,NA,NA,NA,NA,NA,NA,NA,NA,NA,NA,NA,NA,NA,NA,NA,NA,NA,NA,NA,NA,NA,NA,NA,NA,NA,NA,NA,NA,NA,NA,NA,NA,NA,NA,NA,NA,NA,NA,20.5271807126437,21.3551116820885,21.2627615515407,22.0060041140153,19.799798043306,23.7045826134674,27.0682985919572,23.4701509102311,22.4734202984523,21.2339148220841,21.9120215899768,19.8086394714824,21.2602326122131,22.8702978520032,21.5116699938756,24.0879183251594,18.8466279203624,20.2484854222928,24.5459891662094,22.0696555273808,21.7176069305069,23.3922912265055,22.6673062782542,21.8449598763539,20.7388681181485,20.7669275714197,20.9190904833635,20.8072445414766,20.9328488524613,21.282434421962
"kenya","ken",NA,NA,NA,NA,NA,NA,NA,NA,NA,NA,NA,NA,NA,NA,NA,NA,NA,NA,NA,NA,NA,NA,NA,NA,NA,NA,16.1809388168978,14.6269014320986,14.8729921396588,15.5879374347986,15.295646787587,15.4757796362061,15.9348327317794,16.3125227616076,17.1829239088629,16.437218038384,17.6016451583098,18.9223914381117,18.7965892990133,17.328491592673,15.218699218571,15.5517879349356,15.3427134138392,13.6823928833516,14.0941768891437,14.939702563445,15.6508608009774,16.0135232241611,15.4480546676584,16.2493359504472,17.310564354083,18.0761716431309,18.9155621968502,20.2741192183341,21.5433495212926,20.1183099048638,22.0978766533408,23.2304690392449,23.4248539572736,23.8267379881251,25.34441872611,25.1689034283158,24.4520984329953,24.3999595282207,24.7979979199986,24.0153982816875,23.114737509019,22.6041772275785,23.248907258687,24.0032486142895,23.6656704772913,22.8581739498937,22.6640012746658,22.6540206313067,22.7683298816858,22.9292333308374
"kyrgyz republic","kgz",NA,NA,NA,NA,NA,NA,NA,NA,NA,NA,NA,NA,NA,NA,NA,NA,NA,NA,NA,NA,NA,NA,NA,NA,NA,NA,NA,NA,NA,NA,NA,NA,NA,NA,NA,NA,NA,NA,NA,37.8755732075173,28.6125835754991,31.1578646791482,35.9410821610737,35.8870094855115,30.2151608298308,28.0882353912724,29.3497689914503,28.0774069927871,28.4570321154362,29.0661249971643,29.1295644832219,29.5954259659738,27.884148861372,32.5414534324871,37.1069967588543,37.3674303617285,40.5838637980654,38.1470704052564,38.508056850598,38.0837124138996,38.9230449999895,37.0201438161634,33.0596942551737,30.8404559135303,32.0735234129306,32.0779193270848,35.019390754583,32.896128131093,32.5298745794233,38.4025867424353,37.7957244094332,36.4525180989644,36.0176076930101,35.3085467475219,35.1138920527617,35.1189686287027
"cambodia","khm",NA,NA,NA,NA,NA,NA,NA,NA,NA,NA,NA,NA,NA,NA,NA,NA,NA,NA,NA,NA,NA,NA,NA,NA,NA,NA,NA,NA,NA,NA,NA,NA,NA,NA,NA,NA,NA,NA,NA,NA,15.6649037138783,12.4170839259772,13.4057708574447,13.8061446027128,14.5724375429176,14.5964944218632,16.0323795459533,14.4827721055031,12.3703144574283,10.8488621913085,11.2402716420106,12.3962004782483,12.9410850070881,16.5624774971685,17.112650207375,16.4408383339007,17.1612930007045,16.5326340185004,16.3566525281628,14.5492297690972,15.2823026593925,16.3328917118272,16.2415201137614,17.9297872746975,20.5421927601479,21.352065941174,18.5448042131342,19.0695189293342,16.5586607859093,16.307366618808,18.8263498943725,18.7833096608306,18.7909514049074,18.7853253309206,18.7839482292636,18.8269909512709
"kiribati","kir",NA,NA,NA,NA,NA,NA,NA,NA,NA,NA,NA,NA,NA,NA,NA,NA,NA,NA,NA,NA,NA,NA,NA,NA,NA,NA,NA,NA,NA,NA,NA,NA,NA,NA,105.549885423545,82.0594958301365,65.9264795507543,55.259403063535,54.5844137121266,69.6225462042696,68.3978321577729,70.9080583440937,74.7410427055148,77.6156489308788,66.0022337156368,101.293212490128,96.8842321309864,84.4155814337594,103.758782104091,95.622296681443,82.1173822802529,77.2987015759983,79.3749982930444,74.66589348172,75.7354992964267,80.8554968033956,83.9010319882697,77.9831412346249,101.230526608192,90.9483760788041,99.0091439143333,92.0591086855285,108.830508287097,108.275970002591,102.224132945691,83.9564504273562,87.1696798963997,94.4019161954456,86.1274842487731,88.2185922247011,116.278193386479,94.2110645501234,93.2262724923042,93.2073732744541,92.2599217188483,91.2931989207144
"st. kitts and nevis","kna",NA,NA,NA,NA,NA,NA,NA,NA,NA,NA,NA,NA,NA,NA,NA,NA,NA,NA,NA,NA,NA,NA,NA,48.4112949544372,47.382319336567,33.2973314536867,29.0224479256752,28.975773505578,25.1904819088716,28.1808157146442,25.3225681775811,38.751738326192,28.6337270994035,24.0431406784363,19.3079013420029,18.2150309621408,19.7801993866954,21.3254101316931,22.2480516349179,23.6894466171928,26.8362827647985,26.2874848338795,29.1364308099016,33.5898008262214,33.3484111508293,29.4932045100872,34.0828031921206,29.9686945991509,32.3788789437451,33.0499743611584,31.2475777720113,30.9083198107702,29.5286149347329,30.3709775807781,31.1567019544215,30.2703079531917,26.4222828184987,27.9421418922024,27.3703848702967,29.0459766457759,26.0583017291967,25.5315476890577,34.2276144801711,37.9342345948869,37.2406853142774,41.9504035778479,50.35533778279,43.7120229308471,44.3531024602215,42.4229799200055,40.8258719041262,40.1717686871798,38.7498987618073,38.8984351825242,39.0345708613312,39.1623422647159
"korea, republic of","kor",NA,NA,NA,NA,NA,NA,NA,NA,NA,NA,NA,NA,NA,NA,NA,NA,NA,NA,NA,NA,NA,NA,NA,NA,NA,NA,NA,NA,NA,NA,NA,NA,NA,NA,NA,NA,NA,NA,NA,13.5109972153126,14.041637880577,13.8741699405176,16.0342441605577,16.1457371948,16.0209309126125,16.94128095593,15.8857607005389,17.8687492123699,18.5002939381916,18.1539035074718,18.7154716738621,18.8090219368832,19.101806782181,19.5389382399104,17.8605900336958,18.2848938443465,18.8226141461463,19.0162807815279,18.8464976910375,18.7997766513325,18.5068791967819,18.637456411037,19.2781214072166,21.2679708063479,23.6599429721105,24.0969391734482,26.6802181409819,23.0834031466019,22.5334037009651,23.9878168128958,25.2311408044548,24.3801081045008,24.385931505667,24.336075191337,24.3354747633925,24.3201883634903
"kosovo, republic of","kos",NA,NA,NA,NA,NA,NA,NA,NA,NA,NA,NA,NA,NA,NA,NA,NA,NA,NA,NA,NA,NA,NA,NA,NA,NA,NA,NA,NA,NA,NA,NA,NA,NA,NA,NA,NA,NA,NA,NA,NA,NA,NA,NA,NA,8.50614055444255,8.54784926697355,13.8964645233147,18.1029155424929,25.0879479474941,22.7136430518132,19.8392717618285,18.6001722798216,26.6217228663501,30.2689465161755,29.8855619140072,29.6794286132057,30.2264440531132,29.3027090067635,27.7142270443747,27.7845828457634,28.4805859407351,28.1738821036942,29.4627782891288,29.9217093551528,33.4525464176915,29.035312624268,28.8329921207481,29.7740942124565,30.1765503799709,31.176122259355,32.3008199712641,32.4222729024866,32.419339684398,32.363523559293,32.3892740899986,32.2979903000222
"kuwait","kwt",NA,NA,NA,NA,NA,NA,NA,NA,NA,NA,NA,NA,NA,NA,NA,NA,NA,NA,NA,NA,NA,NA,NA,NA,NA,NA,NA,NA,NA,50.2175459038784,56.6377302824998,44.2382483780265,50.1215932588261,43.3225183592928,122.443978381178,208.093633565652,77.355171678162,58.0141277720283,57.5190416161399,51.687320524039,42.5137924086074,43.5344423083189,51.4485802820464,44.2701287937446,29.7235594582681,41.1737102803738,42.5495254529767,38.0072824380397,35.2013507110358,28.7118958004849,32.2103395035545,30.3743178455891,40.8057234009258,42.7824778169083,45.4022479450771,39.6239791021745,38.0995213680827,38.3889105972198,44.9534298368802,55.2806447308497,54.0435566526903,51.8623909468842,51.0487852650537,50.2399826028397,62.8868898834905,48.3424229422399,39.5885493126919,48.3129638228049,48.0049850549673,50.1021349824355,48.8714377744886,48.2003780413055,47.7952659398972,48.0218839360906,48.1537347077977,48.234161149539
"lao people's democratic republic","lao",NA,NA,NA,NA,NA,NA,NA,NA,NA,NA,NA,NA,NA,NA,NA,NA,NA,NA,NA,NA,NA,NA,NA,NA,NA,NA,NA,NA,NA,NA,NA,NA,NA,NA,NA,NA,NA,NA,NA,NA,NA,NA,NA,NA,19.8908054665542,18.8456559313496,16.6195876671577,16.0392594248898,13.569428851771,15.3312793405407,14.7180273508378,15.1084540388851,16.0541622589384,20.1032020024528,22.4020644365815,20.1893629983041,24.7200294288467,24.2396391078541,24.9870195157415,25.7822779682421,21.0846103711592,21.8024729196366,20.7090546939042,18.620509561288,18.3570115002217,15.7048630802005,14.7273966847591,16.454343409438,15.7658490069635,17.9381382024181,18.8497664850232,17.3544539763939,17.4033283834245,17.3714032463234,17.3486076217802,17.3990215399369
"lebanon","lbn",NA,NA,NA,NA,NA,NA,NA,NA,NA,NA,NA,NA,NA,NA,NA,NA,NA,NA,NA,NA,NA,NA,NA,NA,NA,NA,NA,NA,NA,NA,NA,NA,NA,NA,39.9793131788518,35.5865320042096,36.1175567919669,23.0353251679041,47.3104667903479,31.1004396975154,43.5816408047991,40.5449133768063,34.682984311628,35.5640082608936,42.8447270665733,38.9259647758789,36.7811197030845,36.4239866941643,33.2985608033259,31.4228014280865,36.1330448060604,35.1937151447073,34.3247520702372,32.0862716920564,29.1512536925838,28.8206377405509,30.2305227556036,28.9219621873853,28.8500515000966,26.6785834895563,28.5792915459919,30.656723158172,32.0982867220962,31.253587626861,24.5216924694739,10.5259137172235,12.912042440771,14.3464179407148,15.3136542709121,15.4945384683079,NA,NA,NA,NA,NA,NA
"liberia","lbr",NA,NA,NA,NA,NA,NA,NA,NA,NA,NA,NA,NA,NA,NA,NA,NA,NA,NA,NA,NA,NA,NA,NA,NA,NA,NA,NA,NA,NA,NA,NA,NA,NA,NA,NA,NA,NA,NA,NA,NA,NA,NA,NA,NA,14.5431422743238,12.0601576643624,12.7340724739141,8.98006105939499,12.1250570462323,11.6865985751337,10.6456657948184,16.0511573554733,21.7809788865748,23.9520956287845,25.0630504739185,29.8472662898209,30.75126710614,27.4159897748141,33.4418763554174,37.1221788351162,35.7515152532003,35.0805337214087,32.6600305741237,32.3129173132794,35.2863951019156,29.7877430743735,27.4200078091015,28.6469809571669,24.1277839640483,22.430847958732,22.3177861549299,21.6066618919955,21.8679206792373,22.7531245700964,21.200826910568,20.9605201360997
"libya","lby",NA,NA,NA,NA,NA,NA,NA,NA,NA,NA,NA,NA,NA,NA,NA,NA,NA,NA,NA,NA,NA,NA,NA,NA,NA,NA,NA,NA,NA,NA,NA,NA,NA,NA,29.9943677726164,27.4741958656382,25.6474427659983,30.2161908515707,28.5297072956285,27.6600654628631,30.7589361633655,34.323360361893,32.8578703453602,26.9567202355102,26.7689173725024,36.9788740062235,40.8742048012517,41.719897749457,41.0560538383872,28.1519546986242,28.494514682409,33.4417519580543,41.0322937716785,60.2775185107698,52.9390634139547,39.6258892761144,39.3792810627581,73.4590370599187,60.0188765313209,53.5228640639629,42.0358751631934,34.9253032951161,37.5560311061009,47.3100313210934,57.3423745948511,64.7061117435797,62.189169453092,80.7380206436213,96.2934979483765,102.268684054986,88.7795289615865,89.3902240244188,87.8413508404406,86.0606659001823,84.6457477364394,83.6637853314846
"st. lucia","lca",NA,NA,NA,NA,NA,NA,NA,NA,NA,NA,NA,NA,NA,NA,NA,NA,NA,NA,NA,NA,NA,NA,NA,NA,NA,NA,NA,NA,NA,20.3872082588768,21.0979603649677,19.911227943676,18.1995000080314,19.0282745219372,16.4972184521793,17.9641192346235,18.2966405153406,21.5502276521551,18.7369804514553,19.0192341282138,18.8304833028344,19.040584211982,18.5732952429006,20.8835015396968,20.9251829124029,22.0357354299822,23.0066672224961,22.4861503321173,22.4971482070013,25.285683172821,24.415150248376,22.1842865066428,22.3468753187146,24.1867065874137,25.6361621728907,26.8542888819339,27.107012013295,24.2878177221721,22.6210247507447,22.0780461824869,22.6223934407407,22.9666523471436,23.1794542863656,24.5587806706771,33.127774100913,26.6995248128507,23.7897126097148,25.2533172994366,24.3843905476046,25.2412167063168,25.1216246638846,25.0309471427212,24.8551496453994,24.6611277371658,24.4214653450695,24.39952371949
"sri lanka","lka",NA,NA,NA,NA,NA,NA,NA,NA,NA,NA,NA,NA,NA,NA,NA,NA,NA,NA,NA,NA,NA,NA,NA,NA,NA,NA,NA,NA,NA,NA,NA,NA,NA,NA,25.3526448178488,26.4219815035924,23.028309006429,23.1765306563817,24.1018850951523,24.7640627141996,23.0969409985649,21.4054014352372,21.373254693294,20.5099045044646,21.7322465487498,22.4062344683039,20.8015223916091,19.344489094267,19.2663796906341,20.1454598761569,20.5229754457605,19.8756350422376,19.0866107774638,21.0121148933604,19.3102609829423,19.1316400299233,17.3149947921424,16.6092898346714,17.1710944425554,19.268803535441,18.2149983290374,17.8841937125325,17.5432489483084,19.4531808105298,22.1352901786741,19.9947356098887,18.5867363340576,19.535482747539,19.1078708628794,NA,NA,NA,NA,NA,NA,NA
"lesotho, kingdom of","lso",NA,NA,NA,NA,NA,NA,NA,NA,NA,NA,NA,NA,NA,NA,NA,NA,NA,NA,NA,NA,NA,NA,NA,NA,NA,NA,29.9021704051772,27.1765731415123,26.8170947233396,32.7919501879645,33.2034360707797,40.2985264654298,35.3401194330571,35.7742907141431,32.9455130163854,31.3130682693764,35.3308009274677,36.0252170770089,40.1990816403686,42.0604497153888,41.5013388054027,44.582553729867,51.3862721948997,50.7794817266655,39.2647611179247,41.4462947647869,41.2281417698805,39.7576681435865,36.2535147138659,37.6145565090306,43.2184343029524,48.1174367997286,54.0709562818523,66.442103304644,55.3179041388734,60.172478610996,58.1480095270906,58.3571496045745,50.1029036762264,51.7488514291156,54.1130565147417,50.4400614980983,51.9159671643178,52.9301279692166,54.1733857725795,53.6488398333495,50.7782194041121,48.9953265079109,52.4740889201296,54.2284376191324,52.6237932213887,52.9618151208387,52.9820607209365,53.2136379561548,53.4562105991414,53.6487896019887
"lithuania, republic of","ltu",NA,NA,NA,NA,NA,NA,NA,NA,NA,NA,NA,NA,NA,NA,NA,NA,NA,NA,NA,NA,NA,NA,NA,NA,NA,NA,NA,NA,NA,NA,NA,NA,NA,NA,NA,NA,NA,NA,NA,35.4543936844437,34.3565403561222,35.0587360318842,39.5809616163413,42.4254205426614,38.7040949833636,36.4949283200161,34.4379698040801,32.8306571879214,33.9406300065068,34.111608355614,34.4207517769501,35.2910357474002,38.1532834193145,44.8127351235151,43.034221412248,40.1027639971651,36.6021093923915,35.7334350260779,35.003419080391,35.1981134091103,34.472080093573,33.3661314890678,33.78443366562,34.6404020916891,42.3568976667827,37.3496185898849,36.552384246559,37.1872817951757,39.4138205588122,41.1933439518029,42.7351756370508,42.7078362266176,42.3114656331914,42.8453103220514,43.2457002276442,43.2903424163679
"luxembourg","lux",NA,NA,NA,NA,NA,NA,NA,NA,NA,NA,NA,NA,NA,NA,NA,NA,NA,NA,NA,NA,NA,NA,NA,NA,NA,NA,NA,NA,NA,NA,NA,NA,NA,NA,NA,NA,NA,NA,NA,41.9813726324882,42.5471725223503,44.1552793654406,43.9160153310045,41.7465416816551,37.9746890512092,38.1387694253326,41.7606582677291,43.3357608293648,43.6749274550008,43.444734321852,39.4016093635699,37.3907799553158,37.9269923393194,42.6957775404794,41.9562905192358,41.5034913759067,41.814074650412,41.2388353074173,40.6123410450384,40.3657761754189,40.0448334756618,41.2774545804624,42.3178582405077,43.071857726508,47.0402733677317,42.3963165187104,44.298929249119,46.3505018547069,46.8419116665874,48.2587549640443,48.5915432936607,48.9587917504838,49.3433352827663,49.7744279523369,50.2206323070256,50.6737199104915
"latvia, republic of","lva",NA,NA,NA,NA,NA,NA,NA,NA,NA,NA,NA,NA,NA,NA,NA,NA,NA,NA,NA,NA,NA,NA,NA,NA,NA,NA,NA,NA,NA,NA,NA,NA,NA,NA,NA,NA,NA,NA,NA,NA,NA,NA,38.0939724519949,40.4275257127801,37.0431432076973,35.0208921610667,35.364869840689,34.4328417679097,34.7999538216929,35.8119757387953,35.545862120327,34.7646258775802,38.1828151026246,43.5853801142785,43.5539432915258,41.2354419640403,38.554101032311,38.6768314048833,39.1829325620001,38.6962916413261,37.4127910827595,37.8342519013449,39.4033891821274,38.9756714522526,42.6419973748875,44.5859693354703,43.5545195646154,42.8618480265433,43.9615982776692,45.3640529843825,44.8912162812223,45.2864850316482,45.033504305493,45.0160003428826,45.2486446408533,45.3415154958741
"macao special administrative region, people's republic of china","mac",NA,NA,NA,NA,NA,NA,NA,NA,NA,NA,NA,NA,NA,NA,NA,NA,NA,NA,NA,NA,NA,NA,NA,NA,NA,NA,NA,NA,NA,NA,NA,NA,NA,NA,NA,NA,NA,NA,NA,NA,NA,NA,NA,NA,NA,16.8965152512339,17.4242797833412,18.3148794006749,15.917515118145,16.1338999753634,14.6889047599042,12.5943122245463,15.6868339692361,19.5132457013639,17.12645871702,15.181370611282,15.1898163141984,11.2694955745911,13.0932067254369,17.9788076479327,18.8642436191707,18.679438174483,18.0939583682364,18.4731026622358,49.4444623821919,37.8249540837581,57.8038308596346,25.3075442051372,24.8546471698611,26.5720235193367,26.2590207467201,26.2305688565139,26.2820183428406,26.4465983226116,26.4276408349901,26.5819851447743
"morocco","mar",NA,NA,NA,NA,NA,NA,NA,NA,NA,NA,NA,NA,NA,NA,NA,NA,NA,NA,NA,NA,NA,NA,NA,NA,NA,NA,NA,NA,NA,NA,NA,NA,NA,NA,22.5872476365595,20.7983077256859,22.2814040990343,23.109789210993,21.7393535869691,21.2713835030855,17.5888622245584,18.5983142726894,18.7490443807749,18.4321786414448,22.7542751512916,23.7019143117593,25.8139438862002,24.0998086990049,24.4781119644901,28.6363814703779,25.9793185987693,26.4302056249051,28.2549516659399,28.1059216443338,28.7093566484519,31.2306605761365,32.5408992384382,30.4309748246452,30.6766801071242,28.4920310281147,28.6106522946222,27.8814948276387,27.7647027325961,27.0377782808113,34.1209760428815,30.0833017433531,31.8365389134476,30.2472231431655,30.853475688825,31.2766811081773,31.661594897191,30.9514115356653,30.5483604440886,30.4070928909086,30.3567783093887,30.2215487591504
"moldova, republic of","mda",NA,NA,NA,NA,NA,NA,NA,NA,NA,NA,NA,NA,NA,NA,NA,NA,NA,NA,NA,NA,NA,NA,NA,NA,NA,NA,NA,NA,NA,NA,NA,NA,NA,NA,NA,NA,NA,NA,NA,42.0249964697521,43.2955839273865,45.9505605880918,39.0940125385423,33.0185624313297,34.0251842528611,29.5077020319259,30.7394664392727,33.5038468921918,34.8079346331613,37.1194986363094,40.2968496906682,42.7119281942204,41.4981863525443,45.2999987439972,34.0962866593499,32.5621988751278,33.6675560251881,32.4423731871361,33.7756606792727,31.6899516393615,30.4596392516895,30.9783186086499,31.5286532012485,31.98540820867,36.6863007443452,34.5811608177936,36.5677104144234,38.8303185741183,37.9526298400698,39.4034113634456,40.1588649120949,40.2080854439456,39.7062727036909,39.4445006063095,39.0329077547385,38.7145361681512
"madagascar, republic of","mdg",NA,NA,NA,NA,NA,NA,NA,NA,NA,NA,NA,NA,NA,NA,NA,NA,NA,NA,NA,NA,NA,NA,NA,NA,22.7451475034459,18.1695083760608,14.2803099214298,13.4326757531494,13.9398259512753,11.84832934292,11.0676806149811,10.3912146421431,11.4296609638138,15.4740107926187,13.3457364349425,13.483148760244,16.187221093985,17.0760128614323,16.6961985775618,14.499089300071,14.3957455057826,14.4532293553584,16.93307358923,15.4775545807818,15.3468129308698,15.3100678129171,12.4425213690827,16.5636290523993,21.7010294775173,18.3531926481745,18.4738283308834,16.0865144295699,15.7111538426873,12.5084011009298,12.2805154609292,12.0410433671809,11.5157506687776,12.702090809291,12.5547491450862,13.0291571154493,13.545565021573,14.942376712687,14.351074087003,15.3615298154582,16.3550587540751,13.897889189654,16.2304849050015,17.7331213096185,16.0980577308209,13.5256732282991,17.0579807545502,16.4292031935052,16.3413866324004,16.5011418935542,16.5552334468811,16.5910919571696
"maldives","mdv",NA,NA,NA,NA,NA,NA,NA,NA,NA,NA,NA,NA,NA,NA,NA,NA,NA,NA,NA,NA,NA,NA,NA,NA,NA,NA,NA,NA,NA,NA,NA,NA,NA,NA,33.3280755914666,37.7005974915095,36.0929770722175,34.7293214659875,30.6501686861903,31.3244695010363,27.276589348187,25.222444888662,25.9026440955177,28.0232530587503,29.0454049489631,29.6490857523658,29.576049996815,26.3745493852455,24.0654607589617,38.784398712406,35.0461362361875,34.812012040317,35.5689193245317,36.9898531670266,33.192903801774,31.259922171519,29.7668406754014,26.9905677680254,29.0844380514946,33.7889521751025,37.3396656588548,30.3568966926355,31.8864249088086,32.9189931124202,50.3524222369593,40.6296261451563,41.9848157513361,46.6723341886215,43.8542675935476,36.5060782387975,42.1304195000666,40.0317716538347,40.0835244170306,39.8630277743174,39.5331075215771,37.8851546658525
"mexico","mex",NA,NA,NA,NA,NA,NA,NA,NA,NA,NA,NA,NA,NA,NA,NA,NA,NA,NA,NA,NA,NA,NA,NA,NA,NA,NA,NA,NA,NA,NA,NA,NA,NA,NA,22.9016536792154,20.103657071462,19.0217044854115,18.2411642800142,18.9371045925453,18.85444863876,20.8047388982278,20.7374011556435,19.4782053452556,20.1369467314483,19.3865156815472,19.5465754176389,19.767481630672,21.5051838450591,20.4592294925652,21.1559291054913,21.5765677503378,22.5210064369319,26.5019764581073,26.5165250583149,26.4821249167115,26.6220716539383,26.9996573172696,26.6685103342681,26.9494167465074,26.5573748439492,26.5225210161396,25.0181801234609,24.9697365921177,25.2630157386843,27.7828357360052,26.6838546799053,28.5091306860148,28.5822389442804,30.7592468298904,29.8432133313034,29.5464489006626,28.7101131446593,28.2055813707045,28.2174433980353,28.2373726797868,28.2373726797868
"marshall islands, republic of the","mhl",NA,NA,NA,NA,NA,NA,NA,NA,NA,NA,NA,NA,NA,NA,NA,NA,NA,NA,NA,NA,NA,NA,NA,NA,NA,NA,NA,NA,NA,NA,NA,NA,NA,NA,NA,NA,NA,NA,NA,NA,NA,54.961935407039,50.5130332837513,48.7148642193216,56.5196245674094,58.8181800798476,55.182813339312,52.906361915923,54.5287671741197,85.335832416743,61.1799835700944,67.2492272182249,64.2809031200273,63.0572271591196,59.2215677645545,55.9149481272279,53.2124598314215,55.0048745312239,49.2029138574131,56.2945573122956,56.7522659403988,63.7043347887613,60.4505219729353,65.5113296936162,67.8041980778873,69.1651958111296,65.7891497752024,67.5303703396455,70.9069587198163,65.2860240666816,82.5013916626375,79.20775185003,78.2992775882151,78.7397547433184,78.5320017576562,77.5744600623065
"north macedonia, republic of","mkd",NA,NA,NA,NA,NA,NA,NA,NA,NA,NA,NA,NA,NA,NA,NA,NA,NA,NA,NA,NA,NA,NA,NA,NA,NA,NA,NA,NA,NA,NA,NA,NA,NA,NA,NA,NA,NA,NA,NA,NA,NA,32.2658584189715,32.1528002124568,32.5103325458103,32.0244719672314,37.3618494107498,38.1924476548934,35.9998198946381,34.1165405660483,32.4908295428388,31.4530532584317,31.4487689366004,33.761719973969,33.5621361143403,32.5103991109017,31.8557647150065,33.2569107119517,31.6730126660968,31.7143988886172,32.2223295655814,31.1072404899848,31.7633221486282,30.2664489761332,31.4057079501013,36.4027558013922,35.2717960528841,35.0350597272155,35.2823386735039,36.1482274402906,36.1952176541196,36.1876390895793,36.0562371853595,35.9474304946794,35.8474304946795,35.7474304946794,36.0199144545295
"mali","mli",NA,NA,NA,NA,NA,NA,NA,NA,NA,NA,NA,NA,NA,NA,NA,NA,NA,NA,NA,NA,NA,NA,NA,NA,NA,NA,NA,NA,NA,NA,NA,NA,NA,NA,NA,NA,NA,NA,NA,NA,NA,NA,NA,NA,16.500204860591,15.689723880312,16.8153767920378,17.764117225484,18.511157881121,18.333622622527,18.8512854406018,18.1303985023731,16.1831431345048,19.5794537682945,17.426420188086,17.2788934641717,13.0508633882431,16.6103689095158,16.8212920632425,17.5998787218047,18.6166831391029,19.2034218759759,16.9863346839295,19.4943709143548,21.9845622145819,22.5414578190008,20.787613825738,21.2079184197845,21.0219378869829,20.9294169621263,22.6314140881826,23.6402581295858,23.8507910732065,23.9815483700634,24.1809477223517,24.2035922635977
"malta","mlt",NA,NA,NA,NA,NA,NA,NA,NA,NA,NA,NA,NA,NA,NA,NA,NA,NA,NA,NA,NA,NA,NA,NA,NA,NA,NA,NA,NA,NA,NA,NA,NA,NA,NA,NA,NA,NA,NA,NA,NA,NA,NA,NA,NA,42.9174757281553,44.4077328646749,43.6066666666667,45.568344114929,41.9552308853837,42.543134470618,42.4841095788574,41.1633380637569,42.1252645757168,41.1485916948964,40.0647051108294,41.4941417358662,41.6872785614012,40.0792186385219,39.5719953064759,37.8460876200912,35.4564951262391,32.7065899790199,34.4779436492039,34.8830357265215,42.0811140121845,39.4561737941949,38.3827544217649,35.8040975497857,37.3670402434228,36.9566337651458,35.9470529017012,35.7682832364758,35.8157071146499,35.8526219654813,35.8981531138805,35.8953354154503
"myanmar","mmr",NA,NA,NA,NA,NA,NA,NA,NA,NA,NA,NA,NA,NA,NA,NA,NA,NA,NA,NA,NA,NA,NA,NA,NA,NA,NA,NA,NA,NA,NA,NA,NA,NA,NA,NA,NA,NA,NA,NA,NA,NA,NA,25.2045383123812,22.7899325943784,21.4370656048563,19.076684411055,15.3157390863995,14.3419575395558,14.5532587654779,14.6440744933273,15.6019192750508,15.7197412945815,14.396788227209,14.4455214761142,15.7779821825825,15.6065070864778,19.9503222691347,23.8910082703269,24.7394571940825,23.7313809802063,21.2600221070646,19.6965044759393,18.715710433219,20.5398383747229,21.3057644000893,20.8969830802148,21.3279433831806,21.3811506434265,25.806785524485,25.2365506655811,25.0359342368914,24.5010314080985,24.2209308769533,23.8193637820955,23.7559784272436,23.8802709238786
"montenegro","mne",NA,NA,NA,NA,NA,NA,NA,NA,NA,NA,NA,NA,NA,NA,NA,NA,NA,NA,NA,NA,NA,NA,NA,NA,NA,NA,NA,NA,NA,NA,NA,NA,NA,NA,NA,NA,NA,NA,NA,NA,NA,NA,NA,NA,NA,NA,37.5083995501456,43.2950268222916,39.9587670418922,38.2290525822176,42.5883493981819,43.8916450112055,51.1523456766161,51.5457580390402,46.7147222850056,45.6537101235553,45.8833488139187,46.2797636875465,44.3461937920748,46.887445311796,47.7279991657875,47.6093336472107,47.8238942887023,44.4442201114129,54.9455637872103,45.1013803734118,42.1510037053463,40.3597338339527,44.1064367164888,43.8828479833663,44.6046791892625,44.7005364977885,44.6015368637132,44.6980235465075,44.8456652552377,45.1354993110877
"mongolia","mng",NA,NA,NA,NA,NA,NA,NA,NA,NA,NA,NA,NA,NA,NA,NA,NA,NA,NA,NA,NA,NA,NA,NA,NA,NA,45.0074504921782,45.4162190811586,45.9260463974498,47.0027770881934,47.8343767872358,52.0041922053724,52.8049421785897,52.3638763378739,52.6506877583391,51.7004245375665,46.0327438268509,29.1251063939284,38.2945324190963,32.1769057412357,26.5965871978732,28.6222178786519,30.8328770067749,36.188264084994,33.2020832638182,34.5284605489435,35.184869048518,35.5009535280279,33.6647509048577,31.8198236669565,25.1137172191886,26.1926546779403,35.3000924210309,37.6286820257796,35.4537745247491,31.5754337592778,37.9317568207474,36.0597391866554,32.1508676855446,32.1435665047696,31.1772964077038,39.6773930122383,32.1769506322119,28.4055539330835,30.8190794864783,37.1243140013882,35.8916722649473,33.7217234367449,31.8872930988576,37.5062449146074,34.5966418281499,33.5270202601639,33.4498544870651,32.6996336155096,32.4616099989596,32.5213063518393,32.4411870938373
"mozambique, republic of","moz",NA,NA,NA,NA,NA,NA,NA,NA,NA,NA,NA,NA,NA,NA,NA,NA,NA,NA,NA,NA,NA,NA,NA,NA,14.2128776017084,23.8158502071106,27.0448691488665,35.3383874769177,30.8734347185094,21.0469206575494,24.230232352601,22.8816537815795,27.0472520037943,27.0491633013388,20.9646896965554,17.3309224231465,21.0589385773108,20.6554577029559,22.938476179813,18.7553741276098,14.8803691090849,16.5459417770501,14.9445514814084,15.6085744241578,17.1937148425389,20.7678301233555,18.6167033032888,18.6074624335413,17.7675527321702,16.9834152883947,20.1395973033033,20.9206944589444,21.2953606123218,25.6905445024138,26.6180034468514,28.8996192956691,28.1147775348849,31.7122532270495,39.7334349177068,32.1657941312163,28.7382131443697,28.5909710449463,31.1666445683083,28.0043254257775,33.8580369575968,32.122156906094,32.8983091706991,33.3318125307691,33.3008012381993,30.2694053514234,32.9328081626381,33.1324797697513,34.2988868078856,35.4521732598934,38.0419258365774,37.8166649935612
"mauritania, islamic republic of","mrt",NA,NA,NA,NA,NA,NA,NA,NA,NA,NA,NA,NA,NA,NA,NA,NA,NA,NA,NA,NA,NA,NA,NA,NA,NA,NA,NA,NA,NA,NA,NA,NA,NA,NA,NA,NA,NA,NA,NA,NA,NA,NA,NA,NA,NA,NA,NA,NA,23.8605013442662,21.3193835917705,18.9956122046901,19.6589127332031,19.8146108004151,19.6341530451361,17.3219014255925,17.036261848985,21.5439080352491,20.1092657930079,23.8965221672268,25.6560644669172,20.8354099790085,20.2985686067279,18.9899210191063,17.8254912148365,18.5322793171573,20.7798508962199,28.7015643609145,24.7881404816342,23.5568148648095,23.4046172861606,23.9719420904424,24.4389357402027,24.4817878929466,25.0325885346593,25.5284126664621,25.9487148890991
"mauritius","mus",NA,NA,NA,NA,NA,NA,NA,NA,NA,NA,NA,NA,NA,NA,NA,NA,NA,NA,NA,NA,NA,NA,NA,NA,NA,NA,NA,NA,NA,NA,NA,NA,NA,NA,NA,NA,NA,NA,NA,NA,NA,NA,NA,25.9196144908595,21.1955456708401,21.5416477624129,21.9767915699045,22.1697331398101,21.9176445751261,21.7695514463309,20.6614226609195,20.3686501379241,22.4022157001442,24.4709989579525,23.1917798920217,23.0483563011771,21.866160311106,23.4126892288386,22.4559989382518,23.727980992615,23.3141073842423,23.5964650569439,23.9479778803586,30.2476239818582,32.0814568491545,28.2861254120376,27.6360709692045,28.4897750885767,32.5994298360545,31.3580679604816,31.2836748003459,29.9031991420459,29.4253565163816,28.62528312721,28.3522806373557,27.774892173391
"malawi","mwi",NA,NA,NA,NA,NA,NA,NA,NA,NA,NA,NA,NA,NA,NA,NA,NA,NA,NA,NA,NA,NA,NA,NA,NA,NA,NA,NA,NA,NA,NA,NA,NA,NA,NA,NA,NA,NA,NA,NA,NA,NA,NA,NA,NA,NA,NA,13.8433556001966,15.3944623221006,17.1711358880396,17.435896604257,17.8303050191512,20.724005345302,20.6412819156257,20.1771203177996,19.6023720758094,16.9970023849245,18.767346670182,20.7115557660787,18.2743719091214,19.5205826077395,19.7460757457832,20.9924054889784,19.3813670247672,19.3144786992304,22.7291308423656,23.6514739406372,26.6792480732478,25.4821213619893,29.4960081687068,30.5761116173343,29.0849556106229,30.6791043584276,29.7751490380842,29.214107951089,28.9874478156945,28.7233026370921
"malaysia","mys",NA,NA,NA,NA,NA,NA,NA,NA,NA,NA,NA,NA,NA,NA,NA,NA,NA,NA,NA,NA,NA,NA,NA,NA,NA,NA,NA,NA,NA,NA,NA,NA,NA,NA,30.5245442778383,27.3931833007175,28.2093935848689,24.6135552913199,23.2696987063256,22.5975130106768,22.390608942348,21.1551118554383,23.1135531135531,24.6425213388202,25.6321232043857,28.2233350520565,27.1440722433733,28.0690864841755,25.8844629693474,24.537702130948,25.574287793953,25.8886765866468,26.9200125235592,30.8891858214842,26.6044717110949,27.0878155436835,28.5054305164586,27.7801034764806,25.9569670020559,24.7081803977917,22.857663386643,22.0430626080365,22.7999488248752,23.5750049400664,25.0402510079559,24.4507597643569,24.6424441581191,25.0008105954015,24.0239282670877,23.4319434776152,22.5283880715347,22.0665507243654,21.7922542172917,21.6962735348399,21.6323171082372,21.5712214393422
"namibia","nam",NA,NA,NA,NA,NA,NA,NA,NA,NA,NA,NA,NA,NA,NA,NA,NA,NA,NA,NA,NA,NA,NA,NA,NA,NA,NA,NA,NA,NA,NA,NA,NA,NA,NA,30.2261988280618,33.0119336224775,32.7959905066416,32.4472972011112,28.7089024684411,29.628005921365,30.4322042153869,30.9207966182039,31.2619316710094,31.8280897243265,30.1222180458825,30.7259516264254,29.8409566649767,31.0896731264978,28.3926584865903,27.6977345200437,27.3756204504071,26.0801397267423,28.3938172134606,31.962154626468,33.4687259247036,38.4721780070849,35.0412684300472,38.308124562484,41.7920833598572,43.6735711751393,41.7622785377972,38.0931119835901,36.32961836817,37.4149370615794,41.4768993090815,39.2615586510793,36.5578579534613,37.0059587051585,39.6220616081423,39.4166531059093,37.6275123822686,36.4093342177774,36.2982076114616,36.2689189211029,36.4118090029038,36.5414985803876
"niger","ner",NA,NA,NA,NA,NA,NA,NA,NA,NA,NA,NA,NA,NA,NA,NA,NA,NA,NA,NA,NA,NA,NA,NA,NA,NA,NA,NA,NA,NA,NA,NA,NA,NA,NA,NA,NA,NA,NA,NA,12.4908738216707,10.8778648510655,12.899276347624,13.6320616066755,14.9635747974673,13.5033873718627,13.7324978398523,14.4491123085243,14.0361920012439,16.0712527178022,15.5512836283744,15.1972549759599,17.3971841569583,16.8745044577884,17.6875070920897,14.2945489534143,15.3293598371543,16.6413121199901,20.4482011320735,23.6386801388351,24.2378420915608,19.3616047620882,19.509277649227,21.1584350987062,21.5617626269312,22.3663624562669,24.2600872353276,21.5738275846271,15.8038173121469,13.4232365208153,14.7868548817919,15.3971560741418,15.0508329890452,15.1250275833467,14.9781429208573,14.9636899645356,15.1635147143405
"nigeria","nga",NA,NA,NA,NA,NA,NA,NA,NA,NA,NA,NA,NA,NA,NA,NA,NA,NA,NA,NA,NA,NA,NA,NA,NA,NA,NA,NA,NA,NA,NA,NA,NA,NA,NA,14.1788339387286,13.6105994728393,15.9475018122042,20.0014875161716,12.0616417518982,8.87432455185243,7.86598689878736,9.68042739263058,11.1630460613533,14.9178537564216,17.5696988012994,21.9123389839183,13.7629315702487,16.4790678898198,13.0233878167888,12.6486004803053,8.74631541610204,12.8775906475251,10.2111747486864,10.9578458526935,11.7823388546768,12.2831285897042,10.538940260417,10.0446196926877,9.49130134707866,7.84652092428789,6.93128818410509,8.51475911761933,9.10354964026365,8.86877818905979,8.73186316034844,9.08867098112657,10.612068338442,10.4135312398128,12.0279115096387,11.7278303563987,14.9836446279952,13.3018886973286,12.4552962364038,12.4247717100182,12.4180280170942,12.2711794854139
"nicaragua","nic",NA,NA,NA,NA,NA,NA,NA,NA,NA,NA,NA,NA,NA,NA,NA,NA,NA,NA,NA,NA,NA,NA,NA,NA,NA,NA,NA,NA,NA,NA,NA,NA,NA,NA,NA,NA,NA,NA,NA,NA,NA,NA,NA,NA,20.5636483637347,19.2264077401701,18.7277564885498,20.8839491250792,20.8198865985738,21.2670639860467,21.3527137020986,21.4809122787249,21.8783853222162,22.739564495044,22.588762231095,23.5349155089953,24.0848361072235,24.2027846567698,24.5871515098646,25.4454273082162,26.8399403427084,27.3068884803595,27.6858256644475,27.6538455114658,28.9214940197846,30.0020718039596,28.5750328420671,26.0128640956369,26.2033016565423,26.1025994771641,27.0778380907923,26.6589568102692,26.4819433249752,26.2106169886389,25.7647983584343,25.318326181069
"netherlands, the","nld",NA,NA,NA,NA,NA,NA,NA,NA,NA,NA,NA,NA,NA,NA,NA,NA,NA,NA,NA,NA,NA,NA,NA,NA,50.6455537297129,52.2968957136814,53.8495404302179,54.5199410844899,54.5257195402333,52.9358561708152,52.6061383045076,53.6277167064082,51.7415217257073,49.9196414735581,48.8254603217256,49.5863007040221,50.2391417462926,50.8655590567909,49.4412766364369,53.9347699617007,47.3402838111787,45.7079478439647,44.6148936655194,44.2758774988516,43.2102806115115,44.0753632431291,44.7811795959841,45.7520960339949,44.6730740650861,43.420258098575,43.9619776523379,43.2685962024808,44.2592419150037,48.4273366202614,48.8666017647919,47.7758824901336,47.6424725628654,47.5421708107523,46.739372291406,45.2517610040405,43.9169646266532,42.7587795877,42.4430915324163,42.0983239873362,47.8131893300737,45.8943413156862,43.2657825360729,44.0005218386623,44.4128471507645,45.1463683354814,46.1559066102376,45.8047450854068,45.9195500002165,46.4439551970589,46.7289829116334,46.9183599446364
"norway","nor",NA,NA,NA,NA,NA,NA,NA,NA,NA,NA,NA,NA,NA,NA,NA,NA,NA,NA,NA,NA,NA,NA,45.4071278478526,44.6466677106056,44.0626509876391,43.4337973638335,44.0083975530114,43.6199106390016,41.6347377222196,40.9860036931153,44.4310388974955,46.6933828567351,48.5917889440261,48.249848677933,49.1203589488326,50.2712737985048,51.6427316265015,50.5416317584938,49.6684805745229,49.6471307214726,47.3537455597614,45.8769051957625,48.2025417455472,46.7484695385513,41.5288287640402,43.3710748879317,46.2802891291887,47.683137028704,44.6821615560559,41.5892858032906,40.1490903190258,40.4598060812738,39.1569111456327,44.7084030999277,43.5561895847547,42.2947158219195,41.4066172648098,42.318552211874,43.9897335497455,46.6982641599129,48.7834612224867,47.5736903151201,46.1412619656165,48.3685058782217,54.5411707961656,44.6977408878564,36.2497716947294,44.2451290132859,46.9046479097495,49.5514365943605,49.339316057011,49.865652781456,50.3075138729405,50.7219905215363,51.0970705975841,51.461113981963
"nepal","npl",NA,NA,NA,NA,NA,NA,NA,NA,NA,NA,NA,NA,NA,NA,NA,NA,NA,NA,NA,NA,NA,NA,NA,NA,NA,NA,NA,NA,NA,NA,NA,NA,NA,NA,NA,NA,NA,NA,NA,NA,NA,NA,NA,NA,11.4316835743534,12.903118593904,12.9926933100056,11.957417222518,11.7989977115309,12.0487976645266,11.1694302295898,13.1045064081552,13.3905919319879,16.9806196544335,16.454325744653,16.3454181755506,16.7683241312758,15.4955472683053,16.5833049818805,17.6697602811111,18.9614098162316,23.6347708239951,27.9990925885272,27.1387810543043,28.4908085168604,27.2482759378504,26.0573502145189,25.0808767645248,21.8322598147453,21.8291655763254,22.3709461336735,24.8830479288679,24.8367431080238,24.7973211331524,24.9050858929898,25.1106615625411
"nauru, republic of","nru",NA,NA,NA,NA,NA,NA,NA,NA,NA,NA,NA,NA,NA,NA,NA,NA,NA,NA,NA,NA,NA,NA,NA,NA,NA,NA,NA,NA,NA,NA,NA,NA,NA,NA,NA,NA,NA,NA,NA,NA,NA,NA,NA,NA,NA,NA,NA,NA,NA,NA,NA,NA,NA,67.9777154046028,73.7715343462634,44.697394271506,45.9739636403752,66.0191151822871,61.3277157863312,85.3584710437598,96.0083536033667,102.283309406513,90.7770047275305,105.96958172077,109.391344301506,109.462694848169,113.79216356795,111.015503618086,118.371235519612,128.72030494896,131.606828629057,130.918599086657,127.453210508842,126.951082200838,126.200062504508,126.03986151539
"new zealand","nzl",NA,NA,NA,NA,NA,NA,NA,NA,NA,NA,NA,NA,NA,NA,NA,NA,NA,NA,NA,NA,NA,NA,NA,NA,NA,NA,NA,NA,NA,46.0859288846134,46.8242266425819,46.0113732707483,46.0519018851138,47.7459910063714,49.5072776775749,52.9182504094139,52.4472285924696,46.7287324105953,42.7076843061505,41.5553686697501,39.820192006252,39.2814677349772,40.0781806714236,39.2019707910069,38.2471482593915,37.1850699669075,36.7139735650416,36.6250553629083,36.1020068125742,37.054280707765,37.7893840500381,37.0260721783016,38.4400146373507,40.2823989352853,42.8537138219108,42.2982804076281,39.6502300205747,38.5503359234279,37.6073696003984,37.1519492430529,36.3767187201367,35.5506148191842,36.0634968939579,38.7389175185242,41.8878214812029,41.8042637615673,41.6715293386061,41.0235604185847,41.7122629263244,41.5526082138906,41.1533987247372,40.4000578621211,39.4707339689759,38.8295789240788,37.715820132808,37.4686201806972
"oman","omn",NA,NA,NA,NA,NA,NA,NA,NA,NA,NA,NA,NA,NA,NA,NA,NA,NA,NA,NA,NA,NA,NA,NA,NA,NA,NA,NA,NA,NA,NA,NA,NA,NA,NA,36.5086328448369,37.448203121658,40.1406069031807,40.0549638186325,39.7454497403744,38.2453783193375,33.4829267311156,32.0879604733356,36.1290839935836,34.1717225031031,31.2218061053174,33.2787025382696,34.1375144688183,33.9568042614127,34.0772245472165,30.6268725423817,30.0553951483005,30.7229423455236,25.5865462244803,33.3714668027623,30.5854104644274,34.4948798131765,38.6290076466278,39.29288350906,41.415330705952,44.5413338114233,44.6140215993527,39.4284996264801,38.3206352990307,38.7785435867478,44.5382776759437,36.4928646432087,31.0988845365106,27.5273917403332,28.7237031666038,28.908776383935,26.557402079927,26.0007293099107,25.1162493261815,24.6005331278402,23.8174072452318,23.0598457423547
"pakistan","pak",NA,NA,NA,NA,NA,NA,NA,NA,NA,NA,NA,NA,NA,NA,NA,NA,NA,NA,NA,NA,NA,NA,NA,NA,NA,NA,NA,NA,NA,NA,NA,NA,NA,NA,NA,NA,NA,16.996490968745,14.511281771921,13.9718467895735,15.0206294967679,13.7277262500033,14.1216525103244,13.2360404457941,13.8200091507928,12.9485248641311,14.3649119909282,12.8536380768087,12.1253946895809,12.9540427731844,14.4680331065796,16.1214982149053,18.0354810737007,17.300776882539,18.3165523246336,17.9228352498577,19.4284588800025,19.5062696046816,18.093867376148,17.83293367357,17.7120132043194,19.1279403188816,19.1078293056282,19.0537503869148,20.2964177274958,18.4582679076173,19.954556286981,19.2904042454327,19.4308753129101,21.2100202596078,19.0155390887178,18.4887759337812,18.5072112205047,18.3025395880835,19.1493793128694,20.0844178763098
"panama","pan",NA,NA,NA,NA,NA,NA,NA,NA,NA,NA,NA,NA,NA,NA,NA,NA,NA,NA,NA,NA,NA,NA,NA,NA,NA,NA,NA,NA,NA,NA,NA,NA,NA,NA,NA,NA,NA,NA,28.4705624194323,29.3343470439747,24.2788713594725,24.7785334623643,25.9239940679122,25.2167927857812,24.6798876706653,25.1813736170919,25.0947620053211,25.6772893973155,24.4083136610457,23.1934650528456,22.4248630778439,22.1765151560695,23.0260273120341,22.9489782090818,24.4295513583504,23.7190710721766,22.9924243238062,23.5906683362611,22.9217647523725,21.3546144963513,21.2513679898138,21.1448603986469,21.7096941410542,20.4876851265297,27.0167218101132,23.7490456162303,21.3474744742274,21.3841297216986,23.1092060518801,20.93151243936,21.3497891815008,21.214391229127,21.028555096617,20.9211653655263,20.6639733759934,20.8853105660253
"peru","per",NA,NA,NA,NA,NA,NA,NA,NA,NA,NA,NA,NA,NA,NA,NA,NA,NA,NA,NA,NA,NA,NA,NA,NA,NA,NA,NA,NA,NA,NA,NA,NA,NA,NA,NA,NA,NA,NA,NA,NA,NA,NA,NA,NA,21.7349967588223,20.9336499511105,19.6489970591646,20.1130090564407,19.5578930577956,20.3787435980233,19.1620645920588,18.5931493158707,19.8944208927452,21.3448151987262,21.0018359722676,19.7912244564998,20.3019974505732,21.4569961255093,22.3975447331589,21.9930311720272,20.5043108726024,20.6227847829094,20.9685390026503,20.8199728151847,25.6702677909633,23.1267225183781,23.1018309448845,22.0599562583543,22.2178325168176,21.4256918116515,21.3292587572321,21.2754429937503,21.1992335313479,21.143082040931,21.1062815023988,21.0105939114069
"philippines","phl",NA,NA,NA,NA,NA,NA,NA,NA,NA,NA,NA,NA,NA,NA,NA,NA,NA,NA,NA,NA,NA,NA,NA,NA,NA,NA,NA,NA,NA,NA,NA,NA,NA,15.7231931374719,18.8105055611976,18.0423455927722,18.4213035792478,17.5906520480593,19.6826034157051,19.1025937891669,19.6205380801942,20.2870295484956,20.3369288252793,20.7490947957439,20.8091833657647,21.016529424642,20.5574961746295,20.4112227895522,19.3698836417787,18.7409755833762,18.282287000541,18.1838174260024,17.8841541681143,19.2093103515978,18.3482171048618,17.2178925231812,17.7060232201283,17.325328859425,16.8314925712706,17.786458406253,19.0111004708012,19.4574054860026,20.9134302888067,21.7204998322145,25.9201117670284,27.1996197338886,25.8866301781285,24.659006770585,25.6435476088568,24.2621195475827,23.9813423675007,23.0609391327424,22.7334686262236,22.2744787211338,21.8271555198295,21.6555745706511
"palau, republic of","plw",NA,NA,NA,NA,NA,NA,NA,NA,NA,NA,NA,NA,NA,NA,NA,NA,NA,NA,NA,NA,NA,NA,NA,NA,NA,NA,NA,NA,NA,NA,NA,NA,NA,NA,NA,NA,NA,NA,NA,NA,NA,NA,NA,NA,56.5858207686455,49.551927034327,48.5568567535525,51.9578232386556,48.5405555398523,40.2971281724439,45.5321863260504,49.0634035001684,44.3288027080918,42.3274659795365,47.7807930996856,43.4121922204843,43.2343001601334,40.1248216480908,39.8423446895229,35.4768483333466,37.5957801195001,34.8886548670792,37.7849133721777,42.7147038169347,58.2156729961427,65.9147781966845,63.7069327115092,50.4252273697621,52.5835293696828,52.1193179956216,51.5028768321968,51.0852823922786,50.9211857576521,50.8564266235394,50.7567038793528,50.578043896654
"papua new guinea","png",NA,NA,NA,NA,NA,NA,NA,NA,NA,NA,NA,NA,NA,NA,NA,NA,NA,NA,NA,NA,NA,NA,NA,NA,NA,NA,NA,22.9712280477697,24.152608370678,24.7192228805023,25.5071751125231,23.5877679124395,19.1429847370568,22.3467727356065,24.5326224013652,22.3875510508097,22.7923901475498,23.5484185578487,19.2915155237092,17.0947398308739,17.5669784552468,20.5629616017494,20.029179708638,21.4453814321044,20.4569715528643,21.5646841255155,20.8171090744766,18.6687766041405,19.4371273303492,20.6117541150268,19.4450867428558,18.0213028168865,19.7538937537554,24.6511021625546,18.3937017504267,19.6880222102243,22.4170602398112,27.609755434581,27.0504293519927,22.845856785757,20.8683265354028,18.3666542595396,20.3189558692971,21.2924798531486,23.5080867316476,21.9705746927611,21.8949994900404,22.2516612446763,20.8604978411793,19.6944761596915,19.2990568867572,18.6754348796959,18.5405553189088,18.6144383442292,18.5311227032867,18.4150507646062
"poland, republic of","pol",NA,NA,NA,NA,NA,NA,NA,NA,NA,NA,NA,NA,NA,NA,NA,NA,NA,NA,NA,NA,NA,NA,NA,NA,NA,NA,NA,NA,NA,NA,NA,NA,NA,NA,NA,NA,NA,NA,NA,47.3126889392518,50.5762152164469,45.9592719117024,43.8957691377163,42.3578236798192,42.9095095593005,44.5622452741029,44.9008996625464,45.2858434040934,43.3605962986992,44.1135753384374,44.2926459611312,42.8333631515476,44.0257906867946,44.9032162390851,45.9987641934628,44.1181266182734,43.1701312134688,43.2095520273787,42.6826454447911,41.4961845509543,41.0523975806129,41.1308640268905,41.0405009977246,41.4225018505323,47.7350773421823,43.5680347506975,43.2479172887407,46.8589956096639,49.441734465708,49.9530443320575,51.1519780769902,50.7004907344654,49.2612992077815,49.0687683964727,49.0602843167346,48.9700576799162
"puerto rico","pri",NA,NA,NA,NA,NA,NA,NA,NA,NA,NA,NA,NA,NA,NA,NA,NA,NA,NA,NA,NA,NA,NA,NA,NA,NA,NA,NA,NA,NA,NA,NA,NA,NA,NA,NA,NA,NA,NA,NA,NA,NA,NA,NA,NA,NA,NA,NA,NA,NA,NA,NA,NA,NA,NA,NA,NA,NA,NA,22.5142328919292,21.5134109299979,20.9755038220394,21.9263819924792,22.1289222799302,21.0683268232391,21.3621510506055,21.2259664220837,20.5711866357119,22.1727560718057,22.0952547450563,22.930711396754,22.5443810777195,22.0658163364825,20.283128326117,20.0002173525177,19.7393373296043,19.4818824051404
"portugal","prt",NA,NA,NA,NA,NA,NA,NA,NA,NA,NA,NA,NA,NA,NA,NA,NA,NA,NA,NA,NA,NA,NA,NA,NA,NA,NA,NA,NA,NA,NA,52.4704992169701,45.7353801922646,42.1747791252353,41.4513960016846,42.1648700946794,45.9401678455377,48.2181068500405,46.4792718283141,42.7616015404113,42.5928382484261,43.0437289881677,42.4074419359157,42.6275318041479,42.4950699520833,42.8308158346604,44.0900673245684,44.172378646157,45.3122077555765,45.9959493827193,46.7203138136405,45.1667402460237,44.5582112040227,45.4854921307763,50.2574843301514,51.8871636002144,50.0275468344394,48.8340007369227,49.9568596800011,51.6596174299859,48.2150545802893,44.865694320445,45.4859032137123,43.2814237825223,42.4808860463826,49.1231132432121,47.343194123804,43.8739172281039,41.8978252844619,42.5055256616732,43.7431802570336,43.9122837658773,42.5352922496328,42.6796724088219,43.0007083684245,43.3391528796308,43.6969455590476
"paraguay","pry",NA,NA,NA,NA,NA,NA,NA,NA,NA,NA,NA,NA,NA,NA,NA,NA,NA,NA,NA,NA,NA,NA,NA,11.7414370544655,11.6209889435703,13.2868649915856,13.1534328749559,13.0469157672467,13.008984369382,11.3793629080731,9.25471522197392,10.1495448503261,9.7512764854667,11.8308449386407,10.5372060524126,11.3749588779314,12.9712409003294,12.9313464924498,14.4798836220269,15.7226462228222,16.9176853017499,18.0518124992236,17.9576947816116,19.1946062131246,19.6203189483635,19.0395972833944,17.6416406904477,14.596292494952,14.0133933241032,14.0435396262926,14.0816940871639,13.0852029415958,11.8267759175226,14.2597926704899,13.3328743054025,14.7065425325221,17.5832374074712,17.0781048258191,17.1353275805294,17.9775790119417,17.6991998658825,18.0568962333164,18.4881127165252,20.1208798965072,22.6318847494347,20.4543304976632,20.2141286881641,21.464779619034,20.8624199325952,19.6091810143724,19.2764269476428,19.3427459731236,19.4121159449237,19.4904210373841,19.6498126714328,19.6166084252735
"qatar","qat",NA,NA,NA,NA,NA,NA,NA,NA,NA,NA,NA,NA,NA,NA,NA,NA,NA,NA,NA,NA,NA,NA,NA,NA,NA,NA,NA,NA,NA,NA,NA,NA,NA,NA,49.9757539736756,57.5255318790474,54.1942374169167,62.8006510826395,59.7707205966179,52.2431051488458,55.1556318371532,47.6480959626488,55.1114860602444,42.3614161755098,29.7854927546402,32.1097441886309,31.581021632821,28.5071798701339,29.918817352867,28.9898966916112,29.545324574324,29.45630916495,23.5474060561796,36.4321882875536,31.9966684446527,28.497368602035,30.983617224008,28.2932331216848,32.3152487550922,38.5595847353554,40.1381483057369,34.6631400696793,28.8960982342863,32.464350964313,34.6994093463985,29.3683365814513,24.3343100438004,26.7194941106418,26.0316489335031,27.0792641831078,28.9803339222153,28.4960311019654,27.8884658150065,26.704355180031,26.2349401414702,25.9724543414365
"romania","rou",NA,NA,NA,NA,NA,NA,NA,NA,NA,NA,NA,NA,NA,NA,NA,NA,NA,NA,NA,NA,NA,NA,NA,NA,NA,NA,NA,NA,NA,NA,NA,NA,NA,NA,38.3568297284004,38.2841455366387,41.5321835371133,33.4534561582444,33.1020130667309,34.3928135904761,33.4563173740758,33.5194576136973,34.7263681100299,35.1133032449062,35.0365449080102,33.1643262624008,32.0823911237494,31.8159116542204,33.654559699013,32.3012571554466,33.8571652799926,34.5652281666213,35.2716051715406,36.3110158298921,37.4237905703396,35.0487480998237,33.4701186097174,34.2236676071744,33.7578629309871,34.1627091026956,31.8124146974595,31.0186516303528,31.9293464759815,33.4438057360985,38.2971561639098,37.2408468708374,37.4959786605063,36.9668318110923,39.9512732992065,40.459342777326,39.7019422880763,37.6640397918492,37.619685946878,37.5520402096528,37.4704545632154,36.9702559602338
"russian federation","rus",NA,NA,NA,NA,NA,NA,NA,NA,NA,NA,NA,NA,NA,NA,NA,NA,NA,NA,NA,NA,NA,NA,NA,NA,NA,NA,NA,NA,NA,NA,NA,NA,NA,NA,NA,NA,NA,NA,NA,NA,NA,NA,39.6827927214909,34.2867433157078,30.6507150783884,31.4642668957694,33.8179297269644,32.5986889921334,29.6283957704358,29.4578666249466,29.0397539360012,31.9415180784986,32.0104116398604,38.5961392709114,35.5048306777915,33.2612110904049,34.0286984744823,34.6518689069558,34.9381909239677,35.2734525481133,36.5862080307247,34.8301714931545,32.6209772709347,33.7522620288438,39.1525657368929,34.9391343531463,35.147334870877,36.1423032950943,36.6578536273512,39.1371306691833,37.4913286535782,37.6311933357216,37.8090359922452,37.0439828346783,37.1608160884711,37.5409003234457
"rwanda","rwa",NA,NA,NA,NA,NA,NA,NA,NA,NA,NA,NA,NA,NA,NA,NA,NA,NA,NA,NA,NA,NA,NA,NA,NA,NA,NA,NA,NA,NA,NA,NA,NA,NA,NA,NA,NA,21.8141138809185,20.5691065435318,13.5192702055072,18.2652993604181,19.7883891684718,17.2430875278858,16.6045821075246,22.6972148302283,18.5001623482794,19.3399051763925,20.7475320885225,18.7634676681593,18.1326235257273,20.234501647171,20.8726534940753,22.7043778634679,22.7315589627797,22.5935949764521,24.116211391329,24.9841809340504,24.8890133563119,26.5160948972257,27.8485111407286,26.8934639174892,25.4214823808936,25.3322900352611,26.340521042797,27.7445304713049,32.4590118358422,31.0465795528195,28.7246243363421,26.15705891106,27.144684820745,24.138366318253,24.6427407501489,23.5706106416648,23.7086488395307,23.9985846829894,22.9984347629978,24.1064778882682
"saudi arabia","sau",NA,NA,NA,NA,NA,NA,NA,NA,NA,NA,NA,NA,NA,NA,NA,NA,NA,NA,NA,NA,NA,NA,NA,NA,NA,NA,NA,NA,NA,NA,NA,NA,NA,NA,39.2811094010342,34.9458576344572,41.1651847018378,37.7316432513194,33.7941252000079,32.4131597428556,33.3423091228241,35.598109834876,34.5306853630664,30.3148379309378,33.1331497535462,36.9391875061548,35.863869191108,33.1158969897897,31.0940530691077,28.1507511557805,27.269017465207,29.4528966633907,26.679656358023,37.0657323240013,33.0115697581,32.3881341974348,32.5281700422931,34.4606061907799,38.6406429655989,38.5066988269842,33.2912436484398,30.9306206643986,32.4473758457373,31.7700413010537,37.3858078130637,28.1937291908583,25.2728216930774,28.3002661886184,29.2304810367956,28.9948953082946,26.673948235951,26.6701244982453,26.3148990760188,25.8730528330823,25.4366319830851,25.0159418289205
"sudan","sdn",NA,NA,NA,NA,NA,NA,NA,NA,NA,NA,NA,NA,NA,NA,NA,NA,NA,NA,NA,NA,NA,NA,NA,NA,NA,NA,NA,NA,NA,NA,NA,NA,NA,NA,30.9650086201386,45.7000028874754,50.4208162193213,23.6857087494349,19.551466133689,12.8780137930649,9.30508907632933,7.38038450948136,7.78946930686528,8.39585565133335,10.3616379480228,9.86631068834319,10.5406428509223,12.5434602105307,16.5116946387436,19.7496610812853,18.8235855882935,19.5833153971043,19.7118354860875,18.7547988939738,17.3510990661024,18.2329594333594,16.481621252623,15.323523580569,13.510413094674,12.3784458515908,9.9762380176393,12.8124077572802,16.8326780920546,18.6834745786814,10.903219944526,9.83864432115772,17.894448614041,8.22851129304013,6.39000188577049,5.99352090675099,8.45300292003625,13.3798128722885,13.0984702530734,13.3500421070162,13.258115600677,12.9220304264664
"senegal","sen",NA,NA,NA,NA,NA,NA,NA,NA,NA,NA,NA,NA,NA,NA,NA,NA,NA,NA,NA,NA,NA,NA,NA,NA,NA,NA,NA,NA,NA,NA,NA,NA,NA,NA,NA,NA,NA,NA,15.8982836294677,14.4404113912337,15.3775671204102,14.0577194098619,13.4687021140819,14.6239969453674,13.981602777732,15.7123450703634,15.515075521219,17.0699505954912,18.1449040414763,18.6690224325087,21.2835509568848,22.1719582877567,20.9385865827044,21.1185973735821,21.6986910700502,23.2514607100431,22.9715172237392,22.0902936317152,23.0998647371023,22.9469056443977,23.963091528369,22.4630223987616,22.5523497609618,34.2695587247138,29.5938725052091,33.6514372960378,36.0925862879077,35.4953013535072,33.5356347852614,29.1704525844669,29.0812552936628,28.3393483818225,27.1484494951733,26.4179861545479,26.4144901813683,26.4553674227109
"singapore","sgp",NA,NA,NA,NA,NA,NA,NA,NA,NA,NA,NA,NA,NA,NA,NA,NA,NA,NA,NA,NA,NA,NA,NA,NA,NA,NA,NA,NA,NA,NA,NA,NA,NA,NA,15.0587669741121,15.8502173252067,14.5282339906188,14.5177570848802,11.7242542814459,13.8003390378248,18.0971711426289,14.546385571983,18.0653162983731,15.8838080131751,16.1225846820875,18.2131622916997,15.9313995170429,15.6452757775799,14.0653534638279,12.3788361388818,12.2796884090822,9.01474286879543,13.9749906699234,15.8523900861252,10.230913643937,9.66046623155665,9.82514102187718,10.9145704590198,12.5748392713841,14.4181088897746,15.2200505511389,13.5590070112999,13.8524702972905,14.0033275282278,23.9688718243191,15.354053711934,14.8768006984827,14.6437553602935,14.2521262457811,15.4521866363917,16.0813390708211,16.5313390708211,16.9813390708211,17.431339070821,17.731339070821,17.7313390708211
"solomon islands","slb",NA,NA,NA,NA,NA,NA,NA,NA,NA,NA,NA,NA,NA,NA,NA,NA,NA,NA,NA,NA,NA,NA,NA,NA,17.6376045125075,19.5189481583732,17.9198057366019,17.0485083345466,23.3155018402453,25.6390801522181,27.9571211830034,41.96457735615,35.7219525215409,37.2449827585769,25.3524657099574,33.243096095677,29.6445344037154,28.0533158063688,25.4827745342506,20.833071639988,20.3988415338996,16.292556177302,13.0929495002498,15.7678990315138,15.7585974371124,15.3096437300678,14.0541644999015,12.5689779838232,12.4525643224999,14.6700469875799,17.3816024094119,21.1441712910466,24.2749327732664,22.6825116250605,22.5742439369593,26.6818504226547,29.3632209845797,41.7843254825792,39.8408447151701,41.4587836145297,39.6086569167208,40.3824411297067,34.8155984461479,35.6065793756388,40.3843227260823,36.9037119785956,43.5353267793643,44.188949149064,39.5918155004348,40.610090879311,40.7680115143371,39.7009732169008,39.5058258964813,39.4705478645746,39.4658330048509,39.6356587607021
"sierra leone","sle",NA,NA,NA,NA,NA,NA,NA,NA,NA,NA,NA,NA,NA,NA,NA,NA,NA,NA,NA,NA,NA,NA,NA,NA,NA,NA,NA,NA,NA,NA,NA,NA,NA,NA,NA,NA,NA,NA,NA,NA,NA,NA,NA,NA,10.2786451971534,11.9966370671189,12.5774891277947,11.7111459054898,11.1434435503352,10.8642109628163,9.97056791474471,8.10379005869547,10.3378182698709,11.3001047534132,12.4890711541722,13.1857999165744,13.4526072106197,11.4244194696213,13.5484557019753,13.0645065931292,14.936245222246,14.9682267077934,13.6522825841843,13.2938778360621,15.62675242783,16.7514607618749,16.7158718898146,15.4257321474644,17.5561727925423,16.4838925862772,15.8950596030985,14.0206900844752,14.0953204526889,13.5517767478188,13.2577595197801,12.8782690394228
"el salvador","slv",NA,NA,NA,NA,NA,NA,NA,NA,NA,NA,NA,NA,NA,NA,NA,NA,NA,NA,NA,NA,NA,NA,NA,NA,NA,NA,NA,NA,NA,NA,NA,NA,NA,NA,15.8773907441986,18.5345877075517,20.7520579970882,18.5085851335555,18.9089384817959,18.5638849829347,21.0349578062107,18.6247777265367,19.2874980890827,19.6504014332776,20.9627930647444,21.6753325224466,22.5092954155322,22.6264300683727,21.4975903475771,22.4284193364625,23.4122860207248,22.8269982134061,24.548255670531,25.9580192033117,25.5906366170155,25.2752442555329,27.3827181311474,28.4945241840411,27.6083281523551,27.1075838391691,27.4616259015524,28.0920233823744,27.6057813987851,27.7811167924656,32.7053804413032,31.0884345581577,28.6603274542456,30.5245172616851,31.3617811534451,30.2304249228416,29.5699712307747,29.6449803021144,29.9411767854364,29.7040209582609,29.5376073839731,29.1521677512685
"san marino, republic of","smr",NA,NA,NA,NA,NA,NA,NA,NA,NA,NA,NA,NA,NA,NA,NA,NA,NA,NA,NA,NA,NA,NA,NA,NA,NA,NA,NA,NA,NA,NA,NA,NA,NA,NA,NA,NA,NA,NA,NA,NA,NA,NA,NA,NA,NA,NA,NA,NA,18.9746442796873,19.3297016738026,19.6547857199172,20.6529452819017,22.0317742115534,24.8374943877188,24.3630177125007,25.3761096025212,30.5762619782702,30.1599181897163,23.7319171327669,26.2929229389627,23.4361974630006,25.5657838111542,24.5069276029564,22.4486581854329,59.1779972339249,37.0878602596747,21.6629297126653,21.6784823685915,20.9107619118987,21.9668083250025,22.7073117677247,21.2319353895076,20.5657629666648,20.4871186999366,20.4201742618143,20.3085776942663
"somalia","som",NA,NA,NA,NA,NA,NA,NA,NA,NA,NA,NA,NA,NA,NA,NA,NA,NA,NA,NA,NA,NA,NA,NA,NA,NA,NA,NA,NA,NA,NA,NA,NA,NA,NA,NA,NA,NA,NA,NA,NA,NA,NA,NA,NA,NA,NA,NA,NA,NA,NA,NA,NA,NA,NA,NA,NA,NA,2.00143966203036,2.31018376090263,1.82223469134178,1.85366234667565,2.87995521359211,3.40092451416233,3.63324053148469,5.47284947128215,4.8522855670946,7.05215650668104,6.68155632009237,7.36011798588069,7.48515741420185,7.76658733633769,6.97404046657393,6.97032894094572,7.17287927842976,7.21002792268073,7.22900417874127
"serbia, republic of","srb",NA,NA,NA,NA,NA,NA,NA,NA,NA,NA,NA,NA,NA,NA,NA,NA,NA,NA,NA,NA,NA,NA,NA,NA,NA,NA,NA,NA,NA,NA,NA,NA,NA,NA,NA,NA,NA,NA,NA,NA,NA,NA,NA,NA,27.9997974465913,30.4980249348955,38.5623391138225,37.6300655229773,37.8085832301163,38.9016126023175,41.3197626994505,40.5827891275438,43.684921325128,41.1436118942641,41.1667328593669,40.0169025972723,43.3355942588166,40.5822809214149,42.9358732275466,40.9615919178486,40.2939982757968,38.5179192159952,39.0335663504494,40.1954637262675,46.0335145991111,44.395308437326,41.3706153666181,40.6001352341067,42.190732157949,43.170232168325,43.6706634605903,43.8295576213284,43.1139219325721,42.9698259651884,42.4740183569561,42.4293023608401
"south sudan, republic of","ssd",NA,NA,NA,NA,NA,NA,NA,NA,NA,NA,NA,NA,NA,NA,NA,NA,NA,NA,NA,NA,NA,NA,NA,NA,NA,NA,NA,NA,NA,NA,NA,NA,NA,NA,NA,NA,NA,NA,NA,NA,NA,NA,NA,NA,NA,NA,NA,NA,NA,NA,NA,NA,NA,NA,NA,20.846695347539,31.6180357880451,25.3359201021899,37.6302234393959,33.6948477804881,52.0385579760564,42.1706858264627,59.2065557171218,47.9262350511803,34.0998591834036,44.1140792132361,29.4508171195995,21.287011078642,18.9471830035382,18.4246349499827,26.7639153299547,26.7888804602474,26.9134654282352,26.6370289470113,26.5538506750615,26.5564801086065
"são tomé and príncipe, democratic republic of","stp",NA,NA,NA,NA,NA,NA,NA,NA,NA,NA,NA,NA,NA,NA,NA,NA,NA,NA,NA,NA,NA,NA,NA,NA,NA,NA,NA,NA,NA,NA,NA,NA,NA,NA,NA,NA,NA,NA,NA,NA,NA,NA,NA,NA,10.7369445430077,52.7994090394447,44.2654823488413,51.8642207321325,60.6379861783898,43.6657438969455,32.4658260190696,38.9189211647708,30.446679818364,48.6115144551353,51.6895158914576,53.3604232077714,50.5001910867801,35.5086800290023,35.9678186014375,41.5849194013768,38.296236419755,31.9298495944188,27.9612671299536,22.8318332844239,23.1807914743953,25.6325041496983,27.7054565676468,23.919487202772,23.7983672343863,21.1897295709033,20.6070656542866,19.6803351926288,19.2007359813364,18.9644344908238,18.8174805484649,18.884817226621
"suriname","sur",NA,NA,NA,NA,NA,NA,NA,NA,NA,NA,NA,NA,NA,NA,NA,NA,NA,NA,NA,NA,NA,NA,NA,NA,NA,NA,NA,NA,NA,NA,NA,NA,NA,NA,22.6717268349366,26.6413704394424,24.4285596756399,21.1522271712869,19.7579904138574,20.2440046877749,21.3901183660857,21.110129357446,30.3450535034945,19.613413906476,24.3623415113813,21.8375509911812,22.1987254000796,19.1770309023165,20.8128073560447,22.2054553210407,22.2087453871371,22.5819324840173,20.4994176252256,24.0213458306517,21.0268246792638,21.0488121987909,25.0639985190511,26.1790514134768,25.1569699290137,29.8808333573608,27.9092871235686,28.7399182383047,29.4613723587251,40.5023191844904,30.2036521859044,32.021497331358,28.2079104335374,28.8804229017424,29.2649879779435,37.2934176688892,30.1683648972697,27.7435948661617,23.2407592958846,18.1399906997596,19.5414452215198,20.9152148398525
"slovak republic","svk",NA,NA,NA,NA,NA,NA,NA,NA,NA,NA,NA,NA,NA,NA,NA,NA,NA,NA,NA,NA,NA,NA,NA,NA,NA,NA,NA,NA,NA,NA,NA,NA,NA,NA,NA,NA,NA,NA,NA,47.8417391912202,52.8499062841321,48.556258518624,46.190447756738,48.4056866870295,53.2386404949403,46.2388471258304,45.9939418817728,40.0498411827939,38.4068022123278,39.1351306195028,38.1816213568628,35.9260595815804,36.4847439925551,43.235901590974,41.047742656431,40.7843137254902,40.0400935334936,41.1005243654428,41.9730076029586,44.1264402566428,40.899222754761,39.7835932975833,39.6500501795609,40.6488174185647,44.4997169229203,44.8423618826282,43.0818745413092,48.2405918145488,47.4676189927616,48.714472578321,48.4877962365236,46.7334934757219,46.3468923568522,46.3062138351901,46.4093377647055,46.5142993692335
"slovenia, republic of","svn",NA,NA,NA,NA,NA,NA,NA,NA,NA,NA,NA,NA,NA,NA,NA,NA,NA,NA,NA,NA,NA,NA,NA,NA,NA,NA,NA,NA,NA,NA,NA,NA,NA,NA,NA,NA,NA,NA,NA,53.0156610507363,45.1814751049617,45.4073274173554,46.3575320099258,47.1864904894632,47.8104196584436,49.1603622191655,47.790964481837,47.5778580801772,46.9142150695273,46.6515370617661,45.7051558580581,43.4873829314648,45.1785808913147,49.9998604533035,50.7232829138801,51.4108764861169,50.0069572767549,57.7251652964793,50.5557955402204,49.4945952475587,46.9092699409195,44.6106204032797,44.0586066727669,43.7825501906289,51.7973328312512,49.8837262936171,47.6718306095469,46.5484777517564,46.4770536058619,48.4640670741188,49.6287160669797,49.5383074227853,49.6342131425003,49.3998098242373,49.4427519482234,49.454460299274
"sweden","swe",NA,NA,NA,NA,NA,NA,NA,NA,NA,NA,NA,NA,NA,NA,NA,NA,NA,NA,NA,NA,NA,NA,NA,NA,59.5061104540308,62.0642192790184,64.0359919932435,63.6692843422867,60.9741834870901,62.126043872684,60.2374695727276,57.9894254151434,56.5646091174897,56.6296300271464,57.5458483831192,61.233704224312,66.5266726081527,67.9333482622252,65.2869036138409,62.1414934032424,60.043752879487,57.8917404234937,55.6174127373374,55.2333789831848,52.2410353810547,51.7370759314975,52.6805245547503,52.960120825791,51.6759460237949,51.1744792760956,50.1320770271298,48.4640269795766,49.3876097365674,51.6775341555021,49.7447567431805,49.0997531052141,50.245764862082,51.3632411873294,50.7096208409084,49.3580380322463,49.5155824267933,49.2471663001184,49.7681063627746,48.7860115004196,52.0268589456507,49.3168948052332,48.3142279221823,48.9071714730481,49.3025540275049,49.409061901723,49.4180529882933,48.8698332007036,48.99102621106,48.3479555491708,48.3479555491709,48.3479555491708
"eswatini, kingdom of","swz",NA,NA,NA,NA,NA,NA,NA,NA,NA,NA,NA,NA,NA,NA,NA,NA,NA,NA,NA,NA,NA,NA,NA,NA,15.3057655670059,18.875019445471,18.1326993363563,16.962157785228,16.9530356442546,18.9985815877984,18.8041785319772,16.7508179890919,16.7113265459875,15.8385382498021,18.2379187620681,19.5871819020492,24.7305183327106,22.9620109426687,23.4061683920787,19.8755461151593,22.5008142612959,20.6580211110446,22.0391531375875,25.7864581059255,24.7262058154045,25.5721659650323,26.48892830221,25.870652112487,30.9693757268312,28.9864995778266,27.5687332049515,30.3917471098626,33.425581587987,33.8681081343133,31.0590752438103,25.1381933364882,27.0624129957767,28.8029379906842,32.6837621346172,34.4752593713613,33.9880279807554,33.6185081215903,31.5623265027019,32.758323450089,32.2279554931212,29.2636021555641,28.9008491038067,31.5190292749568,33.559243330736,35.7154132135328,38.338578828306,37.4236569408865,36.4415011334312,35.9626435695186,35.5529064183309,35.1014000980681
"seychelles","syc",NA,NA,NA,NA,NA,NA,NA,NA,NA,NA,NA,NA,NA,NA,NA,NA,NA,NA,NA,NA,NA,NA,NA,NA,NA,NA,NA,47.9303051666834,50.5289766875761,53.0417462030044,58.0052186781945,49.7027907791784,46.7470416002525,51.6734456711214,46.0627319404199,52.1034291197414,50.7113272105168,60.3540886137808,63.6474526307229,53.0957613321763,59.1104459643228,54.7451671614362,60.6977359197826,56.1260422640026,55.4090760253892,46.8423828362918,56.3154616469129,44.6277001212185,39.8955007397236,38.9797101203353,43.5508910283826,41.896454072696,26.9886341154162,32.1174108715706,34.5759131618858,36.4044182179845,38.5569404348388,37.8321207803317,33.3811422752397,31.5210795433434,34.4727994226097,34.2520096298718,33.0217567708373,31.7434344277607,46.7122194147483,38.8279992558557,31.5883836673383,33.1042743108466,33.0015587489707,32.7260237948154,35.3369819943344,33.3647733210403,33.3719923441797,33.5362704077003,33.5196106450247,33.4655628883624
"syrian arab republic","syr",NA,NA,NA,NA,NA,NA,NA,NA,NA,NA,NA,NA,NA,NA,NA,NA,NA,NA,NA,NA,NA,NA,NA,NA,NA,NA,NA,NA,NA,NA,NA,NA,NA,NA,28.2642884827524,34.2651911003839,34.1616661733445,29.4065328515668,30.2603893952656,29.7572047812952,27.6935747918889,28.9729052575952,28.8273426074459,28.0272545696943,27.366570586931,27.9894510925089,28.4739550632945,32.6402045127229,31.3289777889337,28.1760972889727,26.3344044903262,25.7039406424464,22.9294625131737,26.7416853618333,28.63783846574,NA,NA,NA,NA,NA,NA,NA,NA,NA,NA,NA,NA,NA,NA,NA,NA,NA,NA,NA,NA,NA
"chad","tcd",NA,NA,NA,NA,NA,NA,NA,NA,NA,NA,NA,NA,NA,NA,NA,NA,NA,NA,NA,NA,NA,NA,NA,NA,NA,NA,NA,NA,NA,NA,NA,NA,NA,NA,NA,NA,NA,NA,NA,12.2976355504611,11.9890595351206,12.0054524183764,10.1455785308472,12.8882788230771,14.0361255067866,11.9869435635511,13.7822747540304,14.9109625978336,9.83619455295913,8.87317486704542,10.6904628291088,13.6388701025133,14.6467713231247,19.7511227773652,18.5234026264548,16.3358066507879,16.5765919402393,16.59142056026,16.9235849385346,13.7891935910779,11.2088208386695,11.3124471894618,9.73404290470023,10.6249609875802,14.085104807285,12.9815909671679,12.6163407881361,17.0950682499983,18.0699659187504,18.5937088473032,18.5796983090284,19.452155708697,18.1412112340211,17.7231344026417,17.9240577555733,17.8181899025575
"togo","tgo",NA,NA,NA,NA,NA,NA,NA,NA,NA,NA,NA,NA,NA,NA,NA,NA,NA,NA,NA,NA,NA,NA,NA,NA,NA,NA,NA,NA,NA,NA,NA,NA,NA,16.8959824539055,16.8468572858488,14.5920126483745,12.6467858913314,14.7864142589033,13.1908214541472,12.6986608909064,12.3828815858692,10.5985843004862,12.7667575389354,11.904894540272,11.901332779902,10.853294549417,8.42133916252213,8.88365045904858,10.56016361416,13.2504516225296,14.7304436332388,13.6937979980196,12.3909839661364,14.2890892949119,15.088780554698,18.205997546684,19.0975073246987,20.4853336864805,21.9013772803704,22.8908341463362,22.9029678990295,16.2716750844927,18.795822808286,16.5645212267655,23.3867388270666,21.2572979957613,24.4184016509729,24.8150956104828,24.2637832689923,19.807846205693,23.4068764650069,20.2230137043903,20.8336912640102,21.2317837518707,21.6599352847743,22.0826905747288
"thailand","tha",NA,NA,NA,NA,NA,NA,NA,NA,NA,NA,NA,NA,NA,NA,NA,NA,NA,NA,NA,NA,NA,NA,NA,NA,NA,NA,NA,NA,NA,NA,NA,NA,NA,NA,NA,NA,NA,NA,NA,17.1760352447923,17.9617100013193,21.634475141507,23.92153501493,26.4719326461645,19.3460725300734,20.823764712478,25.7123105309105,18.2857386051136,19.3314883871564,19.5797624986615,18.7389147921634,19.9990561289193,19.2263258153494,21.7218364782777,22.0088575031867,21.1134012693662,22.2512983139286,21.6360043432249,22.1870752628552,22.2776656177453,21.3556668804616,21.6061980022261,21.1592646982036,20.5531372032846,24.8847183203472,26.7736049970341,24.6567196576331,22.7283922575709,22.6060482936856,22.9655294316166,23.2673941033358,23.0736832142927,23.1568052630101,23.2934868221305,23.2967499966085,23.2997456053081
"tajikistan, republic of","tjk",NA,NA,NA,NA,NA,NA,NA,NA,NA,NA,NA,NA,NA,NA,NA,NA,NA,NA,NA,NA,NA,NA,NA,NA,NA,NA,NA,NA,NA,NA,NA,NA,NA,NA,NA,NA,NA,NA,NA,NA,NA,NA,17.1361203011891,17.5387215452292,18.1154712846626,17.3179219431286,19.1403170937841,19.0712309383049,20.2489905089236,22.9113162524522,21.620035779456,20.3306958619297,20.1780259624042,23.6162337527834,25.8666618837278,24.2807746670192,24.7277876483926,27.6733280861096,27.4721715703413,31.9067879388285,32.6506237866856,33.7756071411871,30.8718000277515,28.8157021145794,29.1636683722753,27.642270226515,27.3811603878774,28.0189476959701,27.1888269503705,29.2950815863641,29.4432722599514,29.7010567059374,29.1943872106031,29.1348057480811,29.1527862969353,29.1374359633285
"turkmenistan","tkm",NA,NA,NA,NA,NA,NA,NA,NA,NA,NA,NA,NA,NA,NA,NA,NA,NA,NA,NA,NA,NA,NA,NA,NA,NA,NA,NA,NA,NA,NA,NA,NA,NA,NA,NA,NA,NA,NA,NA,NA,NA,26.8765935894813,26.0858210043149,20.8154476245133,25.8633420435661,22.6358739898708,19.3690155432043,20.7689863731877,20.2669804497603,21.108059507171,16.0433624114317,14.4257131717615,11.6606122395671,14.3869195089693,14.6101309986176,15.3857231282291,14.6628057578364,16.8755841128606,17.0111229411377,17.3131613901231,14.1176683431766,17.7678638018591,13.735262019064,13.6396671113652,13.5463128252835,13.3757579257377,12.987533460032,13.7071522142571,14.5226855184761,14.1462745303749,13.4833348725459,13.4960122405717,13.4539410043127,13.4088264085327,13.3683806910188,13.3319368334843
"timor-leste, democratic republic of","tls",NA,NA,NA,NA,NA,NA,NA,NA,NA,NA,NA,NA,NA,NA,NA,NA,NA,NA,NA,NA,NA,NA,NA,NA,NA,NA,NA,NA,NA,NA,NA,NA,NA,NA,NA,NA,NA,NA,NA,NA,NA,NA,NA,NA,NA,95.6585993663407,93.5447748455942,80.1192210196943,74.15320324268,58.3349996100877,59.8410233892103,75.8272412880064,122.353110043768,121.834977981483,121.287149876299,133.277503882477,129.327265705282,96.1433987217378,110.971395999125,98.0624590942245,112.184681488836,87.271677445236,85.5366156057946,68.7966204214856,61.7109909848747,45.6767995775257,59.9144030668832,78.6194527742218,98.0438355999288,93.8861650082677,92.9615861719652,89.8669118159428,87.4943919661516,85.16279030038,82.9958160596948,80.9825308533727
"tonga","ton",NA,NA,NA,NA,NA,NA,NA,NA,NA,NA,NA,NA,NA,NA,NA,NA,NA,NA,NA,NA,NA,NA,NA,NA,NA,NA,NA,NA,NA,NA,NA,NA,NA,NA,NA,NA,NA,NA,NA,NA,NA,NA,NA,18.7743902439024,20.0424187725632,19.0790513833992,21.3171445130352,19.9857753990325,19.300161154632,19.8221334408949,25.5849688772894,23.2042193018588,23.9926373261692,23.8987532916979,28.3678336754147,32.6052583659264,32.0431315491196,34.2770187802237,31.4559030779306,37.381987785159,37.1727765385415,39.6837336451028,39.3301442621357,38.9998504589091,37.1480869035742,44.5275116965887,41.3222448000785,41.4619946691189,44.3323154485683,46.7742095474842,46.2789569496938,45.0071187681926,44.8584188202271,44.5819992748276,44.2528969334572,43.8327973526779
"trinidad and tobago","tto",NA,NA,NA,NA,NA,NA,NA,NA,NA,NA,NA,NA,NA,NA,NA,NA,NA,NA,NA,NA,NA,NA,NA,NA,NA,NA,NA,NA,NA,NA,NA,NA,45.3431985699378,30.8606017367772,27.8782490640196,29.9853156152862,28.7918541641848,27.2819786885335,26.4809131102532,26.7345284995715,28.1612328337718,27.4114230422511,27.2510436588189,24.8256521452513,24.0865925003836,25.2223911024306,24.5646406857569,23.4574986510936,23.343203279814,29.5295393808574,34.5765211163733,26.7747713066254,28.1973436917437,33.3983261082771,31.5213253047475,30.4019401538286,29.88672390723,31.7487225910113,32.9928304032723,34.1347395953578,31.227939524508,30.9418380790873,30.205856576934,31.0058107183411,35.084902572451,31.3896126222515,28.2663039181821,32.4251230514465,32.2379322191634,32.3539938276241,34.7260693441095,33.8388619337024,33.4861191342499,33.2499560113109,33.3890079724349,33.476883672021
"tunisia","tun",NA,NA,NA,NA,NA,NA,NA,NA,NA,NA,NA,NA,NA,NA,NA,NA,NA,NA,NA,NA,NA,NA,NA,NA,NA,NA,NA,NA,NA,NA,NA,NA,NA,NA,NA,27.6280191099439,25.70168829128,26.6679523715224,25.9431682842242,26.5772433756071,26.6773043143466,24.5304300398486,24.1764323006825,24.0094890390213,24.0438669026362,23.9878719231861,24.1247380134544,23.4732086920185,23.0205268510039,23.0388438316042,22.8524715429681,23.3189743170108,23.6704780378962,24.6375761778324,23.9987326589409,27.8871974935074,28.3492298796982,30.7976764899283,27.6866526791617,27.4444460175849,27.2132363605369,28.7247241389618,28.6846602457199,29.5319339932603,34.532631854618,33.4209375640214,36.5804143463598,35.9460749753105,35.7835187251934,34.0324576888621,36.0740614807031,35.2268950963632,34.6792632423316,34.7097676319353,35.0166000200975,34.9606535595789
"türkiye, republic of","tur",NA,NA,NA,NA,NA,NA,NA,NA,NA,NA,NA,NA,NA,NA,NA,NA,NA,NA,NA,NA,NA,NA,NA,NA,NA,NA,NA,NA,NA,NA,NA,NA,NA,NA,NA,NA,NA,NA,NA,NA,NA,NA,NA,NA,39.410341350162,43.9412463239038,40.9230851479484,38.3308136009514,34.4506993257478,31.9859611302416,33.4059395774812,32.7062103238623,33.4789142606416,36.9658938192722,35.2249948591512,32.6016377420337,33.9501403749395,33.5486394026684,32.5016805069037,32.4222772307024,33.7561526524272,32.4260695204534,33.8855217785196,34.8350849849886,34.0456907079368,30.5356060691182,26.7720065785488,32.6934387245557,32.8706499021562,32.3879830189972,33.2342205765567,33.7541484404811,33.5323220104022,32.8342249233695,32.7143495878449,32.596338898014
"tuvalu","tuv",NA,NA,NA,NA,NA,NA,NA,NA,NA,NA,NA,NA,NA,NA,NA,NA,NA,NA,NA,NA,NA,NA,NA,NA,NA,NA,NA,NA,NA,NA,NA,NA,NA,NA,NA,NA,NA,NA,NA,NA,NA,NA,NA,NA,NA,NA,NA,NA,74.1055646819702,82.1162062575493,98.5185967358564,88.5671760167011,85.8377494348042,99.9749110949791,93.9276378331467,77.2103473310069,76.8450330959509,80.2022794794173,96.7896890670512,116.943434443258,119.601458909436,106.447347588384,125.606820762884,113.5898031624,119.533706221436,113.812501261556,115.319468627238,145.873006225009,117.454302774572,105.264215974959,114.189940754625,115.342801889495,115.470294821035,115.600219034724,115.731958911696,115.865412301065
"taiwan province of china","twn",NA,NA,NA,NA,NA,NA,NA,NA,NA,NA,NA,NA,NA,NA,NA,NA,NA,19.946069040447,20.4411519770824,23.48081965339,24.2051459864819,24.9723706896166,23.3873428476738,24.5850806600025,24.8005931931781,25.3883911327172,26.2467473296241,23.1265032639669,22.9134411803626,23.4146701295751,21.4641093015288,21.1845073222649,22.8344076409797,32.6078050541803,28.4067319761267,30.1650910448924,29.2071622469385,28.8932016849904,28.3641787557476,27.8553339154779,27.1090439225008,27.0567798437453,27.1595502062332,22.7916606282154,32.2931008187044,24.3323037003385,22.0598149734813,22.173128811202,21.2429876869666,20.924660614202,19.494399619498,19.0198238265761,19.7522367213041,22.5563378261919,20.1384932543799,20.2036479065866,20.1280418145502,19.3361333710663,18.1561105464379,17.3925474298517,17.5209344003712,17.307585697488,17.3306675780804,17.2282485679761,18.0735791380597,17.3158327466157,17.8877029204536,18.9756960964451,17.7128171629353,17.9931256129019,17.9931256129018,17.9931256129019,17.9931256129019,17.9931256129019,17.9931256129019,17.9931256129019
"tanzania, united republic of","tza",NA,NA,NA,NA,NA,NA,NA,NA,NA,NA,NA,NA,NA,NA,NA,NA,NA,NA,NA,NA,NA,NA,NA,NA,NA,NA,NA,NA,NA,NA,NA,NA,NA,NA,NA,14.1634429873452,17.5798736834223,16.4097828261951,16.7537930118993,15.5758967201743,13.3763702401261,12.8284826236857,11.3712472616604,12.7605673332711,12.3242604952977,12.3769089173651,13.609286096904,15.3636759215052,17.0229916394697,18.3136743359595,17.6180235151665,17.829826700129,18.0836903338172,19.5787714671586,19.8047019288077,19.0297768727774,19.5769121222059,18.7917617054726,17.2885623512396,17.1507933894919,16.9106593553323,16.3503815819773,17.2778166217407,17.2841598619612,17.4411641960113,18.4020864740895,19.120258763763,19.0088294900576,19.1027664962864,19.9331014934922,20.5623468297119,20.7736707285478,20.9274011836639,21.0069615585802,21.0443327116639,20.9004855785302
"uganda","uga",NA,NA,NA,NA,NA,NA,NA,NA,NA,NA,NA,NA,NA,NA,NA,NA,NA,NA,NA,NA,NA,NA,NA,NA,NA,NA,NA,NA,NA,NA,NA,NA,NA,NA,NA,NA,NA,NA,NA,NA,NA,13.8622344064688,13.9510509239909,14.7120330095244,15.2290017386479,16.20620732338,16.7612343070104,16.4589642942073,15.5929265062008,14.4711931276046,13.6947899764141,13.2320214757608,12.945767734871,11.7564373885144,15.424000235121,13.1743094847181,13.1176211497011,13.3026314820606,13.5650451153278,14.89097850982,15.186264410024,16.2854946757013,16.1844986202059,18.26951913328,21.4452736164474,21.9652365314559,19.480909019335,19.2584151027373,18.4155399347121,22.1973920625013,21.2548423545551,21.1519861129275,21.2936682302609,22.0816993505199,21.8387083626906,21.9590690605549
"ukraine","ukr",NA,NA,NA,NA,NA,NA,NA,NA,NA,NA,NA,NA,NA,NA,NA,NA,NA,NA,NA,NA,NA,NA,NA,NA,NA,NA,NA,NA,NA,NA,NA,NA,NA,NA,NA,NA,NA,NA,NA,42.7027306635322,38.1567990284474,42.2139313447223,38.3544670689033,26.733146072584,35.416405213254,35.3267225909233,36.4882104267569,37.4505752047016,40.0865073590442,42.5675647349659,42.9458952805735,42.0515337733422,45.3790859540532,46.8338768793274,47.3413440301271,44.0342193543031,47.1456298968677,46.294076735601,44.7738911260736,43.0434978134519,40.7853421698208,41.6699888472807,41.9214865092225,41.5029334967369,45.6001583878287,40.4876312449114,65.3939670108423,73.4039084963276,71.236054821266,74.545771597749,62.2497724052291,59.350957954579,52.360188625076,46.7183066208529,44.8284439364048,44.0192096190138
"uruguay","ury",NA,NA,NA,NA,NA,NA,NA,NA,NA,NA,NA,NA,NA,NA,NA,NA,NA,NA,NA,NA,NA,NA,NA,NA,NA,NA,NA,NA,NA,NA,NA,NA,NA,NA,NA,NA,NA,NA,NA,NA,NA,NA,NA,27.2218581558067,26.5642746196329,27.8169596862522,27.5983661081512,27.7307402015942,26.612322850678,26.2737069436265,26.8267832220122,26.7523606583321,26.2923601545142,27.1934336191524,27.4002957392787,26.3286405216077,27.6781009631856,28.8265611177421,29.0956047383879,28.3509880405838,29.6679666463083,29.7274512503397,30.3421608250372,30.5854228949062,32.7882380547708,30.215011026749,29.7240431370581,30.0546663193591,30.6275350173712,31.5000463369198,31.8226035804259,31.8619073618515,31.8501486213558,31.774667253033,31.7723198093965,31.7207224876926
"united states","usa",NA,NA,NA,NA,NA,NA,NA,NA,NA,NA,NA,NA,NA,NA,NA,NA,NA,NA,NA,NA,NA,NA,NA,NA,NA,NA,NA,NA,NA,NA,NA,NA,NA,NA,NA,NA,NA,NA,NA,NA,NA,NA,NA,NA,NA,32.8014137314335,33.6982734168413,34.0370533629527,33.7192517910237,33.9279173568931,33.6917035814586,34.5617147693317,37.1440823705048,41.3986569323908,39.7626250292794,38.7959146715727,37.2227304747461,35.7823191311959,35.3239371028999,35.0309483465428,35.3330674451872,35.1940740665202,35.3493436093438,35.8189459365668,44.7351905414082,43.2231572159245,36.797095330575,37.5096452906172,37.7375881138746,37.704639411022,37.9388478393904,37.9041970043698,37.9780048097014,37.848675112884,38.1136541334444,38.14994940459
"uzbekistan, republic of","uzb",NA,NA,NA,NA,NA,NA,NA,NA,NA,NA,NA,NA,NA,NA,NA,NA,NA,NA,NA,NA,NA,NA,NA,NA,NA,NA,NA,NA,NA,NA,NA,NA,NA,NA,NA,NA,16.1982831886014,35.6229340773633,24.4074041111949,26.4585036877126,31.5715005662929,28.6656654005101,31.633357915226,30.2930483254239,29.5820006043166,27.5694000244002,31.1803800062301,28.3988574313253,26.4790993230409,25.2751045148887,22.2546637124079,22.3618664265367,23.8485182771057,24.7410363808832,23.6582209594114,21.1163744394302,21.4504961203631,22.329980829861,22.0169828705554,21.7043167170905,20.5099932950437,19.8872886255732,21.2486407501761,23.3554209915305,24.6595796701436,26.1398341373455,29.9536866746104,28.5848096247823,26.1403495016059,27.3722081604686,29.0713715641856,30.4011692141816,30.4328288993157,30.378751176251,30.3391579652071,30.347222733423
"st. vincent and the grenadines","vct",NA,NA,NA,NA,NA,NA,NA,NA,NA,NA,NA,NA,NA,NA,NA,NA,NA,NA,NA,NA,NA,NA,NA,23.0865699378012,24.0676754299625,24.9227158977973,23.4747485074577,24.7287363808161,23.0811588314041,21.3730531255458,22.2539736119487,23.6952917377,24.8453993586629,27.6475751839636,23.6584107014309,26.2404520415307,25.9379904800014,22.8024163492329,22.9546957385618,20.2523166521727,21.1732201479821,26.3935334501499,25.3977263487003,25.4693614973341,23.7831992957572,24.3968546275206,25.7107569680906,25.9809528921815,24.8524248584495,26.7013303389673,26.0740847528217,27.1207445905139,28.3190898846602,31.0219546622393,31.0525099955272,29.3729896265259,26.3403728215947,29.4793139607373,30.4303698395463,27.5875673604071,27.0523303455519,26.6416617439521,26.2885567833387,29.1335718714749,32.9063899925403,37.1715186971414,36.6036464209374,39.7460664546123,43.8974454384349,41.0352134503103,40.5814618523248,39.561742836671,38.7126587377975,37.8743588437857,37.9990013710021,38.1224213777209
"venezuela, república bolivariana de","ven",NA,NA,NA,NA,NA,NA,NA,NA,NA,NA,NA,NA,NA,NA,NA,NA,NA,NA,NA,NA,NA,NA,NA,NA,NA,NA,NA,NA,NA,NA,NA,NA,33.2097451166958,32.526089483984,31.9328225243207,33.8918009292559,30.6472280279329,27.666993725813,42.2170875862328,32.8694966346298,27.729987554375,30.9888202756187,28.7901081999868,26.104642239666,28.2930312076494,31.8987187626931,30.9898383119025,32.1754279029813,31.9144479033517,33.5302631632849,39.266632121549,35.9494262698779,34.8794137209568,33.2694981870043,31.0986792246995,39.3606400724623,38.0070581291589,36.4507173810438,31.6065886859658,22.9483358921956,19.6859049261137,21.766410896953,37.8605389589955,21.0219344172212,11.1591971533765,13.130422083581,15.1391324265305,13.1210743131167,17.5159501578588,20.2938522427095,NA,NA,NA,NA,NA,NA
"vietnam","vnm",NA,NA,NA,NA,NA,NA,NA,NA,NA,NA,NA,NA,NA,NA,NA,NA,NA,NA,NA,NA,NA,NA,NA,NA,NA,NA,NA,NA,NA,NA,NA,NA,NA,NA,NA,NA,NA,NA,NA,NA,NA,NA,16.0167071322696,16.7023320267597,17.7882889882265,19.1920931038417,19.7471879241175,22.1960592909358,19.4406001685481,20.6254512582237,20.5338372468081,22.2966349998196,21.3800049711124,24.9747881590964,23.7205912605003,21.223818928346,23.4664630953323,24.4570234761021,22.7549279275821,24.1735935823872,22.2306766139661,21.5293064645883,20.4797599020902,19.8112536735974,21.2511440596025,20.124806012774,18.1968853541862,18.7813911274072,19.1174599332683,22.1499142602261,21.7668665057442,21.3285583959284,21.2140609372907,21.1473759974359,21.1689456844823,21.1745171063266
"vanuatu","vut",NA,NA,NA,NA,NA,NA,NA,NA,NA,NA,NA,NA,NA,NA,NA,NA,NA,NA,NA,NA,NA,NA,NA,NA,NA,NA,NA,NA,NA,NA,NA,NA,NA,NA,NA,30.0236846800435,28.7769134678272,23.6854348384422,22.0169303569328,25.2777878451373,22.1098257102631,20.0808588230047,25.209964126163,21.5741016492376,23.0031250160291,20.1901970209438,20.1918275135444,17.0335460355085,16.7365033827559,16.5386413270901,18.1752613939255,20.2954181148833,25.1346944282914,24.9162545159827,25.6139160363911,22.7164844830559,22.1074468282517,20.1206767700281,20.5136789862205,38.1189143789462,31.1645587385457,32.7286523689661,29.4063446097144,35.129973561916,38.7722680342113,38.5688511718815,38.514567409236,38.9452997389559,33.1199772420169,35.458430458239,32.3233424752721,31.4842074416081,31.1368437177195,30.9112297356042,30.6159200814696,30.6773748694058
"samoa","wsm",NA,NA,NA,NA,NA,NA,NA,NA,NA,NA,NA,NA,NA,NA,NA,NA,NA,NA,NA,NA,NA,NA,NA,NA,NA,NA,NA,NA,NA,NA,NA,NA,NA,NA,NA,NA,43.3952979547239,49.452286933356,54.079057415888,42.2096999022491,38.8571951717878,31.0476468556127,28.127251359936,33.8047064069031,30.3816847395044,29.9925963575335,30.7425786071312,28.5409157712092,27.3208973948401,30.5800744247517,27.6842768909379,31.0726710513571,27.6876497972202,31.4597921091891,29.3895253673465,33.6530709575615,33.6091198711526,30.7381532472219,35.3494416898455,30.5336056397912,27.3475455636596,30.8721356467072,29.9742551425654,31.7503296777676,30.5034725338414,34.0907206876396,31.0735837191328,28.8026473149554,26.3421846692097,26.3965943315503,29.9191726926763,30.6119433836835,30.9935913932419,31.1200008778106,31.1608430162343,31.1679517226079
"yemen, republic of","yem",NA,NA,NA,NA,NA,NA,NA,NA,NA,NA,NA,NA,NA,NA,NA,NA,NA,NA,NA,NA,NA,NA,NA,NA,NA,NA,NA,NA,NA,NA,NA,NA,NA,NA,NA,NA,NA,NA,NA,NA,NA,NA,NA,NA,NA,NA,NA,NA,NA,NA,NA,NA,NA,NA,NA,NA,NA,NA,NA,NA,NA,NA,26.5572080283704,25.0606573520342,19.9632595710297,15.6050453580614,26.4570097809474,24.7301584661269,20.3097628984903,18.2197455063658,18.4253815053786,18.0758664472124,17.5514311740628,18.4620415326352,18.7813624050899,18.9385462886937
"south africa","zaf",NA,NA,NA,NA,NA,NA,NA,NA,NA,NA,NA,NA,NA,NA,NA,NA,NA,NA,NA,NA,NA,NA,NA,NA,NA,NA,NA,NA,NA,NA,NA,NA,NA,NA,NA,NA,NA,NA,NA,NA,NA,NA,NA,NA,22.6464438943097,22.6201683939825,22.2133115944157,22.6188478737258,22.7076781761574,25.1403674469243,24.6666021090652,24.4285558440518,26.0085316417212,28.4574268071801,28.3404700183063,28.0795209250836,28.6186832603149,28.9100835901858,29.3210596534669,30.1640901816133,29.9085669132202,29.8599593951628,30.152285501233,31.393811424573,34.6157437473166,32.6538961198658,31.8889626371873,32.5109791769727,32.9719318146554,34.1593119526611,33.3330846668487,32.8694588161787,33.0281895831098,32.7777165270128,32.6148277292542,32.5920161695306
"zambia","zmb",NA,NA,NA,NA,NA,NA,NA,NA,NA,NA,NA,NA,NA,NA,NA,NA,NA,NA,NA,NA,NA,NA,NA,NA,NA,NA,NA,NA,NA,NA,NA,NA,NA,NA,NA,NA,NA,NA,NA,NA,NA,NA,NA,NA,21.4087936180736,27.9624330112933,27.5707167361928,27.3133213182212,23.2725474127428,22.4514667766681,19.6915359714606,19.9229002939103,19.4574021913527,17.8070918100404,18.0658909708175,19.5270493399869,21.8519498222532,24.0245047126987,24.3277521846174,27.6475296352695,23.9276105634688,24.9736864858449,27.7325731372068,29.8202384374578,34.0305252522076,30.5035907441204,28.2034974425116,27.3842802810268,26.5070520357205,29.7211196101603,29.6309796891566,29.160534835752,29.0733301882874,28.477052659353,28.2138467613555,29.1033530197033
"zimbabwe","zwe",NA,NA,NA,NA,NA,NA,NA,NA,NA,NA,NA,NA,NA,NA,NA,NA,NA,NA,NA,NA,NA,NA,NA,NA,NA,NA,NA,NA,NA,NA,NA,NA,NA,NA,NA,NA,NA,NA,NA,NA,NA,NA,NA,NA,NA,NA,NA,NA,NA,10.6187215124143,5.78685163713822,3.46394653673457,2.56568246924964,8.01763197189621,13.1297232835145,16.4834150889716,14.8136531574358,15.1928956670472,14.2177267254414,14.8945368854541,16.9638688725608,21.1091557759013,14.6437469746787,7.69967872255064,8.39793759095116,12.3740864436616,12.1448550517024,21.053495083504,13.6924154086955,15.4614136699933,16.7054866708273,17.0439028287178,17.2779604488884,17.4703504761051,17.6819874841188,17.8773815772018
