"ccode","year","HL","F","SELF","G","P","vfi","logG","logP","Fed"
"afg",1990,0,0,NA,NA,12045660,NA,NA,16.3042149870505,0
"afg",1991,0,0,NA,NA,12238879,NA,NA,16.320128245887,0
"afg",1992,0,0,NA,NA,13278974,NA,NA,16.4016924399918,0
"afg",1993,4,1,NA,NA,14943172,NA,NA,16.5197650310635,0
"afg",1994,2.5,0.5,NA,NA,16250794,NA,NA,16.6036523270848,0
"afg",1995,1,0,NA,NA,17065836,NA,NA,16.6525891282821,0
"afg",1996,0,0,NA,NA,17763266,NA,NA,16.6926431750178,0
"afg",1997,1,0,NA,NA,18452091,NA,NA,16.7306882553624,0
"afg",1998,1,1,NA,NA,19159996,NA,NA,16.7683351217387,0
"afg",1999,4,1,NA,NA,19887785,NA,NA,16.8056162821352,0
"afg",2000,4,1,NA,308.3182697,20130327,NA,5.73113259262384,16.8177380418954,0
"afg",2001,4,3.5,NA,277.1180514,20284307,NA,5.62444359373849,16.8253580908644,0
"afg",2002,4,1,NA,338.1399736,21378117,NA,5.82345993283465,16.8778783867171,0
"afg",2003,4,1,NA,346.0716271,22733049,NA,5.84664576837301,16.939330326736,0
"afg",2004,4,1,NA,338.6372739,23560654,NA,5.82492954603852,16.9750886752758,0
"afg",2005,4,1,NA,363.6401414,24404567,NA,5.89616475609969,17.0102808448801,0
"afg",2006,4,0.5,NA,367.7583117,25424094,0.466830760240555,5.90742596072172,17.0512078650457,0
"afg",2007,4,1,NA,410.7577289,25909852,0.204351827502251,6.01800357329543,17.0701338404417,0
"afg",2008,4,0.5,NA,417.6472826,26482622,-0.0073013799265027,6.03463725477586,17.091999302258,0
"afg",2009,4,0.5,NA,488.8306525,27466101,-0.100034102797508,6.19201611558843,17.1284631113393,0
"afg",2010,4,0,NA,542.8710305,28284089,0.110443100333214,6.29687177883194,17.1578099783567,0
"afg",2011,4,0,NA,525.4269828,29347708,-0.481104135513306,6.26421123261335,17.1947250091959,0
"afg",2012,4,0,NA,568.9290215,30560034,-0.272376477718353,6.34375568381458,17.2352036348274,0
"afg",2013,1,1,NA,580.6038333,31622704,0.2959164083004,6.36406865387669,17.2693859015859,0
"afg",2014,1.75,0,NA,575.1462458,32792523,-0.440319657325745,6.35462434898002,17.3057110900511,0
"ago",1990,0,0,NA,2675.052394,11626360,NA,7.89172424568035,16.2687854918423,0
"ago",1991,0,0,NA,2612.331705,12023529,NA,7.86799847505931,16.302376037991,0
"ago",1992,0,0,NA,2380.582742,12423712,NA,7.77510058627459,16.3351174626019,0
"ago",1993,0,0,NA,1752.723187,12827135,NA,7.46892596429498,16.3670734069011,0
"ago",1994,1,0,NA,1719.542945,13249764,NA,7.44981380484396,16.3994902989171,0
"ago",1995,4,1,NA,1912.517775,13699778,NA,7.55617585977515,16.4328901862875,0
"ago",1996,0,0,NA,2099.350454,14170973,NA,7.649383268247,16.4667062755056,0
"ago",1997,3,0,NA,2176.87758,14660413,NA,7.68564682630475,16.5006614259223,0
"ago",1998,0,0,NA,2203.986927,15159370,NA,7.69802323876701,16.5341293805868,0
"ago",1999,0,0,NA,2179.06427,15667235,NA,7.68665082969092,16.567082146944,0
"ago",2000,0,0,NA,2172.463267,16194869,NA,7.68361694882629,16.6002050216385,0
"ago",2001,4,1,NA,2189.173522,16747208,NA,7.69127936436746,16.6337421157744,0
"ago",2002,4,0,NA,2404.977921,17327699,NA,7.78529600204034,16.6678168773426,0
"ago",2003,0,0,NA,2403.404152,17943712,NA,7.78464140802834,16.7027503051203,0
"ago",2004,0,0,NA,2583.324115,18600423,NA,7.85683226528582,16.7386948803603,0
"ago",2005,3,0,NA,2843.396636,19291161,NA,7.95275461511023,16.775157569696,0
"ago",2006,0,0,NA,3065.055762,20015279,NA,8.02782104135327,16.812006489857,0
"ago",2007,0,0,NA,3336.363325,20778561,NA,8.11263666792004,16.8494322919594,0
"ago",2008,0,0,NA,3559.195225,21578655,NA,8.17728973789731,16.8872151896239,0
"ago",2009,4,0,NA,3494.807245,22414773,NA,8.1590335015018,16.9252308083734,0
"ago",2010,0,0,NA,3540.791596,23294825,NA,8.17210559581905,16.9637417908631,0
"ago",2011,0,0,NA,3528.168244,24218352,NA,8.16853410419825,17.0026212508345,0
"ago",2012,0,0,NA,3682.352293,25177394,NA,8.21130703700959,17.0414570863873,0
"ago",2013,4,0,NA,3716.297187,26165620,NA,8.22048307170899,17.0799568932845,0
"ago",2014,0,0,NA,3746.8162,27160769,NA,8.22866174501518,17.1172841739506,0
"alb",1990,0,0,NA,1682.881087,3286542,NA,7.42826253631729,15.0053465061568,0
"alb",1991,0,0,NA,1218.964273,3266790,NA,7.10575682060222,14.999318409362,0
"alb",1992,3,0,0,1138.23774,3247039,NA,7.03723650323661,14.9932540621,0
"alb",1993,4,1,0,1254.678884,3227287,NA,7.13463494950303,14.9871524041727,0
"alb",1994,4,1,0,1367.22059,3207536,NA,7.22053519166458,14.9810135991034,0
"alb",1995,1,0,0,1558.966386,3187784,NA,7.35177830756811,14.974836562519,0
"alb",1996,0,0,0,1683.769655,3168033,NA,7.42879040100462,14.9686214485289,0
"alb",1997,2,0,0,1495.900353,3148281,NA,7.31048354735873,14.9623671475599,0
"alb",1998,4,1,0,1630.438741,3128530,NA,7.39660442383974,14.9560738036346,0
"alb",1999,4,1,0,1841.807628,3108778,NA,7.5185027748793,14.9497402808947,0
"alb",2000,3,0,2,1991.914359,3089027,NA,7.59685144475046,14.9433667125553,0
"alb",2001,3,0,2,2188.918545,3060173,NA,7.69116288577524,14.9339820082782,0
"alb",2002,1,0,2,2297.108535,3051010,NA,7.73940645233468,14.9309832413073,0
"alb",2003,0,0,2,2428.689347,3039616,NA,7.79510702745136,14.9272417496144,0
"alb",2004,0,0,2,2567.297637,3026939,NA,7.85060912155919,14.9230624358352,0
"alb",2005,0,0,2,2712.869838,3011487,NA,7.90576233436092,14.9179445346709,0
"alb",2006,0,0,2,2894.360326,2992547,NA,7.97051940738844,14.9116354222224,0
"alb",2007,0,0,2,3105.879676,2970017,NA,8.04105226374383,14.9040782346682,0
"alb",2008,0,0,2,3345.981618,2947314,NA,8.11551538780783,14.8964048050768,0
"alb",2009,0,0,2,3459.246956,2927519,NA,8.14880620158958,14.8896658646123,0
"alb",2010,0,0,2,3579.824132,2913021,NA,8.1830689530484,14.8847012449784,0
"alb",2011,2,0,2,3677.894579,2905195,0.753796279430389,8.21009574216512,14.8820110716608,0
"alb",2012,0,0,2,3771.847819,2900401,0.758138597011566,8.23532029802961,14.8803595612595,0
"alb",2013,0,0,2,3895.899756,2895092,0.788613855838776,8.26767993445194,14.8785274474135,0
"alb",2014,0,0,2,4045.119349,2889104,0.767938315868378,8.30526633437252,14.8764569774159,0
"are",1990,4,1,NA,66481.61376,1898220,NA,11.1046807036029,14.4564271629206,0
"are",1991,4,1,NA,63430.91546,2006626,NA,11.0577066471267,14.5119652626308,0
"are",1992,1,0,NA,62201.62434,2114730,NA,11.0381363931773,14.5644377027389,0
"are",1993,0,0,NA,59942.85886,2222093,NA,11.0011470350953,14.6139601024913,0
"are",1994,3,0,NA,61156.65096,2328188,NA,11.0211938998779,14.6606008405866,0
"are",1995,0,0,NA,62393.33149,2434662,NA,11.0412136814994,14.7053184958291,0
"are",1996,0,0,NA,61871.36716,2597564,NA,11.0328127855817,14.770084640728,0
"are",1997,0,0,NA,61715.55497,2817410,NA,11.030291284603,14.8513285811738,0
"are",1998,0,0,NA,57355.78583,3040421,NA,10.957029003781,14.9275065506361,0
"are",1999,3,0,NA,54943.7501,3266009,NA,10.9140652154195,14.9990793081732,0
"are",2000,1,0,NA,56939.27018,3493575,NA,10.9497405433983,15.0664361251856,0
"are",2001,0,0,NA,54169.41535,3723590,NA,10.8998717357194,15.1301988146478,0
"are",2002,0,0,NA,52216.87532,3956826,NA,10.8631610036187,15.1909527466941,0
"are",2003,3,0,NA,53619.19257,4192457,NA,10.8896623533028,15.2487975162166,0
"are",2004,4,0,NA,55611.4194,4428967,NA,10.9261438440422,15.3036769319857,0
"are",2005,0,0,NA,55363.5661,4664790,NA,10.9216770047631,15.3555533751732,0
"are",2006,0,0,NA,56629.97614,5009100,NA,10.9442937377763,15.4267668162052,0
"are",2007,0,0,NA,52038.61596,5624635,NA,10.8597413365772,15.5426666150605,0
"are",2008,0,0,NA,47922.69882,6302664,NA,10.7773445504856,15.6564829591257,0
"are",2009,0,0,NA,42672.19879,6707058,NA,10.6613029049692,15.718670962726,0
"are",2010,0,0,NA,42328.85082,6869838,NA,10.6532241850246,15.7426510831345,0
"are",2011,4,0,NA,43687.77828,7104538,-0.215951010584831,10.6848236687413,15.7762442927686,0
"are",2012,0,0,NA,43958.56811,7391448,-0.26411184668541,10.6910028354211,15.8158342141906,0
"are",2013,0,0,NA,44312.63372,7693031,-0.250667214393616,10.6990251009286,15.8558254120703,0
"are",2014,0,0,NA,44257.65148,8059440,-0.0170220769941807,10.6977835502903,15.9023546331609,0
"arg",1990,3,0,14.09,8115.093864,32755901,NA,9.00148104661008,17.3045936870206,1
"arg",1991,3,0,14.14,8729.823185,33230294,NA,9.07450039490574,17.3189724877187,1
"arg",1992,0,0,14.14,9293.186923,33693527,NA,9.13703682174222,17.3328162997221,1
"arg",1993,4,0,14.14,9920.673586,34152717,NA,9.20237609978821,17.3463527015776,1
"arg",1994,4,0,14.14,10359.89272,34613491,NA,9.2456971605475,17.3597540773263,1
"arg",1995,0,0,14.14,9934.107761,35070020,NA,9.20372934330325,17.3728571924042,1
"arg",1996,0,0,15,10352.14,35513793,NA,9.24494854060596,17.3854317141967,1
"arg",1997,0,0,15,11056.68813,35947791,NA,9.31079078448304,17.39757819379,1
"arg",1998,0,0,15,11348.20221,36372860,NA,9.33681461476893,17.4093334501102,1
"arg",1999,0,0,15,10838.31993,36794682,NA,9.29084327497437,17.4208638818269,1
"arg",2000,2,0,15,10631.65036,37213984,NA,9.27159071422405,17.4321951625839,1
"arg",2001,0,0,15,10051.94485,37624825,NA,9.21552141217808,17.4431746298597,1
"arg",2002,4,0,15,8861.561993,38029349,NA,9.08947832523893,17.4538687616932,1
"arg",2003,0,0,15,9545.531941,38424282,NA,9.16382846441318,17.4642001614629,1
"arg",2004,0,0,14,10302.44653,38815916,NA,9.24013667319708,17.4743409266675,1
"arg",2005,0,0,14,11099.75092,39216789,NA,9.31467794740901,17.4846155038867,1
"arg",2006,0,0,14,11870.27916,39622115,NA,9.38179300544006,17.4948979799401,1
"arg",2007,0,0,14,12811.90212,40016763,NA,9.4581298709871,17.5048089992908,1
"arg",2008,0,0,14,13197.35703,40424148,NA,9.48777186352676,17.5149378871386,1
"arg",2009,0,0,14,12285.37847,40854831,NA,9.41616509196955,17.5255356342118,1
"arg",2010,0,0,14,13387.15537,41288694,NA,9.50205097175425,17.5360992674274,1
"arg",2011,0,0,14,14040.61891,41730660,NA,9.54970975851706,17.5467466684024,1
"arg",2012,1,0,14,13754.42542,42161721,NA,9.5291159000398,17.5570232820473,1
"arg",2013,0,0,14,13946.09508,42582455,NA,9.54295482548323,17.5669528719442,1
"arg",2014,0,0,14,13456.13192,43024071,NA,9.50719018596967,17.5772703077311,1
"arm",1990,0,0,NA,1644.022145,3552128,NA,7.40490104572005,15.083057418481,0
"arm",1991,0,0,NA,1426.827914,3613977,NA,7.2632090173528,15.1003193859746,0
"arm",1992,4,6,NA,840.2052592,3571861,NA,6.73364621817772,15.0885973064476,0
"arm",1993,4,6,NA,792.5678592,3453332,NA,6.67527812883646,15.054850120027,0
"arm",1994,4,3,NA,857.3944748,3364610,NA,6.75389811000969,15.0288226153843,0
"arm",1995,4,6,NA,932.3578295,3307581,NA,6.83771667823231,15.0117276644673,0
"arm",1996,0,0,NA,995.7282753,3278735,NA,6.9034744043997,15.0029682352385,0
"arm",1997,0,0,NA,1039.079824,3246289,NA,6.94609081586709,14.9930230557491,0
"arm",1998,4,1,NA,1128.098888,3208401,NA,7.02828909488217,14.9812832401567,0
"arm",1999,4,1,NA,1180.45342,3167286,NA,7.07365389789025,14.968385627727,0
"arm",2000,2.5,0,NA,1229.215104,3221100,NA,7.11413111784761,14.9852334740903,0
"arm",2001,2.5,0,NA,1351.120727,3211800,NA,7.20868969518164,14.9823420856095,0
"arm",2002,0,0,NA,1535.204529,3199800,NA,7.33641889479336,14.9785988658167,0
"arm",2003,0,0,NA,1759.646848,3182500,0.407541632652283,7.47286841335293,14.9731776094137,0
"arm",2004,0,0,NA,1955.222625,3164900,0.460635304450989,7.57825934061654,14.9676320174846,0
"arm",2005,0,0,NA,2240.092732,3146400,0.552007973194122,7.71427254220649,14.9617695000997,0
"arm",2006,4,0,NA,2551.435464,3127100,0.43497097492218,7.84441140682729,14.9556166154617,0
"arm",2007,0,0,NA,2919.373494,3107400,0.571336567401886,7.9791243153924,14.94929692164,0
"arm",2008,0,0,NA,3141.331935,3087100,0.614448249340057,8.05240217208309,14.9427426968696,0
"arm",2009,0,0,NA,2716.974363,3066000,0.540306329727173,7.90727417360708,14.9358843384139,0
"arm",2010,0,0,NA,2796.081434,3044800,0.695360541343689,7.9359742281084,14.928945775524,0
"arm",2011,0,0,NA,2943.836871,3027900,0.47765126824379,7.98746906764778,14.9233798678951,0
"arm",2012,0,0,NA,3159.758608,3024100,0.501215040683746,8.05825091378968,14.9221240845179,0
"arm",2013,0,0,NA,3266.29883,3022000,0.481752127408981,8.09141276658913,14.9214294218148,0
"arm",2014,0,0,NA,3393.092523,3013800,0.465203851461411,8.12949703320113,14.9187122989662,0
"atg",1990,0,0,NA,13166.52412,63066,NA,9.48543283583338,11.0519370760514,0
"atg",1991,0,0,NA,13385.01144,63387,NA,9.50189081064217,11.0570140720816,0
"atg",1992,0,0,NA,13326.27288,64404,NA,9.49749277017532,11.0729310219648,0
"atg",1993,0,0,NA,13776.82641,65587,NA,9.53074321397974,11.0911327845621,0
"atg",1994,0,0,NA,14420.4694,66843,NA,9.57640396232023,11.1101018650055,0
"atg",1995,0,0,NA,13519.52877,68189,NA,9.51189049469959,11.1300385405003,0
"atg",1996,0,0,NA,14117.86791,69612,NA,9.55519650177055,11.1506922452541,0
"atg",1997,0,0,NA,14588.30798,71053,NA,9.58797566357849,11.1711813564199,0
"atg",1998,0,0,NA,14991.78026,72412,NA,9.61525734722031,11.1901273104958,0
"atg",1999,0,0,NA,15282.9734,73666,NA,9.63449463803035,11.2072966420171,0
"atg",2000,0,0,NA,15961.09184,74912,NA,9.67790927969144,11.2240693702906,0
"atg",2001,0,0,NA,15003.43892,76069,NA,9.61603471514132,11.2393961021182,0
"atg",2002,0,0,NA,14968.0703,77032,NA,9.61367456462916,11.2519761989201,0
"atg",2003,0,0,NA,15703.93471,77884,NA,9.66166657840817,11.2629758192355,0
"atg",2004,0,0,NA,16433.41305,78719,NA,9.70707192226368,11.2736398283934,0
"atg",2005,0,0,NA,17301.21343,79611,NA,9.75853191848857,11.2849075532398,0
"atg",2006,0,0,NA,19259.64865,80604,NA,9.86576744271428,11.2973035550549,0
"atg",2007,0,0,NA,20770.26897,81704,NA,9.94127786671409,11.3108582392579,0
"atg",2008,0,0,NA,20464.78631,82912,NA,9.92646094714221,11.3255350833618,0
"atg",2009,0,0,NA,17746.70086,84173,NA,9.78395491058589,11.3406294837232,0
"atg",2010,0,0,NA,16135.39738,85320,NA,9.68877073263026,11.3541641725853,0
"atg",2011,0,0,NA,15633.90911,86332,NA,9.65719749515202,11.3659556078789,0
"atg",2012,0,0,NA,15989.39002,87260,NA,9.67968065750812,11.3766474466776,0
"atg",2013,0,0,NA,15748.1952,88064,NA,9.6644810472116,11.385819101853,0
"atg",2014,0,0,NA,15967.285,88765,NA,9.67829722049462,11.3937477071409,0
"aus",1990,4,0,15.95,36975.4199,17065128,NA,10.5180086438364,16.6525476410273,1
"aus",1991,4,0,15.95,36366.69624,17284036,NA,10.5014086963516,16.665293858883,1
"aus",1992,0,0,15.95,36117.54465,17478635,NA,10.4945340276456,16.6764898358977,1
"aus",1993,0,0,15.95,37246.00443,17634808,NA,10.5252999544304,16.6853852341533,1
"aus",1994,3,0,15.95,38356.7692,17805468,NA,10.5546863023013,16.6950161591001,1
"aus",1995,0,0,14.95,39407.56475,18004882,NA,10.5817130755876,16.7061535013086,1
"aus",1996,0,0,14.95,40437.09419,18224767,NA,10.607502815706,16.7182920511408,1
"aus",1997,0,0,14.95,41569.16537,18423037,NA,10.6351139543449,16.7291124503367,1
"aus",1998,0,0,14.95,43081.72017,18607584,NA,10.6708540601389,16.7390797975148,1
"aus",1999,3,0,14.95,44755.65997,18812264,0.314133793115616,10.7089731954816,16.7500195555442,1
"aus",2000,0,0,14.95,45979.07657,19028802,0.309872180223465,10.7359417148184,16.761464284059,1
"aus",2001,3.33333333333333,0,14.95,46314.62353,19274701,0.417205154895782,10.743213033187,16.7743039649717,1
"aus",2002,0,0,14.95,47599.40793,19495210,0.43839567899704,10.7705756016968,16.7856793523336,1
"aus",2003,5,0,14.95,48509.66322,19720737,0.411244928836823,10.7895182987291,16.7971812796656,1
"aus",2004,0,0,14.95,50018.59045,19932722,0.386468708515167,10.8201500243064,16.8078732608861,1
"aus",2005,0,0,14.95,50972.64052,20176844,0.394715160131454,10.8390443073679,16.8200461681914,1
"aus",2006,0,0,14.95,51682.89252,20450966,0.390685141086578,10.8528821067045,16.8335406765013,1
"aus",2007,0,0,14.95,52671.32585,20827622,0.398850291967392,10.8718264849345,16.8517906444542,1
"aus",2008,0,0,14.95,53497.27536,21249199,0.41650977730751,10.8873860037368,16.8718297585066,1
"aus",2009,0,0,14.95,53430.52748,21691653,0.457200914621353,10.8861375372594,16.8924380901343,1
"aus",2010,0,0,14.95,53768.34973,22031750,0.488627344369888,10.8924402780551,16.9079951527547,1
"aus",2011,0,0,14.95,54296.23213,22340024,0.461066514253616,10.9022101136434,16.9218904259109,1
"aus",2012,0,0,14.95,55465.44629,22733465,0.452462613582611,10.9235155164759,16.9393486259177,1
"aus",2013,0,0,14.95,55966.15093,23128129,0.429171472787857,10.9325023392866,16.9565601403176,1
"aus",2014,0,0,14.95,56571.80625,23475686,0.412812292575836,10.9432660172954,16.9714758052088,1
"aut",1990,0,0,15,31167.1858,7677850,NA,10.3471210831544,15.8538501180145,1
"aut",1991,3,0,15,31919.55735,7754891,NA,10.3709741839864,15.8638342990459,1
"aut",1992,0,0,15,32231.12161,7840709,NA,10.3806877743901,15.8748398219112,1
"aut",1993,0,0,15,32134.82991,7905633,NA,10.3776957648086,15.8830861013211,1
"aut",1994,0,0,15,32780.34194,7936118,NA,10.397584283604,15.8869347967879,1
"aut",1995,0,0,15,33603.42783,7948278,0.625694334506989,10.4223833594977,15.8884658593949,1
"aut",1996,0,0,15,34301.65622,7959017,0.609461426734924,10.4429489182857,15.8898160577324,1
"aut",1997,0,0,14,34998.03212,7968041,0.668684661388397,10.463047113748,15.8909492238157,1
"aut",1998,0,0,14,36180.74906,7976789,0.676963865756989,10.4962824624387,15.8920465074967,1
"aut",1999,0,0,14,37468.86989,7992324,0.695676743984222,10.5312657309379,15.8939921390293,1
"aut",2000,1,0,14,38571.08588,8011566,0.707438468933105,10.5602582042931,15.8963968055538,1
"aut",2001,0,0,14,38929.7538,8042293,0.691452980041504,10.5695141164129,15.9002247994986,1
"aut",2002,0,0,14,39313.72251,8081957,0.696673512458801,10.579328910193,15.9051446041412,1
"aut",2003,0,0,14,39569.28856,8121423,0.683623135089874,10.5858085549406,15.9100159430894,1
"aut",2004,0,0,14,40333.33072,8171966,0.685672402381897,10.6049334711174,15.9162200743628,1
"aut",2005,0,0,14,40989.01318,8227829,0.683019161224365,10.6210593385562,15.9230327468458,1
"aut",2006,0,0,14,42120.1557,8268641,0.692510426044464,10.6482816628223,15.9279807245968,1
"aut",2007,0,0,14,43568.83022,8295487,0.691056132316589,10.682097270461,15.9312221899496,1
"aut",2008,0,0,14,44063.8642,8321496,0.706622838973999,10.6933953196427,15.9343526043262,1
"aut",2009,0,0,14,42372.47583,8343323,0.712191820144653,10.6542542754749,15.9369721362253,1
"aut",2010,0,0,14,43035.40735,8363404,0.71020370721817,10.6697784825901,15.9393760792203,1
"aut",2011,0,0,14,44146.19568,8391643,0.702409446239471,10.695262034256,15.9427468876386,1
"aut",2012,0,0,14,44221.45995,8429991,0.697320342063904,10.6969654694702,15.9473062623618,1
"aut",2013,0,0,14,43851.36755,8479823,0.698079347610474,10.6885611843152,15.9532001349087,1
"aut",2014,0,0,14,43838.83459,8546356,0.690730452537537,10.6882753380113,15.961015551234,1
"aze",1990,0,0,NA,2866.410607,7175200,NA,7.96081586644441,15.7861411937859,0
"aze",1991,0,0,NA,2808.727444,7271300,NA,7.94048679284869,15.7994456505802,0
"aze",1992,4,6,NA,2141.340038,7382050,NA,7.66918709802457,15.8145619357813,0
"aze",1993,4,6,NA,1621.918094,7494800,NA,7.39136473648296,15.8297200047065,0
"aze",1994,4,6,NA,1284.955551,7596550,NA,7.15847940606957,15.8432047548228,0
"aze",1995,4,6,NA,1120.308678,7684850,NA,7.0213595316741,15.8547614162217,0
"aze",1996,3,0,NA,1123.447938,7763000,NA,7.02415775143287,15.8648794153878,0
"aze",1997,0,0,NA,1177.19686,7838250,NA,7.07089134900952,15.8745261531249,0
"aze",1998,4,1,NA,1282.684137,7913000,NA,7.15671014334698,15.8840175345913,0
"aze",1999,4,0.5,NA,1365.565851,7982750,NA,7.21932416457705,15.8927935215899,0
"aze",2000,1,0,NA,1504.731067,8048600,NA,7.31636946819222,15.9010087212266,0
"aze",2001,2,0,NA,1640.936645,8111200,NA,7.40302248278843,15.9087563806205,0
"aze",2002,2,0,NA,1782.473192,8171950,NA,7.48575711262416,15.9162181164477,0
"aze",2003,3,0,NA,1949.606084,8234100,NA,7.57538262294626,15.9237946260038,0
"aze",2004,0,0,NA,2111.453383,8306500,NA,7.65513179646038,15.9325488988087,0
"aze",2005,0,0,NA,2674.368856,8391850,NA,7.89146868980925,15.9427715547327,0
"aze",2006,0,0,NA,3556.832129,8484550,NA,8.17662557628879,15.9537574204768,0
"aze",2007,0,0,NA,4412.203261,8581300,NA,8.39212944934847,15.9650959751384,0
"aze",2008,0,0,NA,4778.124527,8763400,0.709623157978058,8.47180339012462,15.9860945154643,0
"aze",2009,0,0,NA,5118.433955,8947243,0.741774380207062,8.54060380308228,16.0068559981028,0
"aze",2010,0,0,NA,5300.110487,9054332,0.781971991062164,8.5754829459267,16.0187538751814,0
"aze",2011,4,0,NA,5149.206659,9173082,0.792447030544281,8.54659793499524,16.0317838837302,0
"aze",2012,0,0,NA,5193.175011,9295784,0.847870171070099,8.55510054460515,16.0450715220035,0
"aze",2013,0,0,NA,5425.995598,9416801,0.869350731372833,8.59895668193952,16.0580059922736,0
"aze",2014,0,0,NA,5508.602656,9535079,0.793918907642365,8.61406626853277,16.0704880822471,0
"bdi",1990,0,0,NA,373.2452417,5587052,NA,5.92223568804601,15.5359623357185,0
"bdi",1991,0,0,NA,383.8703586,5703857,NA,5.95030488777288,15.5566531706358,0
"bdi",1992,0,0,NA,377.5183197,5858407,NA,5.93361909651821,15.5833882815938,0
"bdi",1993,0,0,NA,365.2820123,5676843,NA,5.90066969169097,15.5519058263186,0
"bdi",1994,0,0,NA,349.0162492,5713854,NA,5.8551184804309,15.5584043101689,0
"bdi",1995,1,0,NA,302.7018445,6066316,NA,5.71274830950101,15.6182620595105,0
"bdi",1996,0,0,NA,278.2934799,6070506,NA,5.62867623994263,15.6189525203521,0
"bdi",1997,0,0,NA,273.8895483,6070042,NA,5.61272491672388,15.6188760822869,0
"bdi",1998,0,0,NA,281.4708927,6187108,NA,5.64002904152304,15.6379783303168,0
"bdi",1999,0,0,NA,272.0308648,6337155,NA,5.60591553338778,15.66194048753,0
"bdi",2000,0,0,NA,264.1544072,6470194,NA,5.57653380793073,15.6827166505716,0
"bdi",2001,0,0,NA,262.9138858,6634365,NA,5.57182654814247,15.7077735165716,0
"bdi",2002,1,0,NA,266.9681416,6824132,NA,5.58712933143088,15.7359757114601,0
"bdi",2003,0,0,NA,255.5008234,7043154,NA,5.54322563233915,15.7675666391707,0
"bdi",2004,1.5,0,NA,258.0500091,7310656,NA,5.55315339985922,15.8048435677816,0
"bdi",2005,0,0,NA,250.8789335,7587299,NA,5.52497048611666,15.84198622306,0
"bdi",2006,1,0,NA,255.1055823,7865547,NA,5.5416775076994,15.8780026406893,0
"bdi",2007,4,0,NA,254.3117255,8161874,NA,5.53856078029156,15.9149843574359,0
"bdi",2008,4,0,NA,256.0124616,8505637,NA,5.54522612141982,15.9562396781268,0
"bdi",2009,0,0,NA,252.5820199,8947646,NA,5.53173602725628,16.0069010388963,0
"bdi",2010,0,0,NA,253.3085777,9376444,NA,5.53460842023213,16.0537111446265,0
"bdi",2011,0,0,NA,254.2421106,9717978,NA,5.53828700435873,16.0894881301051,0
"bdi",2012,0,0,NA,256.1803939,10071028,NA,5.54588185999256,16.1251733448866,0
"bdi",2013,0,0,NA,259.3111172,10439341,NA,5.55802856551681,16.1610920158211,0
"bdi",2014,0,0,NA,261.2967218,10799785,NA,5.56565662671499,16.1950367844889,0
"bel",1990,3,0,21.19,29609.62075,9967379,NA,10.2958546128407,16.1148282187107,1
"bel",1991,3,0,21.19,30040.55084,10004486,NA,10.3103034425941,16.1185441503674,1
"bel",1992,4,0,21.19,30376.87453,10045158,NA,10.3214368916605,16.122601285326,1
"bel",1993,2.5,0,21.19,29967.39442,10084475,NA,10.307865216925,16.1265076705043,1
"bel",1994,4,0,21.19,30839.24143,10115603,NA,10.3365432304227,16.1295896412411,1
"bel",1995,4,0,22.07,31508.62266,10136811,0.63645476102829,10.3580165225932,16.1316840096213,1
"bel",1996,4,0,22.07,31862.66939,10156637,0.620096564292908,10.3691903649511,16.1336379413837,1
"bel",1997,0,0,22.07,32991.50101,10181245,0.618710339069366,10.4040052621267,16.1360578602335,1
"bel",1998,4,0,22.07,33566.98759,10203008,0.611812949180603,10.4212983507674,16.1381931367402,1
"bel",1999,2.5,0,22.07,34676.60516,10226419,0.607432961463928,10.4538205356761,16.1404850277705,1
"bel",2000,1.5,0,22.07,35878.31536,10251250,0.625140011310577,10.487888363008,16.1429102073328,1
"bel",2001,0,0,22.07,36148.28809,10286570,0.611709177494049,10.4953848707256,16.146349718909,1
"bel",2002,0,0,22.97,36600.86259,10332785,0.562119841575623,10.5078270871445,16.1508324078572,1
"bel",2003,0,0,22.97,36826.26993,10376133,0.559064507484436,10.5139667262759,16.1550188229379,1
"bel",2004,0,0,22.97,37976.6973,10421137,0.560518383979797,10.5447280216594,16.1593467054192,1
"bel",2005,0,0,22.97,38645.26052,10478617,0.556050896644592,10.5621794208819,16.1648472625001,1
"bel",2006,0,0,22.97,39371.08583,10547958,0.548469305038452,10.5807869636946,16.1714428446499,1
"bel",2007,0,0,22.97,40520.08432,10625700,0.53581303358078,10.6095530393081,16.1787861529575,1
"bel",2008,0,0,22.97,40380.9075,10709973,0.558125436306,10.6061123656113,16.1866859214124,1
"bel",2009,0,0,22.97,39293.63755,10796493,0.569720149040222,10.578817890349,16.1947319171385,1
"bel",2010,0,0,22.97,39991.56462,10895586,0.561706483364105,10.5964238263568,16.2038683110549,1
"bel",2011,4,0,22.97,40236.95963,11038264,0.557586669921875,10.6025412460046,16.2168783400719,1
"bel",2012,3,0,22.97,40074.4928,11106932,0.56050580739975,10.5984953211282,16.2230799758653,1
"bel",2013,0,0,22.97,40007.89979,11159407,0.549840331077576,10.5968322083466,16.2277933773049,1
"bel",2014,0,0,22.97,40533.9135,11209057,0.555878818035126,10.609894273066,16.2322326701897,1
"ben",1990,0,0,NA,749.4596666,5281479,NA,6.61935250235215,15.4797167300943,0
"ben",1991,0,0,NA,757.4031451,5446932,NA,6.62989566795445,15.5105630723518,0
"ben",1992,0,0,NA,756.0808882,5617844,NA,6.62814836542952,15.5414585183719,0
"ben",1993,0,0,NA,765.4799144,5872706,NA,6.6405029762166,15.5858260736569,0
"ben",1994,0,0,NA,752.2775087,6096506,NA,6.62310528340252,15.6232263781532,0
"ben",1995,0,0,NA,781.0647885,6226773,NA,6.66065810222491,15.6443687790388,0
"ben",1996,0,0,NA,793.7950527,6391858,NA,6.67682530790324,15.6705355509124,0
"ben",1997,0,0,NA,814.9013954,6583365,NA,6.70306711868205,15.7000565707583,0
"ben",1998,0,0,NA,821.4599714,6789489,NA,6.71108321005766,15.7308862389709,0
"ben",1999,0,0,NA,838.976787,7002818,NA,6.73218303862319,15.761823197438,0
"ben",2000,1,0,NA,861.213292,7221619,NA,6.75834219964885,15.7925897239585,0
"ben",2001,0,0,NA,879.8544638,7445596,NA,6.77975651174968,15.8231332746235,0
"ben",2002,0,0,NA,893.137101,7675426,NA,6.79474009764763,15.8535343547832,0
"ben",2003,0,0,NA,896.1467632,7913070,NA,6.79810419777575,15.8840263807547,0
"ben",2004,0,0,NA,907.6244312,8159094,NA,6.81083067100968,15.9146436913643,0
"ben",2005,0,0,NA,893.9153687,8426144,NA,6.79561110480875,15.9468498113347,0
"ben",2006,0,0,NA,900.6205358,8693242,NA,6.80308400996149,15.9780565001645,0
"ben",2007,0,0,NA,926.7401138,8953969,NA,6.83167317437211,16.0076074556372,0
"ben",2008,0,0,NA,943.2033803,9228466,NA,6.84928193308018,16.0378033954837,0
"ben",2009,0,0,NA,936.5656511,9509423,NA,6.84221962204319,16.0677937597051,0
"ben",2010,0,0,NA,928.2466553,9797484,NA,6.83329748981881,16.0976361759849,0
"ben",2011,0,0,NA,927.7164128,10093623,NA,6.83272609642899,16.1274143962647,0
"ben",2012,0,0,NA,943.9187715,10397657,NA,6.8500401153034,16.1570910502688,0
"ben",2013,0,0,NA,982.3992063,10708834,NA,6.88999774947317,16.1865795662824,0
"ben",2014,0,0,NA,1014.433006,11030004,NA,6.9220851206142,16.2161297538769,0
"bfa",1990,0,0,NA,332.1532767,9159356,NA,5.80559653918377,16.0302864285019,0
"bfa",1991,0,0,NA,353.2067208,9394632,NA,5.86705349686134,16.0556490202914,0
"bfa",1992,0,0,NA,345.4018168,9629275,NA,5.84470842568716,16.0803184953743,0
"bfa",1993,0,0,NA,348.581211,9871713,NA,5.8538712331824,16.1051839525815,0
"bfa",1994,0,0,NA,344.3711841,10123798,NA,5.84172009919243,16.1303994478602,0
"bfa",1995,0,0,NA,354.8411885,10386722,NA,5.87167033304369,16.1560388176273,0
"bfa",1996,0,0,NA,383.973583,10655942,NA,5.95057375595046,16.1816282288046,0
"bfa",1997,0,0,NA,397.8389553,10934223,NA,5.98604728847301,16.207408153327,0
"bfa",1998,0,0,NA,415.2735135,11240664,NA,6.02893737181502,16.2350484754181,0
"bfa",1999,0,0,NA,433.1047276,11574928,NA,6.07097956388486,16.2643519376149,0
"bfa",2000,0,0,NA,428.3097966,11925546,NA,6.05984675757944,16.294193379854,0
"bfa",2001,0,0,NA,442.9141229,12295001,NA,6.09337589775425,16.3247033149663,0
"bfa",2002,0,0,NA,448.1288563,12680897,NA,6.10508081672829,16.3556072457962,0
"bfa",2003,0,0,NA,468.2630478,13082532,NA,6.14903020596534,16.3867884632412,0
"bfa",2004,0,0,NA,474.0864123,13500533,NA,6.16138960951002,16.4182397241108,0
"bfa",2005,0,0,NA,499.1927976,13932123,NA,6.21299238906652,16.4497077390251,0
"bfa",2006,0,0,NA,514.1131318,14373707,NA,6.24244334201475,16.4809111927761,0
"bfa",2007,0,0,NA,519.2610122,14816307,NA,6.25240667042734,16.5112389564958,0
"bfa",2008,0,0,NA,533.4712999,15258093,NA,6.27940527341847,16.5406206087769,0
"bfa",2009,0,0,NA,533.4700848,15710066,NA,6.27940299569259,16.5698122113687,0
"bfa",2010,0,0,NA,561.8472213,16176498,NA,6.33122996471563,16.5990700061186,0
"bfa",2011,0,0,NA,581.6036587,16661908,NA,6.36578921694918,16.6286357139557,0
"bfa",2012,0,0,NA,600.7313437,17172287,NA,6.3981478191198,16.6588074214411,0
"bfa",2013,0,0,NA,616.7413312,17695409,NA,6.42444969969658,16.6888157853686,0
"bfa",2014,0,0,NA,624.5768852,18229461,NA,6.43707443679948,16.7185495795694,0
"bgd",1990,3,0,13.72,473.444821,111633717,NA,6.16003537151658,18.5307336859372,0
"bgd",1991,3,0,13.72,480.673359,113787109,NA,6.17518795210344,18.54983979556,0
"bgd",1992,0,0,5.39,497.3711737,115952192,NA,6.20933657572931,18.5686885261874,0
"bgd",1993,0,0,5.36,511.1935094,118132360,NA,6.23674820619086,18.5873162487155,0
"bgd",1994,0,0,5.66,521.3231447,120343179,NA,6.25637008883185,18.6058580442266,0
"bgd",1995,4,0,5.66,537.9319466,122600370,NA,6.28773205885228,18.6244405994064,0
"bgd",1996,1,0,5.66,552.0771071,124862179,NA,6.31368772329717,18.6427211189913,0
"bgd",1997,0,0,5.66,566.2711408,127198069,NA,6.33907301084646,18.6612560279375,0
"bgd",1998,0,0,5.66,584.4481752,129622332,NA,6.37066811179722,18.6801356418528,0
"bgd",1999,0,0,5.75,600.2323232,132108065,NA,6.39731678560484,18.6991308198621,0
"bgd",2000,0,0,5.75,620.5604728,134544304,NA,6.43062305807481,18.7174041005362,0
"bgd",2001,1,0,5.78,641.2889229,136805810,NA,6.46348009312243,18.7340730330111,0
"bgd",2002,4,0.5,5.8,655.6721394,138933658,NA,6.48566087650869,18.7495070965848,0
"bgd",2003,4,1,5.8,676.826252,140970351,NA,6.51741459595584,18.7640601496355,0
"bgd",2004,4,1,5.8,702.6563571,142902856,NA,6.55486794882668,18.7776756287046,0
"bgd",2005,4,1,5.8,739.2037184,144715786,NA,6.60557355061785,18.79028228033,0
"bgd",2006,4,1,5.8,779.4195704,146405973,NA,6.65854950216083,18.8018939578395,0
"bgd",2007,4,1,5.8,825.50823,147989278,NA,6.71599923302581,18.8126503831581,0
"bgd",2008,3.5,0.25,5.8,866.4581576,149474264,NA,6.76441381901106,18.8226347888188,0
"bgd",2009,3.33333333333333,0.333333333333333,15,901.7296263,150873714,NA,6.8043147260158,18.8319537137334,0
"bgd",2010,4,1,15,943.6642286,152201981,NA,6.84977041283042,18.8407190190759,0
"bgd",2011,1,0,14.99,995.5799472,153591076,NA,6.90332542886834,18.8498042780317,0
"bgd",2012,1,0,14.99,1050.391404,155070101,NA,6.95691813940598,18.8593878371589,0
"bgd",2013,1,0,14.98,1103.156959,156532141,NA,7.00593131103345,18.8687719206601,0
"bgd",2014,4,1,14.98,1159.407535,157964929,NA,7.05566440793575,18.8778835979982,0
"bgr",1990,0,0,NA,4425.499683,8718289,0.0399766005575657,8.39513847377861,15.980933561036,0
"bgr",1991,0,0,1,4092.079489,8632367,0.221438452601433,8.31680855234717,15.971029301235,0
"bgr",1992,0,0,1,3835.454386,8540164,0.416548281908035,8.25204319074618,15.9602907693274,0
"bgr",1993,0,0,1,3808.943205,8472313,0.451505422592163,8.24510705562971,15.9523141108123,0
"bgr",1994,0,0,1,3891.382404,8443591,0.479395776987076,8.26651974726111,15.9489182500174,0
"bgr",1995,0,0,1,4021.995239,8406067,NA,8.29953338659246,15.9444642650127,0
"bgr",1996,1,0,1,4253.234639,8362826,NA,8.35543506396459,15.9393069662163,0
"bgr",1997,0,0,1,3675.180807,8312068,NA,8.20935760962037,15.933218992671,0
"bgr",1998,0,0,1,3839.976816,8256786,NA,8.25322160806355,15.9265459656603,0
"bgr",1999,0,0,1,3537.345444,8210624,NA,8.17113185025497,15.9209394834125,0
"bgr",2000,1,0,1,3717.928899,8170172,NA,8.22092204464506,15.9160005192462,0
"bgr",2001,0,0,1,3937.701609,8009142,NA,8.27835248410881,15.8960941972023,0
"bgr",2002,0,0,1,4260.404775,7837161,NA,8.35711945235516,15.8743872093993,0
"bgr",2003,0,0,1,4519.184392,7775327,NA,8.41608681229647,15.866466073023,0
"bgr",2004,0,0,1,4849.871413,7716860,NA,8.48670747079655,15.8589181035102,0
"bgr",2005,0,0,1,5231.338119,7658972,NA,8.5624223788271,15.8513883290553,0
"bgr",2006,0,0,1,5629.80128,7601022,NA,8.63582942388557,15.8437932699,0
"bgr",2007,0,0,1,6048.742318,7545338,NA,8.70760564809226,15.8364404470601,0
"bgr",2008,4,0,1,6464.72198,7492561,NA,8.77411528641429,15.8294212196146,0
"bgr",2009,0,0,2,6288.725432,7444443,NA,8.74651369513918,15.8229784059892,0
"bgr",2010,0,0,2,6428.717426,7395599,NA,8.76853033015037,15.8163956515228,0
"bgr",2011,4,0,2,6605.308517,7348328,NA,8.79562892547949,15.8099833623176,0
"bgr",2012,0,0,2,6693.427733,7305888,NA,8.80888138857396,15.804191156354,0
"bgr",2013,0,0,2,6792.7355,7160005,NA,8.82360901129206,15.7840212372606,0
"bgr",2014,0,0,2,6941.018539,7073572,NA,8.8452038062768,15.7718761436658,0
"bhr",1990,0,0,NA,18345.838,514797,NA,9.81715801576789,13.1515279271813,0
"bhr",1991,4,0,NA,20882.50586,503052,NA,9.94666704724776,13.1284488234602,0
"bhr",1992,0,0,NA,21701.22203,516458,NA,9.98512385268948,13.1547492476817,0
"bhr",1993,0,0,NA,23858.19312,530225,NA,10.0798829643686,13.1810567237435,0
"bhr",1994,3,0,NA,23180.33226,544366,NA,10.0510594506996,13.2073770937312,0
"bhr",1995,0,0,NA,23465.71292,558879,NA,10.0632956100385,13.2336882707462,0
"bhr",1996,0,0,NA,23795.20925,573792,NA,10.0772395473808,13.2600222402921,0
"bhr",1997,0,0,NA,23893.13357,589115,NA,10.0813463983152,13.2863766897556,0
"bhr",1998,0,0,NA,24386.59165,604842,NA,10.1017887376975,13.3127225458808,0
"bhr",1999,0,0,NA,24773.84641,620989,NA,10.1175437954501,13.3390686473932,0
"bhr",2000,0,0,NA,25407.96941,637582,NA,10.1428181600946,13.3654381751939,0
"bhr",2001,0,0,NA,25106.28697,661316,NA,10.1308735706482,13.4019870681379,0
"bhr",2002,0,0,NA,24149.0156,710553,NA,10.0919988963452,13.4737988190926,0
"bhr",2003,3,0,NA,23857.64036,764517,NA,10.0798597955393,13.5469995408601,0
"bhr",2004,0,0,NA,23688.11211,823741,NA,10.0727286025463,13.6216114390943,0
"bhr",2005,0,0,NA,23439.67044,888822,NA,10.0621851838651,13.6976522694765,0
"bhr",2006,0,0,NA,23095.01813,960424,NA,10.0473722078828,13.7751301326047,0
"bhr",2007,0,0,NA,23112.48881,1039295,NA,10.0481283915417,13.8540531566345,0
"bhr",2008,0,0,NA,23127.2148,1103496,NA,10.0487653329296,13.9139938798423,0
"bhr",2009,0,0,NA,22206.9372,1178415,NA,10.0081600055331,13.9796808731738,0
"bhr",2010,0,0,NA,22224.07362,1228543,NA,10.0089313776236,14.0213394723658,0
"bhr",2011,0,0,NA,23288.04494,1195020,NA,10.0556954151728,13.9936734796094,0
"bhr",2012,0,0,NA,23894.88044,1208964,NA,10.0814195074425,14.0052743524787,0
"bhr",2013,0,0,NA,24271.62788,1253191,NA,10.0970633702249,14.0412036564193,0
"bhr",2014,0,0,NA,24135.49913,1314562,NA,10.0914390286348,14.0890140882627,0
"bhs",1990,0,0,0,30995.48307,275945,NA,10.3415967654316,12.527956849479,0
"bhs",1991,0,0,0,29192.99426,280731,NA,10.2816840368676,12.5451521944424,0
"bhs",1992,0,0,0,27565.97846,285927,NA,10.2243376268567,12.5634918124663,0
"bhs",1993,0,0,0,27137.17834,291339,NA,10.2086599611453,12.5822428165813,0
"bhs",1994,0,0,0,27503.63539,296509,NA,10.2220734709175,12.5998328510908,0
"bhs",1995,0,0,0,28236.37538,301461,NA,10.248366332803,12.6163959335487,0
"bhs",1996,0,0,0,28967.04805,306268,NA,10.2739141887818,12.6322158146241,0
"bhs",1997,0,0,0,28902.5719,310904,NA,10.2716858632205,12.6472394618374,0
"bhs",1998,0,0,0,29837.43818,315368,NA,10.3035191987555,12.6614954898984,0
"bhs",1999,0,0,0,31544.35406,319614,NA,10.3591498998161,12.6748692966708,0
"bhs",2000,0,0,0,32424.72718,323835,NA,10.3866765952711,12.6879894057987,0
"bhs",2001,0,0,0,32870.09183,327836,NA,10.4003184603873,12.7002687623246,0
"bhs",2002,0,0,0,33374.60269,331614,NA,10.4155504912122,12.7117269208937,0
"bhs",2003,0,0,0,32559.31155,335618,NA,10.3908186758512,12.723728887417,0
"bhs",2004,0,0,0,32444.07396,339782,NA,10.3872730848079,12.7360595144802,0
"bhs",2005,0,0,0,33144.78788,343894,NA,10.4086407548964,12.7480887493359,0
"bhs",2006,0,0,0,33541.85075,348375,NA,10.4205492142365,12.7610347647842,0
"bhs",2007,0,0,0,33549.336,353334,NA,10.4207723508478,12.7751690642108,0
"bhs",2008,0,0,0,32331.82461,358120,NA,10.3838073061823,12.7886234047481,0
"bhs",2009,0,0,0,30581.33422,362810,NA,10.3281451090087,12.8016345602391,0
"bhs",2010,0,0,0,30657.43191,367478,NA,10.3306303886437,12.8144187318975,0
"bhs",2011,0,0,0,30492.67385,371729,NA,10.3252417321031,12.8259203731505,0
"bhs",2012,0,0,0,31553.49195,375469,NA,10.359439541718,12.8359311901871,0
"bhs",2013,0,0,0,30368.26312,378953,NA,10.3211533657557,12.8451674658205,0
"bhs",2014,0,0,0,30658.53446,382298,NA,10.3306663515443,12.8539556881772,0
"bih",1990,0,0,NA,791.4439704,4448652,NA,6.67385908768084,15.3081116869042,0
"bih",1991,0,0,NA,715.9000644,4458343,NA,6.57354058235883,15.3102877303002,0
"bih",1992,4,3.5,NA,705.206671,4234616,NA,6.55849091020671,15.2588032089939,0
"bih",1993,4,3.66666666666667,NA,748.1500211,3904482,NA,6.61760352083233,15.1776356820089,0
"bih",1994,3,2.66666666666667,NA,871.3984915,3725412,NA,6.77009938255951,15.1306880077065,0
"bih",1995,0,0,26.34,1013.22445,3715564,NA,6.92089304930103,15.1280410415692,0
"bih",1996,1,0,26.34,1498.005933,3875246,NA,7.31189012468347,15.1701197026255,0
"bih",1997,0,0,26.34,1974.057427,4018227,NA,7.58784631126227,15.2063513185302,0
"bih",1998,0,0,23.05,2262.032632,4089356,NA,7.72401908274354,15.2238980584086,0
"bih",1999,0,0,23.05,2452.851884,4130305,NA,7.80500666086187,15.2338618120894,0
"bih",2000,0,0,23.05,2567.34137,4159771,NA,7.8506261560576,15.2409705826453,0
"bih",2001,0,0,23.05,2617.182304,4179438,NA,7.8698535615483,15.245687345701,0
"bih",2002,0,0,23.05,2743.138786,4188002,NA,7.91685808608492,15.2477343285274,0
"bih",2003,0,0,23.05,2855.683149,4178523,NA,7.95706637507804,15.2454683927761,0
"bih",2004,0,0,23.05,3063.835434,4140987,NA,8.02742281988805,15.2364447231845,0
"bih",2005,0,0,23.05,3217.813416,4096493,0.0400429628789425,8.07645734451647,15.2256417997868,0
"bih",2006,0,0,23.05,3419.758875,4063272,0.116143710911274,8.13732532318513,15.2174991183358,0
"bih",2007,0,0,23.05,3665.089665,4013424,0.134324908256531,8.20660807923294,15.2051553002838,0
"bih",2008,0,0,23.05,3929.032977,3947544,0.184338167309761,8.27614861275307,15.1886041713449,0
"bih",2009,0,0,23.05,3877.535401,3879794,0.129274487495422,8.26295502486072,15.1712926174065,0
"bih",2010,0,0,23.05,3981.209857,3811472,0.128311932086945,8.28934103625551,15.1535260241943,0
"bih",2011,0,0,23.05,4094.253295,3741798,0.0682637915015221,8.31733963411685,15.1350768025312,0
"bih",2012,0,0,23.05,4139.917328,3670113,0.16119410097599,8.32843109753785,15.1157330097475,0
"bih",2013,0,0,23.05,4306.731751,3610859,0.074438638985157,8.36793460101559,15.0994562521419,0
"bih",2014,0,0,23.05,4412.676178,3564829,0.0662167146801949,8.39223662746999,15.0866266443407,0
"blr",1990,0,0,NA,2888.812966,10189348,NA,7.96860095832205,16.1368534188535,0
"blr",1991,0,0,NA,2852.830859,10194050,NA,7.95606706414235,16.1373147747161,0
"blr",1992,0,0,NA,2573.299551,10216470,NA,7.8529442264148,16.1395116819009,0
"blr",1993,0,0,NA,2372.485169,10239050,NA,7.77169327925274,16.1417193998344,0
"blr",1994,0,0,NA,2097.38187,10226955,NA,7.64844511732747,16.1405374396611,0
"blr",1995,0,0,NA,1885.360627,10193831,NA,7.54187439564227,16.1372932913653,0
"blr",1996,0,0,NA,1944.687005,10159569,NA,7.57285632022389,16.133926577955,0
"blr",1997,0,0,NA,2175.403742,10117433,NA,7.68496955480169,16.129770533521,0
"blr",1998,0,0,NA,2368.783309,10071963,NA,7.77013173057883,16.1252661811491,0
"blr",1999,0,0,NA,2460.369442,10026738,NA,7.80806679732537,16.1207658827142,0
"blr",2000,0,0,NA,2615.363768,9979610,NA,7.86915847504617,16.1160545693678,0
"blr",2001,3,0,NA,2753.033697,9928549,NA,7.92045874516941,16.1109249024843,0
"blr",2002,0,0,NA,2910.399375,9865548,NA,7.97604559301672,16.10455924582,0
"blr",2003,0,0,NA,3137.262614,9796749,0.143214225769043,8.05110591970112,16.0975611539108,0
"blr",2004,0,0,NA,3520.404526,9730146,0.126233622431755,8.16633118414819,16.0907394591884,0
"blr",2005,0,0,NA,3877.717389,9663915,0.204460263252258,8.26300195769579,16.0839094035883,0
"blr",2006,0,0,NA,4291.686472,9604924,0.280897080898285,8.36443505168813,16.0777864416079,0
"blr",2007,0,0,NA,4682.206767,9560953,0.309053361415863,8.45152480918595,16.0731979662517,0
"blr",2008,0,0,NA,5177.645348,9527985,0.2354806214571,8.55210566588391,16.0697438157087,0
"blr",2009,0,0,NA,5200.774186,9504583,0.290299475193024,8.55656277541078,16.0672846612958,0
"blr",2010,0,0,NA,5616.094117,9483836,0.346516758203506,8.63339170429029,16.0650994337362,0
"blr",2011,0,0,NA,5941.689992,9461643,0.291781783103943,8.68974888232898,16.0627566045946,0
"blr",2012,0,0,NA,6052.637371,9446836,0.280098080635071,8.70824938512632,16.0611904285921,0
"blr",2013,0,0,NA,6115.432881,9443211,0.27486127614975,8.71857083564031,16.0608066285895,0
"blr",2014,0,0,NA,6212.916674,9448515,0.226176083087921,8.73438573841734,16.0613681442645,0
"blz",1990,0,0,0,4112.595175,183076,NA,8.32180953766298,12.1176566461566,0
"blz",1991,0,0,0,4499.579713,187040,NA,8.41173927428552,12.1390777767059,0
"blz",1992,0,0,0,4967.927105,190983,NA,8.51075795059906,12.159939697832,0
"blz",1993,3,0,0,5166.828674,194902,NA,8.5500143700057,12.1802521471157,0
"blz",1994,0,0,0,5056.952012,199097,NA,8.52851921161435,12.2015474221336,0
"blz",1995,3,0,0,4967.961538,204146,NA,8.51076488163488,12.2265907031196,0
"blz",1996,0,0,0,4875.65675,210310,NA,8.49201009230702,12.2563379116777,0
"blz",1997,3,0,0,4915.340341,217446,NA,8.50011627555523,12.2897058228233,0
"blz",1998,0,0,0,4931.454991,225173,NA,8.50338935351472,12.3246242746318,0
"blz",1999,0,0,0,5213.566283,233059,NA,8.55901940787282,12.3590469193775,0
"blz",2000,3,0,0,5663.646324,240799,NA,8.64182319062731,12.3917178395843,0
"blz",2001,3,0,0,5764.990555,248379,NA,8.65955879436704,12.4227110844049,0
"blz",2002,0,0,0,5895.15235,256009,NA,8.68188565657306,12.4529678790937,0
"blz",2003,0,0,0,6274.474283,263780,NA,8.74424498088868,12.4828707013799,0
"blz",2004,0,0,0,6383.074324,271688,NA,8.76140512924279,12.5124096280791,0
"blz",2005,0,0,0,6337.123892,279731,NA,8.75418029970839,12.5415837060839,0
"blz",2006,0,0,0,6435.587673,287878,NA,8.76959844033593,12.5702920582584,0
"blz",2007,0,0,0,6465.828858,296100,NA,8.7742864899487,12.5984525140897,0
"blz",2008,0,0,0,6187.95885,304361,NA,8.73036056170317,12.6259697758679,0
"blz",2009,0,0,0,5997.684472,312614,NA,8.69912875239006,12.6527244816353,0
"blz",2010,0,0,0,5937.753983,320245,NA,8.68908622351224,12.6768416068346,0
"blz",2011,0,0,0,5802.243445,327298,NA,8.66599992260841,12.6986263498687,0
"blz",2012,0,0,0,5902.742347,334414,NA,8.6831723264819,12.720135025345,0
"blz",2013,0,0,0,6013.078799,341627,NA,8.70169217572669,12.7414747775857,0
"blz",2014,0,0,0,6116.495789,348923,NA,8.71874462802111,12.7626065464696,0
"bol",1990,0,0,2.04,1679.408479,7130142,NA,7.42619691456368,15.7798417080407,0
"bol",1991,0,0,2.04,1731.395142,7280289,NA,7.45668280295586,15.8006811171871,0
"bol",1992,0,0,2.04,1724.363345,7430336,NA,7.45261318597807,15.8210816377441,0
"bol",1993,0,0,2.04,1762.668309,7579195,NA,7.4745840245952,15.8409175514512,0
"bol",1994,0,0,2.04,1809.570651,7727322,NA,7.50084488672901,15.8602729181065,0
"bol",1995,0,0,4.01,1858.781852,7874676,NA,7.52767663387502,15.8791625989724,0
"bol",1996,0,0,4.01,1904.287021,8021736,NA,7.55186295031375,15.8976654152717,0
"bol",1997,0,0,4.01,1962.864043,8167900,NA,7.58215993207147,15.9157223958526,0
"bol",1998,0,0,4.01,2025.503347,8313394,NA,7.61357351507288,15.9333785070355,0
"bol",1999,0,0,4.01,1998.94534,8459806,NA,7.60037499045472,15.9508367998774,0
"bol",2000,0,0,4.01,2014.190247,8606326,NA,7.60797253108138,15.9680080722117,0
"bol",2001,0,0,4.01,2013.845811,8752736,NA,7.60780151175788,15.9848768951721,0
"bol",2002,0,0,4.01,2029.669936,8900355,NA,7.61562846571269,16.0016017215473,0
"bol",2003,0,0,4.01,2050.071334,9050700,NA,7.62562986860022,16.0183526607512,0
"bol",2004,0,0,4.01,2099.990811,9204287,NA,7.64968824798766,16.035179911746,0
"bol",2005,0,0,7.96,2156.186703,9360754,NA,7.67609652521837,16.0520364007649,0
"bol",2006,0,0,7.96,2221.427226,9521689,NA,7.70590516289272,16.0690828069976,0
"bol",2007,0,0,7.96,2283.427336,9685960,NA,7.73343281079183,16.0861879722651,0
"bol",2008,0,0,7.96,2383.250326,9850858,NA,7.77622051816168,16.1030691159537,0
"bol",2009,0,0,7.96,2422.575794,10016275,NA,7.79258663078838,16.1197218280154,0
"bol",2010,0,0,9.97,2481.407009,10182345,NA,7.81658102061992,16.1361658961939,0
"bol",2011,0,0,9.97,2568.520517,10348929,NA,7.85108533780612,16.1523935940605,0
"bol",2012,0,0,9.97,2657.238849,10515807,NA,7.88504283596119,16.1683901116776,0
"bol",2013,0,0,9.97,2793.514571,10682608,NA,7.93505578492283,16.1841275564422,0
"bol",2014,0,0,9.97,2900.902416,10848888,NA,7.97277714549979,16.1995731442192,0
"bra",1990,0,0,17.09,6149.867182,149143223,NA,8.72418576414459,18.8204176304137,1
"bra",1991,0,0,17.12,6107.648134,151724256,NA,8.71729705727902,18.8375753260657,1
"bra",1992,0,0,17.12,5973.982169,154275079,NA,8.69516901400427,18.8542477942439,1
"bra",1993,0,0,17.18,6167.460212,156794577,NA,8.72704239714638,18.8704470798233,1
"bra",1994,0,0,17.19,6427.16828,159265006,NA,8.76828932831776,18.8860800771766,1
"bra",1995,0,0,17.24,6596.334968,161735073,NA,8.7942694658952,18.9014702026973,1
"bra",1996,0,0,17.29,6640.726243,164202549,NA,8.80097661043537,18.9166112786136,1
"bra",1997,0,0,17.26,6764.857643,166661659,NA,8.81949649722014,18.931476321267,1
"bra",1998,0,0,17.44,6687.494466,169159655,NA,8.8079945636899,18.9463535310772,1
"bra",1999,0,0,17.5,6621.636001,171641543,NA,8.79809774845987,18.9609188077932,1
"bra",2000,0,0,15.59,6817.783456,174018282,NA,8.82728969155985,18.974670920625,1
"bra",2001,0,0,15.58,6823.033185,176301203,NA,8.82805940049992,18.987704470941,1
"bra",2002,0,0,15.63,6944.622576,178503484,NA,8.84572290900329,19.0001186772008,1
"bra",2003,4,0,15.65,6941.439659,180622688,NA,8.84526447564733,19.0119208167491,1
"bra",2004,0,0,15.66,7258.781017,182675143,NA,8.8899671897269,19.0232199584523,1
"bra",2005,0,0,15.67,7409.56828,184688101,NA,8.91052745478448,19.0341790197049,1
"bra",2006,0,0,15.67,7622.039194,186653106,NA,8.93879922364047,19.0447624039579,1
"bra",2007,0,0,15.69,8003.25321,188552320,NA,8.98760338925176,19.0548860860215,1
"bra",2008,0,0,15.69,8330.76364,190367302,NA,9.02771040442852,19.0644659323804,1
"bra",2009,0,0,15.74,8246.096121,192079951,NA,9.01749516988093,19.0734222547752,1
"bra",2010,0,0,15.83,8792.63335,193701929,0.378083258867264,9.08166953056807,19.0818310870267,1
"bra",2011,0,0,15.99,9067.99212,195284734,0.346231371164322,9.11250614263719,19.089969225869,1
"bra",2012,0,0,16.12,9167.498185,196876111,0.364413231611252,9.12341970196346,19.0980852107029,1
"bra",2013,0,0,16.14,9366.738247,198478299,0.351054340600967,9.144920208653,19.1061903271781,1
"bra",2014,0,0,16.21,9338.341708,200085127,0.36591362953186,9.14188396813616,19.1142534689554,1
"brb",1990,0,0,0,19382.86872,258582,NA,9.87214489925797,12.4629681373289,0
"brb",1991,0,0,0,18570.14897,259373,NA,9.8293106763932,12.466022459094,0
"brb",1992,0,0,0,17452.88321,260267,NA,9.7672601409162,12.4694633061498,0
"brb",1993,0,0,0,17540.07808,261027,NA,9.7722437174556,12.4723791292303,0
"brb",1994,0,0,0,17852.21433,261620,NA,9.7898828316148,12.4746483482422,0
"brb",1995,0,0,0,18182.63702,262039,NA,9.80822240781771,12.4762486266273,0
"brb",1996,0,0,0,18888.00547,262284,NA,9.84628236836717,12.4771831651382,0
"brb",1997,0,0,0,19775.17368,262392,NA,9.89218257540386,12.4775948477824,0
"brb",1998,0,0,0,20509.04485,262436,NA,9.92862128001614,12.4777625217636,0
"brb",1999,0,0,0,20571.33033,262517,NA,9.93165365386642,12.4780711208216,0
"brb",2000,0,0,0,21523.39922,262063,NA,9.97689595812164,12.4763402118531,0
"brb",2001,0,0,0,20985.28286,262425,NA,9.95157665482862,12.477720605904,0
"brb",2002,0,0,0,21012.55954,264148,NA,9.95287561126431,12.4842648311082,0
"brb",2003,0,0,0,21338.17207,265776,NA,9.96825286373614,12.4904091277309,0
"brb",2004,0,0,0,21516.16629,267298,NA,9.97655985203031,12.4961194198693,0
"brb",2005,0,0,0,22250.02638,268706,NA,10.0100984732117,12.50137312409,0
"brb",2006,0,0,0,23487.44188,270002,NA,10.0642211692109,12.5061846453605,0
"brb",2007,0,0,0,23862.13535,271288,NA,10.0800481866181,12.5109362661907,0
"brb",2008,0,0,0,23887.72896,272714,NA,10.0811201734319,12.5161789059831,0
"brb",2009,0,0,0,22572.59261,274123,NA,10.0244917329531,12.5213321897519,0
"brb",2010,0,0,0,21982.1839,275243,NA,9.99798758152962,12.5254096228356,0
"brb",2011,0,0,0,21842.86356,276139,NA,9.99162953664859,12.5286596411121,0
"brb",2012,0,0,0,21036.30034,276938,NA,9.95400481203648,12.5315489334017,0
"brb",2013,0,0,0,20609.60763,277665,NA,9.93351263585758,12.5341706300619,0
"brb",2014,0,0,0,20713.76702,278348,NA,9.93855383162009,12.5366274083873,0
"btn",1990,0,0,0,812.6713256,589287,NA,6.70032675425249,13.2866686105114,0
"btn",1991,0,0,0,795.1918429,599784,NA,6.67858339736722,13.3043248693827,0
"btn",1992,0,0,0,863.4638957,577774,NA,6.76095208513183,13.2669380677325,0
"btn",1993,0,0,0,917.2912927,554673,NA,6.82142508015616,13.2261340298992,0
"btn",1994,0,0,0,963.0165743,554497,NA,6.87007062276113,13.2258166754784,0
"btn",1995,0,0,0,1043.38749,547989,NA,6.95022790086719,13.214010492736,0
"btn",1996,0,0,0,1099.858178,548784,NA,7.00293652138348,13.2154602004499,0
"btn",1997,0,0,0,1138.399223,558697,NA,7.03737836423852,13.2333625658248,0
"btn",1998,0,0,0,1182.987811,569435,NA,7.07579856045954,13.2523999201491,0
"btn",1999,0,0,0,1248.616008,582579,NA,7.12979102330471,13.2752200775437,0
"btn",2000,0,0,0,1259.623765,596863,NA,7.13856835614956,13.299442885303,0
"btn",2001,0,0,0,1321.098782,610794,NA,7.18621907992491,13.3225150290957,0
"btn",2002,0,0,0,1427.256933,624409,NA,7.26350965242584,13.3445608813568,0
"btn",2003,0,0,0,1506.415275,637663,NA,7.31748811736057,13.3655652096071,0
"btn",2004,0,0,0,1552.739152,650544,NA,7.34777584510041,13.3855642149239,0
"btn",2005,1,0,0,1632.021695,661865,NA,7.3975748289406,13.4028168866307,0
"btn",2006,1,0,0,1701.118782,670799,NA,7.43904142064564,13.4162248181728,0
"btn",2007,0,0,0,1952.257346,678641,NA,7.57674159537346,13.4278475480158,0
"btn",2008,0,0,0,2017.760189,686351,NA,7.60974335787579,13.4391444376613,0
"btn",2009,0,0,0,2148.564804,693988,NA,7.67255536519908,13.4502099482732,0
"btn",2010,0,0,0,2378.728108,701632,NA,7.77432121541509,13.4611643290342,0
"btn",2011,0,0,0,2552.488711,709377,NA,7.84482412730622,13.4721423990312,0
"btn",2012,0,0,0,2654.747989,717279,NA,7.88410500977354,13.4832201652326,0
"btn",2013,0,0,0,2671.074602,725273,NA,7.89023614308308,13.4943034146831,0
"btn",2014,0,0,0,2797.81884,733139,NA,7.93659540688198,13.5050905945417,0
"bwa",1990,0,0,NA,4039.465445,1305696,NA,8.30386764660666,14.0822467899006,0
"bwa",1991,0,0,NA,4224.098575,1341756,NA,8.34856116199827,14.109489761801,0
"bwa",1992,0,0,NA,4226.739995,1380033,NA,8.34918628814738,14.137617969891,0
"bwa",1993,0,0,NA,4186.145474,1420115,NA,8.33953565491045,14.1662484122138,0
"bwa",1994,0,0,NA,4219.440809,1460023,NA,8.34745788853423,14.1939627469851,0
"bwa",1995,0,0,NA,4399.138858,1498836,NA,8.38916408666094,14.2201993648286,0
"bwa",1996,0,0,NA,4543.210535,1535914,NA,8.42138920741068,14.2446362015389,0
"bwa",1997,3,0,NA,4809.443918,1571691,NA,8.4783367468531,14.2676626677644,0
"bwa",1998,3,0,NA,4724.936709,1606899,NA,8.46060944491749,14.2898167927134,0
"bwa",1999,0,0,NA,5070.94772,1641997,NA,8.53128300613825,14.3114237419526,0
"bwa",2000,0,0,NA,5062.642892,1677382,NA,8.52964393659671,14.3327448025818,0
"bwa",2001,0,0,NA,4971.963718,1712254,NA,8.51157015533929,14.3533211891649,0
"bwa",2002,0,0,NA,5175.476553,1744763,NA,8.55168670143001,14.3721292877758,0
"bwa",2003,0,0,NA,5320.440295,1775736,NA,8.57931134112913,14.3897255428363,0
"bwa",2004,0,0,NA,5369.425168,1807146,NA,8.588476136708,14.4072593632114,0
"bwa",2005,0,0,NA,5514.217427,1839877,NA,8.61508502261627,14.4252092795247,0
"bwa",2006,0,0,NA,5865.000265,1874516,NA,8.67675780627087,14.4438610507312,0
"bwa",2007,0,0,NA,6085.635448,1911201,NA,8.71368642856425,14.4632423982251,0
"bwa",2008,0,0,NA,6158.616294,1949970,NA,8.72560740369761,14.4833245458062,0
"bwa",2009,0,0,NA,5179.413861,1990673,NA,8.552447174604,14.5039833304818,0
"bwa",2010,0,0,NA,5584.503432,2033111,NA,8.62775079653884,14.5250776902346,0
"bwa",2011,0,0,NA,5850.078586,2073535,NA,8.67421037363995,14.5447654381982,0
"bwa",2012,0,0,NA,5742.919245,2108617,NA,8.6557229392993,14.5615428403139,0
"bwa",2013,0,0,NA,6284.97678,2140682,NA,8.74591742650678,14.5766350278154,0
"bwa",2014,0,0,NA,6547.122541,2172044,NA,8.78678092538827,14.5911792176577,0
"caf",1990,0,0,NA,519.786736,2871910,NA,6.25341860437508,14.8704878716119,0
"caf",1991,0,0,NA,500.9911509,2963191,NA,6.21658843805462,14.9017772861724,0
"caf",1992,0,0,NA,454.1489682,3058831,NA,6.11842526800906,14.9335433747942,0
"caf",1993,0,0,NA,441.3849075,3157839,NA,6.08991730089552,14.9653984908642,0
"caf",1994,0,0,NA,448.784443,3257954,NA,6.10654269006046,14.996609948953,0
"caf",1995,0,0,NA,468.1505276,3348052,NA,6.14878988437348,15.0238892421316,0
"caf",1996,0,0,NA,437.9250548,3435965,NA,6.08204778797329,15.0498083757713,0
"caf",1997,0,0,NA,448.6346636,3531700,NA,6.10620888972059,15.0772898993862,0
"caf",1998,0,0,NA,457.1488584,3628827,NA,6.12500906739634,15.104420013524,0
"caf",1999,0,0,NA,460.8279002,3729450,NA,6.13302465485779,15.1317713276646,0
"caf",2000,0,0,NA,437.1689284,3833416,NA,6.08031968424343,15.1592668696502,0
"caf",2001,3.5,0,NA,446.6586342,3919487,NA,6.10179462098082,15.1814713358558,0
"caf",2002,0,0,NA,452.8087022,4006077,NA,6.11546974534387,15.2033230161914,0
"caf",2003,0,0,NA,418.2405323,4103086,NA,6.03605670314928,15.2272499314776,0
"caf",2004,0,0,NA,433.8252278,4192826,NA,6.07264175207295,15.2488855275575,0
"caf",2005,0,0,NA,427.9680432,4288810,NA,6.05904852737364,15.2715198631473,0
"caf",2006,0,0,NA,439.2943309,4377579,NA,6.08516964604984,15.2920063898097,0
"caf",2007,0,0,NA,450.7627854,4462770,NA,6.11094122640661,15.3112802074414,0
"caf",2008,0,0,NA,450.3136169,4558984,NA,6.10994426646835,15.3326103496479,0
"caf",2009,0,0,NA,492.2153989,4529047,NA,6.19891642332697,15.3260221000513,0
"caf",2010,0,0,NA,519.1414564,4492995,NA,6.25217640171334,15.3180300752095,0
"caf",2011,4,0,NA,532.3829549,4565021,NA,6.27736307041866,15.3339336722197,0
"caf",2012,0,0,NA,553.7295783,4610848,NA,6.31667644176282,15.3439223459957,0
"caf",2013,0,0,NA,349.8211717,4642419,NA,5.85742208591016,15.3507461245608,0
"caf",2014,0,0,NA,351.5615549,4623182,NA,5.86238481654478,15.346593770571,0
"can",1990,5,0,22.42,31700.54626,27691138,0.204034268856049,10.3640891918936,17.1366229921719,1
"can",1991,3,0,22.65,30654.33316,28037420,0.255569130182266,10.330529306902,17.1490506044851,1
"can",1992,3,0,22.65,30563.37881,28371264,0.280913800001144,10.3275578003233,17.160887359899,1
"can",1993,4,0,22.66,31032.75461,28684764,0.261411517858505,10.3427985259806,17.1718766686878,1
"can",1994,3.5,0,22.66,32074.15626,29000663,0.221254482865334,10.3758058839157,17.1828292497584,1
"can",1995,4,0,22.66,32595.45152,29302311,0.204409047961235,10.3919280336941,17.1931769445971,1
"can",1996,0,0,22.66,32801.30186,29610218,0.161333248019218,10.3982234844382,17.2036300624282,1
"can",1997,4,0,22.66,33867.00791,29905948,0.13362255692482,10.4301966014903,17.2135679483429,1
"can",1998,4,0,21.77,34894.61343,30155173,0.140455767512321,10.4600877532985,17.2218670418761,1
"can",1999,2.5,0,21.74,36391.53534,30401286,0.111904188990593,10.5020914809775,17.2299954681133,1
"can",2000,1.75,0,21.74,37906.86013,30685730,0.111769065260887,10.5428873807595,17.2393082836478,1
"can",2001,4,0,21.23,38200.45612,31020855,0.172786146402359,10.5506027348375,17.2501702781955,1
"can",2002,0,0,21.62,38921.6673,31359199,0.188163444399834,10.5693063745396,17.2610182110284,1
"can",2003,0,0,21.62,39270.02346,31642461,0.184531345963478,10.5782167449745,17.2700104791284,1
"can",2004,1,0,21.62,40108.75875,31938807,0.159045249223709,10.5993500121372,17.2793323487699,1
"can",2005,3.5,0,21.65,41006.22295,32242732,0.140557304024696,10.6214791134374,17.2888032114666,1
"can",2006,3,0,22.11,41663.51231,32571193,0.137373343110085,10.6373810201906,17.2989388053811,1
"can",2007,0,0,22.11,42106.87244,32888886,0.151379436254501,10.6479662472032,17.3086453471143,1
"can",2008,0,0,22.11,42067.56871,33247298,0.183204174041748,10.6470323833767,17.3194840586062,1
"can",2009,0,0,22.11,40376.41538,33630069,0.248929798603058,10.6060011157619,17.3309311354539,1
"can",2010,0,0,22.13,41164.33991,34005902,0.263799697160721,10.6253276243799,17.342044655751,1
"can",2011,3.5,0,22.11,42043.64198,34339221,0.241777986288071,10.6464634525421,17.3517987282607,1
"can",2012,0,0,22.11,42320.64313,34713395,0.225674778223038,10.6530302632504,17.3626361934841,1
"can",2013,0,0,22.11,42851.17053,35080992,0.207022964954376,10.6654882405723,17.3731700032896,1
"can",2014,3,0,22.11,43643.23564,35434066,0.184381991624832,10.6838035811032,17.3831842317586,1
"che",1990,0,0,18,70063.85171,6715519,0.145852982997894,11.1571622725454,15.7199316746028,1
"che",1991,0,0,18,68559.93823,6799978,0.193361580371857,11.1354636523086,15.732429934847,1
"che",1992,0,0,18,67778.54754,6875364,0.198243081569672,11.1240010158963,15.7434551455699,1
"che",1993,0,0,18,67079.46439,6938265,0.15866482257843,11.1136332312601,15.7525623012278,1
"che",1994,0,0,18,67391.84442,6993795,0.157545432448387,11.1182792869084,15.760533885338,1
"che",1995,0,0,18,67264.91133,7040687,0.150414139032364,11.1163940026998,15.7672163086004,1
"che",1996,0,0,18,67284.10917,7071850,0.157417625188828,11.1166793684358,15.7716326726674,1
"che",1997,0,0,18,68640.07453,7088906,0.163817226886749,11.1366318199713,15.774041584769,1
"che",1998,0,0,18,70510.02564,7110001,0.151837378740311,11.1635101863494,15.7770129424264,1
"che",1999,0,0,18,71341.34287,7143991,0.117167942225933,11.1752312822569,15.7817821417392,1
"che",2000,1,0,18,73749.93895,7184250,0.11714182049036,11.2084354464051,15.7874016879132,1
"che",2001,0,0,18,74439.46376,7229854,0.127074480056763,11.2177415070763,15.7937294002934,1
"che",2002,0,0,18,73824.38492,7284753,0.128861233592033,11.2094443749824,15.8012940917518,1
"che",2003,1,0,18,73254.95299,7339001,0.158337011933327,11.2017011422043,15.8087132877855,1
"che",2004,0,0,18,74718.68363,7389625,0.148858547210693,11.221485455376,15.8155875473879,1
"che",2005,0,0,18,76282.98407,7437115,0.134702414274216,11.242205178902,15.8219935627903,1
"che",2006,0,0,18,78893.80782,7483934,0.101878352463245,11.2758580223853,15.8282691475238,1
"che",2007,0,0,18,81254.1701,7551117,0.0805487260222435,11.3053374231826,15.837206057302,1
"che",2008,0,0,18,82481.06806,7647675,0.113600365817547,11.320324067928,15.8499122380406,1
"che",2009,0,0,18,79585.5217,7743831,0.135103672742844,11.2845874670979,15.8624070843533,1
"che",2010,0,0,18,81315.42283,7824909,0.146474376320839,11.3060909802506,15.8728226649299,1
"che",2011,0,0,18,81874.33624,7912398,0.143735647201538,11.3129408659123,15.8839414543562,1
"che",2012,0,0,18,81964.88649,7996861,0.16605569422245,11.3140462210002,15.8945596476449,1
"che",2013,0,0,18,82479.92157,8089346,0.191305786371231,11.3203101677932,15.906058445223,1
"che",2014,0,0,18,83394.37129,8188649,0.176660746335983,11.3313360955417,15.9182594849573,1
"chl",1990,0,0,2,5290.536948,13437176,NA,8.57367502215879,16.4135357519336,0
"chl",1991,0,0,2,5606.865573,13662491,NA,8.63174712098341,16.4301647527293,0
"chl",1992,0,0,3,6151.765465,13884577,NA,8.72449438708425,16.4462892137289,0
"chl",1993,0,0,3,6461.732174,14102276,NA,8.77365269922407,16.4618467607616,0
"chl",1994,0,0,3,6688.297177,14316256,NA,8.80811458813741,16.4769062327981,0
"chl",1995,0,0,3,7201.131004,14527381,NA,8.88199337655665,16.4915457715366,0
"chl",1996,1,0,3,7605.28953,14734046,NA,8.93659927497463,16.5056714282507,0
"chl",1997,0,0,3,8058.942288,14932434,NA,8.99453759711262,16.5190461836893,0
"chl",1998,0,0,3,8287.450611,15127799,NA,9.02249767501935,16.5320446026113,0
"chl",1999,0,0,3,8161.451689,15319313,NA,9.007177335199,16.5446248779292,0
"chl",2000,0,0,3,8465.353033,15503635,0.36407482624054,9.04373699871828,16.5565850705239,0
"chl",2001,0,0,3,8632.014824,15683849,0.341449797153473,9.06323322426736,16.568142014702,0
"chl",2002,0,0,3,8810.690527,15857925,0.336561799049377,9.08372109576787,16.5791799333292,0
"chl",2003,0,0,3,9130.784262,16024752,0.33262225985527,9.11940686935222,16.5896450848322,0
"chl",2004,0,0,3,9642.374787,16187322,0.346809476613998,9.17392270446527,16.5997389012246,0
"chl",2005,0,0,3,10104.42084,16348778,0.25399449467659,9.22072831399431,16.6096637124532,0
"chl",2006,0,0,3,10611.6144,16509195,0.240165635943413,9.26970437837431,16.6194280563793,0
"chl",2007,0,0,4,11051.34507,16671581,0.23410102725029,9.31030742532977,16.6292160912616,0
"chl",2008,0,0,4,11356.09221,16838988,0.263260006904602,9.33750963749649,16.6392074699608,0
"chl",2009,0,0,4,11116.40934,17009731,0.302292853593826,9.31617761458166,16.6492961500201,0
"chl",2010,0,0,4,11649.28971,17181464,0.417207986116409,9.36300048803644,16.6593416862565,0
"chl",2011,0,0,4,12252.84411,17351816,0.386767357587814,9.41351336126997,16.6692077274677,0
"chl",2012,0,0,4,12882.83442,17519119,0.438746958971024,9.46365103911248,16.67880335682,0
"chl",2013,0,0,4,13182.73296,17687006,0.456842601299286,9.486663143162,16.6883408036491,0
"chl",2014,0,0,5,13285.95404,17864195,0.485184580087662,9.49446266893876,16.6983089882509,0
"chn",1990,0,0,18.51,917.2706618,1135185000,NA,6.82140258879254,20.8500614701922,0
"chn",1991,1,0,18.53,989.5485405,1150780000,NA,6.89724881942306,20.8637058102762,0
"chn",1992,0,0,18.55,1117.273295,1164970000,NA,7.01864643789828,20.8759611725595,0
"chn",1993,3.5,0.25,18.59,1258.349461,1178440000,NA,7.13755618962162,20.8874573668679,0
"chn",1994,3.5,0,13.95,1406.858457,1191835000,NA,7.24911445290683,20.8987599731895,0
"chn",1995,2.4,0,13.95,1545.194294,1204855000,NA,7.34290493805945,20.9096250646984,0
"chn",1996,3,0,13.97,1681.627435,1217550000,NA,7.42751731480882,20.9201064798396,0
"chn",1997,3,0,14,1819.097893,1230075000,NA,7.50609599400242,20.9303409800816,0
"chn",1998,2,0,14,1944.437197,1241935000,NA,7.5727278553113,20.9399364841445,0
"chn",1999,3,0,14.01,2076.818129,1252735000,NA,7.63859225576674,20.9485949980745,0
"chn",2000,3,0,14.04,2237.442985,1262645000,NA,7.7130889682601,20.956474564004,0
"chn",2001,3.25,0.25,14.04,2405.893967,1271850000,NA,7.78567682532244,20.9637383703824,0
"chn",2002,2.33333333333333,0,14.04,2610.729603,1280400000,0.258142441511154,7.86738500263164,20.97043836606,0
"chn",2003,2.2,0,14.05,2857.037354,1288400000,0.242491260170937,7.95754047669903,20.9766669754213,0
"chn",2004,2.5,0,14.05,3127.862765,1296075000,0.225304037332535,8.04810522762091,20.9826063035724,0
"chn",2005,2.66666666666667,0,14.05,3465.817344,1303720000,NA,8.15070376952163,20.988487553468,0
"chn",2006,4,0,14.05,3883.354129,1311020000,NA,8.26445452541869,20.9940712971417,0
"chn",2007,2,0,14.05,4409.757008,1317885000,NA,8.39157486669606,20.9992940158057,0
"chn",2008,0,0,14.05,4811.474718,1324655000,NA,8.47875891028821,21.004417885122,0
"chn",2009,1.66666666666667,0,14.05,5237.766665,1331260000,NA,8.56365047749276,21.0093916991309,0
"chn",2010,2.4,0,14.05,5764.86535,1337705000,NA,8.65953707596899,21.0142212960177,0
"chn",2011,3,0,14.06,6275.909564,1345035000,NA,8.74447370393393,21.0196858719665,0
"chn",2012,2.75,0,14.06,6723.194438,1354190000,NA,8.81331868336571,21.0264693265549,0
"chn",2013,3.4,0,14.06,7198.068765,1363240000,NA,8.8815680419415,21.0331300563318,0
"chn",2014,2.625,0,14.05,7686.57793,1371860000,NA,8.94723096085587,21.0394333202273,0
"civ",1990,1,0,NA,1866.07857,12189778,NA,7.53159448663018,16.3161082896427,0
"civ",1991,0,0,NA,1794.120626,12683870,NA,7.49227027893135,16.3558416654551,0
"civ",1992,0,0,NA,1719.712613,13200310,NA,7.44991247038205,16.3957508721293,0
"civ",1993,0,0,NA,1649.470362,13735951,NA,7.40820952263816,16.4355271142846,0
"civ",1994,0,0,NA,1598.692391,14287201,NA,7.37694131846743,16.4748746594821,0
"civ",1995,0,0,NA,1647.087771,14855565,NA,7.40676402019668,16.5138851004874,0
"civ",1996,1,0,NA,1706.9765,15442312,NA,7.44247895585726,16.5526218322835,0
"civ",1997,0,0,NA,1801.131631,16047170,NA,7.49617043023422,16.5910430680059,0
"civ",1998,0,0,NA,1808.42289,16663948,NA,7.50021041293822,16.6287581414188,0
"civ",1999,0,0,NA,1770.865404,17215935,NA,7.47922363489469,16.6613459663789,0
"civ",2000,0,0,NA,1717.953857,17699004,NA,7.44888924362704,16.6890189247743,0
"civ",2001,0,0,NA,1636.573187,18178913,NA,7.40035981460333,16.715772853947,0
"civ",2002,1,0,NA,1551.279259,18654771,NA,7.3468351979042,16.7416124890327,0
"civ",2003,1,0,NA,1441.588018,19125542,NA,7.27350057522131,16.7665352771446,0
"civ",2004,4,0,NA,1451.865471,19595000,NA,7.28060454026594,16.7907849896159,0
"civ",2005,2.5,0,NA,1431.733202,20068458,NA,7.26664101870994,16.8146598867297,0
"civ",2006,0,0,NA,1437.774538,20546802,NA,7.2708517373931,16.8382158663584,0
"civ",2007,0,0,NA,1420.173896,21030558,NA,7.25853460506928,16.8614870808504,0
"civ",2008,0,0,NA,1454.627318,21514439,NA,7.28250500796482,16.8842348490834,0
"civ",2009,0,0,NA,1473.91837,21997940,NA,7.29567969129717,16.9064593705748,0
"civ",2010,0,0,NA,1540.529273,22488065,NA,7.33988132012817,16.9284952819948,0
"civ",2011,4,0,NA,1426.464639,22982000,NA,7.26295438170278,16.9502218587997,0
"civ",2012,0,0,NA,1503.43433,23467078,NA,7.3155073233902,16.9711090607156,0
"civ",2013,1,0,NA,1632.327128,23939775,NA,7.39776196151585,16.9910518595537,0
"civ",2014,0,0,NA,1742.53693,24527395,NA,7.46309733609733,17.0153012141013,0
"cmr",1990,0,0,NA,1360.477653,11331821,NA,7.21559113250957,16.2431253438318,0
"cmr",1991,0,0,NA,1271.046586,11667180,NA,7.14759592354686,16.2722903298176,0
"cmr",1992,0,0,NA,1196.850819,12006353,NA,7.08744906871844,16.3009464843274,0
"cmr",1993,0,0,NA,1070.982754,12353131,NA,6.97633196761035,16.3294201111741,0
"cmr",1994,4,1,NA,1060.873266,12704903,NA,6.96684768378868,16.3574985399178,0
"cmr",1995,0,0,NA,1062.016073,13058516,NA,6.96792433633896,16.3849510459535,0
"cmr",1996,4,2,NA,1077.389252,13414757,NA,6.98229603432884,16.4118659276264,0
"cmr",1997,4,2,NA,1096.697577,13775214,NA,7.00005874040838,16.4383814482728,0
"cmr",1998,0,0,NA,1118.5082,14144860,NA,7.01975111215052,16.4648618651785,0
"cmr",1999,0,0,NA,1138.362985,14525140,NA,7.03734653131378,16.49139149921,0
"cmr",2000,0,0,NA,1151.276893,14912631,NA,7.04862694712296,16.5177191299264,0
"cmr",2001,1,0,NA,1169.926705,15309490,NA,7.06469638053036,16.543983455518,0
"cmr",2002,0,0,NA,1189.967079,15725528,NA,7.08168092101702,16.5707959370936,0
"cmr",2003,0,0,NA,1221.094461,16160340,NA,7.10750283475466,16.5980706504399,0
"cmr",2004,0,0,NA,1271.743269,16610487,NA,7.14814389098197,16.6255448008466,0
"cmr",2005,4,0,NA,1264.743452,17074594,NA,7.14262457585088,16.653102185686,0
"cmr",2006,0,0,NA,1277.329907,17550407,NA,7.15252716800777,16.6805876984904,0
"cmr",2007,0,0,NA,1295.730675,18049896,NA,7.16683004281621,16.7086504809537,0
"cmr",2008,0,0,NA,1295.022113,18574056,NA,7.16628304966353,16.7372763262807,0
"cmr",2009,0,0,NA,1290.899614,19113974,NA,7.16309462949643,16.7659302485478,0
"cmr",2010,0,0,NA,1290.901375,19668066,NA,7.16309599366044,16.794506863213,0
"cmr",2011,4,0,NA,1297.306496,20232304,NA,7.16804546788733,16.8227910929209,0
"cmr",2012,0,0,NA,1319.669616,20809529,NA,7.18513669334333,16.8509215647643,0
"cmr",2013,0,0,NA,1347.213064,21402376,NA,7.20579334059069,16.8790125018663,0
"cmr",2014,0,0,NA,1381.819385,22059893,NA,7.2311563047593,16.9092717213699,0
"cod",1990,4,0,NA,831.6629474,36684063,NA,6.72342724744338,17.4178529680295,0
"cod",1991,1,0,NA,736.6912155,37925817,NA,6.60216882949659,17.451142625485,0
"cod",1992,0,0,NA,637.4368833,39228910,NA,6.45745526554287,17.4849245329412,0
"cod",1993,3,0,NA,532.2144506,40656336,NA,6.27704651074918,17.5206652489707,0
"cod",1994,3.5,0,NA,487.8146015,42626876,NA,6.18993541870816,17.5679955043297,0
"cod",1995,0,0,NA,471.2542167,44433704,NA,6.1553976866267,17.6095088385316,0
"cod",1996,3.5,2,NA,457.5517856,45296124,NA,6.12589007087809,17.6287320238786,0
"cod",1997,3,1.33333333333333,NA,424.9666097,46029902,NA,6.05201060042623,17.6448017867449,0
"cod",1998,0,0,NA,406.8592876,47297600,NA,6.00846739495142,17.6719701122171,0
"cod",1999,0,0,NA,376.6228934,48912971,NA,5.93124440407273,17.7055531748948,0
"cod",2000,0,0,NA,339.5268222,50507442,NA,5.82755294888538,17.7376312497249,0
"cod",2001,0,0,NA,322.03392,52132646,NA,5.77465688161128,17.7693019131772,0
"cod",2002,1,0,NA,321.5478482,53750524,NA,5.77314636059767,17.7998639737617,0
"cod",2003,1,0,NA,329.7095365,55343867,NA,5.79821207443948,17.829076407005,0
"cod",2004,2.5,0,NA,341.7149258,56997741,NA,5.83397683917399,17.8585221934345,0
"cod",2005,1,0,NA,351.7084864,58775724,NA,5.86280266884478,17.889239470477,0
"cod",2006,4,0,NA,358.4543823,60615908,NA,5.88180140591811,17.9200679248411,0
"cod",2007,4,0.5,NA,377.4371431,62477752,NA,5.93340404648066,17.950321083335,0
"cod",2008,4,0,NA,393.3311825,64390664,NA,5.97465196055631,17.9804792116215,0
"cod",2009,1,0,NA,383.5158983,66412044,NA,5.94938107574987,18.0113889835405,0
"cod",2010,0,0,NA,400.619568,68563038,NA,5.99301226876866,18.043264142824,0
"cod",2011,0,0,NA,417.130434,70849311,NA,6.03339896425669,18.076065799283,0
"cod",2012,4,1,NA,438.4060582,73254618,NA,6.08314555442519,18.1094518482428,0
"cod",2013,2.2,0,NA,464.5267155,75789395,NA,6.14101907113175,18.1434689331729,0
"cod",2014,4,1,NA,481.8302419,78403242,NA,6.17759185678708,18.1773758365065,0
"cog",1990,0,0,NA,2363.767018,2380560,NA,7.76801181952369,14.682846312088,0
"cog",1991,0,0,NA,2352.527541,2449229,NA,7.76324557851109,14.7112838391169,0
"cog",1992,0,0,NA,2346.679138,2519465,NA,7.76075647495849,14.7395571353611,0
"cog",1993,1,0,NA,2255.943608,2595124,NA,7.72132361585163,14.7691448576409,0
"cog",1994,0,0,NA,2069.796405,2673144,NA,7.63520552634977,14.7987658657239,0
"cog",1995,4,1,NA,2092.543379,2749461,NA,7.64613553285365,14.8269154504322,0
"cog",1996,0,0,NA,2122.628193,2826785,NA,7.66041031353481,14.8546505814313,0
"cog",1997,4,0,NA,2064.753604,2887862,NA,7.63276617817907,14.8760269939196,0
"cog",1998,0,0,NA,2095.344036,2952061,NA,7.64747303653509,14.8980141284456,0
"cog",1999,0,0,NA,1986.847892,3032874,NA,7.59430468803629,14.9250212427811,0
"cog",2000,0,0,NA,2057.01922,3151345,NA,7.62901323331373,14.963339903797,0
"cog",2001,0,0,NA,2056.165059,3272537,NA,7.62859790496745,15.001076083043,0
"cog",2002,0,0,NA,2100.168767,3350771,NA,7.6497729857205,15.0247010265747,0
"cog",2003,0,0,NA,2058.886837,3445753,NA,7.62992074534258,15.052653016194,0
"cog",2004,0,0,NA,2058.884029,3565554,NA,7.62991938149787,15.0868299994767,0
"cog",2005,0,0,NA,2140.036862,3696393,NA,7.66857833310119,15.1228680372598,0
"cog",2006,0,0,NA,2226.023355,3837409,NA,7.7079720236942,15.1603079572414,0
"cog",2007,0,0,NA,2004.10104,3980430,NA,7.60295088009543,15.1969004116257,0
"cog",2008,0,0,NA,2061.558299,4113517,NA,7.63121743164037,15.2297889383163,0
"cog",2009,0,0,NA,2211.315724,4281219,NA,7.7013429675874,15.2697483400905,0
"cog",2010,0,0,NA,2332.285081,4462290,NA,7.75460378742588,15.3111726451392,0
"cog",2011,0,0,NA,2307.493844,4609724,NA,7.74391729855113,15.3436785433324,0
"cog",2012,0,0,NA,2467.061029,4740450,NA,7.81078285436687,15.3716426258739,0
"cog",2013,1,0,NA,2390.657549,4857099,NA,7.77932373219019,15.3959519040726,0
"cog",2014,0,0,NA,2488.681185,4975880,NA,7.81950820456921,15.4201127973547,0
"col",1990,0,0,10.07,3714.184993,32440069,NA,8.2199145503114,17.2949049142129,0
"col",1991,0,0,14.34,3713.177275,33098372,NA,8.21964319744888,17.3149946548477,0
"col",1992,0,0,14.34,3787.594292,33760571,NA,8.23948634508529,17.3348041410561,0
"col",1993,0,0,14.7,3912.659084,34441473,NA,8.27197249446908,17.354772006644,0
"col",1994,1,0,14.88,4059.321461,35127410,NA,8.30877111079585,17.3744922953641,0
"col",1995,1,0,14.88,4189.727709,35804662,NA,8.34039102488565,17.3935886663563,0
"col",1996,0,0,14.88,4198.691263,36462745,NA,8.34252815166521,17.4118016123676,0
"col",1997,1,0,13.82,4265.693519,37121149,NA,8.35836005374069,17.429697419067,0
"col",1998,0,0,13.82,4213.828005,37792165,0.373626857995987,8.34612677839116,17.4476123639731,0
"col",1999,0,0,13.82,3967.113399,38454863,0.47327071428299,8.28579400568681,17.4649957218613,0
"col",2000,1,0,13.82,4016.809517,39089934,0.379301816225052,8.29824321401663,17.4813755493564,0
"col",2001,4,0,13.82,4020.507898,39709262,NA,8.29916351641856,17.4970950181954,0
"col",2002,0,0,13.88,4058.284936,40324680,NA,8.30851573379063,17.5124742464202,0
"col",2003,1,0,13.88,4154.175285,40937429,0.49640554189682,8.3318692002237,17.5275553370071,0
"col",2004,0,0,13.88,4311.915913,41543171,0.252927333116531,8.36913761170296,17.5422437095604,0
"col",2005,1,0,13.98,4457.275375,42128977,0.295700341463089,8.4022929558708,17.5562463516761,0
"col",2006,2,0,13.98,4694.034429,42691084,0.351265460252762,8.45404771106664,17.5695006507753,0
"col",2007,4,0,14.08,4947.252608,43235374,0.50894570350647,8.50658767279043,17.5821695607382,0
"col",2008,3,0,14.08,5048.571872,43758808,0.399182826280594,8.52686068465085,17.5942034762189,0
"col",2009,2,0,14.08,5046.971218,44271541,0.469770461320877,8.52654358353026,17.6058526132283,0
"col",2010,3,0,14.08,5214.245476,44777319,0.471555948257446,8.55914967355399,17.6172122968647,0
"col",2011,0,0,14.08,5517.101109,45259614,0.489778250455856,8.61560783991255,17.6279256696313,0
"col",2012,0,0,14.08,5675.75618,45715810,0.404032945632935,8.64395908105003,17.6379547478968,0
"col",2013,3,0,14.08,5910.805923,46151584,0.536245942115784,8.684537467093,17.6474418411844,0
"col",2014,0,0,14.13,6121.83982,46565429,0.371743083000183,8.71961795451098,17.6563689568236,0
"com",1990,0,0,NA,1253.761963,444596,NA,7.1339038810053,13.0049212836207,0
"com",1991,0,0,NA,1148.139319,455556,NA,7.04589792753016,13.0292739299476,0
"com",1992,0,0,NA,1207.292094,465113,NA,7.09613519182026,13.0500356657999,0
"com",1993,0,0,NA,1215.649505,473682,NA,7.10303378495839,13.0682914894565,0
"com",1994,0,0,NA,1146.707139,482142,NA,7.04464975671599,13.0859939554541,0
"com",1995,0,0,NA,1190.50038,490586,NA,7.08212898512048,13.1033558739134,0
"com",1996,0,0,NA,1164.203361,499107,NA,7.05979232179447,13.1205757806048,0
"com",1997,0,0,NA,1194.794873,507777,NA,7.085729795238,13.1377976538043,0
"com",1998,0,0,NA,1174.689896,516597,NA,7.06875947344782,13.1550183524261,0
"com",1999,0,0,NA,1185.070436,525886,NA,7.07755749146521,13.1728397381925,0
"com",2000,0,0,NA,1150.828401,536080,NA,7.04823731072636,13.1920386826471,0
"com",2001,0,0,NA,1188.50107,547220,NA,7.08044818709433,13.2126061943302,0
"com",2002,0,0,NA,1217.115016,558923,NA,7.10423859632803,13.2337669966744,0
"com",2003,0,0,NA,1216.980367,569798,NA,7.10412796056488,13.2530371910363,0
"com",2004,0,0,NA,1231.147468,580704,NA,7.11570191429795,13.2719964395747,0
"com",2005,0,0,NA,1274.614366,592677,NA,7.15039895380365,13.2924048415565,0
"com",2006,0,0,NA,1227.246364,604753,NA,7.11252821021224,13.3125753891875,0
"com",2007,0,0,NA,1212.696291,616927,NA,7.10060149919349,13.3325059814632,0
"com",2008,0,0,NA,1235.972472,629307,NA,7.11961336592495,13.3523744929237,0
"com",2009,0,0,NA,1250.900353,641947,NA,7.13161885341747,13.3722610247472,0
"com",2010,0,0,NA,1272.606507,654836,NA,7.14882244393979,13.3921401015873,0
"com",2011,0,0,NA,1299.11099,668056,NA,7.16943545566878,13.4121272813404,0
"com",2012,0,0,NA,1313.581249,681630,NA,7.18051246408349,13.4322422676132,0
"com",2013,0,0,NA,1343.545117,696192,NA,7.20306700918131,13.4533807633426,0
"com",2014,0,0,NA,1342.328024,711503,NA,7.20216071687381,13.4751349129473,0
"cri",1990,0,0,1.06,6037.051117,3121706,NA,8.70567094604565,14.9538902052196,0
"cri",1991,0,0,1.06,6018.682837,3202176,NA,8.7026237165226,14.9793411366747,0
"cri",1992,0,0,1.06,6408.205315,3284258,NA,8.76533452865314,15.0046513091969,0
"cri",1993,0,0,1.08,6693.490832,3367434,NA,8.80889081553801,15.0296615879655,0
"cri",1994,0,0,1.08,6826.322734,3451122,NA,8.82854140845446,15.0542099535271,0
"cri",1995,4,0,1.08,6940.837021,3535176,NA,8.84517765444152,15.0782736439094,0
"cri",1996,0,0,0.08,6871.60941,3619013,NA,8.83515362415586,15.101711894692,0
"cri",1997,0,0,0.08,7085.988343,3701711,NA,8.86587464034927,15.124305703158,0
"cri",1998,3,0,0.08,7430.172411,3782838,NA,8.91330434215321,15.145985079542,0
"cri",1999,0,0,0.08,7584.42137,3862101,NA,8.93385160278173,15.1667218938814,0
"cri",2000,0,0,0.08,7726.519857,3937739,NA,8.95241382765686,15.1861172586867,0
"cri",2001,0,0,0.08,7854.233958,4008947,NA,8.96880802308237,15.2040391712828,0
"cri",2002,0,0,0.08,7989.559261,4075705,-0.133376151323318,8.98589087591222,15.2205542958282,0
"cri",2003,0,0,0.08,8207.457468,4138784,-0.0448343083262444,9.01279846727277,15.2359125828506,0
"cri",2004,0,0,0.08,8445.529149,4200078,0.0642950087785721,9.04139248553828,15.2506136545097,0
"cri",2005,0,0,0.08,8655.339654,4261240,0.476632624864578,9.06593171051447,15.2650707557023,0
"cri",2006,0,0,0.08,9160.294375,4321340,-0.0636326223611832,9.12263359416053,15.279076097308,0
"cri",2007,0,0,0.08,9779.511494,4380248,0.0281739849597216,9.18804481229259,15.2926159017543,0
"cri",2008,0,0,0.08,10104.9092,4440056,0.176630973815918,9.22077664414668,15.3061775469415,0
"cri",2009,0,0,0.08,9883.67567,4499791,0.1887336820364,9.19863975293192,15.3195415092175,0
"cri",2010,1,0,0.08,10285.08567,4555962,0.169535502791405,9.23845013165859,15.3319472628647,0
"cri",2011,1,0,0.08,10612.46949,4609833,0.140240147709847,9.26978495570381,15.3437021887201,0
"cri",2012,0,0,0.08,11001.51929,4663934,0.132866561412811,9.30578865951592,15.3553698559689,0
"cri",2013,0,0,0.08,11151.14379,4716147,0.0590185597538948,9.31929735368987,15.3665027106371,0
"cri",2014,0,0,0.08,11422.67358,4767119,0.095663458108902,9.34335556964501,15.3772526971647,0
"cub",1990,3,0,3.98,4961.457389,NA,NA,8.50945480498727,NA,0
"cub",1991,0,0,3.98,4395.454935,NA,NA,8.38832631670768,NA,0
"cub",1992,0,0,4.97,3861.874374,NA,NA,8.2589079337178,NA,0
"cub",1993,0,0,4.97,3270.550476,NA,NA,8.0927135910079,NA,0
"cub",1994,0,0,4.97,3280.384533,NA,NA,8.09571593017736,NA,0
"cub",1995,0,0,4.97,3348.887632,NA,NA,8.116383519529,NA,0
"cub",1996,4,0,4.97,3599.324986,NA,NA,8.18850160297426,NA,0
"cub",1997,0,0,4.97,3687.425304,NA,NA,8.21268374390054,NA,0
"cub",1998,0,0,4.97,3680.98418,NA,NA,8.21093543562461,NA,0
"cub",1999,0,0,4.97,3895.546433,NA,NA,8.26758923935075,NA,0
"cub",2000,0,0,4.97,4112.261684,NA,NA,8.32172844421518,NA,0
"cub",2001,0,0,4.97,4229.903094,NA,NA,8.34993436255805,NA,0
"cub",2002,0,0,4.97,4277.395656,NA,NA,8.36109961178092,NA,0
"cub",2003,0,0,4.97,4426.965996,NA,NA,8.39546975165453,NA,0
"cub",2004,0,0,4.97,4670.188021,NA,NA,8.44895461130858,NA,0
"cub",2005,0,0,4.97,5182.352836,NA,NA,8.55301444757294,NA,0
"cub",2006,0,0,4.97,5799.411637,NA,NA,8.66551174949238,NA,0
"cub",2007,0,0,4.97,6215.766037,NA,NA,8.73484425250386,NA,0
"cub",2008,0,0,4.97,6469.085078,NA,NA,8.77478996760382,NA,0
"cub",2009,0,0,4.97,6561.253051,NA,NA,8.78893687756926,NA,0
"cub",2010,0,0,4.97,6716.490485,NA,NA,8.8123210478416,NA,0
"cub",2011,0,0,4.97,6902.163976,NA,NA,8.83959026112711,NA,0
"cub",2012,0,0,4.97,7109.248342,NA,NA,8.86915179878395,NA,0
"cub",2013,0,0,4.97,7307.820044,NA,NA,8.89670029267364,NA,0
"cub",2014,0,0,4.97,7392.483246,NA,NA,8.90821898537303,NA,0
"cyp",1990,0,0,1,17144.46875,788351,NA,9.74943087870683,13.5776987011369,0
"cyp",1991,0,0,1,16829.91211,798944,NA,9.73091306494899,13.5910461346826,0
"cyp",1992,0,0,1,17928.54102,810341,NA,9.79414919240161,13.6052104257125,0
"cyp",1993,4,0.5,1,17623.28516,826034,NA,9.77697632706039,13.6243912138836,0
"cyp",1994,1,0,1,18281.02148,844667,NA,9.81361872309682,13.646697745828,0
"cyp",1995,1,0,1,19453.8457,862695,NA,9.87580005186714,13.6678164892904,0
"cyp",1996,4,1,1,19385.28711,880290,NA,9.87226966093164,13.6880066776208,0
"cyp",1997,4,1,1,19617.18555,897568,NA,9.88416127481747,13.7074441624912,0
"cyp",1998,4,1,1,20562.29688,914548,NA,9.93121442928265,13.7261852331338,0
"cyp",1999,4,1,1,21349.75,931234,NA,9.96879530898634,13.7442658673203,0
"cyp",2000,4,1,1,22383.96484,947667,NA,10.0161001261392,13.7617584537061,0
"cyp",2001,4,1,1,23019.25,964127,NA,10.0440861013802,13.778978307654,0
"cyp",2002,1,0,1,23604.18945,981440,NA,10.0691794943269,13.796776159908,0
"cyp",2003,0,0,1,23930.7832,999590,NA,10.0829209091592,13.8151004738913,0
"cyp",2004,0,0,1,24799.64844,1017875,NA,10.1185847562461,13.8332276787694,0
"cyp",2005,0,0,1,25631.36719,1036151,NA,10.1515721612831,13.8510234440764,0
"cyp",2006,0,0,1,26395.50391,1054418,NA,10.1809489681912,13.8684995139048,0
"cyp",2007,0,0,1,27156.81836,1072714,NA,10.2093834304808,13.8857024436796,0
"cyp",2008,0,0,1,27449.22656,1091026,NA,10.2200932702201,13.9026290958786,0
"cyp",2009,0,0,1,26183.68555,1109371,NA,10.1728918068666,13.9193037460056,0
"cyp",2010,0,0,1,26090.04883,1127816,NA,10.1693092497273,13.9357935771672,0
"cyp",2011,1,0,1,25538.78125,1146493,NA,10.147953409184,13.9522182757229,0
"cyp",2012,0,0,1,24285.49609,1165397,NA,10.0976345824073,13.9685723594644,0
"cyp",2013,0,0,1,22711.71875,1183895,NA,10.0306363147545,13.9843204080611,0
"cyp",2014,0,0,1,22373.57813,1201801,NA,10.0156359938613,13.9993318229668,0
"cze",1990,0,0,NA,11900.58446,10333355,NA,9.38434279217927,16.1508875705533,0
"cze",1991,0,0,NA,10543.6196,10308578,NA,9.2632761787015,16.1484869221354,0
"cze",1992,0,0,NA,10479.49187,10319123,NA,9.25717547101254,16.1495093337865,0
"cze",1993,0,0,0,10475.08491,10329855,NA,9.25675485072407,16.1505488042112,0
"cze",1994,0,0,0,10775.94439,10333587,NA,9.28507155753494,16.1509100218671,0
"cze",1995,0,0,0,11453.38002,10327253,NA,9.34604016367323,16.1502968812399,0
"cze",1996,0,0,0,11944.71715,10315241,NA,9.3880443801158,16.1491330682475,0
"cze",1997,0,0,0,11886.34809,10304131,NA,9.38314580121207,16.1480554407548,0
"cze",1998,0,0,0,11850.83962,10294373,NA,9.38015399806169,16.1471079932382,0
"cze",1999,3,0,0,12026.46881,10283860,NA,9.39486523387645,16.1460862338952,0
"cze",2000,1.5,0,8.88,12543.93643,10255063,NA,9.43699267481587,16.1432820928145,0
"cze",2001,0,0,8.88,12958.46676,10216605,NA,9.46950465735206,16.1395248957711,0
"cze",2002,0,0,8.88,13179.98781,10196916,NA,9.48645488316988,16.1375958795955,0
"cze",2003,0,0,9.76,13618.93496,10193998,NA,9.51921637987652,16.1373096736883,0
"cze",2004,0,0,9.76,14259.63343,10197101,NA,9.56518798746677,16.1376140221713,0
"cze",2005,0,0,9.76,15147.72144,10211216,NA,9.6256053996263,16.1389972819718,0
"cze",2006,0,0,12.32,16107.30425,10238905,NA,9.68702812821507,16.1417052382641,0
"cze",2007,0,0,12.32,16892.54285,10298828,NA,9.73462755205179,16.1475406603179,0
"cze",2008,0,0,12.32,17190.64703,10384603,NA,9.75212073757545,16.1558347863479,0
"cze",2009,0,0,12.32,16272.80848,10443936,NA,9.69725080240313,16.161532080862,0
"cze",2010,0,0,12.32,16665.93178,10474410,NA,9.72112190157004,16.1644456976038,0
"cze",2011,2,0,12.32,16926.28467,10496088,NA,9.7366229985927,16.1665131742772,0
"cze",2012,0,0,12.32,16772.35392,10510785,NA,9.72748720990441,16.1679124308346,0
"cze",2013,0,0,12.32,16759.78086,10514272,NA,9.7267372987716,16.1682441302951,0
"cze",2014,0,0,12.32,17118.04256,10525347,NA,9.74788830671022,16.1692969061104,0
"ddr",1990,0,0,NA,NA,NA,NA,NA,NA,0
"ddr",1991,0,0,NA,NA,NA,NA,NA,NA,0
"ddr",1992,0,0,NA,NA,NA,NA,NA,NA,0
"ddr",1993,0,0,NA,NA,NA,NA,NA,NA,0
"ddr",1994,0,0,NA,NA,NA,NA,NA,NA,0
"ddr",1995,0,0,NA,NA,NA,NA,NA,NA,0
"ddr",1996,0,0,NA,NA,NA,NA,NA,NA,0
"ddr",1997,0,0,NA,NA,NA,NA,NA,NA,0
"ddr",1998,0,0,NA,NA,NA,NA,NA,NA,0
"ddr",1999,0,0,NA,NA,NA,NA,NA,NA,0
"ddr",2000,0,0,NA,NA,NA,NA,NA,NA,0
"ddr",2001,0,0,NA,NA,NA,NA,NA,NA,0
"ddr",2002,0,0,NA,NA,NA,NA,NA,NA,0
"ddr",2003,0,0,NA,NA,NA,NA,NA,NA,0
"ddr",2004,0,0,NA,NA,NA,NA,NA,NA,0
"ddr",2005,0,0,NA,NA,NA,NA,NA,NA,0
"ddr",2006,0,0,NA,NA,NA,NA,NA,NA,0
"ddr",2007,0,0,NA,NA,NA,NA,NA,NA,0
"ddr",2008,0,0,NA,NA,NA,NA,NA,NA,0
"ddr",2009,0,0,NA,NA,NA,NA,NA,NA,0
"ddr",2010,0,0,NA,NA,NA,NA,NA,NA,0
"ddr",2011,0,0,NA,NA,NA,NA,NA,NA,0
"ddr",2012,0,0,NA,NA,NA,NA,NA,NA,0
"ddr",2013,0,0,NA,NA,NA,NA,NA,NA,0
"ddr",2014,0,0,NA,NA,NA,NA,NA,NA,0
"deu",1990,0,0,24.26,29763.31247,79433029,NA,10.3010317888686,18.1904248220884,1
"deu",1991,3,0,24.26,31056.59388,80013896,0.207612365484238,10.3435664281008,18.1977108775541,1
"deu",1992,4,0,24.26,31441.97435,80624598,0.197279945015907,10.3558990419633,18.2053143470213,1
"deu",1993,4,0,24.31,30932.01931,81156363,0.187237575650215,10.3395471500013,18.2118882592021,1
"deu",1994,4,0,24.31,31625.39397,81438348,0.177544310688972,10.3617156835016,18.2153568256884,1
"deu",1995,4,0,24.31,32007.1454,81678051,0.169762253761292,10.3737144506055,18.2182958701256,1
"deu",1996,4,0,24.31,32245.86084,81914831,0.167483136057854,10.3811449679403,18.2211906191202,1
"deu",1997,0,0,24.31,32795.78335,82034771,0.167551472783089,10.3980552297057,18.2226537519358,1
"deu",1998,4,0,24.31,33477.98565,82047195,0.138526529073715,10.4186433570228,18.2228051884443,1
"deu",1999,2.66666666666667,0,24.31,34168.83082,82100243,0.11840395629406,10.4390691279597,18.2234515342234,1
"deu",2000,1.5,0,24.26,35104.13085,82211508,0.113798700273037,10.4660740905635,18.2248058502273,1
"deu",2001,3,0,24.48,35618.51437,82349925,0.171659767627716,10.4806208482254,18.2264881038407,1
"deu",2002,0,0,24.48,35477.51515,82488495,0.188045516610146,10.4766543987398,18.2281693870348,1
"deu",2003,0,0,24.48,35270.02273,82534176,0.19035305082798,10.4707886676869,18.2287230200706,1
"deu",2004,0,0,24.83,35687.63787,82516260,0.167272627353668,10.4825596296483,18.2285059227941,1
"deu",2005,0,0,24.73,36024.0947,82469422,0.154469043016434,10.491943290781,18.2279381401758,1
"deu",2006,0,0,24.73,37459.26133,82376451,0.117690913379192,10.5310092569035,18.2268101651993,1
"deu",2007,0,0,25.02,38593.07499,82266372,0.0659474208950996,10.5608281349539,18.2254729794733,1
"deu",2008,0,0,25.52,39009.84776,82110097,0.0706681907176971,10.571569399904,18.2235715510264,1
"deu",2009,0,0,25.52,36940.40787,81902307,0.147300988435745,10.5170612951108,18.2210377169247,1
"deu",2010,0,0,25.52,38526.7371,81776930,0.166967302560806,10.559107749373,18.2195057324554,1
"deu",2011,2,0,25.72,40722.48493,80274983,0.127240613102913,10.614535674166,18.2009685861678,1
"deu",2012,3,0,25.67,40834.50882,80425823,0.109471365809441,10.617282807313,18.2028458641735,1
"deu",2013,0,0,25.67,40884.89268,80645605,0.106958217918873,10.6185159016691,18.2055748663203,1
"deu",2014,3,0,25.67,41602.46613,80982500,0.102057255804539,10.6359147264634,18.209743639912,1
"dji",1990,0,0,NA,NA,579538,NA,NA,13.2699865133826,0
"dji",1991,0,0,NA,NA,631092,NA,NA,13.3552069312125,0
"dji",1992,0,0,NA,NA,626010,NA,NA,13.3471216243955,0
"dji",1993,0,0,NA,NA,614245,NA,NA,13.3281491503422,0
"dji",1994,0,0,NA,NA,626710,NA,NA,13.3482391926835,0
"dji",1995,1,0,NA,NA,633074,NA,NA,13.3583425979271,0
"dji",1996,1,0,NA,NA,648348,NA,NA,13.3821828682187,0
"dji",1997,0,0,NA,NA,671817,NA,NA,13.4177412609905,0
"dji",1998,3,0,NA,NA,699352,NA,NA,13.4579094710017,0
"dji",1999,0,0,NA,NA,724218,NA,NA,13.4928477310172,0
"dji",2000,0,0,NA,NA,747318,NA,NA,13.5242460763405,0
"dji",2001,0,0,NA,NA,771313,NA,NA,13.555849536441,0
"dji",2002,0,0,NA,NA,795574,NA,NA,13.5868191456894,0
"dji",2003,0,0,NA,NA,813519,NA,NA,13.6091245612382,0
"dji",2004,0,0,NA,NA,826124,NA,NA,13.6245001623015,0
"dji",2005,0,0,NA,NA,839167,NA,NA,13.6401650121261,0
"dji",2006,0,0,NA,NA,855764,NA,NA,13.6597499161768,0
"dji",2007,0,0,NA,NA,874528,NA,NA,13.6814395912244,0
"dji",2008,4,1,NA,NA,892734,NA,NA,13.7020439431454,0
"dji",2009,0,0,NA,NA,911527,NA,NA,13.7228764941652,0
"dji",2010,0,0,NA,NA,930251,NA,NA,13.7432097211881,0
"dji",2011,0,0,NA,NA,948558,NA,NA,13.7626982156706,0
"dji",2012,0,0,NA,NA,966747,NA,NA,13.781692106284,0
"dji",2013,0,0,NA,2140.137694,984824,NA,7.66862544893663,13.800218223986,0
"dji",2014,0,0,NA,2253.140822,1002717,NA,7.72008044269554,13.8182238735919,0
"dma",1990,0,0,NA,5536.879017,69627,NA,8.61918626666553,11.1509077021312,0
"dma",1991,0,0,NA,5638.30733,69296,NA,8.63733918065312,11.1461424634544,0
"dma",1992,0,0,NA,5750.325414,69325,NA,8.65701172592916,11.146560870484,0
"dma",1993,0,0,NA,5865.476471,69433,NA,8.676838997515,11.1481175378013,0
"dma",1994,0,0,NA,5863.782837,69477,NA,8.67655020962699,11.1487510415299,0
"dma",1995,0,0,NA,6042.201965,69469,NA,8.70652378823337,11.1486358888806,0
"dma",1996,0,0,NA,6235.059174,69410,NA,8.73794334868658,11.1477862283336,0
"dma",1997,0,0,NA,6381.539652,69299,NA,8.76116467198959,11.1461857550595,0
"dma",1998,0,0,NA,6639.15946,69124,NA,8.80074064710823,11.1436572721739,0
"dma",1999,0,0,NA,6687.239877,68870,NA,8.80795649355056,11.1399759485387,0
"dma",2000,0,0,NA,6879.597373,68511,NA,8.83631540784867,11.1347495952997,0
"dma",2001,0,0,NA,6897.656741,68288,NA,8.83893703015365,11.1314893346614,0
"dma",2002,0,0,NA,6676.972715,68367,NA,8.80641997743346,11.1326455310509,0
"dma",2003,0,0,NA,7047.661896,68531,NA,8.86045119484218,11.1350414766228,0
"dma",2004,0,0,NA,7323.853001,68649,NA,8.89889183473006,11.1367618444476,0
"dma",2005,0,0,NA,7381.747285,68734,NA,8.90676564905651,11.1379992611709,0
"dma",2006,0,0,NA,7698.537015,68806,NA,8.94878559173791,11.1390462294213,0
"dma",2007,0,0,NA,8106.189519,68847,NA,9.00038318700377,11.1396419302227,0
"dma",2008,0,0,NA,8682.573782,68854,NA,9.06907328236502,11.1397435997822,0
"dma",2009,0,0,NA,8582.714814,68864,NA,9.05750555432244,11.1398888240814,0
"dma",2010,0,0,NA,8574.273087,68859,NA,9.05652149724552,11.1398162145681,0
"dma",2011,0,0,NA,8553.838467,69053,NA,9.05413540469459,11.1426296046714,0
"dma",2012,0,0,NA,8532.343881,69118,NA,9.05161938363134,11.1435704678741,0
"dma",2013,0,0,NA,8459.658699,69715,NA,9.04306410887867,11.1521707816291,0
"dma",2014,0,0,NA,8576.263676,70373,NA,9.05675362864018,11.1615649458552,0
"dnk",1990,0,0,12.1,39306.79392,5140939,NA,10.5791526561989,15.4527463055714,0
"dnk",1991,0,0,12.1,39776.59618,5154298,NA,10.5910339826334,15.4553414876926,0
"dnk",1992,3,0,12.1,40447.23283,5171370,NA,10.6077535105051,15.4586482017097,0
"dnk",1993,0,0,12.1,40280.89359,5188628,NA,10.6036325310452,15.4619798656663,0
"dnk",1994,0,0,12.1,42270.65209,5206180,NA,10.6518483202221,15.4653569394287,0
"dnk",1995,0,0,12.1,43328.52934,5233373,NA,10.6765665732394,15.4705665612395,0
"dnk",1996,0,0,12.1,44331.61996,5263074,NA,10.6994534702702,15.4762258246589,0
"dnk",1997,0,0,12.1,45546.58962,5284991,NA,10.7264910287545,15.4803814743522,0
"dnk",1998,4,0,12.1,46437.19211,5304219,NA,10.7458559712363,15.4840130995882,0
"dnk",1999,2.5,0,12.1,47657.17319,5321799,NA,10.771788436892,15.4873219620501,0
"dnk",2000,1.5,0,13.98,49266.98828,5339616,NA,10.8050095268176,15.4906642982384,0
"dnk",2001,0,0,13.98,49557.151,5358783,NA,10.810881848215,15.4942474550279,0
"dnk",2002,0,0,13.98,49624.59654,5375931,NA,10.8122418877801,15.4974423262813,0
"dnk",2003,3,0,13.98,49708.09091,5390574,NA,10.8139229938049,15.5001624307216,0
"dnk",2004,3,0,13.98,50956.30454,5404523,NA,10.8387237707406,15.5027467535422,0
"dnk",2005,1,0,13.98,52015.18412,5419432,NA,10.8592909572469,15.5055015708763,0
"dnk",2006,1,0,13.98,53823.15903,5437272,NA,10.8934591187679,15.5087880224655,0
"dnk",2007,0,0,7.19,54113.97715,5461438,NA,10.898847789137,15.5132226830087,0
"dnk",2008,0,0,7.19,53572.53466,5493621,NA,10.8887918026708,15.5190981589113,0
"dnk",2009,0,0,7.19,50635.91181,5523095,NA,10.8324163231089,15.5244489495321,0
"dnk",2010,0,0,7.19,51209.44928,5547683,NA,10.8436793502492,15.5288909210772,0
"dnk",2011,3.33333333333333,0,7.19,51667.53132,5570572,NA,10.852584842319,15.5330082996291,0
"dnk",2012,3,0,7.19,51470.68985,5591572,NA,10.8487677955102,15.5367710220553,0
"dnk",2013,3,0,7.19,51970.39093,5614932,NA,10.8584294301986,15.5409400356628,0
"dnk",2014,3,0,7.19,52368.3626,5643475,NA,10.8660579207928,15.5460105684929,0
"dom",1990,0,0,3.23,2772.770656,7151166,NA,7.92760233610096,15.7827859782977,0
"dom",1991,0,0,3.23,2741.939081,7299853,NA,7.91642064288056,15.8033647689296,0
"dom",1992,0,0,3.23,2989.606302,7447474,NA,8.00289698614336,15.8233854724591,0
"dom",1993,0,0,3.23,3147.670603,7594572,NA,8.05441796715015,15.8429443395604,0
"dom",1994,4,0,3.23,3167.944941,7741694,NA,8.06083837304844,15.862131084668,0
"dom",1995,0,0,3.23,3286.361492,7888115,NA,8.09753630228487,15.8808677542658,0
"dom",1996,0,0,3.23,3419.506004,8032894,NA,8.13725137634886,15.8990554195006,0
"dom",1997,0,0,3.23,3659.50819,8174078,NA,8.20508404304944,15.9164784855125,0
"dom",1998,0,0,3.23,3840.871803,8310362,NA,8.25345465184515,15.9330137278564,0
"dom",1999,0,0,3.23,4004.198768,8446208,NA,8.29509878156061,15.9492281412152,0
"dom",2000,0,0,3.23,4123.105732,8584190,NA,8.32436197681175,15.9654326972509,0
"dom",2001,0,0,1.72,4158.984303,8720283,NA,8.33302616551122,15.981162249487,0
"dom",2002,0,0,1.72,4280.801824,8852235,NA,8.36189561308559,15.9961805274735,0
"dom",2003,0,0,1.72,4162.666861,8980620,NA,8.33391122021198,16.0105794802113,0
"dom",2004,3,0,1.72,4212.010441,9104892,NA,8.34569535212069,16.024322409459,0
"dom",2005,0,0,1.72,4549.24957,9225034,NA,8.42271756867227,16.0374314335209,0
"dom",2006,0,0,1.72,4904.717158,9341183,NA,8.49795270632052,16.0499434617133,0
"dom",2007,0,0,1.92,5204.785007,9455658,NA,8.55733367510473,16.0621238504613,0
"dom",2008,0,0,2.12,5308.92665,9573130,NA,8.57714495632699,16.0744707736963,0
"dom",2009,0,0,2.12,5294.649534,9695265,NA,8.57445206774299,16.0871481799625,0
"dom",2010,0,0,2.12,5666.456334,9820175,NA,8.64231921615196,16.0999495009458,0
"dom",2011,0,0,2.12,5773.574035,9945621,NA,8.66104658455383,16.1126429117596,0
"dom",2012,0,0,2.12,5860.298933,10070411,NA,8.67595589372731,16.1251120781618,0
"dom",2013,0,0,2.12,6075.034,10193833,NA,8.71194286490091,16.1372934875623,0
"dom",2014,0,0,2.12,6430.278111,10315528,NA,8.76877306839585,16.1491608907683,0
"dza",1990,0,0,NA,3605.687012,25375810,NA,8.19026760354587,17.049306915999,0
"dza",1991,0,0,NA,3478.509763,25987928,NA,8.1543592520293,17.0731426804693,0
"dza",1992,0,0,NA,3455.929363,26628568,NA,8.14784669076831,17.0974951824051,0
"dza",1993,0,0,NA,3302.919506,27277048,NA,8.10256205512714,17.1215561739406,0
"dza",1994,0,0,NA,3201.569144,27887279,NA,8.07139632610187,17.1436811929941,0
"dza",1995,0,0,NA,3255.187269,28470191,NA,8.08800508570662,17.164368168048,0
"dza",1996,0,0,NA,3322.955381,29033044,NA,8.10860984093974,17.1839451875481,0
"dza",1997,0,0,NA,3297.466034,29579301,NA,8.10090958400771,17.2025853841361,0
"dza",1998,0,0,NA,3410.882544,30054133,NA,8.13472634734907,17.2185107469257,0
"dza",1999,0,0,NA,3471.491963,30474354,NA,8.1523397410531,17.2323960354039,0
"dza",2000,0,0,NA,3553.324205,30903893,NA,8.17563884009908,17.2463927209873,0
"dza",2001,0,0,NA,3610.006056,31331221,NA,8.19146472888785,17.2601256344001,0
"dza",2002,0,0,NA,3754.660815,31750835,NA,8.23075323122353,17.2734295821698,0
"dza",2003,3,0,NA,3945.898161,32175818,NA,8.28043187808936,17.2867257345887,0
"dza",2004,0,0,NA,4066.282048,32628286,NA,8.31048435921977,17.3006901388417,0
"dza",2005,0,0,NA,4223.602521,33109249,NA,8.34844372081636,17.315323227297,0
"dza",2006,0,0,NA,4279.615471,33623506,NA,8.3616184413154,17.3307359636724,0
"dza",2007,0,0,NA,4339.250558,34189416,NA,8.37545692969463,17.3474266804518,0
"dza",2008,0,0,NA,4367.56538,34816961,NA,8.38196101155845,17.3656152110687,0
"dza",2009,0,0,NA,4336.100541,35490445,NA,8.37473073035066,17.3847740632874,0
"dza",2010,0,0,NA,4456.610274,36188236,NA,8.40214372779509,17.4042446516053,0
"dza",2011,0,0,NA,4501.354301,36903376,NA,8.41213358625808,17.4238135953407,0
"dza",2012,0,0,NA,4518.43979,37646166,NA,8.41592203403468,17.4437416743556,0
"dza",2013,0,0,NA,4543.23444,38414171,NA,8.42139446909445,17.4639369859391,0
"dza",2014,0,0,NA,4634.101492,39205031,NA,8.44119760634938,17.4843156383623,0
"ecu",1990,0,0,7.99,3919.717581,10473673,NA,8.27377488452583,16.16437533317,0
"ecu",1991,3,0,7.99,4000.568198,10702380,NA,8.29419167951395,16.1859767046048,0
"ecu",1992,0,0,7.99,4000.031462,10930128,NA,8.29405750557109,16.2070335709716,0
"ecu",1993,0,0,9.66,3996.993775,11154274,NA,8.29329780129205,16.2273333008083,0
"ecu",1994,0,0,9.66,4087.34069,11372197,NA,8.31564983952242,16.2466820748531,0
"ecu",1995,4,1.5,9.66,4100.687353,11590514,NA,8.31890988571437,16.2656975629089,0
"ecu",1996,4,0,9.67,4093.841545,11810950,NA,8.31723906127094,16.2845376252432,0
"ecu",1997,4,0,9.67,4192.855232,12031127,NA,8.34113722045977,16.3030077660234,0
"ecu",1998,4,0,10.67,4252.043486,12251184,NA,8.35515496659675,16.3211331433456,0
"ecu",1999,0,0,10.67,3979.192936,12470795,NA,8.28883429781636,16.3389000686313,0
"ecu",2000,0,0,10.67,3953.398797,12689206,NA,8.28233094285275,16.3562622687811,0
"ecu",2001,0,0,10.67,4049.000189,12910740,NA,8.30622526271035,16.3735700810872,0
"ecu",2002,0,0,9.52,4174.897936,13138472,NA,8.33684519051907,16.3910552781098,0
"ecu",2003,0,0,9.52,4220.212985,13372306,NA,8.34764087613562,16.4086964098978,0
"ecu",2004,0,0,9.67,4430.23718,13608701,NA,8.39620840110938,16.4262199255464,0
"ecu",2005,3,0,9.67,4589.328492,13846163,NA,8.43148899431277,16.4435187125038,0
"ecu",2006,3,0,9.67,4706.980568,14086131,NA,8.4568019130731,16.4607012542584,0
"ecu",2007,1,0,9.67,4715.303598,14328773,NA,8.45856858281435,16.4777801715745,0
"ecu",2008,3,0,9.67,4939.90215,14575202,NA,8.50510080229349,16.494832149453,0
"ecu",2009,3,0,9.67,4909.336817,14825954,NA,8.49889414384531,16.5118898515365,0
"ecu",2010,0,0,9.67,5022.203744,15076695,NA,8.5216241091853,16.5286607320678,0
"ecu",2011,0,0,9.7,5359.457246,15326227,NA,8.58661798886307,16.5450761018344,0
"ecu",2012,0,0,9.7,5579.856243,15572194,NA,8.62691829214026,16.5609974458933,0
"ecu",2013,4,0,9.7,5893.321727,15807128,NA,8.68157507812113,16.575971535505,0
"ecu",2014,0,0,9.7,6055.041728,16035124,NA,8.70864654745808,16.5902921241634,0
"egy",1990,5,1,NA,1972.137893,58396618,NA,7.5868734581743,17.8827685351626,0
"egy",1991,4,0.5,NA,1940.100194,60028997,NA,7.5704948971155,17.9103382867759,0
"egy",1992,0,0,NA,1979.020101,61480660,NA,7.59035710270106,17.9342332117755,0
"egy",1993,1.5,0,NA,1989.9792,62915681,NA,7.59587946540261,17.9573059910774,0
"egy",1994,1,0,NA,2024.953738,64285589,NA,7.61330213384758,17.9788460427825,0
"egy",1995,4,0,NA,2074.839911,65652622,NA,7.63763927836318,17.9998880969864,0
"egy",1996,4,0,NA,2133.648042,67028048,NA,7.66558848948719,18.0206217166211,0
"egy",1997,0,0,NA,2204.665759,68431740,NA,7.69833119317109,18.0413473100495,0
"egy",1998,0,0,NA,2277.285048,69943294,NA,7.73073924399941,18.0631953860026,0
"egy",1999,3,0,NA,2361.864251,71520954,NA,7.76720652304815,18.0855010276667,0
"egy",2000,0,0,NA,2458.60835,73083284,NA,7.80735075746924,18.1071102255197,0
"egy",2001,0,0,NA,2492.034412,74652029,NA,7.82085468880076,18.1283482617542,0
"egy",2002,0,0,NA,2498.481212,76239137,NA,7.82343831104416,18.1493854977288,0
"egy",2003,0,0,NA,2524.804772,77853548,NA,7.83391902070047,18.1703400300292,0
"egy",2004,1,0,NA,2574.423418,79477443,NA,7.85338087268525,18.1909838035149,0
"egy",2005,0,0,NA,2635.703052,81101004,NA,7.87690523829046,18.2112058987871,0
"egy",2006,4,1,NA,2761.624108,82700403,NA,7.92357423057291,18.2307350330171,0
"egy",2007,0,0,NA,2902.065598,84276225,NA,7.97317803759941,18.2496103547248,0
"egy",2008,0,0,NA,3052.212978,85864789,NA,8.02362217306267,18.2682843960512,0
"egy",2009,1,0,NA,3135.096613,87501636,NA,8.05041527013603,18.2871680482959,0
"egy",2010,0,0,NA,3233.845212,89196072,NA,8.08142717628288,18.3063475607062,0
"egy",2011,1,1,NA,3222.376501,91093059,NA,8.07787441010689,18.3273921683286,0
"egy",2012,0,0,NA,3220.991942,93161001,NA,8.07744464762053,18.3498397478776,0
"egy",2013,0,0,NA,3216.37839,95333553,NA,8.07601128195972,18.3728923843092,0
"egy",2014,1,1,NA,3235.662462,97528654,NA,8.08198896556867,18.3956567799712,0
"eri",1990,0,0,NA,NA,2032737,NA,NA,14.5248937187723,0
"eri",1991,0,0,NA,NA,1919571,NA,NA,14.4676122815381,0
"eri",1992,0,0,NA,642.0722335,1798748,NA,6.4647008106007,14.4026014252998,0
"eri",1993,0,0,NA,705.9884052,1856006,NA,6.55959881412892,14.4339374250817,0
"eri",1994,1,0,NA,829.9150372,1913915,NA,6.72132333073173,14.4646614403955,0
"eri",1995,4,0,NA,806.7029953,2025267,NA,6.69295556496442,14.5212121016829,0
"eri",1996,4,0,NA,838.6605726,2128464,NA,6.73180606275062,14.5709111507881,0
"eri",1997,4,0,NA,895.0337735,2152135,NA,6.79686145331707,14.5819709306382,0
"eri",1998,4,3,NA,899.0829742,2180419,NA,6.80137532631938,14.5950276181317,0
"eri",1999,4.5,3,NA,886.0536792,2212780,NA,6.78677753477434,14.6097602015293,0
"eri",2000,5,6,NA,845.1324301,2247031,NA,6.7394933370894,14.625120347245,0
"eri",2001,0,0,NA,893.2687354,2312079,NA,6.79488747110281,14.6536576777408,0
"eri",2002,1,0,NA,889.0091136,2392978,NA,6.79010748697992,14.6880491733673,0
"eri",2003,4,1,NA,830.3796723,2493903,NA,6.72188303270448,14.7293595111217,0
"eri",2004,4,0,NA,808.5914202,2598284,NA,6.69529374646524,14.7703617850958,0
"eri",2005,3.5,0,NA,809.7947935,2661215,NA,6.69678087421212,14.7942933433889,0
"eri",2006,3,0,NA,789.402432,2703502,NA,6.67127624404488,14.8100585275857,0
"eri",2007,4,0,NA,789.0727017,2743222,NA,6.67085846070733,14.8246436999295,0
"eri",2008,4,1,NA,693.3988742,2816327,NA,6.54160540965572,14.8509441116775,0
"eri",2009,0,0,NA,702.4309365,2887885,NA,6.55454708534303,14.8760349582574,0
"eri",2010,3.5,0.5,NA,703.8773744,2945186,NA,6.55660415689532,14.8956825309682,0
"eri",2011,0,0,NA,751.3748998,2998485,NA,6.6219047280038,14.9136177190769,0
"eri",2012,0,0,NA,NA,3036988,NA,NA,14.9263767927524,0
"eri",2013,0,0,NA,NA,3074360,NA,NA,14.9386073074794,0
"eri",2014,0,0,NA,NA,3095173,NA,NA,14.9453543591461,0
"esp",1990,3,0,20.75,19174.77083,38867322,NA,9.86135067466469,17.4756644041339,0
"esp",1991,3,0,20.75,19612.9766,38966376,NA,9.88394669757458,17.4782096783794,0
"esp",1992,4,0,20.75,19698.51177,39157685,NA,9.88829836720239,17.4831072574338,0
"esp",1993,4,0,20.75,19394.49314,39361262,NA,9.87274444599301,17.4882926926424,0
"esp",1994,4,0,20.75,19762.38863,39549108,NA,9.89153584608123,17.4930536981941,0
"esp",1995,3.5,0,20.76,20217.90319,39724050,0.599966406822205,9.91432378739509,17.4974673556895,0
"esp",1996,4,0,20.76,20658.84028,39889852,0.602458417415619,9.9358986075066,17.5016325136716,0
"esp",1997,0,0,21.7,21310.43119,40057389,0.539766430854797,9.96695195905032,17.5058237088437,0
"esp",1998,4,0,22.05,22135.4045,40223509,0.533856689929962,10.0049336192256,17.5099621836548,0
"esp",1999,2.5,0,22.05,23017.83877,40386875,0.538567304611206,10.0440247929857,17.51401541391,0
"esp",2000,1.5,0,22.05,24106.88185,40567864,0.551447987556458,10.0902526326579,17.5184867840554,0
"esp",2001,3,0,22.05,24878.37845,40850412,0.568436861038208,10.1217543698899,17.5254274648987,0
"esp",2002,3.5,0,22.05,25205.31548,41431558,0.526650190353394,10.1348101830026,17.5395534189463,0
"esp",2003,4,0,22.05,25481.16537,42187645,0.527391850948334,10.1456948452964,17.5576379636282,0
"esp",2004,0,0,22.05,25825.31065,42921895,0.500311017036438,10.1591103229571,17.5748926266626,0
"esp",2005,0,0,22.05,26294.44738,43653155,0.491575092077255,10.1771130696398,17.5917861171338,0
"esp",2006,0,0,22.05,26899.09215,44397319,0.471984297037125,10.1998478159498,17.6086896426965,0
"esp",2007,0,0,22.19,27338.79542,45226803,0.495201289653778,10.2160620500535,17.627200455781,0
"esp",2008,0,0,22.19,27112.52629,45954106,0.557230651378632,10.2077511247981,17.6431537607716,0
"esp",2009,0,0,22.19,25860.81426,46362946,0.594369769096375,10.1604841390691,17.6520111205773,0
"esp",2010,0,0,22.56,25766.25158,46576897,0.60200697183609,10.1568208363339,17.6566152036279,0
"esp",2011,4,0,22.56,25510.55797,46742697,0.565195560455322,10.1468476834956,17.6601685875926,0
"esp",2012,3,0,22.56,24763.56827,46773055,0.451562970876694,10.1171288307123,17.6608178472182,0
"esp",2013,3,0,22.56,24498.55595,46604197,0.487960606813431,10.1063694539794,17.657201159418,0
"esp",2014,1,0,22.56,24947.85125,46460733,0.484076648950577,10.1245429752264,17.6541180621946,0
"est",1990,0,0,NA,9341.225615,1569174,NA,9.14219274477675,14.2660599242279,0
"est",1991,0,0,NA,8637.205981,1561314,NA,9.06383442767022,14.261038332376,0
"est",1992,4,0,0,6934.170666,1533091,NA,8.84421673886391,14.2427965168228,0
"est",1993,0,0,0,6706.560001,1494128,NA,8.81084143099563,14.2170533170424,0
"est",1994,0,0,0,6738.999144,1462514,NA,8.8156666979244,14.1956674306919,0
"est",1995,0,0,0,7170.946077,1436634,0.881682097911835,8.8777928742615,14.1778134353343,0
"est",1996,0,0,0,7637.257083,1415594,0.862804055213928,8.94079379714752,14.163059788959,0
"est",1997,0,0,0,8732.990857,1399535,0.839752435684204,9.07486318546483,14.1516505965567,0
"est",1998,0,0,0,9199.935341,1386156,0.864887773990631,9.12695173486026,14.1420450065108,0
"est",1999,0,0,0,9133.895934,1390244,0.865983545780182,9.11974760042407,14.14498982927,0
"est",2000,1,0,0,10006.76963,1396985,0.854566812515259,9.21101710594009,14.1498269008873,0
"est",2001,0,0,0,10662.9455,1388115,0.86251312494278,9.27452997287317,14.1434572696427,0
"est",2002,0,0,0,11474.66227,1379350,0.836983263492584,9.34789660268734,14.1371229316785,0
"est",2003,0,0,0,12424.04415,1370720,0.855193853378296,9.42738891842813,14.1308467071979,0
"est",2004,0,0,0,13348.52845,1362550,0.856370329856873,9.49916142928837,14.1248685020939,0
"est",2005,0,0,0,14703.61797,1354775,0.852971851825714,9.59584886289233,14.1191459468473,0
"est",2006,0,0,0,16234.5152,1346810,0.859057128429413,9.69489482268055,14.1132493912489,0
"est",2007,0,0,0,17543.46618,1340680,0.868971407413483,9.77243686213822,14.108687505898,0
"est",2008,0,0,0,16688.99777,1337090,0.865831553936005,9.72250496512245,14.1060061687026,0
"est",2009,0,0,0,14274.85111,1334515,0.856374561786652,9.56625460434723,14.1040784879284,0
"est",2010,0,0,0,14657.93981,1331475,0.83436781167984,9.59273743418728,14.1017979082431,0
"est",2011,2,0,0,15820.92234,1327439,0.83512544631958,9.66908854177132,14.0987620800067,0
"est",2012,0,0,0,16460.68435,1322696,0.847393333911896,9.70873004991599,14.0951826358922,0
"est",2013,1,0,0,16809.53267,1317997,0.852583408355713,9.72970142530235,14.091623717866,0
"est",2014,1,0,0,17413.68676,1314545,0.842264711856842,9.76501177140089,14.089001156115,0
"eth",1990,0,0,NA,267.0781345,47609755,NA,5.58754125416671,17.6785482351797,0
"eth",1991,0,0,NA,237.5024547,49717198,NA,5.47017795900023,17.7218614674274,0
"eth",1992,0,0,NA,207.9678809,51853747,NA,5.33738364902752,17.7639377561811,0
"eth",1993,0,0,NA,227.1732956,53708891,NA,5.42571314296715,17.7990891137444,0
"eth",1994,0,0,NA,226.3999126,55611508,NA,5.42230296028655,17.833900716221,0
"eth",1995,0,0,NA,232.2304506,57537335,NA,5.44773020020064,17.8679445994085,0
"eth",1996,0,0,NA,252.612985,59467635,NA,5.53185861397919,17.9009427729418,0
"eth",1997,0,0,NA,252.3116667,61404539,NA,5.53066509595722,17.9329943154665,0
"eth",1998,5,6,NA,236.0555145,63363524,NA,5.46406700829536,17.9643989226107,0
"eth",1999,4.5,3.5,NA,240.6047113,65374561,NA,5.48315538481187,17.9956437652217,0
"eth",2000,5,6,NA,247.5054137,67411494,NA,5.51143245530488,18.0263260954679,0
"eth",2001,0,0,NA,260.0423161,69487762,NA,5.56084437200326,18.0566612086991,0
"eth",2002,4,0,NA,256.0666359,71635517,NA,5.54543770709269,18.087101556426,0
"eth",2003,4,0,NA,243.076666,73832663,NA,5.49337689152393,18.1173117797334,0
"eth",2004,1,0,NA,267.9235134,76077206,NA,5.59070154201597,18.1472592510265,0
"eth",2005,3.25,0,NA,290.8333814,78367470,NA,5.67275053068067,18.1769194757467,0
"eth",2006,3,0.333333333333333,NA,313.0138967,80703490,NA,5.74624758795713,18.2062923788974,0
"eth",2007,4,0,NA,338.7990647,83103217,NA,5.82540720214835,18.2355939714711,0
"eth",2008,4,0,NA,364.6422082,85543668,NA,5.89891662131493,18.2645375403674,0
"eth",2009,4,0,NA,385.6324197,88007636,NA,5.95488463518768,18.2929341414052,0
"eth",2010,4,0.5,NA,421.8986224,90538514,NA,6.04476505389623,18.3212858872021,0
"eth",2011,4,0,NA,455.9096286,93149970,NA,6.12229460697882,18.3497213329506,0
"eth",2012,0,0,NA,481.6399999,95798767,NA,6.17719694681639,18.3777603722946,0
"eth",2013,0,0,NA,518.3246622,98438751,NA,6.2506018069307,18.4049450954749,0
"eth",2014,0,0,NA,556.3625322,101115610,NA,6.32142011809819,18.4317750736546,0
"fin",1990,0,0,2.35,31291.52226,4986431,NA,10.3511024855275,15.4222309813674,0
"fin",1991,0,0,2.35,29290.9774,5013740,NA,10.2850348090158,15.4276927015493,0
"fin",1992,0,0,2.35,28162.35123,5041992,NA,10.24574130217,15.4333118000568,0
"fin",1993,0,0,8.32,27807.86147,5066447,NA,10.2330740463928,15.4381503409454,0
"fin",1994,0,0,8.32,28785.91957,5088333,NA,10.2676416427522,15.4424608299737,0
"fin",1995,0,0,8.32,29890.52433,5107790,NA,10.3052967971114,15.4462773833082,0
"fin",1996,0,0,8.32,30883.83472,5124573,NA,10.337988177776,15.4495577624445,0
"fin",1997,0,0,8.32,32762.11791,5139835,NA,10.3970281851447,15.4525315357488,0
"fin",1998,0,0,8.32,34457.45559,5153498,NA,10.4474806707337,15.4551862653731,0
"fin",1999,0,0,8.32,35886.49491,5165474,NA,10.4881163173496,15.4575074278643,0
"fin",2000,1,0,8.32,37872.60203,5176209,NA,10.5419832280681,15.4595834930185,0
"fin",2001,0,0,8.32,38784.13081,5188008,NA,10.5657664422059,15.4618603664373,0
"fin",2002,0,0,8.32,39343.0699,5200598,NA,10.5800751239773,15.4642841769397,0
"fin",2003,0,0,8.32,40038.98397,5213014,NA,10.5976088577326,15.4666687493403,0
"fin",2004,0,0,8.32,41521.96287,5228172,NA,10.6339777920113,15.4695722529555,0
"fin",2005,0,0,8.33,42529.35069,5246096,NA,10.6579497210256,15.4729947388984,0
"fin",2006,0,0,8.33,44069.39588,5266268,NA,10.6935208495506,15.4768325102615,0
"fin",2007,1,0,8.33,46213.6899,5288720,NA,10.7410313513581,15.4810868085825,0
"fin",2008,1,0,8.33,46359.87328,5313399,NA,10.7441895640591,15.4857423014275,0
"fin",2009,0,0,8.33,42412.51335,5338871,NA,10.6551987238581,15.4905247653624,0
"fin",2010,0,0,7.07,43556.53858,5363352,NA,10.6818151106205,15.495099710717,0
"fin",2011,1,0,7.07,44391.45357,5388272,NA,10.7008022427301,15.499735297792,0
"fin",2012,0,0,7.07,43507.93454,5413971,NA,10.6806986036617,15.5044933926588,0
"fin",2013,1,0,7.05,42883.6385,5438972,NA,10.6662456452232,15.5091006303867,0
"fin",2014,3,0,7.05,42502.48802,5461512,NA,10.6573178948461,15.5132362324619,0
"fra",1990,4,0.333333333333333,20.6,27992.97515,58261012,NA,10.2397088701798,17.8804436797532,0
"fra",1991,3.66666666666667,0.333333333333333,20.6,28197.23595,58554242,NA,10.2469792361649,17.8854640962802,0
"fra",1992,4,0,20.6,28482.51947,58846584,NA,10.2570458261497,17.8904443441065,0
"fra",1993,3.4,0,20.6,28257.09625,59103094,NA,10.2490998997207,17.8947938329519,0
"fra",1994,3.66666666666667,0,20.6,28822.50065,59324863,NA,10.2689116336589,17.8985390509703,0
"fra",1995,4,0,20.6,29379.61584,59541294,NA,10.2880563740808,17.9021806466043,0
"fra",1996,4,0,20.63,29683.77861,59754504,NA,10.2983560008356,17.905755126688,0
"fra",1997,0,0,20.64,30325.52287,59968066,NA,10.319744975873,17.9093227451666,0
"fra",1998,4,0,20.65,31256.50738,60190684,NA,10.3499828696464,17.9130281474733,0
"fra",1999,2.66666666666667,0,20.65,32152.72075,60501986,NA,10.3782523528347,17.9181867489086,0
"fra",2000,1.5,0,20.65,33255.13796,60918661,NA,10.411964559259,17.9250501061042,0
"fra",2001,4,0,20.96,33640.6738,61364377,NA,10.4234911436128,17.9323400455952,0
"fra",2002,0,0,20.96,33753.5783,61812142,NA,10.4268417143843,17.9396103756216,0
"fra",2003,0,0,20.96,33840.61757,62249855,NA,10.4294170632581,17.9466667639891,0
"fra",2004,3.5,0.5,20.96,34557.14711,62707588,NA,10.4503696706102,17.9539930190144,0
"fra",2005,3.33333333333333,0.333333333333333,20.96,34946.03725,63180854,NA,10.4615603578287,17.9615118701826,0
"fra",2006,0,0,20.96,35645.41624,63622342,NA,10.4813758408577,17.9684752559309,0
"fra",2007,0,0,20.96,36322.16851,64016890,NA,10.5001835366047,17.9746575127568,0
"fra",2008,0,0,20.96,36257.36589,64375116,NA,10.4983978366066,17.9802377188883,0
"fra",2009,1,0,21.12,35052.85108,64706436,NA,10.4646122323785,17.9853712290215,0
"fra",2010,0,0,21.51,35578.1968,65026211,NA,10.4794882797782,17.9903009927319,0
"fra",2011,2.5,0,21.12,36269.95615,65340830,NA,10.4987450232881,17.9951276668419,0
"fra",2012,0,0,21.13,36161.29183,65657659,NA,10.4957445392551,17.9999648160363,0
"fra",2013,0,0,21.13,36256.08668,65997932,NA,10.4983625546016,18.0051339661665,0
"fra",2014,3,0,21.26,36444.39491,66312067,NA,10.5035429508523,18.0098824446282,0
"gab",1990,0,0,NA,8354.26309,983734,NA,9.03052723725934,13.7991108142867,0
"gab",1991,0,0,NA,8627.389857,1010818,NA,9.0626972883882,13.8262704620147,0
"gab",1992,0,0,NA,8138.868219,1038380,NA,9.00440640989482,13.8531723643459,0
"gab",1993,0,0,NA,8237.743387,1066405,NA,9.01648172459583,13.8798037365078,0
"gab",1994,0,0,NA,8322.610108,1094720,NA,9.02673119952087,13.9060091807714,0
"gab",1995,0,0,NA,8514.940099,1123213,NA,9.04957755830986,13.9317038862608,0
"gab",1996,0,0,NA,8603.008134,1152015,NA,9.05986720410503,13.9570231409865,0
"gab",1997,0,0,NA,8870.125509,1181439,NA,9.09044422503441,13.9822437449915,0
"gab",1998,0,0,NA,8949.121101,1211736,NA,9.09931060544128,14.0075646001026,0
"gab",1999,0,0,NA,7944.645179,1243016,NA,8.98025341831338,14.0330512424937,0
"gab",2000,0,0,NA,7596.099707,1275572,NA,8.93539019809669,14.0589052634224,0
"gab",2001,0,0,NA,7556.769953,1309589,NA,8.93019912298002,14.0852239054925,0
"gab",2002,0,0,NA,7338.756206,1345135,NA,8.90092465302614,14.1120049377284,0
"gab",2003,0,0,NA,7301.671544,1382350,NA,8.89585857955501,14.1392955073963,0
"gab",2004,0,0,NA,7148.987134,1421609,NA,8.87472596607297,14.1672998866973,0
"gab",2005,0,0,NA,7130.225058,1463495,NA,8.87209807784707,14.1963379686409,0
"gab",2006,0,0,NA,6724.08149,1508337,NA,8.81345061372931,14.2265182773843,0
"gab",2007,0,0,NA,6908.673992,1556237,NA,8.84053300138621,14.2577812857466,0
"gab",2008,0,0,NA,6468.385234,1607175,NA,8.774681778911,14.2899885373594,0
"gab",2009,0,0,NA,6264.836115,1661556,NA,8.74270770816919,14.3232650706927,0
"gab",2010,0,0,NA,6481.496121,1719879,NA,8.77670664556734,14.3577644974778,0
"gab",2011,0,0,NA,6699.233946,1781985,NA,8.80974846242424,14.393238469469,0
"gab",2012,0,0,NA,6803.226681,1846889,NA,8.82515229053079,14.4290131599201,0
"gab",2013,0,0,NA,6938.257539,1913059,NA,8.84480594690418,14.4642140895568,0
"gab",2014,0,0,NA,6998.605454,1978399,NA,8.8534661873332,14.4977984897303,0
"gbr",1990,5,1,6.19,30071.20856,57247586,NA,10.311323466728,17.8628960335707,0
"gbr",1991,4.5,0.5,6.19,29590.90541,57424897,NA,10.2952223434391,17.8659885128939,0
"gbr",1992,4,0,6.19,29893.07768,57580402,NA,10.3053822168558,17.8686928247148,0
"gbr",1993,3.5,0,6.19,30862.41181,57718614,NA,10.3372942761362,17.8710902791076,0
"gbr",1994,3.66666666666667,0,7.02,32308.79527,57865745,NA,10.3830947715248,17.8736361439762,0
"gbr",1995,4,0,7,33362.01613,58019030,0.752396941184998,10.4151732901981,17.8762816181448,0
"gbr",1996,4,0,5.82,34147.34591,58166950,0.738346219062805,10.4384401433843,17.878827881987,0
"gbr",1997,5,2,5.4,35721.61059,58316954,0.732374250888824,10.4835111232797,17.8814034152198,0
"gbr",1998,4.5,1,4.88,36773.92878,58487141,0.716814696788788,10.5125444160175,17.8843174760741,0
"gbr",1999,3.25,0.5,9.66,37730.71556,58682466,0.715174615383148,10.5382297780581,17.8876515348959,0
"gbr",2000,2.25,0.5,10.5,39297.13663,58892514,0.720512926578522,10.5789069359155,17.8912245437701,0
"gbr",2001,4.5,1,10.5,40082.13594,59119673,0.71432101726532,10.598686026255,17.8950743034658,0
"gbr",2002,3.5,1,10.5,40594.93293,59370479,0.718164920806885,10.6113985331213,17.8993076742621,0
"gbr",2003,4.5,1,10.18,41706.83039,59647577,0.721813499927521,10.6384201926948,17.9039640853982,0
"gbr",2004,0,0,10.18,42434.8209,59987905,0.728414535522461,10.6557245518222,17.9096535165324,0
"gbr",2005,0,0,10.18,43320.56287,60401206,0.728758275508881,10.6763826943361,17.9165196295931,0
"gbr",2006,0,0,10.18,43944.99858,60846820,0.716545224189758,10.6906940986856,17.9238701163773,0
"gbr",2007,0,0,10.5,44882.14131,61322463,0.717028439044952,10.7117952509568,17.9316567775018,0
"gbr",2008,0,0,10.5,44508.28746,61806995,0.724215030670166,10.7034306858709,17.9395271037249,0
"gbr",2009,0,0,9.98,42146.50959,62276270,0.733988761901855,10.6489071507485,17.9470910123209,0
"gbr",2010,0,0,9.98,42762.72084,62766365,0.676234543323517,10.6634219936104,17.9549298987873,0
"gbr",2011,3.5,0,10.28,42791.09343,63258810,0.730307996273041,10.6640852624847,17.9627449644097,0
"gbr",2012,2,0,6.73,43136.70068,63711000,0.720550775527954,10.672129437649,17.9698677900925,0
"gbr",2013,3,0,6.73,43585.19362,64139000,0.706974983215332,10.6824727757898,17.9765631612128,0
"gbr",2014,3,0,7.51,44627.88183,64620000,0.698218047618866,10.7061140958203,17.9840345183606,0
"geo",1990,0,0,NA,3534.032277,4802000,NA,8.17019478611467,15.3845430557633,0
"geo",1991,0,0,NA,2768.810161,4835900,NA,7.92617296213526,15.3915778122565,0
"geo",1992,4,2,NA,1513.850174,4873500,NA,7.32241146873061,15.3993229227594,0
"geo",1993,4,2,NA,1062.095281,4911100,NA,6.96799891623317,15.4070085072657,0
"geo",1994,0,0,NA,966.4195962,4836076,NA,6.8735981044998,15.3916142060607,0
"geo",1995,0,0,NA,1029.480546,4657722,0.807692289352417,6.93680962973758,15.3540370453783,0
"geo",1996,1,0,NA,1187.123206,4491699,0.855099499225616,7.07928818534791,15.3177415845811,0
"geo",1997,1,0,NA,1354.783522,4349913,0.776267647743225,7.21139695818881,15.2856664028649,0
"geo",1998,0,0,NA,1431.793361,4243607,0.72615385055542,7.26668303613055,15.2609241731087,0
"geo",1999,3,0,NA,1503.462988,4157192,0.754157602787018,7.3155263848991,15.2403504043224,0
"geo",2000,1.66666666666667,0,NA,1561.198676,4077131,0.817633271217346,7.35320918724051,15.2209041127544,0
"geo",2001,3,0,NA,1661.830191,4014373,0.877131402492523,7.41567479871539,15.2053917287845,0
"geo",2002,3,0,NA,1768.597012,3978515,0.854064047336578,7.47794186266831,15.1964191920578,0
"geo",2003,1.66666666666667,0,NA,1977.461433,3951736,0.836352288722992,7.58956919654391,15.1896655339991,0
"geo",2004,3.5,0,NA,2105.004728,3927340,0.904163420200348,7.65207299219472,15.1834729098989,0
"geo",2005,3.5,0,NA,2321.600843,3902469,0.87518572807312,7.7500122452415,15.1771199877143,0
"geo",2006,4,0,NA,2554.812535,3880347,0.834087252616882,7.845734128126,15.1714351405903,0
"geo",2007,4,3,NA,2891.137023,3860158,0.748448550701141,7.9694051372958,15.1662186732458,0
"geo",2008,4,3,NA,2970.158583,3848449,0.786538302898407,7.99637062532078,15.1631807679524,0
"geo",2009,4,3,NA,2887.256079,3814419,0.762171804904938,7.96806187645666,15.1542989175249,0
"geo",2010,4,3,NA,3090.065137,3786695,0.767578363418579,8.03594744960489,15.1470041649555,0
"geo",2011,1,0,NA,3362.103003,3756441,0.742585957050323,8.12032195091745,15.1389825245586,0
"geo",2012,1,0,NA,3609.780799,3728874,0.763944208621979,8.19140232898475,15.1316168693705,0
"geo",2013,1,0,NA,3806.506006,3717668,0.709837317466736,8.24446698857242,15.1286071479564,0
"geo",2014,1,0,NA,3960.350801,3719414,0.675903618335724,8.28408788643612,15.1290766869589,0
"gha",1990,0,0,NA,855.8525071,15394648,NA,6.75209805650585,16.5495304745129,0
"gha",1991,0,0,NA,878.6357041,15787496,NA,6.77837036820746,16.5747287922758,0
"gha",1992,0,0,NA,890.3131748,16184855,NA,6.79157328262806,16.5995864863898,0
"gha",1993,3,0,NA,910.7228978,16589519,NA,6.81423867733444,16.6242816683768,0
"gha",1994,1,0,NA,918.4287227,16993190,NA,6.82266429979316,16.6483232335283,0
"gha",1995,0,0,NA,933.8953117,17399017,NA,6.83936434597244,16.671924268336,0
"gha",1996,0,0,NA,954.3253879,17810181,NA,6.8610046907579,16.6952808180441,0
"gha",1997,4,0,NA,970.9957394,18238958,NA,6.87832208043412,16.7190704137857,0
"gha",1998,4,0,NA,992.206318,18688036,NA,6.89993106751448,16.7433940909781,0
"gha",1999,0,0,NA,1010.881949,19149864,NA,6.91857844563497,16.767806171738,0
"gha",2000,0,0,NA,1022.275207,19637087,NA,6.92978601729241,16.7929305301345,0
"gha",2001,0,0,NA,1035.226661,20167069,NA,6.94237567785858,16.8195615845472,0
"gha",2002,0,0,NA,1052.465916,20729388,NA,6.95889118118419,16.8470629615449,0
"gha",2003,0,0,NA,1077.699909,21296705,NA,6.9825843351637,16.8740629238775,0
"gha",2004,0,0,NA,1108.304754,21868298,NA,7.01058687822472,16.900548566122,0
"gha",2005,1,0,NA,1143.311789,22449438,NA,7.0416844078741,16.9267761384316,0
"gha",2006,0,0,NA,1185.265707,23040702,NA,7.07772225375095,16.9527728620778,0
"gha",2007,0,0,NA,1205.317058,23642279,NA,7.09449792998731,16.9785471502549,0
"gha",2008,0,0,NA,1282.634169,24249946,NA,7.15667118677781,17.0039249485412,0
"gha",2009,0,0,NA,1311.630538,24862664,NA,7.17902632771256,17.0288777984021,0
"gha",2010,0,0,NA,1381.22795,25474995,NA,7.23072820133773,17.0532079408022,0
"gha",2011,0,0,NA,1537.81834,26095088,NA,7.3381200286552,17.0772576553475,0
"gha",2012,4,0,NA,1640.540721,26734268,NA,7.40278117440336,17.101456746151,0
"gha",2013,0,0,NA,1718.597048,27386193,NA,7.44926356720047,17.125549539246,0
"gha",2014,0,0,NA,1726.369301,28041592,NA,7.45377581225587,17.1491993945532,0
"gin",1990,0,0,NA,548.3715348,6434374,NA,6.30695304043291,15.677165113783,0
"gin",1991,0,0,NA,540.6227475,6697166,NA,6.29272171120348,15.7171950098031,0
"gin",1992,0,0,NA,540.768238,6914366,NA,6.29299079149512,15.7491118341344,0
"gin",1993,0,0,NA,551.0067427,7128177,NA,6.31174704628312,15.7795660794743,0
"gin",1994,0,0,NA,555.9627823,7345107,NA,6.32070135370076,15.8095449352172,0
"gin",1995,0,0,NA,565.5533597,7553249,NA,6.33780464954855,15.8374883597852,0
"gin",1996,4,0,NA,574.3028658,7770035,NA,6.35315689793267,15.8657852268382,0
"gin",1997,4,0,NA,591.7735302,7931370,NA,6.38312401135512,15.886336340354,0
"gin",1998,4,0,NA,601.9079931,8081990,NA,6.40010459824624,15.9051486873023,0
"gin",1999,3,0,NA,611.0076858,8265123,NA,6.41510953814322,15.9275551711592,0
"gin",2000,4,0,NA,614.1372351,8428832,NA,6.42021841310737,15.9471687675911,0
"gin",2001,4,0,NA,628.3205549,8539960,NA,6.44305047397802,15.960266881913,0
"gin",2002,0,0,NA,650.554964,8674066,NA,6.4778257893869,15.9758482122948,0
"gin",2003,0,0,NA,644.0712179,8870781,NA,6.46780930679133,15.998273400015,0
"gin",2004,0,0,NA,645.1828434,9062726,NA,6.46953375476297,16.0196805157652,0
"gin",2005,0,0,NA,651.3596069,9245844,NA,6.47906188124798,16.039684711227,0
"gin",2006,0,0,NA,645.4720019,9441171,NA,6.4699818350625,16.0605905770387,0
"gin",2007,0,0,NA,673.6989974,9662281,NA,6.51278341976601,16.0837403066792,0
"gin",2008,0,0,NA,684.7757804,9898870,NA,6.52909145679555,16.1079311671761,0
"gin",2009,0,0,NA,660.7567013,10143534,NA,6.49338569539286,16.1323470161181,0
"gin",2010,0,0,NA,675.7369173,10396086,NA,6.51580382470277,16.1569399471218,0
"gin",2011,0,0,NA,696.1999914,10656810,NA,6.54563696302457,16.1817096823869,0
"gin",2012,0,0,NA,719.5059168,10921581,NA,6.57856474978214,16.2062512980212,0
"gin",2013,4,0,NA,729.8331432,11191873,NA,6.59281593705721,16.2306984478721,0
"gin",2014,0,0,NA,738.2722745,11472924,NA,6.60431269219731,16.2555003825111,0
"gmb",1990,0,0,NA,658.7111653,1054696,NA,6.49028514601157,13.8687631317099,0
"gmb",1991,0,0,NA,651.2296154,1099959,NA,6.47886229184833,13.9107834643467,0
"gmb",1992,0,0,NA,646.4210319,1145582,NA,6.47145104365158,13.9514233627746,0
"gmb",1993,0,0,NA,641.9187385,1188365,NA,6.46446172013343,13.9880889707737,0
"gmb",1994,0,0,NA,622.5513188,1227226,NA,6.43382606478024,14.0202668958114,0
"gmb",1995,0,0,NA,609.6184914,1264313,NA,6.4128333375738,14.0500394496168,0
"gmb",1996,0,0,NA,605.4099248,1301410,NA,6.40590579024247,14.0789588500461,0
"gmb",1997,0,0,NA,617.2975977,1338889,NA,6.42535123776746,14.1073507235523,0
"gmb",1998,0,0,NA,621.2260582,1376987,NA,6.43169503855957,14.1354083368529,0
"gmb",1999,0,0,NA,642.8737051,1415779,NA,6.46594828986011,14.1631904676087,0
"gmb",2000,0,0,NA,659.9112376,1455084,NA,6.49210533749124,14.1905741888801,0
"gmb",2001,0,0,NA,679.5397559,1495011,NA,6.5214157394588,14.2176441226394,0
"gmb",2002,1,0,NA,640.0389321,1535691,NA,6.46152900590981,14.244491000577,0
"gmb",2003,0,0,NA,665.8342223,1577611,NA,6.50104072409033,14.2714222354228,0
"gmb",2004,0,0,NA,693.5633145,1621312,NA,6.54184253263155,14.2987462559787,0
"gmb",2005,0,0,NA,658.6762854,1667037,NA,6.49023219287316,14.3265583570475,0
"gmb",2006,0,0,NA,636.5960269,1715275,NA,6.45613527370379,14.3550839755817,0
"gmb",2007,0,0,NA,637.209306,1765774,NA,6.45709818244902,14.3840996791369,0
"gmb",2008,0,0,NA,657.6756792,1817852,NA,6.48871192106193,14.4131661422649,0
"gmb",2009,0,0,NA,681.4334691,1871422,NA,6.52419862215974,14.4422091276595,0
"gmb",2010,0,0,NA,701.0145246,1926630,NA,6.55252860664875,14.4712829206575,0
"gmb",2011,0,0,NA,625.4643603,1983784,NA,6.43849435034601,14.5005166899323,0
"gmb",2012,0,0,NA,639.1398819,2043094,NA,6.46012333793252,14.5299758835098,0
"gmb",2013,0,0,NA,638.5223685,2103820,NA,6.45915670774854,14.5592652978492,0
"gmb",2014,0,0,NA,611.879473,2164528,NA,6.4165353235747,14.5877128817934,0
"gnb",1990,4,1,NA,569.1696704,973669,NA,6.34417858018604,13.7888266891385,0
"gnb",1991,0,0,NA,585.585514,994639,NA,6.37261222531928,13.8101351362374,0
"gnb",1992,1,0,NA,574.8520026,1024356,NA,6.35411262088508,13.8395746804132,0
"gnb",1993,0,0,NA,567.8600729,1058745,NA,6.34187503784371,13.8725948023871,0
"gnb",1994,0,0,NA,568.168872,1092031,NA,6.34241868439249,13.9035498231624,0
"gnb",1995,0,0,NA,578.3818499,1119949,NA,6.36023429051126,13.9287937065202,0
"gnb",1996,0,0,NA,632.1609069,1143535,NA,6.44914396126721,13.9496348997597,0
"gnb",1997,0,0,NA,660.5377747,1165545,NA,6.49305431339441,13.9686993467512,0
"gnb",1998,0,0,NA,502.8155402,1187473,NA,6.22022338355748,13.9873380777903,0
"gnb",1999,0,0,NA,576.3307953,1210206,NA,6.35668179324609,14.0063011510163,0
"gnb",2000,0,0,NA,571.0940152,1234741,NA,6.34755384619024,14.0263717894514,0
"gnb",2001,0,0,NA,585.8379807,1261273,NA,6.37304326790132,14.0476320863608,0
"gnb",2002,0,0,NA,594.0405352,1289307,NA,6.38694755811177,14.0696154226869,0
"gnb",2003,0,0,NA,579.0925068,1318806,NA,6.36146223475932,14.0922373397599,0
"gnb",2004,0,0,NA,572.5264646,1349563,NA,6.35005896073553,14.1152913943076,0
"gnb",2005,0,0,NA,595.9425556,1381585,NA,6.39014427919871,14.1387419487783,0
"gnb",2006,0,0,NA,597.2571517,1415303,NA,6.39234776051681,14.1628542004116,0
"gnb",2007,0,0,NA,597.4820209,1450986,NA,6.392724192809,14.1877538833015,0
"gnb",2008,0,0,NA,608.9586205,1488054,NA,6.41175031876759,14.2129797840393,0
"gnb",2009,0,0,NA,608.2021319,1526377,NA,6.41050728049855,14.2384075114285,0
"gnb",2010,0,0,NA,625.9040273,1566347,NA,6.4391970483244,14.2642567146395,0
"gnb",2011,0,0,NA,658.9534705,1608076,NA,6.49065292578822,14.2905489912857,0
"gnb",2012,0,0,NA,630.668623,1651417,NA,6.44678056294736,14.3171442652082,0
"gnb",2013,0,0,NA,634.0954561,1695973,NA,6.45219950477588,14.3437671753959,0
"gnb",2014,1,0,NA,623.6101591,1741122,NA,6.43552542810288,14.3700402909649,0
"gnq",1990,0,0,NA,366.3144047,474274,NA,5.90349199388189,13.0695404927372,0
"gnq",1991,0,0,NA,349.3528823,492217,NA,5.85608253542957,13.106674955148,0
"gnq",1992,0,0,NA,453.6378139,510770,NA,6.11729911291603,13.143674670014,0
"gnq",1993,0,0,NA,485.3922317,530023,NA,6.18495728925014,13.1806756808131,0
"gnq",1994,0,0,NA,545.5954709,550138,NA,6.30187780535843,13.2179244348271,0
"gnq",1995,0,0,NA,617.2948261,571264,NA,6.42534674786464,13.2556067285489,0
"gnq",1996,0,0,NA,989.7772667,593492,NA,6.89747993468482,13.2937790135813,0
"gnq",1997,0,0,NA,2380.321068,616893,NA,7.774990660088,13.3324508680755,0
"gnq",1998,0,0,NA,2833.331846,641474,NA,7.94920862886898,13.3715239322087,0
"gnq",1999,0,0,NA,3423.121262,667214,NA,8.13830806355273,13.41086611302,0
"gnq",2000,4,0,NA,3839.086427,703279,NA,8.25298970764137,13.4635089626153,0
"gnq",2001,0,0,NA,5882.850503,749836,NA,8.67979670284686,13.5276097949348,0
"gnq",2002,0,0,NA,6604.005463,797957,NA,8.7954316322656,13.5898099902683,0
"gnq",2003,0,0,NA,7082.654892,847862,NA,8.86540410114432,13.6504731656821,0
"gnq",2004,0,0,NA,9208.605667,899917,NA,9.12789372441145,13.7100578158315,0
"gnq",2005,0,0,NA,10212.45451,947367,NA,9.23136328481317,13.7614418366929,0
"gnq",2006,0,0,NA,10521.99968,990343,NA,9.26122355187828,13.8058066267522,0
"gnq",2007,0,0,NA,11594.91721,1036044,NA,9.35832210951753,13.8509201719422,0
"gnq",2008,0,0,NA,13048.07031,1084530,NA,9.47639553285163,13.8966572713838,0
"gnq",2009,0,0,NA,12627.86238,1135673,NA,9.44366095161406,13.9427359847132,0
"gnq",2010,0,0,NA,10984.32439,1189085,NA,9.30422447996875,13.9886946617636,0
"gnq",2011,0,0,NA,11203.90737,1241835,NA,9.32401786876282,14.0321006824086,0
"gnq",2012,0,0,NA,11650.71963,1293483,NA,9.36312322790156,14.0728491378856,0
"gnq",2013,0,0,NA,10731.64557,1346218,NA,9.28095218546904,14.1128097374395,0
"gnq",2014,0,0,NA,10363.48725,1399828,NA,9.24604406631686,14.1518599298951,0
"grc",1990,3,0,2,15438.7937,10196792,NA,9.64463869228826,16.137583718982,0
"grc",1991,3,0,2,15727.47354,10319927,NA,9.66316436903934,16.1495872443493,0
"grc",1992,4,0,2,15717.04638,10399061,NA,9.66250115901681,16.1572260715738,0
"grc",1993,4,0,2,15374.86263,10460415,NA,9.64048915800066,16.1631086907662,0
"grc",1994,4,0,10,15604.03399,10512922,NA,9.65528474891179,16.1681157251449,0
"grc",1995,4,0,10,15857.41619,10562153,NA,9.67139256829781,16.1727876980369,0
"grc",1996,3.66666666666667,0,10,16005.95116,10608800,NA,9.68071587956659,16.1771944033455,0
"grc",1997,3,0,11,16501.03165,10661259,NA,9.71117818217654,16.1821270747938,0
"grc",1998,3.33333333333333,0,11,16973.82937,10720509,NA,9.73942798804596,16.187669193823,0
"grc",1999,2.5,0,11,17358.4347,10761698,NA,9.76183381709836,16.1915039069392,0
"grc",2000,2.4,0,11,18002.90646,10805808,NA,9.79828849384342,16.1955943253216,0
"grc",2001,3,0,11,18742.42358,10862132,NA,9.83854487400463,16.2007931699612,0
"grc",2002,1.66666666666667,0,11,19548.36774,10902022,NA,9.88064707036779,16.2044588345827,0
"grc",2003,3,0,11,20632.2557,10928070,NA,9.93461094085391,16.2068452663359,0
"grc",2004,3,0,11,21688.1051,10955141,NA,9.98451923716455,16.2093194017641,0
"grc",2005,3,0,11,21880.52658,10987314,NA,9.99335232297392,16.2122518925046,0
"grc",2006,3,0,11,23220.53244,11020362,NA,10.0527921852215,16.2152552105143,0
"grc",2007,3,0,11,23973.69361,11048473,NA,10.0847124085903,16.2178027863337,0
"grc",2008,0,0,11,23923.88007,11077841,NA,10.0826324051942,16.2204573647009,0
"grc",2009,0,0,11,22878.13466,11107017,NA,10.0379369150723,16.2230876287144,0
"grc",2010,1,0,11,21547.72418,11121341,NA,9.97802548345862,16.2243764330411,0
"grc",2011,3.5,0,9,19448.2558,11104899,NA,9.87551266893291,16.2228969202671,0
"grc",2012,2,0,9,17924.66205,11045011,NA,9.7939328117336,16.2174893907616,0
"grc",2013,3,0,9,17644.87666,10965211,NA,9.77820074600276,16.210238182695,0
"grc",2014,3,0,9,17903.52524,10892413,NA,9.79275291322068,16.2035770497947,0
"grd",1990,0,0,NA,5102.69173,99957,NA,8.53752346967624,11.5124953724937,0
"grd",1991,0,0,NA,5130.482575,100793,NA,8.54295500294137,11.5208241877636,0
"grd",1992,0,0,NA,5046.311072,101602,NA,8.52641277454623,11.5288184989721,0
"grd",1993,0,0,NA,4909.770764,102382,NA,8.49898253212229,11.5364661948862,0
"grd",1994,0,0,NA,4956.322451,103138,NA,8.50841930338476,11.5438231762981,0
"grd",1995,0,0,NA,5026.242156,103869,NA,8.52242789760345,11.5508857687566,0
"grd",1996,0,0,NA,5213.431037,104584,NA,8.55899346636811,11.5577458552417,0
"grd",1997,0,0,NA,5438.044582,105293,NA,8.60117482339346,11.5645022191792,0
"grd",1998,0,0,NA,6036.158998,106009,NA,8.70552316115777,11.5712792751503,0
"grd",1999,0,0,NA,6409.145915,106727,NA,8.76548129844743,11.5780294512023,0
"grd",2000,0,0,NA,6677.126523,107451,NA,8.80644301275727,11.5847902086816,0
"grd",2001,0,0,NA,6509.516603,107987,NA,8.78102047791412,11.5897661284909,0
"grd",2002,0,0,NA,6707.368735,108404,NA,8.81096201222383,11.5936202676759,0
"grd",2003,0,0,NA,7309.785471,108884,NA,8.89696920498076,11.5980383743434,0
"grd",2004,0,0,NA,7233.294944,109323,NA,8.88644994356525,11.6020620820365,0
"grd",2005,0,0,NA,8162.912321,109734,NA,9.00735628636709,11.6058145344326,0
"grd",2006,0,0,NA,7808.243583,110135,NA,8.96293532419956,11.6094621650183,0
"grd",2007,0,0,NA,8257.362257,110522,NA,9.01886047616911,11.6129698751458,0
"grd",2008,0,0,NA,8307.492215,110896,NA,9.02491306312328,11.6163481041578,0
"grd",2009,0,0,NA,7733.129906,111254,NA,8.95326896338168,11.6195711544383,0
"grd",2010,0,0,NA,7670.711658,111586,NA,8.94516467467246,11.6225508730314,0
"grd",2011,0,0,NA,7695.37616,112079,NA,8.94837492876892,11.6269592587727,0
"grd",2012,0,0,NA,7559.562848,112775,NA,8.93056864316306,11.6331499622766,0
"grd",2013,0,0,NA,7688.752977,113487,NA,8.94751388771158,11.6394435718987,0
"grd",2014,0,0,NA,8206.628621,114132,NA,9.0126974751132,11.6451109522704,0
"gtm",1990,0,0,1,2741.538134,9024773,NA,7.9162744046507,16.0154839095123,0
"gtm",1991,0,0,1,2765.882135,9272584,NA,7.92511489924158,16.0425726473504,0
"gtm",1992,0,0,1,2823.67213,9522266,NA,7.94579349059807,16.0691434036541,0
"gtm",1993,3,0,1,2857.296289,9779761,NA,7.95763110318896,16.0958256040846,0
"gtm",1994,0,0,1,2894.431168,10043718,NA,7.97054388296337,16.1224579224019,0
"gtm",1995,3,0,1,2958.348405,10312996,NA,7.99238642031042,16.1489154054381,0
"gtm",1996,0,0,1,2967.993579,10583526,NA,7.99564144087523,16.1748091991936,0
"gtm",1997,3,0,1,3019.287233,10857754,NA,8.01277606694994,16.2003900370848,0
"gtm",1998,0,0,1,3089.975952,11139145,NA,8.03591858733724,16.2259760390691,0
"gtm",1999,0,0,1,3129.120772,11422965,NA,8.04850734055904,16.2511363607177,0
"gtm",2000,2.5,0,1,3165.932375,11697592,NA,8.06020288045288,16.27489356662,0
"gtm",2001,1,0,1,3166.203513,11969422,NA,8.06028851917099,16.2978657889832,0
"gtm",2002,0,0,1,3213.268374,12246915,NA,8.07504388317198,16.3207846265041,0
"gtm",2003,0,0,1,3222.154683,12525842,NA,8.07780557096444,16.3433044282246,0
"gtm",2004,0,0,1,3250.20406,12807402,NA,8.08647306104503,16.3655338429997,0
"gtm",2005,0,0,1,3284.809716,13087629,NA,8.09706400412683,16.3871779908459,0
"gtm",2006,0,0,1,3388.150033,13367459,NA,8.12803933843962,16.4083338786599,0
"gtm",2007,0,0,1,3527.778272,13652040,NA,8.1684235670791,16.4293995189781,0
"gtm",2008,0,0,1,3569.928611,13935174,NA,8.18030087765498,16.4499267053649,0
"gtm",2009,0,0,1,3516.192277,14215611,NA,8.16513394360107,16.4698512849082,0
"gtm",2010,0,0,1,3546.625816,14500112,NA,8.17375195611608,16.4896669314989,0
"gtm",2011,0,0,1,3621.374098,14792126,NA,8.1946088178785,16.5096055701307,0
"gtm",2012,0,0,1,3655.573158,15089647,NA,8.20400817466401,16.5295194374949,0
"gtm",2013,0,0,1,3717.304626,15387337,NA,8.2207541217414,16.5490554564049,0
"gtm",2014,0,0,1,3809.615876,15681725,0.700248301029205,8.24528364309057,16.5680065795907,0
"guy",1990,0,0,0,2377.217954,749894,NA,7.77368615604686,13.5276871421907,0
"guy",1991,0,0,0,2528.080388,747861,NA,7.8352155538118,13.5249724108113,0
"guy",1992,0,0,0,2716.75893,749911,NA,7.90719487895329,13.5277098118044,0
"guy",1993,0,0,0,2926.936937,752965,NA,7.98171174119159,13.5317740249581,0
"guy",1994,0,0,0,3164.667779,755822,NA,8.05980336192824,13.5355611777036,0
"guy",1995,0,0,0,3312.649969,758388,NA,8.10550374293003,13.538950407013,0
"guy",1996,0,0,0,3566.134994,760526,NA,8.17923765356748,13.5417655781313,0
"guy",1997,0,0,0,3778.006529,762245,NA,8.23695177622301,13.5440233053013,0
"guy",1998,0,0,0,3708.046371,763586,NA,8.21826043227098,13.5457810364593,0
"guy",1999,3,0,0,3813.330576,764483,NA,8.2462582531885,13.546955067348,0
"guy",2000,3,0,0,3759.607897,764832,NA,8.23206994823335,13.5474114808482,0
"guy",2001,0,0,0,3847.094619,764477,NA,8.25507349797881,13.5469472188758,0
"guy",2002,0,0,0,3894.871074,763652,NA,8.26741585737191,13.545867466996,0
"guy",2003,0,0,0,3873.041237,763101,NA,8.2617953267599,13.5451456737211,0
"guy",2004,0,0,0,3937.114353,762418,NA,8.27820333624201,13.5442502406972,0
"guy",2005,0,0,0,3867.933082,760914,NA,8.26047555600988,13.5422756212594,0
"guy",2006,0,0,0,4076.779817,758966,NA,8.31306269522891,13.5397122595905,0
"guy",2007,0,0,0,4382.104497,756861,NA,8.38528436674465,13.5369348960086,0
"guy",2008,0,0,0,4472.345179,754606,NA,8.40566819857355,13.5339510377132,0
"guy",2009,0,0,0,4649.341448,752094,NA,8.44448086446574,13.5306165951201,0
"guy",2010,0,0,0,4860.09111,749256,NA,8.4888124636324,13.5268359931549,0
"guy",2011,0,0,0,5133.895398,746153,NA,8.54361998685656,13.5226859519908,0
"guy",2012,0,0,0,5403.798994,746288,NA,8.59485750260741,13.5228668636655,0
"guy",2013,1,0,0,5573.342179,750021,NA,8.62575018511047,13.5278564851205,0
"guy",2014,0,0,0,5635.717041,754229,NA,8.63687966611593,13.5334513144063,0
"hnd",1990,0,0,1,457.9810401,4980488,NA,6.12682778609573,15.4210384361678,0
"hnd",1991,4,0,1,561.1255918,5123792,NA,6.3299447517685,15.4494053478883,0
"hnd",1992,0,0,1,594.6890012,5271431,NA,6.38803858183831,15.4778124206599,0
"hnd",1993,3,0,1,656.8698277,5423249,NA,6.48748586749936,15.506205640314,0
"hnd",1994,0,0,1,823.791676,5579242,NA,6.71391767755666,15.5345634828362,0
"hnd",1995,3,0,1,998.3565651,5739637,NA,6.9061104921616,15.5629065258779,0
"hnd",1996,0,0,1,1193.388308,5903954,NA,7.08455185782196,15.5911328539042,0
"hnd",1997,4,0,1,1420.731096,6071454,NA,7.25892687444028,15.6191086730659,0
"hnd",1998,0,0,1,1543.757948,6234431,NA,7.34197494886506,15.6455978739103,0
"hnd",1999,4,0,1,1677.779491,6400463,NA,7.4252264665921,15.6718808894632,0
"hnd",2000,4,0,1,1789.477985,6577773,NA,7.48967922781132,15.6992067961664,0
"hnd",2001,3,0,1,1789.18816,6757993,NA,7.48951725405412,15.7262365104464,0
"hnd",2002,0,0,1,1807.973055,6938859,NA,7.4999616376331,15.7526479097444,0
"hnd",2003,0,0,1,1842.2975,7119213,0.650937914848328,7.51876871300314,15.778307743571,0
"hnd",2004,0,0,1,1908.909501,7298994,0.63053560256958,7.55428741610648,15.803247088403,0
"hnd",2005,0,0,1,1975.856479,7478355,0.69612067937851,7.58875724358496,15.8275234059787,0
"hnd",2006,0,0,1,2056.534915,7656832,0.667998611927032,7.62877776540139,15.8511088791467,0
"hnd",2007,0,0,1,2134.195406,7834798,0.859029591083527,7.66584499561713,15.8740856516913,0
"hnd",2008,0,0,1,2175.147094,8012587,0.683328568935394,7.6848515706613,15.8965242381864,0
"hnd",2009,0,0,1,2076.308599,8189899,0.606473565101624,7.63834688400906,15.9184121236409,0
"hnd",2010,0,0,1,2108.473145,8365878,0.539812445640564,7.65371933656294,15.9396718480427,0
"hnd",2011,1,0,1,2144.562655,8540583,0.615499138832092,7.67069092013074,15.9603398304136,0
"hnd",2012,0,0,1,2188.393788,8715076,0.596051573753357,7.6909231235821,15.9805649574949,0
"hnd",2013,0,0,1,2205.401267,8889278,0.655414879322052,7.69866475182337,16.0003563893438,0
"hnd",2014,0,0,1,2229.247722,9063122,0.551779627799988,7.70941946314613,16.0197242102726,0
"hrv",1990,0,0,NA,9754.649025,4777368,NA,9.18549927342482,15.3794003252015,0
"hrv",1991,0,0,0,7842.552478,4689022,NA,8.96731963153113,15.3607345898927,0
"hrv",1992,4,3.5,0,7095.226959,4575818,NA,8.86717757766603,15.3362960385235,0
"hrv",1993,3.25,1.5,8.55,6490.83458,4600463,NA,8.77814639619171,15.3416675085681,0
"hrv",1994,4,3,8.55,6795.712494,4652024,NA,8.82404717671742,15.3528129516788,0
"hrv",1995,1,0,8.55,7304.709285,4620030,NA,8.89627452667831,15.3459117565433,0
"hrv",1996,2.5,0,8.55,7857.992364,4557097,NA,8.9692864283694,15.3321963559532,0
"hrv",1997,3,0,8.55,8383.470543,4534920,NA,9.03401725368409,15.3273180008025,0
"hrv",1998,0,0,8.55,8577.506944,4532135,NA,9.05689858429217,15.3267036888594,0
"hrv",1999,0,0,8.55,8541.532604,4512597,NA,9.05269573250797,15.3223833772371,0
"hrv",2000,3,0,8.55,8880.269807,4468302,NA,9.09158721919581,15.3125190286507,0
"hrv",2001,0,0,8.55,9515.735698,4299642,NA,9.16070209655205,15.2740423213839,0
"hrv",2002,3,0,9.55,10062.03968,4302174,NA,9.21652517459348,15.2746310342959,0
"hrv",2003,0,0,9.55,10619.30782,4303399,NA,9.27042911564733,15.2749157335271,0
"hrv",2004,0,0,9.55,11059.09806,4304600,NA,9.31100872202221,15.2751947763122,0
"hrv",2005,1,0,9.55,11522.79052,4310145,NA,9.35208213755518,15.2764821042054,0
"hrv",2006,0,0,9.55,12104.04215,4311159,NA,9.40129473778202,15.276717335443,0
"hrv",2007,0,0,9.55,12717.9876,4310217,NA,9.45077261683081,15.2764988088404,0
"hrv",2008,0,0,9.55,12970.4377,4309705,NA,9.47042802384978,15.2763800142618,0
"hrv",2009,0,0,9.55,12099.55218,4305181,NA,9.40092372098259,15.2753297390949,0
"hrv",2010,0,0,9.55,11965.00493,4295427,NA,9.38974141237749,15.2730615263867,0
"hrv",2011,2,0,9.55,11993.07132,4280622,NA,9.39208437201634,15.2696088841018,0
"hrv",2012,0,0,9.55,11780.47428,4260368,NA,9.37419871785521,15.2648660994911,0
"hrv",2013,0,0,9.55,11838.21525,4233922,NA,9.37908815805546,15.2586393082116,0
"hrv",2014,0,0,9.55,11862.76095,4201598,NA,9.38115944056875,15.2509754870814,0
"hti",1990,0,0,1,1627.312645,6854441,NA,7.39468524917654,15.7404073213369,0
"hti",1991,0,0,1,1624.495989,6995450,NA,7.3929528860387,15.760770495678,0
"hti",1992,0,0,1,1507.818729,7136571,NA,7.31841933510913,15.780742966857,0
"hti",1993,3,0,1,1398.254646,7278181,NA,7.24298005642101,15.8003915263146,0
"hti",1994,3,0,1,1207.660545,7419771,NA,7.09644033321053,15.8196587521336,0
"hti",1995,0,0,1,1302.134912,7562546,NA,7.17176043644805,15.8387184639474,0
"hti",1996,0,0,1,1330.540399,7707557,NA,7.19334045372979,15.8577118341092,0
"hti",1997,0,0,1,1340.997021,7854298,NA,7.2011686618027,15.87657145585,0
"hti",1998,0,0,1,1344.93904,8002143,NA,7.20410396758873,15.895219938772,0
"hti",1999,0,0,1,1356.113446,8151296,NA,7.21237812724274,15.9136874909799,0
"hti",2000,0,0,1,1342.894905,8303151,NA,7.20258293955208,15.9321456392766,0
"hti",2001,0,0,1,1314.114197,8455918,NA,7.18091810318305,15.9503771092288,0
"hti",2002,0,0,1,1304.529381,8607641,NA,7.17359762712882,15.9681608551237,0
"hti",2003,0,0,1,1326.47161,8759912,NA,7.19027777116256,15.9856964172,0
"hti",2004,1,0,1,1286.902821,8910263,NA,7.15999369658673,16.0027143164075,0
"hti",2005,0,0,1,1304.333037,9061273,NA,7.17344710635086,16.0195201758751,0
"hti",2006,0,0,1,1305.038138,9216562,NA,7.17398754385084,16.0365126409613,0
"hti",2007,0,0,1,1343.611114,9373296,NA,7.20311612951101,16.0533753533004,0
"hti",2008,0,0,1,1356.534001,9530774,NA,7.21268819702629,16.0700364895413,0
"hti",2009,0,0,1,1412.896535,9689581,NA,7.2533971563659,16.086561742478,0
"hti",2010,0,0,1,1317.583893,9803294,NA,7.18355495428962,16.0982290096133,0
"hti",2011,0,0,1,1369.169213,9914904,NA,7.2219594210103,16.1095496375896,0
"hti",2012,0,0,1,1354.885461,10069771,NA,7.21147219911358,16.1250485236219,0
"hti",2013,0,0,1,1392.382047,10222362,NA,7.23877126228909,16.1400882314967,0
"hti",2014,0,0,1,1411.768348,10373235,NA,7.25259834510387,16.154739489127,0
"hun",1990,0,0,8.89,8646.447544,10373988,NA,9.06490382701537,16.1548120771548,0
"hun",1991,3,0,8.89,7618.640296,10373400,NA,8.93835319391344,16.1547553953209,0
"hun",1992,0,0,8.89,7388.082294,10369341,NA,8.90762348013094,16.1543640294882,0
"hun",1993,0,0,8.89,7353.900207,10357523,NA,8.90298609187521,16.1532236735443,0
"hun",1994,3,0,9.51,7581.001022,10343355,NA,8.93340053086701,16.1518548425013,0
"hun",1995,3,0,9.13,7704.640902,10328965,0.628223836421967,8.94957814082777,16.1504626424653,0
"hun",1996,3,0,9.13,7725.699804,10311238,0.585994839668274,8.95230768717753,16.148744926379,0
"hun",1997,0,0,9.13,7971.805549,10290486,0.55982369184494,8.98366628928909,16.1467303370156,0
"hun",1998,0,0,9.13,8297.854195,10266570,0.551750123500824,9.02375222963697,16.144403543647,0
"hun",1999,3,0,10.13,8578.195064,10237530,0.519419848918915,9.05697880485092,16.1415709375421,0
"hun",2000,1.5,0,10.13,8979.735786,10210971,0.509758949279785,9.10272573836896,16.1389732884592,0
"hun",2001,0,0,10.13,9365.953932,10187576,0.502383410930634,9.14483647108949,16.1366794966261,0
"hun",2002,0,0,10.13,9836.940651,10158608,0.54386579990387,9.19390003225272,16.1338319828542,0
"hun",2003,0,0,10.13,10253.72392,10129552,0.542257010936737,9.23539622785401,16.1309676501729,0
"hun",2004,0,0,10.13,10786.4882,10107146,0.505723476409912,9.28604953725002,16.1287532563863,0
"hun",2005,0,0,10.13,11272.73454,10087065,0.529797196388245,9.33014221646602,16.126764467954,0
"hun",2006,0,0,10.13,11734.45447,10071370,0.536610543727875,9.37028461977379,16.1252073031074,0
"hun",2007,0,0,10.13,11791.70744,10055780,0.488045334815979,9.37515180408064,16.1236581515268,0
"hun",2008,0,0,10.13,11929.72099,10038188,0.640152752399445,9.38678812755946,16.1219071778521,0
"hun",2009,0,0,10.13,11142.88593,10022650,0.645089983940125,9.31855654007462,16.1203580897126,0
"hun",2010,0,0,10.13,11287.36867,10000023,0.689600944519043,9.33143956266309,16.1180979509557,0
"hun",2011,2,0,10.13,11536.3579,9971727,0.665160477161407,9.35325888366206,16.1152643465962,0
"hun",2012,0,0,10.13,11440.76227,9920362,0.58824211359024,9.34493789470698,16.1100999705307,0
"hun",2013,0,0,8.13,11729.57208,9872734,0.536247372627258,9.36986846016367,16.1052873740651,0
"hun",2014,0,0,8.13,12287.37794,9833038,0.588725566864014,9.41632783073365,16.1012584982926,0
"idn",1990,4,0,5.95,1470.918223,183501098,NA,7.29364212626208,19.0277312090922,0
"idn",1991,0,0,5.95,1544.995809,186778238,NA,7.34277647670681,19.0454325780432,0
"idn",1992,0,0,5.95,1617.109549,190043744,NA,7.38839560558161,19.0627648352045,0
"idn",1993,0,0,5.95,1693.107426,193305168,NA,7.43432083316201,19.0797806794652,0
"idn",1994,0,0,5.95,1790.3273,196591828,NA,7.49015373128194,19.0966401981807,0
"idn",1995,0,0,5.95,1905.542361,199888057,NA,7.55252195097733,19.1132680528134,0
"idn",1996,3,0,5.95,2020.991481,203204348,NA,7.61134350215476,19.1297226710775,0
"idn",1997,0,0,5.95,2081.841669,206536095,NA,7.64100819873272,19.1459857492795,0
"idn",1998,0,0,5.95,1780.200495,209826788,NA,7.48448127458344,19.1617929292837,0
"idn",1999,1,0,9.84,1767.514667,213004668,NA,7.47732969589754,19.1768246389265,0
"idn",2000,0,0,9.84,1828.10266,216077790,NA,7.51103391017461,19.1911490397029,0
"idn",2001,0,0,15.71,1868.591723,219097902,NA,7.53294033682962,19.2050292289836,0
"idn",2002,0,0,15.71,1926.374359,222088495,NA,7.56339494470615,19.2185864865324,0
"idn",2003,3,0,15.71,1991.918205,225048008,NA,7.5968533755545,19.2318243062977,0
"idn",2004,4,0,19.69,2065.706175,227926649,NA,7.63322742030119,19.2445344202451,0
"idn",2005,3.5,0,19.69,2155.447802,230871650,NA,7.67575377770283,19.2573724863622,0
"idn",2006,0,0,19.69,2244.080223,233951652,NA,7.71605101600357,19.2706250365895,0
"idn",2007,0,0,19.7,2355.152857,237062337,NA,7.76436091177512,19.2838336898308,0
"idn",2008,2.5,0,19.7,2464.601934,240157903,NA,7.80978558621523,19.2968071941324,0
"idn",2009,0,0,19.7,2546.219697,243220028,NA,7.84236506643927,19.3094770566392,0
"idn",2010,0,0,19.7,2670.81291,246305322,NA,7.89013816572971,19.3220824706527,0
"idn",2011,0,0,19.7,2799.624688,249470032,NA,7.93724064717913,19.3348493537173,0
"idn",2012,0,0,19.7,2930.518445,252698525,NA,7.98293463004443,19.3477077353806,0
"idn",2013,0,0,19.7,3055.24246,255852467,NA,8.02461423343191,19.3601115355375,0
"idn",2014,3,0,19.7,3170.72103,258877399,NA,8.0617142952662,19.3718651446578,0
"ind",1990,4,0,15.09,537.8702695,864972221,NA,6.28761739632576,20.5782079499296,1
"ind",1991,4,1,14.78,531.8983978,883927600,NA,6.27645248952339,20.5998857167954,1
"ind",1992,4,0,15.34,549.23507,902957070,NA,6.30852652837365,20.6211855687229,1
"ind",1993,4,5,18.51,563.3728723,922118387,NA,6.33394170430077,20.6421841756641,1
"ind",1994,4,5,26.39,588.7278922,941163767,NA,6.3779640942222,20.6626277174764,1
"ind",1995,4,2.5,28.98,620.6999543,960301044,NA,6.43084779979305,20.6827573807679,1
"ind",1996,3.5,2.5,27.21,654.3559284,979678458,NA,6.48365143644364,20.7027349717093,1
"ind",1997,4,5,29.44,667.5984231,999133762,NA,6.50368682974175,20.7223992235455,1
"ind",1998,4,5,29.46,695.2937093,1018665080,NA,6.54433435960252,20.7417588619897,1
"ind",1999,4,3.5,29.46,742.5392084,1038225823,NA,6.6100756752086,20.7607791539049,1
"ind",2000,4,2,29.47,756.7041095,1057922733,NA,6.62897230450375,20.7795731365247,1
"ind",2001,3.5,2,30.07,778.5073775,1077898575,NA,6.65737846778663,20.798279218736,1
"ind",2002,4,1.66666666666667,30.11,793.6159129,1097600380,NA,6.67659960730693,20.8163921611457,1
"ind",2003,3,1.66666666666667,30.2,841.2788946,1116803006,NA,6.73492322759048,20.8337359815877,1
"ind",2004,3.75,0.25,30.21,892.5966146,1135991513,NA,6.79413475944767,20.8507716862668,1
"ind",2005,4,0.333333333333333,29.26,947.7325656,1154676322,NA,6.85407235865879,20.8670859009528,1
"ind",2006,4,1,30.38,1008.232753,1172878890,NA,6.91595432773065,20.8827271532055,1
"ind",2007,3.5,0.5,30.38,1069.246968,1190676021,NA,6.97470991147055,20.8977870676447,1
"ind",2008,3,0,30.41,1086.506053,1207930964,NA,6.99072237078083,20.9121747858193,1
"ind",2009,3.5,0.5,30,1155.101633,1225524753,NA,7.05194361302405,20.9266349590149,1
"ind",2010,4,1,30.44,1235.159391,1243481564,NA,7.11895530227282,20.9411809952032,1
"ind",2011,4,0,30.45,1281.610544,1261224954,NA,7.15587280349623,20.9553492713576,1
"ind",2012,4,0,30.4,1333.096266,1278674502,NA,7.19525953512554,20.9690898330179,1
"ind",2013,2.33333333333333,0,29.99,1399.453798,1295829511,NA,7.24383729519155,20.9824168760687,1
"ind",2014,3,0,29.76,1484.316407,1312277191,NA,7.30270961326497,20.9950297787812,1
"irl",1990,0,0,1,23456.99936,3513974,NA,10.0629242095087,15.0722581487263,0
"irl",1991,0,0,1,23772.56631,3534235,NA,10.0762875187672,15.0780074265383,0
"irl",1992,0,0,1,24400.30644,3558430,NA,10.1023509702188,15.0848299943182,0
"irl",1993,0,0,1,24932.37705,3576261,NA,10.1239225209493,15.0898283991893,0
"irl",1994,0,0,3,26263.70918,3590386,NA,10.1759433861686,15.0937702755759,0
"irl",1995,0,0,3,28646.81762,3608841,NA,10.2627976381373,15.0988972261291,0
"irl",1996,0,0,3,30518.40393,3637510,NA,10.3260851881594,15.106809939599,0
"irl",1997,0,0,3,33543.9943,3674171,NA,10.4206131189245,15.1168380869512,0
"irl",1998,0,0,3,36105.91848,3712696,NA,10.4942120776976,15.1272688553123,0
"irl",1999,0,0,3,39460.47587,3754786,NA,10.5830548390579,15.1385418508772,0
"irl",2000,1,0,3,42599.48039,3805174,NA,10.6595973347652,15.1518722775359,0
"irl",2001,0,0,3,44151.1536,3866243,NA,10.6953743347961,15.1677937924398,0
"irl",2002,0,0,3,45974.4882,3931947,NA,10.7358419172735,15.1846452810129,0
"irl",2003,0,0,3,46594.86203,3996521,NA,10.749245557168,15.2009347906322,0
"irl",2004,0,0,3,48856.32386,4070262,NA,10.7966391037495,15.2192179288113,0
"irl",2005,0,0,3,50547.21237,4159914,NA,10.830663076934,15.2410049589468,0
"irl",2006,0,0,3,51656.81949,4273591,NA,10.8523774985525,15.2679650153828,0
"irl",2007,0,0,3,52849.69484,4398942,NA,10.8752072172041,15.2968746154292,0
"irl",2008,0,0,3,49461.15943,4489544,NA,10.8089429825718,15.3172616955409,0
"irl",2009,0,0,3,46466.37943,4535375,NA,10.7464843070575,15.3274183283002,0
"irl",2010,0,0,3,46991.64647,4560155,NA,10.7577251302147,15.332867172141,0
"irl",2011,0,0,3,47539.91817,4580084,NA,10.7693250196254,15.3372278965335,0
"irl",2012,0,0,3,47147.16047,4599533,NA,10.7610290629183,15.3414653345665,0
"irl",2013,0,0,3,47928.03465,4623816,NA,10.7774558867229,15.3467308961551,0
"irl",2014,0,0,12,52044.62012,4657740,NA,10.8598567088548,15.3540409099209,0
"irn",1990,0,0,NA,3222.201027,58380092,NA,8.07781995378317,17.8824854992712,0
"irn",1991,4,0,NA,3534.653964,59986931,NA,8.17037068499614,17.9096372797942,0
"irn",1992,3.5,0,NA,3579.732218,61184983,NA,8.18304327715579,17.929412341556,0
"irn",1993,2.66666666666667,0,NA,3514.519666,61403543,NA,8.16465814227536,17.9329780950356,0
"irn",1994,2.5,0.5,NA,3448.259569,61520598,NA,8.14562490998259,17.9348826035305,0
"irn",1995,3,0,NA,3492.17205,62205567,NA,8.15827918550523,17.9459550553121,0
"irn",1996,2.5,0,NA,3674.032686,62881300,NA,8.20904516230599,17.9567593801718,0
"irn",1997,3,0,NA,3679.275349,63639638,NA,8.21047109573986,17.9687470731713,0
"irn",1998,4,0,NA,3704.56563,64519859,NA,8.21732129199078,17.98248362585,0
"irn",1999,3.66666666666667,0,NA,3725.317458,65445391,0.0496434383094311,8.22290735080649,17.9967266276725,0
"irn",2000,0,0,NA,3885.301834,66418659,-0.148055598139763,8.26495595193316,18.0114885840072,0
"irn",2001,2,0,NA,3917.299355,67452005,0.0183999352157116,8.27315775530523,18.026926865899,0
"irn",2002,3,0,NA,4198.953561,68011317,0.0083637684583663,8.34259062108505,18.0351846757636,0
"irn",2003,3.5,0.25,NA,4511.43134,68769340,-0.135647088289261,8.41436975243368,18.0462685640419,0
"irn",2004,2.83333333333333,0.166666666666667,NA,4607.451691,70256316,-0.243133261799812,8.43543020462737,18.06766076961,0
"irn",2005,2.66666666666667,0.333333333333333,NA,4650.358415,71828455,-0.21420119702816,8.44469957410563,18.0897912647009,0
"irn",2006,4,0,NA,4778.793458,73392747,-0.144842743873596,8.47194337897921,18.1113356739884,0
"irn",2007,2.8,0.2,NA,5084.71796,74602648,0.030584929510951,8.533994841851,18.1276865605226,0
"irn",2008,3.33333333333333,0,NA,5035.940085,75514204,0.0289472974836826,8.52435549775431,18.1398313289749,0
"irn",2009,3.6,0.2,NA,5023.893144,76457825,0.0024741624947637,8.52196043881356,18.1522498395815,0
"irn",2010,3.25,0.25,NA,5249.061334,77420842,NA,8.56580454607639,18.1647665787973,0
"irn",2011,3,0.5,NA,5321.758707,78383598,NA,8.57955911172739,18.1771252542497,0
"irn",2012,3.16666666666667,0,NA,5058.646378,79370580,NA,8.52885421226395,18.1896383285873,0
"irn",2013,4,0.25,NA,4916.972919,80414686,NA,8.50044835977017,18.2027073791601,0
"irn",2014,3.25,0.25,NA,5093.203197,81502045,NA,8.53566222339876,18.2161386699208,0
"irq",1990,4.5,3,NA,3526.579251,17581206,NA,8.16808362938594,16.682341048551,0
"irq",1991,2.83333333333333,1,NA,1254.630574,17767253,NA,7.13459644488588,16.6928676017996,0
"irq",1992,3.5,0,NA,1615.039035,18300845,NA,7.3871144056433,16.722457791609,0
"irq",1993,3.5,0,NA,2005.563532,19201195,NA,7.60368036359141,16.7704830746445,0
"irq",1994,2.66666666666667,0,NA,1985.79692,20139807,NA,7.5937755835861,16.8182088622892,0
"irq",1995,2,0,NA,1961.092551,20825860,NA,7.58125702090112,16.8517060416831,0
"irq",1996,2,0,NA,2108.823283,21501321,NA,7.65388538512357,16.8836249330709,0
"irq",1997,3.25,1.5,NA,2478.843104,22176593,NA,7.81554723999599,16.9145479212347,0
"irq",1998,3.33333333333333,2,NA,3242.957339,22884399,NA,8.08424095142585,16.9459659699815,0
"irq",1999,2,1,NA,3691.740513,23636527,NA,8.2138533095666,16.978303827696,0
"irq",2000,2.33333333333333,2,NA,4172.780251,24424056,NA,8.33633781948775,17.011079106221,0
"irq",2001,2.33333333333333,2,NA,4116.094053,25197840,NA,8.32265994727596,17.0422688345223,0
"irq",2002,3,2,NA,3660.925275,26006559,NA,8.20547120182206,17.073859333402,0
"irq",2003,2.2,1.2,NA,2250.069901,26802659,NA,7.718716561827,17.1040116569774,0
"irq",2004,4,0,NA,3354.265888,27577878,NA,8.11798821413671,17.132524487558,0
"irq",2005,2.5,0,NA,3310.863445,28407448,NA,8.1049642938698,17.1621619222701,0
"irq",2006,3,0,NA,3471.987447,28616515,NA,8.15248246027831,17.1694945566838,0
"irq",2007,1.66666666666667,0,NA,3565.580541,28391607,NA,8.17908216419093,17.1616041312854,0
"irq",2008,1,0,NA,3781.780017,28971036,NA,8.23795008174141,17.1818071302383,0
"irq",2009,1,0,NA,3768.172843,30058206,NA,8.2343455059287,17.2186462598694,0
"irq",2010,1,0,NA,3881.94327,31045366,NA,8.26409115002094,17.2509601120497,0
"irq",2011,1,0,NA,4030.016869,32161424,NA,8.30152584078805,17.2862782799017,0
"irq",2012,2,0,NA,4387.904691,33654842,NA,8.38660710078548,17.3316674967197,0
"irq",2013,2,0,NA,4504.826875,35281989,NA,8.41290473978125,17.3788831650647,0
"irq",2014,2,0,NA,4446.973432,36550059,NA,8.39997901612811,17.4141933583858,0
"isl",1990,0,0,0,37302.80603,254826,NA,10.5268238314887,12.4483362382907,0
"isl",1991,0,0,0,36790.48682,257797,NA,10.5129945804114,12.4599277324917,0
"isl",1992,0,0,0,35105.28701,261057,NA,10.4661070251764,12.4724940532656,0
"isl",1993,0,0,0,35206.56646,263725,NA,10.4689878913475,12.48266217255,0
"isl",1994,0,0,0,36162.29112,266021,NA,10.4957721731184,12.4913305320161,0
"isl",1995,0,0,0,36008.58462,267468,NA,10.4915126506774,12.4967552119942,0
"isl",1996,0,0,0,37425.51427,268916,NA,10.5301079505428,12.5021543421603,0
"isl",1997,0,0,0,38657.27639,271128,NA,10.5624902999443,12.5103463130749,0
"isl",1998,3,0,0,40926.71581,274047,0.146901905536652,10.6195383270783,12.5210549035068,0
"isl",1999,3,0,0,42010.93762,277381,0.130308017134666,10.645685282886,12.5331472913664,0
"isl",2000,1.5,0,0,43472.33699,281205,0.114304803311825,10.6798800835224,12.5468392196994,0
"isl",2001,0,0,0,44545.98226,284968,0.138233304023743,10.7042772438713,12.5601321722451,0
"isl",2002,0,0,0,44389.55605,287523,0.176166519522667,10.7007594966517,12.5690581360197,0
"isl",2003,0,0,0,45088.9226,289521,0.148290246725082,10.7163918766963,12.5759831122245,0
"isl",2004,0,0,0,48101.71163,292074,0.142743960022926,10.781073040284,12.5847624738013,0
"isl",2005,0,0,0,50674.44113,296734,0.0888253003358841,10.8331769427443,12.6005913935794,0
"isl",2006,0,0,0,52306.12847,303782,0.076366551220417,10.8648688223468,12.6240656178822,0
"isl",2007,0,0,0,55457.36014,311566,0.061541061848402,10.923369718686,12.6493664727763,0
"isl",2008,0,0,0,55360.8136,317414,0.158922001719475,10.9216272867154,12.6679621944823,0
"isl",2009,0,0,0,50581.08462,318499,0.167857840657234,10.8313329636477,12.671374614272,0
"isl",2010,0,0,0,49528.48646,318041,0.169573485851288,10.8103032670697,12.6699355842691,0
"isl",2011,2,0,0,50058.83025,319014,0.126849114894867,10.8209541977531,12.6729902679513,0
"isl",2012,0,0,0,50375.41169,320716,0.134750247001648,10.8272584717218,12.6783112753005,0
"isl",2013,0,0,0,51696.08765,323764,0.134873539209366,10.8531373835519,12.6877701343042,0
"isl",2014,0,0,0,52102.57579,327386,0.162967637181282,10.8609696658668,12.6988951818564,0
"isr",1990,3.5,0,2,22395.11188,4660000,NA,10.0165979943869,15.3545260061018,0
"isr",1991,3.33333333333333,0,2,22716.56688,4949000,NA,10.0308497557837,15.414696093934,0
"isr",1992,0,0,2,23647.78243,5123000,NA,10.0710246233504,15.4492507629213,0
"isr",1993,4,3,2,23975.46863,5261000,NA,10.0847864461717,15.4758316807129,0
"isr",1994,4,3,2,25097.99013,5399000,NA,10.1305430474117,15.5017243092004,0
"isr",1995,4,3,2,26050.72659,5545000,NA,10.1678009389231,15.5284071787666,0
"isr",1996,4,3,2,26859.87746,5692000,NA,10.1983889078926,15.5545722381919,0
"isr",1997,4,3,2,27143.456,5836000,NA,10.2088912650018,15.5795561886248,0
"isr",1998,3.5,1.5,2,27620.65631,5971000,NA,10.2263191888099,15.6024249755291,0
"isr",1999,4,3,2,27814.02606,6125000,NA,10.2332957069763,15.6278893143951,0
"isr",2000,4,3,2,29413.48946,6289000,0.367423802614212,10.2892086732688,15.6543126335256,0
"isr",2001,4,3,2,28808.13001,6439000,0.38590133190155,10.268412918301,15.6778838065203,0
"isr",2002,2,1,2,28195.86764,6570000,0.399711579084396,10.2469307085999,15.6980243904608,0
"isr",2003,3.8,0.6,2,28092.61763,6689700,0.408278942108154,10.2432621030119,15.7160795880496,0
"isr",2004,4,1.5,2,28883.24759,6809000,0.319026678800583,10.2710170378619,15.7337558244651,0
"isr",2005,4,3,2,29623.71728,6930100,0.294528305530548,10.2963305789346,15.7513848010764,0
"isr",2006,3.75,1,2,30734.96198,7053700,0.281248241662979,10.3331561123142,15.7690628598122,0
"isr",2007,4,0.5,2,32103.16286,7180100,0.280562102794647,10.3767098357284,15.786823868504,0
"isr",2008,4,1,2,32554.04132,7308800,0.289186120033264,10.3906567972263,15.8045896595637,0
"isr",2009,4,0.5,2,32178.57274,7485600,0.271885097026825,10.37905606717,15.8284917329438,0
"isr",2010,3.5,0.5,2,33344.72133,7623600,0.250986933708191,10.4146547578565,15.8467592570426,0
"isr",2011,3.8,0.2,2,34540.67498,7765800,0.264706492424011,10.44989289349,15.8652400356586,0
"isr",2012,3,0.333333333333333,2,34738.6587,7910500,0.306304693222046,10.4556084293779,15.8837015488713,0
"isr",2013,3.5,0.5,2,35489.50866,8059500,0.336133033037186,10.4769924010815,15.9023620778191,0
"isr",2014,4,0.5,2,36129.31461,8215700,0.31372806429863,10.4948598538538,15.9215575158051,0
"ita",1990,5,1,18.19,27625.17923,56719240,NA,10.2264829267628,17.8536240409446,0
"ita",1991,5,1,18.19,28030.76538,56758521,NA,10.2410579495299,17.8543163528342,0
"ita",1992,4,0,18.19,28245.42711,56797087,NA,10.2486868512595,17.854995597165,0
"ita",1993,4,0,19.17,27987.4329,56831821,NA,10.2395108634053,17.855606955695,0
"ita",1994,4,0,19.17,28583.62553,56843400,NA,10.2605892989317,17.8558106764345,0
"ita",1995,4,0,19.17,29408.32096,56844303,NA,10.2890329391329,17.8558265620576,0
"ita",1996,4,0,19.17,29795.65978,56860281,NA,10.3021180169198,17.8561076061376,0
"ita",1997,0,0,19.17,30353.37782,56890372,NA,10.3206630858466,17.8566366756402,0
"ita",1998,4,0,21.2,30892.17587,56906744,NA,10.3382582227326,17.856924415799,0
"ita",1999,2.66666666666667,0,21.2,31405.2609,56916317,NA,10.3547307024483,17.8570926242436,0
"ita",2000,2,0,21.2,32609.66746,56942108,NA,10.3923640712459,17.857545660555,0
"ita",2001,0,0,24.05,33243.59934,56976981,NA,10.4116175265007,17.8581579021274,0
"ita",2002,0,0,24.05,33267.44745,57089824,NA,10.4123346437969,17.8601364450841,0
"ita",2003,0,0,24.05,33110.16985,57399184,NA,10.4075957603983,17.8655406451609,0
"ita",2004,0,0,24.05,33348.97448,57828179,NA,10.4147823006461,17.872986740792,0
"ita",2005,0,0,24.05,33407.67547,58166682,NA,10.4165409570548,17.8788232745489,0
"ita",2006,0,0,24.05,33873.04937,58399861,NA,10.4303749733506,17.8828240676586,0
"ita",2007,0,0,24.05,34159.91092,58756247,NA,10.4388080401708,17.8889080372506,0
"ita",2008,0,0,24.05,33550.63408,59211181,NA,10.4208110417741,17.8966209502641,0
"ita",2009,0,0,24.05,31587.06384,59555454,NA,10.3605029436075,17.9024184364735,0
"ita",2010,0,0,24.05,31928.55436,59819407,NA,10.3712560093942,17.9068406980444,0
"ita",2011,4,0,24.05,32039.50325,60026841,NA,10.3747248970047,17.9103023701552,0
"ita",2012,4,0,24.05,30953.41474,60191247,NA,10.340238602883,17.9130375010365,0
"ita",2013,0,0,23.07,30330.02216,60311613,NA,10.3198933313121,17.9150352302196,0
"ita",2014,0,0,22.26,30325.02878,60320707,NA,10.3197286828637,17.9151860024176,0
"jam",1990,0,0,0,4773.628482,2379877,NA,8.47086198275619,14.6825593636399,0
"jam",1991,0,0,0,4960.830406,2400869,NA,8.50932842627023,14.6913413131152,0
"jam",1992,0,0,0,5008.128834,2424701,NA,8.51881763808801,14.7012187757827,0
"jam",1993,0,0,0,5423.350842,2449916,NA,8.59846913993558,14.7115642962189,0
"jam",1994,0,0,0,5442.167404,2475220,NA,8.60193268035482,14.7218398389234,0
"jam",1995,0,0,0,5514.512528,2500151,NA,8.61513853757244,14.7318616880144,0
"jam",1996,0,0,0,5455.193347,2524463,NA,8.60432334163538,14.7415389248061,0
"jam",1997,0,0,0,5343.480492,2547848,NA,8.58363249716761,14.7507596392637,0
"jam",1998,0,0,0,5174.282956,2569736,NA,8.5514560493063,14.7593137278595,0
"jam",1999,0,0,0,5187.995796,2589795,NA,8.55410273510447,14.767089279964,0
"jam",2000,0,0,0,5197.396922,2607826,NA,8.55591318730847,14.7740274820115,0
"jam",2001,0,0,0,5234.027444,2624403,NA,8.56293632648483,14.7803639995706,0
"jam",2002,0,0,0,5305.876587,2640572,NA,8.57657027528659,14.7865061183203,0
"jam",2003,0,0,0,5467.17407,2656623,NA,8.60651713851981,14.7925663253258,0
"jam",2004,0,0,0,5507.201351,2672225,NA,8.61381185133241,14.7984220166803,0
"jam",2005,0,0,0,5525.735778,2687066,NA,8.61717169000797,14.8039604500053,0
"jam",2006,0,0,0,5656.668036,2700968,NA,8.64059031163438,14.8091207852407,0
"jam",2007,0,0,0,5710.538784,2713800,NA,8.6500686561671,14.813860424694,0
"jam",2008,0,0,0,5639.589749,2725635,NA,8.63756660230745,14.8182119864557,0
"jam",2009,0,0,0,5372.142342,2736995,NA,8.58898205431368,14.8223711612035,0
"jam",2010,0,0,0,5271.572215,2748568,NA,8.57008393006004,14.8265906067445,0
"jam",2011,4,0,0,5339.621702,2760494,NA,8.58291008712271,14.8309202071846,0
"jam",2012,0,0,0,5284.008526,2772430,NA,8.57244027919126,14.8352347499168,0
"jam",2013,0,0,0,5289.884385,2783687,NA,8.57355166922599,14.839286865955,0
"jam",2014,0,0,0,5307.191654,2793749,NA,8.57681809561091,14.8428949794021,0
"jor",1990,2.5,0.5,NA,3202.33686,3621908,NA,8.07163609102134,15.1025115167716,0
"jor",1991,2.5,0.5,NA,3010.137312,3915149,NA,8.00974097530707,15.1803639454312,0
"jor",1992,0,0,NA,3264.844726,4127693,NA,8.09096748345867,15.2332292132229,0
"jor",1993,0,0,NA,3238.475417,4348020,NA,8.0828579477342,15.2852311270287,0
"jor",1994,0,0,NA,3240.445451,4561406,NA,8.08346608421274,15.3331414672989,0
"jor",1995,0,0,NA,3303.287179,4752096,NA,8.10267336650988,15.3740963418408,0
"jor",1996,0,0,NA,3262.106152,4912516,NA,8.09012832465025,15.4072967921518,0
"jor",1997,0,0,NA,3280.697932,5046285,NA,8.09581146288919,15.4341628869687,0
"jor",1998,0,0,NA,3302.299427,5164284,NA,8.10237430086551,15.4572770255635,0
"jor",1999,3,0,NA,3341.656443,5276444,NA,8.11422190405061,15.4787629439412,0
"jor",2000,1,0,NA,3412.076732,5386945,NA,8.13507639722154,15.4994889918463,0
"jor",2001,0,0,NA,3518.766353,5498894,NA,8.16586573926619,15.5200575390721,0
"jor",2002,0,0,NA,3644.624346,5616066,NA,8.2010085790494,15.5411419767555,0
"jor",2003,0,0,NA,3713.151936,5741828,NA,8.21963637335065,15.5632881844949,0
"jor",2004,0,0,NA,3935.157047,5882061,NA,8.27770607034736,15.5874177686645,0
"jor",2005,0,0,NA,4151.61313,6029587,NA,8.33125224372223,15.6121890754788,0
"jor",2006,0,0,NA,4209.86864,6427371,NA,8.3451867242894,15.6760761479091,0
"jor",2007,0,0,NA,4287.352298,6827227,NA,8.36342464143473,15.7364291461772,0
"jor",2008,0,0,NA,4489.955455,6989866,NA,8.40959805975167,15.759971943783,0
"jor",2009,0,0,NA,4615.230678,7141753,NA,8.43711713008647,15.7814688223884,0
"jor",2010,0,0,NA,4621.574285,7297043,NA,8.43849068036122,15.8029797555631,0
"jor",2011,4,0,NA,4631.677038,7480424,NA,8.44067429272873,15.8278000328361,0
"jor",2012,0,0,NA,4677.47614,7587127,NA,8.45051395711974,15.8419635533392,0
"jor",2013,1,0,NA,4556.520237,7991809,NA,8.42431450527384,15.893927700126,0
"jor",2014,0,0,NA,4282.118728,8791710,NA,8.3622031959955,15.9893197899902,0
"jpn",1990,0,0,11.41,28422.21312,123478000,NA,10.2549262705404,18.6315735605121,0
"jpn",1991,1,0,11.41,29308.27409,123964000,NA,10.2856251472902,18.6355017588369,0
"jpn",1992,0,0,12.64,29462.65397,124425000,NA,10.2908787731959,18.6392136827089,0
"jpn",1993,3,0,12.64,29232.43979,124829000,NA,10.2830343233185,18.6424553587003,0
"jpn",1994,3,0,12.64,29466.75525,125178000,0.494612574577332,10.2910179661748,18.6452472823401,0
"jpn",1995,3,0,12.64,30171.16379,125472000,0.506000816822052,10.3146419058208,18.6475931840742,0
"jpn",1996,2.2,0,13.25,31046.17015,125757000,0.490181058645248,10.3432307351486,18.6498620313988,0
"jpn",1997,2,0,13.4,31276.19308,126057000,0.470516592264175,10.3506124826491,18.6522447435747,0
"jpn",1998,3,0,13.53,30795.08889,126400000,0.48959293961525,10.3351105046245,18.654962039677,0
"jpn",1999,2.8,0,13.65,30636.26612,126631000,0.488958895206451,10.3299397535044,18.6567879034184,0
"jpn",2000,1,0,15.08,31430.63113,126843000,0.451123714447021,10.3555382100863,18.6584606591996,0
"jpn",2001,3.5,0,15.24,31476.05207,127149000,0.44120267033577,10.3569822839298,18.6608701850748,0
"jpn",2002,2,0,15.45,31416.12418,127445000,0.455118060112,10.355076549013,18.6631954569458,0
"jpn",2003,3.66666666666667,0,15.73,31830.21758,127718000,0.443186074495316,10.3681713559424,18.6653352664336,0
"jpn",2004,3.5,0,15.75,32515.1158,127761000,0.409821391105652,10.3894603617301,18.6656718890164,0
"jpn",2005,1.66666666666667,0,15.83,33098.54747,127773000,0.380021989345551,10.4072446773207,18.6657658099819,0
"jpn",2006,1.66666666666667,0,17.24,33531.51856,127854000,0.339770644903183,10.4202411280261,18.6663995458761,0
"jpn",2007,1,0,17.37,33990.03603,128001000,0.274026185274124,10.4338227027073,18.6675486343534,0
"jpn",2008,2,0,17.53,33557.6454,128063000,0.277325123548508,10.4210199972139,18.6680328882994,0
"jpn",2009,1,0,17.65,31651.08377,128047000,0.381697297096252,10.3625276693241,18.6679079419871,0
"jpn",2010,2.66666666666667,0,17.72,32942.20208,128070000,0.373508036136627,10.4025098527419,18.6680875474023,0
"jpn",2011,3.33333333333333,0,17.69,33011.13423,127833000,0.38157257437706,10.4046001844508,18.6662352825381,0
"jpn",2012,3.2,0,17.73,33518.44494,127629000,0.376599699258804,10.4198511615151,18.6646381757797,0
"jpn",2013,3.2,0,17.76,34239.88625,127445000,0.377235978841782,10.4411465081123,18.6631954569458,0
"jpn",2014,3.5,0,17.82,34386.90586,127276000,0.373817771673203,10.4454311272937,18.6618685147244,0
"kaz",1990,0,0,NA,5557.082157,17154054,NA,8.62282845758669,16.6577450884814,0
"kaz",1991,0,0,NA,4910.153241,17278600,NA,8.49906043028118,16.6649792995395,0
"kaz",1992,0,0,NA,4635.421547,17332625,NA,8.44148242251594,16.668101121658,0
"kaz",1993,3,0,NA,4223.128202,17274487,NA,8.34833141251246,16.6647412310845,0
"kaz",1994,0,0,NA,3740.978109,17043771,NA,8.22710238268708,16.6512953576985,0
"kaz",1995,0,0,NA,3498.514544,16730536,NA,8.16009374138754,16.6327461107044,0
"kaz",1996,4,0,NA,3583.369084,16416027,NA,8.18405872176816,16.6137686716881,0
"kaz",1997,0,0,NA,3728.963865,16043251,NA,8.22388568986638,16.5907988206637,0
"kaz",1998,0,0,NA,3750.564946,15647785,NA,8.22966175988421,16.5658399313873,0
"kaz",1999,0,0,NA,3899.657231,15455874,NA,8.26864393876805,16.5534996832273,0
"kaz",2000,0,0,NA,4269.330168,15501103,-0.0929132997989655,8.35921222459655,16.556421740648,0
"kaz",2001,0,0,NA,4822.528628,15575550,-0.151224657893181,8.48105368110234,16.5612129350159,0
"kaz",2002,0,0,NA,5267.699032,15656677,0.102377466857433,8.56934892987196,16.5664080293306,0
"kaz",2003,0,0,NA,5724.431992,15747380,0.14555312693119,8.65249860812909,16.572184560192,0
"kaz",2004,0,0,NA,6233.294394,15850159,0.292424589395523,8.73766026720318,16.578690089783,0
"kaz",2005,0,0,NA,6787.411555,15968117,0.325336694717407,8.82282493358639,16.5861046046608,0
"kaz",2006,0,0,NA,7450.396871,16103716,0.325420707464218,8.91602258122991,16.5945606107762,0
"kaz",2007,0,0,NA,8036.875998,16257214,0.387563616037369,8.99179572920231,16.60404730669,0
"kaz",2008,0,0,NA,8216.521816,16426525,0.528505921363831,9.01390226176295,16.6144079642959,0
"kaz",2009,0,0,NA,8218.399126,16619846,0.573466181755066,9.01413071555531,16.626108081404,0
"kaz",2010,0,0,NA,8704.706555,16836810,0.566948056221008,9.07161914169728,16.6390781189056,0
"kaz",2011,0,0,NA,9223.302134,17066002,0.58020281791687,9.12948840145445,16.6525988552707,0
"kaz",2012,0,0,NA,9531.914776,17306106,0.58641916513443,9.16240089734778,16.6665699451734,0
"kaz",2013,4,0,NA,9959.725869,17556502,0.567031800746918,9.2063048270071,16.6809349235943,0
"kaz",2014,0,0,NA,10226.71005,17816285,0.564398050308228,9.2327582089814,16.6956234846481,0
"ken",1990,0,0,NA,1329.333128,22892651,NA,7.19243268795022,16.946326499989,0
"ken",1991,0,0,NA,1305.464157,23646514,NA,7.1743139323812,16.9787262624607,0
"ken",1992,0,0,NA,1255.938706,24382460,NA,7.13563854488192,17.0093745793061,0
"ken",1993,0,0,NA,1223.506167,25117188,NA,7.10947592332773,17.0390629506231,0
"ken",1994,0,0,NA,1219.784111,25857130,NA,7.10642916387163,17.0680969429371,0
"ken",1995,3,0,NA,1237.882505,26601751,NA,7.12115754163234,17.0964875986531,0
"ken",1996,0,0,NA,1254.210252,27344211,NA,7.13426137221042,17.1240154008086,0
"ken",1997,3,0,NA,1226.195421,28101768,NA,7.11167150102052,17.1513430504742,0
"ken",1998,0,0,NA,1232.066581,28888057,NA,7.11644818565267,17.1789388150751,0
"ken",1999,4,0,NA,1224.634046,29733408,NA,7.11039734038857,17.2077818200897,0
"ken",2000,0,0,NA,1195.412969,30642890,NA,7.08624698541947,17.2379112195375,0
"ken",2001,0,0,NA,1202.293488,31619170,NA,7.09198625168074,17.2692741401917,0
"ken",2002,1,0,NA,1171.426252,32629808,NA,7.06597730419507,17.3007367843965,0
"ken",2003,1,0,NA,1169.144337,33652223,NA,7.06402742433781,17.3315896742801,0
"ken",2004,3,0,NA,1191.254436,34713455,NA,7.082762178781,17.362637921922,0
"ken",2005,3,0,NA,1223.447385,35796484,0.628940582275391,7.10942787828007,17.3933602342573,0
"ken",2006,3.5,0,NA,1263.541647,36904008,0.374204009771347,7.14167388789959,17.4238307209984,0
"ken",2007,0,0,NA,1309.910929,38036349,0.411225855350494,7.17771442075379,17.4540528131173,0
"ken",2008,3,0,NA,1273.772261,39206351,0.405775755643845,7.14973806112612,17.4843493069438,0
"ken",2009,3,0,NA,1276.735035,40408891,0.316419094800949,7.15206134429203,17.514560392976,0
"ken",2010,1,0,NA,1340.164674,41598567,0.381879478693008,7.20054777643925,17.5435762775228,0
"ken",2011,4,0,NA,1370.580009,42758461,0.603639125823975,7.2229892934624,17.5710776518925,0
"ken",2012,0,0,NA,1396.301787,43888303,0.548705637454987,7.24158243975826,17.597158396073,0
"ken",2013,0,0,NA,1413.941425,44986791,NA,7.25413642056312,17.6218794713119,0
"ken",2014,0,0,NA,1450.593382,46051440,0.82359367609024,7.2797279806688,17.645269590535,0
"kgz",1990,0,0,NA,1203.472083,4391236,NA,7.0929660604439,15.2951212943988,0
"kgz",1991,0,0,NA,1089.900055,4463634,NA,6.99384127835861,15.3114737904347,0
"kgz",1992,0,0,NA,928.3155206,4515400,NA,6.83337167564563,15.323004334486,0
"kgz",1993,3,0,NA,784.5649192,4516777,NA,6.66512932107563,15.3233092443678,0
"kgz",1994,0,0,NA,627.2209899,4515069,NA,6.44129893451576,15.3229310271085,0
"kgz",1995,0,0,NA,587.2981807,4560454,NA,6.37553266478828,15.3329327379382,0
"kgz",1996,0,0,NA,619.6677686,4628438,NA,6.42918347731964,15.3477300041312,0
"kgz",1997,3,0,NA,671.2500082,4696421,NA,6.50914165803909,15.3623112872383,0
"kgz",1998,0,0,NA,675.0582481,4769015,NA,6.51479898063094,15.3776503425889,0
"kgz",1999,1,0,NA,689.4142782,4840422,NA,6.53584236492138,15.3925124649746,0
"kgz",2000,0,0,NA,718.3428324,4898362,NA,6.57694693754101,15.4044114214806,0
"kgz",2001,0,0,NA,749.4237796,4945073,NA,6.6193046173747,15.4139022853162,0
"kgz",2002,0,0,NA,742.4430011,4990704,NA,6.60994610153489,15.4230875399409,0
"kgz",2003,0,0,NA,786.350475,5043308,NA,6.66740258999327,15.433572773951,0
"kgz",2004,0,0,NA,831.4821039,5104713,NA,6.72320977573149,15.4456747886078,0
"kgz",2005,3.33333333333333,0,NA,820.7095194,5162640,NA,6.7101692336911,15.4569586345278,0
"kgz",2006,4,0,NA,837.1380266,5218373,0.444234043359756,6.72998896322606,15.4676962254509,0
"kgz",2007,0,0,NA,900.0279649,5268385,0.496771812438965,6.80242583495269,15.4772344219388,0
"kgz",2008,0,0,NA,966.4099712,5318729,0.474388211965561,6.87358814500812,15.4867449229999,0
"kgz",2009,0,0,NA,981.2209047,5389643,0.476235181093216,6.88879761739586,15.4999897069254,0
"kgz",2010,4,0,NA,962.7647898,5467059,0.502733290195465,6.86980913461286,15.5142513698438,0
"kgz",2011,0,0,NA,1005.483178,5546587,0.603274464607239,6.91322347908768,15.5286933416053,0
"kgz",2012,4,1,NA,985.8472866,5652076,0.606426298618317,6.8935014608628,15.5475334692637,0
"kgz",2013,4,0.5,NA,1069.784044,5777150,0.391788363456726,6.97521207904855,15.5694210394601,0
"kgz",2014,4,0,NA,1088.582142,5905848,0.0328101478517056,6.99263134130923,15.5914536044157,0
"khm",1990,0,0,3,824.0516558,7374752,NA,6.71423321702226,15.8135728325061,0
"khm",1991,0,0,3,850.6102212,7686850,NA,6.74595399920631,15.8550216346766,0
"khm",1992,0,0,3,862.4780309,8113083,NA,6.75980967716082,15.9089885018191,0
"khm",1993,0,0,1,845.3820043,8616381,NA,6.73978860129624,15.9691757168964,0
"khm",1994,4,1,1,513.967148,9239162,NA,6.24215934901567,16.0389617468643,0
"khm",1995,4,1,1,520.9268832,10018497,NA,6.25560969255747,16.1199436423699,0
"khm",1996,3.5,0.5,1,511.6703496,10801270,NA,6.23768056924259,16.1951742777736,0
"khm",1997,4,1,1,496.7705513,11570982,NA,6.208128252091,16.2640109702441,0
"khm",1998,4,1,1,499.0166491,12058173,NA,6.21263946012478,16.3052532452498,0
"khm",1999,0,0,1,552.9014922,12265731,NA,6.3151798522008,16.3223198343879,0
"khm",2000,0,0,1,598.5619153,12462336,NA,6.39452997044101,16.3382215336872,0
"khm",2001,0,0,2,632.833574,12658484,NA,6.45020747130391,16.3538382202746,0
"khm",2002,0,0,2,662.1883413,12855241,NA,6.49555001894789,16.3692621460754,0
"khm",2003,0,0,2,719.3334942,13050968,NA,6.57832508078294,16.3843728652273,0
"khm",2004,0,0,2,775.847139,13244731,NA,6.65395551495422,16.3991103709313,0
"khm",2005,3,0,2,866.3402901,13439202,NA,6.76427777606811,16.4136865162965,0
"khm",2006,0,0,2,947.0652201,13639028,NA,6.85336796103639,16.4284459468433,0
"khm",2007,0,0,2,1030.231176,13841770,NA,6.93753849875863,16.44320139015,0
"khm",2008,0,0,5,1090.574758,14053479,NA,6.99446013716634,16.4583805387507,0
"khm",2009,0,0,5,1117.258342,14276810,NA,7.01863305433301,16.4741471005649,0
"khm",2010,0,0,5,1155.852369,14500726,NA,7.05259333259939,16.4897092751029,0
"khm",2011,0,0,5,1221.388399,14722584,NA,7.10774352262701,16.5048931993373,0
"khm",2012,0,0,5,1295.252715,14945085,0.125239282846451,7.16646110181314,16.5198930412049,0
"khm",2013,0,0,5,1376.295576,15170208,-0.0937795415520668,7.22715080356486,16.534844062503,0
"khm",2014,4,0,5,1464.531159,15396772,0.253711074590683,7.28929044224494,16.5496684350229,0
"kor",1990,0,0,1,9672.578452,42869283,NA,9.17705019737145,17.5736661134518,0
"kor",1991,3,0,7,10618.84314,43295704,NA,9.270385356659,17.58356397327,0
"kor",1992,4,0,7,11176.56069,43747962,NA,9.32157406879075,17.5939555868257,0
"kor",1993,3.5,0,7,11837.46921,44194628,NA,9.37902513643498,17.6041138012,0
"kor",1994,2.5,0,7,12817.24478,44641540,NA,9.45854679162033,17.6141753736502,0
"kor",1995,4,0,9,13924.3044,45092991,NA,9.54139111022641,17.6242373821959,0
"kor",1996,3.5,0,9,14894.32788,45524681,NA,9.6087357402622,17.6337651764145,0
"kor",1997,4,0,9,15682.27179,45953580,NA,9.66028616797597,17.6431423145037,0
"kor",1998,4,0,9,14800.50916,46286503,NA,9.60241686186315,17.6503609646796,0
"kor",1999,2.66666666666667,0,10,16402.91683,46616677,NA,9.70521445348568,17.6574689106102,0
"kor",2000,1,0,10,17763.13534,47008111,NA,9.78488054037933,17.6658307192532,0
"kor",2001,4,1,10,18460.42882,47370164,NA,9.82338473747285,17.6735031370008,0
"kor",2002,2.5,0.5,10,19775.38007,47644736,NA,9.89219301217303,17.6792827097689,0
"kor",2003,2.5,0.5,10,20278.04064,47892330,NA,9.91729383765294,17.6844659242988,0
"kor",2004,4,1,11,21244.81368,48082519,NA,9.96386808244691,17.6884292386657,0
"kor",2005,3.5,0,11,22123.76131,48184561,NA,10.0044074823202,17.6905492165069,0
"kor",2006,3,0,11,23162.18601,48438292,0.538429498672485,10.0502763145384,17.6958012159119,0
"kor",2007,1,0,11,24391.7651,48683638,0.282575279474258,10.1020008584151,17.7008535562411,0
"kor",2008,1,0,11,24934.53964,49054708,0.529125809669495,10.1240092554075,17.7084467230596,0
"kor",2009,4,2,11,25009.91483,49307835,0.600920975208282,10.127027618428,17.713593551335,0
"kor",2010,3.5,1,11,26623.04871,49554112,0.550875186920166,10.1895326124387,17.718575802179,0
"kor",2011,3.33333333333333,0.666666666666667,11,27393.45536,49936638,0.569796442985535,10.2180594083712,17.7262655197648,0
"kor",2012,3.25,0.5,11,27944.05642,50199853,0.51187652349472,10.2379598055227,17.7315226563708,0
"kor",2013,2.75,0.5,11,28732.71115,50428893,0.520113527774811,10.2657915140369,17.7360748425925,0
"kor",2014,3.5,0,11,29470.6733,50746659,0.4749656021595,10.2911509224338,17.7423563412068,0
"kos",1990,0,0,NA,NA,NA,NA,NA,NA,0
"kos",1991,0,0,NA,NA,NA,NA,NA,NA,0
"kos",1992,0,0,NA,NA,NA,NA,NA,NA,0
"kos",1993,0,0,NA,NA,NA,NA,NA,NA,0
"kos",1994,0,0,NA,NA,NA,NA,NA,NA,0
"kos",1995,0,0,NA,NA,NA,NA,NA,NA,0
"kos",1996,0,0,NA,NA,NA,NA,NA,NA,0
"kos",1997,0,0,NA,NA,NA,NA,NA,NA,0
"kos",1998,0,0,NA,NA,NA,NA,NA,NA,0
"kos",1999,0,0,NA,NA,NA,NA,NA,NA,0
"kos",2000,0,0,NA,NA,NA,NA,NA,NA,0
"kos",2001,0,0,NA,NA,NA,NA,NA,NA,0
"kos",2002,0,0,NA,NA,NA,NA,NA,NA,0
"kos",2003,0,0,NA,NA,NA,NA,NA,NA,0
"kos",2004,0,0,NA,NA,NA,NA,NA,NA,0
"kos",2005,0,0,NA,NA,NA,NA,NA,NA,0
"kos",2006,0,0,NA,NA,NA,NA,NA,NA,0
"kos",2007,0,0,NA,NA,NA,NA,NA,NA,0
"kos",2008,0,0,0,NA,NA,NA,NA,NA,0
"kos",2009,0,0,0,NA,NA,NA,NA,NA,0
"kos",2010,0,0,0,NA,NA,NA,NA,NA,0
"kos",2011,1,0,0,NA,NA,NA,NA,NA,0
"kos",2012,0,0,0,NA,NA,NA,NA,NA,0
"kos",2013,1,0,0,NA,NA,NA,NA,NA,0
"kos",2014,0,0,0,NA,NA,NA,NA,NA,0
"kwt",1990,4,5,NA,20140.78347,1684819,NA,9.91050206670758,14.3371686976012,0
"kwt",1991,4,0,NA,14812.92009,1351399,NA,9.60325505798166,14.1166509101266,0
"kwt",1992,4,1.5,NA,22382.84207,1634961,NA,10.0160499653135,14.307129508818,0
"kwt",1993,4,1.5,NA,29323.85326,1672151,NA,10.2861565682387,14.3296213795538,0
"kwt",1994,3.5,0.5,NA,31946.49026,1664361,NA,10.3718176027544,14.3249518239491,0
"kwt",1995,3,0,NA,33156.84735,1681513,NA,10.4090045308452,14.335204541325,0
"kwt",1996,3.5,0,NA,32417.9628,1730246,NA,10.3864679555608,14.3637741528968,0
"kwt",1997,3.5,0,NA,32152.43674,1787683,NA,10.3782435196397,14.3964309259324,0
"kwt",1998,3,0,NA,32306.66872,1844302,NA,10.3830289498199,14.4276114440926,0
"kwt",1999,2.33333333333333,0,NA,30798.09471,1900030,NA,10.3352081069833,14.4573802334857,0
"kwt",2000,3,0,NA,31341.97808,1954709,NA,10.3527136307019,14.4857518912176,0
"kwt",2001,3,0,NA,30573.42842,2008121,NA,10.3278865584166,14.5127100169424,0
"kwt",2002,3,0,NA,30702.21621,2059974,NA,10.3320901202206,14.5382039193269,0
"kwt",2003,3,0,NA,35169.63357,2109881,NA,10.4679383065909,14.5621421057576,0
"kwt",2004,0,0,NA,37918.54058,2157320,NA,10.543195468814,14.5843772685635,0
"kwt",2005,0,0,NA,40451.25517,2236788,NA,10.6078529521659,14.6205514662004,0
"kwt",2006,0,0,NA,41137.96993,2364733,NA,10.6246868165835,14.676175677129,0
"kwt",2007,0,0,NA,41113.86939,2507887,NA,10.6241007983038,14.7349511238985,0
"kwt",2008,0,0,NA,39852.51291,2651421,NA,10.5929407414523,14.7906062806595,0
"kwt",2009,0,0,NA,35124.08539,2795484,NA,10.4666423675782,14.8435158159483,0
"kwt",2010,0,0,NA,32568.49818,2943372,NA,10.391100786676,14.8950664208586,0
"kwt",2011,0,0,NA,33545.34627,3132814,NA,10.4206534224955,14.9574422001541,0
"kwt",2012,0,0,NA,33578.33097,3337109,NA,10.4216362262992,15.0206154212696,0
"kwt",2013,0,0,NA,32311.18,3507844,NA,10.3831685793525,15.070512161702,0
"kwt",2014,0,0,NA,31073.15373,3665876,NA,10.3440995012591,15.114577882478,0
"lao",1990,0,0,0.87,634.525297,4311955,NA,6.45287715554803,15.2769019555239,0
"lao",1991,0,0,1,643.4102591,4435118,NA,6.46678255981302,15.3050647799108,0
"lao",1992,0,0,1,660.633862,4559646,NA,6.49319977110406,15.3327555468981,0
"lao",1993,0,0,1,680.9641537,4685060,NA,6.52350966702548,15.359889280403,0
"lao",1994,0,0,0.99,717.5092451,4809220,NA,6.57578583270756,15.3860454667701,0
"lao",1995,0,0,0.99,749.2347417,4929409,NA,6.61905234122464,15.4107296605367,0
"lao",1996,0,0,0.99,782.6831565,5045678,NA,6.66272796083988,15.4340425932259,0
"lao",1997,0,0,0.99,819.2058513,5152011,NA,6.70833539695993,15.4548976818572,0
"lao",1998,0,0,0.99,836.0880985,5248266,NA,6.72873398851338,15.4734082942972,0
"lao",1999,0,0,0.99,881.6341296,5340784,NA,6.78177715089795,15.4908830166393,0
"lao",2000,0,0,0.99,917.2280386,5431212,NA,6.82135612029409,15.5076728714236,0
"lao",2001,0,0,0.99,954.1235054,5521482,NA,6.86079312365599,15.5241568604803,0
"lao",2002,0,0,0.99,994.492242,5610889,NA,6.90223229735862,15.5402197319675,0
"lao",2003,0,0,0.99,1038.711928,5697945,NA,6.94573669375308,15.5556161414838,0
"lao",2004,0,0,0.99,1088.760347,5781626,NA,6.99279503168068,15.5701955159658,0
"lao",2005,0,0,0.99,1148.681539,5869523,NA,7.04637007581128,15.5852839278551,0
"lao",2006,0,0,0.99,1228.089276,5963200,NA,7.11321480639028,15.6011178077071,0
"lao",2007,0,0,1,1301.085975,6056236,NA,7.17095456011077,15.616599042957,0
"lao",2008,0,0,1,1381.737542,6148969,NA,7.23109707456996,15.6317949834527,0
"lao",2009,0,0,0.13,1463.337967,6241642,NA,7.2884753839109,15.6467538467557,0
"lao",2010,0,0,0.13,1564.910683,6334194,NA,7.35558402978011,15.6614731339666,0
"lao",2011,0,0,1,1666.400862,6426590,NA,7.41842140722939,15.6759546289468,0
"lao",2012,0,0,1,1774.635852,6518978,NA,7.48135052705978,15.6902281731503,0
"lao",2013,0,0,1,1890.278613,6611385,NA,7.54447951147498,15.7043037208929,0
"lao",2014,0,0,1,2006.311954,6703172,NA,7.60405346689998,15.718091405163,0
"lbn",1990,1,0,NA,2752.724423,3595175,NA,7.9203463995147,15.095103226673,0
"lbn",1991,0,0,NA,4031.194745,3668912,NA,8.30181807378348,15.1154057183128,0
"lbn",1992,0,0,NA,4595.580833,3747371,NA,8.43285043224199,15.1365650854178,0
"lbn",1993,4,3,NA,4992.698782,3820647,NA,8.51573188062152,15.1559303379687,0
"lbn",1994,4,3,NA,5301.415847,3889799,NA,8.57572920480782,15.1738680433085,0
"lbn",1995,4,3,NA,5542.22651,3960735,NA,8.62015159611423,15.1919401720686,0
"lbn",1996,4,3,NA,6054.529119,4034781,NA,8.70856188566341,15.2104625831203,0
"lbn",1997,4,3,NA,6008.758554,4108405,NA,8.70097344279775,15.2285454332918,0
"lbn",1998,4,3,NA,6120.456727,4181281,NA,8.71939200131657,15.246128216882,0
"lbn",1999,4,3,NA,5982.417884,4255277,NA,8.69658009365406,15.2636704177532,0
"lbn",2000,4,3,NA,5958.978368,4329340,NA,8.6926543306011,15.2809256634185,0
"lbn",2001,4,3,NA,6085.760414,4401918,NA,8.71370696293868,15.2975509129986,0
"lbn",2002,4,3,NA,6207.241339,4463504,NA,8.73347184740419,15.3114446657589,0
"lbn",2003,4,3,NA,6319.765183,4525508,NA,8.75143733186205,15.3252403940083,0
"lbn",2004,4,3,NA,6633.75258,4599279,NA,8.79992592306232,15.341410110044,0
"lbn",2005,4,3,NA,6707.180246,4671102,NA,8.81093391004905,15.3569055761116,0
"lbn",2006,4,2,NA,6696.374282,4751136,NA,8.8093215069632,15.3738943053119,0
"lbn",2007,4,1,NA,7179.345201,4844118,NA,8.8789634602512,15.3932757433914,0
"lbn",2008,4,1,NA,7701.29823,4925354,NA,8.94914419492888,15.4099067081778,0
"lbn",2009,4,1,NA,8375.488513,4992287,NA,9.03306468490259,15.423404679366,0
"lbn",2010,0,0,NA,8955.543362,5041288,NA,9.1000279895943,15.4331721629543,0
"lbn",2011,4,1,NA,8936.200275,5096020,NA,9.09786575265098,15.4439704008732,0
"lbn",2012,4,1,NA,8920.805698,5235742,NA,9.0961415463829,15.4710191305428,0
"lbn",2013,4,1,NA,8443.538565,5743436,NA,9.04115676098048,15.5635681954743,0
"lbn",2014,4,1,NA,7830.415111,6346990,NA,8.96577080303296,15.6634912427399,0
"lbr",1990,2,0,NA,754.1340095,2223667,NA,6.62557008364796,14.6146681929261,0
"lbr",1991,1,0,NA,735.1806587,1956518,NA,6.60011626316006,14.4866769206925,0
"lbr",1992,0,0,NA,450.5386777,2072461,NA,6.110443928413,14.5442473479617,0
"lbr",1993,0,0,NA,290.3889202,2155126,NA,5.67122112864151,14.5833597484883,0
"lbr",1994,0,0,NA,227.742776,2149928,NA,5.42821681664689,14.580944911171,0
"lbr",1995,0,0,NA,216.0935546,2169162,NA,5.37571143706156,14.5898514758166,0
"lbr",1996,0,0,NA,235.4350582,2232289,NA,5.46143511406851,14.6185380743882,0
"lbr",1997,0,0,NA,449.2860586,2412989,NA,6.10765978643823,14.6963767859561,0
"lbr",1998,1,0,NA,528.6703418,2670124,NA,6.27036506520492,14.7976354712456,0
"lbr",1999,2,0,NA,609.0409033,2821684,NA,6.41188543015067,14.8528444278039,0
"lbr",2000,3,1,NA,754.8509174,2928117,NA,6.6265202693538,14.8898701122814,0
"lbr",2001,2,0.5,NA,754.4223558,3015338,NA,6.6259523647614,14.919222487996,0
"lbr",2002,3.5,0,NA,762.7163939,3094782,NA,6.63688626349799,14.9452280254327,0
"lbr",2003,4,0,NA,528.5673955,3119532,NA,6.27017031941276,14.9531935485345,0
"lbr",2004,0,0,NA,535.9958821,3156892,NA,6.28412647839204,14.9650985572622,0
"lbr",2005,0,0,NA,539.6653788,3301015,NA,6.29094927859531,15.0097405549026,0
"lbr",2006,0,0,NA,551.3774466,3490787,NA,6.31241959568572,15.0656377701896,0
"lbr",2007,0,0,NA,574.6093943,3669050,NA,6.353690495698,15.115443330936,0
"lbr",2008,0,0,NA,591.1853781,3821003,NA,6.38212963675033,15.1560235115635,0
"lbr",2009,0,0,NA,603.2562111,3943028,NA,6.40234200051513,15.1874595140265,0
"lbr",2010,0,0,NA,621.7832951,4058890,NA,6.43259163187297,15.2164200951828,0
"lbr",2011,0,0,NA,646.908727,4221178,NA,6.47220521345206,15.2556247939774,0
"lbr",2012,0,0,NA,674.3600114,4373043,NA,6.51376410985252,15.2909696634133,0
"lbr",2013,0,0,NA,717.0072804,4470239,NA,6.57508599452296,15.3129524327219,0
"lbr",2014,0,0,NA,707.1576949,4564293,NA,6.56125368897416,15.3337741859754,0
"lby",1990,0,0,NA,11085.94399,4445239,NA,9.31343327764875,15.3073441937636,0
"lby",1991,0,0,NA,12541.69262,4544400,NA,9.4368137827497,15.3294062636779,0
"lby",1992,0,0,NA,11949.2275,4640352,NA,9.38842191091866,15.350300783394,0
"lby",1993,0,0,NA,11274.34522,4733045,NA,9.33028508907035,15.370079316555,0
"lby",1994,3,0,NA,11280.38293,4822037,NA,9.33082047217088,15.3887070108585,0
"lby",1995,0,0,NA,10839.28022,4906843,NA,9.29093187242003,15.4061413194512,0
"lby",1996,0,0,NA,10891.80557,4987393,NA,9.2957660029182,15.422423886316,0
"lby",1997,0,0,NA,11284.77807,5064639,NA,9.33121002313004,15.4377934196796,0
"lby",1998,0,0,NA,10722.87007,5140704,NA,9.28013412920185,15.452700593033,0
"lby",1999,0,0,NA,10643.14528,5218038,NA,9.27267132823445,15.467632027136,0
"lby",2000,0,0,NA,10853.80595,5305021,NA,9.29227107626195,15.4841642885521,0
"lby",2001,0,0,NA,10467.87761,5403639,NA,9.25606657175899,15.5025831734622,0
"lby",2002,4,0,NA,10170.30958,5508410,NA,9.22722792909061,15.5217865732427,0
"lby",2003,4,0,NA,11267.06276,5619398,NA,9.32963894839805,15.5417350986947,0
"lby",2004,0,0,NA,11529.10866,5736693,NA,9.35263030411698,15.5623934698635,0
"lby",2005,0,0,NA,12628.89615,5858798,NA,9.44374281247514,15.5834550210594,0
"lby",2006,0,0,NA,13176.77589,5980211,NA,9.48621115673575,15.6039664095853,0
"lby",2007,0,0,NA,13712.96026,6104380,NA,9.52609666901564,15.6245171042682,0
"lby",2008,0,0,NA,13403.00046,6235430,NA,9.50323387579917,15.6457581002355,0
"lby",2009,0,0,NA,12549.08543,6366686,NA,9.4374030678009,15.6665896409934,0
"lby",2010,0,0,NA,12913.93349,6497839,NA,9.46606212294859,15.6869802180498,0
"lby",2011,0,0,NA,6569.594776,6343203,NA,8.79020743164651,15.6628944038876,0
"lby",2012,0,0,NA,12599.25888,6179328,NA,9.44139327216204,15.6367200856574,0
"lby",2013,0,0,NA,10126.31493,6304628,NA,9.22289275317204,15.6567945248475,0
"lby",2014,0,0,NA,7644.248439,6427252,NA,8.94170880600941,15.6760576331693,0
"lca",1990,0,0,NA,8418.43122,137857,NA,9.03817877396292,11.8339721949958,0
"lca",1991,0,0,NA,8349.337481,139520,NA,9.02993747110422,11.8459632391428,0
"lca",1992,0,0,NA,8879.900758,141617,NA,9.09154566002286,11.8608815095327,0
"lca",1993,0,0,NA,8800.626918,143726,NA,9.08257823861062,11.8756639881991,0
"lca",1994,0,0,NA,8808.682944,145890,NA,9.08349321218144,11.8906081920659,0
"lca",1995,0,0,NA,8822.500699,148208,NA,9.08506063477867,11.9063719714938,0
"lca",1996,0,0,NA,8945.863531,150436,NA,9.09894652912571,11.9212930235576,0
"lca",1997,0,0,NA,8759.567553,152569,NA,9.077901816616,11.9353722317173,0
"lca",1998,0,0,NA,9183.351637,154677,NA,9.12514751905071,11.9490943506534,0
"lca",1999,0,0,NA,9306.760325,156702,NA,9.13849633173206,11.9621011915045,0
"lca",2000,0,0,NA,9198.938944,158616,NA,9.12684342421195,11.9742414658184,0
"lca",2001,0,0,NA,8795.545821,160237,NA,9.08200071562121,11.9844092482473,0
"lca",2002,0,0,NA,8755.459394,161641,NA,9.07743271553066,11.9931331057608,0
"lca",2003,0,0,NA,9054.067784,162976,NA,9.11096941460362,12.0013582296843,0
"lca",2004,0,0,NA,9637.378014,164239,NA,9.17340436035957,12.0090779630235,0
"lca",2005,0,0,NA,9527.584694,165450,NA,9.16194652213385,12.0164243133498,0
"lca",2006,0,0,NA,10045.6504,166639,NA,9.21489502378409,12.0235850749567,0
"lca",2007,0,0,NA,10147.44325,167758,NA,9.22497705618694,12.0302777437117,0
"lca",2008,0,0,NA,10583.43102,168808,NA,9.26704494584635,12.0365172533859,0
"lca",2009,0,0,NA,10219.8024,169869,NA,9.23208252893281,12.0427828307414,0
"lca",2010,0,0,NA,10191.31468,170906,NA,9.22929113457786,12.0488689767378,0
"lca",2011,0,0,NA,10576.89797,171801,NA,9.26642746487896,12.0540921092371,0
"lca",2012,0,0,NA,10517.27776,172587,NA,9.26077468474463,12.058656736139,0
"lca",2013,0,0,NA,10279.41551,173369,NA,9.23789868038885,12.0631775499527,0
"lca",2014,0,0,NA,10369.93826,174138,NA,9.24666634749322,12.0676033673046,0
"lka",1990,0,0,9.78,1388.589518,16352458,NA,7.23604377568057,16.6098887803996,0
"lka",1991,0,0,9.78,1441.629968,16475354,NA,7.27352967465132,16.6173761252237,0
"lka",1992,0,0,9.78,1481.331101,16739284,NA,7.30069635511458,16.6332688503068,0
"lka",1993,0,0,9.78,1556.884675,17025918,NA,7.35044210036887,16.650247329251,0
"lka",1994,0,0,9.78,1620.29121,17275773,NA,7.39036117133093,16.6648156733608,0
"lka",1995,0,0,9.78,1681.350532,17564068,NA,7.42735263754757,16.6813657822117,0
"lka",1996,0,0,9.78,1712.008158,17905018,NA,7.44542232187725,16.7005915667199,0
"lka",1997,0,0,9.78,1787.41018,18248200,NA,7.48852302435459,16.7195770029915,0
"lka",1998,0,0,9.78,1836.389463,18596003,NA,7.51555667450193,16.7384572231176,0
"lka",1999,0,0,9.78,1880.10678,18944731,NA,7.5390838520834,16.7570364033369,0
"lka",2000,0,0,9.78,1956.933104,19293054,NA,7.57913378387877,16.7752556927238,0
"lka",2001,0,0,9.78,1896.482517,19600362,NA,7.54775614252596,16.7910585934179,0
"lka",2002,0,0,9.78,1951.225228,19805752,NA,7.57621277629742,16.8014829585268,0
"lka",2003,0,0,9.78,2052.030451,19951521,NA,7.62658504584917,16.8088159389955,0
"lka",2004,0,0,9.78,2149.106286,20087605,NA,7.67280735377221,16.8156135161455,0
"lka",2005,0,0,9.78,2268.688013,20216524,NA,7.72695697554624,16.8220108477776,0
"lka",2006,0,0,9.78,2426.348733,20352411,NA,7.79414282731832,16.8287099394935,0
"lka",2007,0,0,9.78,2573.543622,20492545,NA,7.85303906940573,16.8355717194322,0
"lka",2008,4,0,10.44,2708.585942,20629378,NA,7.90418198507268,16.8422267343263,0
"lka",2009,0,0,10.44,2787.27351,20756435,NA,7.93281916044931,16.8483668770455,0
"lka",2010,0,0,10.44,2993.014115,20879089,NA,8.00403622384559,16.8542586897587,0
"lka",2011,0,0,10.44,3232.373504,21009048,NA,8.08097197732038,16.8604637600383,0
"lka",2012,0,0,10.44,3484.79049,21169458,NA,8.15616320374043,16.8680700405159,0
"lka",2013,0,0,10.44,3728.935866,20585000,NA,8.22387818131813,16.8400732131861,0
"lka",2014,0,0,11,3929.92062,20778000,NA,8.27637450618603,16.8494052926126,0
"lso",1990,0,0,NA,533.8249642,1809696,NA,6.2800680028308,14.4086694333347,0
"lso",1991,0,0,NA,560.8849057,1842379,NA,6.32951572529464,14.4265682292474,0
"lso",1992,0,0,NA,590.0082121,1873274,NA,6.38013645561646,14.4431982601023,0
"lso",1993,0,0,NA,601.5579141,1901793,NA,6.39952281357286,14.4583076833572,0
"lso",1994,3,0,NA,628.9600512,1927707,NA,6.44406774307777,14.4718417716495,0
"lso",1995,0,0,NA,641.7587119,1951437,NA,6.4642123948831,14.4840765822224,0
"lso",1996,0,0,NA,670.4695818,1972418,NA,6.50797833524969,14.4947707592284,0
"lso",1997,0,0,NA,689.8062185,1988130,NA,6.53641071539397,14.5027050564148,0
"lso",1998,0,0,NA,696.9359739,1998049,NA,6.54669354700029,14.5076817624144,0
"lso",1999,0,0,NA,698.4410872,2003234,NA,6.54885083326459,14.5102734325873,0
"lso",2000,0,0,NA,725.2636687,2003913,NA,6.5865352697043,14.5106123270709,0
"lso",2001,0,0,NA,752.2432125,2000853,NA,6.62305969253824,14.5090841475989,0
"lso",2002,0,0,NA,760.0334432,1994679,NA,6.63336243652275,14.5059936931043,0
"lso",2003,0,0,NA,798.5405006,1985059,NA,6.68278568722041,14.5011591945836,0
"lso",2004,0,0,NA,817.7935979,1971129,NA,6.70660997945774,14.4941170330038,0
"lso",2005,0,0,NA,853.9605006,1953076,NA,6.74988494049408,14.4849161235922,0
"lso",2006,0,0,NA,893.7506866,1945063,NA,6.7954268622317,14.4808049252556,0
"lso",2007,0,0,NA,927.2686333,1953268,NA,6.83224331139562,14.4850144252267,0
"lso",2008,0,0,NA,971.8813668,1966541,NA,6.87923374639437,14.4917867198612,0
"lso",2009,0,0,NA,952.7479297,1980883,NA,6.85935036677864,14.4990532628563,0
"lso",2010,0,0,NA,995.2334325,1996251,NA,6.90297731517066,14.5067814794505,0
"lso",2011,0,0,NA,1031.997216,2014009,NA,6.93925124836345,14.5156378209696,0
"lso",2012,0,0,NA,1086.390348,2034354,NA,6.99061587237616,14.5256888817451,0
"lso",2013,0,0,NA,1093.953235,2056504,NA,6.99755323526752,14.536518011703,0
"lso",2014,0,0,NA,1100.049937,2080089,NA,7.00311085502876,14.5479212392236,0
"ltu",1990,0,0,NA,8333.350707,3697838,NA,9.02802090002005,15.1232588825061,0
"ltu",1991,0,0,NA,7847.017343,3704134,NA,8.96788878226904,15.1249600511997,0
"ltu",1992,0,0,0,6185.535236,3700114,NA,8.72996881883504,15.1238741879506,0
"ltu",1993,0,0,0,5206.442661,3682613,NA,8.55765211094474,15.1191331125236,0
"ltu",1994,0,0,0,4730.69632,3657144,NA,8.46182768418179,15.1121930728944,0
"ltu",1995,1,0,1,4924.096675,3629102,NA,8.50189612053972,15.1044957927167,0
"ltu",1996,0,0,1,5211.100252,3601613,NA,8.55854629325803,15.096892358635,0
"ltu",1997,0,0,1,5685.449015,3575137,NA,8.64566538547554,15.0895140550543,0
"ltu",1998,3,0,1,6154.172456,3549331,NA,8.72488557888875,15.0822696929883,0
"ltu",1999,0,0,1,6129.99844,3524238,NA,8.72094977444409,15.0751748006476,0
"ltu",2000,1,0,4,6384.308654,3499536,NA,8.76159848601856,15.0681409462427,0
"ltu",2001,1,0,4,6854.525128,3470818,NA,8.83266431578214,15.0599008590123,0
"ltu",2002,0,0,4,7374.097971,3443067,NA,8.90572886471071,15.0518732019048,0
"ltu",2003,0,0,4,8218.693363,3415213,NA,9.01416651714251,15.0437504209307,0
"ltu",2004,0,0,4,8851.925989,3377075,NA,9.08839034020061,15.0325205081824,0
"ltu",2005,0,0,4,9692.868538,3322528,NA,9.17914569182971,15.016236496923,0
"ltu",2006,0,0,4,10577.21455,3269909,NA,9.26645739570207,15.00027271374,0
"ltu",2007,0,0,4,11889.35452,3231294,NA,9.38339870057453,14.9883932341674,0
"ltu",2008,0,0,4,12324.51973,3198231,NA,9.41934603101169,14.9781084024128,0
"ltu",2009,0,0,4,10612.9204,3162916,NA,9.26982744349814,14.9670049448691,0
"ltu",2010,0,0,2,10884.11619,3097282,NA,9.29505977514935,14.9460355106705,0
"ltu",2011,2,0,2,11836.72004,3028115,NA,9.37896184641121,14.9234508716822,0
"ltu",2012,1,0,2,12516.61841,2989139,NA,9.43481251312393,14.9104959440322,0
"ltu",2013,0,0,2,13145.80693,2961250,NA,9.48385812211899,14.9011220344551,0
"ltu",2014,2,0,2,13753.1896,2937253,NA,9.52902604710272,14.8929853487928,0
"lux",1990,0,0,0,66027.07501,381850,NA,11.0978201643125,12.8527831403165,0
"lux",1991,0,0,0,70779.97382,387000,NA,11.1673313840209,12.8661799720119,0
"lux",1992,0,0,0,71116.94136,392175,NA,11.1720808625138,12.8794634477244,0
"lux",1993,0,0,0,73116.19334,397475,NA,11.1998051443243,12.8928873180169,0
"lux",1994,0,0,0,74883.14158,402925,NA,11.2236840651325,12.9065057193909,0
"lux",1995,0,0,0,74896.09645,408625,NA,11.2238570513248,12.9205531440265,0
"lux",1996,0,0,0,74916.50739,414225,NA,11.2241295376123,12.9341645834375,0
"lux",1997,0,0,0,77993.05737,419450,NA,11.2643750936334,12.9466996082744,0
"lux",1998,3,0,0,82170.23925,424700,NA,11.3165484625676,12.9591383163014,0
"lux",1999,3,0,0,87695.33909,430475,NA,11.3816240308818,12.9726445291544,0
"lux",2000,1.5,0,0,92527.71087,436300,NA,11.4352634556093,12.9860853591117,0
"lux",2001,0,0,0,94243.70684,441525,NA,11.4536393321526,12.9979899225646,0
"lux",2002,0,0,0,96269.57975,446175,NA,11.4749076574358,13.0084665307242,0
"lux",2003,0,0,0,97597.99732,451630,NA,11.4886122529284,13.0206185395207,0
"lux",2004,0,0,0,100292.5669,458095,NA,11.5158468625299,13.0348318651678,0
"lux",2005,0,0,0,101222.0444,465158,NA,11.5250718421535,13.0501324118019,0
"lux",2006,0,0,0,105614.1789,472637,NA,11.5675479111273,13.0660829309793,0
"lux",2007,0,0,0,112417.877,479993,NA,11.6299782518376,13.0815267994444,0
"lux",2008,0,0,0,110094.7915,488650,NA,11.6090970145981,13.099401765767,0
"lux",2009,0,0,0,104574.349,497783,NA,11.5576535710938,13.1179195180713,0
"lux",2010,0,0,0,106544.0574,506953,NA,11.5763138630948,13.1361735761066,0
"lux",2011,2,0,0,105290.249,518347,NA,11.564476091745,13.1584001811393,0
"lux",2012,0,0,0,104487.7443,530946,NA,11.5568250640834,13.1824156001375,0
"lux",2013,0,0,0,105338.9555,543360,NA,11.5649385774765,13.2055273626651,0
"lux",2014,0,0,0,105583.9373,556319,NA,11.5672615297831,13.2290971497135,0
"lva",1990,0,0,0,7622.698259,2663151,NA,8.93888568823226,14.7950205661551,0
"lva",1991,0,0,0,6694.198943,2650581,NA,8.80899660092929,14.7902894192147,0
"lva",1992,0,0,0,4607.113797,2614338,NA,8.43535686552081,14.7765214685563,0
"lva",1993,0,0,0,4464.721135,2563290,NA,8.40396203559308,14.7568021475993,0
"lva",1994,1,0,0,4639.505652,2520742,NA,8.44236309902722,14.7400638605918,0
"lva",1995,0,0,0,4661.668401,2485056,0.0183869618922472,8.44712868900935,14.7258057524702,0
"lva",1996,0,0,0,4822.904149,2457222,-0.0211020316928625,8.48113154614144,14.714542001512,0
"lva",1997,0,0,0,5317.979976,2432851,0.327240854501724,8.57884880647057,14.7045743786244,0
"lva",1998,1,0,0,5719.989183,2410019,0.255498379468918,8.65172219328814,14.6951451892532,0
"lva",1999,1,0,0,5929.267672,2390482,0.31910052895546,8.6876559889187,14.6870055772145,0
"lva",2000,0,0,0,6336.382967,2367550,0.301784306764603,8.75406337469165,14.6773662231435,0
"lva",2001,0,0,0,6833.435432,2337170,0.345086842775345,8.82958281761506,14.6644513537081,0
"lva",2002,0,0,0,7443.229447,2310173,0.365460008382797,8.91506009910497,14.6528329714686,0
"lva",2003,0,0,0,8149.001836,2287955,0.319013297557831,9.00565072462391,14.6431689634562,0
"lva",2004,0,0,0,8957.233936,2263122,0.32142835855484,9.10021674580746,14.6322558339005,0
"lva",2005,0,0,0,10106.26262,2238799,0.284379363059998,9.22091057205686,14.6214501193314,0
"lva",2006,0,0,0,11507.46483,2218357,0.303404003381729,9.35075121941907,14.6122773897565,0
"lva",2007,0,0,0,12810.04095,2200325,0.391467124223709,9.45798459160698,14.6041156346907,0
"lva",2008,0,0,0,12506.6945,2177322,0.417180895805359,9.43401933992932,14.5936062392469,0
"lva",2009,0,0,4,10675.42517,2141669,0.471540093421936,9.27569966587512,14.577095989571,0
"lva",2010,0,0,4,10500.86662,2097555,0.406653344631195,9.25921306797786,14.5562829386722,0
"lva",2011,2,0,4,11018.51524,2059709,0.377577364444733,9.30733234041723,14.5380752686514,0
"lva",2012,0,0,4,11971.01075,2034319,0.346435010433197,9.39024323525448,14.5256716771185,0
"lva",2013,0,0,4,12353.53861,2012647,0.343022435903549,9.42169782814057,14.5149613290856,0
"lva",2014,0,0,4,12731.6772,1993782,0.332735985517502,9.45184843464043,14.5055438955432,0
"mar",1990,3,0,NA,1695.636475,24375551,NA,7.43581345080644,17.0090911797209,0
"mar",1991,3,0,NA,1786.762817,24799014,NA,7.48816077943381,17.0263144522803,0
"mar",1992,0,0,NA,1720.422485,25212468,NA,7.45032517045914,17.0428491920321,0
"mar",1993,0,0,NA,1680.710449,25614586,NA,7.42697186931561,17.05867251282,0
"mar",1994,0,0,NA,1830.880615,26000822,NA,7.51255234047339,17.0736387108706,0
"mar",1995,0,0,NA,1705.448242,26399429,NA,7.44158325369958,17.0888529390948,0
"mar",1996,0,0,NA,1886.672241,26808107,NA,7.54256983711839,17.1042148997372,0
"mar",1997,0,0,NA,1828.968628,27213337,NA,7.51150749570139,17.1192177419757,0
"mar",1998,0,0,NA,1931.740479,27621648,NA,7.56617667810995,17.1341103710735,0
"mar",1999,0,0,NA,1935.47876,28027179,NA,7.56810999604894,17.1486852759071,0
"mar",2000,1,0,NA,1957.141357,28423435,NA,7.57924019626426,17.1627245389172,0
"mar",2001,0,0,NA,2078.966064,28814643,NA,7.63962596449246,17.1763942533956,0
"mar",2002,4,0,NA,2127.50708,29198142,NA,7.66270618829158,17.189615635077,0
"mar",2003,0,0,NA,2229.576172,29571415,NA,7.70956678899187,17.202318743237,0
"mar",2004,0,0,NA,2301.081787,29953018,NA,7.74113463351495,17.2151406453956,0
"mar",2005,0,0,NA,2342.154785,30358144,NA,7.75882663292166,17.2285753755532,0
"mar",2006,0,0,NA,2489.99292,30771178,NA,7.82003514608122,17.2420890306083,0
"mar",2007,0,0,NA,2540.615234,31186468,NA,7.84016154879275,17.2554948407482,0
"mar",2008,0,0,NA,2648.585693,31606767,NA,7.88178107575661,17.2688818012009,0
"mar",2009,0,0,NA,2710.666504,32030778,NA,7.90494982607029,17.2822078110187,0
"mar",2010,0,0,NA,2767.042236,32467016,NA,7.92553424385547,17.2957352396404,0
"mar",2011,0,0,NA,2879.539307,32912588,NA,7.96538559748735,17.3093657565393,0
"mar",2012,0,0,NA,2927.450439,33355241,NA,7.98188716586657,17.3227254694032,0
"mar",2013,0,0,NA,3008.185547,33787571,NA,8.0090923676753,17.3356035709335,0
"mar",2014,0,0,NA,3051.458984,34204780,NA,8.02337511063582,17.3478759583483,0
"mda",1990,0,0,NA,3740.101498,2977912,NA,8.22686802854301,14.9067329417559,0
"mda",1991,0,0,NA,3137.835017,2981566,NA,8.05128835606633,14.9079592238088,0
"mda",1992,0,0,NA,2225.173562,2980965,NA,7.70759019695134,14.9077576315648,0
"mda",1993,1,0,NA,2202.164453,2975966,NA,7.69719599796353,14.9060792501387,0
"mda",1994,0,0,NA,1526.425245,2966745,NA,7.33068383947235,14.90297595018,0
"mda",1995,0,0,NA,1511.958318,2953200,NA,7.32116098889917,14.8983998861671,0
"mda",1996,0,0,NA,1425.951809,2947293,NA,7.26259480587304,14.8963976799199,0
"mda",1997,0,0,NA,1454.808616,2936413,NA,7.28262963555887,14.8926993263987,0
"mda",1998,0,0,NA,1360.181611,2935227,NA,7.21537350731476,14.8922953506726,0
"mda",1999,0,0,NA,1316.432549,2930622,NA,7.18268074253075,14.890725245153,0
"mda",2000,0,0,NA,1346.915672,2924668,NA,7.20557257014477,14.8886915279325,0
"mda",2001,0,0,NA,1432.276893,2918135,NA,7.26702068986228,14.8864552715595,0
"mda",2002,0,0,NA,1547.574212,2911385,NA,7.34444395946705,14.884139470939,0
"mda",2003,3,0,NA,1654.366293,2903198,0.267555385828018,7.41117330995278,14.8813234459857,0
"mda",2004,3,0,NA,1781.191453,2896023,0.295206129550934,7.48503777498555,14.8788489744452,0
"mda",2005,0,0,NA,1919.445508,2888985,0.428085774183273,7.55979162539501,14.8764157873269,0
"mda",2006,0,0,NA,2017.177301,2880967,0.46946993470192,7.60945443741271,14.8736365596449,0
"mda",2007,0,0,NA,2082.512601,2874299,0.452030599117279,7.64133042492305,14.8713193763962,0
"mda",2008,0,0,NA,2249.225897,2868833,0.550056338310242,7.71834139022336,14.8694158848343,0
"mda",2009,1,0,NA,2116.943575,2865213,0.587862133979797,7.65772861749671,14.8681532509172,0
"mda",2010,0,0,NA,2269.511161,2862354,0.613462448120117,7.72731973970774,14.8671549211771,0
"mda",2011,0,0,NA,2402.944463,2860699,0.597750902175903,7.78445012394214,14.8665765585283,0
"mda",2012,0,0,NA,2389.086661,2860324,0.495565861463547,7.77866642167835,14.8664454630929,0
"mda",2013,0,0,NA,2605.8503,2859558,0.462999701499939,7.86551431167563,14.8661776253981,0
"mda",2014,0,0,NA,2737.801851,2857815,0.655128419399261,7.91491063325148,14.865567904796,0
"mdg",1990,0,0,NA,538.5362751,12055639,NA,6.28885485755884,16.3050430752436,0
"mdg",1991,0,0,NA,489.7160981,12421412,NA,6.19382583155983,16.3349323156083,0
"mdg",1992,0,0,NA,480.8109324,12800870,NA,6.17547412089927,16.3650236953301,0
"mdg",1993,0,0,NA,476.1597333,13197345,NA,6.16575337209867,16.3955262309623,0
"mdg",1994,0,0,NA,461.3976657,13613850,NA,6.13426028655911,16.4265982148597,0
"mdg",1995,0,0,NA,454.5379466,14051275,NA,6.11928140100145,16.4582236969577,0
"mdg",1996,0,0,NA,449.6280871,14510711,NA,6.10842076793606,16.4903976243491,0
"mdg",1997,0,0,NA,451.3031994,14990814,NA,6.11213939610541,16.522948171473,0
"mdg",1998,0,0,NA,453.8861748,15489364,NA,6.1178464503072,16.5556641528025,0
"mdg",1999,0,0,NA,460.03439,16000506,NA,6.13130124755825,16.588130904704,0
"mdg",2000,0,0,NA,465.5295098,16516338,NA,6.14317548847796,16.6198606307823,0
"mdg",2001,0,0,NA,478.4056149,17032939,NA,6.17045893939865,16.6506596155529,0
"mdg",2002,0,0,NA,406.7012221,17549913,NA,6.00807881782629,16.6805595505989,0
"mdg",2003,0,0,NA,433.6010403,18071854,NA,6.07212484933843,16.7098662583014,0
"mdg",2004,0,0,NA,443.278655,18606608,NA,6.09419859035489,16.7390273444076,0
"mdg",2005,0,0,NA,450.9552309,19159707,NA,6.11136806827834,16.7683200381145,0
"mdg",2006,0,0,NA,461.5403379,19730909,NA,6.13456945619039,16.7976969489091,0
"mdg",2007,0,0,NA,473.7854623,20318583,NA,6.16075460805428,16.827046443991,0
"mdg",2008,0,0,NA,490.9639354,20923840,NA,6.19637067377301,16.8563997367219,0
"mdg",2009,0,0,NA,457.7897549,21547280,NA,6.1264100282816,16.8857601484504,0
"mdg",2010,0,0,NA,447.417143,22183340,NA,6.10349136526429,16.9148521146632,0
"mdg",2011,0,0,NA,441.7551584,22822300,NA,6.09075578832461,16.9432486861011,0
"mdg",2012,0,0,NA,442.6415001,23462438,NA,6.09276018756839,16.9709113173588,0
"mdg",2013,0,0,NA,440.6746589,24109290,NA,6.08830686826589,16.9981078013621,0
"mdg",2014,0,0,NA,443.3438699,24764348,NA,6.094345698957,17.0249155961796,0
"mdv",1990,0,0,NA,4582.261279,224762,NA,8.42994788430345,12.322797343567,0
"mdv",1991,0,0,NA,4507.19493,231802,NA,8.4134302722546,12.3536388379783,0
"mdv",1992,0,0,NA,4671.996393,238543,NA,8.44934175246153,12.3823048665607,0
"mdv",1993,0,0,NA,4803.909905,244884,NA,8.47718542886082,12.4085399080171,0
"mdv",1994,0,0,NA,5053.646336,250822,NA,8.52786530845175,12.432498803192,0
"mdv",1995,0,0,NA,5580.26342,256649,NA,8.6269912621464,12.455464671624,0
"mdv",1996,0,0,NA,5888.072419,262347,NA,8.68068395975563,12.4774233339437,0
"mdv",1997,0,0,NA,6254.75857,267707,NA,8.74109782423443,12.4976483778405,0
"mdv",1998,0,0,NA,6599.871737,272723,NA,8.7948054940378,12.5162119070446,0
"mdv",1999,0,0,NA,6889.012461,277412,NA,8.83768302441722,12.5332590447592,0
"mdv",2000,0,0,NA,7037.085461,282019,NA,8.85894936641462,12.5497297235371,0
"mdv",2001,0,0,NA,6647.650382,286767,NA,8.80201874520052,12.5664253183259,0
"mdv",2002,0,0,NA,7012.255689,291616,NA,8.85541470986576,12.5831931472959,0
"mdv",2003,0,0,NA,7845.293074,296491,NA,8.9676690225318,12.5997721428277,0
"mdv",2004,0,0,NA,8174.416073,301413,NA,9.00876456483512,12.6162366962948,0
"mdv",2005,0,0,NA,7141.88377,306429,NA,8.87373185386907,12.6327413598894,0
"mdv",2006,0,0,NA,8620.728147,313851,NA,9.06192483189994,12.6566736299761,0
"mdv",2007,0,0,NA,8933.171664,324479,NA,9.09752678035365,12.6899760980861,0
"mdv",2008,0,0,NA,9396.497336,336170,NA,9.1480922749868,12.7253722633755,0
"mdv",2009,0,0,NA,8313.409837,348275,NA,9.02562513304964,12.7607476765744,0
"mdv",2010,0,0,NA,8569.524946,360792,NA,9.05596757785004,12.7960568939758,0
"mdv",2011,0,0,NA,9005.813914,373674,NA,9.10562563820079,12.8311390385281,0
"mdv",2012,0,0,NA,8907.661349,386818,NA,9.09466701115259,12.8657095771559,0
"mdv",2013,0,0,NA,9213.327914,400070,NA,9.12840640100782,12.8993948107794,0
"mdv",2014,0,0,NA,9612.078618,413617,NA,9.17077577597397,12.9326957038462,0
"mex",1990,0,0,9.68,8036.861144,82820170,NA,8.99179388097003,18.2321821887239,1
"mex",1991,0,0,9.68,8197.011795,84430572,NA,9.01152495159307,18.2514401214658,1
"mex",1992,0,0,9.68,8330.264268,86044809,NA,9.02765045950761,18.27037875341,1
"mex",1993,0,0,10.68,8411.796213,87653807,NA,9.03739031078021,18.2889056025012,1
"mex",1994,0,0,11.61,8623.48043,89259205,NA,9.0622440443487,18.3070551105606,1
"mex",1995,0,0,11.61,7970.640385,90862455,NA,8.9835201179918,18.3248574375211,1
"mex",1996,0,0,11.61,8320.652957,92452702,NA,9.02649601114448,18.3422077419793,1
"mex",1997,0,0,13.84,8770.844816,94021207,NA,9.07918841094342,18.359030921172,1
"mex",1998,0,0,13.84,9161.895278,95575245,NA,9.12280834434425,18.3754244009753,1
"mex",1999,0,0,13.84,9264.977293,97115707,NA,9.13399668787997,18.3914136812507,1
"mex",2000,0,0,13.84,9581.969702,98625552,NA,9.16763845546771,18.4068409340728,1
"mex",2001,0,0,13.84,9398.350744,100099099,NA,9.1482895000985,18.4216712432459,1
"mex",2002,0,0,13.84,9242.278861,101548624,NA,9.13154376420591,18.4360482959235,1
"mex",2003,0,0,13.84,9221.996667,102978515,NA,9.12934685134824,18.4500309322025,1
"mex",2004,0,0,14.84,9421.28976,104394131,NA,9.15072727539556,18.4636840153575,1
"mex",2005,0,0,14.84,9491.517302,105811504,NA,9.1581537631231,18.4771698049368,1
"mex",2006,0,0,14.99,9813.828042,107253666,NA,9.19154769479265,18.4907072970064,1
"mex",2007,0,0,14.99,9877.695326,108774360,NA,9.19803449693184,18.5047862028488,1
"mex",2008,0,0,15.86,9826.342184,110374288,0.80967652797699,9.19282203646582,18.5193877661315,1
"mex",2009,0,0,15.91,9074.118815,111999721,0.822723805904388,9.11318155414303,18.5340069381848,1
"mex",2010,0,0,15.91,9389.067221,113623895,0.815474092960358,9.14730122978133,18.5484043854421,1
"mex",2011,0,0,15.91,9575.934378,115243504,0.812911033630371,9.16700839445744,18.5625578738273,1
"mex",2012,0,0,15.91,9782.517763,116818208,0.795425474643707,9.18835216987643,18.5761295066197,1
"mex",2013,0,0,15.91,9738.710598,118343573,0.803073763847351,9.18386400573777,18.5891025874222,1
"mex",2014,0,0,15.91,9862.481254,119784261,0.801380336284637,9.19649306441721,18.6012028577194,1
"mkd",1990,0,0,NA,3534.322651,2063689,NA,8.17027694780664,14.5400057159359,0
"mkd",1991,0,0,0,3328.639508,2055994,NA,8.11031894333653,14.536269987265,0
"mkd",1992,0,0,0,3146.022355,2032523,NA,8.05389418944167,14.5247884364532,0
"mkd",1993,4,0,0,2948.271518,2006854,NA,7.98897435151039,14.5120788797413,0
"mkd",1994,2,0,0,2917.058946,1992666,NA,7.97833117741123,14.5049839985978,0
"mkd",1995,0,0,0,2876.072229,1998534,NA,7.96418083292057,14.5079244697484,0
"mkd",1996,0,0,2.08,2889.885164,2012553,NA,7.96897204467686,14.5149146233318,0
"mkd",1997,4,0,2.08,2954.523831,1996869,NA,7.99109277675421,14.5070910118487,0
"mkd",1998,3,0,2.08,3038.139834,2007523,NA,8.01900071040455,14.5124121817735,0
"mkd",1999,3,0,2.08,3154.849182,2017142,NA,8.05669597098011,14.5171922160448,0
"mkd",2000,0,0,2.08,3283.379341,2026350,NA,8.09662845788716,14.5217467030659,0
"mkd",2001,0,0,2.08,3169.325144,2034882,NA,8.06127395587931,14.5259483899196,0
"mkd",2002,4,0,2.08,3240.110645,2020157,NA,8.08336275789465,14.5186857891294,0
"mkd",2003,0,0,2.08,3307.920408,2022725,NA,8.10407499539463,14.519956170182,0
"mkd",2004,0,0,2.26,3473.765448,2016186,NA,8.15299442811412,14.5167181658223,0
"mkd",2005,0,0,2.26,3657.563077,2005330,NA,8.20455237867859,14.5113191937083,0
"mkd",2006,0,0,2.26,3866.746506,1994287,0.395574569702148,8.26016873631663,14.5057971509421,0
"mkd",2007,0,0,4.26,4140.633548,1982933,0.425123512744904,8.3286040860292,14.50008761974,0
"mkd",2008,0,0,4.26,4392.550716,1971493,NA,8.38766536603899,14.4943016816975,0
"mkd",2009,0,0,4.26,4405.200458,1958782,NA,8.39054104425882,14.4878334094685,0
"mkd",2010,0,0,4.26,4582.365175,1946298,NA,8.42997055756799,14.4814396646393,0
"mkd",2011,0,0,4.26,4711.130279,1937398,NA,8.45768313253121,14.4768563936625,0
"mkd",2012,0,0,4.26,4708.051685,1929821,NA,8.45702944644225,14.4729378104659,0
"mkd",2013,0,0,4.26,4863.680887,1922716,0.6309614777565,8.48955081438027,14.4692493277568,0
"mkd",2014,0,0,4.26,5053.750012,1917557,0.630258798599243,8.52788582332946,14.4665625379877,0
"mli",1990,0,0,NA,589.7754059,9178830,NA,6.37974179646122,16.0324103034937,0
"mli",1991,0,0,NA,651.3630815,9362888,NA,6.47906721561427,16.0522643478715,0
"mli",1992,0,0,NA,606.0683633,9553540,NA,6.40699279043274,16.0724223244001,0
"mli",1993,4,0,NA,619.3744293,9754786,NA,6.42870998367111,16.0932685943308,0
"mli",1994,0,0,NA,640.0810089,9967031,NA,6.46159474474985,16.1147933042086,0
"mli",1995,0,0,NA,630.9244475,10185365,NA,6.44718612082412,16.1364624440161,0
"mli",1996,0,0,NA,656.777676,10407278,NA,6.48734556852282,16.1580159270527,0
"mli",1997,0,0,NA,668.4803267,10646495,NA,6.50500696708876,16.1807412879706,0
"mli",1998,0,0,NA,695.126372,10919573,NA,6.54409365925151,16.2060674249524,0
"mli",1999,0,0,NA,707.8817463,11227415,NA,6.56227705474349,16.2338691132184,0
"mli",2000,0,0,NA,682.4974205,11559290,NA,6.52575874756479,16.2630000006372,0
"mli",2001,0,0,NA,766.9603432,11912158,NA,6.6424350962496,16.2930701171935,0
"mli",2002,0,0,NA,766.073669,12288050,NA,6.64127833874545,16.3241378033717,0
"mli",2003,2,0,NA,814.8084665,12684955,NA,6.70295307519214,16.3559272035122,0
"mli",2004,0,0,NA,800.5018167,13102409,NA,6.68523880189078,16.3883066643949,0
"mli",2005,0,0,NA,794.3733282,13538647,NA,6.6775535373939,16.4210588943107,0
"mli",2006,0,0,NA,797.1005329,13990139,NA,6.68098080998214,16.4538632822606,0
"mli",2007,0,0,NA,784.893915,14457775,NA,6.66554856852277,16.4867428901028,0
"mli",2008,0,0,NA,787.156519,14940782,NA,6.66842710920237,16.5196050790033,0
"mli",2009,0,0,NA,803.4867389,15435539,NA,6.68896068087211,16.5521831359436,0
"mli",2010,0,0,NA,821.1812866,15945198,NA,6.71074389701372,16.584668276035,0
"mli",2011,0,0,NA,818.399031,16469049,NA,6.70735003061912,16.6169933591388,0
"mli",2012,0,0,NA,786.3234713,16957033,NA,6.66736824886354,16.6461932319863,0
"mli",2013,0,0,NA,788.8194482,17459615,NA,6.67053745841045,16.6754010577317,0
"mli",2014,0,0,NA,813.9756613,18020267,NA,6.70193046543267,16.7070076269048,0
"mlt",1990,0,0,0,10067.75201,354170,NA,9.21709272444608,12.777532302833,0
"mlt",1991,0,0,0,10413.17933,363845,NA,9.25082752612366,12.8044832317542,0
"mlt",1992,0,0,0,10789.76679,367618,NA,9.28635344448756,12.8147996345325,0
"mlt",1993,0,0,0,11161.19761,371308,NA,9.32019854290172,12.8247871858528,0
"mlt",1994,0,0,0,11682.15697,374797,NA,9.36581791142147,12.8341398250454,0
"mlt",1995,0,0,0,12336.79135,377419,NA,9.42034124338893,12.8411112551115,0
"mlt",1996,0,0,0,12719.0152,379905,NA,9.45085341251328,12.8476765004474,0
"mlt",1997,0,0,0,13286.71705,382791,NA,9.49452009711356,12.8552444273128,0
"mlt",1998,0,0,0,13877.2541,385287,NA,9.53800638307748,12.8617437901021,0
"mlt",1999,0,0,0,14446.356,387578,NA,9.57819748180708,12.8676723978419,0
"mlt",2000,0,0,0,17178.37738,390087,NA,9.75140674288216,12.8741250701509,0
"mlt",2001,0,0,0,16920.73097,393028,NA,9.7362948337637,12.8816361351328,0
"mlt",2002,0,0,0,17255.42994,395969,NA,9.75588215205739,12.8890912043441,0
"mlt",2003,0,0,0,17775.42648,398582,NA,9.78557224763255,12.895668527688,0
"mlt",2004,0,0,0,17728.36598,401268,NA,9.78292123351262,12.9023848122333,0
"mlt",2005,0,0,0,18123.26852,403834,NA,9.80495194522857,12.9087591814153,0
"mlt",2006,0,0,0,18479.21301,405308,NA,9.8244017582499,12.9124025508869,0
"mlt",2007,0,0,0,19342.32529,406724,NA,9.8700509939413,12.9158901017106,0
"mlt",2008,0,0,0,20064.46108,409379,NA,9.90670542363112,12.9223966563163,0
"mlt",2009,0,0,0,19635.91578,412477,NA,9.88511560610784,12.9299357256266,0
"mlt",2010,0,0,0,20750.64795,414508,NA,9.94033275167733,12.9348475537331,0
"mlt",2011,0,0,0,20867.93109,416268,NA,9.94596886195167,12.9390845625851,0
"mlt",2012,0,0,0,21529.39822,420028,NA,9.97717463920141,12.9480766547041,0
"mlt",2013,0,0,0,22626.49814,424810,NA,10.0268769825085,12.9593972891224,0
"mlt",2014,0,0,0,23866.06679,433481,NA,10.0802129294675,12.9796032449458,0
"mmr",1990,4,1,3,170.2334367,39817251,NA,5.1371706521911,17.4998108185568,0
"mmr",1991,4,1,3,166.7104399,40394154,NA,5.11625841467039,17.5141956294906,0
"mmr",1992,0,0,3,180.3332274,40950342,NA,5.19480640274752,17.5278707198768,0
"mmr",1993,0,0,3,188.6805253,41502429,NA,5.24005524249105,17.5412625136086,0
"mmr",1994,0,0,3,200.1247885,42055143,NA,5.29894111447685,17.554492243682,0
"mmr",1995,4,0,3,211.2656359,42605338,NA,5.3531162795929,17.5674901085539,0
"mmr",1996,3,0,3,222.0133598,43154860,NA,5.40273755934086,17.5803055995106,0
"mmr",1997,0,0,3,231.5879541,43708798,NA,5.44495973268816,17.5930599670333,0
"mmr",1998,0,0,3,242.1321481,44257793,NA,5.48948364364554,17.6055420269065,0
"mmr",1999,4,1,3,265.4553351,44787724,NA,5.58144659715131,17.6174446419783,0
"mmr",2000,0,0,3,298.5904645,45290841,NA,5.69907295056974,17.6286153845806,0
"mmr",2001,4,2,3,328.9738727,45771139,NA,5.79597833332618,17.6391642976162,0
"mmr",2002,4,0,3,364.8558002,46232653,NA,5.89950220757739,17.649196881296,0
"mmr",2003,4,0,3,411.4987641,46667192,NA,6.01980601671043,17.658551948985,0
"mmr",2004,3,0,3,463.3301357,47068772,NA,6.13843983606591,17.6671203242331,0
"mmr",2005,4,0,3,522.0995448,47438365,NA,6.2578582685525,17.674941847473,0
"mmr",2006,1,0,3,586.0855799,47785135,NA,6.37346581969908,17.6822251658328,0
"mmr",2007,4,0,3,651.7297309,48125043,NA,6.47962995282867,17.6893132440783,0
"mmr",2008,3,0,3,714.620419,48390793,NA,6.57175151920851,17.6948201263186,0
"mmr",2009,3.33333333333333,0,3,785.6348532,48660459,NA,6.66649212112744,17.7003773280742,0
"mmr",2010,0,0,2.98,854.932478,49024382,NA,6.75102249271881,17.7078283241539,0
"mmr",2011,3.5,0,7.99,895.5125388,49419820,NA,6.79739622341279,17.715862116268,0
"mmr",2012,0,0,7.99,953.1230819,49837446,0.498339056968689,6.85974404736096,17.7242771871497,0
"mmr",2013,4,0,7.99,1024.690605,50262658,0.545047700405121,6.93214599722651,17.7327729736794,0
"mmr",2014,4,0,7.99,1099.243878,50681634,0.62319153547287,7.00237783879365,17.7410741544129,0
"mne",1990,0,0,NA,NA,606372,NA,NA,13.3152489381018,0
"mne",1991,0,0,NA,NA,607105,NA,NA,13.3164570369601,0
"mne",1992,0,0,NA,NA,608516,NA,NA,13.31877848523,0
"mne",1993,0,0,NA,NA,610170,NA,NA,13.3214928858477,0
"mne",1994,0,0,NA,NA,611389,NA,NA,13.3234886967821,0
"mne",1995,0,0,NA,NA,611712,NA,NA,13.3240168624978,0
"mne",1996,0,0,NA,NA,611003,NA,NA,13.3228571481253,0
"mne",1997,0,0,NA,4448.044597,609520,NA,8.40021986218411,13.3204270411469,0
"mne",1998,0,0,NA,4680.265899,607662,NA,8.45111020332336,13.3173740853143,0
"mne",1999,0,0,NA,4251.943371,606001,NA,8.35513142116995,13.3146369152151,0
"mne",2000,0,0,NA,4391.36966,604950,NA,8.38739645285295,13.3129010889696,0
"mne",2001,0,0,NA,4421.839943,607389,NA,8.39431116514947,13.3169247214528,0
"mne",2002,0,0,NA,4488.007167,609828,NA,8.40916404412639,13.3209322291762,0
"mne",2003,0,0,NA,4581.107007,612267,NA,8.42969595248754,13.3249237408642,0
"mne",2004,0,0,NA,4775.39883,613353,NA,8.47123277403417,13.3266959056204,0
"mne",2005,0,0,NA,4967.685271,614261,NA,8.51070927035855,13.328175198241,0
"mne",2006,0,0,0,5386.538338,615025,NA,8.59165821973211,13.329418196369,0
"mne",2007,0,0,0,5763.04036,615875,NA,8.65922045470904,13.3307992998463,0
"mne",2008,0,0,0,6149.685581,616969,NA,8.72415623445298,13.3325740585135,0
"mne",2009,0,0,0,5768.657095,618294,NA,8.66019459324607,13.3347193514724,0
"mne",2010,0,0,0,5917.917887,619428,NA,8.68573995773716,13.3365517505367,0
"mne",2011,2,0,0,6110.660139,620345,NA,8.71779008871901,13.3380310538724,0
"mne",2012,0,0,0,5948.37912,621418,NA,8.69087404462075,13.3397592423706,0
"mne",2013,0,0,0,6138.251536,622587,NA,8.72229521446384,13.3416386565918,0
"mne",2014,0,0,0,6272.091164,623744,NA,8.74386509700114,13.3434953067631,0
"mng",1990,0,0,NA,1823.456238,2098710,NA,7.50848901105755,14.5568334282286,0
"mng",1991,0,0,NA,1613.699854,2165342,NA,7.386284867472,14.5880888746106,0
"mng",1992,0,0,2.04,1462.674672,2167790,0.128481730818748,7.28802200582051,14.5892187733815,0
"mng",1993,0,0,2.04,1418.065607,2165130,0.362613379955292,7.25704897329963,14.5879909638054,0
"mng",1994,0,0,3.07,1432.280727,2189395,0.322175592184067,7.26702336671539,14.5991358079193,0
"mng",1995,0,0,3.07,1499.264952,2224945,0.362794518470764,7.31273023498538,14.6152427541758,0
"mng",1996,0,0,3.07,1509.329211,2259507,0.385383129119873,7.31942059998326,14.6306572058592,0
"mng",1997,0,0,3.07,1546.080985,2291750,0.389605522155762,7.3434786113459,14.644826275824,0
"mng",1998,0,0,3.07,1575.677162,2323809,0.420946329832077,7.36244040298723,14.6587182076901,0
"mng",1999,0,0,3.07,1601.313539,2356813,0.430768191814423,7.378579533298,14.6728208406291,0
"mng",2000,0,0,3.07,1598.31282,2388299,0.508023142814636,7.37670386436478,14.6860919550368,0
"mng",2001,0,0,3.07,1625.461523,2417751,0.453246742486954,7.3935470685933,14.6983483271868,0
"mng",2002,0,0,3.07,1680.653353,2449027,0.402151703834534,7.42693789739031,14.7112013607817,0
"mng",2003,0,0,3.07,1775.649067,2480374,-0.139802783727646,7.48192130661727,14.7239199132226,0
"mng",2004,0,0,3.07,1942.362637,2508412,NA,7.5716603651983,14.7351604415656,0
"mng",2005,0,0,3.07,2060.261682,2536407,NA,7.63058828381307,14.7462590706213,0
"mng",2006,0,0,3.07,2209.743218,2567168,0.069801039993763,7.70063159681088,14.7583139037577,0
"mng",2007,0,0,3.07,2403.724163,2601850,-0.0364789701998234,7.78477454822328,14.7717332884298,0
"mng",2008,0,0,3.07,2576.712958,2643201,-0.0991966426372528,7.85426981834059,14.787501240638,0
"mng",2009,0,0,3.07,2498.729675,2691115,-0.759158849716187,7.8235377517145,14.8054661638387,0
"mng",2010,0,0,4.06,2611.673266,2738622,-0.573932290077209,7.86774639298544,14.8229654321497,0
"mng",2011,0,0,4.06,3010.816427,2786317,-0.468514323234558,8.00996655917047,14.8402312100508,0
"mng",2012,0,0,4.06,3318.164966,2839705,-0.227800220251083,8.10716718801959,14.8592107315028,0
"mng",2013,0,0,4.06,3628.907081,2899011,0.564457833766937,8.196686802311,14.8798802023085,0
"mng",2014,0,0,4.06,3830.35892,2963113,0.57427853345871,8.25071379057766,14.9017509628518,0
"moz",1990,0,0,NA,221.0489811,13094537,NA,5.39838431089723,16.3877056782924,0
"moz",1991,0,0,NA,227.4627362,13352090,NA,5.42698642805175,16.4071834848643,0
"moz",1992,0,0,NA,206.1946076,13613316,NA,5.3288204199315,16.4265589893303,0
"moz",1993,0,0,NA,221.62458,14051192,NA,5.40098486929951,16.458217790003,0
"moz",1994,1,0,NA,220.4785833,15033853,NA,5.39580056227853,16.5258150828348,0
"moz",1995,0,0,NA,212.0862499,15960530,NA,5.35699303108635,16.5856293574546,0
"moz",1996,0,0,NA,227.1984867,16492480,NA,5.42582402617341,16.618415077406,0
"moz",1997,0,0,NA,247.1849456,16949982,NA,5.5101368240527,16.6457773298433,0
"moz",1998,0,0,NA,266.6727054,17340464,NA,5.58602208399342,16.6685532878975,0
"moz",1999,0,0,NA,291.5600187,17734506,NA,5.67524588065175,16.691022791277,0
"moz",2000,0,0,NA,287.3906303,18129653,NA,5.66084237151292,16.7130594430002,0
"moz",2001,0,0,NA,317.1857036,18537729,NA,5.75948741812708,16.7353186186899,0
"moz",2002,0,0,NA,340.1353702,18958338,NA,5.82934368601752,16.7577543927211,0
"moz",2003,0,0,NA,356.5211574,19392475,NA,5.87639358563894,16.7803956621882,0
"moz",2004,0,0,NA,377.0649581,19840313,NA,5.93241747525813,16.8032264359062,0
"moz",2005,0,0,NA,391.6997582,20304569,NA,5.97049562336243,16.8263564925783,0
"moz",2006,0,0,NA,420.5264628,20787087,NA,6.0415074091808,16.849842534577,0
"moz",2007,0,0,NA,442.0495741,21287635,NA,6.09142203438568,16.8736369456828,0
"moz",2008,0,0,NA,460.9472949,21819036,NA,6.133283708695,16.8982933577416,0
"moz",2009,0,0,NA,475.7881781,22391745,NA,6.16497275119616,16.9242029221169,0
"moz",2010,0,0,NA,494.1628591,22999235,NA,6.20286513714879,16.9509715124707,0
"moz",2011,0,0,NA,514.8699572,23649039,NA,6.24391435848638,16.9788330378272,0
"moz",2012,0,0,NA,540.2945178,24337846,NA,6.29211439421331,17.0075431453052,0
"moz",2013,0,0,NA,559.3939537,25051611,NA,6.32685397216458,17.0364486948045,0
"moz",2014,0,0,NA,585.2667161,25788475,NA,6.37206766828692,17.0654382446629,0
"mrt",1990,4,1,NA,1437.750482,1951878,NA,7.27083500583985,14.484302544002,0
"mrt",1991,0,0,NA,1421.325999,2009738,NA,7.25934551698602,14.5135149232805,0
"mrt",1992,0,0,NA,1393.601055,2088135,NA,7.2396463631301,14.551781881067,0
"mrt",1993,0,0,NA,1416.967257,2174328,NA,7.25627413215483,14.592230209248,0
"mrt",1994,0,0,NA,1327.723041,2249454,NA,7.19122075482223,14.6261980780656,0
"mrt",1995,0,0,NA,1418.646646,2312017,NA,7.25745862994176,14.6536308616885,0
"mrt",1996,0,0,NA,1471.803309,2358188,NA,7.2942436687574,14.6734040854848,0
"mrt",1997,0,0,NA,1381.162749,2411306,NA,7.23068099512608,14.695679067401,0
"mrt",1998,0,0,NA,1383.192297,2474651,NA,7.23214936538307,14.7216099339411,0
"mrt",1999,0,0,NA,1396.172201,2541698,NA,7.24148962886681,14.7483429195825,0
"mrt",2000,0,0,NA,1304.644391,2613441,NA,7.17368578530465,14.7761783017894,0
"mrt",2001,0,0,NA,1262.655673,2678760,NA,7.14097245889457,14.8008645588474,0
"mrt",2002,0,0,NA,1252.103005,2738655,NA,7.13257982064008,14.8229774819328,0
"mrt",2003,1,0,NA,1308.563076,2802046,NA,7.17668492562306,14.8458604225894,0
"mrt",2004,0,0,NA,1338.667681,2868664,NA,7.19943013042229,14.8693569741281,0
"mrt",2005,0,0,NA,1418.532021,2939059,NA,7.25737782783973,14.893600020055,0
"mrt",2006,0,0,NA,1637.041913,3013660,NA,7.40064618058644,14.9186658449043,0
"mrt",2007,0,0,NA,1563.606288,3093059,NA,7.35475015539959,14.9446711268167,0
"mrt",2008,0,0,NA,1514.265501,3183269,NA,7.32268578255953,14.9734192141605,0
"mrt",2009,0,0,NA,1469.054269,3284448,NA,7.29237411830975,15.0047091592514,0
"mrt",2010,0,0,NA,1460.191797,3390965,NA,7.28632307388261,15.0366250996154,0
"mrt",2011,0,0,NA,1472.552456,3502811,NA,7.29475253866033,15.0690763469701,0
"mrt",2012,0,0,NA,1488.971776,3619034,NA,7.305841077501,15.1017176973622,0
"mrt",2013,0,0,NA,1502.901424,3734318,NA,7.3151528014411,15.1330757628213,0
"mrt",2014,0,0,NA,1520.646216,3848514,NA,7.32689066559829,15.1631976577308,0
"mwi",1990,0,0,NA,353.7713037,9545852,NA,5.86865066961765,16.0716172725518,0
"mwi",1991,0,0,NA,372.9975618,9844227,NA,5.92157188289323,16.102395749959,0
"mwi",1992,0,0,NA,335.7265435,10135079,NA,5.81629696996952,16.1315131326085,0
"mwi",1993,0,0,NA,362.9309954,10284024,NA,5.89421272087764,16.1461021810875,0
"mwi",1994,0,0,NA,329.5840999,10164894,NA,5.79783155627704,16.1344505770512,0
"mwi",1995,0,0,NA,385.2797141,10150117,NA,5.9539696006224,16.1329957904792,0
"mwi",1996,0,0,NA,405.3970637,10352228,NA,6.00486699102176,16.1527123202098,0
"mwi",1997,0,0,NA,412.4131068,10562035,NA,6.02202553340305,16.1727765260099,0
"mwi",1998,0,0,NA,419.3132452,10792876,NA,6.03861824251634,16.1943968448135,0
"mwi",1999,0,0,NA,422.09991,11047804,NA,6.04524203956881,16.2177422331463,0
"mwi",2000,0,0,NA,418.592985,11315942,NA,6.03689905162972,16.2417230859044,0
"mwi",2001,0,0,NA,388.2600398,11593058,NA,5.96167532080585,16.2659170286591,0
"mwi",2002,0,0,NA,385.3089802,11880440,NA,5.95404555839399,16.29040390825,0
"mwi",2003,0,0,NA,397.2248468,12181574,NA,5.98450248509873,16.3154350401398,0
"mwi",2004,0,0,NA,408.0649161,12500737,NA,6.01142626983605,16.3412981605345,0
"mwi",2005,0,0,NA,410.2679796,12840031,NA,6.01681055496965,16.3680782705534,0
"mwi",2006,0,0,NA,417.8776898,13198701,NA,6.03518878157267,16.3956289736232,0
"mwi",2007,0,0,NA,445.2543054,13576343,NA,6.09864559174683,16.4238393507509,0
"mwi",2008,0,0,NA,465.551473,13976417,NA,6.1432226663291,16.4528819672141,0
"mwi",2009,0,0,NA,489.6314188,14395788,NA,6.19365290152478,16.4824462217598,0
"mwi",2010,0,0,NA,508.0886506,14826463,NA,6.23065594140867,16.5119241826334,0
"mwi",2011,0,0,NA,517.8337366,15265022,NA,6.24965421892233,16.5410746253554,0
"mwi",2012,0,0,NA,512.740318,15709577,NA,6.23976951427787,16.5697810843442,0
"mwi",2013,0,0,NA,525.3576455,16161816,NA,6.26407926018393,16.5981619809811,0
"mwi",2014,0,0,NA,539.5626019,16621538,NA,6.29075881485244,16.6262098822196,0
"mys",1990,0,0,14.03,4184.760729,17833171,NA,8.33920480781241,16.696570820353,0
"mys",1991,0,0,14.03,4456.931331,18342464,NA,8.40221576582764,16.7247293669133,0
"mys",1992,4,0,14.03,4726.137892,18834572,NA,8.46086363463817,16.7512046751973,0
"mys",1993,0,0,14.03,5062.591104,19322664,NA,8.52963370710472,16.7767892654417,0
"mys",1994,0,0,14.03,5390.101676,19820446,NA,8.59231952754702,16.8022245891356,0
"mys",1995,0,0,14.03,5771.35212,20330599,NA,8.66066166827154,16.827637649017,0
"mys",1996,0,0,14.03,6190.464291,20850087,NA,8.73076536948937,16.8528686788623,0
"mys",1997,0,0,14.03,6480.556495,21375218,NA,8.77656166451697,16.8777427715655,0
"mys",1998,0,0,14.03,5857.967029,21906713,NA,8.67555789900038,16.9023036774965,0
"mys",1999,0,0,14.03,6070.95622,22435531,NA,8.71127140377187,16.9261564654874,0
"mys",2000,0,0,14.03,6455.614198,22967816,NA,8.77270544949006,16.949604489605,0
"mys",2001,0,0,14,6334.927957,23526538,NA,8.75383372047274,16.973639618557,0
"mys",2002,0,0,14,6516.906716,24102477,NA,8.7821551122818,16.9978251732624,0
"mys",2003,3,0,14,6732.920495,24679602,NA,8.81476428021773,17.0214876304533,0
"mys",2004,3,0,14,7025.34558,25256772,NA,8.85727968587458,17.0446048757468,0
"mys",2005,3,0,14,7234.024427,25836071,NA,8.88655078919973,17.0672821742341,0
"mys",2006,3,0,14,7469.810692,26417909,NA,8.91862493536933,17.0895527093389,0
"mys",2007,0,0,14,7769.596934,26998389,NA,8.95797356737008,17.1112877555218,0
"mys",2008,3,0,14,7976.117854,27570059,NA,8.98420708761074,17.1322409230049,0
"mys",2009,0,0,14,7700.461113,28124778,NA,8.94903549085395,17.1521615251244,0
"mys",2010,0,0,14,8118.922705,28655776,NA,9.00195275255601,17.17086558639,0
"mys",2011,0,0,14,8400.322487,29162039,NA,9.036025375404,17.1883783872143,0
"mys",2012,0,0,14,8710.526714,29662831,NA,9.07228754034882,17.2054053385345,0
"mys",2013,0,0,14,8964.807249,30174265,NA,9.10106188541769,17.222499966739,0
"mys",2014,1,0,14,9341.73056,30696137,NA,9.14224679885635,17.2396473740212,0
"nam",1990,0,0,NA,2857.337775,1369303,NA,7.95764562240385,14.1298124092184,0
"nam",1991,0,0,NA,2989.400016,1415684,NA,8.00282798270396,14.1631233644892,0
"nam",1992,0,0,NA,3104.245361,1461322,NA,8.040525924893,14.1948520634374,0
"nam",1993,0,0,NA,2959.275038,1508697,NA,7.99269959772581,14.2267569223593,0
"nam",1994,0,0,NA,2918.377403,1556304,NA,7.9787830569087,14.2578243373883,0
"nam",1995,0,0,NA,2945.36227,1602170,NA,7.9879871004049,14.2868695183337,0
"nam",1996,0,0,NA,2958.240607,1646103,NA,7.99234998107159,14.313921234203,0
"nam",1997,3,0,NA,3004.308044,1689264,NA,8.00780255223388,14.3398034890817,0
"nam",1998,3,0,NA,3025.32668,1732745,NA,8.01477435802251,14.3652174141896,0
"nam",1999,0,0,NA,3050.460989,1776368,NA,8.02304800211479,14.390081388277,0
"nam",2000,0,0,NA,3083.596579,1818647,NA,8.03385191516693,14.4136033759959,0
"nam",2001,0,0,NA,3055.404448,1857048,NA,8.02466725171377,14.434498688143,0
"nam",2002,0,0,NA,3145.945663,1889970,NA,8.05386981169538,14.452071513894,0
"nam",2003,0,0,NA,3232.305897,1917464,NA,8.08095106151131,14.4665140376014,0
"nam",2004,0,0,NA,3582.895033,1942082,NA,8.18392642103435,14.4792711514528,0
"nam",2005,0,0,NA,3627.750598,1966582,NA,8.19636806521165,14.4918075684337,0
"nam",2006,0,0,NA,3834.998947,1991888,NA,8.25192443922505,14.5045934906464,0
"nam",2007,0,0,NA,3987.617961,2018600,NA,8.29094932935146,14.5179147597869,0
"nam",2008,0,0,NA,4036.381875,2047056,NA,8.30310399419282,14.5319132213772,0
"nam",2009,0,0,NA,3989.207114,2077394,NA,8.29134777184107,14.546624781546,0
"nam",2010,0,0,NA,4165.129902,2109811,NA,8.33450274307016,14.5621089279806,0
"nam",2011,0,0,NA,4302.724514,2146325,NA,8.36700370894389,14.5792676352542,0
"nam",2012,0,0,NA,4420.967414,2194654,NA,8.39411382306847,14.6015349610868,0
"nam",2013,0,0,NA,4549.267591,2252508,NA,8.4227215299771,14.6275548200676,0
"nam",2014,0,0,NA,4701.956942,2312139,NA,8.45573407167825,14.6536836280745,0
"ner",1990,3,0,NA,465.9238895,8286059,NA,6.14402229353308,15.9300850220383,0
"ner",1991,3,0,NA,449.7192669,8546900,NA,6.10862353675482,15.961079202068,0
"ner",1992,0,0,NA,444.6327753,8817633,NA,6.09724871743649,15.9922640246191,0
"ner",1993,4,0.5,NA,432.1844496,9100789,NA,6.06885246378645,16.0238716710253,0
"ner",1994,0,0,NA,426.2675068,9398258,NA,6.05506709942586,16.0560349109176,0
"ner",1995,0,0,NA,422.5231539,9714529,NA,6.04624424742582,16.0891331578891,0
"ner",1996,0,0,NA,409.0393587,10044852,NA,6.01381138295319,16.1225708224243,0
"ner",1997,0,0,NA,401.7249881,10383969,NA,5.99576774530556,16.1557737325595,0
"ner",1998,0,0,NA,427.0860303,10741413,NA,6.05698546904745,16.189617202637,0
"ner",1999,0,0,NA,411.7356992,11117411,NA,6.02038163669988,16.224022995938,0
"ner",2000,0,0,NA,392.8986169,11509630,NA,5.97355160632406,16.2586946342213,0
"ner",2001,0,0,NA,406.9234937,11920647,NA,6.00862519160578,16.2937824966519,0
"ner",2002,0,0,NA,412.1237932,12349144,NA,6.02132377314982,16.3290973068952,0
"ner",2003,0,0,NA,406.3337575,12796984,NA,6.00717488470105,16.3647200761259,0
"ner",2004,0,0,NA,393.3987815,13265836,NA,5.97482380859378,16.4007025665609,0
"ner",2005,0,0,NA,407.1909311,13756192,NA,6.00928219362288,16.4369996079827,0
"ner",2006,0,0,NA,415.8520221,14268581,NA,6.03032948087351,16.4735705451253,0
"ner",2007,0,0,NA,413.4191263,14803610,NA,6.02446191202166,16.5103816279099,0
"ner",2008,0,0,NA,429.1955428,15361915,NA,6.06191262580048,16.5474019523917,0
"ner",2009,0,0,NA,421.6509013,15943675,NA,6.04417772357321,16.5845727568236,0
"ner",2010,0,0,NA,441.0791661,16548835,NA,6.08922437430195,16.6218262645604,0
"ner",2011,0,0,NA,434.9862649,17176283,NA,6.07531445564766,16.6590400948838,0
"ner",2012,0,0,NA,463.0662655,17836769,NA,6.13787016587549,16.6967725588483,0
"ner",2013,0,0,NA,469.6902142,18519898,NA,6.15207335866646,16.7343562796077,0
"ner",2014,0,0,NA,482.7452474,19215909,NA,6.17948907641293,16.7712490876537,0
"nga",1990,0,0,NA,1577.196166,97120925,NA,7.36340397111033,18.3914674095299,1
"nga",1991,0,0,NA,1541.590663,99720162,NA,7.34057006038747,18.417878441167,1
"nga",1992,0,0,NA,1571.190226,102372770,NA,7.35958871685784,18.4441313172385,1
"nga",1993,4,0,NA,1498.95895,105122069,NA,7.31252611280434,18.4706327947748,1
"nga",1994,4,1,NA,1433.388611,107935714,NA,7.26779657808386,18.4970463671217,1
"nga",1995,4,0.5,NA,1395.074885,110819428,NA,7.24070337381828,18.523412659867,1
"nga",1996,4,2,NA,1416.101895,113754779,NA,7.25566323141045,18.5495556280996,1
"nga",1997,4,2,NA,1420.23878,116754792,NA,7.25858029138843,18.5755864986388,1
"nga",1998,3,0,NA,1419.317709,119846254,NA,7.2579315485049,18.6017202626199,1
"nga",1999,2,0,NA,1390.469211,123047320,NA,7.23739653103405,18.6280795547998,1
"nga",2000,4,0,NA,1421.67988,126382494,NA,7.25959446547005,18.65482353325,1
"nga",2001,0,0,NA,1465.457203,129862595,NA,7.28992255672214,18.6819874879036,1
"nga",2002,0,0,NA,1644.395189,133471989,NA,7.40512792933226,18.7094021935645,1
"nga",2003,0,0,NA,1717.214511,137202644,NA,7.44845878669905,18.7369695442074,1
"nga",2004,0,0,NA,1824.802695,141057045,NA,7.50922714784327,18.7646749409923,1
"nga",2005,1,1,NA,1889.251753,145017253,NA,7.54393613178183,18.7923632795134,1
"nga",2006,0,0,NA,1949.158568,149077334,NA,7.57515305484359,18.8199757493996,1
"nga",2007,0,0,NA,2020.833163,153267261,NA,7.61126516228897,18.8476937593907,1
"nga",2008,0,0,NA,2098.283392,157595014,NA,7.64887485705053,18.8755390978318,1
"nga",2009,0,0,NA,2204.607256,162049464,NA,7.69830465682381,18.9034121799253,1
"nga",2010,0,0,NA,2315.466765,166642886,NA,7.74736657254637,18.931363673538,1
"nga",2011,0,0,NA,2370.976571,171379598,NA,7.77105720453198,18.9593915255379,1
"nga",2012,0,0,NA,2403.653879,176200625,NA,7.78474530816793,18.9871338185656,1
"nga",2013,0,0,NA,2495.341066,181049443,NA,7.82218069864265,19.014280717673,1
"nga",2014,0,0,NA,2583.61557,185896915,NA,7.85694508061485,19.0407028576105,1
"nic",1990,0,0,3.12,1260.873828,4162559,NA,7.13956027386133,15.2416405873446,0
"nic",1991,4,0,3.12,1229.806045,4259637,NA,7.11461174894069,15.2646945033473,0
"nic",1992,0,0,3.12,1206.962319,4357026,NA,7.09586200188611,15.2873002724905,0
"nic",1993,0,0,3.12,1176.115361,4453732,NA,7.0699722197359,15.309252954356,0
"nic",1994,4,0,3.12,1189.835161,4549316,NA,7.0815700563427,15.3304874499562,0
"nic",1995,3,0,3.12,1234.768283,4642931,NA,7.11863860635707,15.3508564058104,0
"nic",1996,0,0,3.12,1288.940972,4729974,NA,7.16157620825215,15.3694302636243,0
"nic",1997,4,0,3.3,1317.890465,4809573,NA,7.1837876046286,15.3861188647526,0
"nic",1998,3,0,3.3,1346.072761,4883655,NA,7.20494656595017,15.4014044728971,0
"nic",1999,3,0,3.3,1420.318301,4954018,NA,7.25863628110999,15.4157095224524,0
"nic",2000,3.5,0,3.3,1458.374901,5022633,NA,7.28507801326024,15.4294648561569,0
"nic",2001,1,0,3.3,1482.315172,5087825,NA,7.30136044991235,15.4423609887565,0
"nic",2002,0,0,3.3,1475.486354,5149909,NA,7.29674294594985,15.4544896025809,0
"nic",2003,0,0,3.67,1494.956188,5210963,NA,7.30985217970975,15.4662752335015,0
"nic",2004,0,0,3.67,1555.874257,5272912,NA,7.34979288977624,15.4780933295814,0
"nic",2005,0,0,3.67,1601.487707,5342105,NA,7.37868829309094,15.4911303280186,0
"nic",2006,0,0,3.67,1644.371936,5418855,NA,7.40511378847089,15.5053950964859,0
"nic",2007,0,0,3.67,1703.207803,5497243,NA,7.44026869494501,15.5197572517963,0
"nic",2008,0,0,3.67,1736.657406,5576593,NA,7.45971751362747,15.5340885744049,0
"nic",2009,0,0,3.67,1655.72029,5656601,NA,7.41199141367398,15.5483337397536,0
"nic",2010,4,0,3.67,1704.37875,5737450,NA,7.44095595381745,15.562525418716,0
"nic",2011,4,0,3.67,1786.628634,5819051,NA,7.48808567822987,15.5766477479929,0
"nic",2012,0,0,3.67,1876.175972,5901287,NA,7.53699092687282,15.5906810206811,0
"nic",2013,0,0,3.67,1941.456286,5983845,NA,7.57119363333751,15.6045738958946,0
"nic",2014,0,0,3.67,2006.648696,6066492,NA,7.60422129411293,15.6182910717556,0
"nld",1990,3,0,9,31308.91342,14951510,NA,10.3516581097898,16.520322856045,0
"nld",1991,3,0,9,31820.8313,15069798,NA,10.3678764266291,16.5282031663987,0
"nld",1992,4,0,9,32119.95188,15184166,NA,10.3772326699276,16.5357637323327,0
"nld",1993,4,0,9,32297.97662,15290368,NA,10.3827598639049,16.5427336456339,0
"nld",1994,4,0,10,33054.44956,15382838,NA,10.4059114673828,16.5487630303767,0
"nld",1995,4,0,10,33916.50079,15459006,0.743699431419373,10.4316569239122,16.5537023041018,0
"nld",1996,4,0,10,34915.17159,15530498,0.667606830596924,10.4606767297747,16.5583162615779,0
"nld",1997,0,0,10,36211.64929,15610650,0.656621932983398,10.4971361496374,16.5634639315991,0
"nld",1998,4,0,10,37661.73373,15707209,0.666082322597504,10.5363998375296,16.5696303369059,0
"nld",1999,2.66666666666667,0,10,39298.73344,15812088,0.664204061031342,10.5789475693482,16.5762852687766,0
"nld",2000,2,0,10,40665.33817,15925513,0.669971406459808,10.6131313665629,16.5834329724044,0
"nld",2001,3,0,10,41297.31988,16046180,0.680523335933685,10.6285528828967,16.5909813729818,0
"nld",2002,0,0,10,41135.41907,16148929,0.698783338069916,10.6246248072259,16.5973642896445,0
"nld",2003,3,0,10,40981.8477,16225302,0.706442177295685,10.6208845086242,16.6020824336324,0
"nld",2004,0,0,10,41663.14778,16281779,0.686631798744202,10.6373722707699,16.6055571877528,0
"nld",2005,0,0,10,42411.34538,16319868,0.686915397644043,10.655171185144,16.6078938192322,0
"nld",2006,0,0,12.43,43841.12234,16346101,0.697794556617737,10.6883275221154,16.6094999559208,0
"nld",2007,0,0,12.43,45445.52287,16381696,0.704658925533295,10.7242695880428,16.6116751719327,0
"nld",2008,0,0,12.43,46227.21116,16445593,0.71728527545929,10.7413238898328,16.6155680965477,0
"nld",2009,0,0,12.43,44304.41193,16530388,0.735844969749451,10.6988395431736,16.620710941996,0
"nld",2010,0,0,12.43,44659.27284,16615394,0.73726749420166,10.7068172431299,16.6258401730016,0
"nld",2011,4,0,12.43,45239.73189,16693074,0.728931486606598,10.7197310038199,16.6305044608236,0
"nld",2012,0,0,12.43,44631.87454,16754962,0.72245591878891,10.7062035585338,16.6342050111713,0
"nld",2013,0,0,12.43,44487.03063,16804432,0.710740208625793,10.7029529791587,16.6371532191057,0
"nld",2014,3,0,12.43,45042.06695,16865008,0.704647362232208,10.7153521531904,16.6407515008329,0
"nor",1990,0,0,11.11,49937.45576,4241473,NA,10.8185266166009,15.2604211725371,0
"nor",1991,0,0,11.11,51233.03612,4261732,NA,10.8441398396706,15.2651862083872,0
"nor",1992,0,0,11.11,52758.94525,4286401,NA,10.8734886151606,15.2709580110685,0
"nor",1993,0,0,11.11,53938.0213,4311991,NA,10.895590912669,15.2769103043703,0
"nor",1994,0,0,11.11,56343.01054,4336613,NA,10.9392134752175,15.2826041866479,0
"nor",1995,0,0,11.11,58380.56847,4359184,NA,10.9747383817708,15.2877954418461,0
"nor",1996,0,0,11.11,61005.88004,4381336,NA,11.0187255326082,15.2928642586737,0
"nor",1997,0,0,11.11,63882.4765,4405157,NA,11.06480036958,15.298286458034,0
"nor",1998,4,0,11.11,65197.94631,4431464,NA,11.0851832491058,15.3042405614674,0
"nor",1999,2.66666666666667,0,11.11,66094.73545,4461913,NA,11.0988443774334,15.3110881558016,0
"nor",2000,1.5,0,11.11,67846.59686,4490967,NA,11.1250045071886,15.3175786040135,0
"nor",2001,2,0,12.11,68899.5269,4513751,NA,11.140404590505,15.3226390731191,0
"nor",2002,0,0,12.11,69472.98368,4538159,NA,11.1486932319513,15.3280319811696,0
"nor",2003,0,0,12.11,69719.31226,4564855,NA,11.1522326352709,15.3338973080894,0
"nor",2004,0,0,12.11,72090.98629,4591910,NA,11.1856842986755,15.3398066174863,0
"nor",2005,4,0,12.11,73524.25492,4623291,NA,11.2053706296748,15.3466173471282,0
"nor",2006,0,0,12.11,74729.7366,4660677,NA,11.2216333722292,15.3546712745198,0
"nor",2007,0,0,12.11,76115.70668,4709153,NA,11.2400099178226,15.3650186196726,0
"nor",2008,1,0,12.11,75535.2118,4768212,NA,11.232354207972,15.3774819498261,0
"nor",2009,0,0,12.11,73141.30733,4828726,NA,11.2001485658942,15.3900932227199,0
"nor",2010,0,0,12.11,72804.39562,4889252,NA,11.1955316117576,15.4025498845155,0
"nor",2011,3.66666666666667,0,12.11,72660.67541,4953088,NA,11.1935556012178,15.4155217784224,0
"nor",2012,3,0,12.11,73661.67858,5018573,NA,11.2072379779555,15.4286561883093,0
"nor",2013,3,0,12.11,73515.91449,5079623,NA,11.2052571854365,15.4407476042023,0
"nor",2014,3,0,12.11,74180.32387,5137232,NA,11.2142542170357,15.4520249709758,0
"npl",1990,0,0,8,422.7247386,19524573,NA,6.04672123105539,16.7871843840527,0
"npl",1991,0,0,8,438.1561942,20036500,NA,6.08257545456957,16.8130661682291,0
"npl",1992,0,0,10,443.4620448,20609707,NA,6.09461221702761,16.8412727363658,0
"npl",1993,0,0,10,448.1309409,21180159,NA,6.1050854685045,16.8685754051915,0
"npl",1994,0,0,10,472.9510828,21717479,NA,6.15899196411633,16.8936279781536,0
"npl",1995,0,0,10,477.7410996,22245439,NA,6.16906895311953,16.9176475567994,0
"npl",1996,0,0,10,492.212428,22741862,NA,6.1989103875366,16.9397179250805,0
"npl",1997,0,0,10,506.4268744,23219463,NA,6.2273799389321,16.9605014073516,0
"npl",1998,0,0,10,511.5487113,23680357,NA,6.23744281311544,16.9801564438799,0
"npl",1999,0,0,11,524.2725691,24125199,NA,6.26201171911767,16.99876745386,0
"npl",2000,0,0,11,547.2210823,24546509,NA,6.3048528931612,17.0160802025008,0
"npl",2001,0,0,11,564.2862292,24946748,NA,6.33556162134577,17.0322540309854,0
"npl",2002,0,0,11,556.4384545,25328981,NA,6.32155657070926,17.0474597921912,0
"npl",2003,0,0,3,570.2896736,25688758,NA,6.34614443103731,17.0615640222576,0
"npl",2004,3,0,3,589.4699287,26016656,NA,6.37922370714109,17.0742475062639,0
"npl",2005,3,0,3,603.1901086,26309458,NA,6.40223241834974,17.0854390522722,0
"npl",2006,0,0,3,617.4776386,26565425,NA,6.42564285505291,17.0951211162335,0
"npl",2007,0,0,3,633.2261291,26788492,NA,6.45082759231656,17.1034829502761,0
"npl",2008,0,0,3,666.8650954,26990037,NA,6.50258776968705,17.1109783558713,0
"npl",2009,0,0,3,692.4000008,27173035,NA,6.54016382445746,17.1177356792495,0
"npl",2010,0,0,3,721.2652214,27341952,NA,6.58100692179373,17.1239327839316,0
"npl",2011,0,0,3,742.6172527,27464494,NA,6.6101807743037,17.1284046011411,0
"npl",2012,0,0,3,775.3105785,27534915,NA,6.65326369552755,17.1309653936937,0
"npl",2013,0,0,3,801.0390608,27589996,NA,6.68590971092308,17.1329638012134,0
"npl",2014,0,0,3,846.6655418,27672370,NA,6.74130574276091,17.1359450004262,0
"nzl",1990,0,0,10,26395.6956,3329800,NA,10.1809562303865,15.0184228000929,0
"nzl",1991,0,0,10,24873.01165,3495100,NA,10.1215386251636,15.066872545544,0
"nzl",1992,0,0,10,24884.49574,3531700,NA,10.1220002274747,15.0772898993862,0
"nzl",1993,0,0,10,26174.83377,3572200,NA,10.1725536850022,15.0886922104525,0
"nzl",1994,0,0,10,27151.47171,3620000,NA,10.2091865305228,15.101984583802,0
"nzl",1995,0,0,10,28020.24887,3673400,NA,10.2406827017216,15.1166282216766,0
"nzl",1996,0,0,10,28576.43998,3732000,NA,10.2603378803942,15.1324548409494,0
"nzl",1997,0,0,10,28790.30012,3781300,NA,10.2677938080048,15.1455784238144,0
"nzl",1998,0,0,11,28780.93418,3815000,NA,10.2674684392613,15.1544512227007,0
"nzl",1999,0,0,11,30169.7402,3835100,NA,10.3145947209128,15.1597060680628,0
"nzl",2000,0,0,11,30853.80764,3857700,NA,10.3370154460286,15.1655817089266,0
"nzl",2001,0,0,11,31718.76284,3880500,NA,10.3646636724661,15.1714745692763,0
"nzl",2002,0,0,11,32641.82022,3948500,0.301723152399063,10.3933495740673,15.1888463179198,0
"nzl",2003,0,0,11,33517.08933,4027200,0.117723122239113,10.4198107169952,15.2085819033632,0
"nzl",2004,0,0,11,34372.58911,4087500,0.144480898976326,10.4450146975275,15.2234440941876,0
"nzl",2005,0,0,11,35126.33416,4133900,0.122433610260487,10.4667063891176,15.2347318292844,0
"nzl",2006,0,0,11,35665.35333,4184600,0.216070979833603,10.4819350015746,15.2469216778873,0
"nzl",2007,0,0,11,36414.3173,4223800,0.11747333407402,10.5027173087075,15.2562457547624,0
"nzl",2008,0,0,11,35739.35846,4259800,NA,10.4840078383565,15.2647327687866,0
"nzl",2009,0,0,11,35370.58519,4302600,0.284178167581558,10.4736358268747,15.2747300490987,0
"nzl",2010,0,0,11,35489.76315,4350700,0.263227194547653,10.4769995719074,15.2858473096589,0
"nzl",2011,0,0,11,35957.52325,4384000,0.269151598215103,10.4900936110745,15.29347210761,0
"nzl",2012,0,0,11,36607.14939,4408100,0.254156410694122,10.507998838838,15.298954315583,0
"nzl",2013,0,0,11,37267.6587,4442100,0.302971810102463,10.5258811705376,15.3066377955649,0
"nzl",2014,0,0,11,38056.26467,4516500,0.216820269823074,10.5468209928388,15.323247915572,0
"omn",1990,0,0,NA,16629.45566,1763954,NA,9.71893083923995,14.3830684381114,0
"omn",1991,4,0,NA,16805.72184,1851473,NA,9.72947469311949,14.4314920964587,0
"omn",1992,0,0,NA,17404.13146,1938238,NA,9.76446289724804,14.4772898709102,0
"omn",1993,0,0,NA,17694.16051,2021675,NA,9.78098994943883,14.5194369336952,0
"omn",1994,3,0,NA,17848.81877,2081834,NA,9.78969260966796,14.5487597939505,0
"omn",1995,0,0,NA,18398.72421,2120528,NA,9.82003660478015,14.5671756722425,0
"omn",1996,0,0,NA,18639.20394,2156926,NA,9.83302238024606,14.5841946178751,0
"omn",1997,0,0,NA,19458.92664,2190720,NA,9.87606119697315,14.5997408148839,0
"omn",1998,0,0,NA,19167.75547,2222489,NA,9.8609847436343,14.6141382969766,0
"omn",1999,0,0,NA,18965.21423,2252909,NA,9.85036175013091,14.6277328280083,0
"omn",2000,0,0,NA,19881.73643,2282131,NA,9.8975568219696,14.6406202135409,0
"omn",2001,0,0,NA,20546.05541,2310217,NA,9.93042425064788,14.6528520174799,0
"omn",2002,0,0,NA,20150.1132,2337140,NA,9.91096518522505,14.6644385175889,0
"omn",2003,3,0,NA,19485.64415,2363796,NA,9.87743327598953,14.6757793593683,0
"omn",2004,0,0,NA,19534.86014,2404821,NA,9.87995584800616,14.6929860304776,0
"omn",2005,0,0,NA,19629.04515,2459802,NA,9.88476564370332,14.7155914168644,0
"omn",2006,0,0,NA,20096.39656,2514795,NA,9.90829580235348,14.7377018472594,0
"omn",2007,0,0,NA,20642.74896,2570174,NA,9.93511939677354,14.7594841588597,0
"omn",2008,0,0,NA,22007.7339,2626529,NA,9.99914921147352,14.7811737606249,0
"omn",2009,0,0,NA,22819.19773,2684659,NA,10.0353574663563,14.8030642759975,0
"omn",2010,0,0,NA,22766.05036,2757446,NA,10.0330256859533,14.8298154469625,0
"omn",2011,0,0,NA,20993.90794,3076763,NA,9.95198757652373,14.9393886282633,0
"omn",2012,0,0,NA,19824.12155,3547106,NA,9.89465473530695,15.0816426177186,0
"omn",2013,0,0,NA,19299.94005,3833913,NA,9.86785726867054,15.1593965106245,0
"omn",2014,0,0,NA,18726.20269,4002439,NA,9.83767903542829,15.2024144832622,0
"pak",1990,3.5,0.5,12.35,950.8846448,116155576,NA,6.85739275634477,18.570441022916,1
"pak",1991,3,0,12.35,966.5224957,120060406,NA,6.87370457380432,18.6035055574248,1
"pak",1992,0,0,12.35,1011.625084,123546848,NA,6.91931331085058,18.632130978135,1
"pak",1993,5,5,12.35,1001.258548,127020117,NA,6.90901303567447,18.6598560334535,1
"pak",1994,5,5,12.36,1009.064295,130748083,NA,6.91677873982992,18.6887829992339,1
"pak",1995,5,5,12.36,1028.965924,134582253,NA,6.93630961963946,18.7176861165562,1
"pak",1996,5,5,12.36,1047.886635,138557092,NA,6.95453068631997,18.7467930152602,1
"pak",1997,5,5,12.36,1028.998048,142531804,NA,6.93634083884488,18.7750757187356,1
"pak",1998,5,5,12.36,1026.500337,146522356,NA,6.93391056475898,18.8026885754617,1
"pak",1999,4.5,3.5,12.36,1035.498882,150565377,NA,6.9426386011634,18.8299079465005,1
"pak",2000,4,2,2.94,1049.542297,154879127,NA,6.95610944049718,18.8581555448548,1
"pak",2001,4,2,14.57,1057.867678,159270907,NA,6.96401053654365,18.886117127944,1
"pak",2002,4,2.5,14.57,1059.04171,163222549,NA,6.9651197310392,18.9106251588421,1
"pak",2003,4,2.5,23.03,1090.27524,167110248,NA,6.99418545710842,18.9341643202309,1
"pak",2004,2.5,0.5,23.03,1146.996328,171286000,NA,7.0449019157293,18.9588452319918,1
"pak",2005,2.5,0.25,23.03,1201.233594,175453212,NA,7.09110430275107,18.982882967036,1
"pak",2006,2.5,0.25,23.03,1243.941426,179682690,NA,7.12604018698158,19.006703019902,1
"pak",2007,2,0.666666666666667,23.03,1265.355675,184493231,NA,7.14310852764977,19.0331233324249,1
"pak",2008,3,0.333333333333333,23.03,1258.051889,189499113,NA,7.13731968362755,19.059894901737,1
"pak",2009,2.5,0.25,12.46,1269.074321,194376534,NA,7.1460430325873,19.085307732828,1
"pak",2010,1,0,17.15,1256.694822,199239047,NA,7.1362403962975,19.1100159029818,1
"pak",2011,1,0,18.28,1261.831619,203746065,NA,7.14031961026912,19.1323849970153,1
"pak",2012,2.5,0,17.39,1275.488069,207667125,NA,7.15108418355929,19.1514469951438,1
"pak",2013,2.5,0.5,19.67,1309.700804,211073978,NA,7.17755399621621,19.1677192366273,1
"pak",2014,1.75,0.25,19.67,1343.307781,214264647,NA,7.20289034450362,19.1827224771661,1
"pan",1990,0,0,5.01,4828.758777,2455583,NA,8.48234473163351,14.7138747655599,0
"pan",1991,0,0,5.01,5172.606901,2508265,NA,8.55113207658835,14.7351018370351,0
"pan",1992,0,0,5.01,5480.880635,2561336,NA,8.60902106684875,14.7560395553263,0
"pan",1993,0,0,5.01,5661.076249,2615099,NA,8.64136930312101,14.7768125132731,0
"pan",1994,0,0,5.01,5703.673376,2669546,NA,8.6488656981825,14.7974189784652,0
"pan",1995,0,0,5.01,5686.40439,2724557,NA,8.64583340997748,14.8178164040564,0
"pan",1996,0,0,5.01,5799.885584,2780227,NA,8.66559346944338,14.8380431370095,0
"pan",1997,0,0,5.06,6122.646633,2836695,NA,8.71974973839661,14.8581502000807,0
"pan",1998,0,0,5.06,6504.970098,2893914,NA,8.78032179416433,14.8781204690769,0
"pan",1999,0,0,5.06,6709.722742,2951822,NA,8.8113129089928,14.8979331647815,0
"pan",2000,0,0,5.06,6856.149188,3010369,NA,8.8329012202509,14.9175732205735,0
"pan",2001,0,0,5.06,6787.862658,3069537,NA,8.82289139309109,14.9370372938575,0
"pan",2002,0,0,5.06,6825.177478,3129344,NA,8.82837362381762,14.9563339558859,0
"pan",2003,0,0,5.06,7037.081649,3189807,NA,8.85894882471294,14.9754709713633,0
"pan",2004,0,0,5.06,7468.765935,3251155,NA,8.91848506166813,14.9945208757871,0
"pan",2005,0,0,5.06,7935.871345,3313026,NA,8.97914843726576,15.0133725291233,0
"pan",2006,0,0,5.06,8557.980174,3375024,NA,9.05461948031131,15.0319129933746,0
"pan",2007,0,0,5.06,9507.646402,3437490,NA,9.15985163826393,15.0502521118618,0
"pan",2008,0,0,5.06,10288.15498,3500648,NA,9.23874851051635,15.06845865218,0
"pan",2009,0,0,5.06,10267.06331,3564381,NA,9.23669631363819,15.0865009642161,0
"pan",2010,0,0,5.06,10698.07175,3628535,NA,9.2778187939298,15.104339543513,0
"pan",2011,0,0,5.06,11761.49884,3693505,NA,9.37258666571221,15.1220864296795,0
"pan",2012,0,0,5.06,12668.29454,3759256,NA,9.44685765809869,15.1397316234463,0
"pan",2013,2.5,0,5.06,13236.83065,3825329,NA,9.49075842394756,15.1571550346158,0
"pan",2014,0,0,5.06,13611.54907,3892101,NA,9.51867390768447,15.1744596726194,0
"per",1990,0,0,16,2706.922532,22014771,NA,7.90356767154688,16.9072241951193,0
"per",1991,3,0,16,2709.277545,22483775,NA,7.90443728977181,16.9283044959379,0
"per",1992,4,0,16,2640.313739,22946340,NA,7.87865302960969,16.9486690046288,0
"per",1993,0,0,11,2723.284231,23413783,NA,7.90959386879083,16.9688354240195,0
"per",1994,0,0,11,2998.576931,23881493,NA,8.00589309877436,16.9886143654723,0
"per",1995,4,1.5,11,3158.983386,24348919,0.786934375762939,8.058005541529,17.0079980122569,0
"per",1996,4,0,11,3186.90077,24811171,0.782094538211823,8.06680417806816,17.0268045532644,0
"per",1997,4,0,11,3331.151511,25274147,0.782032907009125,8.11107332229886,17.0452925735377,0
"per",1998,3,0,11,3258.297462,25738095,0.740046501159668,8.08896008702,17.0634827480694,0
"per",1999,0,0,11,3250.378023,26186504,0.788438022136688,8.08652658332898,17.0807547215105,0
"per",2000,0,0,11,3286.273085,26598331,0.791477918624878,8.09750940074365,17.0963590274225,0
"per",2001,0,0,11,3261.664251,26964601,0.789655148983002,8.08999285053839,17.110035489685,0
"per",2002,0,0,11,3398.749914,27288217,0.803694009780884,8.13116297064326,17.1219655552624,0
"per",2003,1,0,18.06,3502.791657,27580490,0.82311749458313,8.16131554583639,17.1326191966691,0
"per",2004,0,0,18.06,3640.602999,27852190,0.821493923664093,8.19990460597677,17.1424221567935,0
"per",2005,0,0,18.06,3835.132193,28101180,0.838448405265808,8.25195918335069,17.1513221263049,0
"per",2006,0,0,18.06,4091.362686,28324491,0.859544396400452,8.31663336860749,17.1592373947257,0
"per",2007,0,0,18.06,4407.791217,28530699,0.8595290184021,8.39112898514658,17.1664912234153,0
"per",2008,0,0,18.06,4778.526422,28719041,0.850673317909241,8.47188749804116,17.1730709102219,0
"per",2009,0,0,18.06,4801.171537,28896811,0.845136165618896,8.47661523732403,17.1792418009733,0
"per",2010,0,0,18.06,5167.392593,29086019,0.868684470653534,8.55012350624073,17.1857681699548,0
"per",2011,0,0,18.06,5453.457187,29304086,0.847872197628021,8.60400503278329,17.1932375181894,0
"per",2012,0,0,18.06,5740.043463,29550366,0.868049919605255,8.65522206123616,17.2016066875265,0
"per",2013,0,0,20.06,6021.461428,29817919,0.87643963098526,8.70308527096716,17.2106200794868,0
"per",2014,0,0,20.06,6103.918647,30115826,0.880116760730743,8.71668624505765,17.2205613722757,0
"phl",1990,0,0,8.32,1704.075689,62854666,NA,7.44077812483002,17.9563357304994,0
"phl",1991,0,0,10.39,1656.383497,64382249,NA,7.41239188844863,17.9803485164339,0
"phl",1992,0,0,11.39,1624.349398,65926125,NA,7.39286264413265,18.0040453549044,0
"phl",1993,0,0,11.39,1620.355058,67530621,NA,7.39040057581678,18.0280916974217,0
"phl",1994,1,0,11.39,1654.746139,69019291,NA,7.41140288571334,18.0498966031966,0
"phl",1995,4,0,11.39,1693.808731,70546246,NA,7.43473495915599,18.0717790243584,0
"phl",1996,4,0,11.39,1752.238001,72190242,NA,7.46864910758983,18.0948154423746,0
"phl",1997,4,0,11.39,1800.259131,73908810,NA,7.49568589518944,18.1183425939685,0
"phl",1998,3.5,0,11.39,1746.525905,75791024,NA,7.46538389665907,18.1434904267142,0
"phl",1999,2.5,0,11.39,1759.421052,77753257,NA,7.47274008618975,18.1690509988215,0
"phl",2000,2.5,0,11.39,1793.347611,79625397,NA,7.49183932598019,18.1928436577154,0
"phl",2001,1,0,11.39,1807.708925,81401488,NA,7.49981553518165,18.214904110904,0
"phl",2002,4,0,11.39,1837.254293,83068889,NA,7.51602750405069,18.2351808094631,0
"phl",2003,1,0,11.39,1892.82162,84731835,NA,7.5458239153905,18.2550019449683,0
"phl",2004,0,0,11.39,1978.344891,86394504,NA,7.59001586048159,18.2744346206399,0
"phl",2005,0,0,11.39,2037.877661,88015962,NA,7.61966418303091,18.2930287423576,0
"phl",2006,0,0,11.39,2110.420448,89508986,NA,7.65464247107456,18.3098495804398,0
"phl",2007,0,0,11.39,2209.346511,91075184,NA,7.70045205440491,18.3271959211698,0
"phl",2008,0,0,11.39,2264.946291,92699095,NA,7.72530632505321,18.3448692678131,0
"phl",2009,0,0,11.39,2256.725548,94384250,NA,7.72167016906916,18.3628847739755,0
"phl",2010,0,0,11.39,2373.143121,96337125,NA,7.77197056688001,18.3833643164956,0
"phl",2011,4,0,11.39,2416.752121,98248614,NA,7.79017981896924,18.4030117017439,0
"phl",2012,4,0,11.39,2533.74142,100175512,NA,7.83745231147533,18.4224343255291,0
"phl",2013,1,0,11.39,2654.415069,102076336,NA,7.88397959640922,18.4412314834996,0
"phl",2014,4,0,11.39,2776.920059,103767130,NA,7.92909770007214,18.4576598118799,0
"png",1990,1,0,9.15,1892.306793,3896481,NA,7.5455518892149,15.1755843960829,0
"png",1991,0,0,9.15,2008.351519,4021837,NA,7.60506952475348,15.2072493213925,0
"png",1992,1,0,9.15,2206.996333,4166699,NA,7.69938774472387,15.2426346735743,0
"png",1993,0,0,9.15,2515.638395,4320872,NA,7.83028188531325,15.2789677917028,0
"png",1994,0,0,9.15,2570.336911,4480208,NA,7.85179226307155,15.3151800318848,0
"png",1995,0,0,8.2,2397.400453,4644278,NA,7.78214028472768,15.351146482196,0
"png",1996,4,0,8.2,2492.079628,4813361,NA,7.82087283284789,15.3869061506668,0
"png",1997,0,0,8.2,2310.98774,4987883,NA,7.74543030519757,15.4225221292119,0
"png",1998,0,0,8.2,2147.045263,5166390,NA,7.67184787963141,15.4576847434005,0
"png",1999,0,0,8.2,2112.095097,5349333,NA,7.6554356708011,15.4924824382027,0
"png",2000,0,0,8.2,1989.578822,5537064,NA,7.59567824808192,15.526974954344,0
"png",2001,0,0,8.2,1920.780039,5728435,NA,7.56048665282889,15.5609529274765,0
"png",2002,0,0,8.2,1854.418317,5924003,NA,7.52532635012514,15.5945229607843,0
"png",2003,1,0,8.2,1832.678703,6123997,NA,7.51353394769648,15.6277255458837,0
"png",2004,0,0,8.2,1821.847411,6328041,NA,7.5076063262338,15.660501267549,0
"png",2005,0,0,8.44,1875.822735,6535905,NA,7.53680263416345,15.6928213805326,0
"png",2006,0,0,8.44,1915.234941,6747720,NA,7.55759557868491,15.7247152280112,0
"png",2007,0,0,8.44,2000.972619,6963345,NA,7.60138865083194,15.756170520306,0
"png",2008,1,0,8.44,1934.032016,7183002,NA,7.56736223016784,15.7872279594921,0
"png",2009,0,0,8.44,2003.241097,7406438,NA,7.60252169637026,15.8178601799438,0
"png",2010,0,0,8.44,2140.50939,7633523,NA,7.66879911240089,15.8480600267092,0
"png",2011,0,0,8.44,2102.031921,7859346,NA,7.65065973733491,15.8772139548367,0
"png",2012,0,0,8.44,2139.480967,8081390,NA,7.66831853981356,15.9050744454048,0
"png",2013,0,0,8.44,2162.105926,8302698,NA,7.67883799144855,15.9320910801872,0
"png",2014,0,0,8.44,2391.357803,8523441,NA,7.77961660201743,15.9583306905101,0
"pol",1990,0,0,3,5111.34533,38110782,NA,8.53921792251984,17.4560077921882,0
"pol",1991,0,0,3,4735.927698,38246193,NA,8.46293290997771,17.4595545838717,0
"pol",1992,0,0,3,4840.168585,38363667,NA,8.48470483071564,17.4626213977798,0
"pol",1993,1,0,3,5008.349089,38461408,NA,8.51886161662053,17.4651659069192,0
"pol",1994,0,0,3.31,5262.315235,38542652,NA,8.56832636763556,17.4672760302074,0
"pol",1995,0,0,3.31,5671.895737,38594998,NA,8.64327868599083,17.4686332405459,0
"pol",1996,0,0,3.31,6012.958064,38624370,NA,8.70167209679273,17.4693939823696,0
"pol",1997,1,0,3.31,6391.131728,38649660,NA,8.76266664092277,17.4700485360638,0
"pol",1998,3,0,3.31,6684.114778,38663481,NA,8.80748906162051,17.4704060690774,0
"pol",1999,3,0,11.19,6998.794751,38660271,NA,8.85349323478447,17.4703230415492,0
"pol",2000,2,0,11.19,7401.576976,38258629,NA,8.90944836135351,17.4598796875654,0
"pol",2001,0,0,11.19,7494.960895,38248076,NA,8.92198619304477,17.4596038163181,0
"pol",2002,0,0,11.32,7640.993078,38230364,NA,8.94128285774479,17.4591406269456,0
"pol",2003,0,0,11.32,7915.554244,38204570,NA,8.97658499437393,17.4584656999291,0
"pol",2004,0,0,11.32,8323.387738,38182222,NA,9.02682463098803,17.4578805725779,0
"pol",2005,0,0,11.32,8598.576812,38165445,NA,9.05935198157037,17.4574410830445,0
"pol",2006,0,0,11.32,9137.658508,38141267,NA,9.12015945088432,17.4568073773016,0
"pol",2007,0,0,11.32,9760.70426,38120560,NA,9.18611983459077,17.4562643270936,0
"pol",2008,0,0,11.32,10187.20179,38125759,NA,9.22888748497344,17.4564007008904,0
"pol",2009,0,0,11.32,10446.52891,38151603,NA,9.25402504049254,17.4570783331606,0
"pol",2010,0,0,11.32,10808.39757,38042794,NA,9.28807866375254,17.4542222419453,0
"pol",2011,2,0,11.32,11370.31343,38063255,NA,9.33876115276745,17.4547599390341,0
"pol",2012,0,0,11.32,11542.23534,38063164,NA,9.35376822494348,17.454757548274,0
"pol",2013,0,0,11.32,11628.22868,38040196,NA,9.36119092780806,17.4541539480993,0
"pol",2014,3,0,11.32,12093.16228,38011735,NA,9.40039547102874,17.4534054858064,0
"prk",1990,1,0,NA,NA,NA,NA,NA,NA,0
"prk",1991,1,0,NA,NA,NA,NA,NA,NA,0
"prk",1992,4,1,NA,NA,NA,NA,NA,NA,0
"prk",1993,3.5,1,NA,NA,NA,NA,NA,NA,0
"prk",1994,4,2,NA,NA,NA,NA,NA,NA,0
"prk",1995,4,1,NA,NA,NA,NA,NA,NA,0
"prk",1996,4,2,NA,NA,NA,NA,NA,NA,0
"prk",1997,3.5,1,NA,NA,NA,NA,NA,NA,0
"prk",1998,4,2,NA,NA,NA,NA,NA,NA,0
"prk",1999,2.25,0.5,NA,NA,NA,NA,NA,NA,0
"prk",2000,2,0,NA,NA,NA,NA,NA,NA,0
"prk",2001,4,1,NA,NA,NA,NA,NA,NA,0
"prk",2002,2,0.333333333333333,NA,NA,NA,NA,NA,NA,0
"prk",2003,2.25,0.25,NA,NA,NA,NA,NA,NA,0
"prk",2004,2,0.333333333333333,NA,NA,NA,NA,NA,NA,0
"prk",2005,4,0,NA,NA,NA,NA,NA,NA,0
"prk",2006,0,0,NA,NA,NA,NA,NA,NA,0
"prk",2007,2,0,NA,NA,NA,NA,NA,NA,0
"prk",2008,3,0,NA,NA,NA,NA,NA,NA,0
"prk",2009,4,0,NA,NA,NA,NA,NA,NA,0
"prk",2010,4,0,NA,NA,NA,NA,NA,NA,0
"prk",2011,4,0,NA,NA,NA,NA,NA,NA,0
"prk",2012,2.5,0,NA,NA,NA,NA,NA,NA,0
"prk",2013,2,0,NA,NA,NA,NA,NA,NA,0
"prk",2014,2.5,0,NA,NA,NA,NA,NA,NA,0
"prt",1990,0,0,3.44,14593.27061,9983218,NA,9.58831578431819,16.1164160412032,0
"prt",1991,0,0,5.76,15265.8793,9960235,NA,9.63337550586836,16.1141112236599,0
"prt",1992,3,0,5.76,15444.20062,9952494,NA,9.64498884745775,16.1133337309928,0
"prt",1993,0,0,5.76,15110.13926,9964675,NA,9.62312127163729,16.1145568969477,0
"prt",1994,0,0,5.76,15214.93075,9991525,NA,9.6300325108912,16.1172477916272,0
"prt",1995,0,0,5.76,15811.71714,10026176,NA,9.66850653531146,16.1207098310102,0
"prt",1996,0,0,5.76,16304.37945,10063945,NA,9.69918902862152,16.1244697928836,0
"prt",1997,0,0,5.76,16946.08687,10108977,NA,9.73779222302876,16.1289343989333,0
"prt",1998,4,0,5.86,17671.31351,10160196,NA,9.77969789814805,16.1339882912671,0
"prt",1999,2.5,0,5.86,18258.09117,10217828,NA,9.8123636125401,16.1396445956915,0
"prt",2000,1.5,0,5.86,18822.09331,10289898,NA,9.84278663490299,16.1466731952247,0
"prt",2001,3,0,5.86,19053.08995,10362722,NA,9.85498456950125,16.1537255015979,0
"prt",2002,0,0,5.86,19095.11025,10419631,NA,9.85718757340571,16.1592021809945,0
"prt",2003,0,0,5.86,18846.54119,10458821,NA,9.84408468479289,16.1629562951431,0
"prt",2004,0,0,9.82,19137.83709,10483861,NA,9.85942265391924,16.1653475850392,0
"prt",2005,1,0,9.82,19251.71451,10503330,NA,9.86535540120438,16.1672029077057,0
"prt",2006,0,0,9.82,19529.31221,10522288,NA,9.87967180614869,16.1690062321205,0
"prt",2007,0,0,9.82,19979.57063,10542964,NA,9.90246556198164,16.1709692759654,0
"prt",2008,0,0,10.26,20014.47493,10558177,NA,9.90421103725793,16.1724111887639,0
"prt",2009,0,0,11.19,19371.13189,10568247,NA,9.87153918990286,16.1733644973563,0
"prt",2010,0,0,11.19,19698.68368,10573100,NA,9.88830709421953,16.1738235977235,0
"prt",2011,2,0,11.19,19389.63959,10557560,NA,9.87249416064776,16.1723527489377,0
"prt",2012,0,0,9.29,18679.76268,10514844,NA,9.83519600720534,16.1682985310602,0
"prt",2013,0,0,9.29,18597.72146,10457295,NA,9.83079435004675,16.1628103789507,0
"prt",2014,3,0,9.29,18836.8968,10401062,NA,9.84357282118782,16.1574184742828,0
"pry",1990,0,0,1,4059.773431,4035747,NA,8.3088824458662,15.2107019726632,0
"pry",1991,0,0,1.33,4091.490448,4144364,NA,8.3166645953686,15.2372598969018,0
"pry",1992,0,0,4.49,4054.044261,4253600,NA,8.30747024481125,15.2632762411723,0
"pry",1993,0,0,8.16,4147.784406,4362696,NA,8.33032959258881,15.2886007728503,0
"pry",1994,0,0,8.16,4262.144958,4471417,NA,8.35752782381176,15.3132159185923,0
"pry",1995,0,0,8.16,4445.189782,4579806,NA,8.39957784264962,15.3371671971146,0
"pry",1996,0,0,8.16,4411.372801,4687543,NA,8.39194121274312,15.3604191225521,0
"pry",1997,0,0,8.16,4496.023365,4794412,NA,8.41094858840166,15.3829616310431,0
"pry",1998,0,0,8.16,4402.111101,4900025,NA,8.38983950052303,15.4047508651087,0
"pry",1999,0,0,8.16,4252.490657,5003135,NA,8.35526012720705,15.425575273916,0
"pry",2000,0,0,8.16,4074.489533,5100868,NA,8.31250074985281,15.4449212792913,0
"pry",2001,0,0,8.16,3972.884279,5187689,NA,8.28724762853412,15.4617988765923,0
"pry",2002,0,0,8.16,3916.440223,5261328,NA,8.27293841382857,15.4758940243312,0
"pry",2003,0,0,8.16,4035.718339,5326436,NA,8.30293959187275,15.4881929045665,0
"pry",2004,0,0,8.16,4151.345848,5388175,NA,8.33118786137352,15.4997172955692,0
"pry",2005,0,0,8.16,4193.280865,5448097,0.4929059445858,8.3412387291869,15.510776931352,0
"pry",2006,0,0,8.16,4349.311971,5505148,0.458543092012405,8.37777294398671,15.5211942124278,0
"pry",2007,0,0,8.16,4540.382359,5559386,0.389492601156235,8.42076650753314,15.5309982284741,0
"pry",2008,0,0,8.16,4788.663188,5613574,0.425418853759766,8.47400656752895,15.5406981513005,0
"pry",2009,0,0,8.16,4727.596858,5671236,0.502540230751038,8.46117228853003,15.5509176413657,0
"pry",2010,0,0,8.16,5191.050143,5737971,0.476456493139267,8.55469129538374,15.5626162214849,0
"pry",2011,0,0,8.16,5342.190157,5814626,0.480205446481705,8.5833909896294,15.5758870254435,0
"pry",2012,0,0,8.16,5230.262449,5897008,0.628307640552521,8.56221673725308,15.5899556616037,0
"pry",2013,0,0,8.16,5583.122745,5982445,0.540267050266266,8.62750353056035,15.6043399052414,0
"pry",2014,0,0,8.16,5794.476447,6069811,0.532957792282104,8.66466040604964,15.6188380258129,0
"pse",1990,0,0,NA,NA,NA,NA,NA,NA,0
"pse",1991,0,0,NA,NA,NA,NA,NA,NA,0
"pse",1992,0,0,NA,NA,NA,NA,NA,NA,0
"pse",1993,0,0,NA,NA,NA,NA,NA,NA,0
"pse",1994,0,0,NA,2137.389289,NA,NA,7.66734040484964,NA,0
"pse",1995,0,0,NA,2189.265137,NA,NA,7.69132121261847,NA,0
"pse",1996,0,0,NA,2118.820076,NA,NA,7.65861464480011,NA,0
"pse",1997,0,0,NA,2323.206422,NA,NA,7.75070358891729,NA,0
"pse",1998,0,0,NA,2589.20365,NA,NA,7.8591056363722,NA,0
"pse",1999,0,0,NA,2732.87294,NA,NA,7.91310869381183,NA,0
"pse",2000,4,0,NA,2436.012077,NA,NA,7.79811758653507,NA,0
"pse",2001,0,0,NA,2153.457354,NA,NA,7.67482990118687,NA,0
"pse",2002,0,0,NA,1836.980425,NA,NA,7.51587842919754,NA,0
"pse",2003,0,0,NA,2041.604846,NA,NA,7.62149146677618,NA,0
"pse",2004,0,0,NA,2426.415656,NA,NA,7.79417040871096,NA,0
"pse",2005,0,0,NA,2632.246274,NA,NA,7.87559285721682,NA,0
"pse",2006,0,0,NA,2540.267631,NA,NA,7.84002472099735,NA,0
"pse",2007,0,0,NA,2569.984341,NA,NA,7.85165508487459,NA,0
"pse",2008,0,0,NA,2685.986018,NA,NA,7.89580317155958,NA,0
"pse",2009,0,0,NA,2840.01595,NA,NA,7.95156494733666,NA,0
"pse",2010,0,0,NA,2927.08102,NA,NA,7.98176096652745,NA,0
"pse",2011,0,0,NA,3128.108111,NA,NA,8.04818366340809,NA,0
"pse",2012,0,0,NA,3237.9162,NA,NA,8.08268525372974,NA,0
"pse",2013,0,0,NA,3309.631202,NA,NA,8.10459204282817,NA,0
"pse",2014,0,0,NA,3227.849345,NA,NA,8.07957135698719,NA,0
"qat",1990,0,0,NA,40125.3967,440175,NA,10.5997647469878,12.9949276540946,0
"qat",1991,4,0,NA,38185.10534,454853,NA,10.5502008059936,13.0277295688094,0
"qat",1992,1,0,NA,41171.67392,469657,NA,10.6255057726695,13.0597579200279,0
"qat",1993,0,0,NA,39377.82673,484545,NA,10.5809581635194,13.0909655852569,0
"qat",1994,0,0,NA,38743.96755,499459,NA,10.5647303465337,13.1212807916197,0
"qat",1995,3,0,NA,38526.80707,514325,NA,10.5591095655126,13.1506106403424,0
"qat",1996,0,0,NA,39095.01086,529019,NA,10.5737501383435,13.1787796270196,0
"qat",1997,0,0,NA,48844.85866,550500,NA,10.7964044044397,13.2185822351449,0
"qat",1998,0,0,NA,51513.57145,580540,NA,10.8496005752366,13.2717139838616,0
"qat",1999,0,0,NA,50917.33508,612500,NA,10.8379587158737,13.325304221401,0
"qat",2000,0,0,NA,52234.36152,644989,NA,10.8634958239749,13.3769885413689,0
"qat",2001,0,0,NA,51633.89849,677925,NA,10.8519336832547,13.4267919413347,0
"qat",2002,0,0,NA,52752.64458,711205,NA,10.8733691842996,13.4747159935283,0
"qat",2003,3,0,NA,52255.32056,744682,NA,10.8638969935424,13.5207125605996,0
"qat",2004,4,0,NA,59990.23423,773332,NA,11.0019370651236,13.558463730835,0
"qat",2005,0,0,NA,60416.71015,825408,NA,11.0090210037727,13.6236330885241,0
"qat",2006,0,0,NA,64676.31899,972831,NA,11.0771504009707,13.7879656564626,0
"qat",2007,0,0,NA,61423.01311,1208595,NA,11.0255398502647,14.004969085883,0
"qat",2008,0,0,NA,61213.72066,1426938,NA,11.0221266371636,14.1710414477225,0
"qat",2009,0,0,NA,60781.80173,1608903,NA,11.0150457094997,14.2910631382654,0
"qat",2010,0,0,NA,72333.80274,1616832,NA,11.1890468333265,14.2959792370578,0
"qat",2011,4,0,NA,81608.40807,1624761,NA,11.3096875757175,14.300871286006,0
"qat",2012,0,0,NA,80621.75549,1722438,NA,11.2975238113038,14.3592512870277,0
"qat",2013,0,0,NA,76486.91512,1916426,NA,11.2448749610019,14.4659725510041,0
"qat",2014,0,0,NA,71756.02658,2151745,NA,11.1810271242409,14.581789698819,0
"rou",1990,0,0,NA,5019.437027,23201835,NA,8.521073060381,16.9597419283363,0
"rou",1991,0,0,5.19,4409.151721,23001155,NA,8.39143759642384,16.9510549900239,0
"rou",1992,0,0,5.19,4059.098605,22794284,NA,8.30871620947312,16.9420203607393,0
"rou",1993,4,0,5.19,4126.768593,22763280,NA,8.32524995670002,16.9406592693172,0
"rou",1994,0,0,6.19,4295.270658,22730211,NA,8.36526984942938,16.9392054786717,0
"rou",1995,0,0,6.19,4572.258034,22684270,NA,8.42776246120491,16.9371822907079,0
"rou",1996,0,0,7.09,4764.636821,22619004,NA,8.46897659513529,16.9343009958526,0
"rou",1997,1,0,7.09,4546.667531,22553978,NA,8.42214983283196,16.9314220163372,0
"rou",1998,0,0,9.09,4463.607918,22507344,NA,8.40371266821444,16.9293522139178,0
"rou",1999,0,0,10.09,4453.78126,22472040,NA,8.40150873569979,16.9277824277575,0
"rou",2000,3,0,10.09,4569.311243,22442971,NA,8.42711775983848,16.9264880273595,0
"rou",2001,0,0,10.09,4875.303106,22131970,NA,8.49193755708887,16.9125337274959,0
"rou",2002,0,0,10.09,5248.549946,21730496,NA,8.56570711667331,16.8942271775589,0
"rou",2003,0,0,10.09,5410.308358,21574326,NA,8.5960613679981,16.8870145545848,0
"rou",2004,0,0,10.09,6008.640485,21451748,NA,8.70095379312154,16.8813166918595,0
"rou",2005,0,0,10.09,6328.090223,21319685,NA,8.75275376708921,16.8751413822935,0
"rou",2006,0,0,10.09,6876.778414,21193760,NA,8.83590556748328,16.8692173566932,0
"rou",2007,0,0,10.09,7483.973758,20882982,NA,8.92051918097415,16.8544451268734,0
"rou",2008,0,0,10.09,8318.003428,20537875,NA,9.02617753242107,16.8377813004428,0
"rou",2009,0,0,10.09,7924.870581,20367487,NA,8.97776126813895,16.829450412895,0
"rou",2010,0,0,10.09,7660.706676,20246871,NA,8.94385951383185,16.8235108210591,0
"rou",2011,4,0,10.09,8044.571949,20147528,NA,8.99275285092579,16.8185921589304,0
"rou",2012,0,0,10.09,8234.285534,20058035,NA,9.01606187916363,16.8141403795684,0
"rou",2013,0,0,10.09,8287.958441,19983693,NA,9.02255895012858,16.8104271489397,0
"rou",2014,0,0,10.09,8661.473973,19908979,NA,9.06664019180771,16.806681393962,0
"rus",1990,0,0,NA,7849.519043,147969406,NA,8.96820754049183,18.8125160941434,0
"rus",1991,0,0,NA,7432.021484,148394216,NA,8.91355317123223,18.8153829121967,0
"rus",1992,3.75,0.5,NA,6345.912109,148538197,NA,8.75556612222057,18.8163527019871,0
"rus",1993,3.125,0.5,13.8,5798.914551,148458777,NA,8.66542603264113,18.8158178817105,0
"rus",1994,3.16666666666667,0.166666666666667,13.83,5071.742676,148407912,NA,8.53143976060291,18.8154752026402,0
"rus",1995,3.66666666666667,0,13.89,4862.646484,148375787,NA,8.48933811271716,18.8152587150081,0
"rus",1996,2.66666666666667,0,13.6,4686.862793,148160129,NA,8.45251872354499,18.8138041995421,0
"rus",1997,3,0,14.39,4760.339355,147915361,NA,8.46807423775146,18.8121507830046,0
"rus",1998,2.2,0,14.74,4515.509277,147670784,NA,8.41527325616776,18.8104959215711,0
"rus",1999,2.25,0,14.74,4819.380371,147214776,NA,8.48040064504647,18.8074031396561,0
"rus",2000,2.55555555555556,0.111111111111111,15.33,5323.666504,146596869,NA,8.57991753743282,18.8031969897536,0
"rus",2001,3,0,15.33,5618.955566,145976482,NA,8.63390108326815,18.7989560845057,0
"rus",2002,2.66666666666667,0,15.33,5910.171875,145306497,NA,8.68443019204157,18.7943558419249,0
"rus",2003,2.4,0,14.5,6370.453613,144648618,NA,8.75942595686286,18.7898180352447,0
"rus",2004,3.5,0,14.43,6856.678223,144067316,NA,8.83297837939313,18.7857912205314,0
"rus",2005,2.75,0,13.91,7323.385254,143518814,0.0923084616661072,8.89882796644418,18.781976692584,0
"rus",2006,3.33333333333333,0,13.11,7949.896973,143049637,0.0819801613688469,8.98091424819333,18.7787022398829,0
"rus",2007,3.5,1,12.45,8640.40625,142805114,0.0573635548353195,9.06420488036864,18.7769914195534,0
"rus",2008,3.2,0.4,12.25,9093.700195,142742366,0.136569157242775,9.11533716650042,18.7765519269618,0
"rus",2009,4,0.666666666666667,12.15,8381.868164,142785348,0.191804692149162,9.03382609989556,18.7768529975635,0
"rus",2010,4,2,12.08,8755.120117,142849468,0.135388880968094,9.07739396444308,18.7773019624479,0
"rus",2011,2.75,0,12.08,9120.820313,143018195,0.130879580974579,9.1183150256243,18.7784824178924,0
"rus",2012,3.2,0,12.08,9464.010742,143378447,0.0931483805179596,9.15525154069562,18.7809981749731,0
"rus",2013,2.875,0,12.16,9601.537109,143805638,0.11044230312109,9.16967848015964,18.7839732097149,0
"rus",2014,3.11111111111111,0,12.47,9493.8125,144237223,0.0888973250985146,9.15839554960089,18.7869698840395,0
"rwa",1990,0,0,NA,368.2196024,7375307,NA,5.90867950583922,15.8136480864424,0
"rwa",1991,0,0,NA,351.7285428,7526966,NA,5.86285969285453,15.8340025969346,0
"rwa",1992,0,0,NA,364.8092069,7683266,NA,5.89937449609442,15.8545552751429,0
"rwa",1993,0,0,NA,322.7168187,7981132,NA,5.77677521638587,15.8925908140022,0
"rwa",1994,0,0,NA,188.6582785,6792352,NA,5.23993732829934,15.7313078313077,0
"rwa",1995,0,0,NA,305.3878245,5674118,NA,5.72158252460277,15.5514256907508,0
"rwa",1996,4,3,NA,291.2108405,6708764,NA,5.67404754262138,15.7189252892979,0
"rwa",1997,4,3,NA,286.8051945,7755238,NA,5.65880322048613,15.8638790439994,0
"rwa",1998,0,0,NA,299.6011397,8081681,NA,5.70245205570792,15.9051104534135,0
"rwa",1999,0,0,NA,310.0981302,8147912,NA,5.73688879642038,15.9132722560741,0
"rwa",2000,0,0,NA,333.3550901,8213931,NA,5.80920825848401,15.9213421731712,0
"rwa",2001,1,0,NA,358.4460587,8287094,NA,5.88177818484158,15.9302099228343,0
"rwa",2002,4,0,NA,400.2704213,8400180,NA,5.99214037193693,15.9437636921554,0
"rwa",2003,4,0,NA,400.1916206,8586875,NA,5.99194348389944,15.9657454326604,0
"rwa",2004,3.66666666666667,0.333333333333333,NA,418.7809973,8816844,NA,6.03734810380266,15.9921745408198,0
"rwa",2005,0,0,NA,446.0298096,9054528,NA,6.10038578745469,16.0187755220438,0
"rwa",2006,3,0,NA,474.3645995,9299246,NA,6.16197622327187,16.0454438795679,0
"rwa",2007,0,0,NA,497.1716221,9549933,NA,6.20893528258533,16.0720446967255,0
"rwa",2008,0,0,NA,538.3253721,9804269,NA,6.28846315821056,16.0983284610342,0
"rwa",2009,0,0,NA,557.3978049,10060432,NA,6.3232791769346,16.1241206640598,0
"rwa",2010,3,0,NA,583.3714164,10317553,NA,6.3688240613756,16.149357177499,0
"rwa",2011,0,0,NA,614.5396501,10573733,NA,6.42087345109048,16.173883464844,0
"rwa",2012,4,1,NA,651.8528187,10829901,NA,6.47981879825377,16.1978214776612,0
"rwa",2013,2.5,0,NA,666.4087888,11093340,NA,6.50190327924106,16.2218554862105,0
"rwa",2014,4,0,NA,690.6103949,11364757,0.89028936624527,6.53757583682639,16.246027633606,0
"sau",1990,5,2,NA,25918.96508,10640691,NA,10.1627302222,16.180195983378,0
"sau",1991,5,2,NA,26742.68226,11160744,NA,10.1940161545259,16.227913179362,0
"sau",1992,4,0,NA,26709.03282,11686676,NA,10.1927570950403,16.2739599474199,0
"sau",1993,1,0,NA,25649.06447,12215862,NA,10.1522623770293,16.3182458291567,0
"sau",1994,4,1,NA,24808.65289,12750040,NA,10.1189477781541,16.3610449668187,0
"sau",1995,2.5,0.5,NA,23876.24613,13289245,NA,10.0806393579136,16.4024656194444,0
"sau",1996,0,0,NA,23699.13522,13831009,NA,10.0731938378499,16.4424236583188,0
"sau",1997,0,0,NA,23406.03466,14374943,NA,10.0607491595505,16.4809971794224,0
"sau",1998,0,0,NA,23179.85812,14922185,NA,10.0510389960812,16.5183595897386,0
"sau",1999,0,0,NA,22214.42564,15472075,NA,10.008497160433,16.5545473441299,0
"sau",2000,4,1,NA,22247.8567,16177722,NA,10.0100009548646,16.5991456685825,0
"sau",2001,4,1,NA,21193.09229,17041397,NA,9.96143057218687,16.6511560595731,0
"sau",2002,3,0,NA,20025.432,17910910,NA,9.90475834473757,16.7009205823497,0
"sau",2003,3,0,NA,20765.93877,18786767,NA,9.94106936428927,16.7486632969795,0
"sau",2004,0,0,NA,21545.89499,19669480,NA,9.97794058968379,16.7945787538185,0
"sau",2005,4,0,NA,21838.19153,20559890,NA,9.99141562102735,16.8388526483424,0
"sau",2006,4,0,NA,21616.33558,21459144,NA,9.98120458469087,16.8816614062072,0
"sau",2007,0,0,NA,21196.7926,22368313,NA,9.96160515676142,16.9231559171223,0
"sau",2008,0,0,NA,21629.84057,23287877,NA,9.98182914813862,16.9634434827035,0
"sau",2009,0,0,NA,20577.54534,24217654,NA,9.93195572822185,17.0025924293003,0
"sau",2010,0,0,NA,21830.14243,23978487,NA,9.99104697403026,16.9926676113279,0
"sau",2011,0,0,NA,23314.5576,25091867,NA,10.0568332341535,17.0380543276905,0
"sau",2012,1,0,NA,23643.03583,26168861,NA,10.0708238824797,17.0800807504411,0
"sau",2013,3,0,NA,23057.34945,27624004,NA,10.0457398457597,17.1341956628536,0
"sau",2014,0,0,NA,23404.7306,28309273,NA,10.0606934433069,17.1586999767866,0
"sdn",1990,4,0,NA,764.4504395,22021481,NA,6.6391571959296,16.9075289440362,0
"sdn",1991,1,0,NA,805.3673096,22470676,NA,6.69129845856951,16.9277217282662,0
"sdn",1992,0,0,NA,842.008606,22927355,NA,6.73579023509271,16.9478412971122,0
"sdn",1993,4,0,NA,862.9781494,23445592,NA,6.76038937141179,16.9701930607735,0
"sdn",1994,3.5,0,NA,850.2994385,24043948,NA,6.74558856803636,16.9953938804371,0
"sdn",1995,4,1,NA,877.6932983,24672143,NA,6.77729721404425,17.0211853513725,0
"sdn",1996,0,0,NA,908.6601563,25231528,NA,6.81197115881582,17.0436048816054,0
"sdn",1997,3,0,NA,1050.319946,25799821,NA,6.95685010721295,17.0658781118833,0
"sdn",1998,2.5,0,NA,1069.271973,26458999,NA,6.97473329681404,17.0911068852477,0
"sdn",1999,4,0,NA,1074.880981,27130613,NA,6.97996521908353,17.1161732792932,0
"sdn",2000,0,0,NA,1111.118652,27816745,NA,7.01312258141693,17.1411487354576,0
"sdn",2001,1,0,NA,1150.17627,28516770,NA,7.04767048787225,17.1660028932397,0
"sdn",2002,0,0,NA,1185.215332,29228727,NA,7.07767975182904,17.190662584993,0
"sdn",2003,4,0,NA,1226.420776,29896035,NA,7.11185526805338,17.213236420872,0
"sdn",2004,2.5,0,NA,1255.671143,30556637,NA,7.13542548392334,17.2350924703956,0
"sdn",2005,3,0,NA,1290.244385,31262444,NA,7.16258692514957,17.2579280628829,0
"sdn",2006,4,0.5,NA,1336.124023,31992435,NA,7.19752818137483,17.2810100265656,0
"sdn",2007,4,0.5,NA,1372.109619,32764135,NA,7.22410470232454,17.3048450299852,0
"sdn",2008,4,0,NA,1381.62561,33623980,NA,7.23101606314011,17.3307500608537,0
"sdn",2009,1,0,NA,1301.34729,34569113,NA,7.1711553837049,17.3584711534836,0
"sdn",2010,0,0,NA,1311.223145,35414399,NA,7.1787156790432,17.3826290468155,0
"sdn",2011,1,0,NA,1388.21814,36140806,NA,7.23577629010148,17.4029331450379,0
"sdn",2012,1,0,NA,1288.258545,36923178,NA,7.16104662021564,17.4243500419009,0
"sdn",2013,0,0,NA,1283.459229,37785849,NA,7.15731423432166,17.4474452254184,0
"sdn",2014,4,0,NA,1307.389648,38823318,NA,7.17578779314208,17.4745316034592,0
"sen",1990,3.66666666666667,0.666666666666667,NA,990.7775226,7720523,NA,6.89849001124564,15.8593926658203,0
"sen",1991,3,0,NA,988.6322158,7943085,NA,6.89632238763707,15.8878122968044,0
"sen",1992,4,0,NA,974.05486,8168395,NA,6.88146762649169,15.9157829971089,0
"sen",1993,0,0,NA,960.5065617,8396288,NA,6.86746081373135,15.943300261383,0
"sen",1994,0,0,NA,934.6920681,8624078,NA,6.84021713611423,15.9700686166169,0
"sen",1995,0,0,NA,960.8470928,8848101,NA,6.86781528371949,15.9957134176881,0
"sen",1996,0,0,NA,956.5887912,9067014,NA,6.86337361384533,16.0201535506879,0
"sen",1997,0,0,NA,962.7366895,9283495,NA,6.86977994709958,16.0437486502395,0
"sen",1998,0,0,NA,995.9790857,9502952,NA,6.90372625907096,16.0671130451442,0
"sen",1999,0,0,NA,1033.763965,9730887,NA,6.94096175531558,16.0908156113639,0
"sen",2000,0,0,NA,1048.374741,9968260,NA,6.95499637825554,16.1149166031363,0
"sen",2001,0,0,NA,1067.368866,10212942,NA,6.9729518954025,16.1391662975076,0
"sen",2002,3,0,NA,1042.255099,10466214,NA,6.94914200904925,16.1636629128675,0
"sen",2003,0,0,NA,1074.385785,10721176,NA,6.97950441448114,16.1877314090827,0
"sen",2004,0,0,NA,1098.200645,10975704,NA,7.00142834216931,16.2111946606541,0
"sen",2005,0,0,NA,1119.050531,11235472,NA,7.02023586457565,16.2345864742901,0
"sen",2006,0,0,NA,1118.783043,11500094,NA,7.01999680479535,16.2578657672131,0
"sen",2007,0,0,NA,1123.998622,11770344,NA,7.02464780447424,16.2810937056573,0
"sen",2008,0,0,NA,1138.668839,12048959,NA,7.03761517402542,16.3044888241276,0
"sen",2009,0,0,NA,1142.653172,12337389,NA,7.04110818117819,16.3281449657229,0
"sen",2010,0,0,NA,1153.534311,12635413,NA,7.05058582229497,16.3520139852508,0
"sen",2011,0,0,NA,1139.744479,12958897,NA,7.03855937503707,16.3772931372418,0
"sen",2012,0,0,NA,1154.05678,13310495,NA,7.05103864863059,16.4040633797624,0
"sen",2013,0,0,NA,1147.385922,13710849,NA,7.04524152261368,16.4336979752229,0
"sen",2014,4,0,NA,1180.798711,14152102,NA,7.07394636221282,16.4653737222576,0
"sgp",1990,0,0,0,23272.70009,3047132,NA,10.0550362826548,14.9297113783291,0
"sgp",1991,0,0,0,24132.71533,3135083,NA,10.0913236815049,14.9581662069778,0
"sgp",1992,1,0,0,24973.43114,3230698,NA,10.1255677843265,14.988208770924,0
"sgp",1993,0,0,0,27139.95243,3313471,NA,10.2087621806239,15.0135068383973,0
"sgp",1994,0,0,0,29220.27279,3419048,NA,10.2826180209901,15.0448727077156,0
"sgp",1995,0,0,0,30379.89911,3524506,NA,10.3215364552094,15.0752508425637,0
"sgp",1996,0,0,0,31349.31718,3670704,NA,10.3529477652816,15.1158940272477,0
"sgp",1997,0,0,0,32835.25185,3796038,NA,10.3992579687647,15.1494684491993,0
"sgp",1998,0,0,0,31043.10818,3927213,NA,10.343132103949,15.183440571967,0
"sgp",1999,0,0,0,32557.04699,3958723,NA,10.3907491215932,15.191432056477,0
"sgp",2000,0,0,0,34890.08114,4027887,NA,10.4599578597728,15.2087524788025,0
"sgp",2001,0,0,0,33597.86908,4138012,NA,10.4222179237021,15.2357260372351,0
"sgp",2002,0,0,0,34598.82675,4175950,NA,10.4515750515114,15.2448524352929,0
"sgp",2003,1,0,0,36709.7965,4114826,NA,10.5107989330269,15.2301071068737,0
"sgp",2004,0,0,0,39856.63562,4166664,NA,10.5930441852873,15.2426262736042,0
"sgp",2005,0,0,0,41798.48808,4265762,NA,10.6406154475238,15.2661313864899,0
"sgp",2006,0,0,0,44159.41018,4401365,NA,10.6955613244306,15.2974252780507,0
"sgp",2007,0,0,0,46178.81395,4588599,NA,10.7402763993825,15.3390853066868,0
"sgp",2008,0,0,0,44601.57993,4839396,NA,10.7055245618202,15.392300477517,0
"sgp",2009,0,0,0,43331.87466,4987573,NA,10.6766437785107,15.4224599766646,0
"sgp",2010,0,0,0,48752.05154,5076732,NA,10.7945025584123,15.4401783054573,0
"sgp",2011,0,0,0,50713.53264,5183688,NA,10.8339480699399,15.4610273300179,0
"sgp",2012,0,0,0,51679.35272,5312437,NA,10.8528136136102,15.485561233321,0
"sgp",2013,0,0,0,53298.97286,5399162,NA,10.8836723390489,15.5017543143069,0
"sgp",2014,0,0,0,54681.93365,5469724,NA,10.9092886532338,15.5147387160868,0
"slb",1990,0,0,NA,1805.732068,331435,NA,7.49872136638186,12.7111869909508,0
"slb",1991,0,0,NA,1856.368873,341738,NA,7.52637763982718,12.7417996405827,0
"slb",1992,0,0,NA,2029.952816,352205,NA,7.61576782841595,12.7719686714227,0
"slb",1993,0,0,NA,2049.277805,362839,NA,7.62524271981977,12.8017144886894,0
"slb",1994,0,0,NA,2151.02993,373675,NA,7.67370204362932,12.831141714654,0
"slb",1995,0,0,NA,2299.976863,384733,NA,7.74065434230143,12.8603048661895,0
"slb",1996,4,0,NA,2270.460269,396009,NA,7.72773785159609,12.8891922172511,0
"slb",1997,0,0,NA,2186.407047,407474,NA,7.69001485771514,12.9177324059465,0
"slb",1998,0,0,NA,2153.358643,419071,NA,7.67478406175463,12.945795635623,0
"slb",1999,0,0,NA,2086.009004,430500,NA,7.64300795194642,12.9727026028499,0
"slb",2000,0,0,NA,1747.717962,440469,NA,7.46606619422708,12.9955953473076,0
"slb",2001,0,0,NA,1577.655195,449125,NA,7.36369496992499,13.0150565244158,0
"slb",2002,0,0,NA,1504.84673,457671,NA,7.31644633146532,13.0339058643547,0
"slb",2003,0,0,NA,1573.843484,466154,NA,7.36127598565946,13.0522713306169,0
"slb",2004,0,0,NA,1664.57316,474611,NA,7.41732400918825,13.0702508001278,0
"slb",2005,0,0,NA,1755.740824,483080,NA,7.47064616876889,13.0879375503893,0
"slb",2006,0,0,NA,1796.714398,491594,NA,7.49371494148687,13.1054084515548,0
"slb",2007,0,0,NA,1830.233214,500156,NA,7.51219867706003,13.1226753287424,0
"slb",2008,0,0,NA,1911.18969,508790,NA,7.55548120148052,13.1397906367269,0
"slb",2009,0,0,NA,1930.462876,518141,NA,7.56551508526816,13.1580026849739,0
"slb",2010,0,0,NA,2058.956916,532968,NA,7.62995478208813,13.1862166638222,0
"slb",2011,0,0,NA,2132.028442,552945,NA,7.66482912572208,13.2230138180537,0
"slb",2012,0,0,NA,2105.914238,573606,NA,7.65250496916767,13.2596980284639,0
"slb",2013,0,0,NA,2136.721162,594945,NA,7.66702776575756,13.2962242432804,0
"slb",2014,0,0,NA,2085.160673,616908,NA,7.64260119265471,13.3324751831798,0
"sle",1990,3,0,NA,992.2593519,4196828,NA,6.89998451656207,15.2498395598224,0
"sle",1991,3.5,0,NA,1003.772382,4246267,NA,6.91152056339344,15.2615508019814,0
"sle",1992,0,0,NA,828.5160345,4166366,NA,6.71963619033052,15.2425547510008,0
"sle",1993,0,0,NA,841.7704381,4157130,NA,6.7355073382335,15.2403354902981,0
"sle",1994,0,0,NA,822.2183098,4173105,NA,6.71200594349337,15.2441709210113,0
"sle",1995,0,0,NA,755.3434675,4179179,NA,6.62717256964361,15.2456253737264,0
"sle",1996,0,0,NA,764.9245181,4199210,NA,6.63977715980809,15.2504069703234,0
"sle",1997,0,0,NA,710.7437884,4253716,NA,6.56631201099239,15.2633035118179,0
"sle",1998,0,0,NA,716.3460329,4295785,NA,6.57416333638868,15.2731448673635,0
"sle",1999,2,0,NA,698.5480636,4318043,NA,6.54900398606488,15.2783128483213,0
"sle",2000,0,0,NA,727.2409146,4423611,NA,6.58925780448187,15.3024668888427,0
"sle",2001,3.5,0,NA,642.0366458,4692716,NA,6.46464538274628,15.3615220772838,0
"sle",2002,4,0,NA,766.7886937,4971435,NA,6.64221126627927,15.419219088792,0
"sle",2003,0,0,NA,806.066489,5177687,NA,6.69216623166014,15.4598689894171,0
"sle",2004,0,0,NA,829.7597689,5355717,NA,6.72113622383599,15.4936751464585,0
"sle",2005,0,0,NA,842.9060309,5501712,NA,6.73685548191911,15.5205698744947,0
"sle",2006,0,0,NA,859.8242607,5624466,NA,6.7567280203424,15.542636568215,0
"sle",2007,0,0,NA,872.6883623,5749352,NA,6.77157851879904,15.5645977107707,0
"sle",2008,0,0,NA,882.5414782,5894722,NA,6.78280578849615,15.5895679322326,0
"sle",2009,0,0,NA,872.2395935,6055646,NA,6.77106414935656,15.6165016179655,0
"sle",2010,0,0,NA,902.7698914,6222714,NA,6.80546769414356,15.6437167039543,0
"sle",2011,0,0,NA,950.7607631,6387251,NA,6.85726246738589,15.6698145303468,0
"sle",2012,0,0,NA,1025.04366,6551080,NA,6.93249048578731,15.6951404795155,0
"sle",2013,0,0,NA,1146.819735,6714051,NA,7.04474794261594,15.7197130525612,0
"sle",2014,0,0,NA,1032.237894,6876385,NA,6.93948443691831,15.7436036357731,0
"slv",1990,0,0,0,2348.204602,5399726,NA,7.76140631599319,15.5018587695064,0
"slv",1991,0,0,0,2341.933823,5495077,NA,7.75873228714016,15.5193631584605,0
"slv",1992,0,0,0,2465.759891,5585609,NA,7.81025531118163,15.5357040266178,0
"slv",1993,1,0,1,2574.951346,5659957,NA,7.85358591816205,15.5489268529774,0
"slv",1994,0,0,2.09,2670.212785,5714129,NA,7.88991344297539,15.5584524376468,0
"slv",1995,0,0,2.09,2773.32529,5762131,NA,7.92780234490255,15.5668179295296,0
"slv",1996,0,0,2.09,2775.04629,5805286,NA,7.92842270712249,15.574279439773,0
"slv",1997,0,0,2.09,2842.884874,5844578,NA,7.95257461628306,15.5810249518216,0
"slv",1998,0,0,2.09,2900.320643,5880781,NA,7.97257657641426,15.5872001341839,0
"slv",1999,0,0,2.09,2946.433024,5913900,NA,7.98835057332218,15.5928160702222,0
"slv",2000,0,0,2.09,2964.893469,5943366,NA,7.99459638127538,15.5977861975106,0
"slv",2001,0,0,2.09,2978.597348,5968060,NA,7.9992077801002,15.6019324744345,0
"slv",2002,0,0,2.09,3016.063077,5986631,0.355406552553177,8.01170764303382,15.6050393744687,0
"slv",2003,0,0,2.09,3057.164676,5998599,0.422310769557953,8.02524318893851,15.607036499927,0
"slv",2004,0,0,2.09,3081.236297,6004671,0.343949049711227,8.03308619056002,15.6080482243184,0
"slv",2005,0,0,2.09,3163.361184,6005578,0.553457379341125,8.05939040711207,15.6081992619866,0
"slv",2006,0,0,2.09,3302.348174,6002319,0.420833319425583,8.10238906228897,15.6076564525204,0
"slv",2007,0,0,2.09,3359.162302,6009824,0.492335826158524,8.11944690699218,15.6089060215568,0
"slv",2008,0,0,2.09,3420.449274,6029297,0.566063344478607,8.13752718809547,15.612140978159,0
"slv",2009,0,0,2.09,3337.811509,6048279,0.493027657270432,8.11307063438293,15.6152843267299,0
"slv",2010,0,0,2.09,3398.493461,6068249,0.497327446937561,8.13108751270069,15.618580653546,0
"slv",2011,0,0,2.09,3514.069144,6090127,0.561169683933258,8.16452994527514,15.6221794933274,0
"slv",2012,0,0,2.09,3601.442229,6113975,0.553992867469788,8.18908966338444,15.6260876924484,0
"slv",2013,0,0,2.09,3665.154733,6138839,0.549828171730042,8.20662583252914,15.6301461942961,0
"slv",2014,0,0,2.09,3713.94992,6162955,0.487402826547623,8.21985125770758,15.6340669282789,0
"som",1990,0,0,NA,259.4000219,7082811,NA,5.55837135630794,15.7731814207711,0
"som",1991,0,0,NA,277.5988024,6813760,NA,5.62617691450231,15.7344546549802,0
"som",1992,0,0,NA,266.49841,6495107,NA,5.58536827735921,15.6865596821621,0
"som",1993,0,0,NA,269.4062046,6681399,NA,5.59622029489145,15.7148379547229,0
"som",1994,0,0,NA,210.4461946,7026797,NA,5.3492300128483,15.7652415411844,0
"som",1995,0,0,NA,211.0875308,7285007,NA,5.3522728853693,15.8013289584895,0
"som",1996,0,0,NA,219.9363819,7554474,NA,5.39333833135192,15.8376505284988,0
"som",1997,0,0,NA,214.8523513,7824525,NA,5.36995105407548,15.8727735896726,0
"som",1998,0,0,NA,219.7121607,8155417,NA,5.39231832924699,15.9141929270034,0
"som",1999,0,0,NA,226.444111,8492059,NA,5.42249816392329,15.9546420494966,0
"som",2000,0,0,NA,233.0323931,8838713,NA,5.45117747008271,15.9946518357795,0
"som",2001,0,0,NA,239.8390741,9198493,NA,5.47996817385651,16.034550224254,0
"som",2002,0,0,NA,248.636454,9550063,NA,5.51599180549457,16.0720583092938,0
"som",2003,0,0,NA,257.9103372,9909157,NA,5.55261199428643,16.1089698370976,0
"som",2004,0,0,NA,266.2572719,10280998,NA,5.58446302895113,16.1458078949912,0
"som",2005,1,0,NA,275.4570408,10644228,NA,5.61843168467391,16.1805283313689,0
"som",2006,1,0,NA,284.4707899,10975502,NA,5.65063057659054,16.2111762561984,0
"som",2007,1,0,NA,294.2104045,11322582,NA,5.68429517293968,16.2423096966031,0
"som",2008,1.75,0.25,NA,304.7414488,11663084,NA,5.71946370824662,16.2719391979108,0
"som",2009,1,0,NA,317.0381848,11961201,NA,5.75902222340528,16.2971787195054,0
"som",2010,1,0,NA,329.9705049,12261756,NA,5.79900327137507,16.3219957082322,0
"som",2011,1,0,NA,349.5774491,12348830,NA,5.85672513683815,16.3290718797083,0
"som",2012,0,0,NA,369.6172048,12461160,NA,5.91246788846767,16.3381271649036,0
"som",2013,4,1,NA,397.1087963,12869594,NA,5.98421028923914,16.3703780328432,0
"som",2014,0,0,NA,417.5167969,13339491,NA,6.03432477557743,16.4062394418018,0
"srb",1990,0,0,NA,NA,7897937,NA,NA,15.882112144094,0
"srb",1991,3,0,NA,NA,7595636,NA,NA,15.8430844298082,0
"srb",1992,3.25,1.5,NA,NA,7604063,NA,NA,15.8441932676692,0
"srb",1993,3.2,1.2,NA,NA,7614328,NA,NA,15.8455422935363,0
"srb",1994,3,0.2,NA,NA,7622711,NA,NA,15.8466426386684,0
"srb",1995,2.75,0,NA,3012.498167,7628264,NA,8.01052496933399,15.8473708544376,0
"srb",1996,2.5,0,NA,3200.768258,7622185,NA,8.07114614059808,15.846573631966,0
"srb",1997,2,0,NA,3497.55049,7598538,NA,8.15981814246117,15.8434664183303,0
"srb",1998,4,5,NA,3699.403808,7567745,NA,8.21592695267603,15.839405694643,0
"srb",1999,4,5,NA,3329.451734,7540401,NA,8.11056292497466,15.8357859215938,0
"srb",2000,3,0,NA,3542.353659,7516346,NA,8.17254666061981,15.832590673581,0
"srb",2001,1,0,NA,3788.982339,7503433,NA,8.23985274988343,15.8308712071119,0
"srb",2002,0,0,NA,4038.652512,7500031,NA,8.30366637868582,15.8304177118313,0
"srb",2003,0,0,NA,4233.776449,7480591,NA,8.35084965129286,15.8278223575247,0
"srb",2004,0,0,NA,4527.434987,7463157,NA,8.41791083007413,15.8254890730087,0
"srb",2005,0,0,NA,4809.138408,7440769,NA,8.47827322189906,15.822484761683,0
"srb",2006,0,0,5.23,5016.412893,7411569,NA,8.52047039411644,15.818552715749,0
"srb",2007,0,0,5.23,5431.278874,7381579,0.339701294898987,8.59992990527115,15.8144981303308,0
"srb",2008,0,0,5.23,5735.947727,7350222,0.354842960834503,8.65450826909288,15.8102410748145,0
"srb",2009,0,0,6.23,5578.011974,7320807,0.383288949728012,8.62658771483267,15.8062311257625,0
"srb",2010,0,0,6.23,5690.703272,7291436,0.355065375566483,8.64658911737382,15.8022110667538,0
"srb",2011,3,0,6.23,5737.001202,7236519,0.333697319030762,8.65469191411902,15.794650847635,0
"srb",2012,0,0,6.23,5739.307502,7201497,0.259885370731354,8.65509383778464,15.7897994790413,0
"srb",2013,4,0,6.23,5793.336145,7166553,0.3558649122715,8.66446359547912,15.7849353438389,0
"srb",2014,0,0,6.23,5716.540472,7131787,0.340461313724518,8.65111908881352,15.7800723921238,0
"ssd",1990,0,0,NA,NA,4737633,NA,NA,15.3710482018574,0
"ssd",1991,0,0,NA,NA,4836677,NA,NA,15.3917384726476,0
"ssd",1992,0,0,NA,NA,4909749,NA,NA,15.4067333783011,0
"ssd",1993,0,0,NA,NA,4956002,NA,NA,15.4161099252823,0
"ssd",1994,0,0,NA,NA,5071184,NA,NA,15.4390848788753,0
"ssd",1995,0,0,NA,NA,5225836,NA,NA,15.4691253430165,0
"ssd",1996,0,0,NA,NA,5356925,NA,NA,15.4939006743917,0
"ssd",1997,0,0,NA,NA,5509136,NA,NA,15.5219183630262,0
"ssd",1998,0,0,NA,NA,5620068,NA,NA,15.5418543214408,0
"ssd",1999,0,0,NA,NA,5771628,NA,NA,15.5684647477345,0
"ssd",2000,0,0,NA,NA,6032267,NA,NA,15.612633451616,0
"ssd",2001,0,0,NA,NA,6308391,NA,NA,15.6573912099253,0
"ssd",2002,0,0,NA,NA,6596806,NA,NA,15.7020961504663,0
"ssd",2003,0,0,NA,NA,6903127,NA,NA,15.7474850553144,0
"ssd",2004,0,0,NA,NA,7233041,NA,NA,15.7941701142793,0
"ssd",2005,0,0,NA,NA,7590143,NA,NA,15.842360989774,0
"ssd",2006,0,0,NA,NA,7976526,NA,NA,15.8920135362929,0
"ssd",2007,0,0,NA,NA,8388788,NA,NA,15.9424066103206,0
"ssd",2008,0,0,NA,2289.184154,8817647,NA,7.73595076844214,15.9922656123455,0
"ssd",2009,0,0,NA,2293.801669,9243556,NA,7.73796583754372,16.0394372180675,0
"ssd",2010,0,0,NA,2295.070261,9745953,NA,7.73851873684084,16.0923626798827,0
"ssd",2011,0,0,NA,2073.239818,10288109,NA,7.63686779218938,16.1464993202712,0
"ssd",2012,0,0,NA,1069.196191,10756240,NA,6.9746624217818,16.1909966092495,0
"ssd",2013,4,0,NA,1165.162027,11166275,NA,7.06061543529917,16.2284086328852,0
"ssd",2014,1,0,NA,1197.09492,11235073,NA,7.08765300065965,16.2345509611328,0
"sur",1990,0,0,0,6474.955712,412493,NA,8.77569704669879,12.9299745149159,0
"sur",1991,0,0,0,6609.401341,415013,NA,8.79624836006033,12.9360651240234,0
"sur",1992,0,0,0,6594.904149,417589,NA,8.79405253115649,12.9422529742075,0
"sur",1993,0,0,0,6127.177641,419352,NA,8.72048950545046,12.946465941687,0
"sur",1994,0,0,0,6290.157496,422375,NA,8.74674138849071,12.9536488240166,0
"sur",1995,0,0,0,6184.283442,429606,NA,8.72976642395168,12.9706237885597,0
"sur",1996,0,0,0,6114.835717,438830,NA,8.71847318218393,12.9918673733233,0
"sur",1997,0,0,0,6330.137182,448067,NA,8.75307718662535,13.0126980537865,0
"sur",1998,0,0,0,6343.513448,457406,NA,8.75518806554372,13.0333266781061,0
"sur",1999,0,0,0,6127.310357,466916,NA,8.72051116543332,13.0539046489519,0
"sur",2000,3,0,0,6128.316024,476643,NA,8.7206752805868,13.0745230619857,0
"sur",2001,0,0,0,6255.552742,486560,NA,8.74122478702237,13.0951155029112,0
"sur",2002,0,0,0,6301.31731,496551,NA,8.74851398734733,13.1154414762254,0
"sur",2003,0,0,0,6567.843099,506414,NA,8.78994076214412,13.1351097955595,0
"sur",2004,0,0,0,7021.989199,513923,NA,8.85680181856143,13.1498287277679,0
"sur",2005,0,0,0,7261.817135,519313,NA,8.89038537057764,13.1602620632183,0
"sur",2006,0,0,0,7599.356969,524997,NA,8.93581891335275,13.1711478272717,0
"sur",2007,0,0,0,7897.256489,531016,NA,8.97427069826607,13.1825474315969,0
"sur",2008,0,0,0,8129.114647,537245,NA,9.00320729710388,13.1942095078072,0
"sur",2009,0,0,0,8276.690798,543568,NA,9.02119850541584,13.2059100927126,0
"sur",2010,0,0,0,8603.907867,549923,NA,9.05997178217129,13.2175335474077,0
"sur",2011,0,0,0,9003.285977,556269,NA,9.105344898238,13.2290072691826,0
"sur",2012,0,0,0,9140.928986,562633,NA,9.12051729888937,13.2403828295566,0
"sur",2013,0,0,0,9303.460088,569020,NA,9.13814166242011,13.2516708618756,0
"sur",2014,0,0,0,9224.243784,575373,NA,9.12959049091448,13.2627738051196,0
"svk",1990,0,0,NA,8597.463915,5299187,NA,9.05922254514728,15.4830639705295,0
"svk",1991,0,0,NA,7338.79874,5303294,NA,8.90093044881436,15.4838386948993,0
"svk",1992,0,0,NA,6843.300174,5305016,NA,8.83102537583873,15.4841633460483,0
"svk",1993,0,0,0.84,6946.845641,5325305,NA,8.84604297092681,15.4879805449148,0
"svk",1994,0,0,0.84,7348.918397,5346331,NA,8.9023084245075,15.4919210892151,0
"svk",1995,0,0,0.84,7755.623334,5361999,NA,8.95617345071703,15.4948474112804,0
"svk",1996,0,0,1.84,8212.831939,5373361,NA,9.01345308072795,15.4969641552448,0
"svk",1997,0,0,1.84,8647.394343,5383291,NA,9.06501332252332,15.4988104551568,0
"svk",1998,0,0,1.84,8966.219262,5390516,NA,9.10121937924572,15.5001516711417,0
"svk",1999,0,0,1.84,8914.683265,5396020,NA,9.09545500134304,15.5011722027521,0
"svk",2000,1,0,1.84,8997.211996,5388720,NA,9.10467003010495,15.4998184378742,0
"svk",2001,0,0,1.84,9277.358089,5378867,NA,9.13533209656338,15.4979883151642,0
"svk",2002,0,0,8.84,9690.684683,5376912,NA,9.17892036110893,15.4976247896545,0
"svk",2003,0,0,8.84,10168.02257,5373374,NA,9.22700303257572,15.4969665745842,0
"svk",2004,0,0,8.84,10718.21019,5372280,NA,9.27969946079738,15.4967629573816,0
"svk",2005,0,0,9.84,11412.15936,5372807,NA,9.34243467648405,15.4968610487234,0
"svk",2006,0,0,9.84,12430.20155,5373054,NA,9.42788439917619,15.4969070199117,0
"svk",2007,0,0,9.84,13770.96027,5374622,NA,9.53031732567467,15.4971988039236,0
"svk",2008,0,0,9.84,14497.11144,5379233,NA,9.58170469752903,15.4980563569188,0
"svk",2009,0,0,9.84,13680.75371,5386406,NA,9.52374528541906,15.4993889301291,0
"svk",2010,0,0,9.84,14596.14778,5391428,NA,9.58851292219678,15.500320842861,0
"svk",2011,2,0,9.84,14950.87352,5398384,NA,9.61252500654334,15.5016102074883,0
"svk",2012,0,0,9.84,15159.65704,5407579,NA,9.62639303624917,15.5033120460415,0
"svk",2013,0,0,9.84,15249.88245,5413393,NA,9.63232707380913,15.5043866261364,0
"svk",2014,0,0,9.84,15647.64918,5418649,NA,9.65807597254475,15.5053570803523,0
"svn",1990,0,0,0,13615.58586,1998161,NA,9.51897043466316,14.5077378155248,0
"svn",1991,0,0,0,12395.91777,1999429,NA,9.42512248529416,14.5083721977613,0
"svn",1992,0,0,0,11735.84608,1996498,NA,9.37040320453572,14.5069052037318,0
"svn",1993,0,0,0,12098.34148,1991746,NA,9.40082365442159,14.5045221989564,0
"svn",1994,0,0,0,12757.63019,1989443,NA,9.45388481786352,14.503365258024,0
"svn",1995,0,0,0,13278.74286,1989872,NA,9.49391975439286,14.5035808730239,0
"svn",1996,0,0,0,13674.1833,1988628,NA,9.52326490338609,14.5029555116865,0
"svn",1997,0,0,0,14400.67089,1985956,NA,9.57503007406216,14.5016109682562,0
"svn",1998,0,0,0,14874.29048,1981629,NA,9.60738953045268,14.4994297916889,0
"svn",1999,0,0,1,15646.68859,1983045,NA,9.65801458188633,14.500144100134,0
"svn",2000,1,0,1,16146.12168,1988925,NA,9.68943515615845,14.5031048497345,0
"svn",2001,0,0,1,16576.71588,1992060,NA,9.71575433186796,14.504679837155,0
"svn",2002,1,0,1,17099.65821,1994530,NA,9.7468137545717,14.5059189915782,0
"svn",2003,0,0,1,17635.36086,1995733,NA,9.77766130517698,14.5065219593708,0
"svn",2004,0,0,2.23,18425.26012,1997012,NA,9.82147783473265,14.5071626213934,0
"svn",2005,0,0,2.23,19102.27766,2000474,NA,9.85756285613976,14.5088947104442,0
"svn",2006,0,0,2.23,20166.53234,2006868,NA,9.91177969450219,14.5120858558099,0
"svn",2007,0,0,2.23,21485.78099,2018122,NA,9.97514664602551,14.5176779339652,0
"svn",2008,0,0,2.23,22175.23696,2021316,NA,10.0067314930282,14.5192593424016,0
"svn",2009,0,0,2.23,20307.61883,2039669,NA,9.91875140644067,14.5282980977537,0
"svn",2010,0,0,2.23,20444.12013,2048583,NA,9.92545059592256,14.5326588926,0
"svn",2011,2,0,3.23,20535.41558,2052843,NA,9.92990626382893,14.5347362196233,0
"svn",2012,0,0,3.23,19894.8698,2057159,NA,9.89821717848173,14.5368364626823,0
"svn",2013,0,0,3.23,19704.2186,2059953,NA,9.88858803393291,14.5381937249715,0
"svn",2014,0,0,3.23,20228.7082,2061980,NA,9.91485807246302,14.539177244191,0
"swe",1990,0,0,13.09,34903.34804,8558835,NA,10.4603380359675,15.9624746407249,0
"swe",1991,0,0,13.09,34268.9744,8617375,NA,10.4419956873709,15.969291071901,0
"swe",1992,4,0,13.09,33673.84899,8668067,NA,10.424476820739,15.9751563711886,0
"swe",1993,0,0,13.09,32787.28105,8718561,NA,10.397795946303,15.9809647593316,0
"swe",1994,0,0,13.09,33862.42217,8780745,NA,10.430061187978,15.9880718139478,0
"swe",1995,0,0,13.09,35064.41388,8826939,0.220218390226364,10.4649420455882,15.9933188533633,0
"swe",1996,0,0,13.09,35605.45375,8840998,0.180964916944504,10.4802541003317,15.9949103241692,0
"swe",1997,0,0,13.09,36675.75065,8846062,0.190785929560661,10.5098710704227,15.9954829462034,0
"swe",1998,0,0,13,38211.72331,8850974,0.21643628180027,10.5508976404446,15.9960380674255,0
"swe",1999,0,0,13,39786.02719,8857874,0.221352443099022,10.5912710540029,15.9968173389342,0
"swe",2000,1,0,12,41561.77476,8872109,0.202155753970146,10.6349361478625,15.99842309378,0
"swe",2001,0,0,12,42014.40223,8895960,0.207131117582321,10.6457677487233,16.0011077990595,0
"swe",2002,0,0,12,42831.75841,8924958,0.216964557766914,10.6650351253352,16.0043621797365,0
"swe",2003,0,0,12,43475.36554,8958229,0.203128695487976,10.6799497472377,16.0080831091645,0
"swe",2004,0,0,12,45114.67012,8993531,0.184242695569992,10.7169627524214,16.0120160990781,0
"swe",2005,0,0,12,46189.68284,9029572,0.189484819769859,10.7405117369798,16.0160155267062,0
"swe",2006,0,0,12,48078.35201,9080505,0.203309208154678,10.7805872926233,16.021640365771,0
"swe",2007,0,0,12,49262.15292,9148092,0.242579162120819,10.804911375957,16.0290558909173,0
"swe",2008,0,0,12,48428.65871,9219637,0.259303659200668,10.787847039577,16.036846223825,0
"swe",2009,0,0,12,45974.39112,9298515,0.292512059211731,10.7358398056654,16.0453652679543,0
"swe",2010,0,0,12,48205.54925,9378126,0.310180962085724,10.7832294230798,16.053890514242,0
"swe",2011,3,0,12,49356.59053,9449213,0.323230087757111,10.8068265826523,16.0614420155786,0
"swe",2012,0,0,12,48789.79069,9519374,0.30748239159584,10.7952763627822,16.068839648303,0
"swe",2013,0,0,12,48928.49941,9600379,0.307134568691254,10.7981153157156,16.0773131348254,0
"swe",2014,3,0,12,49557.61836,9696110,0.331375181674957,10.8108912788983,16.0872353321114,0
"swz",1990,0,0,NA,2027.974819,872428,NA,7.61479294796732,13.6790354081637,0
"swz",1991,0,0,NA,1982.415215,908189,NA,7.59207118588578,13.719207785703,0
"swz",1992,0,0,NA,1969.960825,943416,NA,7.58576893574751,13.7572626096206,0
"swz",1993,0,0,NA,1972.803408,971318,NA,7.58721085990251,13.7864091910832,0
"swz",1994,3,0,NA,2020.384816,971212,NA,7.61104327522216,13.7863000550595,0
"swz",1995,0,0,NA,2119.581636,970433,NA,7.65897400668223,13.785497642629,0
"swz",1996,0,0,NA,2157.861345,989841,NA,7.67687289213198,13.8052996031516,0
"swz",1997,0,0,NA,2187.698297,1006635,NA,7.69060526418044,13.8221236432345,0
"swz",1998,0,0,NA,2216.008966,1019653,NA,7.70346309388787,13.8349729313022,0
"swz",1999,0,0,NA,2256.769127,1030782,NA,7.72168947960485,13.8458282954426,0
"swz",2000,0,0,NA,2273.046838,1041414,NA,7.72887642988749,13.8560899630621,0
"swz",2001,0,0,NA,2283.983168,1051064,NA,7.7336762012216,13.8653135423914,0
"swz",2002,0,0,NA,2358.569356,1059441,NA,7.76581050911832,13.8732519684953,0
"swz",2003,0,0,NA,2448.837921,1066700,NA,7.80336887305524,13.8800803286136,0
"swz",2004,0,0,NA,2522.143421,1073159,NA,7.83286438286988,13.8861171933003,0
"swz",2005,0,0,NA,2658.751805,1079022,NA,7.88561204540467,13.8915656332817,0
"swz",2006,0,0,NA,2823.487282,1084436,NA,7.94572802476416,13.8965705941375,0
"swz",2007,0,0,NA,2928.468458,1090705,NA,7.98223485477011,13.9023348341183,0
"swz",2008,0,0,NA,2950.673344,1098091,NA,7.98978867549168,13.9090837755774,0
"swz",2009,0,0,NA,2973.834569,1105153,NA,7.99760749971637,13.9154943448875,0
"swz",2010,0,0,NA,3069.521757,1111650,NA,8.02927704896753,13.9213559560476,0
"swz",2011,0,0,NA,3108.702253,1117833,NA,8.04196063609335,13.9269025476579,0
"swz",2012,0,0,NA,3218.501382,1123863,NA,8.07667112088515,13.9322824158861,0
"swz",2013,0,0,NA,3332.119839,1129990,NA,8.1113639687264,13.9377193410918,0
"swz",2014,0,0,NA,3381.792921,1136299,NA,8.1261612978382,13.9432870478564,0
"syr",1990,5,0,NA,931.8850684,12579208,NA,6.83720948991402,16.34755585018,0
"syr",1991,5,0,NA,972.2858317,12980821,NA,6.87964982676662,16.3789835183956,0
"syr",1992,0,0,NA,1065.204693,13385571,NA,6.97092225967547,16.4096878937204,0
"syr",1993,4,1,NA,1097.110407,13795686,NA,7.00043509969587,16.4398664925595,0
"syr",1994,4,1,NA,1142.063978,14208583,NA,7.04059241141381,16.469356776593,0
"syr",1995,4,1,NA,1188.175395,14616801,NA,7.08017412791393,16.497682178494,0
"syr",1996,3.5,0.5,NA,1270.051247,15018104,NA,7.14681253060702,16.5247669646413,0
"syr",1997,3,0,NA,1299.298566,15417542,NA,7.16957983321687,16.5510165100211,0
"syr",1998,1,0,NA,1352.127896,15820413,NA,7.20943484976197,16.5768116261577,0
"syr",1999,0,0,NA,1271.322273,16228061,NA,7.14781279766416,16.6022524622366,0
"syr",2000,4,1,NA,1248.384883,16637888,NA,7.12960590122366,16.627193062225,0
"syr",2001,4,1,NA,1230.872,17051338,NA,7.11547814027445,16.6517392336881,0
"syr",2002,0,0,NA,1249.006214,17468332,NA,7.13010348529335,16.6759001995897,0
"syr",2003,2.5,0.5,NA,1307.481459,17889296,NA,7.1758580153414,16.6997131031175,0
"syr",2004,2.5,0,NA,1363.619467,18336875,NA,7.21789781634254,16.7244246176896,0
"syr",2005,4,0,NA,1411.631849,18814091,NA,7.2525016538872,16.750116668326,0
"syr",2006,4,0,NA,1420.722931,19637022,NA,7.25892112738267,16.7929272200658,0
"syr",2007,4,0,NA,1411.689914,20884125,NA,7.25254278628717,16.8544998589381,0
"syr",2008,1,0,NA,1423.595594,21636564,NA,7.26094105866075,16.8898952192987,0
"syr",2009,0,0,NA,1484.405237,21976969,NA,7.30276945720501,16.9055055993418,0
"syr",2010,0,0,NA,1526.368944,22482421,NA,7.33064695457509,16.9282442729205,0
"syr",2011,4,0,NA,1542.719572,22878098,NA,7.34130209378515,16.9456905916498,0
"syr",2012,4,0,NA,1142.290802,22759763,NA,7.04079100053205,16.9405047541629,0
"syr",2013,4,0,NA,884.3298133,21666917,NA,6.78483008502447,16.8912970929712,0
"syr",2014,3.5,0,NA,847.6598772,20273659,NA,6.74247946712697,16.8248330152112,0
"tcd",1990,0,0,NA,602.6706858,5982833,NA,6.4013709211777,15.6044047595641,0
"tcd",1991,0,0,NA,630.6206827,6205676,NA,6.44670454501903,15.6409749150865,0
"tcd",1992,0,0,NA,652.7850022,6474656,NA,6.4812478288149,15.6834060367254,0
"tcd",1993,4,1,NA,537.4105359,6629146,NA,6.28676230131113,15.7069865454191,0
"tcd",1994,1,0,NA,578.4235038,6783450,NA,6.36030630591106,15.7299963800541,0
"tcd",1995,1,0,NA,560.3314468,7089064,NA,6.32852847792936,15.7740638728681,0
"tcd",1996,0,0,NA,547.9257995,7410108,NA,6.30613987540802,15.8183555720648,0
"tcd",1997,0,0,NA,559.2598558,7670366,NA,6.32661422346037,15.8528748905883,0
"tcd",1998,0,0,NA,577.9095735,7938840,NA,6.3594174092014,15.8872777268324,0
"tcd",1999,0,0,NA,554.1489008,8222705,NA,6.31743342464124,15.9224097883247,0
"tcd",2000,0,0,NA,530.6003313,8512093,NA,6.27400906609093,15.9569984162558,0
"tcd",2001,1,0,NA,572.8067068,8804124,NA,6.35054832437677,15.9907308060363,0
"tcd",2002,0,0,NA,600.171452,9116192,NA,6.39721536772977,16.0255627309952,0
"tcd",2003,0,0,NA,661.5569167,9487833,NA,6.49459602172815,16.0655207988843,0
"tcd",2004,4,1,NA,845.5181312,9920036,NA,6.73994961246116,16.1100671082867,0
"tcd",2005,4,0.5,NA,952.8719101,10328092,NA,6.85948048759034,16.1503781192923,0
"tcd",2006,4,0.5,NA,914.2106646,10706424,NA,6.81806103132949,16.1863544931116,0
"tcd",2007,4,0.5,NA,920.3528157,11081660,NA,6.82475709185363,16.2208020475562,0
"tcd",2008,4,0,NA,916.0872746,11476296,NA,6.82011163808307,16.25579424871,0
"tcd",2009,4,1,NA,871.4853113,11893754,NA,6.77019901031431,16.2915239463376,0
"tcd",2010,0,0,NA,956.9530187,12312575,NA,6.86375429798039,16.3261316558145,0
"tcd",2011,0,0,NA,965.2869636,12754997,NA,6.87242542873903,16.3614336743561,0
"tcd",2012,0,0,NA,1016.421521,13210998,NA,6.92404342497234,16.3965602224715,0
"tcd",2013,0,0,NA,1008.617114,13691079,NA,6.91633547757323,16.4322550108133,0
"tcd",2014,0,0,NA,993.3211577,14188678,NA,6.90105403340722,16.467954880596,0
"tgo",1990,0,0,NA,703.623952,3998761,NA,6.55624405435334,15.2014951211017,0
"tgo",1991,0,0,NA,678.8698414,4115560,NA,6.52042941757821,15.2302854703191,0
"tgo",1992,0,0,NA,633.6690302,4233617,NA,6.45152678374498,15.2585672683898,0
"tgo",1993,1,0,NA,541.3570649,4207453,NA,6.29407907019359,15.2523680344559,0
"tgo",1994,3,0,NA,620.1826247,4222940,NA,6.43001399063379,15.2560421259061,0
"tgo",1995,0,0,NA,640.349914,4410832,NA,6.46201476757052,15.2995738917601,0
"tgo",1996,0,0,NA,671.5042747,4577860,NA,6.50952038184028,15.3367421979873,0
"tgo",1997,0,0,NA,744.1266409,4725030,NA,6.61221123661139,15.3683844680962,0
"tgo",1998,0,0,NA,706.6895799,4860913,NA,6.56059150285908,15.3967368383155,0
"tgo",1999,0,0,NA,704.0438451,5000269,NA,6.55684063419032,15.4250022689512,0
"tgo",2000,0,0,NA,679.5334216,5140037,NA,6.52140641795926,15.452570835849,0
"tgo",2001,0,0,NA,667.2983347,5277382,NA,6.50323722432725,15.4789406993831,0
"tgo",2002,0,0,NA,675.440798,5413274,NA,6.51536551181264,15.5043646433785,0
"tgo",2003,0,0,NA,702.799256,5552167,NA,6.55507129768973,15.5296988599671,0
"tgo",2004,0,0,NA,678.2876,5696508,NA,6.51957138678832,15.5553639134904,0
"tgo",2005,4,0,NA,630.2486783,5844631,NA,6.44611446896151,15.5810340200144,0
"tgo",2006,0,0,NA,629.0799058,6010668,NA,6.44425828488003,15.6090464484214,0
"tgo",2007,0,0,NA,603.8378434,6188344,NA,6.40330569069792,15.6381780805973,0
"tgo",2008,0,0,NA,610.4054137,6368812,NA,6.41412334903315,15.6669235109401,0
"tgo",2009,0,0,NA,625.7115114,6551865,NA,6.43888942046973,15.6952602999072,0
"tgo",2010,0,0,NA,644.5632813,6732590,NA,6.46857300421557,15.7224704715696,0
"tgo",2011,0,0,NA,663.9633405,6916474,NA,6.49822693786194,15.7494166601632,0
"tgo",2012,0,0,NA,687.4954646,7100736,NA,6.53305523257351,15.7757089986108,0
"tgo",2013,0,0,NA,709.0918611,7285442,NA,6.56398508245533,15.8013886683859,0
"tgo",2014,0,0,NA,730.2910496,7472450,NA,6.59344315276567,15.8267334819168,0
"tha",1990,4,1,3.44,2631.519711,54738329,NA,7.87531679517049,17.8180747349874,0
"tha",1991,0,0,3.44,2810.56702,55637434,NA,7.94114152844851,17.8343668060553,0
"tha",1992,0,0,3.44,2989.853854,56528834,NA,8.00297978692928,17.8502614022226,0
"tha",1993,0,0,3.44,3186.997071,57408198,NA,8.06683439537079,17.8656976733913,0
"tha",1994,4,1,3.44,3391.489866,58260854,NA,8.12902459232329,17.8804409678159,0
"tha",1995,3.66666666666667,0.333333333333333,3.44,3614.93244,59098232,NA,8.19282844562155,17.8947115665312,0
"tha",1996,3.5,0.5,3.44,3766.863644,59920064,NA,8.23399800953225,17.9085219652635,0
"tha",1997,4,1,3.44,3614.608485,60724584,NA,8.19273882582312,17.9218591822733,0
"tha",1998,4,1,3.44,3295.360184,61522630,NA,8.1002707532538,17.934915632573,0
"tha",1999,4,0,3.44,3403.087374,62299043,NA,8.13243834975166,17.947456622484,0
"tha",2000,0,0,5.59,3514.71663,63007815,0.302157819271088,8.16471418364081,17.9587693242816,0
"tha",2001,4,0,6.59,3599.025249,63651141,0.318354398012161,8.1884183236143,17.9689278089657,0
"tha",2002,4,0,6.59,3783.754221,64266437,0.416963487863541,8.23847197589527,17.9785480778148,0
"tha",2003,1,0.5,6.59,4018.155382,64868166,0.392210066318512,8.2985782161055,17.9878675528611,0
"tha",2004,2.5,0.25,9.15,4232.771573,65452047,0.432203382253647,8.3506122756819,17.9968283256141,0
"tha",2005,2.66666666666667,0.333333333333333,9.15,4372.257302,66017420,0.515439450740814,8.38303469980624,18.0054292045588,0
"tha",2006,3.5,0,9.15,4551.525002,66567687,0.581084966659546,8.42321762106439,18.0137298375925,0
"tha",2007,1,1,9.15,4760.667085,67102394,0.600651741027832,8.46814308131379,18.0217302793979,0
"tha",2008,0,0,9.15,4805.76394,67619830,0.648885130882263,8.47757129732064,18.0294118411918,0
"tha",2009,1,0,9.15,4737.456798,68121080,0.539799630641937,8.46325573019343,18.0367972680077,0
"tha",2010,0,0,9.15,5059.357478,68579447,0.539432764053345,8.52899477358638,18.0435034413912,0
"tha",2011,0,0,9.15,5070.237402,69007208,0.551175475120544,8.53114292034105,18.0497215208737,0
"tha",2012,0,0,9.15,5403.87846,69436098,0.609745621681213,8.59487220807957,18.0559174343412,0
"tha",2013,1,0,9.15,5516.611642,69845114,0.605506896972656,8.61551911782754,18.061790691328,0
"tha",2014,4,0,9.15,5541.465994,70216367,0.614730358123779,8.62001436459127,18.0670919899694,0
"tjk",1990,0,0,NA,1312.947013,5398768,NA,7.18002951781446,15.5016813373566,0
"tjk",1991,0,0,NA,1188.374613,5541205,NA,7.08034178102436,15.5277225440971,0
"tjk",1992,0,0,NA,827.5868846,5649400,NA,6.71851409823494,15.5470599027933,0
"tjk",1993,4,1,NA,682.7272593,5724993,NA,6.5260954522927,15.5603518846964,0
"tjk",1994,4,1,NA,528.0482174,5825368,NA,6.2691876003701,15.5777327313862,0
"tjk",1995,0,0,NA,452.9043854,5948584,NA,6.1156810334475,15.598663766006,0
"tjk",1996,0,0,NA,369.9348835,6066523,NA,5.91332699960958,15.6182961817798,0
"tjk",1997,3,0,NA,371.6612431,6139829,NA,5.91798280256358,15.6303074495726,0
"tjk",1998,3,0,NA,389.0897467,6176397,NA,5.96381002831974,15.6362456497089,0
"tjk",1999,1,0,NA,401.4063818,6208370,NA,5.99497433508986,15.6414089395846,0
"tjk",2000,0,0,NA,429.537301,6284735,NA,6.06270858515037,15.6536342352353,0
"tjk",2001,3,0,NA,461.6811958,6407377,NA,6.13487460050506,15.6729605407817,0
"tjk",2002,0,0,NA,501.8085665,6531669,NA,6.21821870532905,15.6921730581817,0
"tjk",2003,0,0,NA,546.3914798,6658575,NA,6.30333571479679,15.7114160556591,0
"tjk",2004,1,0,NA,590.9571114,6790547,NA,6.38174344522965,15.7310420559367,0
"tjk",2005,3,0,NA,618.3337026,6924720,NA,6.42702828357001,15.7506081760072,0
"tjk",2006,4,0,NA,649.1633288,7057566,NA,6.47568434729207,15.7696107908195,0
"tjk",2007,0,0,NA,686.4809019,7194477,NA,6.53157840530176,15.788824206294,0
"tjk",2008,0,0,NA,726.1854913,7338403,NA,6.58780547984923,15.808631801986,0
"tjk",2009,0,0,NA,739.2128785,7490230,NA,6.60558594238891,15.8291100626321,0
"tjk",2010,0,0,NA,770.6041054,7652141,NA,6.64717475971485,15.8504960359277,0
"tjk",2011,4,0,NA,809.3682292,7824785,NA,6.69625397938573,15.8728068179747,0
"tjk",2012,4,0,NA,849.5190808,8014084,NA,6.74467040207222,15.8967110517804,0
"tjk",2013,4,1,NA,889.8823831,8216724,NA,6.79108930017288,15.9216821474481,0
"tjk",2014,4,1,NA,925.9709615,8425552,NA,6.8308428750832,15.9467795513442,0
"tkm",1990,0,0,NA,3495.748389,3760562,NA,8.15930276307554,15.1400789722819,0
"tkm",1991,0,0,NA,3252.31234,3855894,NA,8.08712151156608,15.1651134447082,0
"tkm",1992,0,0,NA,2703.318656,3944689,NA,7.90223542908012,15.1878806751875,0
"tkm",1993,3,0,NA,2684.180356,4032407,NA,7.89513069255529,15.2098740260993,0
"tkm",1994,0,0,NA,2174.388214,4116662,NA,7.68450262303635,15.2305531987663,0
"tkm",1995,0,0,NA,1981.944023,4191203,NA,7.59183347180694,15.2484983628613,0
"tkm",1996,0,0,NA,2078.718626,4263819,NA,7.63950693766925,15.2656757955216,0
"tkm",1997,0,0,NA,1810.780481,4336730,NA,7.5015132362901,15.2826311658646,0
"tkm",1998,0,0,NA,1906.905386,4410507,NA,7.55323699031611,15.2995002068013,0
"tkm",1999,0,0,NA,2181.159381,4492170,NA,7.68761184056052,15.3178464391822,0
"tkm",2000,0,0,NA,2255.014968,4582677,NA,7.72091188960876,15.3377938831546,0
"tkm",2001,0,0,NA,2306.300576,4675409,NA,7.74340003752128,15.3578272035092,0
"tkm",2002,0,0,NA,2266.633663,4769465,NA,7.72605104194891,15.3777446972451,0
"tkm",2003,0,0,NA,2295.296206,4863865,NA,7.73861717996158,15.3973439473088,0
"tkm",2004,0,0,NA,2364.267252,4958093,NA,7.76822342289765,15.4165317489649,0
"tkm",2005,0,0,NA,2622.617963,5052257,NA,7.87192832038371,15.4353456321008,0
"tkm",2006,0,0,NA,2856.77457,5147105,NA,7.95744849467243,15.45394497866,0
"tkm",2007,0,0,NA,3114.0633,5244046,NA,8.04368367974033,15.4726038957571,0
"tkm",2008,0,0,NA,3504.348433,5345029,NA,8.16175988575414,15.491677528058,0
"tkm",2009,0,0,NA,3645.435224,5451592,NA,8.20123104033262,15.5114182340753,0
"tkm",2010,0,0,NA,3900.142379,5564356,NA,8.26876833888726,15.5318918127249,0
"tkm",2011,0,0,NA,4379.749434,5683417,NA,8.3847467948848,15.553063194325,0
"tkm",2012,0,0,NA,4761.079276,5808546,NA,8.4682296601796,15.5748408393327,0
"tkm",2013,0,0,NA,5131.167365,5939341,NA,8.54308846880797,15.5971087424233,0
"tkm",2014,4,0,NA,5533.035288,6075283,NA,8.61849182061137,15.619739130468,0
"tto",1990,0,0,0.18,6058.215216,1252208,NA,8.7091705168723,14.0404189510287,0
"tto",1991,0,0,0.18,6197.462428,1262171,NA,8.73189520144643,14.0483438121117,0
"tto",1992,0,0,0.18,6771.984158,1271674,NA,8.82054940391184,14.0558447007263,0
"tto",1993,0,0,0.18,6680.4848,1280466,NA,8.80694583874756,14.0627346321411,0
"tto",1994,0,0,0.18,6876.498572,1288341,NA,8.83586487289096,14.0688659021587,0
"tto",1995,0,0,0.18,7100.853812,1295169,NA,8.8679703110106,14.0741517465316,0
"tto",1996,1,0,0.41,7573.785608,1300928,NA,8.93244830175004,14.0785884139186,0
"tto",1997,1,0,0.41,8112.942859,1305836,NA,9.00121594922962,14.0823540066608,0
"tto",1998,0,0,0.41,8742.699311,1310225,NA,9.07597426661875,14.0857094361542,0
"tto",1999,1,0,0.41,9412.081084,1314708,NA,9.14974936476977,14.0891251457046,0
"tto",2000,0,0,0.41,10023.02067,1319774,NA,9.21263979327955,14.0929710677829,0
"tto",2001,0,0,0.41,10395.2041,1325567,NA,9.249099834539,14.0973508503972,0
"tto",2002,0,0,0.41,11165.96002,1332011,NA,9.32062514535163,14.1022003883066,0
"tto",2003,0,0,0.41,12714.50043,1338709,NA,9.45049838726918,14.1072162746916,0
"tto",2004,0,0,0.41,13657.2535,1345380,NA,9.5220260514158,14.1121870589956,0
"tto",2005,0,0,0.41,15075.41797,1294494,NA,9.62082074724751,14.0736304431688,0
"tto",2006,0,0,0.41,17021.22417,1297944,NA,9.74221632492276,14.0762920320181,0
"tto",2007,0,0,0.41,17758.69952,1303188,NA,9.78463078863984,14.0803241281244,0
"tto",2008,0,0,0.41,18285.27354,1308587,NA,9.8138512902747,14.0844584870875,0
"tto",2009,0,0,0.41,17461.96409,1310106,NA,9.76778031390317,14.0856186079343,0
"tto",2010,0,0,0.41,17938.09495,1317714,NA,9.79468193989618,14.09140897505,0
"tto",2011,0,0,0.41,17746.50925,1328019,NA,9.78394411359123,14.0991989161451,0
"tto",2012,0,0,0.41,18835.66741,1335194,NA,9.84350755406166,14.1045871576109,0
"tto",2013,0,0,0.41,19392.19746,1340557,NA,9.8726260713667,14.1085957572014,0
"tto",2014,0,0,0.41,20032.5402,1345343,NA,9.90511324038926,14.1121595570937,0
"tun",1990,0,0,NA,2114.470345,8324509,NA,7.6565596322221,15.9347146131125,0
"tun",1991,0,0,NA,2151.208517,8501827,NA,7.67378506413239,15.9557916395405,0
"tun",1992,0,0,NA,2270.864494,8682512,NA,7.72791587233768,15.9768214456898,0
"tun",1993,0,0,NA,2274.641826,8857910,NA,7.72957787986933,15.9968214031066,0
"tun",1994,0,0,NA,2305.161275,9018448,NA,7.74290592044518,16.0147828151502,0
"tun",1995,0,0,NA,2322.592072,9161258,NA,7.75043911338983,16.0304940634651,0
"tun",1996,0,0,NA,2452.909298,9294432,NA,7.80503006762704,16.0449260691479,0
"tun",1997,0,0,NA,2551.550552,9421270,NA,7.84445651296698,16.0584804569981,0
"tun",1998,0,0,NA,2639.874981,9541667,NA,7.87848683933723,16.0711787661051,0
"tun",1999,0,0,NA,2766.570071,9655963,NA,7.92536359041068,16.0830862099377,0
"tun",2000,0,0,NA,2864.547037,9764935,NA,7.9601655143806,16.0943084658448,0
"tun",2001,0,0,NA,2941.738936,9869677,NA,7.98675616031037,16.1049776854436,0
"tun",2002,0,0,NA,2950.20411,9971515,NA,7.98962963677087,16.1152430862615,0
"tun",2003,0,0,NA,3058.228958,10071632,NA,8.0255912554979,16.1252333171048,0
"tun",2004,0,0,NA,3218.723207,10166163,NA,8.07674004033857,16.1345754106987,0
"tun",2005,0,0,NA,3301.938172,10255472,NA,8.10226489989532,16.1433219747581,0
"tun",2006,0,0,NA,3444.551353,10346410,NA,8.14454894361714,16.1521501576025,0
"tun",2007,0,0,NA,3642.119774,10441702,NA,8.20032114662214,16.1613181539513,0
"tun",2008,0,0,NA,3760.118285,10542635,-0.19826965034008,8.23220569466572,16.1709380698327,0
"tun",2009,0,0,NA,3835.250119,10650681,0.634494602680206,8.25198993175285,16.1811343917374,0
"tun",2010,0,0,NA,3906.906259,10765980,0.631422162055969,8.2705011016779,16.1919017204011,0
"tun",2011,4,0,NA,3784.74129,10886035,0.750714719295502,8.23873281214843,16.2029913331098,0
"tun",2012,0,0,NA,3900.046201,11009647,0.683639526367188,8.26874367845783,16.2142824464228,0
"tun",2013,0,0,NA,3947.587635,11141361,NA,8.28085994601004,16.2261749573529,0
"tun",2014,0,0,NA,4021.599547,11274288,NA,8.29943499973662,16.2380352928003,0
"tur",1990,3,0,8.97,5188.182444,56015628,NA,8.55413871135617,17.8411412811948,0
"tur",1991,3.5,0,8.97,5134.417609,57009887,NA,8.54372169996174,17.8587352668974,0
"tur",1992,4,0,8.97,5301.80856,57990118,NA,8.57580327906771,17.8757831746841,0
"tur",1993,3,0,8.97,5609.850567,58999167,NA,8.63227936126358,17.8930338831263,0
"tur",1994,3.33333333333333,0,9.86,5255.803397,60033836,NA,8.56708815402344,17.9104188945691,0
"tur",1995,3.6,0.2,9.86,5577.825397,61024503,NA,8.62655426561792,17.9267860300069,0
"tur",1996,3.85714285714286,0.285714285714286,9.86,5887.673098,61951134,NA,8.68061613882666,17.9418564709566,0
"tur",1997,2.83333333333333,0.166666666666667,9.86,6230.186221,62852966,NA,8.73716150234601,17.9563086836134,0
"tur",1998,3.8,0.2,9.86,6261.288701,63734383,NA,8.74214130568686,17.9702347394431,0
"tur",1999,3.11111111111111,0.111111111111111,9.86,5989.557009,64591923,NA,8.69777273328286,17.9835999299761,0
"tur",2000,3,0.142857142857143,9.94,6326.257465,65425961,NA,8.75246410253154,17.9964296948473,0
"tur",2001,3.66666666666667,0.333333333333333,9.94,5906.923485,66245128,NA,8.68388041394757,18.0088724805038,0
"tur",2002,3.25,0.25,9.94,6211.70543,67048795,NA,8.73419076363361,18.0209311958675,0
"tur",2003,2.66666666666667,0.333333333333333,9.94,6496.072773,67831730,NA,8.77895308451891,18.0325406375358,0
"tur",2004,3,0.333333333333333,9.32,7061.622198,68592617,NA,8.86243007718131,18.0436954629975,0
"tur",2005,3,0,10.12,7623.146409,69329557,NA,8.93894447802186,18.054381881168,0
"tur",2006,2,0,10.12,8078.515379,70045349,NA,8.99696339441007,18.0646534331112,0
"tur",2007,3.5,1,10.12,8477.533284,70158112,NA,9.04517480014956,18.0662619957459,0
"tur",2008,2.5,1,10.12,8447.939764,71051678,0.689396739006042,9.04167787571229,18.0789180293995,0
"tur",2009,4,2,11.12,7925.301104,72039206,0.72448194026947,8.9778155922193,18.0927210565567,0
"tur",2010,3,0,11.12,8472.578091,73142150,0.551923513412476,9.04459012043489,18.107915365933,0
"tur",2011,3.5,0,11.12,9265.859102,74223629,0.562224268913269,9.13409185994689,18.1225931075779,0
"tur",2012,3.2,0,11.12,9588.320665,75175827,0.564244091510773,9.1683010394047,18.135340287776,0
"tur",2013,3.33333333333333,0,11.12,10269.44891,76147624,0.602935433387756,9.23692864130758,18.1481844352428,0
"tur",2014,3.2,0,8.76,10597.98019,77181884,0.591758549213409,9.26841871383035,18.1616753242449,0
"twn",1990,0,0,NA,NA,NA,NA,NA,NA,0
"twn",1991,3,0,NA,NA,NA,NA,NA,NA,0
"twn",1992,0,0,NA,NA,NA,NA,NA,NA,0
"twn",1993,1,0,NA,NA,NA,NA,NA,NA,0
"twn",1994,2.33333333333333,0,NA,NA,NA,NA,NA,NA,0
"twn",1995,3.33333333333333,0,NA,NA,NA,NA,NA,NA,0
"twn",1996,2,0,NA,NA,NA,NA,NA,NA,0
"twn",1997,0,0,NA,NA,NA,NA,NA,NA,0
"twn",1998,0,0,NA,NA,NA,NA,NA,NA,0
"twn",1999,3,0,NA,NA,NA,NA,NA,NA,0
"twn",2000,3,0,NA,NA,NA,NA,NA,NA,0
"twn",2001,3,0,NA,NA,NA,NA,NA,NA,0
"twn",2002,3,0,NA,NA,NA,NA,NA,NA,0
"twn",2003,2.33333333333333,0,NA,NA,NA,NA,NA,NA,0
"twn",2004,3,0,NA,NA,NA,NA,NA,NA,0
"twn",2005,2.5,0,NA,NA,NA,NA,NA,NA,0
"twn",2006,0,0,NA,NA,NA,NA,NA,NA,0
"twn",2007,1,0,NA,NA,NA,NA,NA,NA,0
"twn",2008,3,0,NA,NA,NA,NA,NA,NA,0
"twn",2009,0,0,NA,NA,NA,NA,NA,NA,0
"twn",2010,1,0,NA,NA,NA,NA,NA,NA,0
"twn",2011,3,0,NA,NA,NA,NA,NA,NA,0
"twn",2012,3,0,NA,NA,NA,NA,NA,NA,0
"twn",2013,3,0,NA,NA,NA,NA,NA,NA,0
"twn",2014,3,0,NA,NA,NA,NA,NA,NA,0
"tza",1990,0,0,NA,541.5447998,26110207,NA,6.29442579579819,17.0778368686408,0
"tza",1991,0,0,NA,538.96698,26780436,NA,6.28965430743688,17.1031821789013,0
"tza",1992,0,0,NA,528.7815552,27457588,NA,6.27057540744502,17.1281531175926,0
"tza",1993,0,0,NA,518.6625977,28332692,NA,6.25125357098804,17.1595268902362,0
"tza",1994,0,0,NA,506.9725037,29442356,NA,6.22845676878717,17.1979448757969,0
"tza",1995,3,0,NA,508.8404236,30383497,NA,6.23213445776939,17.2294101571315,0
"tza",1996,0,0,NA,522.333252,30945762,NA,6.25830579797635,17.2477466171859,0
"tza",1997,0,0,NA,529.9542236,31578089,NA,6.27279063224998,17.2679740519779,0
"tza",1998,0,0,NA,535.3631592,32420458,NA,6.28294531885696,17.2943002012541,0
"tza",1999,0,0,NA,546.6055298,33300330,NA,6.30372739016435,17.3210778648115,0
"tza",2000,0,0,NA,555.3480835,34260139,NA,6.31959509463031,17.3494931080616,0
"tza",2001,0,0,NA,573.4001465,35198299,NA,6.35158380894278,17.3765083155371,0
"tza",2002,3,0,NA,598.4215698,36121304,NA,6.3942954717994,17.402393387744,0
"tza",2003,0,0,NA,621.7207031,37089555,NA,6.43249096150899,17.4288459515507,0
"tza",2004,0,0,NA,650.5165405,38109668,NA,6.47776672499286,17.4559785611879,0
"tza",2005,0,0,NA,680.0512085,39182076,NA,6.5221681019524,17.4837299552944,0
"tza",2006,0,0,NA,704.5027466,40294902,NA,6.55749222998266,17.5117355176743,0
"tza",2007,0,0,NA,731.5200195,41435512,NA,6.59512458782322,17.5396488488922,0
"tza",2008,0,0,NA,752.5404663,42570728,NA,6.62345477099112,17.5666774389031,0
"tza",2009,0,0,NA,772.9295654,43633982,NA,6.65018792593653,17.5913468084117,0
"tza",2010,0,0,NA,801.2993164,44758488,NA,6.68623455566997,17.6167916606766,0
"tza",2011,0,0,NA,838.9992676,46029367,NA,6.73220983352284,17.6447901637979,0
"tza",2012,0,0,NA,851.9107056,47374260,NA,6.74748171570302,17.6735896011921,0
"tza",2013,0,0,NA,882.8115234,48824128,NA,6.78311172753708,17.7037351748645,0
"tza",2014,0,0,NA,913.8112183,50351512,NA,6.81762400559135,17.7345392064694,0
"uga",1990,4,1,NA,369.839287,17569897,NA,5.91306855181741,16.6816975978809,0
"uga",1991,0,0,NA,377.7805037,18155901,NA,5.93431334891847,16.7145061898007,0
"uga",1992,0,0,NA,377.6096127,18785032,NA,5.9338608913096,16.7485709404756,0
"uga",1993,0,0,NA,395.1639492,19445161,NA,5.97930074005285,16.7831088053011,0
"uga",1994,0,0,NA,406.5923019,20108801,NA,6.00781096815717,16.8166681378928,0
"uga",1995,2,0,NA,441.2262012,20665667,NA,6.08955767183546,16.8439842822036,0
"uga",1996,4,0,NA,468.427899,21231550,NA,6.14938219228968,16.870998840906,0
"uga",1997,1,0,NA,478.250664,21856046,NA,6.17013499671459,16.8999881460356,0
"uga",1998,3,0,NA,487.0089773,22515806,NA,6.18828255679359,16.9297281094337,0
"uga",1999,3,0,NA,509.4553951,23257281,NA,6.23334230241231,16.9621288022632,0
"uga",2000,0,0,NA,509.1975532,24000150,NA,6.2328360614871,16.9935706382927,0
"uga",2001,3,0,NA,519.4565479,24745676,0.875915467739105,6.25278316488516,17.0241613246452,0
"uga",2002,4,1,NA,547.4053389,25532870,0.894217967987061,6.30518954975595,17.055477199664,0
"uga",2003,2,0,NA,564.7205392,26352124,0.893997430801392,6.33633098789622,17.0870594369137,0
"uga",2004,4,1,NA,585.3394891,27154515,0.899046182632446,6.3721920021573,17.1170538888607,0
"uga",2005,2,0,NA,604.4048131,27963289,0.911428868770599,6.40424419380169,17.1464031007436,0
"uga",2006,4,1,NA,650.2705409,28794003,0.904536902904511,6.47738849306474,17.1756776942568,0
"uga",2007,4,1,NA,684.5422418,29653430,0.932866632938385,6.5287503547309,17.2050883596852,0
"uga",2008,0,0,NA,722.565167,30539553,0.916682422161102,6.58280761245892,17.2345332211054,0
"uga",2009,0,0,NA,749.3428655,31451151,0.945939064025879,6.61919664312755,17.2639461382153,0
"uga",2010,2.5,0.5,NA,768.6240917,32390802,0.934683740139008,6.64460202255233,17.2933850515696,0
"uga",2011,0,0,NA,816.5163666,33354543,0.954432904720306,6.7050469570351,17.3227045429376,0
"uga",2012,0,0,NA,823.5804683,34337438,0.957131266593933,6.71366125984086,17.3517468037779,0
"uga",2013,2.5,0,NA,828.9886697,35337042,0.955130100250244,6.72020648761126,17.3804423201642,0
"uga",2014,0,0,NA,845.9786648,36395539,0.954769670963287,6.74049414037569,17.4099567701514,0
"ukr",1990,0,0,NA,3102.310547,52054092,NA,8.03990245058894,17.7677939666498,0
"ukr",1991,0,0,7.1,2826.064697,52170961,NA,7.94664045647145,17.7700365953771,0
"ukr",1992,1,0,7.1,2538.852783,52323671,NA,7.83946759774715,17.7729594270249,0
"ukr",1993,0,0,7.1,2177.234863,52350126,NA,7.68581093920054,17.7734649021547,0
"ukr",1994,4,0,7.1,1687.484497,52075998,NA,7.43099423574152,17.768214709594,0
"ukr",1995,0,0,7.1,1493.38208,51665539,NA,7.3087986790653,17.7603015601708,0
"ukr",1996,1,0,7.1,1355.573364,51226109,NA,7.21197979067588,17.7517599014401,0
"ukr",1997,3,0,7.1,1326.277954,50786885,NA,7.19013176718015,17.7431487099259,0
"ukr",1998,0,0,7.1,1311.593628,50379731,NA,7.17899818677022,17.7350994894541,0
"ukr",1999,0,0,7.1,1319.533203,49976446,NA,7.18503331894623,17.7270623723994,0
"ukr",2000,1,0,7.1,1409.222656,49556660,NA,7.25079352354477,17.7186272193953,0
"ukr",2001,0,0,7.1,1547.27832,49106855,0.224932789802551,7.34425274389355,17.7095091960544,0
"ukr",2002,0,0,7.1,1644.28125,48677281,0.223371684551239,7.40505863762652,17.7007229699633,0
"ukr",2003,1,0,7.1,1814.258545,48315136,0.290563583374023,7.50343214808239,17.6932554442724,0
"ukr",2004,1,0,7.1,2042.444946,47979507,0.430986911058426,7.62190287214812,17.6862845402084,0
"ukr",2005,3,0,7.1,2122.601563,47585556,0.43541756272316,7.66039776768852,17.6780398277746,0
"ukr",2006,0,0,7.1,2298.132324,47278694,0.465971797704697,7.73985203899634,17.6715703080072,0
"ukr",2007,0,0,7.1,2498.352051,47062798,0.414864659309387,7.8233866139019,17.6669933955097,0
"ukr",2008,1,0,7.1,2567.694092,46819175,0.433172732591629,7.85076353466118,17.6618033991969,0
"ukr",2009,3,0,7.1,2188.170166,46623731,0.450475990772247,7.69082093291264,17.6576202183997,0
"ukr",2010,0,0,7.1,2285.933838,46456003,0.478404104709625,7.7345299016787,17.6540162506113,0
"ukr",2011,0,0,7.1,2418.12085,46307853,0.519235014915466,7.79074600924757,17.6508221159052,0
"ukr",2012,0,0,7.1,2426.929443,46210056,0.548659384250641,7.79438213361056,17.6487079947046,0
"ukr",2013,1,0,7.1,2432.41626,46126770,0.521381080150604,7.79664038797941,17.6469040335724,0
"ukr",2014,3.5,0,7.06,2308.643555,45972380,0.550439298152924,7.74441542541539,17.6435513393376,0
"ury",1990,0,0,9,8320.355905,3104403,NA,9.02646030994361,14.948331984332,0
"ury",1991,0,0,9,8565.269278,3122354,NA,9.05547084961019,14.9540977624828,0
"ury",1992,0,0,9,9193.551221,3139702,NA,9.12625756301472,14.9596384489221,0
"ury",1993,0,0,9,9388.109391,3156345,NA,9.14719920911862,14.9649252705627,0
"ury",1994,0,0,9,10019.34792,3172834,NA,9.21227329467689,14.970135752777,0
"ury",1995,0,0,9,9822.896804,3189440,NA,9.19247134807148,14.9753559107612,0
"ury",1996,0,0,9,10316.20276,3206324,NA,9.24147102171308,14.9806356675569,0
"ury",1997,0,0,10,11138.86761,3223345,NA,9.31819585750658,14.9859301981964,0
"ury",1998,0,0,10,11584.94919,3239280,NA,9.3574620510131,14.9908616408513,0
"ury",1999,0,0,10,11357.08669,3254015,NA,9.33759720604029,14.9954001764616,0
"ury",2000,0,0,10,11096.33096,3266206,NA,9.31436978851452,14.9991396246202,0
"ury",2001,0,0,10,10643.5574,3274251,NA,9.27271004912103,15.0015996986051,0
"ury",2002,0,0,10,9806.771306,3278867,NA,9.19082837565473,15.0030084938575,0
"ury",2003,0,0,10,9878.756843,3281186,NA,9.19814195721792,15.0037155003699,0
"ury",2004,0,0,10,10366.90674,3283148,NA,9.24637396743043,15.0043132761865,0
"ury",2005,0,0,10,11131.39849,3285771,NA,9.31752508687039,15.0051118855587,0
"ury",2006,0,0,10,11574.47054,3289506,NA,9.35655713622359,15.0062479594919,0
"ury",2007,0,0,10,12310.48274,3295153,NA,9.41820643368174,15.0079631588316,0
"ury",2008,0,0,10,13165.83628,3302177,NA,9.4853805928905,15.010092505902,0
"ury",2009,0,0,10,13691.71421,3310091,NA,9.52454612665981,15.0124862394225,0
"ury",2010,0,0,10,14722.37801,3318580,NA,9.59712392882753,15.0150475385549,0
"ury",2011,0,0,10,15443.99619,3326825,NA,9.64497561068635,15.0175289536773,0
"ury",2012,0,0,10,15949.3177,3335401,NA,9.67717132986854,15.0201034699837,0
"ury",2013,0,0,10,16639.40548,3345337,NA,9.71952898537154,15.0230779938539,0
"ury",2014,0,0,10,17122.03646,3356334,NA,9.7481215947243,15.0263598648591,0
"usa",1990,4.5,1.5,22.27,39009.37251,249623000,NA,10.5715572170086,19.3354623376501,1
"usa",1991,4.25,0.75,22.27,38449.88153,252981000,NA,10.5571108937847,19.3488249450575,1
"usa",1992,3,0,22.27,39256.04813,256514000,NA,10.5778608038236,19.3626938019823,1
"usa",1993,3.42857142857143,0.142857142857143,22.27,39807.8795,259919000,NA,10.5918201490645,19.3758806019801,1
"usa",1994,3,0.166666666666667,22.27,40907.01844,263126000,NA,10.6190569273093,19.3881435628688,1
"usa",1995,3.25,0.25,22.25,41507.91356,266278000,NA,10.6336393762329,19.4000514337778,1
"usa",1996,2.83333333333333,0.166666666666667,22.25,42575.68969,269394000,NA,10.6590387048125,19.4116855499776,1
"usa",1997,3.2,0.8,22.25,43936.905,272657000,NA,10.6905099064983,19.4237251529477,1
"usa",1998,3.83333333333333,0.666666666666667,22.22,45374.62152,275854000,NA,10.7227082303753,19.435382298212,1
"usa",1999,3.16666666666667,0.666666666666667,22.19,47004.46902,279040000,NA,10.7579979617038,19.4468656986849,1
"usa",2000,2.9,0.3,22.16,48379.75517,282162411,0.0592080466449261,10.786836723589,19.4579933886528,1
"usa",2001,3.75,1,22.18,48361.01676,284968955,0.271137088537216,10.7864493293216,19.4678908024751,1
"usa",2002,3.5,1,22.18,48729.15864,287625193,0.306797236204147,10.7940328699384,19.4771687773322,1
"usa",2003,3.83333333333333,0.666666666666667,22.18,49662.75205,290107933,0.308952569961548,10.813010475368,19.4857635944606,1
"usa",2004,3.16666666666667,0.166666666666667,22.18,51098.5573,292805298,0.287806183099747,10.8415115429165,19.49501843415,1
"usa",2005,3.8,0.2,22.18,52393.45131,295516599,0.257987648248672,10.8665368874991,19.5042355658216,1
"usa",2006,4,0,22.18,53335.5897,298379912,0.240930274128914,10.8843591115279,19.513878104993,1
"usa",2007,4,0,22.18,53889.3965,301231207,0.255438208580017,10.8946890121267,19.5233886574207,1
"usa",2008,3.4,0,22.18,53442.71369,304093966,0.284325331449509,10.8863655870485,19.5328473102936,1
"usa",2009,3.75,0,22.18,51611.32171,306771529,0.345033496618271,10.8514963403866,19.5416138232816,1
"usa",2010,3.33333333333333,0,22.18,52555.76951,309378227,0.338494062423706,10.8696301611444,19.5500751219399,1
"usa",2011,2.6,0,22.18,52956.66303,311839461,0.309667319059372,10.8772291793735,19.5579990652715,1
"usa",2012,2.25,0,22.18,53738.14767,314339099,0.29229199886322,10.8918784132092,19.5659828942853,1
"usa",2013,2.4,0,22.18,54462.62524,316726282,0.278057873249054,10.905269969987,19.5735484951196,1
"usa",2014,2.75,0,22.18,55394.45104,319257560,0.274756073951721,10.922234705986,19.5815087330977,1
"uzb",1990,0,0,NA,1569.0108,20464956,NA,7.35820063607454,16.8342245178941,0
"uzb",1991,0,0,NA,1524.204277,20962910,NA,7.32922776729028,16.8582652436582,0
"uzb",1992,0,0,NA,1320.597693,21485090,NA,7.18583971082573,16.8828697641515,0
"uzb",1993,3,0,NA,1260.716497,21987955,NA,7.13943548673898,16.9060053613897,0
"uzb",1994,0,0,NA,1169.86899,22463291,NA,7.06464704716323,16.9273930236999,0
"uzb",1995,0,0,NA,1136.358436,22917589,NA,7.03558407416155,16.9474152523057,0
"uzb",1996,0,0,NA,1134.178711,23351981,NA,7.03366406534558,16.966192377881,0
"uzb",1997,3,0,NA,1172.717844,23758960,NA,7.06707927751907,16.983470280457,0
"uzb",1998,3,0,NA,1204.090812,24134929,NA,7.09348004827359,16.9991706852866,0
"uzb",1999,4,0,NA,1238.365916,24476008,NA,7.12154797984689,17.0132039304153,0
"uzb",2000,4,1,NA,1269.721375,24787054,NA,7.1465527656194,17.0258320587083,0
"uzb",2001,4,0,NA,1306.606332,25090283,NA,7.17518846856053,17.0379911976732,0
"uzb",2002,0,0,NA,1341.95996,25399980,NA,7.20188648102095,17.0502589445869,0
"uzb",2003,0,0,NA,1381.825728,25711259,NA,7.23116089507372,17.0624395473158,0
"uzb",2004,4,0,NA,1466.613489,26029350,NA,7.29071127308092,17.0747353054719,0
"uzb",2005,2.33333333333333,0,NA,1549.045775,26356975,NA,7.34539439130367,17.0872435038056,0
"uzb",2006,2,0,NA,1643.146456,26699043,NA,7.40436825344377,17.1001382800315,0
"uzb",2007,0,0,NA,1773.758037,27076008,NA,7.48085575954221,17.1141585800752,0
"uzb",2008,0,0,NA,1904.458555,27494774,NA,7.55195302406465,17.129506508214,0
"uzb",2009,0,0,NA,2025.042986,27939328,NA,7.61334620696966,17.1455458599648,0
"uzb",2010,4,0,NA,2144.640006,28385506,NA,7.67072698790656,17.1613892207448,0
"uzb",2011,4,1,NA,2271.009362,28823196,NA,7.7279796645101,17.1766910375989,0
"uzb",2012,4,0.5,NA,2395.840368,29261903,NA,7.78148933264188,17.1917969890354,0
"uzb",2013,4,1,NA,2530.684479,29724065,NA,7.83624509019014,17.2074675450422,0
"uzb",2014,0,0,NA,2659.990751,30222994,NA,7.88607792470203,17.2241135833627,0
"vct",1990,0,0,NA,3784.799429,111812,NA,8.2387481734503,11.6245741684691,0
"vct",1991,0,0,NA,3813.793989,112222,NA,8.24637977028098,11.6282343312812,0
"vct",1992,0,0,NA,4046.686385,112509,NA,8.30565364866827,11.6307884974268,0
"vct",1993,0,0,NA,4210.242894,112735,NA,8.34527561954898,11.6327952108206,0
"vct",1994,0,0,NA,4150.97674,112918,NA,8.3310989445683,11.6344171705563,0
"vct",1995,0,0,NA,4468.263943,113047,NA,8.40475523252665,11.6355589404234,0
"vct",1996,0,0,NA,4522.930581,113119,NA,8.41691542136095,11.6361956409216,0
"vct",1997,0,0,NA,4680.555822,113141,NA,8.45117214724426,11.6363901074651,0
"vct",1998,0,0,NA,4870.320867,113180,NA,8.49091510035386,11.6367347506965,0
"vct",1999,0,0,NA,4994.114368,113366,NA,8.51601537165879,11.6383768016865,0
"vct",2000,0,0,NA,5067.967395,113545,NA,8.53069510791599,11.6399545130988,0
"vct",2001,0,0,NA,5158.566177,113501,NA,8.54841394718743,11.6395669264375,0
"vct",2002,0,0,NA,5441.526489,113347,NA,8.60181490508347,11.6382091888894,0
"vct",2003,0,0,NA,5816.207884,113141,NA,8.66840376204087,11.6363901074651,0
"vct",2004,0,0,NA,6071.949453,112835,NA,8.71143499443607,11.633681853606,0
"vct",2005,0,0,NA,6244.359537,112450,NA,8.73943386117554,11.6302639573875,0
"vct",2006,0,0,NA,6707.27876,112014,NA,8.81094859778263,11.6263791424654,0
"vct",2007,0,0,NA,6960.171515,111531,NA,8.8479593959846,11.6220578581458,0
"vct",2008,0,0,NA,7019.995084,111028,NA,8.85651779673471,11.6175377007365,0
"vct",2009,0,0,NA,6955.823583,110508,NA,8.84733451330667,11.6128431955094,0
"vct",2010,0,0,NA,6678.042007,109959,NA,8.80658011084021,11.6078628480218,0
"vct",2011,0,0,NA,6674.58199,109349,NA,8.80606185808656,11.6022998811157,0
"vct",2012,0,0,NA,6790.68326,108736,NA,8.82330684288337,11.5966782050316,0
"vct",2013,0,0,NA,6996.573862,108135,NA,8.85317585993283,11.5911357255068,0
"vct",2014,0,0,NA,7116.220713,107535,NA,8.87013206474655,11.5855716549551,0
"ven",1990,0,0,7.41,3762.275068,19827010,NA,8.23277912467872,16.8025557074833,0
"ven",1991,0,0,7.43,4031.178437,20304896,NA,8.3018140283245,16.8263725971983,0
"ven",1992,0,0,7.44,4177.538774,20780948,NA,8.33747754205424,16.849547163384,0
"ven",1993,0,0,7.44,4095.70805,21254520,NA,8.31769488732356,16.8720801365984,0
"ven",1994,4,0,8.36,3912.838904,21725188,NA,8.27201845192771,16.8939828827031,0
"ven",1995,4,0,8.36,3981.572694,22193821,NA,8.28943216947381,16.9153244747673,0
"ven",1996,4,0,8.36,3891.579284,22662113,NA,8.26657033982675,16.9362050572309,0
"ven",1997,4,0,8.36,4055.480119,23131685,NA,8.30782436126685,16.956713880668,0
"ven",1998,0,0,8.36,3986.466616,23601337,NA,8.29066055764435,16.9768139209335,0
"ven",1999,3.5,0,8.36,3675.991041,24066593,NA,8.20957804631265,16.9963352542484,0
"ven",2000,2.5,0,6.57,3740.01955,24526708,NA,8.22684611766764,17.0152732042119,0
"ven",2001,0,0,7.84,3796.805797,24979922,NA,8.24191541249239,17.0335829401588,0
"ven",2002,0,0,7.84,3398.568499,25435671,NA,8.13110959224048,17.0516631168621,0
"ven",2003,4,0,7.84,3079.663454,25892703,NA,8.0325756018156,17.0694717495226,0
"ven",2004,0,0,7.87,3580.854173,26340838,NA,8.18335664674535,17.0866310685038,0
"ven",2005,0,0,7.87,3884.700811,26785804,NA,8.26480124851061,17.1033826036472,0
"ven",2006,4,0,7.5,4199.397669,27224686,NA,8.3426963818441,17.1196346931998,0
"ven",2007,0,0,7.5,4496.84905,27649363,NA,8.411132219385,17.1351132476926,0
"ven",2008,3,0,7.5,4665.953188,28053696,NA,8.44804741995497,17.1496309459587,0
"ven",2009,3,0,6.21,4455.453232,28438298,NA,8.4018840703082,17.1632473158202,0
"ven",2010,3,0,6.21,4332.026818,28813101,NA,8.37379079877577,17.1763407375058,0
"ven",2011,0,0,6.21,4455.410633,29185212,NA,8.4018745091701,17.1891727005991,0
"ven",2012,0,0,6.21,4647.373037,29553826,NA,8.44405740066408,17.2017237689005,0
"ven",2013,4,0,6.21,4653.364566,29912198,NA,8.44534579951685,17.2137769150341,0
"ven",2014,0,0,6.21,4421.607867,30254079,NA,8.39425867973766,17.2251415763258,0
"vnm",1990,0,0,5,687.8603163,65504552,NA,6.53358578868652,17.9976301943739,0
"vnm",1991,0,0,5,713.7472108,66891775,NA,6.57052885315173,18.0185865728466,0
"vnm",1992,0,0,5,759.910854,68260337,NA,6.63320112903208,18.0388394384362,0
"vnm",1993,1,0,5,805.6064436,69586384,NA,6.69159533988279,18.0580794739823,0
"vnm",1994,2.5,0,5,861.1224226,70854391,NA,6.75823668084748,18.0761374981862,0
"vnm",1995,2.5,0.5,5,927.625512,72049940,NA,6.83262810823732,18.0928700476544,0
"vnm",1996,4,0,7,998.9249072,73156447,NA,6.90667960785533,18.1081108155181,0
"vnm",1997,0,0,7,1064.778029,74226889,NA,6.97052163294616,18.1226370279366,0
"vnm",1998,2,0,7,1110.112677,75299660,NA,7.01221679996532,18.1369861774877,0
"vnm",1999,4,0,7,1148.044652,76287452,NA,7.04581547159349,18.1500190266359,0
"vnm",2000,0,0,7,1212.196578,77154011,NA,7.10018934654669,18.1613141250526,0
"vnm",2001,0,0,7,1273.805269,77969361,NA,7.14976397437085,18.1718264997924,0
"vnm",2002,1,0,7,1340.516705,78772224,NA,7.20081041936636,18.1820710053802,0
"vnm",2003,4,0,8,1418.743375,79563777,NA,7.25752681161529,18.192069484428,0
"vnm",2004,0,0,8,1510.94449,80338971,NA,7.32049022433782,18.2017653787477,0
"vnm",2005,0,0,8,1609.962683,81088313,NA,7.38396627944902,18.2110494026594,0
"vnm",2006,0,0,8,1699.676203,82167897,NA,7.43819304307929,18.2242752362976,0
"vnm",2007,0,0,8,1788.948503,83633375,NA,7.48938329773947,18.2419532208749,0
"vnm",2008,0,0,8,1856.005199,85175788,NA,7.52618171452757,18.2602277730095,0
"vnm",2009,0,0,8,1927.134271,86460018,NA,7.56378934476221,18.2751926453925,0
"vnm",2010,1,0,8,2027.581844,87455152,NA,7.61459915212922,18.2866366713585,0
"vnm",2011,3,0,8,2132.904538,88468314,NA,7.66523996266439,18.2981550119704,0
"vnm",2012,1,0,8,2224.114043,89510356,NA,7.70711393238312,18.3098648860485,0
"vnm",2013,1,0,8,2320.084314,90573104,NA,7.74935880624137,18.3216678615978,0
"vnm",2014,3,0,8,2439.286557,91679578,NA,7.79946088085946,18.3338102079533,0
"yem",1990,0,0,NA,1722.224394,13887862,NA,7.45137198660258,16.446525779197,0
"yem",1991,0,0,NA,1761.811461,14430201,NA,7.47409779793323,16.484833859967,0
"yem",1992,0,0,NA,1835.281116,14989494,NA,7.5149529454855,16.5228601136718,0
"yem",1993,0,0,NA,1838.282686,15563914,NA,7.51658709196,16.5604655874995,0
"yem",1994,4,1,NA,1890.755097,16149147,NA,7.54473155048816,16.5973777889006,0
"yem",1995,4,1,NA,1927.422981,16740058,NA,7.56393914666249,16.6333150877747,0
"yem",1996,0,0,NA,1949.997547,17313177,NA,7.57558339360828,16.6669784458404,0
"yem",1997,1,0,NA,1987.626579,17873936,NA,7.59469653204769,16.6988541202972,0
"yem",1998,0,0,NA,2041.671078,18446013,NA,7.62152390739555,16.7303588075374,0
"yem",1999,1,0,NA,2053.797863,19029420,NA,7.62744597425338,16.7614967606155,0
"yem",2000,0,0,NA,2114.672656,19624141,NA,7.65665530692504,16.7922710499741,0
"yem",2001,0,0,NA,2129.772688,20226147,NA,7.66377053375974,16.8224867312909,0
"yem",2002,0,0,NA,2148.888605,20835086,NA,7.67270605956144,16.8521489505,0
"yem",2003,0,0,NA,2164.86083,21456379,NA,7.68011135661523,16.8815325484043,0
"yem",2004,0,0,NA,2185.789992,22095167,NA,7.68973259458812,16.9108694547895,0
"yem",2005,2.5,0,NA,2237.637626,22790085,NA,7.71317595708424,16.9418361309209,0
"yem",2006,4,0,NA,2234.742669,23543083,NA,7.71188136350615,16.9743426197849,0
"yem",2007,0,0,NA,2235.750759,24318082,NA,7.71233236070963,17.0067307468206,0
"yem",2008,0,0,NA,2244.044917,25111941,NA,7.71603528293067,17.0388540280268,0
"yem",2009,0,0,NA,2257.469021,25927724,NA,7.72199956249488,17.0708233788842,0
"yem",2010,4,0,NA,2356.199604,26754387,NA,7.76480526274478,17.1022090178598,0
"yem",2011,0,0,NA,1994.836633,27582897,NA,7.59831743775039,17.1327064646971,0
"yem",2012,0,0,NA,1981.458,28433647,NA,7.59158821634226,17.1630837553859,0
"yem",2013,0,0,NA,2014.728906,29312952,NA,7.60823992736448,17.1935400240945,0
"yem",2014,0,0,NA,1950.162545,30226309,NA,7.5756680044941,17.2242232620468,0
"zaf",1990,0,0,NA,4544.230232,40746268,NA,8.42161362637097,17.5228748106351,0
"zaf",1991,0,0,NA,4396.360695,41687898,NA,8.38853236288547,17.5457214288209,0
"zaf",1992,0,0,NA,4225.814328,42443509,NA,8.34896726157427,17.5636845497247,0
"zaf",1993,0,0,NA,4193.598261,43297156,NA,8.34131441788954,17.5835975095223,0
"zaf",1994,2,0,NA,4258.261847,44004139,NA,8.35661633886563,17.5997942556402,0
"zaf",1995,0,0,NA,4337.297297,44541554,NA,8.37500669048299,17.6119331091714,0
"zaf",1996,0,0,NA,4465.506499,45123018,0.729768812656403,8.40413792450302,17.624903051215,0
"zaf",1997,0,0,NA,4527.049924,45666838,0.699637949466705,8.41782577542905,17.6368829469421,0
"zaf",1998,0,0,NA,4494.857112,46223880,0.669403314590454,8.41068915819134,17.6490071056308,0
"zaf",1999,0,0,NA,4552.85008,46730335,0.668460726737976,8.4235087070527,17.6599040834932,0
"zaf",2000,0,0,NA,4700.875555,47159719,0.675997018814087,8.45550405864651,17.6690506751763,0
"zaf",2001,0,0,NA,4786.48245,47566800,0.698727011680603,8.47355106781748,17.6776455968584,0
"zaf",2002,0,0,NA,4916.814981,48019415,0.696524381637573,8.500416238272,17.6871159662592,0
"zaf",2003,0,0,NA,5011.622232,48500348,0.703224182128906,8.51951494046979,17.6970815311397,0
"zaf",2004,0,0,NA,5187.356834,48991421,0.714998424053192,8.55397956589306,17.7071557591137,0
"zaf",2005,0,0,NA,5406.075814,49490033,0.707655072212219,8.59527875078541,17.7172818537292,0
"zaf",2006,0,0,NA,5650.988318,49998277,0.694825768470764,8.63958573238297,17.7274991027987,0
"zaf",2007,0,0,NA,5891.420694,50528584,0.681671559810638,8.68125245197479,17.7380497539188,0
"zaf",2008,0,0,NA,6009.719631,51114599,0.721750497817993,8.70113337602512,17.7495807090872,0
"zaf",2009,0,0,NA,5847.058111,51728516,0.763654053211212,8.67369392672727,17.7615197541528,0
"zaf",2010,0,0,NA,5953.945065,52344051,0.716521441936493,8.69180931496278,17.7733488498549,0
"zaf",2011,0,0,NA,6067.124827,52995205,0.721055865287781,8.71064010247928,17.7857119957255,0
"zaf",2012,0,0,NA,6121.557839,53782567,0.7118119597435,8.71957189197052,17.8004599391646,0
"zaf",2013,0,0,NA,6170.876709,54678791,0.667573988437653,8.72759619902571,17.8169864591147,0
"zaf",2014,0,0,NA,6155.005895,55594838,0.704330205917358,8.72502099637602,17.8336009131841,0
"zmb",1990,1,0,NA,878.589206,7786169,NA,6.77831744601208,15.8678595125425,0
"zmb",1991,0,0,NA,856.7617236,7981650,NA,6.75315984446617,15.89265571497,0
"zmb",1992,0,0,NA,821.8501042,8176680,NA,6.71155802343965,15.9167967582216,0
"zmb",1993,0,0,NA,857.0396696,8373921,NA,6.7534842064413,15.9406327915545,0
"zmb",1994,1,0,NA,764.6394113,8576269,NA,6.63940436492476,15.9645095284053,0
"zmb",1995,0,0,NA,768.0352016,8785763,NA,6.64383556751393,15.9886431284215,0
"zmb",1996,0,0,NA,796.0180596,9004053,NA,6.67962187352671,16.0131853672642,0
"zmb",1997,0,0,NA,805.5324018,9237063,NA,6.69150342750632,16.0387345359477,0
"zmb",1998,0,0,NA,781.6633838,9482408,NA,6.66142419237403,16.0649488504153,0
"zmb",1999,0,0,NA,796.377986,9740005,NA,6.6800739299195,16.0917521889656,0
"zmb",2000,0,0,NA,804.4846342,10017631,NA,6.69020186643649,16.119857198522,0
"zmb",2001,4,0,NA,822.0209353,10325185,NA,6.71176586346665,16.1500966143264,0
"zmb",2002,0,0,NA,833.0211775,10647949,NA,6.72505906501295,16.1808778494138,0
"zmb",2003,0,0,NA,863.6501907,10983595,NA,6.76116781494631,16.2119133539366,0
"zmb",2004,3,0,NA,895.4752585,11338198,NA,6.79735459242004,16.2436879371113,0
"zmb",2005,0,0,NA,929.0792559,11718819,NA,6.83419404830728,16.2767065691176,0
"zmb",2006,0,0,NA,968.563565,12129553,NA,6.87581411311461,16.311155429458,0
"zmb",2007,0,0,NA,1013.085674,12565085,NA,6.92075607520356,16.3464324937599,0
"zmb",2008,0,0,NA,1053.586123,13021324,NA,6.95995497930968,16.3820988792828,0
"zmb",2009,0,0,NA,1110.719181,13490389,NA,7.0127629953136,16.4174880639431,0
"zmb",2010,0,0,NA,1183.417124,13965594,NA,7.0761614003086,16.4521072913655,0
"zmb",2011,0,0,NA,1208.464246,14437796,NA,7.09710561426939,16.4853600482006,0
"zmb",2012,0,0,NA,1258.789386,14913629,NA,7.13790573331486,16.517786050821,0
"zmb",2013,0,0,NA,1280.770122,15398997,NA,7.15521683380267,16.5498129353927,0
"zmb",2014,0,0,NA,1299.012418,15895315,NA,7.16935957628618,16.5815349696834,0
"zwe",1990,0,0,NA,1653.565214,10137281,NA,7.41068897161992,16.1317303742131,0
"zwe",1991,0,0,NA,1700.167516,10404816,NA,7.43848206401321,16.1577793338476,0
"zwe",1992,0,0,NA,1503.833888,10702700,NA,7.31577305160158,16.1860066040492,0
"zwe",1993,0,0,NA,1497.593973,10860288,NA,7.31161508127613,16.2006233914554,0
"zwe",1994,0,0,NA,1633.965477,10873148,NA,7.39876514728977,16.201806821586,0
"zwe",1995,0,0,NA,1621.419195,10974599,NA,7.39105709101813,16.2110939786726,0
"zwe",1996,0,0,NA,1759.941368,11158360,NA,7.47303577384092,16.2276995507137,0
"zwe",1997,0,0,NA,1773.506901,11369827,NA,7.48071416538175,16.2464736501316,0
"zwe",1998,0,0,NA,1789.351353,11594297,NA,7.48960846053628,16.266023897252,0
"zwe",1999,0,0,NA,1746.226639,11783458,NA,7.4652125326721,16.2822072414979,0
"zwe",2000,0,0,NA,1677.348968,11892055,NA,7.4249698308134,16.2913810880474,0
"zwe",2001,0,0,NA,1690.146662,11971901,NA,7.43257058640028,16.2980728786255,0
"zwe",2002,1,0,NA,1525.079357,12087653,NA,7.32980172506466,16.3076950763678,0
"zwe",2003,0,0,NA,1250.919483,12232323,NA,7.13163414628527,16.3195924323902,0
"zwe",2004,0,0,NA,1165.544471,12365896,NA,7.06094361390404,16.3304529189084,0
"zwe",2005,0,0,NA,1088.631484,12483432,NA,6.9926766671325,16.3399128831,0
"zwe",2006,0,0,NA,1038.223757,12636445,NA,6.94526660600553,16.3520956571248,0
"zwe",2007,0,0,NA,987.2003626,12804058,NA,6.89487302045251,16.3652727098961,0
"zwe",2008,0,0,NA,803.0449447,12959149,NA,6.68841068336426,16.3773125831522,0
"zwe",2009,0,0,NA,896.9155329,13142790,NA,6.79896169140414,16.3913838772493,0
"zwe",2010,0,0,NA,1056.208846,13356548,NA,6.96244121554547,16.4075173094525,0
"zwe",2011,0,0,NA,1184.93421,13595424,NA,7.07744253304065,16.4252438234991,0
"zwe",2012,0,0,NA,1360.1523,13817887,NA,7.21535195775433,16.4414744702583,0
"zwe",2013,0,0,NA,1367.818317,14013808,NA,7.22097228015205,16.4555536872336,0
"zwe",2014,0,0,NA,1381.254041,14207359,NA,7.23074709087264,16.4692706277684,0
