"ccode","year","n_selfrule","n_sharedrule","n_RAI"
"alb",1992,0,0,0
"alb",1993,0,0,0
"alb",1994,0,0,0
"alb",1995,0,0,0
"alb",1996,0,0,0
"alb",1997,0,0,0
"alb",1998,0,0,0
"alb",1999,0,0,0
"alb",2000,2,0,2
"alb",2001,2,0,2
"alb",2002,2,0,2
"alb",2003,2,0,2
"alb",2004,2,0,2
"alb",2005,2,0,2
"alb",2006,2,0,2
"alb",2007,2,0,2
"alb",2008,2,0,2
"alb",2009,2,0,2
"alb",2010,2,0,2
"alb",2011,2,0,2
"alb",2012,2,0,2
"alb",2013,2,0,2
"alb",2014,2,0,2
"alb",2015,2,0,2
"alb",2016,2,0,2
"alb",2017,2,0,2
"alb",2018,2,0,2
"arg",1950,13.15,5.53,18.68
"arg",1951,13.67,5.75,19.42
"arg",1952,13.67,5.75,19.42
"arg",1953,14.08,5.93,20.01
"arg",1954,14.08,5.93,20.01
"arg",1955,14.09,6.34,20.43
"arg",1956,14.09,6.34,20.43
"arg",1957,14.09,7.72,21.81
"arg",1958,14.09,7.72,21.81
"arg",1959,14.09,7.72,21.81
"arg",1960,14.09,7.72,21.81
"arg",1961,14.09,7.72,21.81
"arg",1962,14.09,7.72,21.81
"arg",1963,14.09,7.72,21.81
"arg",1964,14.09,7.72,21.81
"arg",1965,14.09,7.72,21.81
"arg",1966,9.47,0,9.47
"arg",1967,9.47,0,9.47
"arg",1968,9.47,0,9.47
"arg",1969,9.47,0,9.47
"arg",1970,9.47,0,9.47
"arg",1971,9.47,0,9.47
"arg",1972,9.47,0.92,10.39
"arg",1973,15.02,7.26,22.28
"arg",1974,15.02,7.26,22.28
"arg",1975,15.02,7.26,22.28
"arg",1976,7.47,0.92,8.4
"arg",1977,7.47,0.92,8.4
"arg",1978,7.47,0.92,8.4
"arg",1979,7.47,0.92,8.4
"arg",1980,7.47,0.92,8.4
"arg",1981,7.47,0.92,8.4
"arg",1982,7.47,0.92,8.4
"arg",1983,14.09,8.65,22.74
"arg",1984,14.09,8.65,22.74
"arg",1985,14.09,6.8,20.89
"arg",1986,14.09,6.8,20.89
"arg",1987,14.09,6.8,20.89
"arg",1988,14.09,8.65,22.74
"arg",1989,14.09,8.65,22.74
"arg",1990,14.09,8.65,22.74
"arg",1991,14.14,8.68,22.81
"arg",1992,14.14,8.68,22.81
"arg",1993,14.14,8.68,22.81
"arg",1994,14.14,8.68,22.81
"arg",1995,14.14,8.68,22.81
"arg",1996,15,8.89,23.89
"arg",1997,15,8.89,23.89
"arg",1998,15,8.89,23.89
"arg",1999,15,8.89,23.89
"arg",2000,15,8.89,23.89
"arg",2001,15,7.5,22.5
"arg",2002,15,7.5,22.5
"arg",2003,15,7.5,22.5
"arg",2004,14,8.5,22.5
"arg",2005,14,8.5,22.5
"arg",2006,14,9.5,23.5
"arg",2007,14,9.5,23.5
"arg",2008,14,9.5,23.5
"arg",2009,14,9.5,23.5
"arg",2010,14,9.5,23.5
"arg",2011,14,9.5,23.5
"arg",2012,14,9.5,23.5
"arg",2013,14,9.5,23.5
"arg",2014,14,9.5,23.5
"arg",2015,14,9.5,23.5
"arg",2016,14,9.5,23.5
"arg",2017,14,9.5,23.5
"arg",2018,14,10.5,24.5
"aus",1950,13.66,9.28,22.93
"aus",1951,13.66,9.28,22.93
"aus",1952,13.66,9.28,22.93
"aus",1953,13.66,9.28,22.93
"aus",1954,13.66,9.28,22.93
"aus",1955,13.66,9.28,22.93
"aus",1956,13.66,9.28,22.93
"aus",1957,13.66,9.28,22.93
"aus",1958,13.66,9.28,22.93
"aus",1959,13.66,9.28,22.93
"aus",1960,13.68,9.28,22.95
"aus",1961,13.68,9.28,22.95
"aus",1962,13.68,9.28,22.95
"aus",1963,13.68,9.28,22.95
"aus",1964,13.68,9.28,22.95
"aus",1965,13.7,9.28,22.97
"aus",1966,13.7,9.28,22.97
"aus",1967,13.7,9.28,22.97
"aus",1968,13.7,9.28,22.97
"aus",1969,13.7,9.28,22.97
"aus",1970,13.7,9.28,22.97
"aus",1971,13.7,9.28,22.97
"aus",1972,13.7,9.28,22.97
"aus",1973,13.7,9.28,22.97
"aus",1974,13.7,9.28,22.97
"aus",1975,13.7,9.31,23.01
"aus",1976,13.7,9.31,23.01
"aus",1977,13.7,9.31,23.01
"aus",1978,13.76,9.41,23.17
"aus",1979,13.76,9.41,23.17
"aus",1980,13.76,9.41,23.17
"aus",1981,13.76,9.41,23.17
"aus",1982,13.76,9.41,23.17
"aus",1983,13.76,9.41,23.17
"aus",1984,15.73,7.45,23.18
"aus",1985,15.73,7.45,23.18
"aus",1986,15.73,7.45,23.18
"aus",1987,15.73,7.45,23.18
"aus",1988,15.73,7.45,23.18
"aus",1989,15.95,7.5,23.45
"aus",1990,15.95,7.5,23.45
"aus",1991,15.95,7.5,23.45
"aus",1992,15.95,7.5,23.45
"aus",1993,15.95,7.5,23.45
"aus",1994,15.95,7.5,23.45
"aus",1995,14.95,9.5,24.45
"aus",1996,14.95,9.5,24.45
"aus",1997,14.95,9.5,24.45
"aus",1998,14.95,9.5,24.45
"aus",1999,14.95,10.5,25.45
"aus",2000,14.95,10.5,25.45
"aus",2001,14.95,10.5,25.45
"aus",2002,14.95,10.5,25.45
"aus",2003,14.95,10.5,25.45
"aus",2004,14.95,10.5,25.45
"aus",2005,14.95,10.5,25.45
"aus",2006,14.95,10.5,25.45
"aus",2007,14.95,10.5,25.45
"aus",2008,14.95,10.5,25.45
"aus",2009,14.95,10.5,25.45
"aus",2010,14.95,10.5,25.45
"aus",2011,14.95,10.5,25.45
"aus",2012,14.95,10.5,25.45
"aus",2013,14.95,10.5,25.45
"aus",2014,14.95,10.5,25.45
"aus",2015,14.95,10.5,25.45
"aus",2016,14.95,10.5,25.45
"aus",2017,14.95,10.5,25.45
"aus",2018,14.95,10.5,25.45
"aut",1955,15,6,21
"aut",1956,15,6,21
"aut",1957,15,6,21
"aut",1958,15,6,21
"aut",1959,15,6,21
"aut",1960,15,6,21
"aut",1961,15,6,21
"aut",1962,15,6,21
"aut",1963,15,6,21
"aut",1964,15,6,21
"aut",1965,15,6,21
"aut",1966,15,6,21
"aut",1967,15,6,21
"aut",1968,15,6,21
"aut",1969,15,6,21
"aut",1970,15,6,21
"aut",1971,15,6,21
"aut",1972,15,6,21
"aut",1973,15,6,21
"aut",1974,15,6,21
"aut",1975,15,6,21
"aut",1976,15,6,21
"aut",1977,15,6,21
"aut",1978,15,6,21
"aut",1979,15,6,21
"aut",1980,15,6,21
"aut",1981,15,6,21
"aut",1982,15,6,21
"aut",1983,15,6,21
"aut",1984,15,8,23
"aut",1985,15,8,23
"aut",1986,15,8,23
"aut",1987,15,8,23
"aut",1988,15,8,23
"aut",1989,15,8,23
"aut",1990,15,8,23
"aut",1991,15,8,23
"aut",1992,15,8,23
"aut",1993,15,8,23
"aut",1994,15,8,23
"aut",1995,15,8,23
"aut",1996,15,8,23
"aut",1997,14,8,22
"aut",1998,14,8,22
"aut",1999,14,9,23
"aut",2000,14,9,23
"aut",2001,14,9,23
"aut",2002,14,9,23
"aut",2003,14,9,23
"aut",2004,14,9,23
"aut",2005,14,9,23
"aut",2006,14,9,23
"aut",2007,14,9,23
"aut",2008,14,9,23
"aut",2009,14,9,23
"aut",2010,14,9,23
"aut",2011,14,9,23
"aut",2012,14,9,23
"aut",2013,14,9,23
"aut",2014,14,9,23
"aut",2015,14,9,23
"aut",2016,14,9,23
"aut",2017,14,9,23
"aut",2018,14,9,23
"bel",1950,10,6,16
"bel",1951,10,6,16
"bel",1952,10,6,16
"bel",1953,10,6,16
"bel",1954,10,6,16
"bel",1955,10,6,16
"bel",1956,10,6,16
"bel",1957,10,6,16
"bel",1958,10,6,16
"bel",1959,10,6,16
"bel",1960,10,6,16
"bel",1961,10,6,16
"bel",1962,10,6,16
"bel",1963,10,6,16
"bel",1964,10,6,16
"bel",1965,10,6,16
"bel",1966,10,6,16
"bel",1967,10,6,16
"bel",1968,10,6,16
"bel",1969,10,6,16
"bel",1970,13.59,11.96,25.55
"bel",1971,14.4,11.96,26.35
"bel",1972,14.4,11.96,26.35
"bel",1973,14.4,11.96,26.35
"bel",1974,14.41,11.96,26.37
"bel",1975,14.41,11.96,26.37
"bel",1976,14.41,11.96,26.37
"bel",1977,14.41,11.96,26.37
"bel",1978,14.41,11.96,26.37
"bel",1979,14.41,11.96,26.37
"bel",1980,17.19,11.96,29.14
"bel",1981,17.19,11.96,29.14
"bel",1982,17.19,11.96,29.14
"bel",1983,17.19,11.96,29.14
"bel",1984,17.2,11.96,29.16
"bel",1985,17.2,11.96,29.16
"bel",1986,17.2,11.96,29.16
"bel",1987,17.2,11.96,29.16
"bel",1988,17.2,11.96,29.16
"bel",1989,21.19,14.95,36.14
"bel",1990,21.19,14.95,36.14
"bel",1991,21.19,14.95,36.14
"bel",1992,21.19,14.95,36.14
"bel",1993,21.19,14.95,36.14
"bel",1994,21.19,14.95,36.14
"bel",1995,22.07,9.96,32.03
"bel",1996,22.07,10.96,33.03
"bel",1997,22.07,10.96,33.03
"bel",1998,22.07,10.96,33.03
"bel",1999,22.07,10.96,33.03
"bel",2000,22.07,10.96,33.03
"bel",2001,22.07,10.96,33.03
"bel",2002,22.97,10.96,33.92
"bel",2003,22.97,10.96,33.92
"bel",2004,22.97,10.96,33.92
"bel",2005,22.97,10.96,33.93
"bel",2006,22.97,10.96,33.93
"bel",2007,22.97,10.96,33.93
"bel",2008,22.97,10.96,33.93
"bel",2009,22.97,10.96,33.93
"bel",2010,22.97,10.96,33.93
"bel",2011,22.97,10.96,33.93
"bel",2012,22.97,10.96,33.93
"bel",2013,22.97,10.96,33.93
"bel",2014,22.97,11.48,34.45
"bel",2015,22.97,11.48,34.45
"bel",2016,22.97,11.48,34.45
"bel",2017,22.97,11.48,34.45
"bel",2018,22.4,11.48,33.88
"bgd",1972,4,0,4
"bgd",1973,4,0,4
"bgd",1974,4,0,4
"bgd",1975,4,0,4
"bgd",1976,4,0,4
"bgd",1977,4,0,4
"bgd",1978,4,0,4
"bgd",1979,4,0,4
"bgd",1980,4,0,4
"bgd",1981,4,0,4
"bgd",1982,8.96,0,8.96
"bgd",1983,8.87,0,8.87
"bgd",1984,8.86,0,8.86
"bgd",1985,10.71,0,10.71
"bgd",1986,10.71,0,10.71
"bgd",1987,10.7,0,10.7
"bgd",1988,13.7,0,13.7
"bgd",1989,13.72,0.01,13.73
"bgd",1990,13.72,0.01,13.73
"bgd",1991,13.72,0.01,13.73
"bgd",1992,5.39,0.01,5.4
"bgd",1993,5.36,0.01,5.37
"bgd",1994,5.66,0.01,5.67
"bgd",1995,5.66,0.01,5.67
"bgd",1996,5.66,0.01,5.67
"bgd",1997,5.66,0.01,5.67
"bgd",1998,5.66,0.01,5.67
"bgd",1999,5.75,0.01,5.76
"bgd",2000,5.75,0.01,5.76
"bgd",2001,5.78,0.01,5.79
"bgd",2002,5.8,0.01,5.81
"bgd",2003,5.8,0.01,5.81
"bgd",2004,5.8,0.01,5.81
"bgd",2005,5.8,0.01,5.81
"bgd",2006,5.8,0.01,5.81
"bgd",2007,5.8,0.01,5.81
"bgd",2008,5.8,0.01,5.81
"bgd",2009,15,0.01,15.01
"bgd",2010,15,0.01,15.01
"bgd",2011,14.99,0.01,15
"bgd",2012,14.99,0.01,15
"bgd",2013,14.98,0.01,14.99
"bgd",2014,14.98,0.01,14.99
"bgd",2015,14.98,0.01,14.99
"bgd",2016,14.98,0.01,14.99
"bgd",2017,18.94,0.01,18.95
"bgd",2018,18.94,0.01,18.95
"bgr",1991,1,0,1
"bgr",1992,1,0,1
"bgr",1993,1,0,1
"bgr",1994,1,0,1
"bgr",1995,1,0,1
"bgr",1996,1,0,1
"bgr",1997,1,0,1
"bgr",1998,1,0,1
"bgr",1999,1,0,1
"bgr",2000,1,0,1
"bgr",2001,1,0,1
"bgr",2002,1,0,1
"bgr",2003,1,0,1
"bgr",2004,1,0,1
"bgr",2005,1,0,1
"bgr",2006,1,0,1
"bgr",2007,1,0,1
"bgr",2008,1,0,1
"bgr",2009,2,0,2
"bgr",2010,2,0,2
"bgr",2011,2,0,2
"bgr",2012,2,0,2
"bgr",2013,2,0,2
"bgr",2014,2,0,2
"bgr",2015,2,0,2
"bgr",2016,2,0,2
"bgr",2017,2,0,2
"bgr",2018,2,0,2
"bhs",1973,0,0,0
"bhs",1974,0,0,0
"bhs",1975,0,0,0
"bhs",1976,0,0,0
"bhs",1977,0,0,0
"bhs",1978,0,0,0
"bhs",1979,0,0,0
"bhs",1980,0,0,0
"bhs",1981,0,0,0
"bhs",1982,0,0,0
"bhs",1983,0,0,0
"bhs",1984,0,0,0
"bhs",1985,0,0,0
"bhs",1986,0,0,0
"bhs",1987,0,0,0
"bhs",1988,0,0,0
"bhs",1989,0,0,0
"bhs",1990,0,0,0
"bhs",1991,0,0,0
"bhs",1992,0,0,0
"bhs",1993,0,0,0
"bhs",1994,0,0,0
"bhs",1995,0,0,0
"bhs",1996,0,0,0
"bhs",1997,0,0,0
"bhs",1998,0,0,0
"bhs",1999,0,0,0
"bhs",2000,0,0,0
"bhs",2001,0,0,0
"bhs",2002,0,0,0
"bhs",2003,0,0,0
"bhs",2004,0,0,0
"bhs",2005,0,0,0
"bhs",2006,0,0,0
"bhs",2007,0,0,0
"bhs",2008,0,0,0
"bhs",2009,0,0,0
"bhs",2010,0,0,0
"bhs",2011,0,0,0
"bhs",2012,0,0,0
"bhs",2013,0,0,0
"bhs",2014,0,0,0
"bhs",2015,0,0,0
"bhs",2016,0,0,0
"bhs",2017,0,0,0
"bhs",2018,0,0,0
"bih",1995,26.34,8,34.34
"bih",1996,26.34,8,34.34
"bih",1997,26.34,8,34.34
"bih",1998,23.05,4,27.05
"bih",1999,23.05,4,27.05
"bih",2000,23.05,4,27.05
"bih",2001,23.05,4,27.05
"bih",2002,23.05,4,27.05
"bih",2003,23.05,4,27.05
"bih",2004,23.05,4,27.05
"bih",2005,23.05,4,27.05
"bih",2006,23.05,4,27.05
"bih",2007,23.05,4,27.05
"bih",2008,23.05,6,29.05
"bih",2009,23.05,6,29.05
"bih",2010,23.05,6,29.05
"bih",2011,23.05,6,29.05
"bih",2012,23.05,6,29.05
"bih",2013,23.05,6,29.05
"bih",2014,23.05,6,29.05
"bih",2015,26.34,10,36.34
"bih",2016,26.34,10,36.34
"bih",2017,26.34,10,36.34
"bih",2018,26.34,10,36.34
"blz",1981,0,0,0
"blz",1982,0,0,0
"blz",1983,0,0,0
"blz",1984,0,0,0
"blz",1985,0,0,0
"blz",1986,0,0,0
"blz",1987,0,0,0
"blz",1988,0,0,0
"blz",1989,0,0,0
"blz",1990,0,0,0
"blz",1991,0,0,0
"blz",1992,0,0,0
"blz",1993,0,0,0
"blz",1994,0,0,0
"blz",1995,0,0,0
"blz",1996,0,0,0
"blz",1997,0,0,0
"blz",1998,0,0,0
"blz",1999,0,0,0
"blz",2000,0,0,0
"blz",2001,0,0,0
"blz",2002,0,0,0
"blz",2003,0,0,0
"blz",2004,0,0,0
"blz",2005,0,0,0
"blz",2006,0,0,0
"blz",2007,0,0,0
"blz",2008,0,0,0
"blz",2009,0,0,0
"blz",2010,0,0,0
"blz",2011,0,0,0
"blz",2012,0,0,0
"blz",2013,0,0,0
"blz",2014,0,0,0
"blz",2015,0,0,0
"blz",2016,0,0,0
"blz",2017,0,0,0
"blz",2018,0,0,0
"bol",1950,1,4.5,5.5
"bol",1951,1,4.5,5.5
"bol",1952,1,4.5,5.5
"bol",1953,1,4.5,5.5
"bol",1954,1,4.5,5.5
"bol",1955,1,4.5,5.5
"bol",1956,1,4.5,5.5
"bol",1957,1,4.5,5.5
"bol",1958,1,4.5,5.5
"bol",1959,1,4.5,5.5
"bol",1960,1,4.5,5.5
"bol",1961,1,4.5,5.5
"bol",1962,1,4.5,5.5
"bol",1963,1,4.5,5.5
"bol",1964,1,0,1
"bol",1965,1,0,1
"bol",1966,1,0,1
"bol",1967,1,4.5,5.5
"bol",1968,1,4.5,5.5
"bol",1969,1,4.5,5.5
"bol",1970,1,4.5,5.5
"bol",1971,1,4.5,5.5
"bol",1972,1,0,1
"bol",1973,1,0,1
"bol",1974,1,0,1
"bol",1975,1,0,1
"bol",1976,1,0,1
"bol",1977,1,0,1
"bol",1978,1,0,1
"bol",1979,1,0,1
"bol",1980,1,0,1
"bol",1981,1,0,1
"bol",1982,1,4.5,5.5
"bol",1983,1,4.5,5.5
"bol",1984,1,4.5,5.5
"bol",1985,2,4.5,6.5
"bol",1986,2,4.5,6.5
"bol",1987,2,4.5,6.5
"bol",1988,2,4.5,6.5
"bol",1989,2,4.5,6.5
"bol",1990,2.04,4.47,6.51
"bol",1991,2.04,4.47,6.51
"bol",1992,2.04,4.47,6.51
"bol",1993,2.04,4.47,6.51
"bol",1994,2.04,4.47,6.51
"bol",1995,4.01,4.47,8.48
"bol",1996,4.01,4.47,8.48
"bol",1997,4.01,4.47,8.48
"bol",1998,4.01,4.47,8.48
"bol",1999,4.01,4.47,8.48
"bol",2000,4.01,4.47,8.48
"bol",2001,4.01,4.47,8.48
"bol",2002,4.01,4.47,8.48
"bol",2003,4.01,4.47,8.48
"bol",2004,4.01,4.47,8.48
"bol",2005,7.96,4.47,12.43
"bol",2006,7.96,4.47,12.43
"bol",2007,7.96,4.47,12.43
"bol",2008,7.96,4.47,12.43
"bol",2009,7.96,4.47,12.43
"bol",2010,9.97,1.55,11.53
"bol",2011,9.97,1.55,11.53
"bol",2012,9.97,1.55,11.53
"bol",2013,9.97,1.55,11.53
"bol",2014,9.97,1.55,11.53
"bol",2015,9.97,4.55,14.53
"bol",2016,9.97,4.55,14.53
"bol",2017,9.99,4.55,14.54
"bol",2018,9.99,2.55,12.54
"bra",1950,16.86,4.47,21.33
"bra",1951,16.86,4.47,21.33
"bra",1952,16.86,4.47,21.33
"bra",1953,16.86,4.47,21.33
"bra",1954,16.86,4.47,21.33
"bra",1955,16.86,4.47,21.33
"bra",1956,16.86,4.47,21.33
"bra",1957,16.86,4.47,21.33
"bra",1958,16.86,4.47,21.33
"bra",1959,16.86,4.47,21.33
"bra",1960,16.86,4.47,21.33
"bra",1961,16.86,4.47,21.33
"bra",1962,16.86,4.47,21.33
"bra",1963,16.86,4.47,21.33
"bra",1964,7.91,0.99,8.9
"bra",1965,7.91,0.99,8.9
"bra",1966,7.91,0.99,8.9
"bra",1967,7.91,0.99,8.9
"bra",1968,7.91,0.99,8.9
"bra",1969,7.91,0.99,8.9
"bra",1970,7.91,0.98,8.89
"bra",1971,7.91,0.98,8.89
"bra",1972,7.91,0.98,8.89
"bra",1973,8.28,0.98,9.27
"bra",1974,10.72,0.98,11.71
"bra",1975,10.72,0.98,11.71
"bra",1976,10.72,0.98,11.71
"bra",1977,10.72,0.98,11.71
"bra",1978,10.72,0.98,11.71
"bra",1979,10.72,0.98,11.71
"bra",1980,10.72,1.48,12.2
"bra",1981,10.72,1.48,12.2
"bra",1982,13.74,1.48,15.22
"bra",1983,13.74,1.48,15.22
"bra",1984,13.74,1.48,15.22
"bra",1985,13.74,1.48,15.22
"bra",1986,13.74,1.48,15.22
"bra",1987,13.74,1.48,15.22
"bra",1988,16.81,4.51,21.32
"bra",1989,17.08,4.51,21.59
"bra",1990,17.09,5.51,22.6
"bra",1991,17.12,5.51,22.63
"bra",1992,17.12,5.51,22.63
"bra",1993,17.18,5.51,22.69
"bra",1994,17.19,5.51,22.71
"bra",1995,17.24,5.51,22.76
"bra",1996,17.29,5.51,22.8
"bra",1997,17.26,5.51,22.77
"bra",1998,17.44,5.51,22.96
"bra",1999,17.5,5.51,23.01
"bra",2000,15.59,5.51,21.1
"bra",2001,15.58,5.51,21.1
"bra",2002,15.63,5.51,21.14
"bra",2003,15.65,5.51,21.17
"bra",2004,15.66,5.51,21.18
"bra",2005,15.67,5.51,21.18
"bra",2006,15.67,5.51,21.18
"bra",2007,15.69,5.51,21.2
"bra",2008,15.69,5.51,21.21
"bra",2009,15.74,5.51,21.26
"bra",2010,15.83,5.51,21.34
"bra",2011,15.99,5.51,21.5
"bra",2012,16.12,5.51,21.64
"bra",2013,16.14,5.51,21.65
"bra",2014,16.21,5.51,21.73
"bra",2015,16.21,5.51,21.72
"bra",2016,16.26,5.51,21.77
"bra",2017,16.26,5.51,21.77
"bra",2018,16.28,5.51,21.79
"brb",1966,0,0,0
"brb",1967,0,0,0
"brb",1968,0,0,0
"brb",1969,0,0,0
"brb",1970,0,0,0
"brb",1971,0,0,0
"brb",1972,0,0,0
"brb",1973,0,0,0
"brb",1974,0,0,0
"brb",1975,0,0,0
"brb",1976,0,0,0
"brb",1977,0,0,0
"brb",1978,0,0,0
"brb",1979,0,0,0
"brb",1980,0,0,0
"brb",1981,0,0,0
"brb",1982,0,0,0
"brb",1983,0,0,0
"brb",1984,0,0,0
"brb",1985,0,0,0
"brb",1986,0,0,0
"brb",1987,0,0,0
"brb",1988,0,0,0
"brb",1989,0,0,0
"brb",1990,0,0,0
"brb",1991,0,0,0
"brb",1992,0,0,0
"brb",1993,0,0,0
"brb",1994,0,0,0
"brb",1995,0,0,0
"brb",1996,0,0,0
"brb",1997,0,0,0
"brb",1998,0,0,0
"brb",1999,0,0,0
"brb",2000,0,0,0
"brb",2001,0,0,0
"brb",2002,0,0,0
"brb",2003,0,0,0
"brb",2004,0,0,0
"brb",2005,0,0,0
"brb",2006,0,0,0
"brb",2007,0,0,0
"brb",2008,0,0,0
"brb",2009,0,0,0
"brb",2010,0,0,0
"brb",2011,0,0,0
"brb",2012,0,0,0
"brb",2013,0,0,0
"brb",2014,0,0,0
"brb",2015,0,0,0
"brb",2016,0,0,0
"brb",2017,0,0,0
"brb",2018,0,0,0
"brn",1984,0,0,0
"brn",1985,0,0,0
"brn",1986,0,0,0
"brn",1987,0,0,0
"brn",1988,0,0,0
"brn",1989,0,0,0
"brn",1990,0,0,0
"brn",1991,0,0,0
"brn",1992,0,0,0
"brn",1993,0,0,0
"brn",1994,0,0,0
"brn",1995,0,0,0
"brn",1996,0,0,0
"brn",1997,0,0,0
"brn",1998,0,0,0
"brn",1999,0,0,0
"brn",2000,0,0,0
"brn",2001,0,0,0
"brn",2002,0,0,0
"brn",2003,0,0,0
"brn",2004,0,0,0
"brn",2005,0,0,0
"brn",2006,0,0,0
"brn",2007,0,0,0
"brn",2008,0,0,0
"brn",2009,0,0,0
"brn",2010,0,0,0
"brn",2011,0,0,0
"brn",2012,0,0,0
"brn",2013,0,0,0
"brn",2014,0,0,0
"brn",2015,0,0,0
"brn",2016,0,0,0
"brn",2017,0,0,0
"brn",2018,0,0,0
"btn",1950,0,0,0
"btn",1951,0,0,0
"btn",1952,0,0,0
"btn",1953,0,0,0
"btn",1954,0,0,0
"btn",1955,0,0,0
"btn",1956,0,0,0
"btn",1957,0,0,0
"btn",1958,0,0,0
"btn",1959,0,0,0
"btn",1960,0,0,0
"btn",1961,0,0,0
"btn",1962,0,0,0
"btn",1963,0,0,0
"btn",1964,0,0,0
"btn",1965,0,0,0
"btn",1966,0,0,0
"btn",1967,0,0,0
"btn",1968,0,0,0
"btn",1969,0,0,0
"btn",1970,0,0,0
"btn",1971,0,0,0
"btn",1972,0,0,0
"btn",1973,0,0,0
"btn",1974,0,0,0
"btn",1975,0,0,0
"btn",1976,0,0,0
"btn",1977,0,0,0
"btn",1978,0,0,0
"btn",1979,0,0,0
"btn",1980,0,0,0
"btn",1981,0,0,0
"btn",1982,0,0,0
"btn",1983,0,0,0
"btn",1984,0,0,0
"btn",1985,0,0,0
"btn",1986,0,0,0
"btn",1987,0,0,0
"btn",1988,0,0,0
"btn",1989,0,0,0
"btn",1990,0,0,0
"btn",1991,0,0,0
"btn",1992,0,0,0
"btn",1993,0,0,0
"btn",1994,0,0,0
"btn",1995,0,0,0
"btn",1996,0,0,0
"btn",1997,0,0,0
"btn",1998,0,0,0
"btn",1999,0,0,0
"btn",2000,0,0,0
"btn",2001,0,0,0
"btn",2002,0,0,0
"btn",2003,0,0,0
"btn",2004,0,0,0
"btn",2005,0,0,0
"btn",2006,0,0,0
"btn",2007,0,0,0
"btn",2008,0,0,0
"btn",2009,0,0,0
"btn",2010,0,0,0
"btn",2011,0,0,0
"btn",2012,0,0,0
"btn",2013,0,0,0
"btn",2014,0,0,0
"btn",2015,0,0,0
"btn",2016,0,0,0
"btn",2017,0,0,0
"btn",2018,0,0,0
"can",1950,20.23,6.1,26.33
"can",1951,20.23,6.1,26.33
"can",1952,20.23,6.1,26.33
"can",1953,20.23,6.1,26.33
"can",1954,20.31,6.1,26.4
"can",1955,20.31,6.1,26.4
"can",1956,20.39,6.1,26.48
"can",1957,20.39,6.1,26.48
"can",1958,20.39,6.1,26.48
"can",1959,20.39,6.1,26.48
"can",1960,20.39,6.1,26.48
"can",1961,20.39,6.1,26.48
"can",1962,20.39,6.1,26.48
"can",1963,20.39,6.1,26.48
"can",1964,20.39,6.1,26.48
"can",1965,20.39,6.1,26.48
"can",1966,20.39,6.1,26.49
"can",1967,20.39,6.1,26.49
"can",1968,21.45,6.1,27.55
"can",1969,21.45,6.1,27.55
"can",1970,22.04,6.1,28.13
"can",1971,22.05,6.1,28.15
"can",1972,22.05,6.1,28.15
"can",1973,22.13,6.1,28.23
"can",1974,22.21,6.1,28.31
"can",1975,22.25,6.1,28.35
"can",1976,22.25,6.1,28.35
"can",1977,22.37,6.1,28.47
"can",1978,22.38,6.1,28.48
"can",1979,22.38,6.1,28.48
"can",1980,22.38,6.1,28.48
"can",1981,22.38,6.1,28.48
"can",1982,22.38,6.1,28.48
"can",1983,22.38,6.1,28.48
"can",1984,22.38,6.1,28.48
"can",1985,22.41,6.1,28.51
"can",1986,22.42,6.1,28.52
"can",1987,22.42,6.1,28.52
"can",1988,22.42,6.1,28.52
"can",1989,22.42,6.1,28.52
"can",1990,22.42,6.1,28.52
"can",1991,22.65,6.1,28.75
"can",1992,22.65,6.11,28.75
"can",1993,22.66,6.11,28.77
"can",1994,22.66,6.11,28.77
"can",1995,22.66,6.11,28.77
"can",1996,22.66,6.11,28.77
"can",1997,22.66,6.11,28.77
"can",1998,21.77,6.11,27.88
"can",1999,21.74,6.11,27.85
"can",2000,21.74,6.11,27.85
"can",2001,21.23,6.11,27.34
"can",2002,21.62,6.11,27.73
"can",2003,21.62,6.11,27.73
"can",2004,21.62,6.11,27.73
"can",2005,21.65,6.11,27.76
"can",2006,22.11,6.11,28.23
"can",2007,22.11,6.11,28.23
"can",2008,22.11,6.11,28.23
"can",2009,22.11,6.11,28.23
"can",2010,22.13,6.12,28.24
"can",2011,22.11,6.11,28.23
"can",2012,22.11,6.11,28.23
"can",2013,22.11,6.11,28.23
"can",2014,22.11,6.12,28.23
"can",2015,22.11,6.12,28.23
"can",2016,22.11,6.12,28.23
"can",2017,21.65,6.12,27.77
"can",2018,21.65,6.12,27.77
"che",1950,18,6.5,24.5
"che",1951,18,6.5,24.5
"che",1952,18,6.5,24.5
"che",1953,18,6.5,24.5
"che",1954,18,6.5,24.5
"che",1955,18,6.5,24.5
"che",1956,18,6.5,24.5
"che",1957,18,6.5,24.5
"che",1958,18,6.5,24.5
"che",1959,18,6.5,24.5
"che",1960,18,6.5,24.5
"che",1961,18,6.5,24.5
"che",1962,18,6.5,24.5
"che",1963,18,6.5,24.5
"che",1964,18,6.5,24.5
"che",1965,18,6.5,24.5
"che",1966,18,6.5,24.5
"che",1967,18,6.5,24.5
"che",1968,18,6.5,24.5
"che",1969,18,6.5,24.5
"che",1970,18,6.5,24.5
"che",1971,18,6.5,24.5
"che",1972,18,6.5,24.5
"che",1973,18,6.5,24.5
"che",1974,18,6.5,24.5
"che",1975,18,6.5,24.5
"che",1976,18,6.5,24.5
"che",1977,18,6.5,24.5
"che",1978,18,6.5,24.5
"che",1979,18,6.5,24.5
"che",1980,18,6.5,24.5
"che",1981,18,6.5,24.5
"che",1982,18,6.5,24.5
"che",1983,18,6.5,24.5
"che",1984,18,6.5,24.5
"che",1985,18,6.5,24.5
"che",1986,18,6.5,24.5
"che",1987,18,6.5,24.5
"che",1988,18,6.5,24.5
"che",1989,18,6.5,24.5
"che",1990,18,6.5,24.5
"che",1991,18,6.5,24.5
"che",1992,18,6.5,24.5
"che",1993,18,6.5,24.5
"che",1994,18,6.5,24.5
"che",1995,18,6.5,24.5
"che",1996,18,6.5,24.5
"che",1997,18,6.5,24.5
"che",1998,18,6.5,24.5
"che",1999,18,6.5,24.5
"che",2000,18,6.5,24.5
"che",2001,18,6.5,24.5
"che",2002,18,6.5,24.5
"che",2003,18,7.5,25.5
"che",2004,18,7.5,25.5
"che",2005,18,7.5,25.5
"che",2006,18,7.5,25.5
"che",2007,18,7.5,25.5
"che",2008,18,8.5,26.5
"che",2009,18,8.5,26.5
"che",2010,18,8.5,26.5
"che",2011,18,8.5,26.5
"che",2012,18,8.5,26.5
"che",2013,18,8.5,26.5
"che",2014,18,8.5,26.5
"che",2015,18,8.5,26.5
"che",2016,18,8.5,26.5
"che",2017,18,8.5,26.5
"che",2018,18,8.5,26.5
"chl",1950,1,0,1
"chl",1951,1,0,1
"chl",1952,1,0,1
"chl",1953,1,0,1
"chl",1954,1,0,1
"chl",1955,1,0,1
"chl",1956,1,0,1
"chl",1957,1,0,1
"chl",1958,1,0,1
"chl",1959,1,0,1
"chl",1960,1,0,1
"chl",1961,1,0,1
"chl",1962,1,0,1
"chl",1963,1,0,1
"chl",1964,1,0,1
"chl",1965,1,0,1
"chl",1966,1,0,1
"chl",1967,1,0,1
"chl",1968,1,0,1
"chl",1969,1,0,1
"chl",1970,1,0,1
"chl",1971,1,0,1
"chl",1972,1,0,1
"chl",1973,1,0,1
"chl",1974,1,0,1
"chl",1975,1,0,1
"chl",1976,2,0,2
"chl",1977,2,0,2
"chl",1978,2,0,2
"chl",1979,2,0,2
"chl",1980,2,0,2
"chl",1981,2,0,2
"chl",1982,2,0,2
"chl",1983,2,0,2
"chl",1984,2,0,2
"chl",1985,2,0,2
"chl",1986,2,0,2
"chl",1987,2,0,2
"chl",1988,2,0,2
"chl",1989,2,0,2
"chl",1990,2,0,2
"chl",1991,2,0,2
"chl",1992,3,0,3
"chl",1993,3,0,3
"chl",1994,3,0,3
"chl",1995,3,0,3
"chl",1996,3,0,3
"chl",1997,3,0,3
"chl",1998,3,0,3
"chl",1999,3,0,3
"chl",2000,3,0,3
"chl",2001,3,0,3
"chl",2002,3,0,3
"chl",2003,3,0,3
"chl",2004,3,0,3
"chl",2005,3,0,3
"chl",2006,3,0,3
"chl",2007,4,0,4
"chl",2008,4,0,4
"chl",2009,4,0,4
"chl",2010,4,0,4
"chl",2011,4,0,4
"chl",2012,4,0,4
"chl",2013,4,0,4
"chl",2014,5,0,5
"chl",2015,5,0,5
"chl",2016,5,0,5
"chl",2017,5,0,5
"chl",2018,6,0,6
"chn",1950,6.92,0,6.92
"chn",1951,6.92,0,6.92
"chn",1952,6.92,0,6.92
"chn",1953,6.92,0.06,6.99
"chn",1954,7.05,0.06,7.11
"chn",1955,9,0.5,9.5
"chn",1956,9,0.5,9.5
"chn",1957,9,0.5,9.5
"chn",1958,9.05,0.5,9.55
"chn",1959,9.05,0.5,9.55
"chn",1960,9.05,0.5,9.55
"chn",1961,9.05,0.5,9.55
"chn",1962,9.06,0.5,9.56
"chn",1963,9.06,0.5,9.56
"chn",1964,9.06,0.5,9.56
"chn",1965,9.16,0.5,9.66
"chn",1966,2.98,0,2.98
"chn",1967,2.97,0,2.97
"chn",1968,2.97,0,2.97
"chn",1969,2.97,0,2.97
"chn",1970,2.97,0,2.97
"chn",1971,2.97,0,2.97
"chn",1972,2.97,0,2.97
"chn",1973,2.97,0,2.97
"chn",1974,2.97,0,2.97
"chn",1975,2.97,0,2.97
"chn",1976,2.97,0,2.97
"chn",1977,9.15,0.5,9.65
"chn",1978,9.15,0.5,9.65
"chn",1979,13.89,0.5,14.39
"chn",1980,17.76,0.5,18.26
"chn",1981,17.76,0.5,18.26
"chn",1982,17.79,0.5,18.29
"chn",1983,18.17,0.5,18.67
"chn",1984,18.19,0.5,18.69
"chn",1985,18.32,0.5,18.82
"chn",1986,18.35,0.5,18.85
"chn",1987,18.37,0.5,18.87
"chn",1988,18.49,0.5,18.99
"chn",1989,18.51,0.5,19.01
"chn",1990,18.51,0.5,19.01
"chn",1991,18.53,0.5,19.03
"chn",1992,18.55,0.5,19.05
"chn",1993,18.59,0.5,19.09
"chn",1994,13.95,0.5,14.45
"chn",1995,13.95,0.5,14.45
"chn",1996,13.97,0.5,14.47
"chn",1997,14,0.51,14.51
"chn",1998,14,0.51,14.51
"chn",1999,14.01,0.51,14.53
"chn",2000,14.04,0.51,14.55
"chn",2001,14.04,0.51,14.55
"chn",2002,14.04,0.51,14.55
"chn",2003,14.05,0.51,14.56
"chn",2004,14.05,0.51,14.56
"chn",2005,14.05,0.51,14.56
"chn",2006,14.05,0.51,14.56
"chn",2007,14.05,0.51,14.56
"chn",2008,14.05,0.51,14.56
"chn",2009,14.05,0.51,14.56
"chn",2010,14.05,0.51,14.56
"chn",2011,14.06,0.51,14.57
"chn",2012,14.06,0.51,14.57
"chn",2013,14.06,0.51,14.57
"chn",2014,14.05,0.51,14.56
"chn",2015,15.05,0.51,15.56
"chn",2016,15.05,0.51,15.56
"chn",2017,15.05,0.51,15.56
"chn",2018,15.05,0.51,15.56
"col",1950,4.77,3.68,8.45
"col",1951,4.77,3.68,8.45
"col",1952,4.77,3.68,8.45
"col",1953,4.81,3.73,8.54
"col",1954,4.81,3.73,8.54
"col",1955,4.81,3.73,8.54
"col",1956,4.81,3.73,8.54
"col",1957,4.79,3.71,8.49
"col",1958,4.79,3.71,8.49
"col",1959,4.79,3.71,8.49
"col",1960,4.79,3.71,8.49
"col",1961,4.79,3.71,8.49
"col",1962,4.79,3.71,8.49
"col",1963,4.78,3.7,8.49
"col",1964,4.78,3.7,8.49
"col",1965,4.78,3.7,8.49
"col",1966,4.78,3.7,8.49
"col",1967,4.78,3.7,8.49
"col",1968,4.78,3.7,8.49
"col",1969,4.78,3.7,8.49
"col",1970,4.78,3.7,8.49
"col",1971,4.78,3.7,8.49
"col",1972,4.78,3.7,8.49
"col",1973,4.76,3.68,8.45
"col",1974,4.76,3.68,8.45
"col",1975,5.75,3.68,9.43
"col",1976,5.75,3.68,9.43
"col",1977,5.75,3.68,9.43
"col",1978,5.74,3.68,9.41
"col",1979,5.74,3.68,9.41
"col",1980,5.74,3.68,9.41
"col",1981,8.58,3.68,12.26
"col",1982,8.58,3.68,12.26
"col",1983,9.07,3.68,12.75
"col",1984,9.07,3.68,12.75
"col",1985,9.07,3.68,12.75
"col",1986,9.07,3.68,12.75
"col",1987,9.29,3.68,12.96
"col",1988,9.95,3.68,13.63
"col",1989,10.07,3.68,13.75
"col",1990,10.07,3.68,13.75
"col",1991,14.34,0.08,14.42
"col",1992,14.34,0.08,14.42
"col",1993,14.7,0.08,14.78
"col",1994,14.88,0.08,14.96
"col",1995,14.88,0.08,14.96
"col",1996,14.88,0.08,14.96
"col",1997,13.82,0.08,13.9
"col",1998,13.82,0.08,13.9
"col",1999,13.82,0.08,13.9
"col",2000,13.82,0.08,13.9
"col",2001,13.82,0.08,13.9
"col",2002,13.88,0.08,13.96
"col",2003,13.88,0.08,13.96
"col",2004,13.88,0.08,13.96
"col",2005,13.98,0.08,14.06
"col",2006,13.98,0.08,14.06
"col",2007,14.08,0.08,14.16
"col",2008,14.08,0.08,14.16
"col",2009,14.08,0.1,14.19
"col",2010,14.08,0.1,14.19
"col",2011,14.08,0.1,14.19
"col",2012,14.08,0.1,14.19
"col",2013,14.08,0.1,14.19
"col",2014,14.13,0.1,14.23
"col",2015,14.18,0.1,14.28
"col",2016,14.18,0.1,14.28
"col",2017,14.2,0.1,14.3
"col",2018,14.91,0.1,15.01
"cri",1950,1,0,1
"cri",1951,1,0,1
"cri",1952,1,0,1
"cri",1953,1,0,1
"cri",1954,1,0,1
"cri",1955,1,0,1
"cri",1956,1,0,1
"cri",1957,1,0,1
"cri",1958,1,0,1
"cri",1959,1,0,1
"cri",1960,1,0,1
"cri",1961,1,0,1
"cri",1962,1,0,1
"cri",1963,1,0,1
"cri",1964,1,0,1
"cri",1965,1,0,1
"cri",1966,1,0,1
"cri",1967,1,0,1
"cri",1968,1,0,1
"cri",1969,1,0,1
"cri",1970,1,0,1
"cri",1971,1,0,1
"cri",1972,1,0,1
"cri",1973,1,0,1
"cri",1974,1,0,1
"cri",1975,1,0,1
"cri",1976,1,0,1
"cri",1977,1.01,0,1.01
"cri",1978,1.01,0,1.01
"cri",1979,1.01,0,1.01
"cri",1980,1.02,0,1.02
"cri",1981,1.02,0,1.02
"cri",1982,1.04,0,1.04
"cri",1983,1.04,0,1.04
"cri",1984,1.04,0,1.04
"cri",1985,1.06,0,1.06
"cri",1986,1.06,0,1.06
"cri",1987,1.06,0,1.06
"cri",1988,1.06,0,1.06
"cri",1989,1.06,0,1.06
"cri",1990,1.06,0,1.06
"cri",1991,1.06,0,1.06
"cri",1992,1.06,0,1.06
"cri",1993,1.08,0,1.08
"cri",1994,1.08,0,1.08
"cri",1995,1.08,0,1.08
"cri",1996,0.08,0,0.08
"cri",1997,0.08,0,0.08
"cri",1998,0.08,0,0.08
"cri",1999,0.08,0,0.08
"cri",2000,0.08,0,0.08
"cri",2001,0.08,0,0.08
"cri",2002,0.08,0,0.08
"cri",2003,0.08,0,0.08
"cri",2004,0.08,0,0.08
"cri",2005,0.08,0,0.08
"cri",2006,0.08,0,0.08
"cri",2007,0.08,0,0.08
"cri",2008,0.08,0,0.08
"cri",2009,0.08,0,0.08
"cri",2010,0.08,0,0.08
"cri",2011,0.08,0,0.08
"cri",2012,0.08,0,0.08
"cri",2013,0.08,0,0.08
"cri",2014,0.08,0,0.08
"cri",2015,0.08,0,0.08
"cri",2016,0.08,0,0.08
"cri",2017,0.08,0,0.08
"cri",2018,0.08,0,0.08
"cub",1950,5,3.5,8.5
"cub",1951,5,3.5,8.5
"cub",1952,4,0,4
"cub",1953,4,0,4
"cub",1954,4,0,4
"cub",1955,4,0,4
"cub",1956,4,0,4
"cub",1957,4,0,4
"cub",1958,4,0,4
"cub",1959,0,0,0
"cub",1960,0,0,0
"cub",1961,0,0,0
"cub",1962,0,0,0
"cub",1963,0,0,0
"cub",1964,0,0,0
"cub",1965,0,0,0
"cub",1966,1,0,1
"cub",1967,1,0,1
"cub",1968,1,0,1
"cub",1969,1,0,1
"cub",1970,1,0,1
"cub",1971,1,0,1
"cub",1972,1,0,1
"cub",1973,1,0,1
"cub",1974,1,0,1
"cub",1975,1,0,1
"cub",1976,3.98,0,3.98
"cub",1977,3.98,0,3.98
"cub",1978,3.98,0,3.98
"cub",1979,3.98,0,3.98
"cub",1980,3.98,0,3.98
"cub",1981,3.98,0,3.98
"cub",1982,3.98,0,3.98
"cub",1983,3.98,0,3.98
"cub",1984,3.98,0,3.98
"cub",1985,3.98,0,3.98
"cub",1986,3.98,0,3.98
"cub",1987,3.98,0,3.98
"cub",1988,3.98,0,3.98
"cub",1989,3.98,0,3.98
"cub",1990,3.98,0,3.98
"cub",1991,3.98,0,3.98
"cub",1992,4.97,0,4.97
"cub",1993,4.97,0,4.97
"cub",1994,4.97,0,4.97
"cub",1995,4.97,0,4.97
"cub",1996,4.97,0,4.97
"cub",1997,4.97,0,4.97
"cub",1998,4.97,0,4.97
"cub",1999,4.97,0,4.97
"cub",2000,4.97,0,4.97
"cub",2001,4.97,0,4.97
"cub",2002,4.97,0,4.97
"cub",2003,4.97,0,4.97
"cub",2004,4.97,0,4.97
"cub",2005,4.97,0,4.97
"cub",2006,4.97,0,4.97
"cub",2007,4.97,0,4.97
"cub",2008,4.97,0,4.97
"cub",2009,4.97,0,4.97
"cub",2010,4.97,0,4.97
"cub",2011,4.97,0,4.97
"cub",2012,4.97,0,4.97
"cub",2013,4.97,0,4.97
"cub",2014,4.97,0,4.97
"cub",2015,4.97,0,4.97
"cub",2016,4.97,0,4.97
"cub",2017,4.97,0,4.97
"cub",2018,4.97,0,4.97
"cyp",1960,1,0,1
"cyp",1961,1,0,1
"cyp",1962,1,0,1
"cyp",1963,1,0,1
"cyp",1964,1,0,1
"cyp",1965,1,0,1
"cyp",1966,1,0,1
"cyp",1967,1,0,1
"cyp",1968,1,0,1
"cyp",1969,1,0,1
"cyp",1970,1,0,1
"cyp",1971,1,0,1
"cyp",1972,1,0,1
"cyp",1973,1,0,1
"cyp",1974,1,0,1
"cyp",1975,1,0,1
"cyp",1976,1,0,1
"cyp",1977,1,0,1
"cyp",1978,1,0,1
"cyp",1979,1,0,1
"cyp",1980,1,0,1
"cyp",1981,1,0,1
"cyp",1982,1,0,1
"cyp",1983,1,0,1
"cyp",1984,1,0,1
"cyp",1985,1,0,1
"cyp",1986,1,0,1
"cyp",1987,1,0,1
"cyp",1988,1,0,1
"cyp",1989,1,0,1
"cyp",1990,1,0,1
"cyp",1991,1,0,1
"cyp",1992,1,0,1
"cyp",1993,1,0,1
"cyp",1994,1,0,1
"cyp",1995,1,0,1
"cyp",1996,1,0,1
"cyp",1997,1,0,1
"cyp",1998,1,0,1
"cyp",1999,1,0,1
"cyp",2000,1,0,1
"cyp",2001,1,0,1
"cyp",2002,1,0,1
"cyp",2003,1,0,1
"cyp",2004,1,0,1
"cyp",2005,1,0,1
"cyp",2006,1,0,1
"cyp",2007,1,0,1
"cyp",2008,1,0,1
"cyp",2009,1,0,1
"cyp",2010,1,0,1
"cyp",2011,1,0,1
"cyp",2012,1,0,1
"cyp",2013,1,0,1
"cyp",2014,1,0,1
"cyp",2015,1,0,1
"cyp",2016,1,0,1
"cyp",2017,1,0,1
"cyp",2018,1,0,1
"cze",1993,0,0,0
"cze",1994,0,0,0
"cze",1995,0,0,0
"cze",1996,0,0,0
"cze",1997,0,0,0
"cze",1998,0,0,0
"cze",1999,0,0,0
"cze",2000,8.88,0,8.88
"cze",2001,8.88,0,8.88
"cze",2002,8.88,0,8.88
"cze",2003,9.76,0,9.76
"cze",2004,9.76,0,9.76
"cze",2005,9.76,0,9.76
"cze",2006,12.32,0,12.32
"cze",2007,12.32,0,12.32
"cze",2008,12.32,0,12.32
"cze",2009,12.32,0,12.32
"cze",2010,12.32,0,12.32
"cze",2011,12.32,0,12.32
"cze",2012,12.32,0,12.32
"cze",2013,12.32,0,12.32
"cze",2014,12.32,0,12.32
"cze",2015,12.32,0,12.32
"cze",2016,12.32,0,12.32
"cze",2017,12.32,0,12.32
"cze",2018,12.32,0,12.32
"deu",1950,25.51,7,32.51
"deu",1951,25.51,7,32.51
"deu",1952,25.51,7,32.51
"deu",1953,25.51,7,32.51
"deu",1954,25.51,7,32.51
"deu",1955,25.51,7,32.51
"deu",1956,25.51,7,32.51
"deu",1957,25.51,7,32.51
"deu",1958,25.51,7,32.51
"deu",1959,25.51,7,32.51
"deu",1960,25.51,7,32.51
"deu",1961,25.51,7,32.51
"deu",1962,25.51,7,32.51
"deu",1963,25.51,7,32.51
"deu",1964,25.51,8,33.51
"deu",1965,25.51,8,33.51
"deu",1966,23.51,10,33.51
"deu",1967,23.51,10,33.51
"deu",1968,23.51,11,34.51
"deu",1969,23.51,11,34.51
"deu",1970,23.94,11,34.94
"deu",1971,23.94,11,34.94
"deu",1972,24.85,11,35.85
"deu",1973,24.85,11,35.85
"deu",1974,25.02,11,36.02
"deu",1975,25.02,11,36.02
"deu",1976,25.02,11,36.02
"deu",1977,26.19,11,37.19
"deu",1978,26.19,11,37.19
"deu",1979,26.19,11,37.19
"deu",1980,26.19,11,37.19
"deu",1981,26.19,11,37.19
"deu",1982,26.19,11,37.19
"deu",1983,26.19,11,37.19
"deu",1984,26.19,11,37.19
"deu",1985,26.19,11,37.19
"deu",1986,26.19,11,37.19
"deu",1987,26.19,11,37.19
"deu",1988,26.19,11,37.19
"deu",1989,26.19,11,37.19
"deu",1990,24.26,11,35.26
"deu",1991,24.26,11,35.26
"deu",1992,24.26,11,35.26
"deu",1993,24.31,11,35.31
"deu",1994,24.31,11,35.31
"deu",1995,24.31,11,35.31
"deu",1996,24.31,11,35.31
"deu",1997,24.31,11,35.31
"deu",1998,24.31,11,35.31
"deu",1999,24.31,11,35.31
"deu",2000,24.26,11,35.26
"deu",2001,24.48,11,35.48
"deu",2002,24.48,11,35.48
"deu",2003,24.48,11,35.48
"deu",2004,24.83,11,35.83
"deu",2005,24.73,11,35.73
"deu",2006,24.73,11,35.73
"deu",2007,25.02,11,36.02
"deu",2008,25.52,11,36.52
"deu",2009,25.52,11,36.52
"deu",2010,25.52,12,37.52
"deu",2011,25.72,12,37.72
"deu",2012,25.67,12,37.67
"deu",2013,25.67,12,37.67
"deu",2014,25.67,12,37.67
"deu",2015,25.67,12,37.67
"deu",2016,25.67,12,37.67
"deu",2017,25.67,12,37.67
"deu",2018,25.67,12,37.67
"dnk",1950,7.33,0.07,7.4
"dnk",1951,7.33,0.07,7.4
"dnk",1952,7.33,0.07,7.4
"dnk",1953,7.38,0.07,7.45
"dnk",1954,7.38,0.07,7.45
"dnk",1955,7.38,0.07,7.45
"dnk",1956,7.38,0.07,7.45
"dnk",1957,7.38,0.07,7.45
"dnk",1958,7.38,0.07,7.45
"dnk",1959,7.38,0.07,7.45
"dnk",1960,7.38,0.07,7.45
"dnk",1961,7.38,0.07,7.45
"dnk",1962,7.38,0.07,7.45
"dnk",1963,7.38,0.07,7.45
"dnk",1964,7.38,0.07,7.45
"dnk",1965,7.38,0.07,7.45
"dnk",1966,7.38,0.07,7.45
"dnk",1967,7.38,0.07,7.45
"dnk",1968,7.38,0.07,7.45
"dnk",1969,7.38,0.07,7.45
"dnk",1970,11.6,0.07,11.67
"dnk",1971,11.6,0.07,11.67
"dnk",1972,11.6,0.07,11.67
"dnk",1973,13.93,0.07,14
"dnk",1974,13.93,0.07,14
"dnk",1975,13.93,0.07,14
"dnk",1976,13.93,0.07,14
"dnk",1977,13.93,0.07,14
"dnk",1978,13.93,0.07,14
"dnk",1979,13.98,0.15,14.14
"dnk",1980,13.98,0.15,14.14
"dnk",1981,13.98,0.15,14.14
"dnk",1982,13.98,0.15,14.14
"dnk",1983,13.98,0.15,14.14
"dnk",1984,13.98,0.15,14.14
"dnk",1985,13.98,0.15,14.14
"dnk",1986,13.98,0.15,14.14
"dnk",1987,13.98,0.15,14.14
"dnk",1988,13.98,0.15,14.14
"dnk",1989,13.98,0.15,14.14
"dnk",1990,12.1,0.15,12.25
"dnk",1991,12.1,0.15,12.25
"dnk",1992,12.1,0.15,12.25
"dnk",1993,12.1,0.15,12.25
"dnk",1994,12.1,0.15,12.25
"dnk",1995,12.1,0.15,12.25
"dnk",1996,12.1,0.15,12.25
"dnk",1997,12.1,0.15,12.25
"dnk",1998,12.1,0.15,12.25
"dnk",1999,12.1,0.15,12.25
"dnk",2000,13.98,0.15,14.14
"dnk",2001,13.98,0.15,14.14
"dnk",2002,13.98,0.15,14.14
"dnk",2003,13.98,0.15,14.14
"dnk",2004,13.98,0.15,14.14
"dnk",2005,13.98,0.15,14.14
"dnk",2006,13.98,0.15,14.14
"dnk",2007,7.19,0.15,7.34
"dnk",2008,7.19,0.15,7.34
"dnk",2009,7.19,0.15,7.34
"dnk",2010,7.19,0.15,7.34
"dnk",2011,7.19,0.15,7.34
"dnk",2012,7.19,0.15,7.34
"dnk",2013,7.19,0.15,7.34
"dnk",2014,7.19,0.15,7.34
"dnk",2015,7.19,0.15,7.34
"dnk",2016,7.19,0.15,7.34
"dnk",2017,7.19,0.15,7.34
"dnk",2018,7.19,0.15,7.34
"dom",1950,1.64,1,2.64
"dom",1951,1.64,1,2.64
"dom",1952,1.96,1,2.96
"dom",1953,2.59,1,3.59
"dom",1954,2.59,1,3.59
"dom",1955,2.59,1,3.59
"dom",1956,2.59,1,3.59
"dom",1957,2.59,1,3.59
"dom",1958,2.59,1,3.59
"dom",1959,2.59,1,3.59
"dom",1960,2.59,1,3.59
"dom",1961,2.59,1,3.59
"dom",1962,2.59,1,3.59
"dom",1963,2.59,1,3.59
"dom",1964,2.59,1,3.59
"dom",1965,2.59,1,3.59
"dom",1966,2.59,1,3.59
"dom",1967,2.59,1,3.59
"dom",1968,2.59,1,3.59
"dom",1969,2.59,1,3.59
"dom",1970,2.59,1,3.59
"dom",1971,2.59,1,3.59
"dom",1972,2.59,1,3.59
"dom",1973,2.59,1,3.59
"dom",1974,2.59,1,3.59
"dom",1975,2.59,1,3.59
"dom",1976,2.59,1,3.59
"dom",1977,2.59,1,3.59
"dom",1978,3.23,1.5,4.73
"dom",1979,3.23,1.5,4.73
"dom",1980,3.23,1.5,4.73
"dom",1981,3.23,1.5,4.73
"dom",1982,3.23,1.5,4.73
"dom",1983,3.23,1.5,4.73
"dom",1984,3.23,1.5,4.73
"dom",1985,3.23,1.5,4.73
"dom",1986,3.23,1.5,4.73
"dom",1987,3.23,1.5,4.73
"dom",1988,3.23,1.5,4.73
"dom",1989,3.23,1.5,4.73
"dom",1990,3.23,1.5,4.73
"dom",1991,3.23,1.5,4.73
"dom",1992,3.23,1.5,4.73
"dom",1993,3.23,1.5,4.73
"dom",1994,3.23,1.5,4.73
"dom",1995,3.23,1.5,4.73
"dom",1996,3.23,1.5,4.73
"dom",1997,3.23,1.5,4.73
"dom",1998,3.23,1.5,4.73
"dom",1999,3.23,1.5,4.73
"dom",2000,3.23,1.5,4.73
"dom",2001,1.72,1.5,3.22
"dom",2002,1.72,1.5,3.22
"dom",2003,1.72,1.5,3.22
"dom",2004,1.72,1.5,3.22
"dom",2005,1.72,1.5,3.22
"dom",2006,1.72,1.5,3.22
"dom",2007,1.92,1.5,3.42
"dom",2008,2.12,1.5,3.62
"dom",2009,2.12,1.5,3.62
"dom",2010,2.12,1.5,3.62
"dom",2011,2.12,1.5,3.62
"dom",2012,2.12,1.5,3.62
"dom",2013,2.12,1.5,3.62
"dom",2014,2.12,1.5,3.62
"dom",2015,2.12,1.5,3.62
"dom",2016,2.12,1.5,3.62
"dom",2017,2.12,1.5,3.62
"dom",2018,2.12,1.5,3.62
"ecu",1950,9,4.5,13.5
"ecu",1951,9,4.5,13.5
"ecu",1952,9,4.5,13.5
"ecu",1953,9,4.5,13.5
"ecu",1954,9,4.5,13.5
"ecu",1955,9,4.5,13.5
"ecu",1956,9,4.5,13.5
"ecu",1957,9,4.5,13.5
"ecu",1958,9,4.5,13.5
"ecu",1959,9,4.5,13.5
"ecu",1960,9,4.5,13.5
"ecu",1961,9,4.5,13.5
"ecu",1962,9,4.5,13.5
"ecu",1963,9,4.5,13.5
"ecu",1964,4,4.5,8.5
"ecu",1965,4,0,4
"ecu",1966,4,0,4
"ecu",1967,8,4.5,12.5
"ecu",1968,8,1.5,9.5
"ecu",1969,8,1.5,9.5
"ecu",1970,8,1.5,9.5
"ecu",1971,8,1.5,9.5
"ecu",1972,4,1.5,5.5
"ecu",1973,4,0,4
"ecu",1974,4,0,4
"ecu",1975,4,0,4
"ecu",1976,4,0,4
"ecu",1977,4,0,4
"ecu",1978,4,0,4
"ecu",1979,6.99,0,6.99
"ecu",1980,7.99,0,7.99
"ecu",1981,7.99,0,7.99
"ecu",1982,7.99,0,7.99
"ecu",1983,7.99,0,7.99
"ecu",1984,7.99,0,7.99
"ecu",1985,7.99,0,7.99
"ecu",1986,7.99,0,7.99
"ecu",1987,7.99,0,7.99
"ecu",1988,7.99,0,7.99
"ecu",1989,7.99,0,7.99
"ecu",1990,7.99,0,7.99
"ecu",1991,7.99,0,7.99
"ecu",1992,7.99,0,7.99
"ecu",1993,9.66,0,9.66
"ecu",1994,9.66,0,9.66
"ecu",1995,9.66,0,9.66
"ecu",1996,9.67,0,9.67
"ecu",1997,9.67,0,9.67
"ecu",1998,10.67,0,10.67
"ecu",1999,10.67,0,10.67
"ecu",2000,10.67,0,10.67
"ecu",2001,10.67,0,10.67
"ecu",2002,9.52,0,9.52
"ecu",2003,9.52,0,9.52
"ecu",2004,9.67,0,9.67
"ecu",2005,9.67,0,9.67
"ecu",2006,9.67,0,9.67
"ecu",2007,9.67,0,9.67
"ecu",2008,9.67,0,9.67
"ecu",2009,9.67,0,9.67
"ecu",2010,9.67,0,9.67
"ecu",2011,9.7,0,9.7
"ecu",2012,9.7,0,9.7
"ecu",2013,9.7,0,9.7
"ecu",2014,9.7,0,9.7
"ecu",2015,9.7,0,9.7
"ecu",2016,9.7,0,9.7
"ecu",2017,9.7,0,9.7
"ecu",2018,9.75,0,9.75
"esp",1950,3.13,0,3.13
"esp",1951,3.13,0,3.13
"esp",1952,3.13,0,3.13
"esp",1953,3.13,0,3.13
"esp",1954,3.13,0,3.13
"esp",1955,3.13,0,3.13
"esp",1956,3.12,0,3.12
"esp",1957,3.12,0,3.12
"esp",1958,3.12,0,3.12
"esp",1959,3.12,0,3.12
"esp",1960,3.12,0,3.12
"esp",1961,3.12,0,3.12
"esp",1962,3.12,0,3.12
"esp",1963,3.12,0,3.12
"esp",1964,3.12,0,3.12
"esp",1965,3.12,0,3.12
"esp",1966,3.12,0,3.12
"esp",1967,3.12,0,3.12
"esp",1968,3.12,0,3.12
"esp",1969,3.12,0,3.12
"esp",1970,3.12,0,3.12
"esp",1971,3.12,0,3.12
"esp",1972,3.12,0,3.12
"esp",1973,3.12,0,3.12
"esp",1974,3.37,0,3.37
"esp",1975,3.37,0,3.37
"esp",1976,3.37,0,3.37
"esp",1977,3.37,0,3.37
"esp",1978,8.91,4.28,13.18
"esp",1979,8.96,4.28,13.24
"esp",1980,11.56,5.62,17.19
"esp",1981,11.74,5.85,17.6
"esp",1982,14.73,7.36,22.09
"esp",1983,19.47,9.95,29.42
"esp",1984,19.47,9.95,29.42
"esp",1985,19.6,9.95,29.55
"esp",1986,19.6,9.95,29.55
"esp",1987,20.73,11.94,32.67
"esp",1988,20.73,11.94,32.67
"esp",1989,20.73,11.94,32.67
"esp",1990,20.75,11.94,32.69
"esp",1991,20.75,11.94,32.69
"esp",1992,20.75,11.94,32.69
"esp",1993,20.75,11.94,32.69
"esp",1994,20.75,11.94,32.69
"esp",1995,20.76,11.95,32.71
"esp",1996,20.76,11.95,32.71
"esp",1997,21.7,11.95,33.65
"esp",1998,22.05,11.95,34
"esp",1999,22.05,11.95,34
"esp",2000,22.05,11.95,34
"esp",2001,22.05,11.95,34
"esp",2002,22.05,12.95,35
"esp",2003,22.05,12.95,35
"esp",2004,22.05,12.95,35
"esp",2005,22.05,12.95,35
"esp",2006,22.05,12.95,35
"esp",2007,22.19,12.95,35.14
"esp",2008,22.19,12.95,35.14
"esp",2009,22.19,12.95,35.14
"esp",2010,22.56,12.95,35.52
"esp",2011,22.56,12.95,35.52
"esp",2012,22.56,12.95,35.52
"esp",2013,22.56,12.95,35.52
"esp",2014,22.56,12.95,35.52
"esp",2015,22.56,12.95,35.52
"esp",2016,22.56,12.95,35.52
"esp",2017,22.56,12.95,35.52
"esp",2018,22.65,12.95,35.6
"est",1992,0,0,0
"est",1993,0,0,0
"est",1994,0,0,0
"est",1995,0,0,0
"est",1996,0,0,0
"est",1997,0,0,0
"est",1998,0,0,0
"est",1999,0,0,0
"est",2000,0,0,0
"est",2001,0,0,0
"est",2002,0,0,0
"est",2003,0,0,0
"est",2004,0,0,0
"est",2005,0,0,0
"est",2006,0,0,0
"est",2007,0,0,0
"est",2008,0,0,0
"est",2009,0,0,0
"est",2010,0,0,0
"est",2011,0,0,0
"est",2012,0,0,0
"est",2013,0,0,0
"est",2014,0,0,0
"est",2015,0,0,0
"est",2016,0,0,0
"est",2017,0,0,0
"est",2018,0,0,0
"fin",1950,1.08,0.04,1.12
"fin",1951,1.08,0.04,1.12
"fin",1952,1.08,0.04,1.12
"fin",1953,1.08,0.04,1.12
"fin",1954,1.08,0.04,1.12
"fin",1955,1.08,0.04,1.12
"fin",1956,1.08,0.04,1.12
"fin",1957,1.08,0.04,1.12
"fin",1958,1.08,0.04,1.12
"fin",1959,1.08,0.04,1.12
"fin",1960,1.08,0.04,1.12
"fin",1961,1.08,0.04,1.12
"fin",1962,1.08,0.04,1.12
"fin",1963,1.08,0.04,1.12
"fin",1964,1.08,0.04,1.12
"fin",1965,1.08,0.04,1.12
"fin",1966,1.08,0.04,1.12
"fin",1967,1.08,0.04,1.12
"fin",1968,1.08,0.04,1.12
"fin",1969,1.08,0.04,1.12
"fin",1970,1.08,0.04,1.12
"fin",1971,1.08,0.04,1.12
"fin",1972,1.08,0.04,1.12
"fin",1973,1.08,0.04,1.12
"fin",1974,2.35,0.04,2.39
"fin",1975,2.35,0.04,2.39
"fin",1976,2.35,0.04,2.39
"fin",1977,2.35,0.04,2.39
"fin",1978,2.35,0.04,2.39
"fin",1979,2.35,0.04,2.39
"fin",1980,2.35,0.04,2.39
"fin",1981,2.35,0.04,2.39
"fin",1982,2.35,0.04,2.39
"fin",1983,2.35,0.04,2.39
"fin",1984,2.35,0.04,2.39
"fin",1985,2.35,0.04,2.39
"fin",1986,2.35,0.04,2.39
"fin",1987,2.35,0.04,2.39
"fin",1988,2.35,0.04,2.39
"fin",1989,2.35,0.04,2.39
"fin",1990,2.35,0.04,2.39
"fin",1991,2.35,0.04,2.39
"fin",1992,2.35,0.04,2.39
"fin",1993,8.32,0.04,8.36
"fin",1994,8.32,0.04,8.36
"fin",1995,8.32,0.04,8.36
"fin",1996,8.32,0.04,8.36
"fin",1997,8.32,0.04,8.36
"fin",1998,8.32,0.04,8.36
"fin",1999,8.32,0.04,8.36
"fin",2000,8.32,0.04,8.36
"fin",2001,8.32,0.04,8.36
"fin",2002,8.32,0.04,8.36
"fin",2003,8.32,0.04,8.36
"fin",2004,8.32,0.04,8.36
"fin",2005,8.33,0.04,8.37
"fin",2006,8.33,0.04,8.37
"fin",2007,8.33,0.04,8.37
"fin",2008,8.33,0.04,8.37
"fin",2009,8.33,0.04,8.37
"fin",2010,7.07,0.04,7.11
"fin",2011,7.07,0.04,7.11
"fin",2012,7.07,0.04,7.11
"fin",2013,7.05,0.04,7.09
"fin",2014,7.05,0.04,7.09
"fin",2015,7.05,0.04,7.09
"fin",2016,7.05,0.04,7.09
"fin",2017,7.05,0.04,7.09
"fin",2018,7.05,0.04,7.09
"fra",1950,7,0,7
"fra",1951,7,0,7
"fra",1952,7,0,7
"fra",1953,7,0,7
"fra",1954,7,0,7
"fra",1955,7,0,7
"fra",1956,7,0,7
"fra",1957,7,0,7
"fra",1958,7,0,7
"fra",1959,7,0,7
"fra",1960,7,0,7
"fra",1961,7,0,7
"fra",1962,7,0,7
"fra",1963,7,0,7
"fra",1964,8,0,8
"fra",1965,8,0,8
"fra",1966,8,0,8
"fra",1967,8.26,0,8.26
"fra",1968,8.26,0,8.26
"fra",1969,8.44,0,8.44
"fra",1970,8.45,0,8.45
"fra",1971,8.45,0,8.45
"fra",1972,9.47,0,9.47
"fra",1973,9.49,0,9.49
"fra",1974,9.49,0,9.49
"fra",1975,9.49,0,9.49
"fra",1976,9.49,0,9.49
"fra",1977,9.49,0,9.49
"fra",1978,9.56,0,9.56
"fra",1979,9.56,0,9.56
"fra",1980,9.56,0,9.56
"fra",1981,9.56,0,9.56
"fra",1982,19.6,0.01,19.61
"fra",1983,19.6,0.01,19.61
"fra",1984,19.6,0.01,19.61
"fra",1985,19.6,0.01,19.61
"fra",1986,20.6,0.01,20.61
"fra",1987,20.6,0.01,20.61
"fra",1988,20.6,0.01,20.61
"fra",1989,20.6,0.01,20.61
"fra",1990,20.6,0.01,20.61
"fra",1991,20.6,0.01,20.61
"fra",1992,20.6,0.01,20.61
"fra",1993,20.6,0.01,20.61
"fra",1994,20.6,0.01,20.61
"fra",1995,20.6,0.01,20.61
"fra",1996,20.63,0.01,20.64
"fra",1997,20.64,0.01,20.65
"fra",1998,20.65,0.01,20.66
"fra",1999,20.65,0.01,20.66
"fra",2000,20.65,0.01,20.66
"fra",2001,20.96,0.01,20.97
"fra",2002,20.96,0.01,20.97
"fra",2003,20.96,0.01,20.97
"fra",2004,20.96,0.01,20.97
"fra",2005,20.96,0.01,20.97
"fra",2006,20.96,0.01,20.97
"fra",2007,20.96,0.01,20.97
"fra",2008,20.96,0.01,20.97
"fra",2009,21.12,0.01,21.13
"fra",2010,21.51,0.01,21.52
"fra",2011,21.12,0.01,21.13
"fra",2012,21.13,0.01,21.14
"fra",2013,21.13,0.01,21.14
"fra",2014,21.26,0.01,21.27
"fra",2015,21.33,0.01,21.35
"fra",2016,22.5,0.01,22.52
"fra",2017,21.79,0.01,21.8
"fra",2018,21.84,0.01,21.85
"gbr",1950,10.26,0.11,10.37
"gbr",1951,10.26,0.11,10.37
"gbr",1952,10.26,0.11,10.37
"gbr",1953,10.26,0.11,10.37
"gbr",1954,10.26,0.11,10.37
"gbr",1955,10.26,0.11,10.37
"gbr",1956,10.26,0.11,10.37
"gbr",1957,10.26,0.11,10.37
"gbr",1958,10.26,0.11,10.37
"gbr",1959,10.26,0.11,10.37
"gbr",1960,10.26,0.11,10.37
"gbr",1961,10.26,0.11,10.37
"gbr",1962,10.26,0.11,10.37
"gbr",1963,10.26,0.11,10.37
"gbr",1964,10.31,0.16,10.47
"gbr",1965,10.23,0.16,10.39
"gbr",1966,10.23,0.16,10.39
"gbr",1967,10.23,0.16,10.39
"gbr",1968,10.23,0.16,10.39
"gbr",1969,10.23,0.16,10.39
"gbr",1970,10.23,0.16,10.39
"gbr",1971,10.23,0.16,10.39
"gbr",1972,9.97,0.13,10.1
"gbr",1973,9.97,0.13,10.1
"gbr",1974,9.02,0.13,9.15
"gbr",1975,8.98,0.13,9.12
"gbr",1976,8.98,0.13,9.12
"gbr",1977,8.98,0.13,9.12
"gbr",1978,8.98,0.13,9.12
"gbr",1979,8.98,0.13,9.12
"gbr",1980,8.98,0.13,9.12
"gbr",1981,8.98,0.13,9.12
"gbr",1982,8.98,0.13,9.12
"gbr",1983,8.98,0.13,9.12
"gbr",1984,8.98,0.13,9.12
"gbr",1985,8.98,0.13,9.12
"gbr",1986,6.19,0.13,6.32
"gbr",1987,6.19,0.13,6.32
"gbr",1988,6.19,0.13,6.32
"gbr",1989,6.19,0.13,6.32
"gbr",1990,6.19,0.13,6.32
"gbr",1991,6.19,0.13,6.32
"gbr",1992,6.19,0.13,6.32
"gbr",1993,6.19,0.13,6.32
"gbr",1994,7.02,0.13,7.16
"gbr",1995,7,0.13,7.14
"gbr",1996,5.82,0.13,5.96
"gbr",1997,5.4,0.13,5.53
"gbr",1998,4.88,0.13,5.01
"gbr",1999,9.66,0.86,10.52
"gbr",2000,10.5,1.11,11.61
"gbr",2001,10.5,1.11,11.61
"gbr",2002,10.5,1.11,11.61
"gbr",2003,10.18,0.92,11.11
"gbr",2004,10.18,0.92,11.11
"gbr",2005,10.18,0.92,11.11
"gbr",2006,10.18,0.92,11.11
"gbr",2007,10.5,1.11,11.61
"gbr",2008,10.5,1.11,11.61
"gbr",2009,9.98,1.11,11.09
"gbr",2010,9.98,1.11,11.09
"gbr",2011,10.28,1.11,11.39
"gbr",2012,6.73,1.11,7.84
"gbr",2013,6.73,1.11,7.84
"gbr",2014,7.51,1.11,8.62
"gbr",2015,7.51,1.11,8.62
"gbr",2016,7.88,1.11,8.99
"gbr",2017,8.36,1.11,9.47
"gbr",2018,8.48,1.11,9.59
"grc",1950,1,0,1
"grc",1951,1,0,1
"grc",1952,1,0,1
"grc",1953,1,0,1
"grc",1954,1,0,1
"grc",1955,1,0,1
"grc",1956,1,0,1
"grc",1957,1,0,1
"grc",1958,1,0,1
"grc",1959,1,0,1
"grc",1960,1,0,1
"grc",1961,1,0,1
"grc",1962,1,0,1
"grc",1963,1,0,1
"grc",1964,1,0,1
"grc",1965,1,0,1
"grc",1966,1,0,1
"grc",1967,1,0,1
"grc",1968,1,0,1
"grc",1969,1,0,1
"grc",1970,1,0,1
"grc",1971,1,0,1
"grc",1972,1,0,1
"grc",1973,1,0,1
"grc",1974,1,0,1
"grc",1975,1,0,1
"grc",1976,1,0,1
"grc",1977,1,0,1
"grc",1978,1,0,1
"grc",1979,1,0,1
"grc",1980,1,0,1
"grc",1981,1,0,1
"grc",1982,1,0,1
"grc",1983,1,0,1
"grc",1984,1,0,1
"grc",1985,1,0,1
"grc",1986,2,0,2
"grc",1987,2,0,2
"grc",1988,2,0,2
"grc",1989,2,0,2
"grc",1990,2,0,2
"grc",1991,2,0,2
"grc",1992,2,0,2
"grc",1993,2,0,2
"grc",1994,10,0,10
"grc",1995,10,0,10
"grc",1996,10,0,10
"grc",1997,11,0,11
"grc",1998,11,0,11
"grc",1999,11,0,11
"grc",2000,11,0,11
"grc",2001,11,0,11
"grc",2002,11,0,11
"grc",2003,11,0,11
"grc",2004,11,0,11
"grc",2005,11,0,11
"grc",2006,11,0,11
"grc",2007,11,0,11
"grc",2008,11,0,11
"grc",2009,11,0,11
"grc",2010,11,0,11
"grc",2011,9,0,9
"grc",2012,9,0,9
"grc",2013,9,0,9
"grc",2014,9,0,9
"grc",2015,9,0,9
"grc",2016,9,0,9
"grc",2017,9,0,9
"grc",2018,9,0,9
"gtm",1950,1,0,1
"gtm",1951,1,0,1
"gtm",1952,1,0,1
"gtm",1953,1,0,1
"gtm",1954,1,0,1
"gtm",1955,1,0,1
"gtm",1956,1,0,1
"gtm",1957,1,0,1
"gtm",1958,1,0,1
"gtm",1959,1,0,1
"gtm",1960,1,0,1
"gtm",1961,1,0,1
"gtm",1962,1,0,1
"gtm",1963,1,0,1
"gtm",1964,1,0,1
"gtm",1965,1,0,1
"gtm",1966,1,0,1
"gtm",1967,1,0,1
"gtm",1968,1,0,1
"gtm",1969,1,0,1
"gtm",1970,1,0,1
"gtm",1971,1,0,1
"gtm",1972,1,0,1
"gtm",1973,1,0,1
"gtm",1974,1,0,1
"gtm",1975,1,0,1
"gtm",1976,1,0,1
"gtm",1977,1,0,1
"gtm",1978,1,0,1
"gtm",1979,1,0,1
"gtm",1980,1,0,1
"gtm",1981,1,0,1
"gtm",1982,1,0,1
"gtm",1983,1,0,1
"gtm",1984,1,0,1
"gtm",1985,1,0,1
"gtm",1986,1,0,1
"gtm",1987,1,0,1
"gtm",1988,1,0,1
"gtm",1989,1,0,1
"gtm",1990,1,0,1
"gtm",1991,1,0,1
"gtm",1992,1,0,1
"gtm",1993,1,0,1
"gtm",1994,1,0,1
"gtm",1995,1,0,1
"gtm",1996,1,0,1
"gtm",1997,1,0,1
"gtm",1998,1,0,1
"gtm",1999,1,0,1
"gtm",2000,1,0,1
"gtm",2001,1,0,1
"gtm",2002,1,0,1
"gtm",2003,1,0,1
"gtm",2004,1,0,1
"gtm",2005,1,0,1
"gtm",2006,1,0,1
"gtm",2007,1,0,1
"gtm",2008,1,0,1
"gtm",2009,1,0,1
"gtm",2010,1,0,1
"gtm",2011,1,0,1
"gtm",2012,1,0,1
"gtm",2013,1,0,1
"gtm",2014,1,0,1
"gtm",2015,1,0,1
"gtm",2016,1,0,1
"gtm",2017,1,0,1
"gtm",2018,1,0,1
"guy",1966,0,0,0
"guy",1967,0,0,0
"guy",1968,0,0,0
"guy",1969,0,0,0
"guy",1970,0,0,0
"guy",1971,0,0,0
"guy",1972,0,0,0
"guy",1973,0,0,0
"guy",1974,0,0,0
"guy",1975,0,0,0
"guy",1976,0,0,0
"guy",1977,0,0,0
"guy",1978,0,0,0
"guy",1979,0,0,0
"guy",1980,0,0,0
"guy",1981,0,0,0
"guy",1982,0,0,0
"guy",1983,0,0,0
"guy",1984,0,0,0
"guy",1985,0,0,0
"guy",1986,0,0,0
"guy",1987,0,0,0
"guy",1988,0,0,0
"guy",1989,0,0,0
"guy",1990,0,0,0
"guy",1991,0,0,0
"guy",1992,0,0,0
"guy",1993,0,0,0
"guy",1994,0,0,0
"guy",1995,0,0,0
"guy",1996,0,0,0
"guy",1997,0,0,0
"guy",1998,0,0,0
"guy",1999,0,0,0
"guy",2000,0,0,0
"guy",2001,0,0,0
"guy",2002,0,0,0
"guy",2003,0,0,0
"guy",2004,0,0,0
"guy",2005,0,0,0
"guy",2006,0,0,0
"guy",2007,0,0,0
"guy",2008,0,0,0
"guy",2009,0,0,0
"guy",2010,0,0,0
"guy",2011,0,0,0
"guy",2012,0,0,0
"guy",2013,0,0,0
"guy",2014,0,0,0
"guy",2015,0,0,0
"guy",2016,0,0,0
"guy",2017,0,0,0
"guy",2018,0,0,0
"hnd",1950,1,0,1
"hnd",1951,1,0,1
"hnd",1952,1,0,1
"hnd",1953,1,0,1
"hnd",1954,1,0,1
"hnd",1955,1,0,1
"hnd",1956,1,0,1
"hnd",1957,1,0,1
"hnd",1958,1,0,1
"hnd",1959,1,0,1
"hnd",1960,1,0,1
"hnd",1961,1,0,1
"hnd",1962,1,0,1
"hnd",1963,1,0,1
"hnd",1964,1,0,1
"hnd",1965,1,0,1
"hnd",1966,1,0,1
"hnd",1967,1,0,1
"hnd",1968,1,0,1
"hnd",1969,1,0,1
"hnd",1970,1,0,1
"hnd",1971,1,0,1
"hnd",1972,1,0,1
"hnd",1973,1,0,1
"hnd",1974,1,0,1
"hnd",1975,1,0,1
"hnd",1976,1,0,1
"hnd",1977,1,0,1
"hnd",1978,1,0,1
"hnd",1979,1,0,1
"hnd",1980,1,0,1
"hnd",1981,1,0,1
"hnd",1982,1,0,1
"hnd",1983,1,0,1
"hnd",1984,1,0,1
"hnd",1985,1,0,1
"hnd",1986,1,0,1
"hnd",1987,1,0,1
"hnd",1988,1,0,1
"hnd",1989,1,0,1
"hnd",1990,1,0,1
"hnd",1991,1,0,1
"hnd",1992,1,0,1
"hnd",1993,1,0,1
"hnd",1994,1,0,1
"hnd",1995,1,0,1
"hnd",1996,1,0,1
"hnd",1997,1,0,1
"hnd",1998,1,0,1
"hnd",1999,1,0,1
"hnd",2000,1,0,1
"hnd",2001,1,0,1
"hnd",2002,1,0,1
"hnd",2003,1,0,1
"hnd",2004,1,0,1
"hnd",2005,1,0,1
"hnd",2006,1,0,1
"hnd",2007,1,0,1
"hnd",2008,1,0,1
"hnd",2009,1,0,1
"hnd",2010,1,0,1
"hnd",2011,1,0,1
"hnd",2012,1,0,1
"hnd",2013,1,0,1
"hnd",2014,1,0,1
"hnd",2015,1,0,1
"hnd",2016,1,0,1
"hnd",2017,1,0,1
"hnd",2018,1,0,1
"hrv",1991,0,0,0
"hrv",1992,0,0,0
"hrv",1993,8.55,1,9.55
"hrv",1994,8.55,1,9.55
"hrv",1995,8.55,1,9.55
"hrv",1996,8.55,1,9.55
"hrv",1997,8.55,1,9.55
"hrv",1998,8.55,1,9.55
"hrv",1999,8.55,1,9.55
"hrv",2000,8.55,1,9.55
"hrv",2001,8.55,0,8.55
"hrv",2002,9.55,0,9.55
"hrv",2003,9.55,0,9.55
"hrv",2004,9.55,0,9.55
"hrv",2005,9.55,0,9.55
"hrv",2006,9.55,0,9.55
"hrv",2007,9.55,0,9.55
"hrv",2008,9.55,0,9.55
"hrv",2009,9.55,0,9.55
"hrv",2010,9.55,0,9.55
"hrv",2011,9.55,0,9.55
"hrv",2012,9.55,0,9.55
"hrv",2013,9.55,0,9.55
"hrv",2014,9.55,0,9.55
"hrv",2015,9.55,0,9.55
"hrv",2016,9.55,0,9.55
"hrv",2017,9.55,0,9.55
"hrv",2018,9.55,0,9.55
"hti",1950,1,0,1
"hti",1951,1,0,1
"hti",1952,1,0,1
"hti",1953,1,0,1
"hti",1954,1,0,1
"hti",1955,1,0,1
"hti",1956,1,0,1
"hti",1957,1,0,1
"hti",1958,1,0,1
"hti",1959,1,0,1
"hti",1960,1,0,1
"hti",1961,1,0,1
"hti",1962,1,0,1
"hti",1963,1,0,1
"hti",1964,1,0,1
"hti",1965,1,0,1
"hti",1966,1,0,1
"hti",1967,1,0,1
"hti",1968,1,0,1
"hti",1969,1,0,1
"hti",1970,1,0,1
"hti",1971,1,0,1
"hti",1972,1,0,1
"hti",1973,1,0,1
"hti",1974,1,0,1
"hti",1975,1,0,1
"hti",1976,1,0,1
"hti",1977,1,0,1
"hti",1978,1,0,1
"hti",1979,1,0,1
"hti",1980,1,0,1
"hti",1981,1,0,1
"hti",1982,1,0,1
"hti",1983,1,0,1
"hti",1984,1,0,1
"hti",1985,1,0,1
"hti",1986,1,0,1
"hti",1987,1,4.5,5.5
"hti",1988,1,4.5,5.5
"hti",1989,1,4.5,5.5
"hti",1990,1,4.5,5.5
"hti",1991,1,4.5,5.5
"hti",1992,1,4.5,5.5
"hti",1993,1,4.5,5.5
"hti",1994,1,4.5,5.5
"hti",1995,1,4.5,5.5
"hti",1996,1,4.5,5.5
"hti",1997,1,4.5,5.5
"hti",1998,1,4.5,5.5
"hti",1999,1,4.5,5.5
"hti",2000,1,4.5,5.5
"hti",2001,1,4.5,5.5
"hti",2002,1,4.5,5.5
"hti",2003,1,4.5,5.5
"hti",2004,1,4.5,5.5
"hti",2005,1,4.5,5.5
"hti",2006,1,4.5,5.5
"hti",2007,1,4.5,5.5
"hti",2008,1,4.5,5.5
"hti",2009,1,4.5,5.5
"hti",2010,1,4.5,5.5
"hti",2011,1,4.5,5.5
"hti",2012,1,4.5,5.5
"hti",2013,1,4.5,5.5
"hti",2014,1,4.5,5.5
"hti",2015,1,4.5,5.5
"hti",2016,1,4.5,5.5
"hti",2017,1,4.5,5.5
"hti",2018,1,4.5,5.5
"hun",1990,8.89,0,8.89
"hun",1991,8.89,0,8.89
"hun",1992,8.89,0,8.89
"hun",1993,8.89,0,8.89
"hun",1994,9.51,0,9.51
"hun",1995,9.13,0,9.13
"hun",1996,9.13,0,9.13
"hun",1997,9.13,0,9.13
"hun",1998,9.13,0,9.13
"hun",1999,10.13,0,10.13
"hun",2000,10.13,0,10.13
"hun",2001,10.13,0,10.13
"hun",2002,10.13,0,10.13
"hun",2003,10.13,0,10.13
"hun",2004,10.13,0,10.13
"hun",2005,10.13,0,10.13
"hun",2006,10.13,0,10.13
"hun",2007,10.13,0,10.13
"hun",2008,10.13,0,10.13
"hun",2009,10.13,0,10.13
"hun",2010,10.13,0,10.13
"hun",2011,10.13,0,10.13
"hun",2012,10.13,0,10.13
"hun",2013,8.13,0,8.13
"hun",2014,8.13,0,8.13
"hun",2015,8.13,0,8.13
"hun",2016,8.13,0,8.13
"hun",2017,8.13,0,8.13
"hun",2018,8.13,0,8.13
"idn",1950,14,0,14
"idn",1951,14,0,14
"idn",1952,14,0,14
"idn",1953,14,0,14
"idn",1954,14,0,14
"idn",1955,14,0,14
"idn",1956,14,0,14
"idn",1957,14,0,14
"idn",1958,14,0,14
"idn",1959,12.01,0,12.01
"idn",1960,12.01,0,12.01
"idn",1961,12.01,0,12.01
"idn",1962,12.01,0,12.01
"idn",1963,12.01,0,12.01
"idn",1964,12.01,0,12.01
"idn",1965,12.01,0,12.01
"idn",1966,11.73,0,11.73
"idn",1967,11.73,0,11.73
"idn",1968,11.73,0,11.73
"idn",1969,11.73,0,11.73
"idn",1970,11.73,0,11.73
"idn",1971,11.73,0,11.73
"idn",1972,11.73,0,11.73
"idn",1973,11.73,0,11.73
"idn",1974,6.91,0,6.91
"idn",1975,6.91,0,6.91
"idn",1976,6.91,0,6.91
"idn",1977,6.91,0,6.91
"idn",1978,6.91,0,6.91
"idn",1979,5.95,0,5.95
"idn",1980,5.95,0,5.95
"idn",1981,5.95,0,5.95
"idn",1982,5.95,0,5.95
"idn",1983,5.95,0,5.95
"idn",1984,5.95,0,5.95
"idn",1985,5.95,0,5.95
"idn",1986,5.95,0,5.95
"idn",1987,5.95,0,5.95
"idn",1988,5.95,0,5.95
"idn",1989,5.95,0,5.95
"idn",1990,5.95,0,5.95
"idn",1991,5.95,0,5.95
"idn",1992,5.95,0,5.95
"idn",1993,5.95,0,5.95
"idn",1994,5.95,0,5.95
"idn",1995,5.95,0,5.95
"idn",1996,5.95,0,5.95
"idn",1997,5.95,0,5.95
"idn",1998,5.95,0,5.95
"idn",1999,9.84,0,9.84
"idn",2000,9.84,0,9.84
"idn",2001,15.71,0.06,15.77
"idn",2002,15.71,0.06,15.77
"idn",2003,15.71,0.06,15.77
"idn",2004,19.69,1.06,20.75
"idn",2005,19.69,1.06,20.75
"idn",2006,19.69,1.06,20.75
"idn",2007,19.7,1.06,20.77
"idn",2008,19.7,1.08,20.78
"idn",2009,19.7,1.08,20.78
"idn",2010,19.7,1.08,20.78
"idn",2011,19.7,1.08,20.78
"idn",2012,19.7,1.08,20.78
"idn",2013,19.7,1.08,20.78
"idn",2014,19.7,1.08,20.78
"idn",2015,19.7,1.08,20.78
"idn",2016,19.7,1.08,20.78
"idn",2017,19.7,1.08,20.78
"idn",2018,19.7,1.08,20.78
"ind",1950,15.13,0.59,15.73
"ind",1951,14.6,0.31,14.92
"ind",1952,15.3,5.28,20.59
"ind",1953,15.44,6.32,21.76
"ind",1954,15.44,6.33,21.78
"ind",1955,15.44,6.33,21.78
"ind",1956,15.44,6.33,21.78
"ind",1957,15.3,6.32,21.61
"ind",1958,15.3,6.32,21.61
"ind",1959,15.3,6.32,21.61
"ind",1960,23.82,6.32,30.14
"ind",1961,23.82,6.32,30.14
"ind",1962,23.8,6.31,30.11
"ind",1963,23.81,6.32,30.12
"ind",1964,23.82,6.33,30.15
"ind",1965,23.49,6.33,29.82
"ind",1966,23.49,6.33,29.82
"ind",1967,23.82,6.33,30.15
"ind",1968,10.72,6.19,16.91
"ind",1969,13.96,6.4,20.35
"ind",1970,15.18,6.4,21.51
"ind",1971,13.6,6.36,19.96
"ind",1972,15.46,6.38,21.84
"ind",1973,14.2,6.38,20.59
"ind",1974,14.59,6.38,20.98
"ind",1975,15.43,6.38,21.81
"ind",1976,13.86,6.38,20.25
"ind",1977,14.71,6.38,21.1
"ind",1978,15.46,6.38,21.85
"ind",1979,15.44,6.38,21.83
"ind",1980,15.15,6.38,21.54
"ind",1981,15.15,6.38,21.54
"ind",1982,15.15,6.38,21.54
"ind",1983,15.46,6.38,21.85
"ind",1984,15.17,6.38,21.55
"ind",1985,15.45,6.38,21.84
"ind",1986,15.32,6.38,21.7
"ind",1987,15.23,6.4,21.64
"ind",1988,14.52,6.4,20.92
"ind",1989,14.63,6.4,21.03
"ind",1990,15.09,6.4,21.49
"ind",1991,14.78,6.4,21.18
"ind",1992,15.34,6.4,21.74
"ind",1993,18.51,6.36,24.88
"ind",1994,26.39,6.49,32.88
"ind",1995,28.98,6.49,35.47
"ind",1996,27.21,6.49,33.7
"ind",1997,29.44,6.49,35.93
"ind",1998,29.46,6.49,35.95
"ind",1999,29.46,6.49,35.95
"ind",2000,29.47,6.49,35.97
"ind",2001,30.07,6.49,36.56
"ind",2002,30.11,6.49,36.6
"ind",2003,30.2,6.49,36.69
"ind",2004,30.21,6.49,36.71
"ind",2005,29.26,6.49,35.75
"ind",2006,30.38,6.49,36.88
"ind",2007,30.38,6.49,36.87
"ind",2008,30.41,6.49,36.9
"ind",2009,30,6.49,36.5
"ind",2010,30.44,6.49,36.93
"ind",2011,30.45,6.49,36.95
"ind",2012,30.4,6.49,36.9
"ind",2013,29.99,6.49,36.48
"ind",2014,29.76,6.49,36.25
"ind",2015,30.21,6.49,36.71
"ind",2016,30.23,6.49,36.72
"ind",2017,30.23,7.49,37.72
"ind",2018,27.97,7.49,35.6
"irl",1950,0,0,0
"irl",1951,0,0,0
"irl",1952,0,0,0
"irl",1953,0,0,0
"irl",1954,0,0,0
"irl",1955,0,0,0
"irl",1956,0,0,0
"irl",1957,0,0,0
"irl",1958,0,0,0
"irl",1959,0,0,0
"irl",1960,0,0,0
"irl",1961,0,0,0
"irl",1962,0,0,0
"irl",1963,0,0,0
"irl",1964,0,0,0
"irl",1965,0,0,0
"irl",1966,0,0,0
"irl",1967,0,0,0
"irl",1968,0,0,0
"irl",1969,0,0,0
"irl",1970,0,0,0
"irl",1971,0,0,0
"irl",1972,0,0,0
"irl",1973,0,0,0
"irl",1974,0,0,0
"irl",1975,0,0,0
"irl",1976,0,0,0
"irl",1977,0,0,0
"irl",1978,0,0,0
"irl",1979,0,0,0
"irl",1980,0,0,0
"irl",1981,0,0,0
"irl",1982,0,0,0
"irl",1983,0,0,0
"irl",1984,0,0,0
"irl",1985,0,0,0
"irl",1986,0,0,0
"irl",1987,1,0,1
"irl",1988,1,0,1
"irl",1989,1,0,1
"irl",1990,1,0,1
"irl",1991,1,0,1
"irl",1992,1,0,1
"irl",1993,1,0,1
"irl",1994,3,0,3
"irl",1995,3,0,3
"irl",1996,3,0,3
"irl",1997,3,0,3
"irl",1998,3,0,3
"irl",1999,3,0,3
"irl",2000,3,0,3
"irl",2001,3,0,3
"irl",2002,3,0,3
"irl",2003,3,0,3
"irl",2004,3,0,3
"irl",2005,3,0,3
"irl",2006,3,0,3
"irl",2007,3,0,3
"irl",2008,3,0,3
"irl",2009,3,0,3
"irl",2010,3,0,3
"irl",2011,3,0,3
"irl",2012,3,0,3
"irl",2013,3,0,3
"irl",2014,12,0,12
"irl",2015,11,0,11
"irl",2016,11,0,11
"irl",2017,11,0,11
"irl",2018,11,0,11
"isl",1950,0,0,0
"isl",1951,0,0,0
"isl",1952,0,0,0
"isl",1953,0,0,0
"isl",1954,0,0,0
"isl",1955,0,0,0
"isl",1956,0,0,0
"isl",1957,0,0,0
"isl",1958,0,0,0
"isl",1959,0,0,0
"isl",1960,0,0,0
"isl",1961,0,0,0
"isl",1962,0,0,0
"isl",1963,0,0,0
"isl",1964,0,0,0
"isl",1965,0,0,0
"isl",1966,0,0,0
"isl",1967,0,0,0
"isl",1968,0,0,0
"isl",1969,0,0,0
"isl",1970,0,0,0
"isl",1971,0,0,0
"isl",1972,0,0,0
"isl",1973,0,0,0
"isl",1974,0,0,0
"isl",1975,0,0,0
"isl",1976,0,0,0
"isl",1977,0,0,0
"isl",1978,0,0,0
"isl",1979,0,0,0
"isl",1980,0,0,0
"isl",1981,0,0,0
"isl",1982,0,0,0
"isl",1983,0,0,0
"isl",1984,0,0,0
"isl",1985,0,0,0
"isl",1986,0,0,0
"isl",1987,0,0,0
"isl",1988,0,0,0
"isl",1989,0,0,0
"isl",1990,0,0,0
"isl",1991,0,0,0
"isl",1992,0,0,0
"isl",1993,0,0,0
"isl",1994,0,0,0
"isl",1995,0,0,0
"isl",1996,0,0,0
"isl",1997,0,0,0
"isl",1998,0,0,0
"isl",1999,0,0,0
"isl",2000,0,0,0
"isl",2001,0,0,0
"isl",2002,0,0,0
"isl",2003,0,0,0
"isl",2004,0,0,0
"isl",2005,0,0,0
"isl",2006,0,0,0
"isl",2007,0,0,0
"isl",2008,0,0,0
"isl",2009,0,0,0
"isl",2010,0,0,0
"isl",2011,0,0,0
"isl",2012,0,0,0
"isl",2013,0,0,0
"isl",2014,0,0,0
"isl",2015,0,0,0
"isl",2016,0,0,0
"isl",2017,0,0,0
"isl",2018,0,0,0
"isr",1950,2,0,2
"isr",1951,2,0,2
"isr",1952,2,0,2
"isr",1953,2,0,2
"isr",1954,2,0,2
"isr",1955,2,0,2
"isr",1956,2,0,2
"isr",1957,2,0,2
"isr",1958,2,0,2
"isr",1959,2,0,2
"isr",1960,2,0,2
"isr",1961,2,0,2
"isr",1962,2,0,2
"isr",1963,2,0,2
"isr",1964,2,0,2
"isr",1965,2,0,2
"isr",1966,2,0,2
"isr",1967,2,0,2
"isr",1968,2,0,2
"isr",1969,2,0,2
"isr",1970,2,0,2
"isr",1971,2,0,2
"isr",1972,2,0,2
"isr",1973,2,0,2
"isr",1974,2,0,2
"isr",1975,2,0,2
"isr",1976,2,0,2
"isr",1977,2,0,2
"isr",1978,2,0,2
"isr",1979,2,0,2
"isr",1980,2,0,2
"isr",1981,2,0,2
"isr",1982,2,0,2
"isr",1983,2,0,2
"isr",1984,2,0,2
"isr",1985,2,0,2
"isr",1986,2,0,2
"isr",1987,2,0,2
"isr",1988,2,0,2
"isr",1989,2,0,2
"isr",1990,2,0,2
"isr",1991,2,0,2
"isr",1992,2,0,2
"isr",1993,2,0,2
"isr",1994,2,0,2
"isr",1995,2,0,2
"isr",1996,2,0,2
"isr",1997,2,0,2
"isr",1998,2,0,2
"isr",1999,2,0,2
"isr",2000,2,0,2
"isr",2001,2,0,2
"isr",2002,2,0,2
"isr",2003,2,0,2
"isr",2004,2,0,2
"isr",2005,2,0,2
"isr",2006,2,0,2
"isr",2007,2,0,2
"isr",2008,2,0,2
"isr",2009,2,0,2
"isr",2010,2,0,2
"isr",2011,2,0,2
"isr",2012,2,0,2
"isr",2013,2,0,2
"isr",2014,2,0,2
"isr",2015,2,0,2
"isr",2016,2,0,2
"isr",2017,2,0,2
"isr",2018,2,0,2
"ita",1950,9.56,0.45,10
"ita",1951,9.56,0.45,10
"ita",1952,9.56,0.45,10
"ita",1953,9.56,0.45,10
"ita",1954,9.56,0.45,10
"ita",1955,9.56,0.45,10
"ita",1956,9.56,0.45,10
"ita",1957,9.56,0.45,10
"ita",1958,9.56,0.45,10
"ita",1959,9.56,0.45,10
"ita",1960,9.56,0.45,10
"ita",1961,9.56,0.45,10
"ita",1962,9.56,0.45,10
"ita",1963,9.8,0.51,10.31
"ita",1964,9.8,0.51,10.31
"ita",1965,9.8,0.51,10.31
"ita",1966,9.8,0.51,10.31
"ita",1967,9.8,0.51,10.31
"ita",1968,9.8,0.51,10.31
"ita",1969,9.8,0.51,10.31
"ita",1970,16.59,0.51,17.1
"ita",1971,16.59,0.51,17.1
"ita",1972,17.47,0.51,17.98
"ita",1973,17.47,0.51,17.98
"ita",1974,16.49,0.51,17
"ita",1975,16.49,0.51,17
"ita",1976,16.49,0.51,17
"ita",1977,17.34,0.51,17.85
"ita",1978,17.34,0.51,17.85
"ita",1979,17.34,0.51,17.85
"ita",1980,17.34,0.51,17.85
"ita",1981,17.34,0.51,17.85
"ita",1982,17.34,0.51,17.85
"ita",1983,17.34,0.51,17.85
"ita",1984,17.34,0.51,17.85
"ita",1985,17.34,0.51,17.85
"ita",1986,17.34,0.51,17.85
"ita",1987,17.34,0.51,17.85
"ita",1988,17.34,0.51,17.85
"ita",1989,17.34,1.52,18.86
"ita",1990,18.19,1.52,19.71
"ita",1991,18.19,1.52,19.71
"ita",1992,18.19,1.52,19.71
"ita",1993,19.17,1.52,20.69
"ita",1994,19.17,1.52,20.69
"ita",1995,19.17,1.52,20.69
"ita",1996,19.17,1.52,20.69
"ita",1997,19.17,1.52,20.69
"ita",1998,21.2,1.52,22.73
"ita",1999,21.2,1.52,22.73
"ita",2000,21.2,1.52,22.73
"ita",2001,24.05,3.22,27.27
"ita",2002,24.05,3.22,27.27
"ita",2003,24.05,3.22,27.27
"ita",2004,24.05,3.22,27.27
"ita",2005,24.05,3.22,27.27
"ita",2006,24.05,3.22,27.27
"ita",2007,24.05,3.22,27.27
"ita",2008,24.05,3.22,27.27
"ita",2009,24.05,3.22,27.27
"ita",2010,24.05,3.22,27.27
"ita",2011,24.05,3.22,27.27
"ita",2012,24.05,3.22,27.27
"ita",2013,23.07,3.22,26.29
"ita",2014,22.26,3.22,25.48
"ita",2015,22.86,3.22,26.08
"ita",2016,22.87,3.22,26.1
"ita",2017,22.87,3.22,26.1
"ita",2018,22.73,3.22,25.95
"jam",1962,0,0,0
"jam",1963,0,0,0
"jam",1964,0,0,0
"jam",1965,0,0,0
"jam",1966,0,0,0
"jam",1967,0,0,0
"jam",1968,0,0,0
"jam",1969,0,0,0
"jam",1970,0,0,0
"jam",1971,0,0,0
"jam",1972,0,0,0
"jam",1973,0,0,0
"jam",1974,0,0,0
"jam",1975,0,0,0
"jam",1976,0,0,0
"jam",1977,0,0,0
"jam",1978,0,0,0
"jam",1979,0,0,0
"jam",1980,0,0,0
"jam",1981,0,0,0
"jam",1982,0,0,0
"jam",1983,0,0,0
"jam",1984,0,0,0
"jam",1985,0,0,0
"jam",1986,0,0,0
"jam",1987,0,0,0
"jam",1988,0,0,0
"jam",1989,0,0,0
"jam",1990,0,0,0
"jam",1991,0,0,0
"jam",1992,0,0,0
"jam",1993,0,0,0
"jam",1994,0,0,0
"jam",1995,0,0,0
"jam",1996,0,0,0
"jam",1997,0,0,0
"jam",1998,0,0,0
"jam",1999,0,0,0
"jam",2000,0,0,0
"jam",2001,0,0,0
"jam",2002,0,0,0
"jam",2003,0,0,0
"jam",2004,0,0,0
"jam",2005,0,0,0
"jam",2006,0,0,0
"jam",2007,0,0,0
"jam",2008,0,0,0
"jam",2009,0,0,0
"jam",2010,0,0,0
"jam",2011,0,0,0
"jam",2012,0,0,0
"jam",2013,0,0,0
"jam",2014,0,0,0
"jam",2015,0,0,0
"jam",2016,0,0,0
"jam",2017,0,0,0
"jam",2018,0,0,0
"jpn",1950,10,0,10
"jpn",1951,10,0,10
"jpn",1952,10,0,10
"jpn",1953,10,0,10
"jpn",1954,10,0,10
"jpn",1955,10,0,10
"jpn",1956,10,0,10
"jpn",1957,10.83,0,10.83
"jpn",1958,10.83,0,10.83
"jpn",1959,10.83,0,10.83
"jpn",1960,10.83,0,10.83
"jpn",1961,10.83,0,10.83
"jpn",1962,10.83,0,10.83
"jpn",1963,10.89,0,10.89
"jpn",1964,10.89,0,10.89
"jpn",1965,10.89,0,10.89
"jpn",1966,10.89,0,10.89
"jpn",1967,10.89,0,10.89
"jpn",1968,10.89,0,10.89
"jpn",1969,10.89,0,10.89
"jpn",1970,10.89,0,10.89
"jpn",1971,10.89,0,10.89
"jpn",1972,11.25,0,11.25
"jpn",1973,11.25,0,11.25
"jpn",1974,11.25,0,11.25
"jpn",1975,11.25,0,11.25
"jpn",1976,11.25,0,11.25
"jpn",1977,11.25,0,11.25
"jpn",1978,11.25,0,11.25
"jpn",1979,11.25,0,11.25
"jpn",1980,11.33,0,11.33
"jpn",1981,11.33,0,11.33
"jpn",1982,11.33,0,11.33
"jpn",1983,11.33,0,11.33
"jpn",1984,11.33,0,11.33
"jpn",1985,11.33,0,11.33
"jpn",1986,11.33,0,11.33
"jpn",1987,11.33,0,11.33
"jpn",1988,11.33,0,11.33
"jpn",1989,11.41,0,11.41
"jpn",1990,11.41,0,11.41
"jpn",1991,11.41,0,11.41
"jpn",1992,12.64,0,12.64
"jpn",1993,12.64,0,12.64
"jpn",1994,12.64,0,12.64
"jpn",1995,12.64,0,12.64
"jpn",1996,13.25,0,13.25
"jpn",1997,13.4,0,13.4
"jpn",1998,13.53,0,13.53
"jpn",1999,13.65,0,13.65
"jpn",2000,15.08,0,15.08
"jpn",2001,15.24,0,15.24
"jpn",2002,15.45,0,15.45
"jpn",2003,15.73,0,15.73
"jpn",2004,15.75,0,15.75
"jpn",2005,15.83,0,15.83
"jpn",2006,17.24,0,17.24
"jpn",2007,17.37,0,17.37
"jpn",2008,17.53,0,17.53
"jpn",2009,17.65,0,17.65
"jpn",2010,17.72,0,17.72
"jpn",2011,17.69,0,17.69
"jpn",2012,17.73,0,17.73
"jpn",2013,17.76,0,17.76
"jpn",2014,17.82,0,17.82
"jpn",2015,17.9,0,17.9
"jpn",2016,17.95,0,17.95
"jpn",2017,17.97,0,17.97
"jpn",2018,18.14,0,18.14
"khm",1953,4,0,4
"khm",1954,4,0,4
"khm",1955,4,0,4
"khm",1956,4,0,4
"khm",1957,4,0,4
"khm",1958,4,0,4
"khm",1959,4,0,4
"khm",1960,4,0,4
"khm",1961,4,0,4
"khm",1962,4,0,4
"khm",1963,4,0,4
"khm",1964,4,0,4
"khm",1965,4,0,4
"khm",1966,4,0,4
"khm",1967,4,0,4
"khm",1968,4,0,4
"khm",1969,4,0,4
"khm",1970,1,0,1
"khm",1971,1,0,1
"khm",1972,1,3,4
"khm",1973,1,3,4
"khm",1974,1,3,4
"khm",1975,0,0,0
"khm",1976,0,0,0
"khm",1977,0,0,0
"khm",1978,0,0,0
"khm",1979,3,0,3
"khm",1980,3,0,3
"khm",1981,3,0,3
"khm",1982,3,0,3
"khm",1983,3,0,3
"khm",1984,3,0,3
"khm",1985,3,0,3
"khm",1986,3,0,3
"khm",1987,3,0,3
"khm",1988,3,0,3
"khm",1989,3,0,3
"khm",1990,3,0,3
"khm",1991,3,0,3
"khm",1992,3,0,3
"khm",1993,1,0,1
"khm",1994,1,0,1
"khm",1995,1,0,1
"khm",1996,1,0,1
"khm",1997,1,0,1
"khm",1998,1,0,1
"khm",1999,1,0,1
"khm",2000,1,0,1
"khm",2001,2,0,2
"khm",2002,2,0,2
"khm",2003,2,0,2
"khm",2004,2,0,2
"khm",2005,2,0,2
"khm",2006,2,0,2
"khm",2007,2,0,2
"khm",2008,5,0,5
"khm",2009,5,0,5
"khm",2010,5,0,5
"khm",2011,5,0,5
"khm",2012,5,0,5
"khm",2013,5,0,5
"khm",2014,5,0,5
"khm",2015,5,0,5
"khm",2016,5,0,5
"khm",2017,5,0,5
"khm",2018,5,0,5
"kor",1952,5,0,5
"kor",1953,5,0,5
"kor",1954,5,0,5
"kor",1955,5,0,5
"kor",1956,5,0,5
"kor",1957,5,0,5
"kor",1958,5,0,5
"kor",1959,5,0,5
"kor",1960,7,0,7
"kor",1961,1,0,1
"kor",1962,1,0,1
"kor",1963,1,0,1
"kor",1964,1,0,1
"kor",1965,1,0,1
"kor",1966,1,0,1
"kor",1967,1,0,1
"kor",1968,1,0,1
"kor",1969,1,0,1
"kor",1970,1,0,1
"kor",1971,1,0,1
"kor",1972,1,0,1
"kor",1973,1,0,1
"kor",1974,1,0,1
"kor",1975,1,0,1
"kor",1976,1,0,1
"kor",1977,1,0,1
"kor",1978,1,0,1
"kor",1979,1,0,1
"kor",1980,1,0,1
"kor",1981,1,0,1
"kor",1982,1,0,1
"kor",1983,1,0,1
"kor",1984,1,0,1
"kor",1985,1,0,1
"kor",1986,1,0,1
"kor",1987,1,0,1
"kor",1988,1,0,1
"kor",1989,1,0,1
"kor",1990,1,0.56,1.56
"kor",1991,7,0.56,7.56
"kor",1992,7,0.56,7.56
"kor",1993,7,0.56,7.56
"kor",1994,7,0.56,7.56
"kor",1995,9,0.56,9.56
"kor",1996,9,0.56,9.56
"kor",1997,9,0.56,9.56
"kor",1998,9,0.56,9.56
"kor",1999,10,0.56,10.56
"kor",2000,10,0.56,10.56
"kor",2001,10,0.56,10.56
"kor",2002,10,0.56,10.56
"kor",2003,10,0.56,10.56
"kor",2004,11,2.19,13.19
"kor",2005,11,2.19,13.19
"kor",2006,11,2.22,13.22
"kor",2007,11,2.22,13.22
"kor",2008,11,2.22,13.22
"kor",2009,11,2.22,13.22
"kor",2010,11,2.22,13.22
"kor",2011,11,2.22,13.22
"kor",2012,11,2.22,13.22
"kor",2013,11,2.22,13.22
"kor",2014,11,2.22,13.22
"kor",2015,11,2.22,13.22
"kor",2016,11,2.22,13.22
"kor",2017,11,2.22,13.22
"kor",2018,11,2.22,13.22
"kos",2008,0,0,0
"kos",2009,0,0,0
"kos",2010,0,0,0
"kos",2011,0,0,0
"kos",2012,0,0,0
"kos",2013,0,0,0
"kos",2014,0,0,0
"kos",2015,0,0,0
"kos",2016,0,0,0
"kos",2017,0,0,0
"kos",2018,0,0,0
"lao",1953,1,0,1
"lao",1954,1,0,1
"lao",1955,1,0,1
"lao",1956,1,0,1
"lao",1957,1,0,1
"lao",1958,1,0,1
"lao",1959,1,0,1
"lao",1960,1,0,1
"lao",1961,1,0,1
"lao",1962,1,0,1
"lao",1963,1,0,1
"lao",1964,1,0,1
"lao",1965,0,0,0
"lao",1966,0,0,0
"lao",1967,0,0,0
"lao",1968,0,0,0
"lao",1969,0,0,0
"lao",1970,0,0,0
"lao",1971,0,0,0
"lao",1972,0,0,0
"lao",1973,0,0,0
"lao",1974,0,0,0
"lao",1975,0,0,0
"lao",1976,0,0,0
"lao",1977,0,0,0
"lao",1978,0,0,0
"lao",1979,0,0,0
"lao",1980,0,0,0
"lao",1981,1,0,1
"lao",1982,1,0,1
"lao",1983,1,0,1
"lao",1984,1,0,1
"lao",1985,1,0,1
"lao",1986,1,0,1
"lao",1987,1,0,1
"lao",1988,1,0,1
"lao",1989,0.87,0,0.87
"lao",1990,0.87,0,0.87
"lao",1991,1,0,1
"lao",1992,1,0,1
"lao",1993,1,0,1
"lao",1994,0.99,0,0.99
"lao",1995,0.99,0,0.99
"lao",1996,0.99,0,0.99
"lao",1997,0.99,0,0.99
"lao",1998,0.99,0,0.99
"lao",1999,0.99,0,0.99
"lao",2000,0.99,0,0.99
"lao",2001,0.99,0,0.99
"lao",2002,0.99,0,0.99
"lao",2003,0.99,0,0.99
"lao",2004,0.99,0,0.99
"lao",2005,0.99,0,0.99
"lao",2006,0.99,0,0.99
"lao",2007,1,0,1
"lao",2008,1,0,1
"lao",2009,0.13,0,0.13
"lao",2010,0.13,0,0.13
"lao",2011,1,0,1
"lao",2012,1,0,1
"lao",2013,1,0,1
"lao",2014,1,0,1
"lao",2015,1,0,1
"lao",2016,1,0,1
"lao",2017,1,0,1
"lao",2018,1,0,1
"lka",1950,1,0,1
"lka",1951,1,0,1
"lka",1952,1,0,1
"lka",1953,1,0,1
"lka",1954,1,0,1
"lka",1955,1,0,1
"lka",1956,1,0,1
"lka",1957,1,0,1
"lka",1958,1,0,1
"lka",1959,1,0,1
"lka",1960,1,0,1
"lka",1961,1,0,1
"lka",1962,1,0,1
"lka",1963,1,0,1
"lka",1964,1,0,1
"lka",1965,1,0,1
"lka",1966,1,0,1
"lka",1967,1,0,1
"lka",1968,1,0,1
"lka",1969,1,0,1
"lka",1970,1,0,1
"lka",1971,1,0,1
"lka",1972,1,0,1
"lka",1973,1,0,1
"lka",1974,1,0,1
"lka",1975,1,0,1
"lka",1976,1,0,1
"lka",1977,1,0,1
"lka",1978,1,0,1
"lka",1979,1,0,1
"lka",1980,1,0,1
"lka",1981,1,0,1
"lka",1982,1,0,1
"lka",1983,1,0,1
"lka",1984,1,0,1
"lka",1985,1,0,1
"lka",1986,1,0,1
"lka",1987,11,0,11
"lka",1988,11,0,11
"lka",1989,11,0,11
"lka",1990,9.78,0,9.78
"lka",1991,9.78,0,9.78
"lka",1992,9.78,0,9.78
"lka",1993,9.78,0,9.78
"lka",1994,9.78,0,9.78
"lka",1995,9.78,0,9.78
"lka",1996,9.78,0,9.78
"lka",1997,9.78,0,9.78
"lka",1998,9.78,0,9.78
"lka",1999,9.78,0,9.78
"lka",2000,9.78,0,9.78
"lka",2001,9.78,0,9.78
"lka",2002,9.78,0,9.78
"lka",2003,9.78,0,9.78
"lka",2004,9.78,0,9.78
"lka",2005,9.78,0,9.78
"lka",2006,9.78,0,9.78
"lka",2007,9.78,0,9.78
"lka",2008,10.44,0,10.44
"lka",2009,10.44,0,10.44
"lka",2010,10.44,0,10.44
"lka",2011,10.44,0,10.44
"lka",2012,10.44,0,10.44
"lka",2013,10.44,0,10.44
"lka",2014,11,0,11
"lka",2015,11,0,11
"lka",2016,11,0,11
"lka",2017,11,0,11
"lka",2018,11,0,11
"ltu",1992,0,0,0
"ltu",1993,0,0,0
"ltu",1994,0,0,0
"ltu",1995,1,0,1
"ltu",1996,1,0,1
"ltu",1997,1,0,1
"ltu",1998,1,0,1
"ltu",1999,1,0,1
"ltu",2000,4,0,4
"ltu",2001,4,0,4
"ltu",2002,4,0,4
"ltu",2003,4,0,4
"ltu",2004,4,0,4
"ltu",2005,4,0,4
"ltu",2006,4,0,4
"ltu",2007,4,0,4
"ltu",2008,4,0,4
"ltu",2009,4,0,4
"ltu",2010,2,0,2
"ltu",2011,2,0,2
"ltu",2012,2,0,2
"ltu",2013,2,0,2
"ltu",2014,2,0,2
"ltu",2015,2,0,2
"ltu",2016,2,0,2
"ltu",2017,2,0,2
"ltu",2018,2,0,2
"lux",1950,0,0,0
"lux",1951,0,0,0
"lux",1952,0,0,0
"lux",1953,0,0,0
"lux",1954,0,0,0
"lux",1955,0,0,0
"lux",1956,0,0,0
"lux",1957,0,0,0
"lux",1958,0,0,0
"lux",1959,0,0,0
"lux",1960,0,0,0
"lux",1961,0,0,0
"lux",1962,0,0,0
"lux",1963,0,0,0
"lux",1964,0,0,0
"lux",1965,0,0,0
"lux",1966,0,0,0
"lux",1967,0,0,0
"lux",1968,0,0,0
"lux",1969,0,0,0
"lux",1970,0,0,0
"lux",1971,0,0,0
"lux",1972,0,0,0
"lux",1973,0,0,0
"lux",1974,0,0,0
"lux",1975,0,0,0
"lux",1976,0,0,0
"lux",1977,0,0,0
"lux",1978,0,0,0
"lux",1979,0,0,0
"lux",1980,0,0,0
"lux",1981,0,0,0
"lux",1982,0,0,0
"lux",1983,0,0,0
"lux",1984,0,0,0
"lux",1985,0,0,0
"lux",1986,0,0,0
"lux",1987,0,0,0
"lux",1988,0,0,0
"lux",1989,0,0,0
"lux",1990,0,0,0
"lux",1991,0,0,0
"lux",1992,0,0,0
"lux",1993,0,0,0
"lux",1994,0,0,0
"lux",1995,0,0,0
"lux",1996,0,0,0
"lux",1997,0,0,0
"lux",1998,0,0,0
"lux",1999,0,0,0
"lux",2000,0,0,0
"lux",2001,0,0,0
"lux",2002,0,0,0
"lux",2003,0,0,0
"lux",2004,0,0,0
"lux",2005,0,0,0
"lux",2006,0,0,0
"lux",2007,0,0,0
"lux",2008,0,0,0
"lux",2009,0,0,0
"lux",2010,0,0,0
"lux",2011,0,0,0
"lux",2012,0,0,0
"lux",2013,0,0,0
"lux",2014,0,0,0
"lux",2015,0,0,0
"lux",2016,0,0,0
"lux",2017,0,0,0
"lux",2018,0,0,0
"lva",1990,0,0,0
"lva",1991,0,0,0
"lva",1992,0,0,0
"lva",1993,0,0,0
"lva",1994,0,0,0
"lva",1995,0,0,0
"lva",1996,0,0,0
"lva",1997,0,0,0
"lva",1998,0,0,0
"lva",1999,0,0,0
"lva",2000,0,0,0
"lva",2001,0,0,0
"lva",2002,0,0,0
"lva",2003,0,0,0
"lva",2004,0,0,0
"lva",2005,0,0,0
"lva",2006,0,0,0
"lva",2007,0,0,0
"lva",2008,0,0,0
"lva",2009,4,0,4
"lva",2010,4,0,4
"lva",2011,4,0,4
"lva",2012,4,0,4
"lva",2013,4,0,4
"lva",2014,4,0,4
"lva",2015,4,0,4
"lva",2016,4,0,4
"lva",2017,4,0,4
"lva",2018,4,0,4
"mex",1950,8.21,5.89,14.1
"mex",1951,8.21,5.89,14.1
"mex",1952,8.21,5.89,14.1
"mex",1953,8.4,6.07,14.48
"mex",1954,8.4,6.07,14.48
"mex",1955,8.4,6.07,14.48
"mex",1956,8.4,6.07,14.48
"mex",1957,8.4,6.07,14.48
"mex",1958,8.4,6.07,14.48
"mex",1959,8.4,6.07,14.48
"mex",1960,8.4,6.07,14.48
"mex",1961,8.4,6.07,14.48
"mex",1962,8.4,6.07,14.48
"mex",1963,8.4,6.07,14.48
"mex",1964,8.4,6.07,14.48
"mex",1965,8.4,6.07,14.48
"mex",1966,8.4,6.07,14.48
"mex",1967,8.4,6.07,14.48
"mex",1968,8.4,6.07,14.48
"mex",1969,8.4,6.07,14.48
"mex",1970,8.4,6.07,14.48
"mex",1971,8.4,6.07,14.48
"mex",1972,8.4,6.07,14.48
"mex",1973,8.4,6.07,14.48
"mex",1974,8.53,6.18,14.71
"mex",1975,8.53,6.18,14.71
"mex",1976,8.53,6.18,14.71
"mex",1977,8.53,6.18,14.71
"mex",1978,8.53,6.18,14.71
"mex",1979,8.53,6.18,14.71
"mex",1980,7.61,5.18,12.79
"mex",1981,7.61,5.18,12.79
"mex",1982,7.61,5.18,12.79
"mex",1983,8.53,5.18,13.71
"mex",1984,8.53,5.18,13.71
"mex",1985,8.53,5.18,13.71
"mex",1986,8.53,5.18,13.71
"mex",1987,8.53,5.18,13.71
"mex",1988,8.76,5.18,13.95
"mex",1989,9.68,5.18,14.87
"mex",1990,9.68,5.18,14.87
"mex",1991,9.68,5.18,14.87
"mex",1992,9.68,5.18,14.87
"mex",1993,10.68,5.18,15.87
"mex",1994,11.61,5.18,16.79
"mex",1995,11.61,5.18,16.79
"mex",1996,11.61,5.18,16.79
"mex",1997,13.84,5.18,19.03
"mex",1998,13.84,5.18,19.03
"mex",1999,13.84,5.18,19.03
"mex",2000,13.84,5.18,19.03
"mex",2001,13.84,5.18,19.03
"mex",2002,13.84,5.18,19.03
"mex",2003,13.84,5.18,19.03
"mex",2004,14.84,5.18,20.03
"mex",2005,14.84,5.18,20.03
"mex",2006,14.99,5.18,20.17
"mex",2007,14.99,5.18,20.17
"mex",2008,15.86,5.18,21.05
"mex",2009,15.91,5.18,21.1
"mex",2010,15.91,5.18,21.1
"mex",2011,15.91,5.18,21.1
"mex",2012,15.91,5.18,21.1
"mex",2013,15.91,5.18,21.1
"mex",2014,15.91,5.18,21.1
"mex",2015,15.91,5.18,21.1
"mex",2016,16.07,5.18,21.25
"mex",2017,16.07,5.34,21.41
"mex",2018,16.07,5.34,21.41
"mkd",1991,0,0,0
"mkd",1992,0,0,0
"mkd",1993,0,0,0
"mkd",1994,0,0,0
"mkd",1995,0,0,0
"mkd",1996,2.08,0,2.08
"mkd",1997,2.08,0,2.08
"mkd",1998,2.08,0,2.08
"mkd",1999,2.08,0,2.08
"mkd",2000,2.08,0,2.08
"mkd",2001,2.08,0,2.08
"mkd",2002,2.08,0,2.08
"mkd",2003,2.08,0,2.08
"mkd",2004,2.26,0,2.26
"mkd",2005,2.26,0,2.26
"mkd",2006,2.26,0,2.26
"mkd",2007,4.26,0,4.26
"mkd",2008,4.26,0,4.26
"mkd",2009,4.26,0,4.26
"mkd",2010,4.26,0,4.26
"mkd",2011,4.26,0,4.26
"mkd",2012,4.26,0,4.26
"mkd",2013,4.26,0,4.26
"mkd",2014,4.26,0,4.26
"mkd",2015,4.26,0,4.26
"mkd",2016,4.26,0,4.26
"mkd",2017,4.26,0,4.26
"mkd",2018,4.26,0,4.26
"mlt",1964,0,0,0
"mlt",1965,0,0,0
"mlt",1966,0,0,0
"mlt",1967,0,0,0
"mlt",1968,0,0,0
"mlt",1969,0,0,0
"mlt",1970,0,0,0
"mlt",1971,0,0,0
"mlt",1972,0,0,0
"mlt",1973,0,0,0
"mlt",1974,0,0,0
"mlt",1975,0,0,0
"mlt",1976,0,0,0
"mlt",1977,0,0,0
"mlt",1978,0,0,0
"mlt",1979,0,0,0
"mlt",1980,0,0,0
"mlt",1981,0,0,0
"mlt",1982,0,0,0
"mlt",1983,0,0,0
"mlt",1984,0,0,0
"mlt",1985,0,0,0
"mlt",1986,0,0,0
"mlt",1987,0,0,0
"mlt",1988,0,0,0
"mlt",1989,0,0,0
"mlt",1990,0,0,0
"mlt",1991,0,0,0
"mlt",1992,0,0,0
"mlt",1993,0,0,0
"mlt",1994,0,0,0
"mlt",1995,0,0,0
"mlt",1996,0,0,0
"mlt",1997,0,0,0
"mlt",1998,0,0,0
"mlt",1999,0,0,0
"mlt",2000,0,0,0
"mlt",2001,0,0,0
"mlt",2002,0,0,0
"mlt",2003,0,0,0
"mlt",2004,0,0,0
"mlt",2005,0,0,0
"mlt",2006,0,0,0
"mlt",2007,0,0,0
"mlt",2008,0,0,0
"mlt",2009,0,0,0
"mlt",2010,0,0,0
"mlt",2011,0,0,0
"mlt",2012,0,0,0
"mlt",2013,0,0,0
"mlt",2014,0,0,0
"mlt",2015,0,0,0
"mlt",2016,0,0,0
"mlt",2017,0,0,0
"mlt",2018,0,0,0
"mmr",1950,3.33,0.31,3.63
"mmr",1951,3.33,0.31,3.63
"mmr",1952,3.33,0.31,3.63
"mmr",1953,3.33,0.31,3.63
"mmr",1954,3.33,0.31,3.63
"mmr",1955,3.33,0.31,3.63
"mmr",1956,3.33,0.31,3.63
"mmr",1957,3.33,0.31,3.63
"mmr",1958,3.33,0.31,3.63
"mmr",1959,3.33,0.31,3.63
"mmr",1960,3.33,0.31,3.63
"mmr",1961,3.33,0.31,3.63
"mmr",1962,2,0,2
"mmr",1963,2,0,2
"mmr",1964,2,0,2
"mmr",1965,2,0,2
"mmr",1966,2,0,2
"mmr",1967,2,0,2
"mmr",1968,2,0,2
"mmr",1969,2,0,2
"mmr",1970,2,0,2
"mmr",1971,2,0,2
"mmr",1972,2,0,2
"mmr",1973,2,0,2
"mmr",1974,8,0,8
"mmr",1975,8,0,8
"mmr",1976,8,0,8
"mmr",1977,8,0,8
"mmr",1978,8,0,8
"mmr",1979,8,0,8
"mmr",1980,8,0,8
"mmr",1981,8,0,8
"mmr",1982,8,0,8
"mmr",1983,8,0,8
"mmr",1984,8,0,8
"mmr",1985,8,0,8
"mmr",1986,8,0,8
"mmr",1987,8,0,8
"mmr",1988,3,0,3
"mmr",1989,3,0,3
"mmr",1990,3,0,3
"mmr",1991,3,0,3
"mmr",1992,3,0,3
"mmr",1993,3,0,3
"mmr",1994,3,0,3
"mmr",1995,3,0,3
"mmr",1996,3,0,3
"mmr",1997,3,0,3
"mmr",1998,3,0,3
"mmr",1999,3,0,3
"mmr",2000,3,0,3
"mmr",2001,3,0,3
"mmr",2002,3,0,3
"mmr",2003,3,0,3
"mmr",2004,3,0,3
"mmr",2005,3,0,3
"mmr",2006,3,0,3
"mmr",2007,3,0,3
"mmr",2008,3,0,3
"mmr",2009,3,0,3
"mmr",2010,2.98,0,2.98
"mmr",2011,7.99,4.9,12.89
"mmr",2012,7.99,4.9,12.89
"mmr",2013,7.99,4.9,12.89
"mmr",2014,7.99,4.9,12.89
"mmr",2015,7.99,4.9,12.89
"mmr",2016,7.99,4.9,12.89
"mmr",2017,7.99,4.9,12.89
"mmr",2018,7.99,4.9,12.89
"mne",2006,0,0,0
"mne",2007,0,0,0
"mne",2008,0,0,0
"mne",2009,0,0,0
"mne",2010,0,0,0
"mne",2011,0,0,0
"mne",2012,0,0,0
"mne",2013,0,0,0
"mne",2014,0,0,0
"mne",2015,0,0,0
"mne",2016,0,0,0
"mne",2017,0,0,0
"mne",2018,0,0,0
"mng",1992,2.04,0,2.04
"mng",1993,2.04,0,2.04
"mng",1994,3.07,0.34,3.41
"mng",1995,3.07,0.34,3.41
"mng",1996,3.07,0.34,3.41
"mng",1997,3.07,0.34,3.41
"mng",1998,3.07,0.34,3.41
"mng",1999,3.07,0.34,3.41
"mng",2000,3.07,0.34,3.41
"mng",2001,3.07,0.34,3.41
"mng",2002,3.07,0.34,3.41
"mng",2003,3.07,0.34,3.41
"mng",2004,3.07,0.34,3.41
"mng",2005,3.07,0.34,3.41
"mng",2006,3.07,0.34,3.41
"mng",2007,3.07,0.34,3.41
"mng",2008,3.07,0.34,3.41
"mng",2009,3.07,0.34,3.41
"mng",2010,4.06,0.45,4.51
"mng",2011,4.06,0.45,4.51
"mng",2012,4.06,0.45,4.51
"mng",2013,4.06,0.45,4.51
"mng",2014,4.06,0.45,4.51
"mng",2015,4.06,0.45,4.51
"mng",2016,4.06,0.45,4.51
"mng",2017,4.06,0.45,4.51
"mng",2018,4.06,0.45,4.51
"mys",1957,17,8.5,25.5
"mys",1958,17,8.5,25.5
"mys",1959,17,8.5,25.5
"mys",1960,17,8.5,25.5
"mys",1961,17,8.5,25.5
"mys",1962,17,8.5,25.5
"mys",1963,16.67,8.5,25.17
"mys",1964,16.67,8,24.67
"mys",1965,14.05,8,22.05
"mys",1966,14.05,8,22.05
"mys",1967,14.05,8,22.05
"mys",1968,14.05,8,22.05
"mys",1969,14.05,3,17.05
"mys",1970,14.05,3,17.05
"mys",1971,14.05,3,17.05
"mys",1972,14.05,8,22.05
"mys",1973,14.05,8,22.05
"mys",1974,13.34,7.53,20.87
"mys",1975,13.34,7.53,20.87
"mys",1976,14.07,7.53,21.6
"mys",1977,14.07,7.53,21.6
"mys",1978,14.07,7.53,21.6
"mys",1979,14.07,7.53,21.6
"mys",1980,14.07,7.53,21.6
"mys",1981,14.07,7.53,21.6
"mys",1982,14.07,7.53,21.6
"mys",1983,14.07,7.53,21.6
"mys",1984,14.03,7.5,21.53
"mys",1985,14.03,7.5,21.53
"mys",1986,14.03,7.5,21.53
"mys",1987,14.03,7.5,21.53
"mys",1988,14.03,7.5,21.53
"mys",1989,14.03,7.5,21.53
"mys",1990,14.03,7.5,21.53
"mys",1991,14.03,7.5,21.53
"mys",1992,14.03,7.5,21.53
"mys",1993,14.03,7.5,21.53
"mys",1994,14.03,7.5,21.53
"mys",1995,14.03,7.5,21.53
"mys",1996,14.03,7.5,21.53
"mys",1997,14.03,7.5,21.53
"mys",1998,14.03,7.5,21.53
"mys",1999,14.03,7.5,21.53
"mys",2000,14.03,7.5,21.53
"mys",2001,14,7.48,21.48
"mys",2002,14,7.48,21.48
"mys",2003,14,7.48,21.48
"mys",2004,14,7.48,21.48
"mys",2005,14,7.48,21.48
"mys",2006,14,7.48,21.48
"mys",2007,14,7.48,21.48
"mys",2008,14,7.48,21.48
"mys",2009,14,7.48,21.48
"mys",2010,14,7.48,21.48
"mys",2011,14,7.48,21.48
"mys",2012,14,7.48,21.48
"mys",2013,14,7.48,21.48
"mys",2014,14,7.48,21.48
"mys",2015,14,7.48,21.48
"mys",2016,14,7.48,21.48
"mys",2017,14,7.48,21.48
"mys",2018,14,7.48,21.48
"nic",1950,1,0,1
"nic",1951,1,0,1
"nic",1952,1,0,1
"nic",1953,1,0,1
"nic",1954,1,0,1
"nic",1955,1,0,1
"nic",1956,1,0,1
"nic",1957,1,0,1
"nic",1958,1,0,1
"nic",1959,1,0,1
"nic",1960,1,0,1
"nic",1961,1,0,1
"nic",1962,1,0,1
"nic",1963,1,0,1
"nic",1964,1,0,1
"nic",1965,1,0,1
"nic",1966,1,0,1
"nic",1967,1,0,1
"nic",1968,1,0,1
"nic",1969,1,0,1
"nic",1970,1,0,1
"nic",1971,1,0,1
"nic",1972,1,0,1
"nic",1973,1,0,1
"nic",1974,1,0,1
"nic",1975,1,0,1
"nic",1976,1,0,1
"nic",1977,1,0,1
"nic",1978,1,0,1
"nic",1979,1,0,1
"nic",1980,1,0,1
"nic",1981,1,0,1
"nic",1982,1,0,1
"nic",1983,1,0,1
"nic",1984,1,0,1
"nic",1985,1,0,1
"nic",1986,1,0,1
"nic",1987,1.54,0.48,2.03
"nic",1988,1.91,0.48,2.39
"nic",1989,1.91,0.48,2.39
"nic",1990,3.12,0.48,3.6
"nic",1991,3.12,0.48,3.6
"nic",1992,3.12,0.48,3.6
"nic",1993,3.12,0.48,3.6
"nic",1994,3.12,0.48,3.6
"nic",1995,3.12,0.48,3.6
"nic",1996,3.12,0.48,3.6
"nic",1997,3.3,0.48,3.79
"nic",1998,3.3,0.48,3.79
"nic",1999,3.3,0.48,3.79
"nic",2000,3.3,0.48,3.79
"nic",2001,3.3,0.48,3.79
"nic",2002,3.3,0.48,3.79
"nic",2003,3.67,0.84,4.51
"nic",2004,3.67,0.84,4.51
"nic",2005,3.67,0.84,4.51
"nic",2006,3.67,0.84,4.51
"nic",2007,3.67,0.84,4.51
"nic",2008,3.67,0.84,4.51
"nic",2009,3.67,0.84,4.51
"nic",2010,3.67,0.84,4.51
"nic",2011,3.67,0.84,4.51
"nic",2012,3.67,0.84,4.51
"nic",2013,3.67,0.84,4.51
"nic",2014,3.67,0.84,4.51
"nic",2015,3.67,0.84,4.51
"nic",2016,3.67,0.84,4.51
"nic",2017,3.67,0.84,4.51
"nic",2018,3.67,0.84,4.51
"nld",1950,8,7.5,15.5
"nld",1951,8,7.5,15.5
"nld",1952,8,7.5,15.5
"nld",1953,8,7.5,15.5
"nld",1954,8,7.5,15.5
"nld",1955,8,7.5,15.5
"nld",1956,8,7.5,15.5
"nld",1957,8,7.5,15.5
"nld",1958,8,7.5,15.5
"nld",1959,8,7.5,15.5
"nld",1960,8,7.5,15.5
"nld",1961,8,7.5,15.5
"nld",1962,8,7.5,15.5
"nld",1963,8,7.5,15.5
"nld",1964,8,7.5,15.5
"nld",1965,8.44,7.5,15.94
"nld",1966,8.44,7.5,15.94
"nld",1967,8.44,7.5,15.94
"nld",1968,8.44,7.5,15.94
"nld",1969,8.44,7.5,15.94
"nld",1970,8.44,7.5,15.94
"nld",1971,8.44,7.5,15.94
"nld",1972,8.44,7.5,15.94
"nld",1973,8.44,7.5,15.94
"nld",1974,8.44,7.5,15.94
"nld",1975,8.44,7.5,15.94
"nld",1976,8.44,7.5,15.94
"nld",1977,8.44,7.5,15.94
"nld",1978,8.44,7.5,15.94
"nld",1979,8.44,7.5,15.94
"nld",1980,9.44,7.5,16.94
"nld",1981,9.44,7.5,16.94
"nld",1982,9.44,7.5,16.94
"nld",1983,9.44,7.5,16.94
"nld",1984,9.44,7.5,16.94
"nld",1985,9.44,7.5,16.94
"nld",1986,9,7.5,16.5
"nld",1987,9,7.5,16.5
"nld",1988,9,7.5,16.5
"nld",1989,9,7.5,16.5
"nld",1990,9,7.5,16.5
"nld",1991,9,7.5,16.5
"nld",1992,9,7.5,16.5
"nld",1993,9,7.5,16.5
"nld",1994,10,7.5,17.5
"nld",1995,10,7.5,17.5
"nld",1996,10,7.5,17.5
"nld",1997,10,7.5,17.5
"nld",1998,10,7.5,17.5
"nld",1999,10,7.5,17.5
"nld",2000,10,7.5,17.5
"nld",2001,10,7.5,17.5
"nld",2002,10,7.5,17.5
"nld",2003,10,7.5,17.5
"nld",2004,10,7.5,17.5
"nld",2005,10,7.5,17.5
"nld",2006,12.43,7.5,19.93
"nld",2007,12.43,7.5,19.93
"nld",2008,12.43,7.5,19.93
"nld",2009,12.43,7.5,19.93
"nld",2010,12.43,7.5,19.93
"nld",2011,12.43,7.5,19.93
"nld",2012,12.43,7.5,19.93
"nld",2013,12.43,7.5,19.93
"nld",2014,12.43,7.5,19.93
"nld",2015,10,7.5,17.5
"nld",2016,10,7.5,17.5
"nld",2017,10,7.5,17.5
"nld",2018,10,7.5,17.5
"nor",1950,6.15,0,6.15
"nor",1951,6.15,0,6.15
"nor",1952,6.15,0,6.15
"nor",1953,6.15,0,6.15
"nor",1954,6.15,0,6.15
"nor",1955,6.15,0,6.15
"nor",1956,6.15,0,6.15
"nor",1957,6.15,0,6.15
"nor",1958,6.15,0,6.15
"nor",1959,6.15,0,6.15
"nor",1960,6.15,0,6.15
"nor",1961,6.15,0,6.15
"nor",1962,6.15,0,6.15
"nor",1963,6.15,0,6.15
"nor",1964,6.15,0,6.15
"nor",1965,6.15,0,6.15
"nor",1966,6.15,0,6.15
"nor",1967,6.15,0,6.15
"nor",1968,6.15,0,6.15
"nor",1969,6.15,0,6.15
"nor",1970,6.15,0,6.15
"nor",1971,6.15,0,6.15
"nor",1972,5.79,0,5.79
"nor",1973,5.79,0,5.79
"nor",1974,5.79,0,5.79
"nor",1975,11.11,0,11.11
"nor",1976,11.11,0,11.11
"nor",1977,11.11,0,11.11
"nor",1978,11.11,0,11.11
"nor",1979,11.11,0,11.11
"nor",1980,11.11,0,11.11
"nor",1981,11.11,0,11.11
"nor",1982,11.11,0,11.11
"nor",1983,11.11,0,11.11
"nor",1984,11.11,0,11.11
"nor",1985,11.11,0,11.11
"nor",1986,11.11,0,11.11
"nor",1987,11.11,0,11.11
"nor",1988,11.11,0,11.11
"nor",1989,11.11,0,11.11
"nor",1990,11.11,0,11.11
"nor",1991,11.11,0,11.11
"nor",1992,11.11,0,11.11
"nor",1993,11.11,0,11.11
"nor",1994,11.11,0,11.11
"nor",1995,11.11,0,11.11
"nor",1996,11.11,0,11.11
"nor",1997,11.11,0,11.11
"nor",1998,11.11,0,11.11
"nor",1999,11.11,0,11.11
"nor",2000,11.11,0,11.11
"nor",2001,12.11,0,12.11
"nor",2002,12.11,0,12.11
"nor",2003,12.11,0,12.11
"nor",2004,12.11,0,12.11
"nor",2005,12.11,0,12.11
"nor",2006,12.11,0,12.11
"nor",2007,12.11,0,12.11
"nor",2008,12.11,0,12.11
"nor",2009,12.11,0,12.11
"nor",2010,12.11,0,12.11
"nor",2011,12.11,0,12.11
"nor",2012,12.11,0,12.11
"nor",2013,12.11,0,12.11
"nor",2014,12.11,0,12.11
"nor",2015,12.11,0,12.11
"nor",2016,12.11,0,12.11
"nor",2017,12.11,0,12.11
"nor",2018,12.11,0,12.11
"npl",1950,3,0,3
"npl",1951,3,0,3
"npl",1952,3,0,3
"npl",1953,3,0,3
"npl",1954,3,0,3
"npl",1955,3,0,3
"npl",1956,3,0,3
"npl",1957,3,0,3
"npl",1958,3,0,3
"npl",1959,3,0,3
"npl",1960,3,0,3
"npl",1961,3,0,3
"npl",1962,7,1.5,8.5
"npl",1963,7,1.5,8.5
"npl",1964,7,1.5,8.5
"npl",1965,7,1.5,8.5
"npl",1966,7,1.5,8.5
"npl",1967,7,1.5,8.5
"npl",1968,7,1.5,8.5
"npl",1969,7,1.5,8.5
"npl",1970,7,1.5,8.5
"npl",1971,8,1.5,9.5
"npl",1972,8,1.5,9.5
"npl",1973,8,1.5,9.5
"npl",1974,8,1.5,9.5
"npl",1975,8,1.5,9.5
"npl",1976,8,1.5,9.5
"npl",1977,8,1.5,9.5
"npl",1978,8,1.5,9.5
"npl",1979,8,1.5,9.5
"npl",1980,8,1.5,9.5
"npl",1981,8,0,8
"npl",1982,8,0,8
"npl",1983,8,0,8
"npl",1984,8,0,8
"npl",1985,8,0,8
"npl",1986,8,0,8
"npl",1987,8,0,8
"npl",1988,8,0,8
"npl",1989,8,0,8
"npl",1990,8,0,8
"npl",1991,8,0,8
"npl",1992,10,0,10
"npl",1993,10,0,10
"npl",1994,10,0,10
"npl",1995,10,0,10
"npl",1996,10,0,10
"npl",1997,10,0,10
"npl",1998,10,0,10
"npl",1999,11,0,11
"npl",2000,11,0,11
"npl",2001,11,0,11
"npl",2002,11,0,11
"npl",2003,3,0,3
"npl",2004,3,0,3
"npl",2005,3,0,3
"npl",2006,3,0,3
"npl",2007,3,0,3
"npl",2008,3,0,3
"npl",2009,3,0,3
"npl",2010,3,0,3
"npl",2011,3,0,3
"npl",2012,3,0,3
"npl",2013,3,0,3
"npl",2014,3,0,3
"npl",2015,2,0,2
"npl",2016,2,0,2
"npl",2017,2,0,2
"npl",2018,14,5.5,19.5
"nzl",1950,0,0,0
"nzl",1951,0,0,0
"nzl",1952,0,0,0
"nzl",1953,0,0,0
"nzl",1954,0,0,0
"nzl",1955,0,0,0
"nzl",1956,0,0,0
"nzl",1957,0,0,0
"nzl",1958,0,0,0
"nzl",1959,0,0,0
"nzl",1960,0,0,0
"nzl",1961,0,0,0
"nzl",1962,0,0,0
"nzl",1963,3.34,0,3.34
"nzl",1964,3.34,0,3.34
"nzl",1965,3.34,0,3.34
"nzl",1966,3.34,0,3.34
"nzl",1967,3.34,0,3.34
"nzl",1968,3.34,0,3.34
"nzl",1969,3.34,0,3.34
"nzl",1970,3.34,0,3.34
"nzl",1971,3.34,0,3.34
"nzl",1972,3.34,0,3.34
"nzl",1973,3.34,0,3.34
"nzl",1974,9.44,0,9.44
"nzl",1975,9.44,0,9.44
"nzl",1976,9.44,0,9.44
"nzl",1977,9.44,0,9.44
"nzl",1978,9.44,0,9.44
"nzl",1979,9.44,0,9.44
"nzl",1980,9.44,0,9.44
"nzl",1981,9.44,0,9.44
"nzl",1982,9.44,0,9.44
"nzl",1983,9.44,0,9.44
"nzl",1984,9.44,0,9.44
"nzl",1985,9.44,0,9.44
"nzl",1986,9.44,0,9.44
"nzl",1987,9.44,0,9.44
"nzl",1988,9.44,0,9.44
"nzl",1989,10,0,10
"nzl",1990,10,0,10
"nzl",1991,10,0,10
"nzl",1992,10,0,10
"nzl",1993,10,0,10
"nzl",1994,10,0,10
"nzl",1995,10,0,10
"nzl",1996,10,0,10
"nzl",1997,10,0,10
"nzl",1998,11,0,11
"nzl",1999,11,0,11
"nzl",2000,11,0,11
"nzl",2001,11,0,11
"nzl",2002,11,0,11
"nzl",2003,11,0,11
"nzl",2004,11,0,11
"nzl",2005,11,0,11
"nzl",2006,11,0,11
"nzl",2007,11,0,11
"nzl",2008,11,0,11
"nzl",2009,11,0,11
"nzl",2010,11,0,11
"nzl",2011,11,0,11
"nzl",2012,11,0,11
"nzl",2013,11,0,11
"nzl",2014,11,0,11
"nzl",2015,11,0,11
"nzl",2016,11,0,11
"nzl",2017,11,0,11
"nzl",2018,11,0,11
"pak",1950,10.3,0,10.3
"pak",1951,10.3,0,10.3
"pak",1952,10.3,0,10.3
"pak",1953,10.3,0,10.3
"pak",1954,10.3,0,10.3
"pak",1955,10.3,0,10.3
"pak",1956,13.1,3.74,16.83
"pak",1957,13.1,3.74,16.83
"pak",1958,13.1,3.74,16.83
"pak",1959,3.76,0,3.76
"pak",1960,6.75,0,6.75
"pak",1961,6.77,0,6.77
"pak",1962,13.54,0,13.54
"pak",1963,13.54,0,13.54
"pak",1964,13.54,0,13.54
"pak",1965,13.54,0,13.54
"pak",1966,13.54,0,13.54
"pak",1967,13.54,0,13.54
"pak",1968,13.52,0,13.52
"pak",1969,13.52,0,13.52
"pak",1970,3.99,0.02,4.01
"pak",1971,3.99,0.02,4.01
"pak",1972,5.84,0.04,5.88
"pak",1973,5.84,0.04,5.88
"pak",1974,12.43,5.21,17.63
"pak",1975,12.39,5.23,17.61
"pak",1976,12.39,5.23,17.61
"pak",1977,12.39,5.23,17.61
"pak",1978,3.8,0,3.8
"pak",1979,10.91,0,10.91
"pak",1980,10.56,0,10.56
"pak",1981,10.56,0,10.56
"pak",1982,10.56,0,10.56
"pak",1983,10.56,0,10.56
"pak",1984,10.56,0,10.56
"pak",1985,12.57,0.06,12.63
"pak",1986,19.15,5.23,24.38
"pak",1987,19.15,5.23,24.38
"pak",1988,19.15,5.23,24.38
"pak",1989,12.32,5.23,17.54
"pak",1990,12.35,5.23,17.58
"pak",1991,12.35,5.23,17.58
"pak",1992,12.35,5.23,17.58
"pak",1993,12.35,5.23,17.58
"pak",1994,12.36,5.23,17.59
"pak",1995,12.36,5.23,17.59
"pak",1996,12.36,5.23,17.59
"pak",1997,12.36,5.23,17.59
"pak",1998,12.36,5.23,17.59
"pak",1999,12.36,5.23,17.59
"pak",2000,2.94,0.06,3
"pak",2001,14.57,0.06,14.63
"pak",2002,14.57,0.06,14.63
"pak",2003,23.03,5.23,28.26
"pak",2004,23.03,5.23,28.26
"pak",2005,23.03,5.23,28.26
"pak",2006,23.03,5.23,28.26
"pak",2007,23.03,5.23,28.26
"pak",2008,23.03,5.23,28.26
"pak",2009,12.46,5.23,17.69
"pak",2010,17.15,6.17,23.32
"pak",2011,18.28,6.17,24.45
"pak",2012,17.39,6.17,23.56
"pak",2013,19.67,6.17,25.83
"pak",2014,19.67,6.17,25.83
"pak",2015,20.84,6.17,27.01
"pak",2016,22.5,6.17,28.67
"pak",2017,22.5,6.17,28.67
"pak",2018,22.5,6.17,28.67
"pan",1950,1.05,0.04,1.09
"pan",1951,1.05,0.04,1.09
"pan",1952,1.05,0.04,1.09
"pan",1953,1.05,0.04,1.09
"pan",1954,1.05,0.04,1.09
"pan",1955,1.05,0.04,1.09
"pan",1956,1.05,0.04,1.09
"pan",1957,1.05,0.04,1.09
"pan",1958,1.05,0.04,1.09
"pan",1959,1.05,0.04,1.09
"pan",1960,1.05,0.04,1.09
"pan",1961,1.05,0.04,1.09
"pan",1962,1.05,0.04,1.09
"pan",1963,1.05,0.04,1.09
"pan",1964,1.05,0.04,1.09
"pan",1965,1.05,0.04,1.09
"pan",1966,1.05,0.04,1.09
"pan",1967,1.05,0.04,1.09
"pan",1968,1.05,0.04,1.09
"pan",1969,1.05,0.04,1.09
"pan",1970,1.05,0.04,1.09
"pan",1971,1.05,0.04,1.09
"pan",1972,2.04,0.04,2.08
"pan",1973,2.04,0.04,2.08
"pan",1974,2.04,0.04,2.08
"pan",1975,2.04,0.04,2.08
"pan",1976,2.04,0.04,2.08
"pan",1977,2.04,0.04,2.08
"pan",1978,2.04,0.04,2.08
"pan",1979,2.04,0.04,2.08
"pan",1980,2.04,0.04,2.08
"pan",1981,2.04,0.04,2.08
"pan",1982,2.04,0.04,2.08
"pan",1983,5.01,0.05,5.06
"pan",1984,5.01,0.05,5.06
"pan",1985,5.01,0.05,5.06
"pan",1986,5.01,0.05,5.06
"pan",1987,5.01,0.05,5.06
"pan",1988,5.01,0.05,5.06
"pan",1989,5.01,0.05,5.06
"pan",1990,5.01,0.05,5.06
"pan",1991,5.01,0.05,5.06
"pan",1992,5.01,0.05,5.06
"pan",1993,5.01,0.05,5.06
"pan",1994,5.01,0.05,5.06
"pan",1995,5.01,0.05,5.06
"pan",1996,5.01,0.06,5.07
"pan",1997,5.06,0.24,5.3
"pan",1998,5.06,0.24,5.3
"pan",1999,5.06,0.24,5.3
"pan",2000,5.06,0.36,5.42
"pan",2001,5.06,0.36,5.42
"pan",2002,5.06,0.36,5.42
"pan",2003,5.06,0.3,5.36
"pan",2004,5.06,0.3,5.36
"pan",2005,5.06,0.3,5.36
"pan",2006,5.06,0.3,5.36
"pan",2007,5.06,0.3,5.36
"pan",2008,5.06,0.3,5.36
"pan",2009,5.06,0.3,5.36
"pan",2010,5.06,0.3,5.36
"pan",2011,5.06,0.3,5.36
"pan",2012,5.06,0.3,5.36
"pan",2013,5.06,0.3,5.36
"pan",2014,5.06,0.3,5.36
"pan",2015,5.06,0.3,5.36
"pan",2016,5.06,0.3,5.36
"pan",2017,5.06,0.3,5.36
"pan",2018,5.06,0.3,5.36
"per",1950,10,0,10
"per",1951,10,0,10
"per",1952,10,0,10
"per",1953,10,0,10
"per",1954,10,0,10
"per",1955,10,0,10
"per",1956,10,0,10
"per",1957,10,0,10
"per",1958,10,0,10
"per",1959,10,0,10
"per",1960,10,0,10
"per",1961,10,0,10
"per",1962,10,0,10
"per",1963,11,0,11
"per",1964,11,0,11
"per",1965,11,0,11
"per",1966,11,0,11
"per",1967,11,0,11
"per",1968,6,0,6
"per",1969,6,0,6
"per",1970,6,0,6
"per",1971,6,0,6
"per",1972,6,0,6
"per",1973,6,0,6
"per",1974,6,0,6
"per",1975,6,0,6
"per",1976,4,0,4
"per",1977,4,0,4
"per",1978,4,0,4
"per",1979,4,0,4
"per",1980,9,0,9
"per",1981,9,0,9
"per",1982,9,0,9
"per",1983,9,0,9
"per",1984,9,0,9
"per",1985,9,0,9
"per",1986,9,0,9
"per",1987,9,0,9
"per",1988,9,0,9
"per",1989,14,0,14
"per",1990,16,0,16
"per",1991,16,0,16
"per",1992,16,0,16
"per",1993,11,0,11
"per",1994,11,0,11
"per",1995,11,0,11
"per",1996,11,0,11
"per",1997,11,0,11
"per",1998,11,0,11
"per",1999,11,0,11
"per",2000,11,0,11
"per",2001,11,0,11
"per",2002,11,0,11
"per",2003,18.06,0,18.06
"per",2004,18.06,0,18.06
"per",2005,18.06,0,18.06
"per",2006,18.06,0,18.06
"per",2007,18.06,0,18.06
"per",2008,18.06,0,18.06
"per",2009,18.06,0,18.06
"per",2010,18.06,0,18.06
"per",2011,18.06,0,18.06
"per",2012,18.06,0,18.06
"per",2013,20.06,0,20.06
"per",2014,20.06,0,20.06
"per",2015,20.06,0,20.06
"per",2016,20.06,1.03,21.09
"per",2017,20.06,2,22.06
"per",2018,20.06,2,22.06
"phl",1950,7,0,7
"phl",1951,7,0,7
"phl",1952,7,0,7
"phl",1953,7,0,7
"phl",1954,7,0,7
"phl",1955,7,0,7
"phl",1956,7,0,7
"phl",1957,7,0,7
"phl",1958,7,0,7
"phl",1959,7,0,7
"phl",1960,8,0,8
"phl",1961,8,0,8
"phl",1962,8,0,8
"phl",1963,8,0,8
"phl",1964,8,0,8
"phl",1965,8,0,8
"phl",1966,8,0,8
"phl",1967,8,0,8
"phl",1968,8,0,8
"phl",1969,8,0,8
"phl",1970,8,0,8
"phl",1971,8,0,8
"phl",1972,8,0,8
"phl",1973,8,0,8
"phl",1974,6,0,6
"phl",1975,6,0,6
"phl",1976,6,0,6
"phl",1977,6,0,6
"phl",1978,6,0,6
"phl",1979,4.14,0,4.14
"phl",1980,4.14,0,4.14
"phl",1981,4.14,0,4.14
"phl",1982,4.14,0,4.14
"phl",1983,5.14,0,5.14
"phl",1984,5.14,0,5.14
"phl",1985,5.14,0,5.14
"phl",1986,3.14,0,3.14
"phl",1987,3.14,0,3.14
"phl",1988,8.14,0,8.14
"phl",1989,8.14,0,8.14
"phl",1990,8.32,0.11,8.42
"phl",1991,10.39,0.11,10.49
"phl",1992,11.39,0.11,11.49
"phl",1993,11.39,0.11,11.49
"phl",1994,11.39,0.11,11.49
"phl",1995,11.39,0.11,11.49
"phl",1996,11.39,0.11,11.49
"phl",1997,11.39,0.11,11.49
"phl",1998,11.39,0.11,11.49
"phl",1999,11.39,0.11,11.49
"phl",2000,11.39,0.11,11.49
"phl",2001,11.39,0.11,11.49
"phl",2002,11.39,0.11,11.49
"phl",2003,11.39,0.11,11.49
"phl",2004,11.39,0.11,11.49
"phl",2005,11.39,0.11,11.49
"phl",2006,11.39,0.11,11.49
"phl",2007,11.39,0.11,11.49
"phl",2008,11.39,0.11,11.49
"phl",2009,11.39,0.11,11.49
"phl",2010,11.39,0.11,11.49
"phl",2011,11.39,0.11,11.49
"phl",2012,11.39,0.11,11.49
"phl",2013,11.39,0.11,11.49
"phl",2014,11.39,0.11,11.49
"phl",2015,11.39,0.11,11.49
"phl",2016,11.39,0.11,11.49
"phl",2017,11.18,0,11.18
"phl",2018,11.18,0,11.18
"png",1975,0,0,0
"png",1976,0,0,0
"png",1977,9,0,9
"png",1978,9,0,9
"png",1979,9,0,9
"png",1980,9,0,9
"png",1981,9,0,9
"png",1982,9,0,9
"png",1983,9,0,9
"png",1984,9,0,9
"png",1985,9,0,9
"png",1986,9,0,9
"png",1987,9,0,9
"png",1988,9,0,9
"png",1989,9,0,9
"png",1990,9.15,0,9.15
"png",1991,9.15,0,9.15
"png",1992,9.15,0,9.15
"png",1993,9.15,0,9.15
"png",1994,9.15,0,9.15
"png",1995,8.2,0,8.2
"png",1996,8.2,0,8.2
"png",1997,8.2,0,8.2
"png",1998,8.2,0,8.2
"png",1999,8.2,0,8.2
"png",2000,8.2,0,8.2
"png",2001,8.2,0,8.2
"png",2002,8.2,0,8.2
"png",2003,8.2,0,8.2
"png",2004,8.2,0,8.2
"png",2005,8.44,0.24,8.68
"png",2006,8.44,0.24,8.68
"png",2007,8.44,0.24,8.68
"png",2008,8.44,0.24,8.68
"png",2009,8.44,0.24,8.68
"png",2010,8.44,0.24,8.68
"png",2011,8.44,0.24,8.68
"png",2012,8.44,0.24,8.68
"png",2013,8.44,0.24,8.68
"png",2014,8.44,0.24,8.68
"png",2015,8.44,0.24,8.68
"png",2016,8.44,0.24,8.68
"png",2017,8.44,0.24,8.68
"png",2018,8.44,0.24,8.68
"pol",1990,3,0,3
"pol",1991,3,0,3
"pol",1992,3,0,3
"pol",1993,3,0,3
"pol",1994,3.31,0,3.31
"pol",1995,3.31,0,3.31
"pol",1996,3.31,0,3.31
"pol",1997,3.31,0,3.31
"pol",1998,3.31,0,3.31
"pol",1999,11.19,0,11.19
"pol",2000,11.19,0,11.19
"pol",2001,11.19,0,11.19
"pol",2002,11.32,0,11.32
"pol",2003,11.32,0,11.32
"pol",2004,11.32,0,11.32
"pol",2005,11.32,0,11.32
"pol",2006,11.32,0,11.32
"pol",2007,11.32,0,11.32
"pol",2008,11.32,0,11.32
"pol",2009,11.32,0,11.32
"pol",2010,11.32,0,11.32
"pol",2011,11.32,0,11.32
"pol",2012,11.32,0,11.32
"pol",2013,11.32,0,11.32
"pol",2014,11.32,0,11.32
"pol",2015,11.32,0,11.32
"pol",2016,11.32,0,11.32
"pol",2017,11.32,0,11.32
"pol",2018,11.32,0,11.32
"prt",1950,2,0,2
"prt",1951,2,0,2
"prt",1952,2,0,2
"prt",1953,2,0,2
"prt",1954,2,0,2
"prt",1955,2,0,2
"prt",1956,2,0,2
"prt",1957,2,0,2
"prt",1958,2,0,2
"prt",1959,2,0,2
"prt",1960,2,0,2
"prt",1961,2,0,2
"prt",1962,2,0,2
"prt",1963,2,0,2
"prt",1964,2,0,2
"prt",1965,2,0,2
"prt",1966,2,0,2
"prt",1967,2,0,2
"prt",1968,2,0,2
"prt",1969,2,0,2
"prt",1970,2,0,2
"prt",1971,2,0,2
"prt",1972,2,0,2
"prt",1973,2,0,2
"prt",1974,2,0,2
"prt",1975,2,0,2
"prt",1976,2.46,0.17,2.63
"prt",1977,2.46,0.17,2.63
"prt",1978,2.46,0.17,2.63
"prt",1979,3.41,0.17,3.58
"prt",1980,3.44,0.17,3.61
"prt",1981,3.44,0.17,3.61
"prt",1982,3.44,0.17,3.61
"prt",1983,3.44,0.17,3.61
"prt",1984,3.44,0.17,3.61
"prt",1985,3.44,0.17,3.61
"prt",1986,3.44,0.17,3.61
"prt",1987,3.44,0.17,3.61
"prt",1988,3.44,0.17,3.61
"prt",1989,3.44,0.17,3.61
"prt",1990,3.44,0.17,3.61
"prt",1991,5.76,0.17,5.93
"prt",1992,5.76,0.17,5.93
"prt",1993,5.76,0.17,5.93
"prt",1994,5.76,0.17,5.93
"prt",1995,5.76,0.17,5.93
"prt",1996,5.76,0.17,5.93
"prt",1997,5.76,0.17,5.93
"prt",1998,5.86,0.27,6.13
"prt",1999,5.86,0.27,6.13
"prt",2000,5.86,0.27,6.13
"prt",2001,5.86,0.27,6.13
"prt",2002,5.86,0.27,6.13
"prt",2003,5.86,0.27,6.13
"prt",2004,9.82,0.27,10.09
"prt",2005,9.82,0.27,10.09
"prt",2006,9.82,0.27,10.09
"prt",2007,9.82,0.27,10.09
"prt",2008,10.26,0.27,10.52
"prt",2009,11.19,0.27,11.46
"prt",2010,11.19,0.27,11.46
"prt",2011,11.19,0.27,11.46
"prt",2012,9.29,0.27,9.56
"prt",2013,9.29,0.27,9.56
"prt",2014,9.29,0.27,9.56
"prt",2015,9.29,0.27,9.56
"prt",2016,9.24,0.27,9.51
"prt",2017,9.24,0.27,9.51
"prt",2018,9.24,0.27,9.51
"pry",1950,1,0,1
"pry",1951,1,0,1
"pry",1952,1,0,1
"pry",1953,1,0,1
"pry",1954,1,0,1
"pry",1955,1,0,1
"pry",1956,1,0,1
"pry",1957,1,0,1
"pry",1958,1,0,1
"pry",1959,1,0,1
"pry",1960,1,0,1
"pry",1961,1,0,1
"pry",1962,1,0,1
"pry",1963,1,0,1
"pry",1964,1,0,1
"pry",1965,1,0,1
"pry",1966,1,0,1
"pry",1967,1,0,1
"pry",1968,1,0,1
"pry",1969,1,0,1
"pry",1970,1,0,1
"pry",1971,1,0,1
"pry",1972,1,0,1
"pry",1973,1,0,1
"pry",1974,1,0,1
"pry",1975,1,0,1
"pry",1976,1,0,1
"pry",1977,1,0,1
"pry",1978,1,0,1
"pry",1979,1,0,1
"pry",1980,1,0,1
"pry",1981,1,0,1
"pry",1982,1,0,1
"pry",1983,1,0,1
"pry",1984,1,0,1
"pry",1985,1,0,1
"pry",1986,1,0,1
"pry",1987,1,0,1
"pry",1988,1,0,1
"pry",1989,1,0,1
"pry",1990,1,0,1
"pry",1991,1.33,0,1.33
"pry",1992,4.49,0,4.49
"pry",1993,8.16,0,8.16
"pry",1994,8.16,0,8.16
"pry",1995,8.16,0,8.16
"pry",1996,8.16,0,8.16
"pry",1997,8.16,0,8.16
"pry",1998,8.16,0,8.16
"pry",1999,8.16,0,8.16
"pry",2000,8.16,0,8.16
"pry",2001,8.16,0,8.16
"pry",2002,8.16,0,8.16
"pry",2003,8.16,0,8.16
"pry",2004,8.16,0,8.16
"pry",2005,8.16,0,8.16
"pry",2006,8.16,0,8.16
"pry",2007,8.16,0,8.16
"pry",2008,8.16,0,8.16
"pry",2009,8.16,0,8.16
"pry",2010,8.16,0,8.16
"pry",2011,8.16,0,8.16
"pry",2012,8.16,0,8.16
"pry",2013,8.16,0,8.16
"pry",2014,8.16,0,8.16
"pry",2015,8.16,0,8.16
"pry",2016,8.16,0,8.16
"pry",2017,8.16,0,8.16
"pry",2018,8.16,0,8.16
"rou",1991,5.19,0,5.19
"rou",1992,5.19,0,5.19
"rou",1993,5.19,0,5.19
"rou",1994,6.19,0,6.19
"rou",1995,6.19,0,6.19
"rou",1996,7.09,0,7.09
"rou",1997,7.09,0,7.09
"rou",1998,9.09,0,9.09
"rou",1999,10.09,0,10.09
"rou",2000,10.09,0,10.09
"rou",2001,10.09,0,10.09
"rou",2002,10.09,0,10.09
"rou",2003,10.09,0,10.09
"rou",2004,10.09,0,10.09
"rou",2005,10.09,0,10.09
"rou",2006,10.09,0,10.09
"rou",2007,10.09,0,10.09
"rou",2008,10.09,0,10.09
"rou",2009,10.09,0,10.09
"rou",2010,10.09,0,10.09
"rou",2011,10.09,0,10.09
"rou",2012,10.09,0,10.09
"rou",2013,10.09,0,10.09
"rou",2014,10.09,0,10.09
"rou",2015,10.09,0,10.09
"rou",2016,10.09,0,10.09
"rou",2017,10.09,0,10.09
"rou",2018,10.09,0,10.09
"rus",1993,13.8,4,17.8
"rus",1994,13.83,4.03,17.86
"rus",1995,13.89,4.07,17.97
"rus",1996,13.6,7,20.6
"rus",1997,14.39,7,21.39
"rus",1998,14.74,7,21.74
"rus",1999,14.74,7,21.74
"rus",2000,15.33,8,23.33
"rus",2001,15.33,8,23.33
"rus",2002,15.33,8,23.33
"rus",2003,14.5,8,22.5
"rus",2004,14.43,8,22.43
"rus",2005,13.91,8,21.91
"rus",2006,13.11,8,21.11
"rus",2007,12.45,8,20.45
"rus",2008,12.25,8,20.25
"rus",2009,12.15,8,20.15
"rus",2010,12.08,8,20.08
"rus",2011,12.08,8,20.08
"rus",2012,12.08,8,20.08
"rus",2013,12.16,8,20.16
"rus",2014,12.47,8,20.47
"rus",2015,13.21,8,21.21
"rus",2016,13.63,8,21.63
"rus",2017,13.71,8,21.71
"rus",2018,13.86,8,21.86
"scg",1992,23.31,8,31.31
"scg",1993,23.31,8,31.31
"scg",1994,23.31,8,31.31
"scg",1995,23.31,8,31.31
"scg",1996,23.31,8,31.31
"scg",1997,23.31,8,31.31
"scg",1998,23.31,8,31.31
"scg",1999,21.41,8,29.41
"scg",2000,21.82,8,29.82
"scg",2001,21.82,8,29.82
"scg",2002,22.06,8,30.06
"scg",2003,22.06,9,31.06
"scg",2004,22.06,9,31.06
"scg",2005,22.06,9,31.06
"scg",2006,22.06,9,31.06
"sgp",1965,0,0,0
"sgp",1966,0,0,0
"sgp",1967,0,0,0
"sgp",1968,0,0,0
"sgp",1969,0,0,0
"sgp",1970,0,0,0
"sgp",1971,0,0,0
"sgp",1972,0,0,0
"sgp",1973,0,0,0
"sgp",1974,0,0,0
"sgp",1975,0,0,0
"sgp",1976,0,0,0
"sgp",1977,0,0,0
"sgp",1978,0,0,0
"sgp",1979,0,0,0
"sgp",1980,0,0,0
"sgp",1981,0,0,0
"sgp",1982,0,0,0
"sgp",1983,0,0,0
"sgp",1984,0,0,0
"sgp",1985,0,0,0
"sgp",1986,0,0,0
"sgp",1987,0,0,0
"sgp",1988,0,0,0
"sgp",1989,0,0,0
"sgp",1990,0,0,0
"sgp",1991,0,0,0
"sgp",1992,0,0,0
"sgp",1993,0,0,0
"sgp",1994,0,0,0
"sgp",1995,0,0,0
"sgp",1996,0,0,0
"sgp",1997,0,0,0
"sgp",1998,0,0,0
"sgp",1999,0,0,0
"sgp",2000,0,0,0
"sgp",2001,0,0,0
"sgp",2002,0,0,0
"sgp",2003,0,0,0
"sgp",2004,0,0,0
"sgp",2005,0,0,0
"sgp",2006,0,0,0
"sgp",2007,0,0,0
"sgp",2008,0,0,0
"sgp",2009,0,0,0
"sgp",2010,0,0,0
"sgp",2011,0,0,0
"sgp",2012,0,0,0
"sgp",2013,0,0,0
"sgp",2014,0,0,0
"sgp",2015,0,0,0
"sgp",2016,0,0,0
"sgp",2017,0,0,0
"sgp",2018,0,0,0
"slv",1950,1,0,1
"slv",1951,1,0,1
"slv",1952,1,0,1
"slv",1953,1,0,1
"slv",1954,1,0,1
"slv",1955,1,0,1
"slv",1956,1,0,1
"slv",1957,1,0,1
"slv",1958,1,0,1
"slv",1959,1,0,1
"slv",1960,1,0,1
"slv",1961,1,0,1
"slv",1962,1,0,1
"slv",1963,1,0,1
"slv",1964,1,0,1
"slv",1965,1,0,1
"slv",1966,1,0,1
"slv",1967,1,0,1
"slv",1968,1,0,1
"slv",1969,1,0,1
"slv",1970,1,0,1
"slv",1971,1,0,1
"slv",1972,1,0,1
"slv",1973,1,0,1
"slv",1974,1,0,1
"slv",1975,1,0,1
"slv",1976,1,0,1
"slv",1977,1,0,1
"slv",1978,1,0,1
"slv",1979,1,0,1
"slv",1980,0,0,0
"slv",1981,0,0,0
"slv",1982,0,0,0
"slv",1983,0,0,0
"slv",1984,0,0,0
"slv",1985,0,0,0
"slv",1986,0,0,0
"slv",1987,0,0,0
"slv",1988,0,0,0
"slv",1989,0,0,0
"slv",1990,0,0,0
"slv",1991,0,0,0
"slv",1992,0,0,0
"slv",1993,1,0,1
"slv",1994,2.09,0,2.09
"slv",1995,2.09,0,2.09
"slv",1996,2.09,0,2.09
"slv",1997,2.09,0,2.09
"slv",1998,2.09,0,2.09
"slv",1999,2.09,0,2.09
"slv",2000,2.09,0,2.09
"slv",2001,2.09,0,2.09
"slv",2002,2.09,0,2.09
"slv",2003,2.09,0,2.09
"slv",2004,2.09,0,2.09
"slv",2005,2.09,0,2.09
"slv",2006,2.09,0,2.09
"slv",2007,2.09,0,2.09
"slv",2008,2.09,0,2.09
"slv",2009,2.09,0,2.09
"slv",2010,2.09,0,2.09
"slv",2011,2.09,0,2.09
"slv",2012,2.09,0,2.09
"slv",2013,2.09,0,2.09
"slv",2014,2.09,0,2.09
"slv",2015,2.09,0,2.09
"slv",2016,2.09,0,2.09
"slv",2017,2.09,0,2.09
"slv",2018,2.09,0,2.09
"srb",2006,5.23,1.21,6.44
"srb",2007,5.23,1.21,6.44
"srb",2008,5.23,1.21,6.44
"srb",2009,6.23,1.21,7.44
"srb",2010,6.23,1.21,7.44
"srb",2011,6.23,1.21,7.44
"srb",2012,6.23,1.21,7.44
"srb",2013,6.23,1.21,7.44
"srb",2014,6.23,1.21,7.44
"srb",2015,6.23,1.21,7.44
"srb",2016,6.23,1.21,7.44
"srb",2017,6.23,1.21,7.44
"srb",2018,6.23,1.21,7.44
"sur",1975,0,0,0
"sur",1976,0,0,0
"sur",1977,0,0,0
"sur",1978,0,0,0
"sur",1979,0,0,0
"sur",1980,0,0,0
"sur",1981,0,0,0
"sur",1982,0,0,0
"sur",1983,0,0,0
"sur",1984,0,0,0
"sur",1985,0,0,0
"sur",1986,0,0,0
"sur",1987,0,0,0
"sur",1988,0,0,0
"sur",1989,0,0,0
"sur",1990,0,0,0
"sur",1991,0,0,0
"sur",1992,0,0,0
"sur",1993,0,0,0
"sur",1994,0,0,0
"sur",1995,0,0,0
"sur",1996,0,0,0
"sur",1997,0,0,0
"sur",1998,0,0,0
"sur",1999,0,0,0
"sur",2000,0,0,0
"sur",2001,0,0,0
"sur",2002,0,0,0
"sur",2003,0,0,0
"sur",2004,0,0,0
"sur",2005,0,0,0
"sur",2006,0,0,0
"sur",2007,0,0,0
"sur",2008,0,0,0
"sur",2009,0,0,0
"sur",2010,0,0,0
"sur",2011,0,0,0
"sur",2012,0,0,0
"sur",2013,0,0,0
"sur",2014,0,0,0
"sur",2015,0,0,0
"sur",2016,0,0,0
"sur",2017,0,0,0
"sur",2018,0,0,0
"svk",1993,0.84,0,0.84
"svk",1994,0.84,0,0.84
"svk",1995,0.84,0,0.84
"svk",1996,1.84,0,1.84
"svk",1997,1.84,0,1.84
"svk",1998,1.84,0,1.84
"svk",1999,1.84,0,1.84
"svk",2000,1.84,0,1.84
"svk",2001,1.84,0,1.84
"svk",2002,8.84,0,8.84
"svk",2003,8.84,0,8.84
"svk",2004,8.84,0,8.84
"svk",2005,9.84,0,9.84
"svk",2006,9.84,0,9.84
"svk",2007,9.84,0,9.84
"svk",2008,9.84,0,9.84
"svk",2009,9.84,0,9.84
"svk",2010,9.84,0,9.84
"svk",2011,9.84,0,9.84
"svk",2012,9.84,0,9.84
"svk",2013,9.84,0,9.84
"svk",2014,9.84,0,9.84
"svk",2015,8.84,0,8.84
"svk",2016,8.84,0,8.84
"svk",2017,8.84,0,8.84
"svk",2018,8.84,0,8.84
"svn",1990,0,0,0
"svn",1991,0,0,0
"svn",1992,0,0,0
"svn",1993,0,0,0
"svn",1994,0,0,0
"svn",1995,0,0,0
"svn",1996,0,0,0
"svn",1997,0,0,0
"svn",1998,0,0,0
"svn",1999,1,0,1
"svn",2000,1,0,1
"svn",2001,1,0,1
"svn",2002,1,0,1
"svn",2003,1,0,1
"svn",2004,2.23,0,2.23
"svn",2005,2.23,0,2.23
"svn",2006,2.23,0,2.23
"svn",2007,2.23,0,2.23
"svn",2008,2.23,0,2.23
"svn",2009,2.23,0,2.23
"svn",2010,2.23,0,2.23
"svn",2011,3.23,0,3.23
"svn",2012,3.23,0,3.23
"svn",2013,3.23,0,3.23
"svn",2014,3.23,0,3.23
"svn",2015,3.23,0,3.23
"svn",2016,3.23,0,3.23
"svn",2017,3.23,0,3.23
"svn",2018,3.23,0,3.23
"swe",1950,13.2,7.5,20.7
"swe",1951,13.2,7.5,20.7
"swe",1952,13.2,7.5,20.7
"swe",1953,13.2,7.5,20.7
"swe",1954,13.2,7.5,20.7
"swe",1955,13.2,7.5,20.7
"swe",1956,13.2,7.5,20.7
"swe",1957,13.2,7.5,20.7
"swe",1958,13.2,7.5,20.7
"swe",1959,13.2,7.5,20.7
"swe",1960,13.2,7.5,20.7
"swe",1961,13.2,7.5,20.7
"swe",1962,13.2,7.5,20.7
"swe",1963,13.2,7.5,20.7
"swe",1964,13.06,7.5,20.56
"swe",1965,13.06,7.5,20.56
"swe",1966,13.06,7.5,20.56
"swe",1967,13.06,7.5,20.56
"swe",1968,12.48,7.5,19.98
"swe",1969,12.48,7.5,19.98
"swe",1970,12.48,7.5,19.98
"swe",1971,13.09,0,13.09
"swe",1972,13.09,0,13.09
"swe",1973,13.09,0,13.09
"swe",1974,13.09,0,13.09
"swe",1975,13.09,0,13.09
"swe",1976,13.09,0,13.09
"swe",1977,13.09,0,13.09
"swe",1978,13.09,0,13.09
"swe",1979,13.09,0,13.09
"swe",1980,13.09,0,13.09
"swe",1981,13.09,0,13.09
"swe",1982,13.09,0,13.09
"swe",1983,13.09,0,13.09
"swe",1984,13.09,0,13.09
"swe",1985,13.09,0,13.09
"swe",1986,13.09,0,13.09
"swe",1987,13.09,0,13.09
"swe",1988,13.09,0,13.09
"swe",1989,13.09,0,13.09
"swe",1990,13.09,0,13.09
"swe",1991,13.09,0,13.09
"swe",1992,13.09,0,13.09
"swe",1993,13.09,0,13.09
"swe",1994,13.09,0,13.09
"swe",1995,13.09,0,13.09
"swe",1996,13.09,0,13.09
"swe",1997,13.09,0,13.09
"swe",1998,13,0,13
"swe",1999,13,0,13
"swe",2000,12,0,12
"swe",2001,12,0,12
"swe",2002,12,0,12
"swe",2003,12,0,12
"swe",2004,12,0,12
"swe",2005,12,0,12
"swe",2006,12,0,12
"swe",2007,12,0,12
"swe",2008,12,0,12
"swe",2009,12,0,12
"swe",2010,12,0,12
"swe",2011,12,0,12
"swe",2012,12,0,12
"swe",2013,12,0,12
"swe",2014,12,0,12
"swe",2015,12,0,12
"swe",2016,12,0,12
"swe",2017,12,0,12
"swe",2018,12,0,12
"taw",1950,8,0,8
"taw",1951,8,0,8
"taw",1952,8,0,8
"taw",1953,8,0,8
"taw",1954,8,0,8
"taw",1955,8,0,8
"taw",1956,8,0,8
"taw",1957,8,0,8
"taw",1958,8,0,8
"taw",1959,8,0,8
"taw",1960,8,0,8
"taw",1961,8,0,8
"taw",1962,8,0,8
"taw",1963,8,0,8
"taw",1964,8,0,8
"taw",1965,8,0,8
"taw",1966,8,0,8
"taw",1967,7.43,0,7.43
"taw",1968,7.43,0,7.43
"taw",1969,7.43,0,7.43
"taw",1970,7.43,0,7.43
"taw",1971,7.43,0,7.43
"taw",1972,7.43,0,7.43
"taw",1973,7.43,0,7.43
"taw",1974,7.43,0,7.43
"taw",1975,7.43,0,7.43
"taw",1976,7.43,0,7.43
"taw",1977,7.43,0,7.43
"taw",1978,7.43,0,7.43
"taw",1979,6.83,0,6.83
"taw",1980,6.83,0,6.83
"taw",1981,6.83,0,6.83
"taw",1982,6.83,0,6.83
"taw",1983,6.83,0,6.83
"taw",1984,6.83,0,6.83
"taw",1985,6.83,0,6.83
"taw",1986,6.83,0,6.83
"taw",1987,6.83,0,6.83
"taw",1988,8.59,0,8.59
"taw",1989,8.59,0,8.59
"taw",1990,8.59,0,8.59
"taw",1991,8.59,0,8.59
"taw",1992,8.59,0,8.59
"taw",1993,8.59,0,8.59
"taw",1994,10.59,0,10.59
"taw",1995,15.89,0,15.89
"taw",1996,15.89,0,15.89
"taw",1997,15.89,0,15.89
"taw",1998,15.89,0,15.89
"taw",1999,19.42,0,19.42
"taw",2000,19.42,0,19.42
"taw",2001,11.77,0,11.77
"taw",2002,11.77,0,11.77
"taw",2003,11.77,0,11.77
"taw",2004,11.77,0,11.77
"taw",2005,11.77,0,11.77
"taw",2006,11.77,0,11.77
"taw",2007,11.77,0,11.77
"taw",2008,11.77,0,11.77
"taw",2009,11.77,0,11.77
"taw",2010,11.77,0,11.77
"taw",2011,11.39,0,11.39
"taw",2012,11.39,0,11.39
"taw",2013,11.39,0,11.39
"taw",2014,11.3,0,11.3
"taw",2015,11.3,0,11.3
"taw",2016,11.3,0,11.3
"taw",2017,11.3,0,11.3
"taw",2018,11,0,11
"tha",1950,1,0,1
"tha",1951,1,0,1
"tha",1952,1,0,1
"tha",1953,1,0,1
"tha",1954,1,0,1
"tha",1955,3,0,3
"tha",1956,3,0,3
"tha",1957,3,0,3
"tha",1958,3,0,3
"tha",1959,3,0,3
"tha",1960,3,0,3
"tha",1961,3,0,3
"tha",1962,3,0,3
"tha",1963,3,0,3
"tha",1964,3,0,3
"tha",1965,3,0,3
"tha",1966,3,0,3
"tha",1967,3,0,3
"tha",1968,3,0,3
"tha",1969,3,0,3
"tha",1970,3,0,3
"tha",1971,3,0,3
"tha",1972,3.44,0,3.44
"tha",1973,3.44,0,3.44
"tha",1974,3.44,0,3.44
"tha",1975,3.44,0,3.44
"tha",1976,3.44,0,3.44
"tha",1977,3.44,0,3.44
"tha",1978,3.44,0,3.44
"tha",1979,3.44,0,3.44
"tha",1980,3.44,0,3.44
"tha",1981,3.44,0,3.44
"tha",1982,3.44,0,3.44
"tha",1983,3.44,0,3.44
"tha",1984,3.44,0,3.44
"tha",1985,3.44,0,3.44
"tha",1986,3.44,0,3.44
"tha",1987,3.44,0,3.44
"tha",1988,3.44,0,3.44
"tha",1989,3.44,0,3.44
"tha",1990,3.44,0,3.44
"tha",1991,3.44,0,3.44
"tha",1992,3.44,0,3.44
"tha",1993,3.44,0,3.44
"tha",1994,3.44,0,3.44
"tha",1995,3.44,0,3.44
"tha",1996,3.44,0,3.44
"tha",1997,3.44,0,3.44
"tha",1998,3.44,0,3.44
"tha",1999,3.44,0,3.44
"tha",2000,5.59,0.15,5.74
"tha",2001,6.59,0.15,6.74
"tha",2002,6.59,0.15,6.74
"tha",2003,6.59,0.15,6.74
"tha",2004,9.15,0.15,9.29
"tha",2005,9.15,0.15,9.29
"tha",2006,9.15,0,9.15
"tha",2007,9.15,0,9.15
"tha",2008,9.15,1.15,10.29
"tha",2009,9.15,1.15,10.29
"tha",2010,9.15,1.15,10.29
"tha",2011,9.15,1.15,10.29
"tha",2012,9.15,1.15,10.29
"tha",2013,9.15,1.15,10.29
"tha",2014,9.15,1.15,10.29
"tha",2015,9.15,1.15,10.29
"tha",2016,9.15,1.15,10.29
"tha",2017,3.01,1,4.01
"tha",2018,3.01,1,4.01
"tls",2002,0,0,0
"tls",2003,0,0,0
"tls",2004,0,0,0
"tls",2005,0,0,0
"tls",2006,0,0,0
"tls",2007,0,0,0
"tls",2008,0,0,0
"tls",2009,0,0,0
"tls",2010,0,0,0
"tls",2011,0,0,0
"tls",2012,0,0,0
"tls",2013,0,0,0
"tls",2014,0,0,0
"tls",2015,0,0,0
"tls",2016,0,0,0
"tls",2017,0,0,0
"tls",2018,0,0,0
"tto",1962,0.14,0,0.14
"tto",1963,0.14,0,0.14
"tto",1964,0.14,0,0.14
"tto",1965,0.14,0,0.14
"tto",1966,0.14,0,0.14
"tto",1967,0.14,0,0.14
"tto",1968,0.14,0,0.14
"tto",1969,0.14,0,0.14
"tto",1970,0.14,0,0.14
"tto",1971,0.14,0,0.14
"tto",1972,0.14,0,0.14
"tto",1973,0.14,0,0.14
"tto",1974,0.14,0,0.14
"tto",1975,0.14,0,0.14
"tto",1976,0.14,0,0.14
"tto",1977,0.14,0,0.14
"tto",1978,0.14,0,0.14
"tto",1979,0.14,0,0.14
"tto",1980,0.18,0,0.18
"tto",1981,0.18,0,0.18
"tto",1982,0.18,0,0.18
"tto",1983,0.18,0,0.18
"tto",1984,0.18,0,0.18
"tto",1985,0.18,0,0.18
"tto",1986,0.18,0,0.18
"tto",1987,0.18,0,0.18
"tto",1988,0.18,0,0.18
"tto",1989,0.18,0,0.18
"tto",1990,0.18,0,0.18
"tto",1991,0.18,0,0.18
"tto",1992,0.18,0,0.18
"tto",1993,0.18,0,0.18
"tto",1994,0.18,0,0.18
"tto",1995,0.18,0,0.18
"tto",1996,0.41,0.05,0.46
"tto",1997,0.41,0.05,0.46
"tto",1998,0.41,0.05,0.46
"tto",1999,0.41,0.05,0.46
"tto",2000,0.41,0.05,0.46
"tto",2001,0.41,0.05,0.46
"tto",2002,0.41,0.05,0.46
"tto",2003,0.41,0.05,0.46
"tto",2004,0.41,0.05,0.46
"tto",2005,0.41,0.05,0.46
"tto",2006,0.41,0.05,0.46
"tto",2007,0.41,0.05,0.46
"tto",2008,0.41,0.05,0.46
"tto",2009,0.41,0.05,0.46
"tto",2010,0.41,0.05,0.46
"tto",2011,0.41,0.05,0.46
"tto",2012,0.41,0.05,0.46
"tto",2013,0.41,0.05,0.46
"tto",2014,0.41,0.05,0.46
"tto",2015,0.41,0.05,0.46
"tto",2016,0.41,0.05,0.46
"tto",2017,0.41,0.05,0.46
"tto",2018,0.41,0.05,0.46
"tur",1950,1,0,1
"tur",1951,1,0,1
"tur",1952,1,0,1
"tur",1953,1,0,1
"tur",1954,1,0,1
"tur",1955,1,0,1
"tur",1956,1,0,1
"tur",1957,1,0,1
"tur",1958,1,0,1
"tur",1959,1,0,1
"tur",1960,1,0,1
"tur",1961,6,0,6
"tur",1962,6,0,6
"tur",1963,6,0,6
"tur",1964,6,0,6
"tur",1965,6,0,6
"tur",1966,6,0,6
"tur",1967,6,0,6
"tur",1968,6,0,6
"tur",1969,6,0,6
"tur",1970,6,0,6
"tur",1971,6,0,6
"tur",1972,6,0,6
"tur",1973,6,0,6
"tur",1974,6,0,6
"tur",1975,6,0,6
"tur",1976,6,0,6
"tur",1977,6,0,6
"tur",1978,6,0,6
"tur",1979,6,0,6
"tur",1980,6,0,6
"tur",1981,6,0,6
"tur",1982,6,0,6
"tur",1983,6,0,6
"tur",1984,8.06,0,8.06
"tur",1985,8.06,0,8.06
"tur",1986,8.85,0,8.85
"tur",1987,8.85,0,8.85
"tur",1988,8.85,0,8.85
"tur",1989,8.97,0,8.97
"tur",1990,8.97,0,8.97
"tur",1991,8.97,0,8.97
"tur",1992,8.97,0,8.97
"tur",1993,8.97,0,8.97
"tur",1994,9.86,0,9.86
"tur",1995,9.86,0,9.86
"tur",1996,9.86,0,9.86
"tur",1997,9.86,0,9.86
"tur",1998,9.86,0,9.86
"tur",1999,9.86,0,9.86
"tur",2000,9.94,0,9.94
"tur",2001,9.94,0,9.94
"tur",2002,9.94,0,9.94
"tur",2003,9.94,0,9.94
"tur",2004,9.32,0,9.32
"tur",2005,10.12,0,10.12
"tur",2006,10.12,0,10.12
"tur",2007,10.12,0,10.12
"tur",2008,10.12,0,10.12
"tur",2009,11.12,0,11.12
"tur",2010,11.12,0,11.12
"tur",2011,11.12,0,11.12
"tur",2012,11.12,0,11.12
"tur",2013,11.12,0,11.12
"tur",2014,8.76,0,8.76
"tur",2015,8.76,0,8.76
"tur",2016,8.76,0,8.76
"tur",2017,8.76,0,8.76
"tur",2018,8.76,0,8.76
"ukr",1991,7.1,0,7.1
"ukr",1992,7.1,0,7.1
"ukr",1993,7.1,0,7.1
"ukr",1994,7.1,0,7.1
"ukr",1995,7.1,0,7.1
"ukr",1996,7.1,0,7.1
"ukr",1997,7.1,0,7.1
"ukr",1998,7.1,0,7.1
"ukr",1999,7.1,0,7.1
"ukr",2000,7.1,0,7.1
"ukr",2001,7.1,0,7.1
"ukr",2002,7.1,0,7.1
"ukr",2003,7.1,0,7.1
"ukr",2004,7.1,0,7.1
"ukr",2005,7.1,0,7.1
"ukr",2006,7.1,0,7.1
"ukr",2007,7.1,0,7.1
"ukr",2008,7.1,0,7.1
"ukr",2009,7.1,0,7.1
"ukr",2010,7.1,0,7.1
"ukr",2011,7.1,0,7.1
"ukr",2012,7.1,0,7.1
"ukr",2013,7.1,0,7.1
"ukr",2014,7.06,0,7.06
"ukr",2015,7.06,0,7.06
"ukr",2016,7.06,0,7.06
"ukr",2017,7.06,0,7.06
"ukr",2018,7.06,0,7.06
"ury",1950,10,0,10
"ury",1951,10,0,10
"ury",1952,10,0,10
"ury",1953,10,0,10
"ury",1954,10,0,10
"ury",1955,10,0,10
"ury",1956,10,0,10
"ury",1957,10,0,10
"ury",1958,10,0,10
"ury",1959,10,0,10
"ury",1960,10,0,10
"ury",1961,10,0,10
"ury",1962,10,0,10
"ury",1963,10,0,10
"ury",1964,10,0,10
"ury",1965,10,0,10
"ury",1966,10,0,10
"ury",1967,9,0,9
"ury",1968,9,0,9
"ury",1969,9,0,9
"ury",1970,9,0,9
"ury",1971,9,0,9
"ury",1972,9,0,9
"ury",1973,4,0,4
"ury",1974,4,0,4
"ury",1975,4,0,4
"ury",1976,4,0,4
"ury",1977,4,0,4
"ury",1978,4,0,4
"ury",1979,4,0,4
"ury",1980,4,0,4
"ury",1981,4,0,4
"ury",1982,4,0,4
"ury",1983,4,0,4
"ury",1984,4,0,4
"ury",1985,9,0,9
"ury",1986,9,0,9
"ury",1987,9,0,9
"ury",1988,9,0,9
"ury",1989,9,0,9
"ury",1990,9,0,9
"ury",1991,9,0,9
"ury",1992,9,0,9
"ury",1993,9,0,9
"ury",1994,9,0,9
"ury",1995,9,0,9
"ury",1996,9,0,9
"ury",1997,10,2,12
"ury",1998,10,2,12
"ury",1999,10,2,12
"ury",2000,10,2,12
"ury",2001,10,2,12
"ury",2002,10,2,12
"ury",2003,10,2,12
"ury",2004,10,2,12
"ury",2005,10,2,12
"ury",2006,10,2,12
"ury",2007,10,2,12
"ury",2008,10,2,12
"ury",2009,10,2,12
"ury",2010,10,2,12
"ury",2011,10,2,12
"ury",2012,10,2,12
"ury",2013,10,2,12
"ury",2014,10,2,12
"ury",2015,10,2,12
"ury",2016,10,2,12
"ury",2017,10,2,12
"ury",2018,10,2,12
"usa",1950,22.16,7.38,29.54
"usa",1951,22.16,7.38,29.54
"usa",1952,22.28,7.39,29.67
"usa",1953,22.28,7.39,29.67
"usa",1954,22.28,7.39,29.67
"usa",1955,22.28,7.39,29.67
"usa",1956,22.28,7.39,29.67
"usa",1957,22.28,7.39,29.67
"usa",1958,22.28,7.39,29.67
"usa",1959,22.32,7.44,29.75
"usa",1960,22.18,7.44,29.62
"usa",1961,22.18,7.44,29.62
"usa",1962,22.18,7.44,29.62
"usa",1963,22.18,7.44,29.62
"usa",1964,22.18,7.44,29.62
"usa",1965,22.18,7.44,29.62
"usa",1966,22.18,7.44,29.62
"usa",1967,22.18,7.44,29.62
"usa",1968,22.18,7.44,29.62
"usa",1969,22.18,7.44,29.62
"usa",1970,22.18,7.44,29.62
"usa",1971,22.18,7.44,29.62
"usa",1972,22.18,7.44,29.62
"usa",1973,22.18,7.44,29.62
"usa",1974,22.21,7.44,29.64
"usa",1975,22.21,7.44,29.64
"usa",1976,22.22,7.44,29.65
"usa",1977,22.22,7.44,29.65
"usa",1978,22.22,7.44,29.65
"usa",1979,22.27,7.44,29.71
"usa",1980,22.27,7.44,29.71
"usa",1981,22.27,7.44,29.71
"usa",1982,22.27,7.44,29.71
"usa",1983,22.27,7.44,29.71
"usa",1984,22.27,7.44,29.71
"usa",1985,22.27,7.44,29.71
"usa",1986,22.27,7.44,29.71
"usa",1987,22.27,7.44,29.71
"usa",1988,22.27,7.44,29.71
"usa",1989,22.27,7.44,29.71
"usa",1990,22.27,7.44,29.71
"usa",1991,22.27,7.44,29.71
"usa",1992,22.27,7.44,29.71
"usa",1993,22.27,7.44,29.71
"usa",1994,22.27,7.44,29.71
"usa",1995,22.25,7.44,29.69
"usa",1996,22.25,7.44,29.69
"usa",1997,22.25,7.44,29.69
"usa",1998,22.22,7.44,29.66
"usa",1999,22.19,7.44,29.63
"usa",2000,22.16,7.44,29.6
"usa",2001,22.18,7.44,29.61
"usa",2002,22.18,7.44,29.61
"usa",2003,22.18,7.44,29.61
"usa",2004,22.18,7.44,29.61
"usa",2005,22.18,7.44,29.61
"usa",2006,22.18,7.44,29.61
"usa",2007,22.18,7.44,29.61
"usa",2008,22.18,7.44,29.61
"usa",2009,22.18,7.44,29.61
"usa",2010,22.18,7.44,29.61
"usa",2011,22.18,7.44,29.61
"usa",2012,22.18,7.44,29.61
"usa",2013,22.18,7.44,29.61
"usa",2014,22.18,7.44,29.61
"usa",2015,22.18,7.44,29.61
"usa",2016,22.18,7.44,29.61
"usa",2017,22.18,7.44,29.61
"usa",2018,22.18,7.44,29.61
"ven",1950,1,0,1
"ven",1951,1,0,1
"ven",1952,1,0,1
"ven",1953,1,0,1
"ven",1954,1,0,1
"ven",1955,1,0,1
"ven",1956,1,0,1
"ven",1957,1,0,1
"ven",1958,2.84,1.49,4.33
"ven",1959,2.84,1.49,4.33
"ven",1960,2.84,1.49,4.33
"ven",1961,5.58,5.14,10.72
"ven",1962,5.58,5.14,10.72
"ven",1963,5.58,5.14,10.72
"ven",1964,5.58,5.14,10.72
"ven",1965,5.58,5.14,10.72
"ven",1966,5.58,5.14,10.72
"ven",1967,5.58,5.14,10.72
"ven",1968,5.58,5.14,10.72
"ven",1969,5.58,5.14,10.72
"ven",1970,5.58,5.14,10.72
"ven",1971,5.58,5.14,10.72
"ven",1972,5.58,5.14,10.72
"ven",1973,5.58,5.14,10.72
"ven",1974,5.58,5.14,10.72
"ven",1975,5.58,5.14,10.72
"ven",1976,5.58,5.14,10.72
"ven",1977,5.58,5.14,10.72
"ven",1978,5.58,5.14,10.72
"ven",1979,5.58,5.14,10.72
"ven",1980,5.58,5.14,10.72
"ven",1981,5.58,5.14,10.72
"ven",1982,5.58,5.14,10.72
"ven",1983,5.58,5.14,10.72
"ven",1984,5.58,5.14,10.72
"ven",1985,5.58,5.14,10.72
"ven",1986,5.58,5.14,10.72
"ven",1987,5.58,5.14,10.72
"ven",1988,5.58,5.14,10.72
"ven",1989,7.41,5.14,12.55
"ven",1990,7.41,5.14,12.55
"ven",1991,7.43,5.16,12.59
"ven",1992,7.44,5.18,12.62
"ven",1993,7.44,5.18,12.62
"ven",1994,8.36,5.18,13.54
"ven",1995,8.36,5.18,13.54
"ven",1996,8.36,5.18,13.54
"ven",1997,8.36,5.18,13.54
"ven",1998,8.36,5.18,13.54
"ven",1999,8.36,1.5,9.86
"ven",2000,6.57,0.5,7.07
"ven",2001,7.84,0.5,8.34
"ven",2002,7.84,0.5,8.34
"ven",2003,7.84,0.5,8.34
"ven",2004,7.87,0.5,8.37
"ven",2005,7.87,0.5,8.37
"ven",2006,7.5,0.5,8
"ven",2007,7.5,0.5,8
"ven",2008,7.5,0.5,8
"ven",2009,6.21,0.5,6.71
"ven",2010,6.21,0.5,6.71
"ven",2011,6.21,0.5,6.71
"ven",2012,6.21,0.5,6.71
"ven",2013,6.21,0.5,6.71
"ven",2014,6.21,0.5,6.71
"ven",2015,6.21,0.5,6.71
"ven",2016,6.21,0.5,6.71
"ven",2017,6.21,0.5,6.71
"ven",2018,5.64,0.5,6.14
"vnm",1950,4,0,4
"vnm",1951,4,0,4
"vnm",1952,4,0,4
"vnm",1953,4,0,4
"vnm",1954,4,0,4
"vnm",1955,4,0,4
"vnm",1956,4,0,4
"vnm",1957,4,0,4
"vnm",1958,4,0,4
"vnm",1959,4,0,4
"vnm",1960,4,0,4
"vnm",1961,4,0,4
"vnm",1962,4,0,4
"vnm",1963,4,0,4
"vnm",1964,4,0,4
"vnm",1965,4,0,4
"vnm",1966,4,0,4
"vnm",1967,4,0,4
"vnm",1968,4,0,4
"vnm",1969,4,0,4
"vnm",1970,4,0,4
"vnm",1971,4,0,4
"vnm",1972,4,0,4
"vnm",1973,4,0,4
"vnm",1974,4,0,4
"vnm",1975,4,0,4
"vnm",1976,4,0,4
"vnm",1977,4,0,4
"vnm",1978,4,0,4
"vnm",1979,4,0,4
"vnm",1980,4,0,4
"vnm",1981,4,0,4
"vnm",1982,4,0,4
"vnm",1983,4,0,4
"vnm",1984,4,0,4
"vnm",1985,4,0,4
"vnm",1986,4,0,4
"vnm",1987,4,0,4
"vnm",1988,4,0,4
"vnm",1989,4,0,4
"vnm",1990,5,0,5
"vnm",1991,5,0,5
"vnm",1992,5,0,5
"vnm",1993,5,0,5
"vnm",1994,5,0,5
"vnm",1995,5,0,5
"vnm",1996,7,0,7
"vnm",1997,7,0,7
"vnm",1998,7,0,7
"vnm",1999,7,0,7
"vnm",2000,7,0,7
"vnm",2001,7,0,7
"vnm",2002,7,0,7
"vnm",2003,8,0,8
"vnm",2004,8,0,8
"vnm",2005,8,0,8
"vnm",2006,8,0,8
"vnm",2007,8,0,8
"vnm",2008,8,0,8
"vnm",2009,8,0,8
"vnm",2010,8,0,8
"vnm",2011,8,0,8
"vnm",2012,8,0,8
"vnm",2013,8,0,8
"vnm",2014,8,0,8
"vnm",2015,8,0,8
"vnm",2016,8,0,8
"vnm",2017,8,0,8
"vnm",2018,8,0,8
