"country_name","country_code","1956","1957","1958","1959","1960","1961","1962","1963","1964","1965","1966","1967","1968","1969","1970","1971","1972","1973","1974","1975","1976","1977","1978","1979","1980","1981","1982","1983","1984","1985","1986","1987","1988","1989","1990","1991","1992","1993","1994","1995","1996","1997","1998","1999","2000","2001","2002","2003","2004","2005","2006","2007","2008","2009","2010","2011","2012","2013","2014","2015","2016","2017","2018","2019","2020","2021","2022","2023","2024","2025","2026","2027","2028","2029","2030","2031"
"aruba, kingdom of the netherlands","abw",NA,NA,NA,NA,NA,NA,NA,NA,NA,NA,NA,NA,NA,NA,NA,NA,NA,NA,NA,NA,NA,NA,NA,NA,NA,NA,NA,NA,NA,NA,NA,NA,NA,NA,NA,NA,NA,NA,NA,25.4981596649321,25.1141700404858,22.8869002034877,21.6875338086515,22.8839525658195,22.2505012065079,21.6729932735492,21.4911301364012,27.0318068522203,20.7136147419804,21.5199237954177,22.2854680630305,21.5739424841925,26.8253476606667,24.2566511422378,26.9566727256458,20.7703555109019,21.8062672938247,23.4064088584432,22.3756005566976,23.8979971995269,23.6640610838237,21.9712891359424,22.2217131073563,23.7897502392137,24.8563680485732,21.2178488343592,22.6220224659371,24.8218351333719,24.4540334233057,23.6718789527791,23.2666296775225,23.1718240941955,23.1744037847311,23.0304450445211,22.8311147302353,22.9125685271383
"afghanistan, islamic republic of","afg",NA,NA,NA,NA,NA,NA,NA,NA,NA,NA,NA,NA,NA,NA,NA,NA,NA,NA,NA,NA,NA,NA,NA,NA,NA,NA,NA,NA,NA,NA,NA,NA,NA,NA,NA,NA,NA,NA,NA,NA,NA,NA,NA,NA,NA,NA,6.84462644850051,9.82582910063867,12.6758750404315,14.7334769052451,18.9459116570191,18.9857911257064,17.035778943281,19.390544374803,21.7224884173169,21.2648238802967,25.2102616617893,24.3460298979079,23.6836524764622,24.5690414796792,28.1562331014637,27.0587245639144,30.5698305547137,26.9409385150874,25.6942215121026,17.4489341948511,15.1182523826354,15.6372820105965,19.1210437542023,19.1210437542024,NA,NA,NA,NA,NA,NA
"angola","ago",NA,NA,NA,NA,NA,NA,NA,NA,NA,NA,NA,NA,NA,NA,NA,NA,NA,NA,NA,NA,NA,NA,NA,NA,NA,NA,NA,NA,NA,NA,NA,NA,NA,NA,NA,NA,NA,NA,NA,NA,34.5277537875282,30.7996444510176,24.3959233248528,36.3147692490935,37.842155533863,33.079119704286,25.3241584483307,26.0203554582541,27.0316982070213,30.0946567536382,35.7461298525564,37.8841339256116,43.3798008674893,31.8981780585231,37.5065174860396,40.4771013982401,36.8595883006711,32.6584594942551,27.2251010477555,21.291085004325,15.2040639130093,15.0420319727513,19.8290717540655,20.6657231278638,21.3385720519345,24.1304236930789,26.6205259342662,20.8541637742842,17.7907358673816,14.7829101043936,14.3811105763737,13.6367159311822,13.5733715211235,13.5545361512294,13.542530198892,13.4023651386895
"albania","alb",NA,NA,NA,NA,NA,NA,NA,NA,NA,NA,NA,NA,NA,NA,NA,NA,NA,NA,NA,NA,NA,NA,NA,NA,NA,NA,NA,NA,NA,NA,NA,NA,NA,NA,NA,NA,NA,NA,NA,NA,NA,18.3978180047126,26.8257387216365,28.2660742945522,26.0659342525797,25.8478419376302,25.3229745746886,24.6738543944142,24.9920644419515,25.4342076756504,25.9280000001508,26.1298763056771,26.8422870004766,26.0929998381775,25.8665269020051,25.4069569375905,24.7885035955262,23.9774947570878,26.2716106661239,26.4399940291702,27.6418858310067,27.7560155142618,27.0895913166967,26.8889374108911,25.7191339041593,27.3723026679091,26.6445731134304,27.2251512698727,28.21203815983,28.3332720864962,29.0080456213845,29.4668497760982,29.5436572680289,29.295784568686,29.3057068142585,29.3856509117941
"andorra, principality of","and",NA,NA,NA,NA,NA,NA,NA,NA,NA,NA,NA,NA,NA,NA,NA,NA,NA,NA,NA,NA,NA,NA,NA,NA,NA,NA,NA,NA,NA,NA,NA,NA,NA,NA,NA,NA,NA,NA,NA,NA,NA,NA,NA,NA,NA,27.3617056753958,25.977478958426,25.9799651678144,25.5450932105834,23.3052683428576,23.7532102695699,24.7739962039913,26.2688064106609,26.4061732237111,28.506104296183,29.5268236274653,32.286579752201,35.3227622218803,33.8054286718994,34.9832746753841,38.6502250846434,38.2014270739826,38.6102859999193,38.1593179973177,41.278066971937,37.8851897199187,39.7347583115026,38.0306336112873,39.9103600279946,40.6839418404407,40.0783991341228,40.2162874195138,40.2162874195139,40.2162874195137,40.2162874195138,40.2162874195139
"united arab emirates","are",NA,NA,NA,NA,NA,NA,NA,NA,NA,NA,NA,NA,NA,NA,NA,NA,NA,NA,NA,NA,NA,NA,NA,NA,NA,NA,NA,NA,NA,NA,NA,NA,NA,NA,16.706866562953,39.8537347003666,32.9015411370732,28.6055957863441,28.3441435055928,29.7266667636325,28.5208206316513,29.2730989208183,26.8390588364001,25.5861975863707,32.448568422655,26.4337790698043,20.0949178363401,22.4015996665222,24.1091011048042,31.7309406559428,35.7772556191561,34.782790888977,39.588661035792,28.8703432183069,30.8694421940953,34.6853075748093,36.3790708327007,36.8764689882967,33.1712545492151,20.0500224796699,28.7529705893038,27.0808254606321,29.5270572169069,29.8991826559092,28.0454299857812,29.8997394177832,32.5458448507252,28.4796910033163,27.8253559683544,27.7184076925507,27.3612532341844,27.7611934319209,28.0924312052789,28.553301751068,28.6829263611611,28.8794647082646
"argentina","arg",NA,NA,NA,NA,NA,NA,NA,NA,NA,NA,NA,NA,NA,NA,NA,NA,NA,NA,NA,NA,NA,NA,NA,NA,NA,NA,NA,NA,NA,NA,NA,NA,NA,NA,NA,NA,NA,21.9928843961865,21.6877682158179,20.7878379824352,19.876168061473,20.7481760175375,21.3029751723852,21.7662015005844,21.8304865930243,21.0683528924309,19.9429042504667,23.5260337119557,26.9964271111493,27.7661831487023,28.2667320944657,30.3075626431102,31.1143206423726,32.6943915207042,31.9646139640949,32.156252078187,33.8033675409178,34.3491050276952,34.6005024137508,35.3657720193376,34.8673516945,34.4281128896211,33.5080628098745,33.6842999568783,33.8051683819823,33.5504133265646,33.8067377624993,32.3077591019824,31.4770462851862,31.2537111101751,31.7882704479855,32.1903955385909,32.229107447139,32.9424832119343,33.28666239459,33.4039298868045
"armenia, republic of","arm",NA,NA,NA,NA,NA,NA,NA,NA,NA,NA,NA,NA,NA,NA,NA,NA,NA,NA,NA,NA,NA,NA,NA,NA,NA,NA,NA,NA,NA,NA,NA,NA,NA,NA,NA,NA,NA,26.0969971949762,26.1517794431552,17.8368105851476,15.4095018367869,15.7506767075832,17.1461314779832,19.3344693981034,16.4944073767066,17.0460162153042,16.7439551861948,15.2165957082133,15.4567698044697,17.8947834893953,18.0500508007589,20.0854295932846,20.479457896688,20.8669702649976,21.221103506835,22.0963875132029,20.9213906384344,22.2037939997601,22.0480311110212,21.493942240203,21.4138354682771,21.2378129280109,22.2934585570149,23.9201927952328,25.2485624981668,24.0879785201283,24.2642863484937,24.8554747621744,25.3014659533807,25.4997945409611,25.7956442713049,25.8161406273016,25.7713219386703,25.7649605664258,25.7588321367212,25.788317568255
"antigua and barbuda","atg",NA,NA,NA,NA,NA,NA,NA,NA,NA,NA,NA,NA,NA,NA,NA,NA,NA,NA,NA,NA,NA,NA,NA,NA,NA,NA,NA,NA,NA,NA,NA,NA,NA,NA,18.2508858526622,16.8501369601457,17.8758833735348,16.9811234277708,16.8201478918304,17.0949114432407,17.9594094934776,16.7568116534035,19.0396209488705,17.2262383365027,16.5891855584924,15.6075650108228,17.5009482236015,16.9274350259974,18.02862851802,17.2462630321319,19.4031020165231,18.8402518719201,18.4929844993497,16.276942515226,19.7177673716991,17.9953807751728,17.5572731264095,16.8698263358134,18.2560358467808,22.4143178469992,23.640050741808,19.8330401461351,19.108963704351,18.4687569825439,19.7503629741671,18.8660084235298,17.9529248232523,16.6953260976261,21.8717566384853,22.4001770689499,21.6459181825657,21.0166677521376,20.9177450462097,20.8021568430498,20.7024201769473,20.5907758273833
"australia","aus",NA,NA,NA,NA,NA,NA,NA,NA,NA,NA,NA,NA,NA,NA,NA,NA,NA,NA,NA,NA,NA,NA,NA,NA,NA,NA,NA,NA,NA,NA,NA,NA,31.112427169602,30.4853261831758,30.2024457280385,30.2283105531976,29.2714880593672,29.37011466983,29.9047495198381,31.0290375420491,32.0389224428335,32.2702367119546,34.3368635937672,36.8191144139355,36.3940871822644,35.525555195697,35.0480234892092,35.9014816240138,36.1018421249466,36.2237739791486,36.2428540165322,35.709340122092,33.8837167814414,33.0786323843444,31.7379486711115,31.6793981230041,32.8810052436407,33.4075857344041,33.6873142510225,34.338426434147,34.7306903710937,34.9261609034691,35.4793109269418,34.3629317588895,35.6061830754526,35.3119584251666,35.2294308275358,36.1716862177783,36.4633513774254,36.6692081445964,36.6203754100511,36.2420735563554,36.0146530191996,36.0663082005265,36.0822840381748,36.0790904124192
"austria","aut",NA,NA,NA,NA,NA,NA,NA,NA,NA,NA,NA,NA,NA,NA,NA,NA,NA,NA,NA,NA,NA,NA,NA,NA,NA,NA,NA,NA,NA,NA,NA,NA,44.4580675778777,43.494792571158,44.2419848246884,44.8945302247313,47.1237606445955,49.7397368115014,49.2747887884063,49.9541197496977,51.5542031894565,50.1554915440356,51.6672521669485,47.8714598773792,48.8654035558184,51.1028461531098,50.1861717133618,49.923701471924,49.3752226744885,49.0844247191457,48.3116838188179,48.1594475284559,48.8325700317496,49.2168170295531,48.892265480839,48.8588820805336,49.5768335895011,50.4349894471121,50.4726557601115,50.7390739395498,49.1883248792335,49.0453311494388,49.3880765338793,49.6102164531921,49.1083906384632,50.3331228622103,49.554699763364,49.6181336998736,50.5096769296936,50.664316938257,50.9812195556183,51.5330342348877,51.5330342348878,51.5330342348877,51.5330342348877,51.5507066447488
"azerbaijan, republic of","aze",NA,NA,NA,NA,NA,NA,NA,NA,NA,NA,NA,NA,NA,NA,NA,NA,NA,NA,NA,NA,NA,NA,NA,NA,NA,NA,NA,NA,NA,NA,NA,NA,NA,NA,NA,NA,NA,NA,17.8679129089893,17.5717124379042,17.585989240209,17.5867424286462,20.3526876180405,18.4719842100523,18.3844340815159,38.5488573772026,42.53187120734,23.2666780661862,25.9972895594476,25.2387773703334,25.9620454294737,28.4048353801943,48.6328371311402,40.3629214078261,45.7892849146356,44.594260468108,40.3419166716901,39.4228167250003,39.1165318972283,33.8660947647814,34.2550985194965,34.2292260399606,38.6119371053708,41.4748872462611,33.716210165982,36.3729645734719,32.1397788670388,40.6479319248253,37.9133909844078,37.1471758774382,38.7785106740471,36.6058649329547,35.0454490390702,34.314581296368,33.659488449405,33.2376012610933
"burundi","bdi",NA,NA,NA,NA,NA,NA,NA,NA,NA,NA,NA,NA,NA,NA,NA,NA,NA,NA,NA,NA,NA,NA,NA,NA,NA,NA,NA,NA,NA,NA,NA,NA,NA,NA,25.5494742559629,23.356075989096,21.948085590108,22.8045979705245,17.6140034723006,18.4017953188229,15.8287482001371,14.2972936023168,15.5066537622444,15.1292685581342,16.0242450340106,14.8785764099832,17.0093511035904,20.2022389381347,24.3688057627957,22.5867354579594,26.549903894964,36.4547770894902,38.4584305092408,32.8429908520812,37.2067614684867,38.6956158974724,33.7502116875284,32.8703282744131,24.5294204371375,15.6086119509188,15.4628970477906,19.0870885772999,19.359656993327,22.3999519896062,22.5890896266839,23.7916697537025,22.784991739556,20.7476718961123,17.4669002288762,17.4168613461861,17.4031184893276,17.8765892532961,17.8648242192829,18.0835506116732,18.1530125405497,18.5986472661337
"belgium","bel",NA,NA,NA,NA,NA,NA,NA,NA,NA,NA,NA,NA,NA,NA,NA,NA,NA,NA,NA,NA,NA,NA,NA,NA,47.3165370761532,47.9377190261702,49.2083720413735,49.6079051287453,50.2084552739573,50.2901980814797,49.5725770274653,49.8328168378991,48.4791305220661,46.562272248225,47.3763836343709,47.9529996383209,47.4918254068311,49.3492555158763,49.3725367310183,48.1363010119246,49.0494101396252,49.4505156157268,49.9343575899305,49.8482922561368,49.3190860298936,49.6121588136266,49.8600208596366,49.1830754513675,49.0801495856074,49.1470695433126,49.0290357403176,48.6293540229149,49.6799936317141,49.0826922800408,49.7693823952076,50.5855359910442,51.8964210591438,52.7384020455277,52.2412886242805,51.405575422705,50.9474942060882,51.4908842420525,51.402679480818,49.7032408237841,49.418371967655,49.5371378547842,48.9025474382203,48.7972296373029,49.6927476977842,49.7335350300097,49.806039816913,49.8844895141812,49.9587578877483,50.2067880255541,50.2468501475905,50.3681879637325
"benin","ben",NA,NA,NA,NA,NA,NA,NA,NA,NA,NA,NA,NA,NA,NA,NA,NA,NA,NA,NA,NA,NA,NA,NA,NA,NA,NA,NA,NA,NA,NA,NA,NA,NA,17.9663218668185,14.8786739279407,14.1487727299441,15.6903485294371,15.8134907933105,16.3908733822719,17.5814111542338,18.0028252153426,17.9891571935129,17.3882115211569,12.6901169898795,11.9492549743151,12.1780312396913,11.954102715215,12.6138699976245,12.6547794688304,12.6152413637493,12.8592800685457,16.0314697405746,14.5085124577802,14.7557937852257,13.8002404694259,13.7464742113886,14.0203674943558,13.5289943130615,12.574012129004,12.599727087812,11.1391557572842,13.5077428072394,13.5076390585767,13.7699327929857,14.3892016228958,17.490989794075,14.4701306697592,15.2143270322753,15.1503845210074,15.5693544026484,15.9028508569178,16.354151012481,16.735692646133,17.1282830503426,17.5153590236073,17.8334399937414
"burkina faso","bfa",NA,NA,NA,NA,NA,NA,NA,NA,NA,NA,NA,NA,NA,NA,NA,NA,NA,NA,NA,NA,NA,NA,NA,NA,NA,NA,NA,NA,NA,10.255640081595,11.2102501114094,13.9620374702651,11.8858036351731,16.1479481854966,10.8865238640683,14.1969963743997,14.2407255136072,14.0542730016444,15.9427778352086,16.7898959027467,18.0860100702541,17.3831704705351,17.142949655584,18.107380730654,16.7993066955549,16.1023224449955,15.0338915685423,15.8085410900346,16.0631297308232,15.327439495168,36.2237817702896,17.8235595026044,14.9632533903772,17.3586721142694,17.5967043242721,18.3966128719564,19.904706119256,21.712595207374,19.1903077161343,18.2690253757953,18.5501183331132,19.3430868199211,19.757285580778,19.9613694688674,19.2675357580073,20.3597003010737,21.9693778779593,22.5160108595233,21.9903023104811,22.5456162931448,21.1863293016246,21.1931777668619,21.4980920551205,21.6496101073777,21.7990664347845,21.918474589456
"bangladesh","bgd",NA,NA,NA,NA,NA,NA,NA,NA,NA,NA,NA,NA,NA,NA,NA,NA,NA,NA,NA,NA,NA,NA,NA,NA,5.05089208355508,5.10588647048433,4.93084309387682,4.83396801646584,4.8156210592736,5.08706332927461,5.21552209753683,5.08801544148913,5.17697874439242,5.29061111680584,8.98470344978593,9.30432991573401,9.15240990600205,10.1654945455083,10.0805419228884,10.0854195387404,7.77661703928185,7.94801820059528,7.62393758846111,7.30797162483997,7.2600388168183,7.29050859719885,8.05087060188158,8.19434238913438,7.67699131288728,7.86439217672717,7.97936748534855,7.76288784674774,8.17493723001004,7.89590243037274,8.36774624451542,8.5696304688852,9.13872395391763,9.23074604031246,9.12908561119335,8.21339625346744,8.43803754687162,8.06815977813099,8.88189325119405,8.14396219446583,8.46777253232008,9.36187918798624,8.50700216158435,8.23689688282711,8.33817459721427,7.94493052453677,7.83913258752175,9.90747764757283,10.562106981219,10.8842310829626,11.0569795217767,11.2326363116431
"bulgaria","bgr",NA,NA,NA,NA,NA,NA,NA,NA,NA,NA,NA,NA,NA,NA,NA,NA,NA,NA,NA,NA,NA,NA,NA,NA,NA,NA,NA,NA,NA,NA,NA,NA,NA,NA,NA,NA,NA,NA,NA,NA,NA,NA,31.6884965047167,36.3069023514292,36.5253484849085,35.8970639320241,34.4603466247963,35.767192912837,36.2038437016827,36.2204874091769,35.7220109247659,36.200500861829,36.1837111639175,32.9159711455942,30.7846488615603,30.1202144033307,32.0845943945149,33.7184354705204,33.4286044217479,34.5549380357294,34.2643604830348,32.8519234635591,34.5720606502689,35.1025419075054,34.7395715464902,35.6500526962465,36.7671741786539,34.4717244821154,33.2767261871368,35.8650897087498,34.5471131812689,33.654523712492,33.499944369652,33.1913310880672,32.72614724863,32.3367537810053
"bahrain, kingdom of","bhr",NA,NA,NA,NA,NA,NA,NA,NA,NA,NA,NA,NA,NA,NA,NA,NA,NA,NA,NA,NA,NA,NA,NA,NA,NA,NA,NA,NA,NA,NA,NA,NA,NA,NA,25.5745009460657,25.0679633209451,23.9935089403,23.928937396081,20.9591262516135,21.0813863525785,22.9200483607093,24.6015618870591,20.2055636368009,22.2196815129904,29.4807968082783,27.2355170494565,27.3077670991087,26.3872492034629,25.229878888387,26.702165306481,25.3744089681854,23.9208497860243,26.7659266508091,19.2342148076218,21.7875915488067,25.2660949170203,25.3474852786142,23.4060909120217,23.9660049470457,17.3852433155583,16.6979055604742,17.3065305025377,20.7937859030648,22.6653093341066,17.2832309878701,20.0587558804683,22.3826608988755,19.3567217122881,17.8884202983299,16.4269394881875,19.9920671866845,21.1204526754724,21.3591245859604,21.5009035601642,20.9292321278123,20.1745986636184
"bahamas, the","bhs",NA,NA,NA,NA,NA,NA,NA,NA,NA,NA,NA,NA,NA,NA,NA,NA,NA,NA,NA,NA,NA,NA,NA,NA,NA,NA,NA,NA,NA,NA,NA,NA,NA,NA,8.75245619711151,9.62120786477178,9.56566290943781,10.4602926095334,11.3487913085023,11.7126187201303,11.3564443147492,11.2684567088791,11.6065397221364,11.0733625802482,11.6557621404214,11.6809863080292,9.96381390352549,10.160309410301,10.5377219163062,11.6959260275905,12.8025821747026,12.856193503144,13.5138580818261,12.8386451330997,12.8620947161626,14.2035003691251,13.7186555409826,13.0509500351724,13.605662765486,15.0752304848068,16.7473179856429,17.0127894124058,16.1628634022444,18.5895521409067,17.6516746696859,17.0205306584277,20.0979538335847,19.5656968016657,19.7696779172355,20.9941350522258,21.9881060052602,22.0695912505475,21.9931459116361,21.91905538124,21.8447936811987,21.7709248168035
"bosnia and herzegovina","bih",NA,NA,NA,NA,NA,NA,NA,NA,NA,NA,NA,NA,NA,NA,NA,NA,NA,NA,NA,NA,NA,NA,NA,NA,NA,NA,NA,NA,NA,NA,NA,NA,NA,NA,NA,NA,NA,NA,NA,NA,NA,NA,53.4502565112573,54.7205297789102,51.5394916987226,46.76061644116,44.4465400292322,46.8450382962577,45.4071779442987,45.2685741186807,46.3110590359739,45.3700239817493,44.549124883623,43.629353254911,44.6217963527604,43.6545334447179,44.1909991877133,41.6229663559866,43.311216519318,42.4941089940822,41.7970219857551,41.7703418680955,42.0549863869801,41.2823622425316,40.8831919626783,40.4665591115203,39.5174978284227,40.2004738941739,41.290599702718,42.4591112846261,41.3955821421555,41.8097565370807,41.8306991633514,41.8462795105615,41.9110873261564,42.0892075129588
"belarus, republic of","blr",NA,NA,NA,NA,NA,NA,NA,NA,NA,NA,NA,NA,NA,NA,NA,NA,NA,NA,NA,NA,NA,NA,NA,NA,NA,NA,NA,NA,NA,NA,NA,NA,NA,NA,NA,NA,NA,NA,NA,NA,41.2214131186944,40.0030975227273,44.8837348016055,45.5645659098415,44.3230601276876,37.641842899642,35.9750435124018,36.792164563592,36.9391345091023,38.2793269426273,39.5047422895925,41.3498471511024,49.1028365932049,44.4708049669473,40.1319123233986,37.4886023272307,39.2523875136277,39.8310806430877,38.9285590573109,38.8064744555008,39.0241340602534,38.7055640292601,39.6494207071224,38.2630262106877,35.1748395622585,36.4933335777642,36.0311189719696,41.089611824582,41.3449260552002,41.4485958043834,41.1368462607789,40.9164114767083,40.796737528049,40.6147135068828,40.5189300623149,40.392769480905
"belize","blz",NA,NA,NA,NA,NA,NA,NA,NA,NA,NA,NA,NA,NA,NA,NA,NA,NA,NA,NA,NA,NA,NA,NA,NA,NA,NA,NA,NA,NA,NA,NA,NA,NA,NA,NA,NA,NA,NA,NA,NA,18.1430556628311,18.1227910392883,18.2299062172387,17.0799013146478,16.4776292690564,18.6222457966831,18.9710458805707,16.1477343495669,17.1812009541803,17.6978137644872,18.8970117280088,21.8703606469039,23.0290875642184,20.7166683151245,21.4007709528337,22.4170065597793,21.8327260414957,22.5993915879397,23.0925148727547,22.8045569160739,23.1889107414002,24.1880462928377,25.5642565699038,24.6299487127714,24.5867325185033,22.4421813619611,22.380845077985,23.3684310032738,25.2376228704889,24.9082672412069,24.5566332572346,24.4870096301534,24.4759414223738,24.4694385695248,24.4694389765533,24.4694385950059
"bolivia","bol",NA,NA,NA,NA,NA,NA,NA,NA,NA,NA,NA,NA,NA,NA,NA,NA,NA,NA,NA,NA,NA,NA,NA,NA,NA,33.155873074152,8.13146447535777,10.9814592880497,3.24635918150336,10.7208343006839,17.4752253837538,14.9596733595781,15.6360142519268,16.9188543252114,16.44222696617,17.8781278377376,18.6586785073801,18.8628233775741,21.2654479316511,21.442023882357,21.6063121808434,22.3679112800996,22.2552750674134,22.8412014539646,22.8935382204467,22.525989352365,21.8105246259778,21.5465589768002,24.0497812989124,27.5497996205836,30.6410396666276,27.5777405415913,34.2037389211573,31.1797806049282,28.8737397159609,31.2875659364407,32.7568648695086,30.942908298476,31.99343129712,31.2028205210027,26.9127665834084,25.1417165212272,24.5846803961712,24.0895245417621,20.9522336500903,21.5663829916371,25.0296992142248,24.0249411654437,24.8227386402142,20.5774632386852,19.7036386671659,NA,NA,NA,NA,NA
"brazil","bra",NA,NA,NA,NA,NA,NA,NA,NA,NA,NA,NA,NA,NA,NA,NA,NA,NA,NA,NA,NA,NA,NA,NA,NA,NA,NA,NA,NA,NA,NA,NA,NA,NA,NA,NA,NA,NA,NA,NA,NA,NA,NA,NA,NA,NA,36.3342544809112,40.3462544637927,35.8874871745963,36.7256843044251,38.5067342907521,37.694360809552,37.6915641145363,37.522607942242,36.3061353415799,35.9621316402558,36.6259275562739,36.9581755884763,36.3580130335864,35.1514999023321,36.9094736870819,37.5123100944045,36.3276530908816,37.1905212946627,38.1843501960191,34.5415339040037,37.7402398732885,39.4806352523504,37.5968553358073,39.3695729867988,39.3478963456908,40.1702895310349,39.8184958227398,40.0523705222679,40.0652862872113,40.0570311798678,40.085606963885
"barbados","brb",NA,NA,NA,NA,NA,NA,NA,NA,NA,NA,NA,NA,NA,NA,NA,NA,NA,NA,NA,NA,NA,NA,NA,NA,NA,NA,NA,NA,NA,NA,NA,NA,NA,NA,NA,NA,NA,NA,22.176740148446,23.0896252398659,22.5681881911746,24.7379035495944,23.3916962308445,23.5414548224812,24.3723445409893,24.535164935189,24.1641698207762,24.8405005610276,23.4640597566669,23.5946152718293,21.8431655415365,22.0444591174362,23.1155456253109,21.6357052129609,20.8593336485031,23.0014568441547,22.2183430883562,20.5990889543756,21.1590570383892,21.5849698054418,24.0687244459409,24.3326935762628,24.7029348085921,25.0696760105176,26.3799151136142,23.2433060795474,25.1718710816117,24.8788253474171,27.2449835512057,26.6632729630782,26.1201925620498,26.1577572157186,26.1585828424427,26.1720047453969,26.1623517776747,26.1623517776747
"brunei darussalam","brn",NA,NA,NA,NA,NA,NA,NA,NA,NA,NA,NA,NA,NA,NA,NA,NA,NA,NA,NA,NA,NA,NA,NA,NA,NA,NA,NA,NA,NA,70.8733457550655,46.4857056654572,33.7273414629567,33.4844644773124,31.5194111871646,30.3286870650721,29.5867788195747,25.8310633671369,25.1875126585251,24.5056712106297,24.1747428988168,28.1510524802422,27.1853269282602,21.3863733979599,25.889081809262,44.3516579896351,38.0607479266003,36.8118765060105,38.9477431918345,41.7191124138972,45.0622935806959,47.768979145351,32.445203787447,63.3115820041545,38.4447884014145,36.7819679875363,51.4680651615512,50.6590831997538,43.8605511612528,35.2511123154871,25.5976105758086,23.1097695838313,22.7387790713435,29.990747328744,27.9786456447561,16.5996123744132,21.7212380089967,25.870051021373,21.491245939485,17.4284379937438,16.5167419413995,18.3582343722131,18.8750107799517,19.0111443729718,19.4183573316738,19.7711858855763,20.0759601791262
"bhutan","btn",NA,NA,NA,NA,NA,NA,NA,NA,NA,NA,NA,NA,NA,NA,NA,NA,NA,NA,NA,NA,NA,NA,NA,NA,NA,46.4336458269197,35.0241827909346,41.2422808234642,41.4063059950357,45.0952201213121,45.2826364480035,46.8946431773519,46.6747213384347,36.6648688524113,28.6310817687607,30.3251932468427,30.9846877604677,39.9198928233869,37.7464711906905,37.7251096909368,40.4392315569844,35.9129863323928,32.3818146310875,38.8911029654478,39.6392456671797,38.1307934891063,34.9731757373998,24.5116001639986,32.7979590138578,29.469786595355,33.3542585321778,33.9867819786392,33.5350055328199,38.5059747144672,43.4700577855961,33.0573979283962,33.0171586190983,27.9519342598853,31.3342022112671,27.0534273577126,28.1419643818725,26.0864832593108,30.1732526834439,22.7624898299942,29.1410872096712,30.8689041896792,25.1363545416493,24.1436193783839,26.5452010738283,27.7690897379299,32.1033519851094,31.0423810044178,30.3010442857428,25.6628505744287,26.6033664393395,26.2417292406819
"botswana","bwa",NA,NA,NA,NA,NA,NA,NA,NA,NA,NA,NA,NA,NA,NA,NA,NA,NA,NA,NA,NA,NA,NA,NA,NA,NA,NA,NA,NA,NA,NA,NA,NA,NA,NA,NA,NA,NA,NA,NA,NA,NA,NA,NA,46.0172586205068,47.5487881913379,39.2059074800546,41.1412642986501,42.5705477999239,41.1929196136489,44.1087245032507,46.4319936080348,42.8001411320732,40.508773735241,38.3434763233348,34.630424327388,37.0420863829613,38.0337845181597,39.3256081762182,40.4293265738019,32.9919579909317,34.8251725464412,33.5285416706445,30.5600841070349,28.3282486642559,25.6655005717481,29.0729208966192,29.1126211307961,28.1929869584885,26.4600743243686,27.5891393465254,25.0020154654659,27.0149013913387,27.3638259178685,27.7828960416248,28.6191118757579,28.5492871335645
"central african republic","caf",NA,NA,NA,NA,NA,NA,NA,NA,NA,NA,NA,NA,NA,NA,NA,NA,NA,NA,NA,NA,NA,NA,NA,NA,NA,NA,NA,NA,NA,NA,NA,17.2935656806117,17.710635545679,16.3665154269387,15.4108055962076,14.6369721936148,15.7649553635465,14.9626697771545,14.7783344840473,15.7288250566188,10.6528120687281,12.894971090681,18.0512700948861,17.699681005192,15.1554505833923,13.2654884677291,15.4727466643876,9.2311055434827,11.3377804719502,11.8128937219117,21.9536475266454,13.915458595447,14.7958168250934,15.4552158117529,15.911961564011,12.008866298793,13.9663325380516,11.0953885572624,13.6352530561593,12.1598572372912,12.2514071332189,12.0629496139286,15.9144969884273,17.091192112622,20.7343473676523,13.2852397874282,11.9845153900166,14.0457018285332,14.322724101013,15.575169740308,14.3103879397865,13.8034161632457,13.4682167335038,13.2179959541286,12.8697439168835,12.6514821850116
"canada","can",NA,NA,NA,NA,NA,NA,NA,NA,NA,NA,NA,NA,NA,NA,NA,NA,NA,NA,NA,NA,NA,NA,NA,35.9808810493203,36.9028834271134,38.9395642282779,39.5009029293036,38.9716982027742,38.8191417055928,38.7117095676834,39.4854072118945,39.6818238800981,40.2508239032436,40.5352162589956,42.178947262477,43.0781748514121,43.3078242181628,42.5426049847598,42.0763612855,42.2449649539874,42.8109379252274,43.5020056763176,43.5487609351144,43.4289388021156,43.1973173512369,41.6316381298038,40.1599572419732,40.1487311784766,39.9023456070122,40.0737202709642,40.4883990688252,40.3387039421016,38.9598084778832,39.5393977346637,38.3263867547634,38.2665102648553,38.4016865139632,38.466035167883,38.5453792624986,39.9565724379673,40.3000688706934,40.3429626920161,41.0222416048844,40.5723552805781,41.4132771184498,42.4135328324036,41.0300545465528,41.6451026422829,42.2206680861919,42.1855330641767,41.8970846231454,41.7168844396089,41.5884935596776,41.576673220326,41.6195398240713,41.7280398075058
"switzerland","che",NA,NA,NA,NA,NA,NA,NA,NA,NA,NA,NA,NA,NA,NA,NA,NA,NA,NA,NA,NA,NA,NA,NA,NA,NA,NA,NA,27.9787102468062,27.8820558855115,27.6698773219567,28.6328697113033,28.4584822454688,28.7837352972216,28.0603024488677,27.1777589288259,27.2076030087014,27.9097251922309,28.8536873210519,29.4465719349544,30.139137091889,30.4782546343314,30.1786731782989,31.0065242236153,31.2352813511871,32.1523640304965,31.4066931798348,31.8700557749127,31.4848511709606,31.2525537657832,31.27431512221,30.9016168980422,30.5011394826629,31.4793657974239,31.7061814872638,31.2116248149598,31.6295827233534,31.3516453008377,31.5437600504458,31.3022063815277,32.4597925849476,32.1713703732904,33.0282595879585,32.3462451196036,32.6300371111428,33.3397194121488,33.1030789681675,31.6079941724926,31.0581694998176,31.8324289368136,31.6732667921295,31.6732667921295,31.6732667921296,31.6732667921295,31.6732667921295,31.6732667921295,31.6732667921295
"chile","chl",NA,NA,NA,NA,NA,NA,NA,NA,NA,NA,NA,NA,NA,NA,NA,NA,NA,NA,NA,NA,NA,NA,NA,NA,NA,NA,NA,NA,NA,NA,NA,NA,NA,NA,23.2416908994599,22.7899607374022,23.0401601629236,22.6330055184988,22.0585090671437,22.5519882395393,22.7056949645061,22.6206689484342,22.2955465237341,21.6745947093874,22.1771705480252,22.6866391006516,22.030860582971,21.8027993468103,22.8664866101028,24.817124335857,26.2392434283346,27.2614830660235,25.7215674514874,20.7167240646011,23.1037548361226,24.3128801429905,23.7717898927676,22.6429282789269,22.3562414787641,22.9394362836502,22.7060367561748,22.8650894821066,24.1334399104331,23.7666232078231,21.9930427247801,26.0903074647469,28.0850856643006,25.1226979228883,23.9123060566898,23.5861717319607,23.5960709616585,24.3954135383266,24.2366389219187,24.0015207497008,23.7965392805828,23.9234951807069
"china, people's republic of","chn",NA,NA,NA,NA,NA,NA,NA,NA,NA,NA,NA,NA,NA,NA,NA,NA,NA,NA,NA,NA,NA,NA,NA,NA,NA,NA,24.4505990166076,24.6377775008932,23.4766619379962,23.3797588020568,21.9584618609043,19.6996908623787,17.1911476287384,17.6503488841451,17.4543876130807,15.4965549960383,13.4326717818835,12.5433034021126,10.6911409470227,10.1323888427176,10.2558710372316,10.7821043146414,11.5198431352422,12.5547070497413,13.2593744493915,14.6493192544296,15.3628926738802,15.6077052229688,16.1153955576611,16.6080204107442,16.9300236866635,17.924832397447,22.1327893218206,23.5010322211363,24.3087172872269,26.5508918621926,27.3970969667689,27.2808552031606,27.7400501278949,28.5116611488042,28.365642605276,28.6753325102456,28.4404309940655,27.6045130947347,25.2751259986976,26.009204194629,25.3225255322715,26.0256719821657,25.8305374381648,25.0111108020022,24.6653762348058,24.8615207909124,25.0163960200592,25.1043372839438,25.1877841683074,25.1877841683074
"côte d'ivoire","civ",NA,NA,NA,NA,NA,NA,NA,NA,NA,NA,NA,NA,NA,NA,NA,NA,NA,NA,NA,NA,NA,NA,NA,NA,NA,NA,NA,NA,NA,NA,NA,NA,NA,NA,NA,NA,NA,NA,NA,NA,NA,14.4229978970926,13.8680207929919,12.3999905101675,12.0468118165038,12.138205073394,12.4606030688556,11.4135146089214,12.4702378106812,12.5714489186706,13.4269479108722,14.4537833161002,14.3795318015416,13.3839847440871,13.1284697204028,10.3078483817564,13.865282063816,14.2362979840986,13.6453798923177,14.4604562278383,14.6021886454026,14.834974328584,14.6559117142515,14.9777483280146,14.9506201079995,15.5732557545634,15.109775502554,15.860902879213,16.4017366819351,17.1826297594608,17.5787211964586,18.0073361118876,18.4977376375885,18.9422329349818,19.3024338950771,19.4859327376237
"cameroon","cmr",NA,NA,NA,NA,NA,NA,NA,NA,NA,NA,NA,NA,NA,NA,NA,NA,NA,NA,NA,NA,NA,NA,NA,NA,NA,NA,NA,NA,NA,NA,NA,NA,NA,NA,NA,NA,NA,NA,NA,NA,NA,NA,NA,NA,16.4721849828128,15.5803054866879,15.636907394352,14.1397376011192,12.7799071349821,14.8557701858998,18.3508683295852,17.1959046771129,17.8786854856172,14.6641514240619,14.245576138751,15.5808464657201,15.7482169799048,15.6494021424835,16.1624295556287,15.0748462249242,14.3032789871291,14.5027030134491,15.5407063991665,15.4213373206812,13.3090856265633,14.1657690333011,15.9689534138364,16.6253145007243,15.5524815333871,14.2490330976077,14.9884627034682,15.2001683559753,15.3451964155534,15.6289492093994,15.9175281603826,16.2431419435666
"congo, democratic republic of the","cod",NA,NA,NA,NA,NA,NA,NA,NA,NA,NA,NA,NA,NA,NA,NA,NA,NA,NA,NA,NA,NA,NA,NA,NA,NA,NA,NA,NA,NA,NA,NA,NA,NA,NA,NA,NA,NA,NA,NA,NA,1.61127634237332,1.45634358479885,1.23628600374457,0.799129249937014,0.636877256534334,3.02952200978315,5.06226341777456,4.94407400202378,7.01737452538132,8.88648003147869,9.43921407090559,9.19120410494987,9.65450496735697,13.3003796840915,14.4028775054425,12.7486234678285,15.1183303551024,15.221017003176,17.4154144458177,14.6915130602115,13.3987310998094,11.1529365179841,10.872542336659,11.7422634548228,9.95907371103747,11.8785421334009,16.2304548500208,14.3044404479366,14.8041455177157,14.4338700265625,14.590452534811,14.9999213738741,15.2004472346575,15.0642169885401,14.965204194835,14.8730796052829
"congo, republic of","cog",NA,NA,NA,NA,NA,NA,NA,NA,NA,NA,NA,NA,NA,NA,NA,NA,NA,NA,NA,NA,NA,NA,NA,NA,NA,NA,NA,NA,NA,NA,NA,NA,NA,21.0691468649377,26.3337709326164,22.8849100285718,20.0820562915539,21.5374139841924,20.0809316106753,21.2009724243122,24.9140900375957,25.8647500528516,19.9075660034986,24.006393073701,23.6916864072409,28.3725403561589,24.7931336592333,27.3785296224497,27.7147060304041,35.5277932183754,42.5877108844562,37.5680991341909,48.0626393784101,29.1891082600131,38.5144535503349,43.9378638106035,37.8927379849381,39.5423581022511,37.8301264090596,23.4830345972801,24.2643651135654,21.0286932555591,23.0084639998917,24.4565953025887,20.0035860544333,22.5645118224041,31.7805692344642,26.4803251498089,25.2667266750838,24.2037853911745,25.1509019653596,25.1064732145048,24.835038851933,24.5238004893152,24.3087699697294,24.040789708345
"colombia","col",NA,NA,NA,NA,NA,NA,NA,NA,NA,NA,NA,NA,NA,NA,NA,NA,NA,NA,NA,NA,NA,NA,NA,NA,0.0455041795062966,0.0362406664725505,10.7470534539495,11.2697990225159,11.4420925739506,12.2099027234736,12.2299574303962,14.1199972387034,13.6530373185188,16.258979983958,17.0419598855088,18.0408416534015,18.341255458227,19.7629161462699,20.434200210588,21.1974933680561,22.5738430380139,22.9495127108581,22.4767297097609,22.8918750263206,23.6422323771383,24.7980052060943,24.6217414119262,25.3118461391999,25.3203399811395,25.8685599620259,27.4485126703276,27.3424562330789,28.4706702275371,28.2401696752559,27.047402715898,28.2403422522823,29.2473371100776,28.9776188020161,29.5171268543781,27.7571278256755,27.7196684866212,26.8249721753864,29.9902422981859,29.3970564219428,26.5881162200918,27.1980691205871,27.7273559900266,32.1708767463662,28.3268832438947,27.4271139361382,27.8508326406658,28.2713765978504,29.164469897508,29.2845673283528,29.4733553029787,29.517786283971
"comoros, union of the","com",NA,NA,NA,NA,NA,NA,NA,NA,NA,NA,NA,NA,NA,NA,NA,NA,NA,NA,NA,NA,NA,NA,NA,NA,NA,NA,NA,NA,17.5985327595001,19.7435661296252,20.7423124719987,19.3101077765858,17.5095946290273,18.3517345314141,19.2253721773918,17.677782321754,18.3628948119631,17.5456501546949,18.0800084369916,14.2483752275846,12.0830501894844,13.2290182808417,11.0616080837097,10.9959980079726,8.60233403493639,10.859677388117,12.1110327040596,10.7144887950076,10.7335947102289,11.3957816079556,10.9478635222483,11.884415688993,13.6644922425952,14.0216370423259,17.4712015086675,14.0783881544997,16.8215102902852,25.3151818553537,14.199788207689,21.6571403488818,13.3855455142951,18.751722429068,17.8205895627408,15.8442009781305,18.2507670933779,17.1378462611386,14.5023455435469,16.5123961946745,16.4629409662079,17.2067564676102,17.6439811370814,16.9620056403876,16.8264763269731,17.8449580792904,17.9512961812937,17.8077508433115
"cabo verde","cpv",NA,NA,NA,NA,NA,NA,NA,NA,NA,NA,NA,NA,NA,NA,NA,NA,NA,NA,NA,NA,NA,NA,NA,NA,NA,NA,NA,NA,NA,NA,NA,NA,NA,NA,NA,NA,NA,NA,35.2769156205669,33.3779971639691,27.7083688256917,24.6108060496356,26.6846259939373,24.0876709129432,21.1574600340423,19.1268949213745,22.3915656420326,19.7814420380556,23.2941547501401,21.532398564653,24.0844569865753,26.1969232089839,26.1855857552086,25.309378991926,26.111166926882,23.366588108098,22.2170800842551,22.3771015543217,20.8354315274303,24.5399406223238,23.9191804229969,25.3486066706533,25.1750971289407,25.8893924587863,25.2478155112846,23.2811087998676,22.3486315752335,25.4239172598026,25.0288212836894,28.1027412111824,26.58381031199,26.7855951038777,26.8835615248107,27.0589985244335,27.2487649198047,27.1818923190978
"costa rica","cri",NA,NA,NA,NA,NA,NA,NA,NA,NA,NA,NA,NA,NA,NA,NA,NA,NA,NA,NA,NA,NA,NA,NA,NA,NA,NA,NA,NA,NA,NA,NA,NA,NA,NA,14.4695488759371,11.5942509313708,12.2317745040684,12.2943684305868,11.9602359189926,12.7183863897952,12.9651927654142,12.8657077425829,13.0617934788122,13.830587706272,13.1863219736564,13.8095114381963,13.5582388367382,14.1349894707184,13.5909935166986,13.7974469998019,14.10753058717,15.15366616627,15.3620487993719,13.4077271647389,13.0859899267292,13.2701495755302,13.1279029441663,13.2731820563588,12.9464960207857,13.2368659869223,13.6617891885871,13.2777532422791,13.2036709439892,14.9244097698276,13.8213691678208,15.537181736499,15.977331501279,15.085134819363,14.8739144888829,14.4185020084152,14.2266714498516,14.1150558689238,13.9603352595769,13.8021479703523,13.6453799446688,13.4476697132596
"cyprus","cyp",NA,NA,NA,NA,NA,NA,NA,NA,NA,NA,NA,NA,NA,NA,NA,NA,NA,NA,NA,NA,NA,NA,NA,NA,NA,NA,NA,NA,NA,NA,NA,NA,NA,NA,NA,NA,NA,NA,NA,29.7031895080942,29.4880631618522,29.394272338596,30.5301383017473,30.2666598160612,32.7305332704106,33.608072243779,33.291235160394,34.4787587677983,34.9260991310874,37.464496063364,38.085625,40.7920509379551,39.0841421394566,36.4554440601004,37.0117824788938,36.4249349132092,36.342932178873,36.9382053613002,43.2630928684192,42.246668784378,40.0821512909113,40.563892006853,40.8899568044461,41.2849878210333,40.362921247877,41.1342076979392,40.4343308956472,42.348585503297,42.4215058340356,43.3916165356607,42.7605692759553,41.7090462835808,41.5960864717618,41.3645163851117,41.1734225690999,40.9893725242792
"czech republic","cze",NA,NA,NA,NA,NA,NA,NA,NA,NA,NA,NA,NA,NA,NA,NA,NA,NA,NA,NA,NA,NA,NA,NA,NA,NA,NA,NA,NA,NA,NA,NA,NA,NA,NA,NA,NA,NA,NA,NA,40.5484977211243,38.4505551583326,38.1983562539377,37.4923232408926,37.8044127862743,37.0462141100971,37.3446021606946,38.0906249144933,42.0755422231493,39.8015789352664,39.2713622926976,39.2820682489522,39.7914085072741,38.9233458590378,39.0001026484569,39.0522128703739,40.1274858956061,40.4506037073747,41.0836287071442,40.2148611086683,41.0312710334659,40.0593223663698,39.9276819612677,40.9968784315931,40.6552429677074,40.602932098077,40.0732907349762,39.9201716002787,39.9545279780878,40.8293185613883,41.4488842082039,41.0668073077814,40.6061202684881,40.9300952529465,40.9644880475279,40.9362719534574,40.9711001806087
"germany","deu",NA,NA,NA,NA,NA,NA,NA,NA,NA,NA,NA,NA,NA,NA,NA,NA,NA,NA,NA,NA,NA,NA,NA,NA,NA,NA,NA,NA,NA,NA,NA,NA,NA,NA,NA,43.328139431142,44.7209469615005,45.2113421421011,45.7714823560135,45.8036875042765,45.9183535902435,45.7258105511443,45.6413705119393,46.6203231210645,46.3424208559113,44.5280638387997,44.1578511801957,44.6842436440394,43.5507012524858,43.4962656565092,43.5536522434444,43.6947235093737,44.1617360810727,45.1333416199874,43.7083502213929,44.4495451252498,45.0467977479923,45.285925595155,45.2396572925846,45.4006601814689,45.8653108872343,45.8767637431708,46.5341013328364,46.8598471141668,46.733812074002,47.5021046399844,46.700623403578,45.6516349829712,46.764519042636,47.8800244300221,47.8908486547006,47.8441720095956,47.7919024371533,48.0234079838762,47.9795580604761,47.9824911510131
"djibouti","dji",NA,NA,NA,NA,NA,NA,NA,NA,NA,NA,NA,NA,NA,NA,NA,NA,NA,NA,NA,NA,NA,NA,NA,NA,NA,NA,NA,NA,NA,NA,NA,NA,NA,NA,26.9336098150349,26.8195243793769,28.731691630734,28.2103538726233,25.9538863904048,21.8655136607614,21.8979675125581,22.135421563068,20.4159174773928,18.3255547340602,19.2313090295983,17.3517430238693,18.8285036954453,21.7109596121851,23.0270888265587,25.0337700131011,24.1111701774557,24.6895560767543,29.4490369220815,27.1211581997169,25.5849604956263,24.0933203810034,24.4347647355378,26.4765784114053,22.0674312182317,26.4196238143246,25.1149545119707,23.6540528761327,23.9351651073058,23.9293374971428,23.2181225952065,20.0699447154808,19.4795525587337,18.1412366021189,18.62711518242,18.845857658856,19.0758966283518,18.8160350281126,18.5947670265437,18.3858932879316,18.1897549637991,18.0057723602622
"dominica","dma",NA,NA,NA,NA,NA,NA,NA,NA,NA,NA,NA,NA,NA,NA,NA,NA,NA,NA,NA,NA,NA,NA,NA,NA,NA,NA,NA,NA,NA,NA,NA,NA,NA,NA,26.8198263411848,25.968768923659,25.145152244784,23.7663091938718,23.8346551212001,25.873757675796,26.8677337571232,25.9104669966565,27.0515712331621,26.0256050362911,29.8565721567273,23.0764441952088,24.5404342159478,30.9561451642128,29.575780070589,31.9044092763853,32.619027371757,35.8622047875122,35.4406471327849,35.5993913394931,36.0445967946093,30.8152125675432,30.7579843698208,30.5593007455209,27.1627356368776,43.7724992356946,59.6281214584296,50.7136630337879,46.2465322153171,39.5618462383091,59.2297122469976,58.7716229271479,62.5144211346203,60.3060747736031,60.6478531083318,54.0616255421376,46.5515481289079,41.546786558357,41.3570256607477,41.1644891532656,41.0944971683195,41.2463974826839
"denmark","dnk",NA,NA,NA,NA,NA,NA,NA,NA,NA,NA,NA,NA,NA,NA,NA,NA,NA,NA,NA,NA,NA,NA,NA,47.8710046740959,49.033664507561,49.2348174068761,47.8846288288108,50.7408528462343,51.2553286062711,53.1183039424574,53.1002543755123,54.6935316068753,55.1465171087702,53.9898955450754,53.2782697647231,52.3338451636528,53.8294332854627,55.741395531291,55.6365179046483,55.24075025396,55.8067124317135,54.9580351922305,55.3185996162731,55.7303099163564,54.6609571917589,54.1222362540507,53.3494629750333,53.6406807177462,55.0245284743594,56.2567017110471,54.9972644878302,54.7628882065968,53.7452458141338,53.5827074407498,53.9946582705241,54.5246173720552,54.7031651327196,54.6364455484626,56.5297420240352,53.523090760248,52.6540538971535,52.2903613417861,51.564757869476,54.0902928716634,53.7021563747803,53.783750969349,48.4783517796948,50.8283024221188,51.7881510606182,50.4999084318137,49.0520056772715,49.5794559664261,49.8776678672049,49.8742462418805,50.0776678672048,50.1810894925292
"dominican republic","dom",NA,NA,NA,NA,NA,NA,NA,NA,NA,NA,NA,NA,NA,NA,NA,NA,NA,NA,NA,NA,NA,NA,NA,NA,NA,NA,NA,NA,NA,NA,NA,NA,NA,NA,NA,NA,NA,NA,NA,NA,NA,12.5308408086514,12.3078385478609,12.6132490426041,13.234000213392,14.1630882720427,14.1978451887788,12.9817990959518,13.7340455591185,14.7863662273417,15.2630341405678,16.6019939666359,15.0613625936531,13.2604974532901,13.0923426720285,12.9196028356138,13.5592857014657,14.1018031940201,14.2823218416376,16.6946242946215,13.8990667354878,14.1405965672883,14.2848632563054,14.3630068322842,14.240513311294,15.4986696158073,15.2733680957788,15.8454923907682,16.3783718125615,15.7574432296518,15.9339675168336,15.8175132019534,15.82309803553,15.8230980355301,15.8230980355301,15.8230980355301
"algeria","dza",NA,NA,NA,NA,NA,NA,NA,NA,NA,NA,NA,NA,NA,NA,NA,NA,NA,NA,NA,NA,NA,NA,NA,NA,NA,NA,NA,NA,NA,NA,NA,NA,NA,NA,26.6253671640183,29.1131805198606,27.1616422316671,24.7910982677005,26.8954829425269,27.612644492412,29.5841966188591,30.7117414059499,25.2128635348065,27.5948806846994,35.2647713857286,32.241297042227,32.7086002464441,34.2427096275503,33.4447572265113,39.274636182826,40.7072851725995,37.7358142751559,45.0917594917085,33.5845078502949,33.7423276235195,36.6622479461113,35.9948182497994,32.6780459803846,29.8023165858729,27.0391929667978,25.3323186079364,28.7015173368434,30.0957840260326,28.5905069843779,26.9874052124655,26.2293999420988,29.7262128744909,31.8761337281703,22.9948289514032,26.0070447509152,23.5629665510407,22.9189817595827,22.271181106592,22.6006106676644,22.7863614084209,22.9057602909954
"ecuador","ecu",NA,NA,NA,NA,NA,NA,NA,NA,NA,NA,NA,NA,NA,NA,NA,NA,NA,NA,NA,NA,NA,NA,NA,NA,NA,NA,NA,NA,NA,NA,NA,NA,NA,NA,NA,NA,NA,NA,NA,19.9280637877953,19.2953801645185,19.1380345772506,16.4323794688112,19.3036905887083,23.9391398585142,21.4234125336793,23.5116066282368,22.316151947705,23.2319615976601,22.7060698131769,24.6498813885058,27.3439141463616,36.1605794583068,30.5822775196282,34.0101978292473,39.4873992077686,40.3338190418673,38.5650538181685,37.8272176758732,37.2216839485169,33.8356498289109,34.7137748020306,38.1219488568358,36.2855477538752,32.8247068830089,35.8682373739758,38.8963725222189,36.0779276771015,37.0561194815796,35.5050332521592,NA,NA,NA,NA,NA,NA
"egypt, arab republic of","egy",NA,NA,NA,NA,NA,NA,NA,NA,NA,NA,NA,NA,NA,NA,NA,NA,NA,NA,NA,NA,NA,NA,NA,NA,NA,NA,NA,NA,NA,NA,NA,NA,NA,NA,NA,NA,NA,NA,NA,NA,NA,NA,NA,28.3865553030028,27.3127047879335,26.7922120112869,24.1558477097153,24.908987113784,24.3560820626728,23.6226413713074,27.1858802807693,26.3620522650786,26.6392448984833,26.3306973839898,23.9108902004806,20.9484589539152,19.7198694251314,20.607030890988,23.1689125780553,20.8949431443319,19.172041621565,20.654552914467,19.6560970382753,19.3022087205146,18.2267642947697,18.5878990259789,19.1977672935926,16.9732292846241,15.8164619922791,16.1149297265705,16.6345287505973,17.831490395863,17.7953885806138,17.4824587495137,17.3723048537551,17.1969179435269
"eritrea, the state of","eri",NA,NA,NA,NA,NA,NA,NA,NA,NA,NA,NA,NA,NA,NA,NA,NA,NA,NA,NA,NA,NA,NA,NA,NA,NA,NA,NA,NA,NA,NA,NA,NA,NA,NA,NA,NA,39.5101495057828,71.4448273049267,59.0448351567372,58.261154562376,50.2423573985635,54.5001263133195,47.6429148587364,46.3196407089286,59.341585327244,49.9152976817057,46.7820155818665,64.3792783645873,49.4019752891922,45.598998113316,34.9927654967361,31.3764142913622,31.4165024248576,22.7799701851889,25.9277805255168,26.7485877520363,28.1075124055266,25.1046476481472,21.4766664712126,28.3152569844829,29.5003391060853,36.7549979991499,31.5810537941909,33.9734669240214,NA,NA,NA,NA,NA,NA,NA,NA,NA,NA,NA,NA
"spain","esp",NA,NA,NA,NA,NA,NA,NA,NA,NA,NA,NA,NA,NA,NA,NA,NA,NA,NA,NA,NA,NA,NA,NA,NA,28.1712114079486,28.9404293814305,29.3832431946189,31.1940966422232,31.3129625946695,32.9936622599227,33.6457942806896,35.2526419833808,35.3077864484631,37.1184866972342,37.1778742883124,38.0300642523247,39.5974832129174,39.3831261765894,38.5146626314095,37.3381074568884,37.0057225133246,37.6354362767862,38.3514622209342,38.7185380063907,37.9624410680561,37.9601916234639,38.310810089844,37.9803733229681,38.6944384048071,39.6799127700884,40.513305790387,41.0648875541627,36.7745624002186,34.8352733949058,36.3574077770402,36.2471811282973,37.7418520334683,38.6707187233097,38.9832417183134,38.4179366983347,37.8742207028345,37.9511018577397,38.9465765221781,38.9672252753827,41.4068546794496,42.8344101130416,41.72014219439,42.0760054508029,42.2581272384011,42.2014755995466,43.2276610792309,43.1500240606224,42.821556502942,43.1084503443267,43.2672786439263,43.3655487737493
"estonia, republic of","est",NA,NA,NA,NA,NA,NA,NA,NA,NA,NA,NA,NA,NA,NA,NA,NA,NA,NA,NA,NA,NA,NA,NA,NA,NA,NA,NA,NA,NA,NA,NA,NA,NA,NA,NA,NA,NA,NA,NA,39.2703461332502,37.7056254213618,38.7846296742635,39.5509531713165,37.2355131715805,36.2540785773679,35.6835218259858,36.1586229018794,36.7139039548539,36.3670135444936,34.7772866655796,36.2008287427162,36.3471171479854,36.6276398827361,42.6687487174988,39.6087371521447,37.7075893001136,38.5357626878743,37.6423742761528,37.9688289260605,39.0138946993678,38.2857014929947,37.7914353147479,37.6754396243657,39.0110559615286,39.3150221757346,39.5280051924583,39.0429456215034,40.4260188530775,42.0755422326229,43.9172108300942,42.8111533613716,42.0517621583122,42.0063632580129,42.2375600866389,41.9905251553305,41.8894872323255
"ethiopia, the federal democratic republic of","eth",NA,NA,NA,NA,NA,NA,NA,NA,NA,NA,NA,NA,NA,NA,NA,NA,NA,NA,NA,NA,NA,NA,NA,NA,10.933071427365,11.9880831931386,12.8084531899152,13.6602922378689,15.1319235250361,14.9865194908512,15.8653443322114,14.8367054752817,18.0871954636927,19.686559914457,13.9980777768349,11.3210114994718,9.31285305797947,9.65159940527478,12.239006137128,14.6325300565935,14.8613641263105,16.1761782026364,17.4843684846185,18.2701608214351,16.7179309305078,18.6776668088179,19.1053150775307,21.4494775873344,20.4977949997903,18.7677395563264,18.2790954203643,16.9539891153448,15.8736806539092,16.1806583035474,17.1624842655191,16.6210023989934,15.4763018322119,15.8252577490902,14.9014156837912,15.3786676481699,15.6125144650578,14.7433502751266,13.0702898124232,12.8193561947597,11.7049483653392,11.0316852252966,8.5388104473062,8.2212456154748,7.54907791520728,10.8587023722713,11.3102134583395,11.4574713697585,11.7746864891539,12.0901173848012,12.2680686917729,12.21841736833
"finland","fin",NA,NA,NA,NA,NA,NA,NA,NA,NA,NA,NA,NA,NA,NA,NA,NA,NA,NA,NA,NA,NA,NA,NA,46.75504630814,46.7445910195692,49.3205147585883,48.8300211514508,48.5553423076248,50.1864957000535,51.9519792482893,53.3826411619665,51.6944529788108,54.4177936844489,53.9391413977725,53.7172839466807,56.0629590800658,55.9312828126179,55.5676624931036,55.8003353366625,54.0557011396185,55.1192916049698,53.5878083131703,52.8742599496807,51.5210264169977,53.6580000879856,51.1212684890017,51.4308811641067,50.6248599338228,50.3480512281011,51.7805740104211,52.1968518057862,51.7959574251974,52.054794520548,51.60756045891,51.4432863665113,52.8193063671549,53.5423050434678,54.5845884705917,54.6302008695441,53.3164915886428,53.4023744072095,52.2202344396678,51.7940535995343,51.6665408899957,50.9186207363349,52.4613690083774,52.4575873147087,53.0565374260545,53.3520777700884,53.6851833644385,53.8632505068805,53.7460356972157,53.5329881186837,53.7434140338073,53.7434140338074,53.7434140338074
"fiji, republic of","fji",NA,NA,NA,NA,NA,NA,NA,NA,NA,NA,NA,NA,NA,NA,NA,NA,NA,NA,NA,NA,NA,NA,NA,NA,NA,NA,NA,NA,NA,NA,NA,NA,NA,NA,NA,NA,24.8595141380081,24.7960358477233,24.660656402463,24.2874633184633,23.7571453352315,24.7354793644805,33.1134881925211,25.7653534809115,22.843812925205,22.4878228370548,24.4392834262114,23.2791370615578,23.7127836353045,22.8559571156279,24.6386301899655,23.8645108262352,24.3932567261673,23.4306870974704,24.2529173129135,25.7844435140676,25.3338504060716,25.8302564873157,26.7052297024006,26.7369854913145,26.3830835382351,25.8448580548395,27.6714673088399,27.0683756861979,24.3513118102154,21.5350783081997,21.6369388979807,23.0481038939582,27.3760952153908,29.0627071056003,28.2221019732616,27.8420717357303,27.9512329486771,28.0223013421442,28.0168050435457,28.0112675871207
"france","fra",NA,NA,NA,NA,NA,NA,NA,NA,NA,NA,NA,NA,NA,NA,NA,NA,NA,NA,NA,NA,NA,NA,NA,NA,47.6128032971552,48.2299142081591,49.1689267692244,50.0075278600813,50.806059167808,51.1788020806235,50.1766853574378,50.7644547283892,49.4465718086178,49.0839067069545,49.1561771115209,49.8362074299546,49.3684917312998,50.1396233298292,50.4237569908607,50.941726904388,52.1213353285634,51.8568252784241,51.5867276527537,52.1123708739145,51.3062624998558,51.4053922987887,50.748987854251,50.2657995097124,50.4452900404927,50.7557739630248,51.0924956975029,50.6405931029643,50.7804221105528,50.6123078353583,50.5592876019188,51.7093254050038,52.7210053024321,53.6536386411313,53.8202832013068,53.707900692377,53.6164895092299,54.3001796497855,54.0475586990201,52.9531080208222,52.7664781932781,52.8796197283842,53.6914510453478,51.3937329628066,51.4700754758187,52.3501514151508,52.4228655814321,52.6133402103714,52.802658004507,52.9675508898686,53.0778669527273,53.1888503353378
"micronesia, federated states of","fsm",NA,NA,NA,NA,NA,NA,NA,NA,NA,NA,NA,NA,NA,NA,NA,NA,NA,NA,NA,NA,NA,NA,NA,NA,NA,NA,NA,NA,NA,NA,NA,NA,NA,NA,NA,NA,NA,NA,NA,76.7873502754324,73.7738701007952,66.9399388681436,69.0944176306591,67.7828666500805,63.9199130812845,58.72397343618,66.7572814711383,70.1463483374471,56.3590036313822,54.5811979527231,55.7263203944299,56.592942828656,58.2480945446591,66.2271277122852,68.9111887538923,65.3232002267447,66.7124747521456,63.0970056007188,65.9915145043345,66.9130528371481,70.023201214707,79.4910089051797,81.2192527235127,76.8073345308281,67.0063407083796,70.9738601034609,76.1165370555921,61.3491499952433,61.4820980707755,60.6273608774704,62.369328977927,66.6440707389119,69.2750241732648,69.166114284951,64.7958913475769,62.2149875996214
"world","g001",NA,NA,NA,NA,NA,NA,NA,NA,NA,NA,NA,NA,NA,NA,NA,NA,NA,NA,NA,NA,NA,NA,NA,NA,NA,NA,NA,NA,NA,NA,NA,NA,NA,NA,NA,35.3789406352445,35.9583025279423,34.4042248669327,33.9980221947864,33.7128909346205,33.6319398602015,33.26735371449,33.2525067574753,33.4410930284333,32.9134916461828,32.5253969465073,31.7847819967788,32.0625630029991,32.4224222479115,33.1221127761137,33.5585075945747,33.6208961364087,33.7059173331205,31.8920911081894,31.6348233539585,32.3857754192729,32.5135308630688,32.9486405012377,32.7034975007813,32.1297948656391,31.9466447630877,31.8809067846631,32.1065536809626,31.7307319119449,31.2839138121728,32.0858043413129,32.2955231353914,31.4235539914406,31.632074861233,31.9402535558701,31.9256712361725,31.9066774507642,31.7928061726235,31.7624326376491,31.7760694886001,31.7278463368944
"advanced economies","g110",NA,NA,NA,NA,NA,NA,NA,NA,NA,NA,NA,NA,NA,NA,NA,NA,NA,NA,NA,NA,NA,NA,NA,NA,NA,NA,NA,NA,NA,NA,NA,NA,NA,NA,NA,38.51051279318,38.8729257247847,37.9746320974814,37.5176815357132,37.0899709848716,37.5080220541302,37.6610358273375,38.187616671559,38.053151525672,37.4480920171405,35.2964884019709,34.1605201432097,34.4104478358293,34.7669149698153,35.465369772068,36.1192069755612,36.523653274316,36.1353899374938,34.7641590967848,34.5261545572134,35.1242980209132,35.2026542973047,36.4108665721446,36.417805538059,35.9930811292723,35.7990007426483,35.6559889386419,35.7373287915721,35.4780013330023,35.8369356131433,36.7488597594422,37.1598222520139,35.3533094973096,35.5872040481265,36.3403111234874,36.357517998814,36.3618205407638,36.2731051699212,36.3277333788369,36.4511273029705,36.509614961223
"g7","g119",NA,NA,NA,NA,NA,NA,NA,NA,NA,NA,NA,NA,NA,NA,NA,NA,NA,NA,NA,NA,NA,NA,NA,NA,NA,NA,NA,NA,NA,NA,NA,NA,NA,NA,NA,38.0689884190632,38.5097492678231,37.5069542952717,37.0438452689884,37.2709616094195,37.7856125959638,NA,NA,NA,NA,34.9440877778746,33.603062098283,33.699202301312,34.0691636641427,34.8630568382261,35.6261288962218,36.0290495702163,35.5962630772779,34.1943589939577,34.0392710206118,34.6923405038373,34.7361855248869,36.2308042913585,36.392386992514,36.1678136474959,35.8526737141301,35.6568540859457,35.6725139019982,35.4128980835233,35.8859933530971,36.8308024237794,37.344712647684,35.0609717335524,35.2946802436571,36.2010074963104,36.1043525767832,36.1951821443686,36.1036517603742,36.1551590425614,36.3196986838637,36.3992878503517
"g20","g120",NA,NA,NA,NA,NA,NA,NA,NA,NA,NA,NA,NA,NA,NA,NA,NA,NA,NA,NA,NA,NA,NA,NA,NA,NA,NA,NA,NA,NA,NA,NA,NA,NA,NA,NA,35.7395988326836,35.9179541544764,34.1229717242558,33.779333163819,33.4143242126059,33.3858013084746,NA,NA,33.4162061258628,32.5628149458575,32.4542198076599,31.422927369819,31.5480374791853,31.8843834753863,32.5827855078012,33.0741984381653,33.2111348846634,33.3001589149112,31.6692202943851,31.4168055961371,32.2240466745698,32.3669974813136,32.9996955906898,32.9387993843618,32.7096541365999,32.5438385234513,32.3656195132123,32.433091570527,32.0425476397987,31.6179708862222,32.3920225748629,32.5915279005261,31.4532741995478,31.6306848379967,31.9932475209137,31.9381086874774,31.9500316985886,31.8399628066263,31.8189179290653,31.859921362065,31.8334568413397
"euro area (ea)","g163",NA,NA,NA,NA,NA,NA,NA,NA,NA,NA,NA,NA,NA,NA,NA,NA,NA,NA,NA,NA,NA,NA,NA,NA,NA,NA,NA,NA,NA,NA,NA,NA,NA,NA,NA,44.8643726691767,45.9865275256085,46.7411435019545,46.4387365592817,45.7081686383791,46.1474717151479,46.1889557764806,46.0093168536843,46.4491021227302,45.9246613882548,45.2378939816418,44.8140509032288,44.7392602352112,44.4161314140736,44.5664385496937,44.9438455189936,45.0950877569234,44.8499465678365,44.8424676979675,44.6611876699796,45.2653299386086,46.3727533597372,47.0377641599536,46.9826600703421,46.559232953038,46.3883259569784,46.3395907747232,46.5256669504103,46.4003512971385,46.4924073915481,46.8413239012251,46.4398385661768,45.7759352008413,46.3430857465921,46.7999115337066,46.8942101930544,46.8563735172118,46.8176652944669,46.974409885956,47.0104343283284,47.0411432141223
"gabon","gab",NA,NA,NA,NA,NA,NA,NA,NA,NA,NA,NA,NA,NA,NA,NA,NA,NA,NA,NA,NA,NA,NA,NA,NA,NA,NA,NA,NA,NA,NA,NA,NA,NA,NA,18.7582750450986,23.052913732548,21.6407845637288,21.5256245402631,22.3799265306738,27.716838781572,24.343208180972,31.1042906673123,32.3837738633392,26.6110330077313,31.4292224804008,31.9005454701622,29.4466113415574,29.0021068598467,27.8666747906057,28.7449195167219,29.8067197694092,27.4507610456559,29.9234367442391,29.3683338371245,25.7882731585687,23.4834141268424,30.1537585993162,31.6054581050313,29.7351101054757,21.1361397094837,17.1376652453428,16.4144870923438,16.9181706119956,19.5342584201083,17.5856346306676,15.327378198729,18.7636606474457,23.2575280261721,21.4719810576164,20.1657304303578,19.5827680478693,19.3177130734511,19.2197474614184,19.2034537247422,19.192779077391,19.1375599335457
"united kingdom","gbr",NA,NA,NA,NA,NA,NA,NA,NA,NA,NA,NA,NA,NA,NA,NA,NA,NA,NA,NA,NA,NA,NA,33.753585663791,33.9830562167935,36.2045884688178,37.5763207709516,38.5449966095127,37.1901108269395,37.0599670371466,36.8781215775475,35.9043795147477,34.7066500682676,34.4281210241944,34.1026119251697,33.3659248384417,32.9919838660475,32.2824905451426,31.043514286824,31.6321400518975,32.502301382233,31.9201102440979,32.6854723699296,34.0518187003642,34.4990623151977,35.1530062212664,34.8171557405119,33.8558870159026,33.81246128719,34.7154752728229,35.1221344180541,35.448757848019,35.751539089622,35.5664057989648,34.2056746002482,35.2282003343155,35.8855531170188,35.375685075518,36.2913286888398,35.3583820516184,35.5515203193334,36.0189649109243,36.3553310045384,36.2309290238027,35.9446967790388,36.3900184494898,37.3665534053315,38.6463273780303,38.1492527334854,37.6263377549241,38.2669802025342,39.9512682018744,40.9363379327027,41.2191522206352,41.5949660609038,41.9087817843182,42.1117503337401
"georgia","geo",NA,NA,NA,NA,NA,NA,NA,NA,NA,NA,NA,NA,NA,NA,NA,NA,NA,NA,NA,NA,NA,NA,NA,NA,NA,NA,NA,NA,NA,NA,NA,NA,NA,NA,NA,NA,NA,NA,11.3181509500849,10.7637261737055,12.4934344445617,14.780084476572,14.7804212282998,14.9762707744291,14.9965505585423,16.1147129844199,15.7984788791192,15.5353819069794,22.4442743623182,23.7525821936153,25.9407566403329,28.4597708576596,29.8518650722827,28.4705450553516,26.4860374566379,26.3240020115424,27.0238569801506,25.3491617225324,25.7359443497007,25.8290236312893,26.3257908390753,26.7580293812493,25.9198582649037,26.8464838430919,24.9491409978337,25.2166775480229,26.3087483263498,27.3544735000024,27.6226495057985,26.9187221344344,26.5705499600118,26.2389404896182,26.114485587406,25.9973711680525,25.9500075879024,25.9065514062595
"ghana","gha",NA,NA,NA,NA,NA,NA,NA,NA,NA,NA,NA,NA,NA,NA,NA,NA,NA,NA,NA,NA,NA,NA,NA,NA,2.7754998274744,1.94025585425313,2.69411209277395,2.35203462323384,3.66445681055629,4.88595423940444,6.03094342801959,6.39950757141857,6.15464595446995,6.42995343883194,4.66330977333153,5.61270135190602,4.70360278385174,6.70962770086368,7.70926679281396,8.44847313308661,6.82213649803844,5.82574074016962,6.51631747248283,5.46113991454348,8.00219972159752,10.1477125951038,7.92810087810664,10.1299980576241,11.7217474972866,11.0105664561746,11.2646387394828,11.8868807429073,11.073712277882,11.5218927587216,11.8398557031113,14.0334619594416,13.6956963823616,12.447523371542,13.1543566686557,14.6159725348217,13.1447705072045,13.6158849403368,14.1039998431017,14.9713822649392,14.0679955738417,15.182431447892,15.7326303249439,15.1701194162585,15.7755679249817,15.6810118821865,16.7903095939805,16.7982936657225,17.0002388601817,17,17,17
"guinea","gin",NA,NA,NA,NA,NA,NA,NA,NA,NA,NA,NA,NA,NA,NA,NA,NA,NA,NA,NA,NA,NA,NA,NA,NA,NA,NA,NA,NA,NA,NA,NA,NA,NA,NA,14.9616945324151,13.0432887583227,12.9057660070254,10.9639414118329,10.0371535423776,11.6223327578357,9.77789280177406,12.6588931024107,12.7739050264759,10.3199320000879,10.2022535874483,11.6944898938002,11.0338879437674,10.0850560821629,9.13516674566139,9.93430906361412,11.0353000736377,9.93701023550381,10.4593064565843,11.3572624658894,10.8494145527285,15.1057641225429,43.272784258758,14.7653554800136,17.0498082137643,15.1509663788665,15.9888380915697,15.2843520025955,14.942081143235,14.7145124106198,13.9950030208093,13.3957742330954,13.8126460793843,14.4201655840267,15.5705478142048,18.150578558206,17.8108175875221,17.8840976229823,18.2244589059193,18.2153861536232,18.1521371892811,18.1367554315081
"gambia, the","gmb",NA,NA,NA,NA,NA,NA,NA,NA,NA,NA,NA,NA,NA,NA,NA,NA,NA,NA,NA,NA,NA,NA,NA,NA,NA,NA,NA,NA,NA,NA,NA,NA,NA,NA,NA,NA,NA,NA,NA,NA,NA,NA,NA,NA,9.44716879260208,7.15857382233202,8.65399122152966,7.56983159247954,10.6105617842436,9.61440522019335,10.8275035397372,11.4692293865381,11.0966763478374,12.7055572732295,11.6269528609035,13.5163778433382,16.2714692616273,12.0727022542373,15.0456545203733,14.2029789860508,13.1484443619037,19.2732322556442,15.0850120894777,21.1887018442297,22.9789729134959,16.7304214680706,18.9190409218136,20.3889115159111,21.3280083563535,24.189037389759,24.4825366420477,23.6213023166146,22.8944802421235,22.7333665155752,22.5988041381201,22.1743498909481
"guinea-bissau","gnb",NA,NA,NA,NA,NA,NA,NA,NA,NA,NA,NA,NA,NA,NA,NA,NA,NA,NA,NA,NA,NA,NA,NA,NA,NA,NA,NA,NA,NA,NA,NA,NA,NA,NA,NA,10.7925028663022,9.89371813499831,12.7635442788078,12.9055848321927,10.5864046719074,12.4041100229478,10.1815178619867,2.76412602225244,8.07395283481605,20.7135335198581,17.2488648824083,10.3510726784202,11.4048710928777,17.0530516820074,15.206353923147,15.2329886178315,14.914914970605,21.0198672267537,23.2866603584369,18.323521628507,15.9597149144829,10.8510944839936,10.742847744797,20.5232357329955,18.3417463421149,15.1745675516397,16.787503691745,14.7121740191002,14.9353413680553,15.3967752998933,19.1223741279796,15.2191016065741,13.7393281026787,13.1032656704964,13.1778136996388,13.7346500020399,14.6771383256108,15.0699355231025,15.1663829146592,15.2171029115605,15.3098954554603
"equatorial guinea, republic of","gnq",NA,NA,NA,NA,NA,NA,NA,NA,NA,NA,NA,NA,NA,NA,NA,NA,NA,NA,NA,NA,NA,NA,NA,NA,44.4219044555995,32.0591097892765,36.3740458687196,44.7849305340267,43.6502434672142,26.0315861038702,21.6844784703136,25.0379499241002,19.4522928720654,40.625674113117,52.7460712414877,48.4809325726878,37.2711838002554,38.3713381424254,22.5318416612596,18.0854620149167,16.587535438497,17.9662056559384,27.4356415431851,18.4948613711409,19.9780066156181,28.3854161051856,28.8486525166119,21.7621628260611,24.7053841010809,32.6687537089216,39.8875950722638,36.848916037933,34.5064346236426,33.3725201767382,26.6458539104069,28.3270765738872,27.9609109339031,24.8703131931249,24.056932595601,26.473691787054,16.9015574627014,17.4795664222378,19.57591547609,18.6229173493727,14.3945625030481,15.3673925384491,26.4687747162058,21.6287056442565,17.9135274620689,18.131621986354,17.5424294743027,15.6668518949139,15.2943772698923,15.275942973509,15.5637063959793,15.5200692919034
"greece","grc",NA,NA,NA,NA,NA,NA,NA,NA,NA,NA,NA,NA,NA,NA,NA,NA,NA,NA,NA,NA,21.7924862909979,21.6283615257728,21.6015080499421,21.9255593165245,22.0171855319556,21.0087612158624,23.2086446853803,24.0712243310277,24.7637138953281,24.6774731786138,25.1534107544225,25.943197583427,24.1973905695341,22.8917541960712,25.2148172170184,25.5676235645959,26.2610372874335,27.1745574606658,28.4480724572651,36.7803140923098,37.7950033825366,38.8414039707464,40.2217593747264,41.9669226225635,43.9449711077752,41.8268744908901,40.9138193720292,39.8320466868854,39.7744477123975,40.2770604199547,39.8219496226999,40.9629505571286,41.2238821724805,39.4020892564354,41.6591939281857,44.5755006757587,47.9340416741976,48.922908318778,47.2081275934022,48.8233258003831,50.5726055069642,49.590564809151,49.3484231990907,47.5134624897128,48.9251788384232,48.96285837813,50.5191327707483,48.1742981989993,49.4774770208164,50.9182354173225,50.9286036511325,49.7028062147011,49.3894047037302,49.2765709281324,49.1587013761318,49.0387790592113
"grenada","grd",NA,NA,NA,NA,NA,NA,NA,NA,NA,NA,NA,NA,NA,NA,NA,NA,NA,NA,NA,NA,NA,NA,NA,NA,NA,NA,NA,NA,NA,NA,NA,NA,NA,NA,21.1956796782399,22.4955359891632,20.3382467788352,22.973343536683,21.902975393028,22.7815007522703,23.2325346839481,21.6299850789963,22.9062956619264,22.0411393620863,23.5375675252955,23.5130785582123,21.849084065044,25.8927987193761,24.1495698799869,27.4657867568575,27.1354220854603,21.7562337635773,24.1804367235801,22.7550171649603,23.9094251313805,23.4650682900726,20.7762380500694,20.8656785083802,24.4940447755421,24.4610283035157,26.2176079442373,25.6020339766726,26.99163574497,26.5998588750913,28.1373508654307,31.5870297275261,32.9317088383525,36.606647417346,45.1831943045239,34.1249943029386,31.7230934589443,31.1262591632987,30.9395130498431,30.7884255481553,30.6442445854267,30.6442445854266
"guatemala","gtm",NA,NA,NA,NA,NA,NA,NA,NA,NA,NA,NA,NA,NA,NA,NA,NA,NA,NA,NA,NA,NA,NA,NA,NA,NA,NA,NA,NA,NA,NA,NA,NA,NA,NA,NA,NA,NA,NA,NA,9.24683462766468,9.88913440142984,10.3963409744705,10.8676925298702,11.6196961742296,11.70508376649,11.7570436633216,12.1154178693688,11.8987346520854,11.8166039723132,11.574641323269,12.2887970098005,12.5028044088004,11.6906283437949,10.9802354790403,11.1905729273418,11.6837654529845,11.7346557238064,11.8302474588529,11.6747560763258,11.1094829392812,11.4556712913847,11.3933664959008,11.3067800029074,11.2050355697496,10.6754270781308,12.3070695709605,12.5718293839375,12.4803245892081,12.4166995049662,12.8243341620026,12.8555649830084,12.7963311573717,12.7847441917181,12.7631768328259,12.7314803087565,12.714926744014
"guyana","guy",NA,NA,NA,NA,NA,NA,NA,NA,NA,NA,NA,NA,NA,NA,NA,NA,NA,NA,NA,NA,NA,NA,NA,NA,NA,NA,NA,NA,NA,NA,NA,NA,NA,NA,NA,NA,NA,NA,NA,NA,NA,19.1833306741749,16.9911583073409,17.1500550033678,20.6052824265528,20.3118985538422,20.6913282818365,18.6903742482347,20.7813927381991,21.834155580066,22.8366764514401,22.1237382709856,21.3638388699703,22.8630692380421,22.0431236827182,21.3795204551079,18.7349620232339,19.2470366219907,19.2216867353632,20.9912213983287,21.9701092250321,23.1688474241643,25.035161994892,25.6095717762762,22.762654689216,17.8423830048574,15.2871510973999,18.0808875555832,16.0752209230712,18.5430031357472,16.0342624295977,16.9899746190228,16.0207727313764,17.3557582341821,18.275056094394,18.0416314254139
"advanced g20","gx148",NA,NA,NA,NA,NA,NA,NA,NA,NA,NA,NA,NA,NA,NA,NA,NA,NA,NA,NA,NA,NA,NA,NA,NA,NA,NA,NA,NA,NA,NA,NA,NA,NA,NA,NA,37.8215939444591,38.245237142162,37.2805874432076,36.8328602111677,36.1916964631695,36.6068740597446,NA,NA,NA,NA,34.5669612773072,33.2314880952524,33.346677984494,33.6744816757428,34.3911342874006,35.0985655026149,35.4946679436032,35.0895476070532,33.7446130861607,33.4711885579138,34.069436456236,34.1638163276296,35.5074686857839,35.6236262577698,35.421338683352,35.1755237072851,34.9995464080198,35.0681582053798,34.8206640143188,35.2894116126242,36.2535725856599,36.8185713911982,34.6444369675209,34.8580262785723,35.7617666174431,35.7217112760205,35.769695786264,35.6760279256997,35.7283152590018,35.8804871047808,35.9522860659491
"emerging g20","gx149",NA,NA,NA,NA,NA,NA,NA,NA,NA,NA,NA,NA,NA,NA,NA,NA,NA,NA,NA,NA,NA,NA,NA,NA,NA,NA,NA,NA,NA,NA,NA,NA,NA,NA,NA,NA,NA,16.7153020378771,16.2320381972514,NA,NA,15.9735269074444,16.8492072019314,16.806655822296,19.41842266685,21.7610807176554,22.062884995589,22.4853525279788,23.5186841448317,25.1846388898685,25.7736788861735,26.0550641758508,28.3914160511714,26.1436329051613,26.737344628125,28.4656093556868,28.9113304283276,28.4794314858621,28.1524353812278,27.8644833611482,27.7328246894368,27.8547829291956,27.9854564433263,27.3962834890913,25.3913069847253,26.3037036140176,26.145582235158,26.4361286350109,26.5593179980738,26.0555194871035,26.0500263947272,26.0411941155892,26.0348051645248,26.0439391404199,26.0495178059535,26.0121680423584
"oil producers","gx161",NA,NA,NA,NA,NA,NA,NA,NA,NA,NA,NA,NA,NA,NA,NA,NA,NA,NA,NA,NA,NA,NA,NA,NA,NA,NA,NA,NA,NA,NA,NA,NA,NA,NA,28.8367114286338,32.4919450263505,36.9862000404167,35.7033852711485,34.3684786400821,33.482321923449,33.4314402795971,33.092066478472,30.0170863992602,32.8267200670396,35.8262042947186,33.8272318171461,34.5805245827726,35.0247805677737,35.990666285883,38.0506311741517,38.0469271506761,36.7901959992375,38.1417689280526,32.7923232471498,33.12693114211,35.1057403223239,35.6297838446879,34.2898561791091,32.6088567898082,29.4719875743712,29.06477242828,30.0988100417272,32.60867058151,32.534100485624,31.5935508210352,33.043635803613,33.9184713372943,33.5306486274164,34.0922537645435,33.4421777846196,33.5613491658536,33.317637526843,32.8873226922919,32.8020441628454,32.7216966996545,32.63499537444
"emerging and middle-income latin america","gx206",NA,NA,NA,NA,NA,NA,NA,NA,NA,NA,NA,NA,NA,NA,NA,NA,NA,NA,NA,NA,NA,NA,NA,NA,NA,NA,NA,NA,NA,NA,NA,NA,NA,NA,NA,NA,NA,19.0928535257899,19.5001089127574,NA,NA,NA,NA,19.0574918418544,19.9961182784296,23.8201317336864,24.918686400497,25.1438591926671,26.1150655926276,27.8844190500012,28.5392400416625,29.241616100815,30.9180202806156,29.1381961924474,29.5487148931579,30.6666708621034,30.6062147913887,30.0876567735365,29.2658823671918,29.3282853830958,29.4550947314377,29.1239851396169,29.03751949865,29.3342547742385,27.3524778050523,28.815413926668,30.2213676767156,29.3008708992482,29.5595870103485,29.457024632179,30.0560441650392,29.9691163188059,30.0753463575761,30.1489707257818,30.1990817314488,30.2314512434665
"low-income developing countries","gx229",NA,NA,NA,NA,NA,NA,NA,NA,NA,NA,NA,NA,NA,NA,NA,NA,NA,NA,NA,NA,NA,NA,NA,NA,NA,NA,NA,NA,NA,NA,NA,NA,NA,NA,12.9632580062885,12.0486439056127,13.6615965394239,13.5110125217295,11.6987366131556,12.8559366780052,11.716818459159,11.5399866670176,10.043789027882,12.6304001517538,14.7084170545157,14.7986317707188,13.4748908426364,13.976734456879,15.0462722775252,15.0936573799549,16.0925837122776,14.423809554535,15.5868635587127,12.3605569429318,13.3573873184839,14.9667215586506,14.5011174265694,13.4869776681752,13.257956970414,11.8329528050748,11.6344033231888,12.0584115722942,12.5535094059135,12.2645039435642,11.7280048057782,12.4647611643989,13.2011411283944,13.4815151691469,14.975816949829,15.3711776688132,15.6202298511406,16.1663716962753,16.3963975796356,16.5395037740416,16.6612569764239,16.7136766774926
"low-income developing asia","gx230",NA,NA,NA,NA,NA,NA,NA,NA,NA,NA,NA,NA,NA,NA,NA,NA,NA,NA,NA,NA,NA,NA,NA,NA,5.18503540654764,5.44302864800301,5.23500461352132,7.17823053929434,7.1890128607188,7.16159654229969,7.40307537046646,7.42303325493546,7.46721638772529,7.70303927852283,10.6588641839882,11.0453783372294,10.6763675701092,11.7160027483893,11.6289792176342,11.3793194606385,9.475046319765,9.69484971699284,9.70691421428468,9.43603633153594,9.93306217631249,9.66225900123139,9.8666034990026,9.81301022049577,9.66533269792144,10.2287407338856,10.7197522071722,10.7650347698019,11.1613868644968,10.7410868687051,11.5125720878694,11.663321072272,13.4653542492222,14.4361751807679,14.5072021188255,12.4810474476838,12.1706749471255,11.603622808711,12.2955383936679,11.860802831245,11.3951977914166,12.2085613874753,11.8140947061635,11.4465302550467,12.0028335639138,11.7754871747202,11.5302886460931,12.9497440689951,13.4592965802167,13.7025554465943,13.8019249111005,13.9115135152803
"low-income developing latin america","gx231",NA,NA,NA,NA,NA,NA,NA,NA,NA,NA,NA,NA,NA,NA,NA,NA,NA,NA,NA,NA,NA,NA,NA,NA,NA,NA,NA,NA,NA,NA,NA,NA,NA,NA,17.2322087648804,NA,NA,NA,NA,NA,NA,12.643604980752,13.9331107668491,14.5127789023781,16.6676289484143,15.617003188203,16.1520390477007,17.4248152459501,17.9440692277554,18.5785799886687,18.6967380142158,19.2398536670387,19.7699907040738,18.4055129288256,19.2508356524429,19.9493827571333,20.2934023014833,19.2806707374977,19.5345060119804,20.599722963053,21.7617993673211,21.428537017011,20.6370173528177,20.9465761087543,19.9046202663852,20.1404249939255,20.8121763338908,21.0884177773472,21.683932921278,18.9144376633664,17.9743715064617,17.5767720349363,17.7815599291447,18.1312344319271,18.3866284165309,18.6078202734787
"low-income developing sub-saharan africa","gx232",NA,NA,NA,NA,NA,NA,NA,NA,NA,NA,NA,NA,NA,NA,NA,NA,NA,NA,NA,NA,NA,NA,NA,NA,NA,NA,NA,NA,NA,NA,NA,NA,NA,NA,NA,11.9472964417831,13.7954036997253,NA,10.7951039630467,12.2958467887657,10.9549282480996,10.9594740124981,8.98408083598708,12.1032310451812,15.4923499741775,16.113853177064,13.9514171505488,14.4720847652905,15.7435600353695,15.3793465753458,16.4166296565017,13.9312084582295,15.0559454888736,11.0520535797476,12.1330968155976,14.4965414405143,13.4693782048952,12.0844419626419,11.8067345774279,10.2142283591647,9.95071328251093,10.9018035718844,11.3256204753756,11.0829384206219,10.6409749456739,11.3163463200176,12.0471328797554,12.815524299244,14.7571583250634,15.3295598866596,15.5749920695708,15.7038775422449,15.8136456753971,15.9063318093981,16.0271189864647,16.0492171953324
"low-income developing others","gx234",NA,NA,NA,NA,NA,NA,NA,NA,NA,NA,NA,NA,NA,NA,NA,NA,NA,NA,NA,NA,NA,NA,NA,NA,NA,NA,NA,NA,NA,NA,NA,NA,NA,NA,18.9331130262123,20.3569520611443,23.3590263440278,21.5791091943044,19.2791321528663,21.2594302225846,23.5511547646181,21.2611513707987,21.4378031141112,21.0396256847643,19.5223905392512,17.5239458130118,16.5925589122478,17.9855697136899,19.5542306853712,20.0397310815125,21.0841425305096,21.0269031058349,23.8551866908834,21.3760174117271,22.0831137524103,21.7632439715039,21.9756238127869,20.2899067629229,19.7142397144543,18.4602501774517,17.5721140323331,18.2745919223613,20.5701044872579,20.3891594619892,18.7267388595525,19.6215814837301,23.7040051340974,20.9293854943564,21.7694664095461,22.6785285255319,24.3804789488176,25.0411237125548,25.0495993175258,25.1119565276644,25.2340457649353,25.2400159411106
"low-income oil producers","gx235",NA,NA,NA,NA,NA,NA,NA,NA,NA,NA,NA,NA,NA,NA,NA,NA,NA,NA,NA,NA,NA,NA,NA,NA,NA,NA,NA,NA,NA,NA,NA,NA,NA,NA,14.1084940036625,12.7916925751022,17.0256635842914,14.2019881747845,9.30114657201482,11.4970468265755,11.3741376599987,10.9477979795758,7.78652367270259,13.7264356177556,20.6696851670046,19.9579471617018,15.0923072052427,15.3028090536475,17.0182804631992,16.4492086545191,15.6801708228838,12.7957948516418,15.2502516050637,7.92356089617474,9.83747061266417,13.6809381821166,11.4473116198028,9.1778008647827,8.64048578082451,5.68879275142734,4.29024347593357,5.31120866194072,6.80696035108858,6.33202033141492,5.473517299082,5.89959481457023,7.73786480502061,8.37902966381512,12.3574622988737,11.4345093189701,11.8359964190576,11.7303541648147,11.4605800430311,11.5131617547431,11.5442211922292,11.5660350935814
"emerging market and middle-income economies","gx35",NA,NA,NA,NA,NA,NA,NA,NA,NA,NA,NA,NA,NA,NA,NA,NA,NA,NA,NA,NA,NA,NA,NA,NA,NA,NA,NA,NA,NA,NA,NA,NA,NA,NA,19.1016810787564,NA,20.1755375510309,18.6815306104325,18.5395574190876,19.6700031632092,20.0030024206449,19.8518904302099,19.3898597921535,19.7510567327901,21.7750094113661,22.7479461036905,23.1711110718431,23.6016579620391,24.5829607231454,26.4360649218269,27.0679335450767,27.1810800765653,29.2524781266021,26.5832510159015,27.0535126282605,28.5030185118127,29.0586065977341,28.596201160942,28.0286784168563,27.2308599172105,26.848662822453,27.0893106051904,27.6031056427435,27.1476656904672,25.2829153656302,26.1983436195015,26.4011195683954,26.6096342377486,26.6210870903771,26.2505252230192,26.2784102674968,26.2520475976247,26.2257479608901,26.2299730960653,26.2383072002967,26.1978169197616
"emerging and middle-income asia","gx502",NA,NA,NA,NA,NA,NA,NA,NA,NA,NA,NA,NA,NA,NA,NA,NA,NA,NA,NA,NA,NA,NA,NA,NA,NA,NA,NA,NA,NA,NA,NA,NA,17.311501096716,17.3021674471392,18.2626186925963,17.6770385453914,16.5127595821806,15.1510573473322,14.872710865046,14.6198046033463,14.5242489404163,14.5850284006328,13.9719963076672,14.7429237450635,15.0551219067886,16.2303826688819,16.6364907787741,17.0459475577988,17.4653489703284,17.8490207151782,18.3742107302141,19.1559392171406,21.4813461545657,21.7832163846966,22.2951231919687,24.0908208141429,24.9539106900425,24.9775625914569,25.2453621206339,25.9184595722664,25.6718399297023,25.8334435151373,25.901019095245,25.1426810754549,23.2769447814649,24.2739007142013,23.7478288146654,24.2884429039151,24.1595215546355,23.4430106556964,23.2303582671739,23.3549226054647,23.4675750461919,23.5332383231664,23.5935211423145,23.595491810359
"emerging and middle-income middle east and north africa and pakistan","gx777",NA,NA,NA,NA,NA,NA,NA,NA,NA,NA,NA,NA,NA,NA,NA,NA,NA,NA,NA,NA,NA,NA,NA,NA,NA,NA,NA,NA,NA,NA,NA,NA,NA,NA,18.1740206926037,21.3521277559314,25.8374204399884,25.0665736505806,24.0167208342908,24.2839349101838,25.0290110171214,25.0049449221628,20.9212233060909,22.5286873751687,27.0913477602487,24.2487894161218,25.2344239190089,26.4632100548604,29.170832012142,33.2883400186338,34.0221292621054,31.8381428908462,36.6260494939122,28.5373944254267,29.7683797488789,31.6574835853017,34.2072552764553,32.9596937287125,30.2374943360199,24.4056166469102,22.6022385880795,24.0111212120733,27.1913691382577,27.1196279941781,24.960252603355,25.5701887619679,28.2409162645486,26.9737189646435,26.2133400536302,25.1584737561277,25.1751800731396,25.4185441713287,25.0530754881738,25.0464458556352,24.972834591615,24.8022982456383
"emerging and middle-income europe","gx905",NA,NA,NA,NA,NA,NA,NA,NA,NA,NA,NA,NA,NA,NA,NA,NA,NA,NA,NA,NA,NA,NA,NA,NA,NA,NA,NA,NA,NA,NA,NA,NA,NA,NA,NA,NA,NA,NA,NA,NA,NA,NA,34.9024740934321,35.0288217281598,34.0859541621327,35.1088275317395,34.5318541276434,34.3576623900238,34.1230268120208,35.9340271009526,36.4883958151284,36.4762551523283,36.4437295002942,33.9179786923538,33.8894715951926,34.9514848522097,34.8748521772873,34.27617130591,34.2314131621848,33.2043280276985,33.4768339971141,33.4604594314533,34.9371835301466,34.8441244141201,34.2920535129674,34.3494569142577,33.4660812058088,34.2487583703394,34.7591071955958,35.1718775008171,35.3494593284334,35.1139909079711,34.8455670729616,34.7889592738864,34.8232457178791,34.8425005772527
"hong kong special administrative region, people's republic of china","hkg",NA,NA,NA,NA,NA,NA,NA,NA,NA,NA,NA,NA,NA,NA,NA,NA,NA,NA,NA,NA,NA,NA,NA,NA,NA,19.9197753139676,16.2638153093035,14.3733027788223,14.2379042741638,15.5231190148596,14.4498315967764,14.8081723579543,14.9973211040719,14.9877194677544,14.480494600457,15.9366016233603,16.1700431359799,17.3036281574652,16.3887871112356,15.7906456723004,16.3904020709393,20.4529473143037,16.7470749904471,17.838916851354,16.8694482278152,13.4066956497293,13.7334217428744,16.3887473530575,17.9051306170769,17.1705333026716,18.8398614799898,21.2675212253267,18.8772926451621,18.8177646758417,20.729184516196,22.3950914405949,21.4368976906888,21.0428332606402,20.8449187120154,18.6295460650843,22.638715584121,22.853453014993,20.7425185842845,20.3676519233536,20.6774317263388,23.7143722879525,21.7193226677696,18.0715072326749,17.3824468094861,18.4614711331213,17.7393916179535,19.6008035953686,20.1457978229782,20.5023999616432,20.5023999616432,20.5023999616433
"honduras","hnd",NA,NA,NA,NA,NA,NA,NA,NA,NA,NA,NA,NA,NA,NA,NA,NA,NA,NA,NA,NA,NA,NA,NA,NA,NA,NA,NA,NA,NA,NA,NA,NA,NA,NA,17.2322087648804,18.6202636829887,20.154923127706,19.3227178094702,18.0568343898978,16.9683207398499,18.7926337304234,19.4731971752366,22.312497737747,24.7017774974912,23.6069477855282,21.9469136056893,21.7933558780031,21.3478445967779,23.0685626060525,23.576934971429,23.038279915625,24.1949920983,26.142367963606,23.4867903435437,23.0919415928596,22.9692089500546,22.872971880807,22.4975469831442,23.5814287697149,25.2407869363111,26.9851982071633,26.4501474592687,26.353339161148,26.0282446028682,23.8434047324021,25.6352937414444,25.6129713006752,25.2553799009688,24.546547753345,24.1821472323207,24.0058327343809,24.1595485240319,24.3241522445624,24.4691540267579,24.4719511552466,24.4945234586716
"croatia, republic of","hrv",NA,NA,NA,NA,NA,NA,NA,NA,NA,NA,NA,NA,NA,NA,NA,NA,NA,NA,NA,NA,NA,NA,NA,NA,NA,NA,NA,NA,NA,NA,NA,NA,NA,NA,NA,NA,31.4087122427422,33.2779064539519,44.5397961563214,46.0474801351942,47.6682732068853,46.720785812959,50.438443810671,47.813915757514,45.357589919052,45.8242739555832,44.2808679058591,44.6133110840126,42.9143995480629,43.2336438265292,42.6114262560778,44.0974549825478,43.973535540137,42.1248880931065,41.7217739216436,41.1228916729382,41.8663630477976,42.4458499778074,43.5548720691807,44.0764913196711,44.8797460370853,44.9129368239032,45.1935193519352,46.6698235197698,46.5133510690708,45.6190867955574,45.1533706037211,45.4957253084471,46.0560677806954,46.3952893092353,47.2919201832581,46.21775351661,45.7254813676726,45.6160489001003,45.7496520120824,45.7263033005882
"haiti","hti",NA,NA,NA,NA,NA,NA,NA,NA,NA,NA,NA,NA,NA,NA,NA,NA,NA,NA,NA,NA,NA,NA,NA,NA,NA,NA,NA,NA,NA,NA,NA,NA,NA,NA,NA,NA,NA,NA,NA,NA,NA,5.82869976852227,5.60925251951004,5.3658482239158,4.88984785153508,4.55777744790029,4.84102697701373,5.58977134809292,6.03342846837439,7.9192814297229,8.76246523893405,9.59531420728943,9.40979046668562,9.55531638551978,11.1405429167611,12.6999480968681,13.7234488510566,11.8824584970782,10.9883860970512,11.2752910301308,10.6646298532075,9.92036560558981,10.1361735605779,7.59345458559501,7.90854093701171,6.96443466916031,6.57117870455911,7.22472755802819,12.2098108537268,5.96808426781129,5.10021994475767,4.96116135094894,5.1916195516006,5.46649045134766,5.7920514870631,6.2761224555966
"hungary","hun",NA,NA,NA,NA,NA,NA,NA,NA,NA,NA,NA,NA,NA,NA,NA,NA,NA,NA,NA,NA,NA,NA,NA,NA,NA,NA,NA,NA,NA,NA,NA,NA,NA,NA,NA,NA,NA,NA,NA,46.4787548981016,46.533063273008,43.956017146134,43.3007981960065,43.6672123227933,44.2516958588085,43.2126950628257,42.1799210387592,41.985132184958,42.1738337509824,41.5813114308611,42.1384733600091,44.7984586862674,44.9901588829718,45.9009568570473,44.4791467505764,43.9202081112467,46.9167707036905,47.481118099574,47.2427547273155,48.3509237768738,44.8716053210916,44.192306462822,43.8760598799348,43.8221927265794,43.5442179426938,40.9772075374512,42.668820634862,42.5613388669811,42.010018347517,42.8205064682608,42.628906987736,42.571089256811,42.8334073081875,43.3657400317064,43.3769862732192,43.261464976268
"indonesia","idn",NA,NA,NA,NA,NA,NA,NA,NA,NA,NA,NA,NA,NA,NA,NA,NA,NA,NA,NA,NA,NA,NA,NA,NA,NA,19.0735951956678,17.0864954835721,17.6363640662967,18.5547761462602,17.6630097815499,15.0959184362316,14.5666383645429,14.6298939327084,13.9913485751364,16.8148226464121,15.5509884668462,15.2801560095939,13.5048509918068,13.5286574607791,12.5479905340925,12.4703487287872,14.2157529121455,13.1852802603677,14.1807851481459,13.4328730243931,17.7453503544445,16.3528192965071,17.0987337695865,17.5730312118009,17.8595780921032,18.8675161918506,17.7822035400119,19.448114296579,15.3822776818947,15.6441066008953,17.0101637785961,17.2493455749896,16.8644173798309,16.5602165842788,14.8782402847157,14.3595302864435,14.1796470575778,14.9210424377893,14.2681672536938,12.3518410496498,13.7188515937154,14.9504379872151,14.9953100212847,14.5830675804789,13.2778273124829,13.8410433650748,13.7729076400705,13.863168257812,14.0038005698028,14.1281588484272,14.2305795572878
"india","ind",NA,NA,NA,NA,NA,NA,NA,NA,NA,NA,NA,NA,NA,NA,NA,NA,NA,NA,NA,NA,NA,NA,NA,NA,NA,NA,NA,NA,NA,NA,NA,NA,17.8759661122374,17.9998483838207,17.7477949817887,19.371337541147,18.7960115606936,17.6233769791893,18.2110211469778,18.1655543389904,17.6587007642563,16.9551889936517,16.2920002256954,17.1490720529508,17.6766656229993,17.2427480520378,18.0430271883688,18.5136811421901,19.2285340815295,19.3837847213618,20.5294103130002,22.358216328547,20.1221350525466,18.8421154151241,19.1903821745321,19.2914326656177,19.8661949881468,19.7032870645781,19.3006595286323,20.0635708369168,20.379064360255,20.3230212809639,20.3235569576049,19.5606216630547,18.5920215156528,20.9865987526772,20.7284899740137,21.327490662923,21.4231316201295,21.0230849452812,21.2273857025055,21.3583346842065,21.4871683060177,21.6181240261952,21.750796275763,21.8855058215348
"ireland","irl",NA,NA,NA,NA,NA,NA,NA,NA,NA,NA,NA,NA,NA,NA,NA,NA,NA,NA,NA,NA,NA,NA,NA,NA,NA,NA,NA,NA,NA,NA,NA,NA,NA,NA,NA,NA,NA,NA,NA,38.2185504306468,38.3061960659373,37.4662824207493,36.247591102933,36.0450905799054,35.4228727326353,33.1323870291345,32.3604023588582,33.0107091092686,34.1200186869236,34.5923220555941,36.3380670142119,35.9081037194905,34.5267322714822,33.001061821614,32.802427431168,33.383356149745,33.8589756655456,33.5658715536141,33.0349709613899,26.0970898032936,26.7535597409516,24.9816451878612,24.8372302587606,24.2742582858651,21.8345785480761,22.2251112176521,22.2458797276069,23.5893956690025,26.4045814276627,23.1635876521972,23.1185137585928,23.6939814451721,24.401968906454,25.0234040249213,25.5705312956688,26.1743518847901
"iran, islamic republic of","irn",NA,NA,NA,NA,NA,NA,NA,NA,NA,NA,NA,NA,NA,NA,NA,NA,NA,NA,NA,NA,NA,NA,NA,NA,NA,NA,NA,NA,NA,NA,NA,NA,NA,NA,14.6614628500923,12.4041272401318,13.5821615294466,22.0886815044213,19.6403601802943,18.3339895237526,16.5072533392318,15.5809162113502,11.8663667031729,15.2378265498207,18.742261582421,13.6488881787808,12.7631097401368,12.9125512309237,12.6180492251595,15.4928794834496,13.7527255242264,11.8134852193155,12.4459521874115,12.361704280262,13.222357550665,13.975368757775,10.9004048288116,10.805048383059,11.3559289571683,12.8376462159921,14.6403720343239,14.8641618078252,13.1811783672128,9.25562601504198,7.27264071292466,10.3439241029485,10.2009208381821,9.74654036434964,13.2851643404054,7.79127261757486,7.89209811104421,9.2566944807387,8.95582282541913,9.09564739027805,9.24702546538052,9.36123491172856
"iraq","irq",NA,NA,NA,NA,NA,NA,NA,NA,NA,NA,NA,NA,NA,NA,NA,NA,NA,NA,NA,NA,NA,NA,NA,NA,NA,NA,NA,NA,NA,NA,NA,NA,NA,NA,NA,NA,NA,NA,NA,NA,NA,NA,NA,NA,NA,NA,NA,NA,56.0520191350261,67.2739755957948,61.0397135129334,53.959789343049,56.3986261142129,46.1803113947965,45.3964442177729,48.113642949261,46.9853725956352,42.186701395891,38.1522480484204,30.6342409950992,27.9199891249958,33.9739040921054,38.8113571840338,35.4838212080359,29.0541332654415,35.9500111689297,42.0356026127215,40.0254002953225,38.2646323855995,36.324738661846,34.7250709540819,38.7732056454519,37.4862921958571,36.576446282131,36.4375679208376,36.0864566752913
"iceland","isl",NA,NA,NA,NA,NA,NA,NA,NA,NA,NA,NA,NA,NA,NA,NA,NA,NA,NA,NA,NA,NA,NA,NA,NA,34.3995924844049,35.6864159981523,36.7028831983726,34.8506266613947,36.0022206956341,34.5130963419314,34.584872262357,34.7049456886115,38.3256031422415,37.5385460348767,38.3034443530945,40.9541228657878,41.520996259132,39.4785508752182,39.1279842394332,40.1854285049991,41.074935224531,41.4446653525587,39.7674080914444,46.1418780974643,45.743101161624,46.6881982185292,42.7894636226183,45.0714958038135,46.5608940644981,49.1943773092202,50.7568158581386,49.7689198844066,50.829383369463,44.8490981146906,41.6841271538681,43.5826502789641,44.6203657486838,44.7056683648097,45.9347076836954,42.8960962319049,58.5454130017949,45.0879189544817,44.401952793079,41.5623413739242,41.6105781153443,40.6921612133262,42.3366912788764,42.8749335706648,43.4343985905876,42.2341158423262,43.0737804557607,43.1350357061082,43.0606823243501,43.1273154862136,43.1346339475168,43.1382977718204
"israel","isr",NA,NA,NA,NA,NA,NA,NA,NA,NA,NA,NA,NA,NA,NA,NA,NA,NA,NA,NA,NA,NA,NA,NA,NA,NA,NA,NA,NA,NA,NA,NA,NA,NA,NA,NA,NA,NA,NA,NA,NA,NA,NA,NA,NA,42.6072072903566,42.0578313263104,41.7584079175298,40.3768001034826,39.6046970975176,39.6001351326962,40.6890100425086,39.7709392473239,37.7180127840594,34.8313090114461,35.9706907538623,35.8862955076629,35.1086736820926,35.6317257799699,35.9921949820752,36.3602795672112,36.1237712347272,37.2340358110789,35.6158034676415,34.899339081535,34.1237946205538,36.692938854761,37.2351310355137,34.243651825706,35.6464801842108,38.3782794523159,38.3579058248512,37.0749278239763,36.4915805366134,36.3618008996886,36.4537283612093,36.5009380958849
"italy","ita",NA,NA,NA,NA,NA,NA,NA,NA,NA,NA,NA,NA,NA,NA,NA,NA,NA,NA,NA,NA,NA,NA,NA,NA,NA,NA,NA,NA,NA,NA,NA,NA,37.7050371394655,38.4990255478791,43.0270714837838,44.2353997610459,46.6899060137445,48.0109907022618,46.2243694238468,44.2482852475765,44.7410390887096,46.3442830882856,45.0182561859423,45.3019789410037,43.9483942079656,43.950974458668,43.6134566609764,43.7423269919808,43.2058171058979,42.9548794488327,43.9544729540524,45.2743883639305,45.1668775703891,45.9960722350195,45.6374262644443,45.5022225064756,47.4953441700926,48.0261352120356,47.8965028416055,47.7846758028423,46.5752532765231,46.2740750464462,46.12868894509,46.9737249080688,47.4049603206682,47.163648678866,46.8330236182562,46.4925814749686,47.0486110322697,47.9428480072842,47.7862345480249,47.8063033221982,47.7441781744121,47.703304444348,47.6485042360603,47.5615576306868
"jamaica","jam",NA,NA,NA,NA,NA,NA,NA,NA,NA,NA,NA,NA,NA,NA,NA,NA,NA,NA,NA,NA,NA,NA,NA,NA,NA,NA,NA,NA,NA,NA,NA,NA,NA,NA,24.6557216810663,23.0413629569238,21.0532043905192,21.9976564747202,22.2994775553858,23.5899642562548,22.117253472361,21.2591337896182,22.1505092637795,24.5346210314878,24.9275070885175,23.0777213612362,23.5236876775531,25.669790434556,26.1294707856297,25.3633822493614,25.4030079694409,26.8535208574457,26.5983134178934,26.8446361499438,26.1632584605621,24.9280864287419,25.0786743423089,26.4599548184545,25.5818451581106,25.6714295690489,26.2893766962237,27.3195815571656,28.637349286885,28.3305378263756,27.2605811901093,28.4044881604249,27.3788396632473,27.710601751009,30.2792492911772,30.075161542991,28.2629262248088,28.6193359907862,28.7195754323633,28.7424487212052,28.8928732126853,28.7269572234127
"jordan","jor",NA,NA,NA,NA,NA,NA,NA,NA,NA,NA,NA,NA,NA,NA,NA,NA,NA,NA,NA,NA,NA,NA,NA,NA,NA,NA,NA,NA,NA,32.1120252678883,28.4725489638309,25.961677332851,28.272327688417,32.2501782022832,33.054738576125,31.4535866465932,33.8032626861698,31.0375185709923,28.9606712967677,30.6153677584624,29.8754680196861,27.9952675127331,26.6691734565827,30.6610498807036,29.3699682269279,29.4577552204096,28.3977238387429,33.3727558787715,35.7116186736238,34.3903641258326,32.0940004075513,35.1429792284519,31.4923628008477,28.4142583973997,26.8109138700659,28.1420633545522,24.9933646025162,25.7021837797663,29.5596489070036,27.1239846952431,27.3375388199555,28.481424748915,29.082803524221,27.6019831266891,25.4702140721224,27.1860566077651,27.9237021238199,27.411132233455,27.3053543390864,27.3678231667789,28.2399852589942,28.3263351588103,28.8817531559635,28.7089234737131,28.9064886600866,29.0732103125291
"japan","jpn",17.9129016318381,17.8535487787896,17.5486116486727,17.2421868256972,17.4393534141228,17.9367341536346,18.0396537827994,18.2477989039857,17.8980080865532,18.0870247952644,17.7141279173466,17.9592808648817,18.16434832118,18.2712927138085,19.1583828779858,20.089397619001,20.0124046806217,20.8690120580024,22.7122372365077,22.3238404913782,21.8864798761087,22.9036750282743,22.7515302254015,24.4478813149866,25.7361402222757,27.0391939347162,27.2945239817999,27.2695413110285,27.9373943893506,28.3857900444837,28.3864575084132,29.6039201491454,29.7102503373042,29.7409274469229,30.7159983290766,30.2814698983581,30.1782537485412,29.0820712492888,28.4099487228638,28.624115678524,28.3726810732297,28.9940172734063,28.2340405677042,28.4892540258787,28.2507856166456,28.5775698425928,27.6486370538334,27.2815505049114,28.0873217776419,28.8252023268966,29.7329835764736,29.944782223071,29.6825100706752,28.712774728218,28.3937236775431,29.4163131407864,30.1337417413139,30.7919898677163,32.1873431630298,32.9429956204294,32.9059306373395,32.8488336084966,33.5112994141825,33.3782469860345,34.5261095849419,35.0259986247509,35.9809854871067,35.3805129563697,35.6435560825321,35.8041140708494,35.5696303821021,35.5502986105748,35.4424726590193,35.3904261256751,35.3841290377891,35.3961773537656
"kazakhstan, republic of","kaz",NA,NA,NA,NA,NA,NA,NA,NA,NA,NA,NA,NA,NA,NA,NA,NA,NA,NA,NA,NA,NA,NA,NA,NA,NA,NA,NA,NA,NA,NA,NA,NA,NA,NA,NA,NA,NA,NA,22.1976232193116,16.8607475701531,13.2226775168554,13.4705039067033,18.1877807700021,17.5382536997588,21.8546752861594,25.6537807101658,22.451068472996,25.3511604308586,24.5500815824647,28.0837588731527,27.4524265618509,28.8389973956003,28.295433752578,22.1421021790963,23.9431127394322,27.0449505759877,26.3429031751445,24.7543330242972,23.7420804920466,16.6110086372381,17.0084530738549,19.8224096044827,21.4261922962348,19.6789427285697,17.5090240677456,17.1036034791861,21.8229875226952,21.979851324016,19.2331387229916,18.7310944958547,19.3950213259769,18.9894809537341,18.9004288780263,18.8404455353733,19.1930110306833,19.5657792210305
"kenya","ken",NA,NA,NA,NA,NA,NA,NA,NA,NA,NA,NA,NA,NA,NA,NA,NA,NA,NA,NA,NA,NA,NA,NA,NA,NA,NA,13.1099988591823,12.4610700830793,12.3214058377277,12.5373884237612,12.3145199270578,13.2073646707127,13.9654575472634,13.9202583126755,13.9032216103783,9.87614268019409,9.32536728849472,10.3477960632394,14.654522878553,17.0988519702225,14.7282840626773,14.6450175000426,15.3150539477502,14.5250428254653,14.4749398089237,14.4120136666961,14.3563065342955,15.2860023846067,15.9503871740896,16.0559783815933,16.8783674291155,17.121958428241,16.9639301809356,17.1496893574248,17.8700840404674,16.4795835506834,16.8100897252721,17.9845289788875,17.6715207308307,17.1445171532914,17.8914115111376,17.8024588406013,17.5434308917476,17.0001850797771,16.6675613357427,16.8192256690182,17.1036084681822,16.9895705007347,17.5092545605542,17.5916689951185,17.2407716452969,16.8892405964844,16.7052519417324,16.6025190197607,16.6092694961803,16.6102516428886
"kyrgyz republic","kgz",NA,NA,NA,NA,NA,NA,NA,NA,NA,NA,NA,NA,NA,NA,NA,NA,NA,NA,NA,NA,NA,NA,NA,NA,NA,NA,NA,NA,NA,NA,NA,NA,NA,NA,NA,NA,NA,24.6097900445217,20.7543295586395,24.3590063370245,19.5171335380461,21.8496232863385,23.972483001229,22.3594887965188,19.5184661685886,21.340776169987,23.4497363583092,22.90807929239,23.5653682300125,25.2770238154547,27.0341953373082,30.872302577179,29.8082191894448,32.918965636734,31.1601015365075,32.6628145314667,34.7218642215902,34.4476480632283,35.4397869696077,35.566892007097,33.132849580292,33.2872175178519,32.4695952971062,30.7663906302285,29.0112943539403,31.3704911433727,34.7256699024701,34.4825184827844,34.2377489649288,38.3357866476355,34.1642383285597,33.353476336752,33.2040536327565,32.8455441014588,32.7896469959498,32.5925132385608
"cambodia","khm",NA,NA,NA,NA,NA,NA,NA,NA,NA,NA,NA,NA,NA,NA,NA,NA,NA,NA,NA,NA,NA,NA,NA,NA,NA,NA,NA,NA,NA,NA,NA,NA,NA,NA,NA,NA,NA,NA,NA,NA,8.12911546903792,8.69326250089362,8.04801187901018,10.00370527959,9.90816640081558,9.63244245204105,9.97169840226189,8.81020017157596,9.19266569075065,10.5108385716219,11.0906853439857,13.021663195986,13.3643378735712,12.6807188113745,14.0055396805275,12.6929042520092,13.5795776305691,14.5081998625888,15.1195151852943,13.8982842623456,14.9892896792414,15.562444252657,16.5221612686977,20.160494120998,17.9845836509254,16.0851368966017,18.2539922453323,16.2412612027469,15.112460893479,15.3071463415941,15.1494950889345,15.2192931617822,15.2898752874287,15.3626520438609,15.438517374514,15.5173906332133
"kiribati","kir",NA,NA,NA,NA,NA,NA,NA,NA,NA,NA,NA,NA,NA,NA,NA,NA,NA,NA,NA,NA,NA,NA,NA,NA,NA,NA,NA,NA,NA,NA,NA,NA,48.70752622636,62.6791003463154,100.92984598214,85.9332594676506,66.715573397502,61.5259728912447,55.3254987673683,64.4794316430273,48.1516844928398,76.8270495235479,89.3244474388691,75.8049398965174,65.9736894850836,90.4184974106139,100.011813714233,75.4825777920129,84.5570988931944,85.6652745342253,69.8466643889218,64.8260984289527,63.5458643830086,66.102141610793,67.9392388620658,63.3002501238356,78.4751744344625,89.7400802758191,136.203792234466,133.465909145509,119.110733480144,126.144528119011,114.012142009345,119.080190465981,105.797069488447,73.2005481849565,68.9384382283155,96.2119099670534,71.9804418879385,73.7262945548691,99.531587838841,78.9606432217756,80.6545830587859,78.5484846911953,77.7281080604306,76.5730319551552
"st. kitts and nevis","kna",NA,NA,NA,NA,NA,NA,NA,NA,NA,NA,NA,NA,NA,NA,NA,NA,NA,NA,NA,NA,NA,NA,NA,41.8031623165211,40.9146280268128,28.8536640350597,24.4272318482004,24.9787209728597,20.4133572760776,19.7698579679009,21.0579358255334,23.5247745984325,21.123598642237,21.0503149598925,19.9280666410901,19.1337519274871,20.2785400167057,21.5689640421355,23.0388496293199,24.5880157514326,24.569661434007,23.9547279750958,24.0084606828137,22.4711235734387,20.5075643349653,19.1072507931479,22.809941260235,24.4749911692133,26.0353315555805,29.7614432837747,29.9336383275454,29.9184185056836,27.9591974888942,29.1443983527622,27.0112983020874,31.867351532118,30.6200041073427,38.6080941431412,35.7044260967168,34.7039917023191,29.8236231995099,27.212906893936,36.0491030116273,37.2197444290453,34.1245097211343,47.4538001963635,46.1208318629211,43.9185535992081,33.0573292650312,30.71109733904,32.1590862976837,32.6590862623376,33.1590862616264,33.1590862620385,33.1590862621318,33.1590862618026
"korea, republic of","kor",NA,NA,NA,NA,NA,NA,NA,NA,NA,NA,NA,NA,NA,NA,NA,NA,NA,NA,NA,NA,NA,NA,NA,NA,NA,NA,NA,NA,NA,NA,NA,NA,NA,NA,NA,NA,NA,NA,NA,15.6709433615104,16.3403236593691,16.1890590934555,17.1249434927438,17.2910865052287,19.9261126368626,19.3611814613187,19.1145592599543,19.3772907507408,18.5865674223577,19.1086898742985,19.9003847510365,21.3031469193761,20.6828433125966,19.7782945887112,19.467035003982,20.0056510681492,20.4531997992123,19.805745369598,19.4194660823219,19.2966240343387,20.0699771661785,20.7140925407212,21.7022178556719,21.6186039527798,21.5545893022792,24.0783065798844,25.1884686581562,22.4141589487353,21.7502157140246,22.5558639342731,23.7707626124017,23.0644624891108,23.1102776946461,23.2531492085783,23.2470346486175,23.2411550859977
"kosovo, republic of","kos",NA,NA,NA,NA,NA,NA,NA,NA,NA,NA,NA,NA,NA,NA,NA,NA,NA,NA,NA,NA,NA,NA,NA,NA,NA,NA,NA,NA,NA,NA,NA,NA,NA,NA,NA,NA,NA,NA,NA,NA,NA,NA,NA,NA,5.35336807884601,11.4700943528043,17.2911059410325,19.6732093553065,20.4689782360724,20.4279493204596,22.4830643734269,25.2828040116906,26.660796268374,31.8871297113893,28.8760961099883,28.642944097012,27.5526329810518,25.8823348841597,25.0640384988075,25.6686953018821,26.7718760008613,26.7481170793676,26.6013519196582,26.9947563844562,25.641104022683,27.7915446294565,28.092921916544,29.5409856471524,29.8943984873048,30.3762739605388,30.693915183231,30.4200005203324,30.4271282668685,30.3725822811787,30.4006566635235,30.3374045784634
"kuwait","kwt",NA,NA,NA,NA,NA,NA,NA,NA,NA,NA,NA,NA,NA,NA,NA,NA,NA,NA,NA,NA,NA,NA,NA,NA,NA,NA,NA,NA,NA,79.4688220176383,94.4562374337656,67.5138858734453,77.604251629094,73.0394511605223,72.5560928733393,63.5570125112328,49.325797472624,54.8160562548774,59.229565511147,63.3663035258263,66.7223820302166,72.9102609944815,70.833869657296,72.2626758608123,81.9905240989881,86.1134573689777,73.4079344569521,65.0402648490639,67.4882042017526,67.4693400478901,60.0386569427296,67.2887453941137,62.0137549059266,73.9165879553167,77.1174837180597,78.2287435127346,78.6422541280314,78.8159120763118,74.7916541191183,71.6299815400197,66.8532853827389,67.1126288698486,68.6423032048795,63.244800423652,63.044963713473,58.3316518042902,69.5726831202456,76.5139994046156,74.0370389289332,78.4590484979208,76.4509730400067,77.6928751156297,77.1920983383882,77.08988396267,77.0365132480768,76.9408186976675
"lao people's democratic republic","lao",NA,NA,NA,NA,NA,NA,NA,NA,NA,NA,NA,NA,NA,NA,NA,NA,NA,NA,NA,NA,NA,NA,NA,NA,NA,NA,NA,NA,NA,NA,NA,NA,NA,NA,NA,NA,NA,NA,NA,NA,NA,NA,NA,NA,16.3152483715006,15.1626770189702,13.7699503573906,12.1538952573648,11.7587982434905,12.7894702519486,13.2361297248806,13.9853624296197,14.1961937156658,17.0075901632084,20.9329275967823,18.7602916255774,22.3758440965665,20.2089648769133,21.8547881323914,20.2119133671511,16.0244920686522,16.2938013142706,16.2441178166415,15.4178705038028,12.9904019026857,15.0356484112698,14.786686249551,16.4420872472948,18.122151225489,19.5780015589411,19.2083989113189,19.1390161943457,19.1188714581615,19.0554598673089,19.110192047318,19.0761405389023
"lebanon","lbn",NA,NA,NA,NA,NA,NA,NA,NA,NA,NA,NA,NA,NA,NA,NA,NA,NA,NA,NA,NA,NA,NA,NA,NA,NA,NA,NA,NA,NA,NA,NA,NA,NA,NA,9.81632628610893,16.0876534272451,12.142859560026,15.849149374225,18.1988115212634,17.4595320082474,17.8924398266219,15.9953843873261,17.4128123936099,18.8464540307277,18.8999354098162,17.9007189347816,20.5930704947214,22.4568425978932,23.4662394195402,22.8500015428765,25.5606117654146,24.265352802214,24.4686425040436,23.9886089399923,21.6851295855333,22.8756845622821,21.7956717820082,20.0966199307544,22.6296086224504,19.1891867097443,19.6023955862503,21.9785240287517,20.8779961367263,20.749412013589,16.7323650049089,7.95654625117662,5.42578934741948,12.704926999866,15.7071765637648,18.7485630539582,NA,NA,NA,NA,NA,NA
"liberia","lbr",NA,NA,NA,NA,NA,NA,NA,NA,NA,NA,NA,NA,NA,NA,NA,NA,NA,NA,NA,NA,NA,NA,NA,NA,NA,NA,NA,NA,NA,NA,NA,NA,NA,NA,NA,NA,NA,NA,NA,NA,NA,NA,NA,NA,14.4617486927123,11.1212628007557,11.1600844225586,9.33633805278351,11.569514802404,11.1810420053545,14.876750008177,18.3285764323217,19.0788860732506,22.5517752735718,26.2264284014991,25.4551049974784,27.8933682224035,28.7058940111853,28.5219489235611,33.3855114799606,31.9236867062242,27.9448170235901,27.9574602938102,27.3880902237691,31.2655191856811,27.2833691958912,21.5994055118454,20.0992930445217,22.3298742072137,21.0165972339828,20.6893806642559,20.5371123217198,20.4885353055519,20.5694068761628,20.2258728905395,20.0136091334195
"libya","lby",NA,NA,NA,NA,NA,NA,NA,NA,NA,NA,NA,NA,NA,NA,NA,NA,NA,NA,NA,NA,NA,NA,NA,NA,NA,NA,NA,NA,NA,NA,NA,NA,NA,NA,33.3495714511893,35.887226406155,25.7538597122836,24.4424373117875,25.8626921539676,31.4570709070338,42.0775799847367,32.2187336414125,30.4951954153392,32.6487328162534,40.4085378956449,37.0457713103575,47.8654140820509,47.8856844504489,52.3681274281692,58.5333489574096,57.5857001697535,61.8044367043221,68.7089825884105,54.8180537298395,64.4077054829954,28.1756995418704,63.9919746477667,57.1600614464973,29.5110868799888,25.0305399099407,12.7459428614247,23.8635246759795,46.9487150581806,59.2397225403441,35.0693729162506,79.5344960972143,85.783754179638,73.5737028199145,70.3628552992893,71.2078896799912,67.8711241125903,65.5489381046004,63.9564100172287,63.3927395555964,63.2632014252513,63.2961624288354
"st. lucia","lca",NA,NA,NA,NA,NA,NA,NA,NA,NA,NA,NA,NA,NA,NA,NA,NA,NA,NA,NA,NA,NA,NA,NA,NA,NA,NA,NA,NA,NA,18.8910515368326,19.4892651519167,20.472351012993,20.2188746500986,19.9208296657019,16.7854491076052,17.5449230425654,17.6367904104497,21.2963458366207,18.7190028649963,18.8865063925669,18.2575346249558,17.9391561323917,20.7921633990976,22.4962210713413,19.7542320807476,18.9637668131775,19.9804956023679,19.3162359101202,19.9124797818181,19.2810844563486,19.4091514070913,20.5922272092155,21.6268369020556,21.5597339809171,21.5300752808407,21.5037595079372,20.1811123606395,20.3081496803123,20.3304814445248,20.8953378890602,21.0880678409735,20.873035208705,21.9624185685421,21.6123438455764,21.6113630746851,21.3472547139473,21.3097960642803,22.0757615529131,22.570591386102,22.3607544140074,22.1900528559797,22.1078006305589,22.1631437546062,22.1254513293364,22.0733784950445,21.9721259501091
"sri lanka","lka",NA,NA,NA,NA,NA,NA,NA,NA,NA,NA,NA,NA,NA,NA,NA,NA,NA,NA,NA,NA,NA,NA,NA,NA,NA,NA,NA,NA,NA,NA,NA,NA,NA,NA,18.9640648344944,18.4494439880322,18.0768689506669,17.401990037593,16.696332349506,17.653943120025,16.2046536009944,15.6950420683197,14.5876547969594,14.9259551714117,13.9544083598018,13.925961612109,13.8970806660425,13.1922157682504,12.9435199045538,14.2122075227245,14.6096981135644,14.0674278742331,13.1564053510098,12.6843786409913,12.5826983466892,13.1222070398748,11.8755952214749,11.6045556674673,11.1794498386682,12.6298404243041,13.21751687001,12.7859957786437,12.5877234751009,11.9339529049277,8.77722608729387,8.31126584930841,8.3637780657847,11.2120568951947,13.6822751720666,NA,NA,NA,NA,NA,NA,NA
"lesotho, kingdom of","lso",NA,NA,NA,NA,NA,NA,NA,NA,NA,NA,NA,NA,NA,NA,NA,NA,NA,NA,NA,NA,NA,NA,NA,NA,NA,NA,27.8688034730967,29.025286143498,31.6339401169302,34.4705867222042,34.0756312936354,37.450181353156,33.4679373501193,39.6523579709372,41.7233770673839,41.0536378227106,39.9847071316331,43.5784006565142,45.8932005494528,47.1921978487195,43.615144387098,44.849326767594,39.5983305038569,35.4773639368567,38.3162983029796,38.6839300798474,38.7906838404384,40.6465635660655,42.3083409321559,42.0736176089625,54.7887035409245,58.8689620683683,62.1668560117612,62.284900841199,53.8321690164797,50.3262122363584,62.7117932800455,55.7742663417955,53.2601085915768,50.3686575612139,44.6852305749542,48.4245171400641,47.507138742907,47.8425819866357,55.6188518714856,48.8550510833633,44.4446368488185,56.3592988284413,60.6469677671871,56.3824393114185,56.8150339828008,57.4549822788122,57.3582694596937,57.1754069885823,57.1693732931176,57.0688057790367
"lithuania, republic of","ltu",NA,NA,NA,NA,NA,NA,NA,NA,NA,NA,NA,NA,NA,NA,NA,NA,NA,NA,NA,NA,NA,NA,NA,NA,NA,NA,NA,NA,NA,NA,NA,NA,NA,NA,NA,NA,NA,NA,NA,32.1466106085653,30.7720550043893,34.2979069638378,34.6483271010356,34.6043606180195,35.5197672976856,32.9701141897358,32.5838944186522,31.5661283792213,32.5523410630608,33.7679853972158,34.1482722129174,34.4748189536018,35.065313024618,35.7224662256074,36.0836298417657,34.185297339089,33.4563711953023,33.0396286303306,33.2139630299918,34.4316190923853,34.506087915372,33.7261227849419,34.3069092554995,35.0522414580901,35.9389085120143,36.1993033202522,35.8342179337325,36.5237373214168,38.1326764532017,39.0085429695865,39.9026775108666,39.6754642797214,38.9980315305914,39.0286726315886,38.9065770504449,38.9805682645793
"luxembourg","lux",NA,NA,NA,NA,NA,NA,NA,NA,NA,NA,NA,NA,NA,NA,NA,NA,NA,NA,NA,NA,NA,NA,NA,NA,NA,NA,NA,NA,NA,NA,NA,NA,NA,NA,NA,NA,NA,NA,NA,44.6952607700576,44.9157517396337,46.8100244776311,46.8992864400748,44.9887508578472,43.5254349367661,43.7619085507058,43.7917564601317,43.6121903512752,42.2825601112475,43.2333806677455,41.3062179956108,41.7449703654704,41.2941926292506,42.4827211804142,41.6987597487896,42.1539363994269,42.3178768091957,42.0794590025359,41.9440293176087,41.6693755725642,41.9347779675491,42.644166632284,45.492785765905,45.7505407354001,43.9475218297281,43.5105066292805,44.5126623850533,45.6956916729383,47.7303977823238,47.29414230438,47.4023732586418,47.7204734903323,46.8994178907867,47.0834573685144,47.3344764934997,47.6008003033696
"latvia, republic of","lva",NA,NA,NA,NA,NA,NA,NA,NA,NA,NA,NA,NA,NA,NA,NA,NA,NA,NA,NA,NA,NA,NA,NA,NA,NA,NA,NA,NA,NA,NA,NA,NA,NA,NA,NA,NA,NA,NA,NA,NA,NA,NA,37.4357370091039,36.8860180758789,34.477666276404,32.9947122849418,32.7767144867369,32.7664750734497,33.7643627623132,34.7482893145059,35.064437108199,35.3913725747766,34.8965825847923,36.4500085219198,36.9936415610169,37.8505494560832,38.7359218733734,38.0956803168338,37.4396522088925,37.1232772159739,37.003565200557,36.9812793965757,38.6382382925807,38.5820919195029,38.7942652930845,38.8717773431608,39.6089822678782,39.5002695896112,42.2387479950548,41.3183440083251,41.5439095938049,41.4047018916204,41.3056388066379,41.3531690629304,41.3269146964203,41.3268268729799
"macao special administrative region, people's republic of china","mac",NA,NA,NA,NA,NA,NA,NA,NA,NA,NA,NA,NA,NA,NA,NA,NA,NA,NA,NA,NA,NA,NA,NA,NA,NA,NA,NA,NA,NA,NA,NA,NA,NA,NA,NA,NA,NA,NA,NA,NA,NA,NA,NA,NA,NA,20.1592908392183,20.0867173170097,23.1142175793245,23.7152906140873,24.4487558511949,24.4296937360837,28.9711693504498,33.1660359609817,32.8776313123038,36.5301375782113,39.8501989155523,39.1690141319289,38.2437510296199,37.2414252730223,31.8290307677408,30.3056660240252,31.9762835362288,31.4472303324516,32.928085006733,27.9804858398725,24.7926395442787,20.6649948544671,27.4267389345619,31.8644296929067,31.0746704972503,30.4706799154303,31.0813787773484,31.5913787773484,32.0013787773486,32.0113787773486,32.0113787773485
"morocco","mar",NA,NA,NA,NA,NA,NA,NA,NA,NA,NA,NA,NA,NA,NA,NA,NA,NA,NA,NA,NA,NA,NA,NA,NA,NA,NA,NA,NA,NA,NA,NA,NA,NA,NA,21.262978027897,19.9019743200331,20.4370633860695,21.1087219248819,19.2282467314537,18.7321538470068,18.4563972695944,20.0970457653658,20.2191998343056,21.6377955964449,20.7809646149287,19.9119499461341,21.4452398439852,20.3548861727302,21.1647398598626,23.1812452742394,24.1789638238478,26.3139858488879,28.8808579015212,26.4767014593266,24.7770870362294,25.155320462694,25.9091396687838,25.7292220996476,25.8970297187889,23.8989567803846,24.1251122916265,24.5780075637896,24.2432036491508,23.2341422353989,26.9738885868581,24.1588912307948,26.4709176329194,25.8409835146381,26.9312541176829,27.7328903921549,28.1279727093792,27.5858814469342,27.2703826112379,27.1668088000727,27.2091800433504,27.1775266599444
"moldova, republic of","mda",NA,NA,NA,NA,NA,NA,NA,NA,NA,NA,NA,NA,NA,NA,NA,NA,NA,NA,NA,NA,NA,NA,NA,NA,NA,NA,NA,NA,NA,NA,NA,NA,NA,NA,NA,NA,NA,NA,NA,39.4419816303649,35.8723123971313,38.4799777951604,37.5723804342261,30.3794716153498,30.4791204563595,29.1629517858696,29.5604689478006,33.9738146150403,35.4007834157936,38.5602212734778,39.8781260832044,42.8601607151216,40.6275783596859,38.917178002384,31.9180323806685,30.5125538097001,31.7368160271384,30.8771970236723,32.172423536076,29.7602146596429,28.8955279087718,30.3279478311163,30.6754967495506,30.5199010246667,31.3694208934733,31.9641598763351,33.3279702585828,33.7004905861275,33.93619732737,35.5322246364106,35.4347902479783,35.5083256251206,35.4005185697482,35.4182717342569,35.4385535754034,35.3459419846866
"madagascar, republic of","mdg",NA,NA,NA,NA,NA,NA,NA,NA,NA,NA,NA,NA,NA,NA,NA,NA,NA,NA,NA,NA,NA,NA,NA,NA,11.7284849908765,8.20410005464865,7.31410852327216,7.39609215792791,7.84964857555681,9.45969370424706,8.82776093250989,8.26716660380564,10.8580701859318,12.1289781978961,12.8515691255274,9.08501927589255,11.183359358049,10.7377953813706,9.46329021817911,9.41153852259751,10.4251079248889,12.4559779520234,11.6253344105074,13.0569910090837,12.9942753905885,11.6956616589118,8.350475307017,13.2419848509991,17.4686155956616,15.8784367611624,12.7628328332535,13.778932326253,13.9879512311527,10.247077769938,11.5201396278928,9.99788619580223,9.27843901520585,9.29912629001079,10.5940630820904,10.1788842647125,12.4383311630113,12.8394901589371,13.0132314022295,13.9407442653501,12.3982403098312,11.0704591621493,10.7760797719784,13.5820530598673,13.6117709038446,11.319416360439,12.4497266857109,12.4856745767395,12.4888744386576,12.5841816303062,12.7416461762151,12.9954586145897
"maldives","mdv",NA,NA,NA,NA,NA,NA,NA,NA,NA,NA,NA,NA,NA,NA,NA,NA,NA,NA,NA,NA,NA,NA,NA,NA,NA,NA,NA,NA,NA,NA,NA,NA,NA,NA,20.5608519667121,27.4801082267569,23.488736642936,20.8418108023453,25.834197429642,25.6624321392528,25.2638007332818,23.761368779153,23.6516787138314,24.995047910392,25.1527545977608,25.6834530815968,25.6086806366937,22.9291283669865,21.8086273084111,30.9776903453367,30.5224062453825,31.6542020260417,25.6440545424798,19.0572635138534,19.6131565228302,23.1298302997664,22.8616841256133,23.5037267381326,26.666248477431,27.2730394907508,27.411948965947,27.3358267450486,26.7175612184925,26.3761503836648,26.6561674906229,26.4458251178533,30.8266351212709,33.50405432356,32.2854692390864,33.5631810940661,30.9146864733804,30.9448855173207,31.2031360338035,31.1896055495393,31.1769288560437,31.1642680012443
"mexico","mex",NA,NA,NA,NA,NA,NA,NA,NA,NA,NA,NA,NA,NA,NA,NA,NA,NA,NA,NA,NA,NA,NA,NA,NA,NA,NA,NA,NA,NA,NA,NA,NA,NA,NA,19.7908561190937,21.5954018452584,21.2809597926548,16.7269184964614,16.6822852580188,16.5765632469802,17.1492934712033,17.2610785192337,14.9867826247254,15.6475872555366,16.7012859953659,16.9737322837408,17.5861700425521,19.2611305742353,19.1129738866552,19.7220584270415,20.3506789616232,21.0626757476779,25.8206759504742,22.5811979572704,22.6783213043632,23.4179439394324,23.4336991941171,23.1094482220871,22.5781215210128,22.6985841211505,23.8411118678529,23.9841322673824,22.8311501239912,22.9970314811265,23.4927413745428,22.9371622408648,24.1867074504035,24.2844827600822,24.9820030978818,24.9844565267854,25.1734208277939,25.2101131446593,25.2055813707044,25.2174433980354,25.2373726797869,25.2373726797867
"marshall islands, republic of the","mhl",NA,NA,NA,NA,NA,NA,NA,NA,NA,NA,NA,NA,NA,NA,NA,NA,NA,NA,NA,NA,NA,NA,NA,NA,NA,NA,NA,NA,NA,NA,NA,NA,NA,NA,NA,NA,NA,NA,NA,NA,NA,62.8696094410198,64.0471544954758,57.7220434094796,64.3555675988885,66.6504446762586,60.3028857760345,63.4494760677728,52.9310826568685,63.0528746072779,61.4153360493377,67.5148623970806,67.965300047322,64.5693535101521,62.7344903559607,58.048174481529,52.4501344729641,54.7741300041466,52.3982914729329,59.1069439880901,60.6280386077976,68.080272337426,63.0031215042584,63.7071896935602,70.342906241707,69.3446955280851,66.2990460319429,68.5407531310848,73.5243310383715,66.640744938261,76.3558232206836,79.445578352746,78.4202935879099,78.7952918414167,78.5513557885825,73.8678979447587
"north macedonia, republic of","mkd",NA,NA,NA,NA,NA,NA,NA,NA,NA,NA,NA,NA,NA,NA,NA,NA,NA,NA,NA,NA,NA,NA,NA,NA,NA,NA,NA,NA,NA,NA,NA,NA,NA,NA,NA,NA,NA,NA,NA,NA,NA,31.9136336979445,30.5583802464887,32.5374955424867,34.3993836588981,31.4797012371183,32.9506703895491,35.9275921142345,34.4905979509379,32.704004915107,30.9453409505762,32.0260673110497,32.8332811106558,30.934441491286,30.0996805374837,29.3819718819611,29.4499928219874,27.8369207656643,27.5194217170712,28.7470883113816,28.40546474914,29.0298104208663,28.5112055647269,29.4378525241705,28.3543933098155,29.9550068271176,29.8054751716735,30.6947021004425,31.771439477391,32.1875769364516,32.018156883011,32.1881568830111,32.3881568830111,32.5881568830111,32.788156883011,33.05467379969
"mali","mli",NA,NA,NA,NA,NA,NA,NA,NA,NA,NA,NA,NA,NA,NA,NA,NA,NA,NA,NA,NA,NA,NA,NA,NA,NA,NA,NA,NA,NA,NA,NA,NA,NA,NA,NA,NA,NA,NA,NA,NA,NA,NA,NA,NA,14.2517005442524,13.2961364803006,14.205967858125,16.750630565239,16.5035336023983,15.9912555031317,42.5808180303963,15.7813886738804,14.4883133321686,16.3895026817662,15.2181138031904,14.4076051795052,12.2472742118681,14.616368899178,14.395744374946,16.0686522762773,15.3170645034358,16.8059448744112,13.0197879206449,18.0762506648039,17.421736967217,18.4257961864439,16.7376746624787,18.1580115521356,18.8589461441759,19.3412309940142,20.2156774518475,21.3711389653563,21.4820115787465,21.6172963854549,21.8006987122335,21.8235321013381
"malta","mlt",NA,NA,NA,NA,NA,NA,NA,NA,NA,NA,NA,NA,NA,NA,NA,NA,NA,NA,NA,NA,NA,NA,NA,NA,NA,NA,NA,NA,NA,NA,NA,NA,NA,NA,NA,NA,NA,NA,NA,NA,NA,NA,NA,NA,37.0898058252427,37.9050966608084,37.9888888888889,36.5265059228766,37.6762503315853,39.7148359236709,40.0234174627365,39.1107957495414,38.0700404079276,38.0345754409403,37.843745901281,38.5081333181663,38.3822448024601,37.8933254606736,38.0868301950048,37.0076506153756,36.5518257043712,36.1104685019584,36.3355898995511,35.5983884008716,33.3674499564839,32.4988910069657,33.0488354119289,31.3744044120107,33.858328975178,33.8547954683463,33.0668555299283,33.0729519269637,33.2331328668818,33.2980301130208,33.3172877222536,33.2714517202496
"myanmar","mmr",NA,NA,NA,NA,NA,NA,NA,NA,NA,NA,NA,NA,NA,NA,NA,NA,NA,NA,NA,NA,NA,NA,NA,NA,NA,NA,NA,NA,NA,NA,NA,NA,NA,NA,NA,NA,NA,NA,NA,NA,NA,NA,20.3105263356596,18.328016582236,15.41064057964,12.7391749884168,11.3079179063451,10.1028433094888,9.93667717443073,11.1584518442804,12.1798288720162,12.2014415031363,11.6706674086193,10.8946969746115,10.3803088802447,10.7852129039941,17.2535904891412,22.3594129263304,23.6748861753092,19.4056957215839,18.7348683152566,16.2726535768742,15.9488621256232,15.8447471155899,14.8037481109069,18.6769216357856,18.576457402428,18.6167359738566,21.6989839887667,20.2923048307286,20.0137735236946,19.5096995568621,19.8761271565787,20.1711575974426,20.2711575974426,20.5711575974426
"montenegro","mne",NA,NA,NA,NA,NA,NA,NA,NA,NA,NA,NA,NA,NA,NA,NA,NA,NA,NA,NA,NA,NA,NA,NA,NA,NA,NA,NA,NA,NA,NA,NA,NA,NA,NA,NA,NA,NA,NA,NA,NA,NA,NA,NA,NA,NA,NA,36.0669405064286,39.2389243557106,37.5050480645398,36.8125186063738,46.9261299092777,52.32913220847,48.8542783258365,44.8063568821663,41.8381379344874,38.8640554900999,40.0176541657463,41.744634252624,43.6459001282801,40.8616979366309,41.5223583407646,40.7227142115057,41.5266771242849,42.7082562291986,44.0264305624713,43.7291212964027,38.1045170107586,40.7377328866973,40.6641802975461,40.2704586297777,40.6471699167155,40.7015968987325,40.8046847575157,40.8046847575158,40.8046847575157,40.8046847575157
"mongolia","mng",NA,NA,NA,NA,NA,NA,NA,NA,NA,NA,NA,NA,NA,NA,NA,NA,NA,NA,NA,NA,NA,NA,NA,NA,NA,41.9158350777414,42.647366646026,42.7560750195942,43.5320315103036,43.9057919503859,39.1865993884401,39.1249416945942,38.0182720933701,40.8817501649588,42.3338404392981,39.6669572704429,21.0225260244895,24.9528487382862,22.4402702159616,21.6286366708079,21.7392595090755,22.7395254854831,23.8513222205917,23.2941067981149,28.7073490277086,30.8574991660548,30.7652492093595,30.2824787343004,30.2018629002646,27.5483899860048,33.7775309253544,37.938728866234,33.1072688650005,30.2549737835448,32.0008612194802,33.9179489286756,29.8160552046661,31.223790057546,28.4181723196097,26.1343305440627,24.3824325727236,28.4609032632975,31.2598392727802,31.8217877858308,27.8838950679027,32.8462362799264,34.3937360838526,34.6202846021504,38.89601183559,36.2985534668324,32.9795257356372,30.8545377499321,29.697442567757,29.4951146072922,29.5208722339365,29.364739611271
"mozambique, republic of","moz",NA,NA,NA,NA,NA,NA,NA,NA,NA,NA,NA,NA,NA,NA,NA,NA,NA,NA,NA,NA,NA,NA,NA,NA,12.738319489527,16.4031466675938,23.4361390151377,19.5679720875351,17.4788082362932,11.3574785221094,12.1268055838151,15.6412522858214,20.5751767336046,22.8168254483451,16.5486714756953,15.3236891500904,19.20854641488,18.125218263205,18.9373341543974,16.298730500561,12.8073733933868,14.7370718094561,13.8694600785837,15.2946555751364,15.933915046286,16.333484810379,15.2522883408326,15.9719535283362,14.5996388324323,14.9247966589026,17.1059217289032,18.7298730213763,19.3976870430535,21.3442041570664,23.2143995956486,24.5636726462359,24.6650351846363,29.2487845884919,29.9801909360593,25.611129471126,23.6743306628311,26.6047487477416,25.465693660621,29.7084946430842,27.6657231588198,26.8895918973359,27.6793255904937,29.0739726263757,27.069350640952,26.3025525427228,26.4539101072847,25.8702953755396,25.9480991203623,26.0312762094827,28.2543185037451,26.8542367830545
"mauritania, islamic republic of","mrt",NA,NA,NA,NA,NA,NA,NA,NA,NA,NA,NA,NA,NA,NA,NA,NA,NA,NA,NA,NA,NA,NA,NA,NA,NA,NA,NA,NA,NA,NA,NA,NA,NA,NA,22.4701391389347,19.3996971644934,17.953310258897,21.295280660447,19.4402191571172,19.2165818432905,24.1038067541253,20.9310228008111,12.3768532535469,13.1174740850474,15.0066003420826,15.8484739949785,22.4833228782265,22.1837669007366,20.8046774183465,18.1613845926491,21.0452068476021,18.2770049348508,16.4935182432267,16.0422327714729,16.8710584065777,17.110707163952,23.2098776882474,19.4476962938345,21.2569934567056,23.2135322457754,20.9674523441287,20.829309704893,22.2164379477566,20.4733090938404,21.3159955643061,23.378135922468,25.6066781665609,22.3394182561737,22.2034728659526,23.106307770771,24.5016896897662,24.9580292799694,25.0782115160187,25.7522306470203,26.179372034006,26.639171985008
"mauritius","mus",NA,NA,NA,NA,NA,NA,NA,NA,NA,NA,NA,NA,NA,NA,NA,NA,NA,NA,NA,NA,NA,NA,NA,NA,NA,NA,NA,NA,NA,NA,NA,NA,NA,NA,NA,NA,NA,NA,NA,NA,NA,NA,NA,NA,17.0026550027396,16.2236821838853,17.0853802985159,17.614937290885,17.6979830533146,17.5696908981983,16.797809293495,17.447492341288,19.7746707764439,21.1557290134622,20.2346217296809,20.0511833318715,20.1352086953906,20.1151920510388,19.4022503704551,20.2481279891,20.5784301367839,21.9814610960793,21.7937154380603,22.0557701781058,21.631062516846,24.2021279654925,24.4899478526706,24.0109049367508,25.7596370890779,27.6665765231573,28.1557147214704,28.0527501388768,27.9164049229516,27.8368850951061,27.8849322475794,27.7481121289882
"malawi","mwi",NA,NA,NA,NA,NA,NA,NA,NA,NA,NA,NA,NA,NA,NA,NA,NA,NA,NA,NA,NA,NA,NA,NA,NA,NA,NA,NA,NA,NA,NA,NA,NA,NA,NA,NA,NA,NA,NA,NA,NA,NA,NA,NA,NA,NA,NA,9.37384492990881,12.7920525207153,14.5582061755305,15.806400839474,17.7820051503419,18.1678386333394,17.717105908027,17.2083426996384,20.2278631339948,14.1472033259525,17.3135066298532,16.9843001337014,15.1918093187096,15.3516748355944,14.8437650799875,15.8423257434161,15.0357708933322,14.7650067048049,14.6961923675423,15.3093025809438,17.358272998349,17.6409543667118,18.4969426165529,19.1003242597646,18.5788046450837,18.7059379002913,18.4010205164989,17.7467123854047,17.4871069950599,17.4348322481946
"malaysia","mys",NA,NA,NA,NA,NA,NA,NA,NA,NA,NA,NA,NA,NA,NA,NA,NA,NA,NA,NA,NA,NA,NA,NA,NA,NA,NA,NA,NA,NA,NA,NA,NA,NA,NA,30.6735505298116,28.9947542944118,30.014867895096,28.0532997765846,28.7182570625981,25.7002653724087,25.6603992067972,25.9952299341183,22.4863042562158,21.6398226954685,19.5795918262196,23.8626565730744,23.1842718758311,23.4721275172936,22.53099929886,21.7048620319616,22.9723244280915,23.3178462068273,23.5152747743279,25.0093953358806,22.2854012224164,23.5201921131272,25.4025532739996,24.3018756443081,23.3285295323305,22.1622964338381,20.2547910758968,19.6312331477539,20.155279748236,21.5668577949479,20.1385146555937,18.4183414796347,20.083141622118,20.887397591651,20.576864415006,19.8946102444462,19.2227170827938,19.0475136395219,19.0474655978593,18.9561074963975,18.8985840019684,18.8491038437583
"namibia","nam",NA,NA,NA,NA,NA,NA,NA,NA,NA,NA,NA,NA,NA,NA,NA,NA,NA,NA,NA,NA,NA,NA,NA,NA,NA,NA,NA,NA,NA,NA,NA,NA,NA,NA,31.3013147050391,31.4250205442729,30.2497389765698,29.7215312249153,28.1404427343209,27.8837875821494,26.7298769091989,28.5402658864249,28.5026898731012,29.9495261362009,29.3339705235884,28.7118679245179,28.4624663260599,26.6156057173384,25.7211103334289,27.3885913358988,30.7853932910686,32.0866861109952,31.8741953406563,31.5572878221058,28.4877913937955,31.3852124388373,31.9395587233238,33.6182579648645,35.3484209868337,35.3724712272334,32.4591463795867,33.0991261421506,31.2355127947457,31.9234619412712,33.406601413575,30.579413923774,30.2273842214693,33.8616537753796,35.7787997707856,32.9553171273642,31.5524162313149,31.0222142960617,31.2663358049533,31.2909499759509,31.2814812879788,31.283005346083
"niger","ner",NA,NA,NA,NA,NA,NA,NA,NA,NA,NA,NA,NA,NA,NA,NA,NA,NA,NA,NA,NA,NA,NA,NA,NA,NA,NA,NA,NA,NA,NA,NA,NA,NA,NA,NA,NA,NA,NA,NA,9.30312249382858,10.5173897975215,10.51191173434,11.4007875803682,10.6895523600382,10.6751182835409,11.1445550721599,12.2358898372387,11.8614271192398,13.3076613178198,14.023667647494,46.242346649266,16.6505158891428,17.9853061276976,13.7607208341379,13.3093511496479,13.1356148649477,15.8111522452645,18.5158434655179,17.5140371644661,17.4909903823456,14.8980786849669,15.3925713221168,18.150466463158,18.003605402779,17.5499670224094,18.1608770466018,14.8018215503286,10.4299181830359,9.15637807405682,11.5032552453432,11.7449985607809,12.0661401845335,12.13196996379,11.9781429208573,11.9254074000327,12.1181280254115
"nigeria","nga",NA,NA,NA,NA,NA,NA,NA,NA,NA,NA,NA,NA,NA,NA,NA,NA,NA,NA,NA,NA,NA,NA,NA,NA,NA,NA,NA,NA,NA,NA,NA,NA,NA,NA,13.702217025074,12.4298906913801,16.8894619325735,13.9265621306525,9.10355415873255,11.3954802618673,11.237795453129,10.8160567861907,7.68913054165384,13.5271170181984,20.456382940671,19.6243325233305,14.7162538014505,14.9202426870132,16.9207857043612,16.1336499827657,14.9663046821785,12.084821705227,14.2566584267459,7.17577809733148,8.82008090524565,12.589856112752,10.4476063424182,8.1542371697562,7.76654375570666,5.14903847104214,3.63357756758521,4.66952707480178,6.03938686616554,5.56180872929006,4.706185685205,5.1218222238133,6.61066429101952,7.2888175917325,10.7554277888275,9.96613978981725,10.595724608788,10.3957343913528,10.1099476370057,10.2607455408767,10.325771160153,10.3991736954231
"nicaragua","nic",NA,NA,NA,NA,NA,NA,NA,NA,NA,NA,NA,NA,NA,NA,NA,NA,NA,NA,NA,NA,NA,NA,NA,NA,NA,NA,NA,NA,NA,NA,NA,NA,NA,NA,NA,NA,NA,NA,NA,NA,NA,NA,NA,NA,22.7175741406081,19.5669365772129,20.7965393418515,22.1800022312526,22.5147254438971,22.9827350072732,22.7155137738816,23.3603468491292,22.1452557172732,21.8436953105777,23.280442882766,24.1259379144792,24.3083278404749,23.9033042827355,23.6945987637967,23.8087548376538,24.9160963531038,25.5522429792687,23.3398437101498,26.5320480873161,26.3513374935273,28.7451505404569,29.2222040301587,28.3089839635761,28.4541467435596,28.2012067050046,28.4615666920534,28.2423848287315,28.293449283564,28.2214020471753,27.7795561960401,27.4351717191885
"netherlands, the","nld",NA,NA,NA,NA,NA,NA,NA,NA,NA,NA,NA,NA,NA,NA,NA,NA,NA,NA,NA,NA,NA,NA,NA,NA,46.4536426353358,47.1233967767006,48.0113795194273,48.9051359461318,48.2668029025124,48.6504428511005,48.3694704554104,48.3573169883375,47.388052208957,44.8317824005738,44.7481204938222,47.5335606030527,47.1169791197395,47.7308597793267,45.9065739398533,45.2110704416541,45.4341152620909,44.1064762213926,43.2796658891346,44.5586383683651,44.3460838451008,43.6076042415119,42.5511184109795,42.5602203141963,42.848113053146,42.9055434424955,44.0030028394196,43.1060977078399,44.2016646732146,43.3669801784589,43.5618065944867,43.3543237710228,43.808869820975,44.6697327241285,44.566308148659,43.4165981335145,44.1421876627209,44.1129583238442,43.937871615056,44.0068115507124,44.0963032005125,43.634793337446,43.2679962166187,43.629425986994,43.4679574042348,43.3050243070726,43.4992058120227,43.740289633316,43.8528440172204,44.0579096638079,44.2700469622694,44.3071473112595
"norway","nor",NA,NA,NA,NA,NA,NA,NA,NA,NA,NA,NA,NA,NA,NA,NA,NA,NA,NA,NA,NA,NA,NA,46.2388475904236,46.5569278325255,49.2227381463333,48.0088870633327,47.7190202806141,49.3717154184041,48.3254739179394,50.482805618135,49.9710495991431,50.9396643014913,50.9716431884286,49.8076374112673,51.0819827169687,50.1516819048316,49.5638328312532,48.8884255810695,49.7099965417835,52.6267720885867,53.4019126217284,53.2907855182065,51.293671419185,52.5015196304764,56.6490473869396,56.5934322903953,55.3328229846677,54.8937502349431,55.5008309209821,56.2421061550807,57.8844367253268,57.2814900401006,57.4073100302581,54.7048340512962,54.2033316605488,55.2697752250011,54.7655463296271,52.6496542065912,52.3275173599361,52.4988099873168,52.6898963686314,52.3650295436011,53.7005805060229,54.652662469729,52.0795582161276,54.6241393494487,60.9181140603023,60.1026413415572,59.6915633232216,58.8956172758833,59.5045411835265,58.1296623619327,57.880709654551,57.9256074167085,57.9022673152599,57.7869379122436
"nepal","npl",NA,NA,NA,NA,NA,NA,NA,NA,NA,NA,NA,NA,NA,NA,NA,NA,NA,NA,NA,NA,NA,NA,NA,NA,NA,NA,NA,NA,NA,NA,NA,NA,NA,NA,NA,NA,NA,NA,NA,NA,NA,NA,NA,NA,9.9509696756563,10.5493946465911,10.5284529206902,11.6192352784522,11.6551553225265,12.2937495574884,11.4047551209362,12.4331580522366,13.0996724896454,14.7431821412313,15.782399376331,15.6286796941028,15.589669933081,17.0690014071477,17.9406263819373,18.1301005537614,20.1592637543245,20.9457082100879,22.1657274385794,22.8689687032057,21.0225099167472,23.2689054444638,22.9342635438787,19.2665180902979,19.375453700619,19.9713779797633,19.8931693146269,21.5627809088619,21.6583470766169,21.7018014761883,21.9117109059779,22.1326514281986
"nauru, republic of","nru",NA,NA,NA,NA,NA,NA,NA,NA,NA,NA,NA,NA,NA,NA,NA,NA,NA,NA,NA,NA,NA,NA,NA,NA,NA,NA,NA,NA,NA,NA,NA,NA,NA,NA,NA,NA,NA,NA,NA,NA,NA,NA,NA,NA,NA,NA,NA,NA,NA,NA,NA,NA,NA,68.3451968252026,73.8642498917194,47.4304958552786,54.0895470121944,67.7300632195963,90.8895863464266,96.0994395201971,114.897876347306,118.452938403343,120.336043680529,136.957563336555,152.200643077064,161.847274573403,134.276138169135,129.245311536462,147.229920324384,132.234769206935,144.72592899554,141.240386772076,140.818722168289,140.819944471765,141.20067842936,141.554572537733
"new zealand","nzl",NA,NA,NA,NA,NA,NA,NA,NA,NA,NA,NA,NA,NA,NA,NA,NA,NA,NA,NA,NA,NA,NA,NA,NA,NA,NA,NA,NA,NA,39.1329846132407,41.5094842764035,42.5971325211657,44.1847019903832,45.6018407851828,46.787308189842,46.7958491136918,46.1990215744649,45.2160574427687,44.7074061195939,45.2569379523975,42.40112598818,40.5241028180905,39.6094502044003,38.0983329654654,38.425725739252,38.4777801578875,39.269518998855,40.311739165277,40.5964949281764,42.1855521533762,42.4107317394152,40.626588532231,39.9164272601739,38.4820537348195,37.3624143801718,37.3567598013925,37.4750907367594,37.2723806518624,37.2795551682642,37.5255591244585,37.3597010954089,36.9336525809142,37.3752125273722,36.3033498235866,37.674113171249,38.4546130853683,37.7091797261749,37.798573720429,38.5051568235293,37.6926981694471,37.2354050663311,37.253403397994,37.3441619787135,37.5248587386516,36.7981978370843,36.8437549885471
"oman","omn",NA,NA,NA,NA,NA,NA,NA,NA,NA,NA,NA,NA,NA,NA,NA,NA,NA,NA,NA,NA,NA,NA,NA,NA,NA,NA,NA,NA,NA,NA,NA,NA,NA,NA,41.285374757274,37.5644547955401,35.2903716366512,33.2189057639077,32.2801899511364,34.3457173983815,35.7011019384132,36.8607974657336,31.7585638755389,34.4748728882039,43.3819946852982,40.8238034871793,39.4511144684527,39.8764200731174,39.5072344389094,41.8362495816838,42.2818155468124,41.2121534307682,40.2423458325729,33.1008134435155,35.5310488875631,42.7335388869504,42.7023599899951,42.0706009983112,39.838475990615,31.067746887198,24.9916404334894,28.9692609867499,31.6013947015764,33.9484942659235,28.8649849590056,33.3197610727266,41.4466762092347,34.2471684564548,31.9450706555777,29.9483397299144,31.8011830094823,30.2974930969535,29.7714795478831,29.1444051892952,28.5544496014667,27.6792960171481
"pakistan","pak",NA,NA,NA,NA,NA,NA,3.55455875573059,3.98189284089781,4.34195793909907,4.74385236358608,4.50787019689107,5.20211513093528,4.81761048581804,5.49212189333118,6.36279087854389,6.34120659070873,6.21913245666427,7.5594668577015,8.07754307189806,7.72285940580458,9.59053631073428,9.43566394931202,9.9411053476592,10.1559648023551,10.6540601971837,11.1245486059543,10.4998126062706,10.7080600680223,12.0361933904158,11.5236581490545,12.7020867070733,13.2121245773755,11.303078930355,11.8338259061252,12.0694194103558,10.5647578500286,11.3790240382233,11.4703479590389,10.8843328056473,10.0742935740747,10.6872780894651,9.86239283429135,9.65940502452487,10.1673274603516,10.6077894423942,10.493725222417,11.7279648139497,12.7357644155553,10.8340499952836,10.6667508195626,11.6817597889416,11.8871042022048,12.0976154524142,12.7699684843249,12.901309519028,11.6889843054316,11.6852637449189,12.0252442989263,13.724971885658,13.0941652303894,13.7887524629833,13.9566738716274,13.4345356611834,11.2646189983054,13.2648290846635,12.41708227947,12.116271986873,11.5340751340577,12.6409933002211,15.8392808419414,15.809684468826,15.2606801966778,15.4979101947185,15.4969215780144,15.5015591734079,15.4904745148052
"panama","pan",NA,NA,NA,NA,NA,NA,NA,NA,NA,NA,NA,NA,NA,NA,NA,NA,NA,NA,NA,NA,NA,NA,NA,NA,NA,NA,NA,NA,NA,NA,NA,NA,NA,NA,NA,NA,NA,NA,30.8723875047547,31.9428460295171,27.0883946717654,26.1706641625856,24.6910013986732,24.5063973351326,26.8983270015134,24.7333917418225,24.0650121924845,23.2679392250442,19.8719178020758,20.8988179161535,22.9515751187041,25.3496801169206,23.4062565139247,22.037539126583,22.7369185025331,21.7489266067613,21.6687215244286,21.1923465555492,19.8825114177985,19.1884901944291,19.4893451163276,19.3415933745011,18.9488542345831,17.7457423622381,17.3400396306118,17.3018162640096,17.366397474296,17.4818317907298,16.8793709240257,17.2606050019616,17.9618348426402,18.2376057512361,18.5034314565834,18.8973703780474,19.1648702814908,19.4388325383059
"peru","per",NA,NA,NA,NA,NA,NA,NA,NA,NA,NA,NA,NA,NA,NA,NA,NA,NA,NA,NA,NA,NA,NA,NA,NA,NA,NA,NA,NA,NA,NA,NA,NA,NA,NA,NA,NA,NA,NA,NA,NA,NA,NA,NA,NA,19.6192469095086,18.779885458863,18.2451961083998,18.4910024949414,18.5251581801747,19.9430617491856,21.1911923824483,21.9415076650154,22.3789422025103,19.8658726254796,20.9863361526174,21.8423669627531,22.3750533397441,22.2112082804514,22.2091453042872,19.9734127939732,18.3862499577654,17.8343069541311,19.0241654854296,19.4521202853699,17.4845780923318,20.6374219253744,21.7212549036895,19.3167513069802,18.6873552550302,19.0650272936982,19.3606901319824,19.3071582824555,19.2718073761897,19.344064324879,19.3438241204164,19.3145121279257
"philippines","phl",NA,NA,NA,NA,NA,NA,NA,NA,NA,NA,NA,NA,NA,NA,NA,NA,NA,NA,NA,NA,NA,NA,NA,NA,NA,NA,NA,NA,NA,NA,NA,NA,NA,14.0847675546083,17.2886178894895,17.7804966836688,17.9871880118714,18.2192696006115,19.2379227292319,19.0865613661591,20.1575742350718,20.6540872505018,19.0284129345793,18.461580308234,17.5354138883668,17.5224076160714,16.8506719205256,16.9201623379995,16.562864394249,17.1163374050239,18.2359291597834,17.8988931249583,17.9006298925033,16.6404208446891,16.094578289732,16.8382938731719,17.4860319825644,17.6941631835047,18.1528912165737,17.9303592995461,18.2665079029864,18.7056044727886,19.4294864199714,20.2170789607794,20.3744659035169,20.9667604572948,20.4057314913679,20.2823160065325,21.206087079827,20.2894902639837,20.3036844898445,20.219825641432,20.2120561177299,20.1778823446819,20.1793056664814,20.1187526073869
"palau, republic of","plw",NA,NA,NA,NA,NA,NA,NA,NA,NA,NA,NA,NA,NA,NA,NA,NA,NA,NA,NA,NA,NA,NA,NA,NA,NA,NA,NA,NA,NA,NA,NA,NA,NA,NA,NA,NA,NA,NA,NA,NA,NA,NA,NA,NA,43.1594783964687,32.868052668435,35.8577474819798,45.0490817972402,43.7247695967872,41.6790327245232,45.6752438745108,46.9850132595329,42.6230652685664,40.1912371273377,46.5069737021328,44.6987240338201,44.217189090378,40.6693416052506,43.4353890475383,40.5556816748752,41.111238952927,39.6442763371351,43.9696677236459,42.3548979620789,45.1936075901827,55.974721400233,59.4509948521707,48.14325706682,53.8162895893472,53.8444761685282,52.2549566293672,52.0335273482883,51.6639757902448,51.3995079223809,50.8274291374934,50.6870704470416
"papua new guinea","png",NA,NA,NA,NA,NA,NA,NA,NA,NA,NA,NA,NA,NA,NA,NA,NA,NA,NA,NA,NA,NA,NA,NA,NA,NA,NA,NA,19.9559539495729,23.0576046574112,22.8645032273092,23.0758952412708,23.9018973133193,19.4554448963828,22.6853848747459,22.4974122261195,21.7645537376337,18.4594344166119,18.6438418464991,18.2822972338238,18.1722186724726,19.6215139254097,21.2358668725338,19.8644431873871,19.5088825095263,20.760492777444,20.2355729705641,19.0671177894925,18.8566596059792,21.4621871357224,23.4609064627376,24.7824586558278,24.9206366660197,22.488034836948,19.1685673296927,21.4560625168599,21.9034116645373,21.2270980634553,20.7400238163722,20.7854051688439,18.2961353091385,16.1221064950898,15.8919448495188,17.7392587536875,16.3166728636486,14.655757871457,15.1271696493442,16.641973482721,17.908249478989,17.5481712076832,17.3376007061297,18.1747455879649,18.5279723976388,18.4783490767216,18.8148345145171,18.6865668206588,18.588039556194
"poland, republic of","pol",NA,NA,NA,NA,NA,NA,NA,NA,NA,NA,NA,NA,NA,NA,NA,NA,NA,NA,NA,NA,NA,NA,NA,NA,NA,NA,NA,NA,NA,NA,NA,NA,NA,NA,NA,NA,NA,NA,NA,42.9355125419773,45.7522077061074,41.3672413220414,39.6560442834264,40.0659289705162,38.925052340919,39.8488927114927,40.1145670894902,39.2901273647376,38.3615081571695,40.1877149856372,40.7656114155093,40.9540842097758,40.4304321858794,37.666903646583,38.5690114990494,39.1436692333967,39.3747665268191,38.9634670366826,39.0204860877624,38.9016593055941,38.66925993384,39.6449683399137,40.795654061168,40.6888924153587,40.881904652677,41.8923743436922,39.8787119621624,41.6633946010419,42.9666442101545,42.9415825091819,44.4063402407328,44.3353810314048,43.5416493756635,43.6764156219916,44.0368518302649,44.1585866815693
"puerto rico","pri",NA,NA,NA,NA,NA,NA,NA,NA,NA,NA,NA,NA,NA,NA,NA,NA,NA,NA,NA,NA,NA,NA,NA,NA,NA,NA,NA,NA,NA,NA,NA,NA,NA,NA,NA,NA,NA,NA,NA,NA,NA,NA,NA,NA,NA,NA,NA,NA,NA,NA,NA,NA,NA,NA,NA,NA,NA,NA,19.4416794051098,19.3971368822884,19.1325558113517,20.8170290755963,22.1536850525683,22.9670007954248,20.8113952157935,20.9685119886995,22.3604819590368,22.4996832101373,21.557276415173,22.5126110166181,22.1529452020362,21.7135188407917,19.7307658561833,19.834222427329,19.5857300185061,19.3402190366878
"portugal","prt",NA,NA,NA,NA,NA,NA,NA,NA,NA,NA,NA,NA,NA,NA,NA,NA,NA,NA,NA,NA,NA,NA,NA,NA,NA,NA,NA,NA,NA,NA,42.1998359354036,37.2565648138967,37.8589122224631,37.9700332691856,35.3405901195338,38.0100868807597,43.023843761807,38.4209596541375,35.392846441027,37.449580752231,38.411643257772,38.753690234328,38.3232124030339,39.566717640734,39.5129989214614,39.4113059021868,40.4727815806199,39.744221519048,40.0835805171023,40.6688312466454,41.1026017019086,41.649449463596,41.6747700203459,40.3832421693512,40.4687913515148,42.3005945510921,42.6315677052214,44.7432790627366,44.3435750802891,43.8431908562561,42.9223396401346,42.4837002472008,42.8556480661237,42.5969521175589,43.3708728127947,44.5176767186866,43.5635062215831,43.1549909266639,43.0063982072183,44.0519126903375,43.7727591799302,42.372005479517,42.1560828029296,42.1400025754819,42.1262482377429,42.1140326089263
"paraguay","pry",NA,NA,NA,NA,NA,NA,NA,NA,NA,NA,NA,NA,NA,NA,NA,NA,NA,NA,NA,NA,NA,NA,NA,15.8738705335767,15.0251148185359,13.4366415794467,14.6752582534407,13.3160953894583,12.5880885774661,12.2286319325261,12.3304096577234,12.8278858199923,12.7603661863292,17.312118481969,18.0983937292831,14.7832745849935,16.0697621957477,17.1980863500644,19.0671428590713,18.5027407910471,19.3493618096073,21.0565925723157,22.2362334855686,21.8653660696103,19.0730417768037,19.1134561261465,15.7484416174792,14.529254101518,15.3481937711871,14.7817472954345,14.9930012950005,14.3597007583445,14.1191935508736,14.8474296289464,14.8712679404382,15.991704375571,17.0006690636093,15.9209690198627,16.8641819903073,17.5408238872573,17.3254883688714,17.6181997073259,17.4738141762918,17.6790669798816,16.9125988435789,17.0608228833015,17.568820278653,17.6572968304083,18.7576236842391,17.9213253636882,17.9490336725221,18.0628182309335,18.0719354526809,18.1061561739433,18.2171559207209,18.1951666125132
"qatar","qat",NA,NA,NA,NA,NA,NA,NA,NA,NA,NA,NA,NA,NA,NA,NA,NA,NA,NA,NA,NA,NA,NA,NA,NA,NA,NA,NA,NA,NA,NA,NA,NA,NA,NA,53.2020751173824,54.9562769965464,51.4580490804711,53.2728542186268,47.970343275036,46.464108325356,46.4271488689721,38.2442674185196,48.1108413301793,38.0085736538011,34.4073730135237,36.5903105343705,39.471925374397,35.2177558209624,47.6098729183151,38.7932877011452,37.9402551661951,39.7996500650312,33.0361832020767,50.5615409040804,36.5967885942086,33.7330236350953,39.5373959304429,47.5632426189123,45.6676675663218,57.0066566677934,30.9350811598664,27.843063023426,31.1558185204016,33.4630643315858,32.5658902903686,29.6115250869349,34.7243777283219,32.2262145227659,26.7398210788285,26.0773455924783,25.5475463643394,23.6812115291106,23.2215686887988,26.3109675770252,28.0784454204671,28.8333364818957
"romania","rou",NA,NA,NA,NA,NA,NA,NA,NA,NA,NA,NA,NA,NA,NA,NA,NA,NA,NA,NA,NA,NA,NA,NA,NA,NA,NA,NA,NA,NA,NA,NA,NA,NA,NA,39.3838326904424,41.513794796388,36.9797262015265,33.1036341785079,30.9024386960947,31.072790660901,28.7179903062608,28.3323353449729,29.396943148173,31.5345097811575,31.0480740814931,29.963102748583,29.487578305855,29.5296786712527,30.2611281373078,31.6108423600346,32.4971860990668,31.5189582305103,30.6668341263587,29.4532354804758,31.2040114904778,30.9134234621574,31.0850141443852,31.7809913875757,31.9988860625543,32.8151659157467,29.3159098538788,28.1624721303242,29.1727344119433,28.862792861602,28.7014189564873,30.5046798355274,31.6429787649164,31.3088896189532,31.2701297244011,32.8151926196304,33.4546727698091,31.9011994859045,31.8721738209944,31.921582455433,32.0932869145337,31.7279227203824
"russian federation","rus",NA,NA,NA,NA,NA,NA,NA,NA,NA,NA,NA,NA,NA,NA,NA,NA,NA,NA,NA,NA,NA,NA,NA,NA,NA,NA,NA,NA,NA,NA,NA,NA,NA,NA,NA,NA,NA,NA,NA,NA,NA,NA,32.259284961368,30.700142787481,33.7577909453498,34.4555114301636,34.4905233500539,33.9488134311548,34.2031464605272,37.0548262701571,36.8432929679614,37.5268850471811,36.559901839835,32.7072292015723,32.3109543813431,34.6930299314549,34.4110389809074,33.4896910463174,33.8682351334367,31.8870271111,32.9161754233001,33.3612456026923,35.5443018980002,35.6818768547416,35.1638161660348,35.7153769552989,33.8049156350655,33.8984818245949,35.0636546117076,35.232509329102,35.441962100986,35.206798806593,34.6764360769042,34.6491224220616,34.6611647260324,34.7853309595291
"rwanda","rwa",NA,NA,NA,NA,NA,NA,NA,NA,NA,NA,NA,NA,NA,NA,NA,NA,NA,NA,NA,NA,NA,NA,NA,NA,NA,NA,NA,NA,NA,NA,NA,NA,NA,NA,NA,NA,14.5030346579528,13.8718853693415,3.83703095987553,16.1952163066527,14.7104134595295,14.9902999818403,13.9767057718384,18.2205327919282,18.2786060274838,17.5126522257102,18.6865605675674,17.5130432086282,20.4398298189707,21.3743240694954,20.8432392026578,21.1288499170232,23.5669570491961,22.8559120879121,23.4700963445735,24.1135680062684,22.4774758672154,25.2292174990624,23.8799591748129,24.1823240943984,23.1258968334533,22.7915323865751,23.7710745017616,22.7491702914695,23.2015082082285,24.1614596259436,23.1692074219659,21.2786498654148,20.9503864672993,19.643378097579,20.3070667249146,20.5657795492315,20.9116992639029,20.9246258830653,21.0190332530011,20.4642896441625
"saudi arabia","sau",NA,NA,NA,NA,NA,NA,NA,NA,NA,NA,NA,NA,NA,NA,NA,NA,NA,NA,NA,NA,NA,NA,NA,NA,NA,NA,NA,NA,NA,NA,NA,NA,NA,NA,NA,31.6646121782962,33.0441472939939,28.4046637909568,25.4824881970646,27.2903902432664,30.0955416692612,33.0923699948354,25.6554752920101,24.3234686423531,36.3172787790865,33.0332678750384,29.9568789713961,34.3144947539724,40.8119495157078,46.137702413936,48.0918772476217,41.2364930576048,56.4815584346293,31.6822828917972,37.4032008651151,43.7821991022058,44.2080799970493,39.9298409226411,35.2372534658255,23.5623807351904,20.0963092932047,22.358149860401,27.2395231446418,27.805386147002,27.1657122796607,26.2005718361311,27.5130012870695,26.5297092232912,26.7706195305196,23.2204790775302,23.2011599375191,23.2686619862228,22.7531831664999,22.5325592488607,22.2254962300485,21.8431460954687
"sudan","sdn",NA,NA,NA,NA,NA,NA,NA,NA,NA,NA,NA,NA,NA,NA,NA,NA,NA,NA,NA,NA,NA,NA,NA,NA,NA,NA,NA,NA,NA,NA,NA,NA,NA,NA,14.7575192782601,19.2228431427386,25.9036654553682,15.6435082631236,16.5191188978564,9.39797939004591,6.69460598397204,6.79007768465081,7.22846031800454,7.5962936431464,9.66356683752845,9.09942992700416,9.85535263036682,13.3118711349179,16.6677257346945,17.8739890605879,17.5002352868463,16.7413466720191,20.2033059431631,14.9590180362101,17.4616672242897,15.9060530612194,9.1131796508357,9.56276847915527,8.79196147472402,8.50904288125806,6.05788129269707,6.74300853912563,8.91051102271914,7.90416485559408,4.86699437465577,9.55134475062933,15.7454267925968,4.53207156122674,2.93258123894325,2.8923930379465,4.08277200388023,8.37765749188499,8.9936051795888,9.64631943998499,10.1465656110169,10.2216752095532
"senegal","sen",NA,NA,NA,NA,NA,NA,NA,NA,NA,NA,NA,NA,NA,NA,NA,NA,NA,NA,NA,NA,NA,NA,NA,NA,NA,NA,NA,NA,NA,NA,NA,NA,NA,NA,NA,NA,NA,NA,21.8014998379947,16.8477007873316,16.299104133074,15.0378359153672,14.395837624499,14.0085203544393,14.7634579389252,14.2709802601965,15.7057868871339,16.5537773152263,18.3293264223168,18.4059898896429,17.6183686866975,19.3741370250386,17.4074880628776,17.4557682334881,17.7610271580871,18.3269915157245,18.7870084314836,17.7548554503249,19.2035914896094,19.283508203794,20.6909874884476,19.4949900674396,18.8896643645886,20.3376179939517,19.9712285023252,19.9542097984952,20.0165244293314,20.7296511532343,20.1251059547073,21.2704525844669,22.3813483616639,22.6372399868072,23.1484494951733,23.4179861545479,23.4144901813683,23.4553674227109
"singapore","sgp",NA,NA,NA,NA,NA,NA,NA,NA,NA,NA,NA,NA,NA,NA,NA,NA,NA,NA,NA,NA,NA,NA,NA,NA,NA,NA,NA,NA,NA,NA,NA,NA,NA,NA,17.0245809897145,16.5318858320214,17.2296405643027,18.8747078024655,19.6289401925281,18.603862232249,20.0800281276208,20.2094216698325,20.4792494550795,21.0876407440351,20.715431446113,19.4097548504288,18.1634895862644,16.3233274131139,16.1251195129343,14.9343507499287,14.4395777281757,16.1349613167991,17.5642148587915,15.758646601696,15.9150196124002,17.6222083285233,17.1611217891532,16.8772286824431,17.1744469055941,17.2758462981247,18.4627616346693,18.7849694565594,17.5266375686788,17.765341043382,17.2844245792305,16.4653758093626,16.077522478797,18.0642620264038,18.0392919701672,19.6085552290228,19.3948079728977,19.4572889000255,19.4729091318075,19.5041495953713,19.535390058935,19.5666305224991
"solomon islands","slb",NA,NA,NA,NA,NA,NA,NA,NA,NA,NA,NA,NA,NA,NA,NA,NA,NA,NA,NA,NA,NA,NA,NA,NA,20.5260191534867,18.6236067221931,18.4734162897236,16.3422142916414,17.5182057606284,18.1478976083746,18.7470592753176,20.1798874523606,21.5785262583029,24.3100391739741,25.8426381809723,33.358954486878,33.1292319196262,30.1233073821355,29.1366321159467,23.5266129217233,23.5486967965502,18.0957148249571,17.3466578380052,15.4960111382183,13.2862628387574,13.2872212066924,10.3828794332357,21.4827362704059,26.9208505642236,26.2180468685147,28.6902791718748,34.8020754356457,26.0203405640755,24.8302919971542,28.2466930028414,32.824683276959,33.9965738637058,45.3554564908385,41.967815543545,42.267212583553,36.0504298099671,38.1109690375061,36.3030910937172,34.082485713231,37.9464298535445,35.0874193426243,40.8335649522663,40.0620153767513,37.4993975343959,37.3742254508511,37.3786879037196,36.5003973762992,36.2951490072725,36.4592728327002,36.5907064704691,36.6874284114456
"sierra leone","sle",NA,NA,NA,NA,NA,NA,NA,NA,NA,NA,NA,NA,NA,NA,NA,NA,NA,NA,NA,NA,NA,NA,NA,NA,NA,NA,NA,NA,NA,NA,NA,NA,NA,NA,NA,NA,NA,NA,NA,NA,NA,NA,NA,NA,8.33477675958368,8.77737255125461,9.54996606930959,8.92825412688001,9.68752844062296,9.69735710832553,9.04026428690496,20.6720811395643,8.12079235713533,9.79058509110551,9.39943767379027,10.4010906776653,10.0400803325365,9.68016194842691,10.7799981095596,10.1995457036872,9.5226277639593,9.35746658281745,10.0789749220382,11.3413685898897,12.1284288875459,12.4034309072052,10.7882735880455,10.4401127866895,12.4006165216235,12.2849860909897,13.7054416439446,13.7824742948091,13.8923498921029,12.8713427236963,12.8252124780582,12.7745283862088
"el salvador","slv",NA,NA,NA,NA,NA,NA,NA,NA,NA,NA,NA,NA,NA,NA,NA,NA,NA,NA,NA,NA,NA,NA,NA,NA,NA,NA,NA,NA,NA,NA,NA,NA,NA,NA,15.2644444301271,16.2299562869615,16.4632432797535,17.0921128989898,17.9658940941535,18.3870177609824,18.3325674183681,16.6524063594876,16.3475721095042,16.567949031789,17.5172903733564,16.7302615804406,17.0052719832815,18.396253675802,18.7379630617826,18.9558425015484,19.9958919922014,20.5030630297483,20.7477822987896,19.3123744890142,20.624436237493,20.8053885341143,23.5747868995854,24.037329461431,23.5908403394806,23.4754421987414,24.3574274280735,25.563798925946,24.89983636259,24.7107481276422,24.5608656729474,25.5579723011978,25.9765064807579,25.8380700907712,26.8122404764256,27.4122895772528,27.5775771407774,27.7178626491948,27.6817797175547,27.6984052920161,27.7111180204274,27.7154146002283
"san marino, republic of","smr",NA,NA,NA,NA,NA,NA,NA,NA,NA,NA,NA,NA,NA,NA,NA,NA,NA,NA,NA,NA,NA,NA,NA,NA,NA,NA,NA,NA,NA,NA,NA,NA,NA,NA,NA,NA,NA,NA,NA,NA,NA,NA,NA,NA,NA,NA,NA,NA,21.4194763904521,22.9127952298773,21.1615278074549,22.4782610795097,22.2079826394549,22.3769152649706,22.1246085001635,21.3266542309528,23.4970033776066,22.419215391602,24.7963718086069,22.9691704861467,23.2509774020608,22.0797647912542,22.9511278113831,22.3406455153816,21.5859499505529,20.6700776565658,22.0866508814948,20.9540690214291,21.297434775071,20.9626515683948,21.1089567272089,21.1089567272089,21.1089567272089,21.1089567272089,20.9089567272089,20.9079088604601
"somalia","som",NA,NA,NA,NA,NA,NA,NA,NA,NA,NA,NA,NA,NA,NA,NA,NA,NA,NA,NA,NA,NA,NA,NA,NA,NA,NA,NA,NA,NA,NA,NA,NA,NA,NA,NA,NA,NA,NA,NA,NA,NA,NA,NA,NA,NA,NA,NA,NA,NA,NA,NA,NA,NA,NA,NA,NA,NA,1.8884441555743,2.25464449715989,2.06396417138096,2.31447990802854,3.25415104819637,3.43156693763496,3.90879700751242,5.75940012619444,3.97022484314506,7.07567303769355,6.72934705365825,7.52558692567278,7.1878646077577,7.17598115936776,6.19663444721437,5.75190538602882,5.20117094638964,5.21963585459447,5.12082141020432
"serbia, republic of","srb",NA,NA,NA,NA,NA,NA,NA,NA,NA,NA,NA,NA,NA,NA,NA,NA,NA,NA,NA,NA,NA,NA,NA,NA,NA,NA,NA,NA,NA,NA,NA,NA,NA,NA,NA,NA,NA,NA,NA,NA,NA,NA,NA,NA,27.8515133621027,30.8229655983031,36.2342402412057,35.2450448943814,37.8696433865454,39.9221406233782,40.4147662208182,39.7807875954299,39.4303965397316,37.8415249025467,37.8192471793582,36.2636983639965,37.2289096197948,35.7936681198239,37.3274993942012,37.7164228625474,39.2155517194579,39.834230290804,39.8117426402607,40.1911001660316,39.1204083593458,41.2396603623455,41.2294720613726,39.3894420176028,40.45708287736,40.9556606303594,40.7905178880487,40.9242031757292,40.6474486444179,40.5568270747703,40.5470210039694,40.5016899454655
"south sudan, republic of","ssd",NA,NA,NA,NA,NA,NA,NA,NA,NA,NA,NA,NA,NA,NA,NA,NA,NA,NA,NA,NA,NA,NA,NA,NA,NA,NA,NA,NA,NA,NA,NA,NA,NA,NA,NA,NA,NA,NA,NA,NA,NA,NA,NA,NA,NA,NA,NA,NA,NA,NA,NA,NA,NA,NA,NA,25.4171910064944,16.8081792171728,21.8863400831766,28.0958187068615,17.4124740484647,36.521627021103,46.3306181057464,58.0550082783964,47.9681500246312,28.6007689194576,34.8159423688228,33.8765986741099,30.4063556703564,30.4716226785999,21.8766540284296,28.1315408979413,26.5663779226362,25.886441045122,25.5327337342832,25.4991900884713,25.6216827295678
"são tomé and príncipe, democratic republic of","stp",NA,NA,NA,NA,NA,NA,NA,NA,NA,NA,NA,NA,NA,NA,NA,NA,NA,NA,NA,NA,NA,NA,NA,NA,NA,NA,NA,NA,NA,NA,NA,NA,NA,NA,NA,NA,NA,NA,NA,NA,NA,NA,NA,NA,62.2535847823349,39.2797463514475,33.8421536207544,35.9383555465056,35.5228242857771,70.4778435337589,50.4578216954778,164.054204549863,44.0947688159619,30.5873577139481,39.5700644518135,40.335842722257,38.2432924611118,37.6428094183648,29.6935902895674,33.9846980981222,33.2898405092878,28.8225123930084,25.9381492896308,22.7656339933803,26.1206507699326,24.1169921012711,25.464940042438,21.7883580134686,24.7191750535828,18.6620239039621,21.6260877144616,21.2914556739782,22.1006602941399,21.6629803821672,21.7113770111276,21.5360544014015
"suriname","sur",NA,NA,NA,NA,NA,NA,NA,NA,NA,NA,NA,NA,NA,NA,NA,NA,NA,NA,NA,NA,NA,NA,NA,NA,NA,NA,NA,NA,NA,NA,NA,NA,NA,NA,19.6279028209653,16.8402635447248,17.9764783284804,16.4771617878506,17.863998078595,21.4096366312625,24.8099866708903,20.78749805266,23.9555322326918,14.6956914409057,16.6043084831149,25.3272372858518,18.9031051108791,19.0631493096927,19.6104353108384,18.8147702316998,22.8012289404933,27.5960031278289,22.8928551458181,26.0493303002982,20.8730858496517,23.3676455207751,24.683924099281,23.5375188304235,22.5065926901406,21.5896443702234,17.7227716676677,20.1198976190258,20.9025796603397,20.2769770772424,18.2492170857538,26.3610819966923,25.6398110321257,27.2096762849481,25.9067803410562,27.6818675308097,25.4806971473834,23.507180170286,23.1425921484703,23.274512619717,24.4688855885177,23.9877812079852
"slovak republic","svk",NA,NA,NA,NA,NA,NA,NA,NA,NA,NA,NA,NA,NA,NA,NA,NA,NA,NA,NA,NA,NA,NA,NA,NA,NA,NA,NA,NA,NA,NA,NA,NA,NA,NA,NA,NA,NA,NA,NA,44.4134873200617,43.1290761907758,42.3211343247147,40.821695937423,41.1536929216962,40.5486831414923,38.4955971469629,37.6408217362492,37.7684059314405,36.0475076527063,36.2780900552552,34.6115554640624,33.6677714361687,33.9439237068349,35.051385447841,33.6033395996904,36.4287060498817,35.673886034538,38.2392896281748,38.7279379015521,41.3444012725144,38.3056690875945,38.7988992518868,38.6441327576161,39.4438133676865,39.2037370415371,39.7526390791783,41.5182107626703,42.9451661706008,41.9709310139585,43.6969762636341,44.1262419828668,41.7559690497846,41.2476992656297,41.1799187678354,41.1206529551684,41.0657220823109
"slovenia, republic of","svn",NA,NA,NA,NA,NA,NA,NA,NA,NA,NA,NA,NA,NA,NA,NA,NA,NA,NA,NA,NA,NA,NA,NA,NA,NA,NA,NA,NA,NA,NA,NA,NA,NA,NA,NA,NA,NA,NA,NA,44.8227690745248,44.0264714692319,43.0389698443047,43.9635074390634,44.1432353318483,44.0382449190952,44.5805631973101,45.3168103263065,44.9139551471255,44.9332443501125,45.272921005473,44.4471073191775,43.4101005243754,43.7380107042552,44.1280145575114,45.1675270242907,44.7250157005718,45.8097713560567,46.4980452980331,46.0294760791932,46.6572625792658,44.9101796407186,44.6643441132655,44.9549517843317,44.4632489139554,44.120610971208,45.2731375066305,44.6578506933701,43.9651834504294,45.5327953958883,46.11,46.975,46.775,46.845,46.515,46.515,46.515
"sweden","swe",NA,NA,NA,NA,NA,NA,NA,NA,NA,NA,NA,NA,NA,NA,NA,NA,NA,NA,NA,NA,NA,NA,NA,NA,54.1534187461623,57.7458590633276,57.8427552839124,58.9202522436105,58.3086620185166,58.8347654021295,60.2481254387081,61.624425474879,60.1970920618457,60.202224587189,61.2447767353184,61.517982019091,58.0137329944776,57.0582111902018,56.5123326879413,55.1324942216362,56.9364096895824,56.3215219874037,56.4391809343463,55.831077312965,55.3486315658374,53.1113261662483,51.2245206030359,51.7149562635809,51.8421181138194,53.2569307720506,52.3271057985905,51.8320056398667,51.2605277379194,50.7884005914321,49.6010433860038,48.6922565945902,49.0543550199423,49.733244046743,48.8689006591373,49.086443283472,50.3774471003808,50.5365549361174,50.4406701191355,49.2262090396628,48.8467150954895,49.1683463276336,49.3170105640674,48.2768960150489,47.8,48,47,47,47.8,47.7999999999999,47.8,47.7999999999999
"eswatini, kingdom of","swz",NA,NA,NA,NA,NA,NA,NA,NA,NA,NA,NA,NA,NA,NA,NA,NA,NA,NA,NA,NA,NA,NA,NA,NA,20.4176928969822,15.4707870451828,18.2128755821254,16.520587939982,17.9063255295303,17.8675820633745,16.522397220028,18.7508658793406,20.1663413852447,21.6590008878472,23.7048441304139,22.8688054679276,21.9714279316358,19.8078785857855,19.9781430915158,20.7453264480449,21.5356409268237,22.7132159055541,23.0885422958429,24.5535248184643,23.5330814281843,23.3349258767845,22.7983568492509,23.7631006105373,26.9978794887272,27.3246272954821,36.2394535389625,32.7604818752793,35.0079095904381,30.8655443709934,21.7207245848771,21.2616465029739,30.4563736800055,29.3774272553858,31.519539421246,28.5902283252895,25.6262584280238,27.9824051879719,24.9771438038978,26.529795411539,28.0203746757696,24.7120304578555,23.6348468059403,30.8613763895987,32.4946514958481,29.5790801306238,31.4623659811712,32.357015677746,32.3236491694842,32.4423732847554,32.4423732847554,32.4423732847556
"seychelles","syc",NA,NA,NA,NA,NA,NA,NA,NA,NA,NA,NA,NA,NA,NA,NA,NA,NA,NA,NA,NA,NA,NA,NA,NA,NA,NA,NA,44.7980662705206,44.443404175639,48.1865714997095,47.9495268138801,52.4752007001271,58.5597827578132,59.9302730970366,57.9736668191754,55.254785111863,57.1537907437421,56.7306157354618,56.7008213385378,50.5160943762654,49.4180465562755,48.839411931015,44.0277387311405,45.8619415317129,40.6688868015826,37.915525803177,40.0550282544998,48.0240192480256,40.3329317961129,39.4016065618666,41.0132633245521,31.9670247692831,34.8705630621288,36.9561065801163,35.0973984700074,39.764250740535,41.4909802894939,38.1607019139174,36.2549096606486,32.9100997337887,34.4904196252344,32.5812711554899,32.2196887331635,32.1666191637971,30.9660205559989,33.0727752959695,30.8233491565795,31.9511220291663,32.324045266148,31.7409387184577,33.2589609785738,32.1463617195255,32.5984122947902,32.6654556009931,32.712727043907,32.8329487874841
"syrian arab republic","syr",NA,NA,NA,NA,NA,NA,NA,NA,NA,NA,NA,NA,NA,NA,NA,NA,NA,NA,NA,NA,NA,NA,NA,NA,NA,NA,NA,NA,NA,NA,NA,NA,NA,NA,24.3403454436536,27.698175015541,26.9033716330759,24.443450834431,24.261402368302,25.949087087876,24.8678091124502,27.1922518237749,26.0157582320822,26.5536716266305,26.0060392976677,30.2941933491197,26.4513382452111,29.9362387272695,27.1470079114936,23.7677570962003,25.2139128500629,22.716742825199,20.0650784803292,23.8498777067431,20.8478073635742,NA,NA,NA,NA,NA,NA,NA,NA,NA,NA,NA,NA,NA,NA,NA,NA,NA,NA,NA,NA,NA
"chad","tcd",NA,NA,NA,NA,NA,NA,NA,NA,NA,NA,NA,NA,NA,NA,NA,NA,NA,NA,NA,NA,NA,NA,NA,NA,NA,NA,NA,NA,NA,NA,NA,NA,NA,NA,NA,NA,NA,NA,NA,9.17384410446648,9.12835638663374,9.4264235056407,8.4151606231598,8.81922403846937,9.35488423909502,8.45229018258924,9.7031541204437,10.5957360189604,7.99618138287954,8.82039909942566,12.3936691051795,15.6572168972169,17.4633979373848,11.3069783476162,15.3655887789821,18.0817879050405,16.9051724414226,15.0890113220808,13.7030534139435,10.4959440598144,9.69781718159964,11.1364938722076,11.120982758159,10.5142449816278,15.3204624088545,11.6884918815108,16.4031279323117,15.837718850578,16.0420073385032,17.3326720753865,17.1974176016617,18.1506942561619,17.8854775945373,17.0179493346535,16.9951580494175,16.6502058548491
"togo","tgo",NA,NA,NA,NA,NA,NA,NA,NA,NA,NA,NA,NA,NA,NA,NA,NA,NA,NA,NA,NA,NA,NA,NA,NA,NA,NA,NA,NA,NA,NA,NA,NA,NA,14.7122925255405,15.2005764303561,11.0728767020796,10.3744114551861,6.32709940127952,7.81848583570791,9.72932142935835,9.12352511734054,9.61519210073571,9.51583648751829,10.1489011365554,8.4556159384073,10.1377151656086,8.14112959784802,10.3184803617633,11.1701497816397,11.5841209784613,12.7855601993462,11.8612424209219,11.800379969454,11.6631550732143,13.4268320009708,13.7308275847791,14.4627390115409,15.4028090499743,14.786732768564,15.8550694265485,15.8781727724214,16.0635813276137,18.2052546397171,18.2304716424091,16.4304150554534,16.717142011197,16.5853050977697,18.5325179490824,17.4390007493004,16.5798934694585,16.7080724077192,17.1924688904888,17.801928280283,18.2006762075339,18.6360269064548,19.081440075997
"thailand","tha",NA,NA,NA,NA,NA,NA,NA,NA,NA,NA,NA,NA,NA,NA,NA,NA,NA,NA,NA,NA,NA,NA,NA,NA,NA,NA,NA,NA,NA,NA,NA,NA,NA,NA,NA,NA,NA,NA,NA,20.2303619914708,20.7110112847848,19.9536462463481,17.6294437617251,17.4547404016661,17.5540045286704,19.0556711563783,18.9898118898039,20.2640627827907,20.4374130921684,21.7528026781667,20.6055745871899,20.2190007029498,20.0273586926396,19.5078626167452,20.9391529915339,21.2075428016505,21.3908187627498,22.2354145120646,21.4868661473128,22.4653223325882,21.7686733542753,21.1005022016432,21.362165045478,20.979998946483,20.4143425839126,20.0488106255993,20.0473599097067,20.8194401816263,21.3185969270555,21.0592802607076,21.0378358993187,21.131556586532,21.1124640508179,21.10409602615,21.0931043529907,21.0840009991442
"tajikistan, republic of","tjk",NA,NA,NA,NA,NA,NA,NA,NA,NA,NA,NA,NA,NA,NA,NA,NA,NA,NA,NA,NA,NA,NA,NA,NA,NA,NA,NA,NA,NA,NA,NA,NA,NA,NA,NA,NA,NA,NA,NA,NA,NA,NA,12.0478470862067,13.5082532924411,13.6017865168539,15.2030144500617,16.7402544997907,17.3263770019757,17.9321803851398,20.0839242182325,23.6216770479946,22.462077528591,22.1195667277952,23.4147550394658,23.1598378143862,24.8851807127203,25.1343466487469,26.9386500363977,28.3946320989712,29.9442739599517,29.7399243408231,28.128615818512,28.1814194085495,26.7727018411246,24.8242594716663,27.0015423878935,27.1470619102273,27.1033443029294,27.507805576662,27.5081979749828,26.9432722599514,27.2010567059374,26.6943872106031,26.6348057480811,26.6527862969354,26.6374359633285
"turkmenistan","tkm",NA,NA,NA,NA,NA,NA,NA,NA,NA,NA,NA,NA,NA,NA,NA,NA,NA,NA,NA,NA,NA,NA,NA,NA,NA,NA,NA,NA,NA,NA,NA,NA,NA,NA,NA,NA,NA,NA,NA,NA,NA,26.6727561556227,27.2360571001016,23.2975919714818,25.3093946823203,23.409780552571,19.5542821184972,24.7562964701625,21.7418017924574,21.9726908089308,21.6796901962266,18.6183329755445,22.3940938683762,21.921489858987,16.7362253966164,19.2228692697346,22.1929686525412,18.4058256424946,17.8983264003096,16.6156552302618,11.7366342888731,14.9294231889102,13.5200056635342,13.238104313576,13.388479621854,13.9416758098978,16.364488760958,13.817046322914,14.4392698681798,14.2093473506149,13.8230248834017,13.4276288526688,13.2077209950188,13.0116819291009,12.8204917120944,12.6303395951583
"timor-leste, democratic republic of","tls",NA,NA,NA,NA,NA,NA,NA,NA,NA,NA,NA,NA,NA,NA,NA,NA,NA,NA,NA,NA,NA,NA,NA,NA,NA,NA,NA,NA,NA,NA,NA,NA,NA,NA,NA,NA,NA,NA,NA,NA,NA,NA,NA,NA,109.206255376678,98.9003322473348,85.9062592368869,71.8808383275017,66.6741568120607,47.8383346743695,100.873285716692,45.8951790267236,103.791323074894,104.665212736117,101.493829657254,107.897516379997,90.6377778549884,81.775990624765,73.4489919545986,64.8576012982013,56.4356165900856,53.4971628508152,58.63178184827,43.3580788250196,42.8119819963244,25.5287921921898,30.4463016204094,43.8895282639059,51.0557275082459,45.8525337847455,41.3703581809047,39.2201338040829,36.4626897606105,33.8906681434755,31.499347896111,29.2493045325059
"tonga","ton",NA,NA,NA,NA,NA,NA,NA,NA,NA,NA,NA,NA,NA,NA,NA,NA,NA,NA,NA,NA,NA,NA,NA,NA,NA,NA,NA,NA,NA,NA,NA,NA,NA,NA,NA,NA,NA,NA,NA,NA,NA,NA,NA,20.3225288831836,21.3910950661853,21.311597120271,23.9060762587808,22.3558738466762,23.5328496682932,24.0525941835451,26.9264972383439,28.5950389886101,26.1315907638555,30.7489907167699,27.150899032795,26.5817880398795,30.3057318472835,32.9761570339841,37.8362243919024,34.6337808308391,38.6404997307861,43.2623735620798,42.2284729461009,42.2009903776936,42.2938957165153,43.6607330200563,41.228574044479,46.7462223404104,47.9342427232096,51.6301194673415,37.9219473779362,36.9941052027251,35.5894567145301,34.2327333723358,32.5431529017443,32.1966779231393
"trinidad and tobago","tto",NA,NA,NA,NA,NA,NA,NA,NA,NA,NA,NA,NA,NA,NA,NA,NA,NA,NA,NA,NA,NA,NA,NA,NA,NA,NA,NA,NA,NA,NA,NA,NA,36.006564034458,26.399922386442,26.5553387968961,29.7717872782622,26.0341415855121,27.5185123404822,26.4595772801155,26.903638347845,27.7008201330217,27.5256315438042,25.4225506960293,23.9228411251206,24.2620471685517,25.8394665708755,24.3635334593768,25.3585730859593,25.2556915276743,30.3732489359403,34.2753524718514,30.017875474187,33.8995932534305,28.5153761410791,31.6569896465133,29.7127384341298,28.6111843470609,29.0464600045781,28.6570079905684,26.7616012204037,21.3878473190107,20.4877560702653,24.3136059277551,27.2857785976285,23.2746049460514,22.9964724914534,29.2226555208544,31.228110301129,26.3140001403796,26.8962327415164,30.1597897445853,31.3342289089729,31.7783836532505,31.0545449194131,30.9270260730795,30.7453681466716
"tunisia","tun",NA,NA,NA,NA,NA,NA,NA,NA,NA,NA,NA,NA,NA,NA,NA,NA,NA,NA,NA,NA,NA,NA,NA,NA,NA,NA,NA,NA,NA,NA,NA,NA,NA,NA,27.4733931197269,22.3748163255426,22.2502625618566,23.4470174852227,23.072150333725,22.0501722249961,21.4985930921416,20.8267406479015,21.3388454284072,20.957077691688,20.8288450877017,21.1133753715425,21.5774378239655,20.8290195826851,20.9204434939588,20.4500419971296,20.5180261804932,20.8528509783617,23.0510847760561,22.0506631739848,23.5421236848533,24.6940417403893,23.4506048812087,23.7500596590035,24.5719065040776,22.4958895493495,21.3442895833088,23.1173888660614,24.4193332688713,25.9289590757888,25.4754492681526,25.6064720109834,29.5832839651022,28.676713162829,29.4258850893868,28.7918821121586,28.6696250760148,28.7023671205916,28.6941267052559,28.6343268233643,28.5624233694056,28.1598534946013
"türkiye, republic of","tur",NA,NA,NA,NA,NA,NA,NA,NA,NA,NA,NA,NA,NA,NA,NA,NA,NA,NA,NA,NA,NA,NA,NA,NA,NA,NA,NA,NA,NA,NA,NA,NA,NA,NA,NA,NA,NA,NA,NA,NA,NA,NA,NA,NA,31.0542110682897,32.2984297264663,29.6086344398049,30.7781195560456,30.3420903718792,31.2399523929596,33.1884737965838,31.338305060275,31.3490172915349,31.8241571771264,32.2313469588279,32.2497705708177,32.1732330328917,32.3426030905104,31.5382909991911,31.9105578921455,32.079550644466,30.5589555947616,30.7885747716843,30.1446078086201,29.4100586326753,27.5595439584878,25.6762563448314,27.5013221392313,28.3604779292443,29.6067574787575,29.8537831195113,30.0882876394212,30.0187664045938,29.9388841480085,29.9263263660312,29.9134979843324
"tuvalu","tuv",NA,NA,NA,NA,NA,NA,NA,NA,NA,NA,NA,NA,NA,NA,NA,NA,NA,NA,NA,NA,NA,NA,NA,NA,NA,NA,NA,NA,NA,NA,NA,NA,NA,NA,NA,NA,NA,NA,NA,NA,NA,NA,NA,NA,NA,NA,NA,NA,70.5103429489205,69.3376710005657,61.7034199875425,69.9745703080788,68.6125335328405,86.4684288556691,70.5772504439461,68.4081159404246,86.4250843895323,106.246102860029,100.050456118955,131.658817998891,147.068508839142,108.541973140834,155.895196574245,112.517767397945,133.223494659257,100.529306320733,100.723751418056,155.967978407263,114.011576333932,136.879273052838,112.934135441472,110.803440449867,109.64483830981,108.67149290411,107.829356114382,107.089202348497
"taiwan province of china","twn",NA,NA,NA,NA,NA,NA,NA,NA,NA,NA,NA,NA,NA,NA,NA,NA,NA,20.0279051488015,19.6547105421611,20.9950158808438,21.6436094937494,21.3190552450355,21.3782945104577,22.6839967715207,22.38438647293,22.8167138006385,23.4497167474277,21.2550522114863,21.3342531345111,21.4039695770034,19.7217456856435,19.4384237959781,21.170093996618,22.8539001960092,24.4150873166859,20.9232132042545,22.4191197315486,22.8435331283707,22.1664939767495,21.0988477975154,19.9741389350797,19.5833377808927,21.9238114430433,20.4436100636616,26.9627662995063,18.7445415546668,16.8181135276177,17.8400054686783,16.6209009626482,18.4273432571703,17.3155914291943,16.7971595678123,17.0156119863705,16.3601774534432,15.0462444555948,16.1698256741719,15.8144322177116,16.0937478815679,15.4312207056604,15.6101734204706,15.3282621888769,15.2857527045138,15.4647388314433,15.4518812568524,15.1626522392007,15.253191228648,16.172834854558,16.4791067662872,16.2603899555381,15.8656350088464,15.8656350088464,15.8656350088464,15.8656350088464,15.8656350088464,15.8656350088464,15.8656350088464
"tanzania, united republic of","tza",NA,NA,NA,NA,NA,NA,NA,NA,NA,NA,NA,NA,NA,NA,NA,NA,NA,NA,NA,NA,NA,NA,NA,NA,NA,NA,NA,NA,NA,NA,NA,NA,NA,NA,NA,14.7679541686103,12.6210886395761,14.3865433881825,13.016721460329,13.4584261277039,14.9473041741051,12.8020109513716,11.5038972265791,11.6215905888604,11.5937712600191,11.9628203334535,12.8825988878899,13.5887229242805,14.5891747531159,15.0375806276985,14.2342734583771,16.3863462701673,16.1664957635547,15.115243207336,15.0608639577513,15.5184121103115,15.5799689216583,15.0325467606725,14.3771351758546,13.9822148477813,14.8274213559617,15.2078837008055,15.2680282043524,15.2252263748399,14.8837165826776,14.8564050404368,15.2037781565427,15.3417915076655,16.0776363321678,16.8935113965958,17.3523847757752,17.5603805843513,17.7362035050262,17.7927350460335,17.8423018249039,17.7443267210705
"uganda","uga",NA,NA,NA,NA,NA,NA,NA,NA,NA,NA,NA,NA,NA,NA,NA,NA,NA,NA,NA,NA,NA,NA,NA,NA,NA,NA,NA,NA,NA,NA,NA,NA,NA,NA,NA,NA,NA,NA,NA,NA,NA,13.0330849365369,13.2464704757961,13.4748264298865,14.6053230534019,15.2123895927357,14.6930594312764,15.4898438739513,15.9354319283744,14.3012241879287,13.0577765349447,12.4169388891417,10.9510013940308,10.1466012348585,10.7793380993484,11.1315992037637,10.7322834240757,10.112148660234,10.8245899843572,12.2972019465627,12.545751240467,12.4597926346754,13.1615183561483,13.4534279813626,13.684791142546,14.2030532774585,14.0359310050612,14.3895144128001,14.4865114124242,15.0643687560879,15.3303183700368,16.2332073788591,16.7315955511703,16.9306698312557,17.2845511524424,17.3193240605598
"ukraine","ukr",NA,NA,NA,NA,NA,NA,NA,NA,NA,NA,NA,NA,NA,NA,NA,NA,NA,NA,NA,NA,NA,NA,NA,NA,NA,NA,NA,NA,NA,NA,NA,NA,NA,NA,NA,NA,NA,NA,NA,37.8197981452194,34.9577092456973,36.6561848658491,35.5745561588023,31.8570882077858,32.2344831031977,32.406904011365,34.7147692557381,36.5903655902378,35.8340064146346,40.3743978295129,41.6314132995648,40.1565466683238,42.3557499820987,40.7931589563515,41.7817479263064,41.3733399151187,42.9992269185852,41.6902821843659,40.3139148507702,41.8836727069791,38.326042055158,39.313584817983,39.7977900597932,39.4207624020094,39.6821555036854,36.5159746814793,49.7923749617995,54.0628650236566,54.0344916792392,51.2291038539717,43.8091195801195,41.6745968821344,44.9350428805672,43.8474467292828,42.8326607604185,42.7197463263612
"uruguay","ury",NA,NA,NA,NA,NA,NA,NA,NA,NA,NA,NA,NA,NA,NA,NA,NA,NA,NA,NA,NA,NA,NA,NA,NA,NA,NA,NA,NA,NA,NA,NA,NA,NA,NA,NA,NA,NA,NA,NA,NA,NA,NA,NA,24.4612370974998,23.8060474955814,24.9647318027656,24.4118795328819,25.5370808580922,25.7442237305813,25.9979686797042,26.18389074009,26.5956122208936,24.9869629494059,25.7997322725986,27.0130083470687,25.9948492986401,25.5053444016922,27.1045921203332,26.4959058460068,26.4940872042643,26.9865668838219,27.2171515113277,28.454606221472,27.8715291582774,28.1523220409666,27.6008252374378,27.2258302321337,26.9683111304398,27.463579105676,28.1432498365213,28.0709601269189,28.7036780735956,29.1772308430565,29.5454955600507,29.6542204669578,29.6034566735736
"united states","usa",NA,NA,NA,NA,NA,NA,NA,NA,NA,NA,NA,NA,NA,NA,NA,NA,NA,NA,NA,NA,NA,NA,NA,NA,NA,NA,NA,NA,NA,NA,NA,NA,NA,NA,NA,NA,NA,NA,NA,NA,NA,NA,NA,NA,NA,32.2571743798978,29.8770164057425,29.2664568867319,29.4755047709475,30.8529204245659,31.6556501346304,31.6487071869009,30.5316032322603,28.2218323600209,28.7700989602282,29.0804100713314,29.1089612063529,31.221606955883,31.2979320626131,31.5014375512435,30.9767028806322,30.3998806859031,30.0144772656582,30.0135492264963,30.6085325218038,31.7624722610339,33.075349458445,29.6224906962947,29.87913349108,30.8804510611685,30.4370685136834,30.5306115958382,30.3833587948783,30.395779792261,30.6484443376061,30.7612779904814
"uzbekistan, republic of","uzb",NA,NA,NA,NA,NA,NA,NA,NA,NA,NA,NA,NA,NA,NA,NA,NA,NA,NA,NA,NA,NA,NA,NA,NA,NA,NA,NA,NA,NA,NA,NA,NA,NA,NA,NA,NA,22.6387594214319,24.8604883457426,20.3797500720422,24.8649970561579,30.1572947757074,26.8206356324775,28.8967124773743,27.6755696106983,26.2891007396611,24.6173791125753,25.4943883547202,24.0118604012924,23.1103582774827,22.1045526839737,24.7058608383895,25.5621514338526,29.2251653438471,26.3786671199921,25.953218741092,25.6784350253246,26.7261561888183,24.2343381022504,23.6976826894565,21.4593558915782,21.1298647297156,20.9311393058972,22.8172691431939,23.065488650637,21.8645746094094,22.2361793125213,26.4639749637638,24.7364271830369,23.895132976303,25.7167588829014,28.2506927265174,28.3385766481335,28.356550023582,28.3019815363437,28.2641098245739,28.2760230185114
"st. vincent and the grenadines","vct",NA,NA,NA,NA,NA,NA,NA,NA,NA,NA,NA,NA,NA,NA,NA,NA,NA,NA,NA,NA,NA,NA,NA,20.906924001135,20.4579195058457,22.2450118988196,23.8048804762099,22.8083431009954,25.5815131893866,25.6010283222813,24.5701689159072,24.7953764124903,25.4340182538751,25.7250644501164,25.3864086581815,25.7551090323197,22.6199665840725,21.3059459715902,23.079142310131,21.3540466800819,22.7577566848298,23.5859248559105,23.5782410835676,23.5223349254599,22.9675893695436,22.8015931862678,23.7121425689686,23.4754893177491,22.1440249944728,22.4024902349932,22.9508703039548,24.0515547600576,27.0258626665767,28.1709394126851,27.3575627283831,25.8756667486999,24.5400362427889,23.6620591102807,27.6092820831872,25.574785015284,27.0919068847053,25.0800086098414,24.6427264429518,25.6844813528049,26.9837134756918,29.9834528568602,27.2514107918411,27.2333590571374,27.8778474137154,28.7073575845704,28.4799675809347,28.4799675809346,28.4799675809345,28.4799675809345,28.4799675809347,28.4799675809348
"venezuela, república bolivariana de","ven",NA,NA,NA,NA,NA,NA,NA,NA,NA,NA,NA,NA,NA,NA,NA,NA,NA,NA,NA,NA,NA,NA,NA,NA,NA,NA,NA,NA,NA,NA,NA,NA,23.9650488694267,31.6186217836472,35.7705140351837,31.6156205807868,24.2793343561958,24.7460828600369,31.0296479066323,27.0051129197461,35.6698703269256,33.5660078203233,24.3007579176577,26.8473930270538,32.742655512065,27.305310744529,29.5075260321234,32.3468443478583,34.3849009877079,37.6250140297694,37.6619820722928,33.1340003073436,31.4183944612404,24.5835317086298,26.359187944399,31.1166722972457,28.1512128918365,26.0992784562147,21.7981946739376,14.8849987367286,11.2232385451012,8.49316948693562,6.88441262517936,10.0890388023816,4.53098073543746,7.28376692679744,9.84930260826333,11.8726079403321,13.8465990698299,14.452180914427,NA,NA,NA,NA,NA,NA
"vietnam","vnm",NA,NA,NA,NA,NA,NA,NA,NA,NA,NA,NA,NA,NA,NA,NA,NA,NA,NA,NA,NA,NA,NA,NA,NA,NA,NA,NA,NA,NA,NA,NA,NA,NA,NA,NA,NA,NA,NA,NA,NA,NA,NA,15.9176648538668,15.4564066257987,16.1829900190731,16.9998564895077,17.8923334775402,19.6375096651408,19.2910511108349,19.6715254635819,20.7344171163062,20.5579395360286,20.9328178865279,20.1504932959302,21.4696857225095,20.3228630540636,18.0041984652433,18.4929976783448,17.7382389315034,19.1903698994848,19.0667058323746,19.5652998778789,19.4587075936207,19.4145129783884,18.3899785492572,18.692874944936,18.8677876038064,17.0634971834624,17.5824309399452,19.9473614206985,19.7876948373351,19.7731981208755,19.8123845898058,19.8313027820395,19.8532619014315,19.9238142858427
"vanuatu","vut",NA,NA,NA,NA,NA,NA,NA,NA,NA,NA,NA,NA,NA,NA,NA,NA,NA,NA,NA,NA,NA,NA,NA,NA,NA,NA,NA,NA,NA,NA,NA,NA,NA,NA,NA,27.4858185427455,26.6764834121185,20.3686853301017,20.6670867156116,22.9396622173715,20.5032597391212,19.6222539354568,19.2014833339411,21.0749850727945,17.3298308825817,17.1833719213995,16.906735591757,15.8147985975205,17.4596497614719,18.2172002274885,18.6144913048573,20.5447572333394,25.0957329336837,24.1518233472512,23.2380252815806,20.7347549908494,20.5707901928913,19.9049287578256,21.7767882440476,29.9858329278318,30.5270152372837,31.6709547383967,34.9377385810188,37.6100628930818,37.0317238559308,40.6370591871168,32.5577247275573,38.1666066053334,30.6625029902179,31.5758123337735,28.1238159005884,27.5182099634747,27.2569287913987,27.0929536168516,26.9106669819534,26.9157433132389
"samoa","wsm",NA,NA,NA,NA,NA,NA,NA,NA,NA,NA,NA,NA,NA,NA,NA,NA,NA,NA,NA,NA,NA,NA,NA,NA,NA,NA,NA,NA,NA,NA,NA,NA,NA,NA,NA,NA,33.508826777448,36.2833551983209,44.573950192004,36.3853638332631,40.0704976974276,32.9688098748686,29.7640956953928,34.0784130556894,29.7658190656967,28.0351633212132,28.9730440431498,28.0290899689577,26.5778832903449,30.8110680942627,27.2402960959558,31.618469621113,27.3319481002952,28.4774649552539,23.903124966272,28.403126432749,26.1789299562592,26.9216476410651,29.9732610292951,26.7465725078549,27.001218927309,28.8953845673126,30.0311504158008,33.2573552388666,35.9113728799609,35.8032257500023,36.1011919261482,31.5038957550409,35.6306656145824,31.0773087999728,30.4784301891033,30.2079941884275,29.7079941884276,29.6637474796362,29.6237474796363,29.6237474796362
"yemen, republic of","yem",NA,NA,NA,NA,NA,NA,NA,NA,NA,NA,NA,NA,NA,NA,NA,NA,NA,NA,NA,NA,NA,NA,NA,NA,NA,NA,NA,NA,NA,NA,NA,NA,NA,NA,NA,NA,NA,NA,NA,NA,NA,NA,NA,NA,NA,NA,NA,NA,NA,NA,NA,NA,NA,NA,NA,NA,NA,NA,NA,NA,NA,NA,12.9242361598927,15.9911609395202,11.5881508801181,13.8891576583357,22.3656288498875,14.9973847177517,20.4059598506256,14.7427406783547,17.1917636902748,17.1380946620049,17.7380946620049,18.5380946620048,18.8380946620048,19.205656730804
"south africa","zaf",NA,NA,NA,NA,NA,NA,NA,NA,NA,NA,NA,NA,NA,NA,NA,NA,NA,NA,NA,NA,NA,NA,NA,NA,NA,NA,NA,NA,NA,NA,NA,NA,NA,NA,NA,NA,NA,NA,NA,NA,NA,NA,NA,NA,21.2636686873812,21.6047047601801,21.2551641559426,21.03067458509,21.6637414129838,25.0388607541248,25.4799048589829,25.6438710614551,25.5205920425705,23.7900933865005,23.8263190321543,24.3752460450709,24.5792089673557,25.0058878565437,25.3947252474909,25.7900972069314,26.1835742003847,25.844125310855,26.4200254150759,26.3217082783631,24.9943592490168,27.1136664243524,27.6391038592763,26.9110850926109,27.3010427018348,28.3768745031105,28.4647855420759,28.5314095526992,28.6664052508439,28.6885810967851,28.6823759987335,28.6771472978938
"zambia","zmb",NA,NA,NA,NA,NA,NA,NA,NA,NA,NA,NA,NA,NA,NA,NA,NA,NA,NA,NA,NA,NA,NA,NA,NA,NA,NA,NA,NA,NA,NA,NA,NA,NA,NA,NA,NA,NA,NA,NA,NA,NA,NA,NA,NA,22.5694037808549,22.0702466204916,23.0718120769218,21.9990265987244,20.7641067648524,20.079402362726,36.6042817609486,18.8860500719977,18.7895104190609,15.7499664709487,15.6336827377669,17.7436114285642,18.6945312897919,17.6292062229473,18.8947736641624,18.7699673505498,18.2367472163582,17.4748722999923,19.4239097384467,20.4130822986661,20.2683913750785,22.3686534980586,20.3827516518583,21.9057341798667,23.0518375361993,25.8867778445861,24.7634909503864,24.7441628515004,25.9562993995957,26.5973427773495,26.7032330229341,27.140748192009
"zimbabwe","zwe",NA,NA,NA,NA,NA,NA,NA,NA,NA,NA,NA,NA,NA,NA,NA,NA,NA,NA,NA,NA,NA,NA,NA,NA,NA,NA,NA,NA,NA,NA,NA,NA,NA,NA,NA,NA,NA,NA,NA,NA,NA,NA,NA,NA,NA,NA,NA,NA,NA,7.04026065294276,4.32356570269261,1.75154345179815,1.34122315086761,6.53881465643607,12.7322964480765,14.5057469878451,14.4614276950226,13.9819884093792,13.345491545322,13.288525700196,11.9706403843687,12.4330174346592,10.0922934740276,7.64407225564643,8.92884441994909,10.5465473799096,11.1452338010647,11.6021533692199,12.9365104525621,15.5432253440258,15.9526415604143,16.1767495340734,16.3767495340734,16.5767007059484,16.7767495340734,16.9666039206669
