"ccode","year","RAI","SelfR","SharedR","SE_GE","STR_GTR","NT_SE","NT_SR","HL","F","R","LD","G","P","D","B","Fed","logG","logP"
"alb",1992,0,0,0,NA,NA,NA,NA,3,0,1,0.333,1138.23774,3247039,NA,0,0,7.03723650323661,14.9932540621
"alb",1993,0,0,0,NA,NA,NA,NA,4,1,1,0.321,1254.678884,3227287,NA,0,0,7.13463494950303,14.9871524041727
"alb",1994,0,0,0,NA,NA,NA,NA,4,1,0.5,0.34,1367.22059,3207536,24.63,0,0,7.22053519166458,14.9810135991034
"alb",1995,0,0,0,NA,NA,NA,NA,1,0,0,0.344,1558.966386,3187784,29.36,0,0,7.35177830756811,14.974836562519
"alb",1996,0,0,0,NA,NA,NA,NA,0,0,0,0.321,1683.769655,3168033,34.69,0,0,7.42879040100462,14.9686214485289
"alb",1997,0,0,0,NA,NA,NA,NA,2,0,0,0.311,1495.900353,3148281,51.41,0,0,7.31048354735873,14.9623671475599
"alb",1998,0,0,0,NA,NA,NA,NA,4,1,1,0.323,1630.438741,3128530,57.01,0,0,7.39660442383974,14.9560738036346
"alb",1999,0,0,0,NA,NA,NA,NA,4,1,1,0.326,1841.807628,3108778,57.79,0,0,7.5185027748793,14.9497402808947
"alb",2000,2,2,0,NA,NA,NA,NA,3,0,0,0.342,1991.914359,3089027,63.38,0,0,7.59685144475046,14.9433667125553
"alb",2001,2,2,0,NA,NA,NA,NA,3,0,0,0.366,2188.918545,3060173,60.61,0,0,7.69116288577524,14.9339820082782
"alb",2002,2,2,0,NA,NA,NA,NA,1,0,0,0.395,2297.108535,3051010,64.1,0,0,7.73940645233468,14.9309832413073
"alb",2003,2,2,0,NA,NA,NA,NA,0,0,0,0.398,2428.689347,3039616,60.24,0,0,7.79510702745136,14.9272417496144
"alb",2004,2,2,0,NA,NA,NA,NA,0,0,0,0.406,2567.297637,3026939,57.47,0,0,7.85060912155919,14.9230624358352
"alb",2005,2,2,0,NA,NA,NA,NA,0,0,0,0.425,2712.869838,3011487,58.2,0,0,7.90576233436092,14.9179445346709
"alb",2006,2,2,0,NA,NA,NA,NA,0,0,0,0.444,2894.360326,2992547,56.69,0,0,7.97051940738844,14.9116354222224
"alb",2007,2,2,0,NA,NA,NA,NA,0,0,0,0.446,3105.879676,2970017,53.55,0,0,8.04105226374383,14.9040782346682
"alb",2008,2,2,0,NA,NA,NA,NA,0,0,0,0.447,3345.981618,2947314,55.14,0,0,8.11551538780783,14.8964048050768
"alb",2009,2,2,0,NA,NA,NA,NA,0,0,0,0.446,3459.246956,2927519,59.67,0,0,8.14880620158958,14.8896658646123
"alb",2010,2,2,0,NA,NA,NA,NA,0,0,0,0.44,3579.824132,2913021,57.71,0,0,8.1830689530484,14.8847012449784
"alb",2011,2,2,0,0.136191308498383,0.0394037254154682,0.735698640346527,2.98817038536072,2,0,1,0.441,3677.894579,2905195,59.4,0,0,8.21009574216512,14.8820110716608
"alb",2012,2,2,0,0.132122352719307,0.0346131809055805,0.720018327236176,2.97698760032654,0,0,0,0.444,3771.847819,2900401,62.12,0,0,8.23532029802961,14.8803595612595
"alb",2013,2,2,0,0.141959309577942,0.0357136987149715,0.758102476596832,3.58633947372437,0,0,0,0.433,3895.899756,2895092,65.53,0,0,8.26767993445194,14.8785274474135
"alb",2014,2,2,0,0.145377159118652,0.0374064743518829,0.801507949829102,3.453857421875,0,0,0,0.436,4045.119349,2889104,70.03,0,0,8.30526633437252,14.8764569774159
"arg",1990,22.74,14.09,8.65,NA,NA,NA,NA,3,0,0,0.617,8115.093864,32755901,44.74,NA,NA,9.00148104661008,17.3045936870206
"arg",1991,22.81,14.14,8.68,NA,NA,NA,NA,3,0,0,0.63,8729.823185,33230294,32.93,NA,NA,9.07450039490574,17.3189724877187
"arg",1992,22.81,14.14,8.68,NA,NA,NA,NA,0,0,0,0.631,9293.186923,33693527,27.77,NA,NA,9.13703682174222,17.3328162997221
"arg",1993,22.81,14.14,8.68,NA,NA,NA,NA,4,0,1,0.63,9920.673586,34152717,26.89,NA,NA,9.20237609978821,17.3463527015776
"arg",1994,22.81,14.14,8.68,NA,NA,NA,NA,4,0,1,0.633,10359.89272,34613491,28.43,NA,NA,9.2456971605475,17.3597540773263
"arg",1995,22.81,14.14,8.68,NA,NA,NA,NA,0,0,0,0.641,9934.107761,35070020,30.75,NA,NA,9.20372934330325,17.3728571924042
"arg",1996,23.89,15,8.89,NA,NA,NA,NA,0,0,0,0.634,10352.14,35513793,32.55,NA,NA,9.24494854060596,17.3854317141967
"arg",1997,23.89,15,8.89,NA,NA,NA,NA,0,0,0,0.634,11056.68813,35947791,31.68,NA,NA,9.31079078448304,17.39757819379
"arg",1998,23.89,15,8.89,NA,NA,NA,NA,0,0,0,0.634,11348.20221,36372860,34.15,NA,NA,9.33681461476893,17.4093334501102
"arg",1999,23.89,15,8.89,NA,NA,NA,NA,0,0,0,0.64,10838.31993,36794682,38.92,NA,NA,9.29084327497437,17.4208638818269
"arg",2000,23.89,15,8.89,NA,NA,NA,NA,2,0,0,0.67,10631.65036,37213984,40.83,NA,NA,9.27159071422405,17.4321951625839
"arg",2001,22.5,15,7.5,NA,NA,NA,NA,0,0,0,0.674,10051.94485,37624825,48.01,NA,NA,9.21552141217808,17.4431746298597
"arg",2002,22.5,15,7.5,NA,NA,NA,NA,4,0,1,0.661,8861.561993,38029349,147.2,NA,NA,9.08947832523893,17.4538687616932
"arg",2003,22.5,15,7.5,NA,NA,NA,NA,0,0,0,0.638,9545.531941,38424282,125.16,NA,NA,9.16382846441318,17.4642001614629
"arg",2004,22.5,14,8.5,NA,NA,NA,NA,0,0,0,0.632,10302.44653,38815916,117.88,NA,NA,9.24013667319708,17.4743409266675
"arg",2005,22.5,14,8.5,NA,NA,NA,NA,0,0,0,0.625,11099.75092,39216789,80.28,NA,NA,9.31467794740901,17.4846155038867
"arg",2006,23.5,14,9.5,NA,NA,NA,NA,0,0,0,0.614,11870.27916,39622115,70.79,NA,NA,9.38179300544006,17.4948979799401
"arg",2007,23.5,14,9.5,NA,NA,NA,NA,0,0,0,0.61,12811.90212,40016763,62.13,NA,NA,9.4581298709871,17.5048089992908
"arg",2008,23.5,14,9.5,NA,NA,NA,NA,0,0,0,0.59,13197.35703,40424148,53.81,NA,NA,9.48777186352676,17.5149378871386
"arg",2009,23.5,14,9.5,NA,NA,NA,NA,0,0,0,0.583,12285.37847,40854831,55.4,NA,NA,9.41616509196955,17.5255356342118
"arg",2010,23.5,14,9.5,NA,NA,NA,NA,0,0,0,0.578,13387.15537,41288694,43.45,NA,NA,9.50205097175425,17.5360992674274
"arg",2011,23.5,14,9.5,NA,NA,NA,NA,0,0,0,0.573,14040.61891,41730660,38.93,NA,NA,9.54970975851706,17.5467466684024
"arg",2012,23.5,14,9.5,NA,NA,NA,NA,1,0,0.5,0.582,13754.42542,42161721,40.44,NA,NA,9.5291159000398,17.5570232820473
"arg",2013,23.5,14,9.5,NA,NA,NA,NA,0,0,0,0.588,13946.09508,42582455,43.5,NA,NA,9.54295482548323,17.5669528719442
"arg",2014,23.5,14,9.5,NA,NA,NA,NA,0,0,0,0.595,13456.13192,43024071,44.7,NA,NA,9.50719018596967,17.5772703077311
"aus",1990,23.45,15.95,7.5,NA,0.199262544512749,NA,NA,4,0,0,0.851,36975.4199,17065128,12.07,1,1,10.5180086438364,16.6525476410273
"aus",1991,23.45,15.95,7.5,NA,0.207328647375107,NA,NA,4,0,0,0.851,36366.69624,17284036,11.91,1,1,10.5014086963516,16.665293858883
"aus",1992,23.45,15.95,7.5,NA,0.228190287947655,NA,NA,0,0,0,0.851,36117.54465,17478635,14.27,1,1,10.4945340276456,16.6764898358977
"aus",1993,23.45,15.95,7.5,NA,0.237387016415596,NA,NA,0,0,0,0.849,37246.00443,17634808,17.69,1,1,10.5252999544304,16.6853852341533
"aus",1994,23.45,15.95,7.5,NA,0.245553359389305,NA,NA,3,0,0,0.848,38356.7692,17805468,19.89,1,1,10.5546863023013,16.6950161591001
"aus",1995,24.45,14.95,9.5,NA,NA,NA,NA,0,0,0,0.848,39407.56475,18004882,22.12,1,1,10.5817130755876,16.7061535013086
"aus",1996,24.45,14.95,9.5,NA,NA,NA,NA,0,0,0,0.849,40437.09419,18224767,21.38,1,1,10.607502815706,16.7182920511408
"aus",1997,24.45,14.95,9.5,NA,NA,NA,NA,0,0,0,0.841,41569.16537,18423037,20.51,1,1,10.6351139543449,16.7291124503367
"aus",1998,24.45,14.95,9.5,NA,NA,NA,NA,0,0,0,0.841,43081.72017,18607584,16.28,1,1,10.6708540601389,16.7390797975148
"aus",1999,25.45,14.95,10.5,0.468243271112442,0.228216990828514,0.327931821346283,0.478128015995026,3,0,0,0.842,44755.65997,18812264,15.44,1,1,10.7089731954816,16.7500195555442
"aus",2000,25.45,14.95,10.5,0.467823207378387,0.223563656210899,0.335163444280624,0.485654145479202,0,0,0,0.847,45979.07657,19028802,13.69,1,1,10.7359417148184,16.761464284059
"aus",2001,25.45,14.95,10.5,0.461510449647903,0.182096481323242,0.39602866768837,0.679533541202545,3.33333333333333,0,0.333333333333333,0.844,46314.62353,19274701,11.98,1,1,10.743213033187,16.7743039649717
"aus",2002,25.45,14.95,10.5,0.457648575305939,0.184053048491478,0.429677933454514,0.765090107917786,0,0,0,0.838,47599.40793,19495210,10.31,1,1,10.7705756016968,16.7856793523336
"aus",2003,25.45,14.95,10.5,0.458553373813629,0.18289577960968,0.418697208166122,0.711156845092773,5,0,1,0.838,48509.66322,19720737,8.97,1,1,10.7895182987291,16.7971812796656
"aus",2004,25.45,14.95,10.5,0.456071972846985,0.187112972140312,0.409198313951492,0.666955888271332,0,0,0,0.838,50018.59045,19932722,8.08,1,1,10.8201500243064,16.8078732608861
"aus",2005,25.45,14.95,10.5,0.455589324235916,0.178905338048935,0.409337759017944,0.676272928714752,0,0,0,0.838,50972.64052,20176844,7.34,1,1,10.8390443073679,16.8200461681914
"aus",2006,25.45,14.95,10.5,0.463797926902771,0.178756341338158,0.403712153434753,0.662567436695099,0,0,0,0.838,51682.89252,20450966,6.55,1,1,10.8528821067045,16.8335406765013
"aus",2007,25.45,14.95,10.5,0.468323647975922,0.183252066373825,0.385617911815643,0.641467332839966,0,0,0,0.839,52671.32585,20827622,6.07,1,1,10.8718264849345,16.8517906444542
"aus",2008,25.45,14.95,10.5,0.470091372728348,0.181752398610115,0.390282094478607,0.668875157833099,0,0,0,0.849,53497.27536,21249199,7.6,1,1,10.8873860037368,16.8718297585066
"aus",2009,25.45,14.95,10.5,0.4548599421978,0.181950196623802,0.395472049713135,0.728579044342041,0,0,0,0.849,53430.52748,21691653,11.48,1,1,10.8861375372594,16.8924380901343
"aus",2010,25.45,14.95,10.5,0.481993407011032,0.199566811323166,0.407353222370148,0.796587824821472,0,0,0,0.856,53768.34973,22031750,14.23,1,1,10.8924402780551,16.9079951527547
"aus",2011,25.45,14.95,10.5,0.471276879310608,0.197563245892525,0.401868522167206,0.745673716068268,0,0,0,0.857,54296.23213,22340024,16.98,1,1,10.9022101136434,16.9218904259109
"aus",2012,25.45,14.95,10.5,0.45890998840332,0.188059762120247,0.382368683815002,0.698342561721802,0,0,0,0.858,55465.44629,22733465,19.23,1,1,10.9235155164759,16.9393486259177
"aus",2013,25.45,14.95,10.5,0.459872335195541,0.18759398162365,0.357029110193253,0.625457763671875,0,0,0,0.821,55966.15093,23128129,21.24,1,1,10.9325023392866,16.9565601403176
"aus",2014,25.45,14.95,10.5,0.450885027647018,0.192578613758087,0.3696528673172,0.629531025886536,0,0,0,0.815,56571.80625,23475686,24.59,1,1,10.9432660172954,16.9714758052088
"aut",1990,23,15,8,NA,0.309703469276428,NA,NA,0,0,0,0.78,31167.1858,7677850,45.78,1,1,10.3471210831544,15.8538501180145
"aut",1991,23,15,8,NA,0.313046246767044,NA,NA,3,0,1,0.779,31919.55735,7754891,46.48,1,1,10.3709741839864,15.8638342990459
"aut",1992,23,15,8,NA,0.307471662759781,NA,NA,0,0,0,0.781,32231.12161,7840709,46.54,1,1,10.3806877743901,15.8748398219112
"aut",1993,23,15,8,NA,0.302684098482132,NA,NA,0,0,0,0.782,32134.82991,7905633,50.32,1,1,10.3776957648086,15.8830861013211
"aut",1994,23,15,8,NA,0.318020462989807,NA,NA,0,0,0,0.782,32780.34194,7936118,53.02,1,1,10.397584283604,15.8869347967879
"aut",1995,23,15,8,0.306640297174454,0.078726515173912,0.588858008384705,1.57320082187653,0,0,0,0.779,33603.42783,7948278,55.55,1,1,10.4223833594977,15.8884658593949
"aut",1996,23,15,8,0.317449867725372,0.0739316716790199,0.607477486133575,1.55548644065857,0,0,0,0.78,34301.65622,7959017,55.92,1,1,10.4429489182857,15.8898160577324
"aut",1997,22,14,8,0.303373217582703,0.0711778625845909,0.698885023593903,2.10942554473877,0,0,0,0.78,34998.03212,7968041,57.12,1,1,10.463047113748,15.8909492238157
"aut",1998,22,14,8,0.306037366390228,0.0705510675907135,0.689404606819153,2.13414096832275,0,0,0,0.78,36180.74906,7976789,57.15,1,1,10.4962824624387,15.8920465074967
"aut",1999,23,14,9,0.309071093797684,0.0700666978955269,0.693331658840179,2.27827382087708,0,0,0,0.78,37468.86989,7992324,58.1,1,1,10.5312657309379,15.8939921390293
"aut",2000,23,14,9,0.308877497911453,0.0660045519471169,0.697019934654236,2.38247299194336,1,0,0,0.782,38571.08588,8011566,56.83,1,1,10.5602582042931,15.8963968055538
"aut",2001,23,14,9,0.310032188892365,0.0575515925884247,0.703538954257965,2.28016757965088,0,0,0,0.782,38929.7538,8042293,55.35,1,1,10.5695141164129,15.9002247994986
"aut",2002,23,14,9,0.315328389406204,0.0590991303324699,0.694595396518707,2.28992676734924,0,0,0,0.782,39313.72251,8081957,55.07,1,1,10.579328910193,15.9051446041412
"aut",2003,23,14,9,0.315563708543777,0.060241486877203,0.682891368865967,2.15847444534302,0,0,0,0.786,39569.28856,8121423,55.03,1,1,10.5858085549406,15.9100159430894
"aut",2004,23,14,9,0.28813424706459,0.0603301525115967,0.676173210144043,2.15117335319519,0,0,0,0.785,40333.33072,8171966,56.35,1,1,10.6049334711174,15.9162200743628
"aut",2005,23,14,9,0.302605867385864,0.0609458349645138,0.677890539169312,2.13858532905579,0,0,0,0.784,40989.01318,8227829,56,1,1,10.6210593385562,15.9230327468458
"aut",2006,23,14,9,0.30394372344017,0.0614163167774677,0.668171584606171,2.17298936843872,0,0,0,0.788,42120.1557,8268641,54.62,1,1,10.6482816628223,15.9279807245968
"aut",2007,23,14,9,0.305465430021286,0.0601801313459873,0.680703699588776,2.20332479476929,0,0,0,0.802,43568.83022,8295487,52.22,1,1,10.682097270461,15.9312221899496
"aut",2008,23,14,9,0.310211807489395,0.0596710033714771,0.692657172679901,2.36097860336304,0,0,0,0.802,44063.8642,8321496,55.5,1,1,10.6933953196427,15.9343526043262
"aut",2009,23,14,9,0.303938746452332,0.0628370940685272,0.644144415855408,2.23810338973999,0,0,0,0.804,42372.47583,8343323,58.93,1,1,10.6542542754749,15.9369721362253
"aut",2010,23,14,9,0.31006532907486,0.0630589500069618,0.62945544719696,2.17206168174744,0,0,0,0.803,43035.40735,8363404,60.12,1,1,10.6697784825901,15.9393760792203
"aut",2011,23,14,9,0.307870924472809,0.0623182095587254,0.671960890293121,2.25800490379334,0,0,0,0.804,44146.19568,8391643,59.44,1,1,10.695262034256,15.9427468876386
"aut",2012,23,14,9,0.306940972805023,0.0624397210776806,0.683180868625641,2.25710892677307,0,0,0,0.803,44221.45995,8429991,59.87,1,1,10.6969654694702,15.9473062623618
"aut",2013,23,14,9,0.307282328605652,0.0622022561728954,0.693285942077637,2.29625248908997,0,0,0,0.807,43851.36755,8479823,60.38,1,1,10.6885611843152,15.9532001349087
"aut",2014,23,14,9,0.304084271192551,0.0623130574822426,0.690603792667389,2.23301601409912,0,0,0,0.805,43838.83459,8546356,59.44,1,1,10.6882753380113,15.961015551234
"bel",1990,36.14,21.19,14.95,NA,NA,NA,NA,3,0,0,0.797,29609.62075,9967379,104.24,1,1,10.2958546128407,16.1148282187107
"bel",1991,36.14,21.19,14.95,NA,NA,NA,NA,3,0,0,0.798,30040.55084,10004486,106.79,1,1,10.3103034425941,16.1185441503674
"bel",1992,36.14,21.19,14.95,NA,NA,NA,NA,4,0,1,0.808,30376.87453,10045158,108.97,1,1,10.3214368916605,16.122601285326
"bel",1993,36.14,21.19,14.95,NA,NA,NA,NA,2.5,0,0.5,0.808,29967.39442,10084475,115.49,1,1,10.307865216925,16.1265076705043
"bel",1994,36.14,21.19,14.95,NA,NA,NA,NA,4,0,1,0.808,30839.24143,10115603,112.7,1,1,10.3365432304227,16.1295896412411
"bel",1995,32.03,22.07,9.96,0.328746557235718,0.104229018092155,0.602936863899231,1.65849220752716,4,0,1,0.812,31508.62266,10136811,116.61,1,1,10.3580165225932,16.1316840096213
"bel",1996,33.03,22.07,10.96,0.328224927186966,0.108175776898861,0.607430756092072,1.59890818595886,4,0,1,0.812,31862.66939,10156637,114.05,1,1,10.3691903649511,16.1336379413837
"bel",1997,33.03,22.07,10.96,0.336933344602585,0.108123898506165,0.619306027889252,1.6242401599884,0,0,0,0.812,32991.50101,10181245,111.37,1,1,10.4040052621267,16.1360578602335
"bel",1998,33.03,22.07,10.96,0.33661162853241,0.104440823197365,0.636838793754578,1.64054608345032,4,0,1,0.813,33566.98759,10203008,106.87,1,1,10.4212983507674,16.1381931367402
"bel",1999,33.03,22.07,10.96,0.344464749097824,0.107243560254574,0.634476840496063,1.61622560024261,2.5,0,0.5,0.816,34676.60516,10226419,103.87,1,1,10.4538205356761,16.1404850277705
"bel",2000,33.03,22.07,10.96,0.348636895418167,0.098051406443119,0.624865710735321,1.66693091392517,1.5,0,0,0.819,35878.31536,10251250,98.93,1,1,10.487888363008,16.1429102073328
"bel",2001,33.03,22.07,10.96,0.352122604846954,0.104767337441444,0.651148438453674,1.67696070671082,0,0,0,0.819,36148.28809,10286570,98.16,1,1,10.4953848707256,16.146349718909
"bel",2002,33.92,22.97,10.96,0.368090718984604,0.14027301967144,0.552192270755768,1.26105809211731,0,0,0,0.819,36600.86259,10332785,95.3,1,1,10.5078270871445,16.1508324078572
"bel",2003,33.92,22.97,10.96,0.367287695407867,0.147624388337135,0.55949729681015,1.26888704299927,0,0,0,0.819,36826.26993,10376133,89.33,1,1,10.5139667262759,16.1550188229379
"bel",2004,33.92,22.97,10.96,0.375471174716949,0.144990757107735,0.561934947967529,1.27863132953644,0,0,0,0.795,37976.6973,10421137,85.09,1,1,10.5447280216594,16.1593467054192
"bel",2005,33.93,22.97,10.96,0.3574438393116,0.148391261696815,0.564007818698883,1.27043354511261,0,0,0,0.816,38645.26052,10478617,83.86,1,1,10.5621794208819,16.1648472625001
"bel",2006,33.93,22.97,10.96,0.381336241960526,0.151319265365601,0.554616212844849,1.2283022403717,0,0,0,0.818,39371.08583,10547958,80.87,1,1,10.5807869636946,16.1714428446499
"bel",2007,33.93,22.97,10.96,0.376333475112915,0.156817778944969,0.564135313034058,1.21531915664673,0,0,0,0.828,40520.08432,10625700,77.2,1,1,10.6095530393081,16.1787861529575
"bel",2008,33.93,22.97,10.96,0.374385207891464,0.147912323474884,0.564726233482361,1.27802383899689,0,0,0,0.832,40380.9075,10709973,82.74,1,1,10.6061123656113,16.1866859214124
"bel",2009,33.93,22.97,10.96,0.376003831624985,0.163250640034676,0.529608011245728,1.23084545135498,0,0,0,0.834,39293.63755,10796493,86.18,1,1,10.578817890349,16.1947319171385
"bel",2010,33.93,22.97,10.96,0.375413507223129,0.160038337111473,0.51873105764389,1.18352425098419,0,0,0,0.834,39991.56462,10895586,85.74,1,1,10.5964238263568,16.2038683110549
"bel",2011,33.93,22.97,10.96,0.377065598964691,0.162338852882385,0.526837110519409,1.1908255815506,4,0,1,0.835,40236.95963,11038264,87.82,1,1,10.6025412460046,16.2168783400719
"bel",2012,33.93,22.97,10.96,0.372471898794174,0.154975011944771,0.528678596019745,1.20292508602142,3,0,1,0.835,40074.4928,11106932,88.57,1,1,10.5984953211282,16.2230799758653
"bel",2013,33.93,22.97,10.96,0.377411842346191,0.161243885755539,0.527978599071503,1.17286956310272,0,0,0,0.839,40007.89979,11159407,89.23,1,1,10.5968322083466,16.2277933773049
"bel",2014,34.45,22.97,11.48,0.375569880008698,0.157986551523209,0.53192800283432,1.19770908355713,0,0,0,0.838,40533.9135,11209057,89.62,1,1,10.609894273066,16.2322326701897
"bgd",1990,13.73,13.72,0.01,NA,NA,NA,NA,3,0,0,0.162,473.444821,111633717,31.48,NA,NA,6.16003537151658,18.5307336859372
"bgd",1991,13.73,13.72,0.01,NA,NA,NA,NA,3,0,0.5,0.253,480.673359,113787109,31.76,NA,NA,6.17518795210344,18.54983979556
"bgd",1992,5.4,5.39,0.01,NA,NA,NA,NA,0,0,0,0.272,497.3711737,115952192,33.14,NA,NA,6.20933657572931,18.5686885261874
"bgd",1993,5.37,5.36,0.01,NA,NA,NA,NA,0,0,0,0.269,511.1935094,118132360,34.05,NA,NA,6.23674820619086,18.5873162487155
"bgd",1994,5.67,5.66,0.01,NA,NA,NA,NA,0,0,0,0.269,521.3231447,120343179,35.49,NA,NA,6.25637008883185,18.6058580442266
"bgd",1995,5.67,5.66,0.01,NA,NA,NA,NA,4,0,0,0.269,537.9319466,122600370,32.89,NA,NA,6.28773205885228,18.6244405994064
"bgd",1996,5.67,5.66,0.01,NA,NA,NA,NA,1,0,0,0.271,552.0771071,124862179,31.03,NA,NA,6.31368772329717,18.6427211189913
"bgd",1997,5.67,5.66,0.01,NA,NA,NA,NA,0,0,0,0.275,566.2711408,127198069,29.06,NA,NA,6.33907301084646,18.6612560279375
"bgd",1998,5.67,5.66,0.01,NA,NA,NA,NA,0,0,0,0.275,584.4481752,129622332,31.12,NA,NA,6.37066811179722,18.6801356418528
"bgd",1999,5.76,5.75,0.01,NA,NA,NA,NA,0,0,0,0.275,600.2323232,132108065,32.67,NA,NA,6.39731678560484,18.6991308198621
"bgd",2000,5.76,5.75,0.01,NA,NA,NA,NA,0,0,0,0.276,620.5604728,134544304,31.2,NA,NA,6.43062305807481,18.7174041005362
"bgd",2001,5.79,5.78,0.01,NA,NA,NA,NA,1,0,0,0.271,641.2889229,136805810,37.07,NA,NA,6.46348009312243,18.7340730330111
"bgd",2002,5.81,5.8,0.01,NA,NA,NA,NA,4,0.5,0.5,0.236,655.6721394,138933658,38.9,NA,NA,6.48566087650869,18.7495070965848
"bgd",2003,5.81,5.8,0.01,NA,NA,NA,NA,4,1,1,0.237,676.826252,140970351,37.04,NA,NA,6.51741459595584,18.7640601496355
"bgd",2004,5.81,5.8,0.01,NA,NA,NA,NA,4,1,1,0.233,702.6563571,142902856,36.58,NA,NA,6.55486794882668,18.7776756287046
"bgd",2005,5.81,5.8,0.01,NA,NA,NA,NA,4,1,1,0.233,739.2037184,144715786,35.56,NA,NA,6.60557355061785,18.79028228033
"bgd",2006,5.81,5.8,0.01,NA,NA,NA,NA,4,1,1,0.214,779.4195704,146405973,35.33,NA,NA,6.65854950216083,18.8018939578395
"bgd",2007,5.81,5.8,0.01,NA,NA,NA,NA,4,1,1,0.103,825.50823,147989278,34.99,NA,NA,6.71599923302581,18.8126503831581
"bgd",2008,5.81,5.8,0.01,NA,NA,NA,NA,3.5,0.25,0.25,0.105,866.4581576,149474264,33.87,NA,NA,6.76441381901106,18.8226347888188
"bgd",2009,15.01,15,0.01,NA,NA,NA,NA,3.33333333333333,0.333333333333333,0,0.193,901.7296263,150873714,33.01,NA,NA,6.8043147260158,18.8319537137334
"bgd",2010,15.01,15,0.01,NA,NA,NA,NA,4,1,0,0.173,943.6642286,152201981,29.62,NA,NA,6.84977041283042,18.8407190190759
"bgd",2011,15,14.99,0.01,NA,NA,NA,NA,1,0,0.5,0.168,995.5799472,153591076,29.39,NA,NA,6.90332542886834,18.8498042780317
"bgd",2012,15,14.99,0.01,NA,NA,NA,NA,1,0,0,0.166,1050.391404,155070101,29.08,NA,NA,6.95691813940598,18.8593878371589
"bgd",2013,14.99,14.98,0.01,NA,NA,NA,NA,1,0,0,0.144,1103.156959,156532141,28.34,NA,NA,7.00593131103345,18.8687719206601
"bgd",2014,14.99,14.98,0.01,NA,NA,NA,NA,4,1,1,0.107,1159.407535,157964929,28.68,NA,NA,7.05566440793575,18.8778835979982
"bgr",1991,1,1,0,0.222797453403473,0.266227632761002,0.248686030507088,0.319417297840118,0,0,0,0.508,4092.079489,8632367,115.2,0,0,8.31680855234717,15.971029301235
"bgr",1992,1,1,0,0.264991968870163,0.287681013345718,0.354117870330811,0.606936037540436,0,0,0,0.598,3835.454386,8540164,145.96,0,0,8.25204319074618,15.9602907693274
"bgr",1993,1,1,0,0.219821035861969,0.262145072221756,0.459250152111053,0.837292015552521,0,0,0,0.593,3808.943205,8472313,199.91,0,0,8.24510705562971,15.9523141108123
"bgr",1994,1,1,0,0.18499781191349,0.155646324157715,0.466776221990585,0.896604776382446,0,0,0,0.593,3891.382404,8443591,118.96,0,0,8.26651974726111,15.9489182500174
"bgr",1995,1,1,0,NA,0.176575407385826,NA,NA,0,0,0,0.588,4021.995239,8406067,72.03,0,0,8.29953338659246,15.9444642650127
"bgr",1996,1,1,0,NA,0.186946511268616,NA,NA,1,0,0,0.597,4253.234639,8362826,113.84,0,0,8.35543506396459,15.9393069662163
"bgr",1997,1,1,0,NA,0.142884656786919,NA,NA,0,0,0,0.609,3675.180807,8312068,88.37,0,0,8.20935760962037,15.933218992671
"bgr",1998,1,1,0,NA,0.141134336590767,NA,NA,0,0,0,0.609,3839.976816,8256786,65.14,0,0,8.25322160806355,15.9265459656603
"bgr",1999,1,1,0,NA,0.143402978777885,NA,NA,0,0,0,0.616,3537.345444,8210624,70.34,0,0,8.17113185025497,15.9209394834125
"bgr",2000,1,1,0,NA,0.129025831818581,NA,NA,1,0,0,0.617,3717.928899,8170172,71.5,0,0,8.22092204464506,15.9160005192462
"bgr",2001,1,1,0,NA,0.141915738582611,NA,NA,0,0,0,0.595,3937.701609,8009142,65.3,0,0,8.27835248410881,15.8960941972023
"bgr",2002,1,1,0,NA,0.144527748227119,NA,NA,0,0,0,0.619,4260.404775,7837161,51.48,0,0,8.35711945235516,15.8743872093993
"bgr",2003,1,1,0,NA,0.0228570643812418,NA,NA,0,0,0,0.621,4519.184392,7775327,43.84,0,0,8.41608681229647,15.866466073023
"bgr",2004,1,1,0,NA,0.0228078458458185,NA,NA,0,0,0,0.623,4849.871413,7716860,36.09,0,0,8.48670747079655,15.8589181035102
"bgr",2005,1,1,0,NA,0.0249327514320612,NA,NA,0,0,0,0.604,5231.338119,7658972,27.09,0,0,8.5624223788271,15.8513883290553
"bgr",2006,1,1,0,NA,0.0309452228248119,NA,NA,0,0,0,0.61,5629.80128,7601022,21.73,0,0,8.63582942388557,15.8437932699
"bgr",2007,1,1,0,NA,0.0365113839507103,NA,NA,0,0,0,0.611,6048.742318,7545338,17.07,0,0,8.70760564809226,15.8364404470601
"bgr",2008,1,1,0,NA,0.0399855598807335,NA,NA,4,0,1,0.617,6464.72198,7492561,13.84,0,0,8.77411528641429,15.8294212196146
"bgr",2009,2,2,0,NA,0.038944385945797,NA,NA,0,0,0,0.587,6288.725432,7444443,14.96,0,0,8.74651369513918,15.8229784059892
"bgr",2010,2,2,0,NA,0.0398990213871002,NA,NA,0,0,0,0.568,6428.717426,7395599,17.02,0,0,8.76853033015037,15.8163956515228
"bgr",2011,2,2,0,NA,0.0407452210783958,NA,NA,4,0,1,0.565,6605.308517,7348328,16.93,0,0,8.79562892547949,15.8099833623176
"bgr",2012,2,2,0,NA,0.0405584238469601,NA,NA,0,0,0,0.561,6693.427733,7305888,18.51,0,0,8.80888138857396,15.804191156354
"bgr",2013,2,2,0,NA,0.0407625995576382,NA,NA,0,0,0,0.542,6792.7355,7160005,19.2,0,0,8.82360901129206,15.7840212372606
"bgr",2014,2,2,0,NA,0.0418261997401714,NA,NA,0,0,0,0.561,6941.018539,7073572,29.15,0,0,8.8452038062768,15.7718761436658
"bhs",1990,0,0,0,NA,NA,NA,NA,0,0,0,NA,30995.48307,275945,13.22,NA,NA,10.3415967654316,12.527956849479
"bhs",1991,0,0,0,NA,NA,NA,NA,0,0,0,NA,29192.99426,280731,15.39,NA,NA,10.2816840368676,12.5451521944424
"bhs",1992,0,0,0,NA,NA,NA,NA,0,0,0,NA,27565.97846,285927,17.88,NA,NA,10.2243376268567,12.5634918124663
"bhs",1993,0,0,0,NA,NA,NA,NA,0,0,0,NA,27137.17834,291339,19.76,NA,NA,10.2086599611453,12.5822428165813
"bhs",1994,0,0,0,NA,NA,NA,NA,0,0,0,NA,27503.63539,296509,20.38,NA,NA,10.2220734709175,12.5998328510908
"bhs",1995,0,0,0,NA,NA,NA,NA,0,0,0,NA,28236.37538,301461,20.5,NA,NA,10.248366332803,12.6163959335487
"bhs",1996,0,0,0,NA,NA,NA,NA,0,0,0,NA,28967.04805,306268,20.23,NA,NA,10.2739141887818,12.6322158146241
"bhs",1997,0,0,0,NA,NA,NA,NA,0,0,0,NA,28902.5719,310904,20.85,NA,NA,10.2716858632205,12.6472394618374
"bhs",1998,0,0,0,NA,NA,NA,NA,0,0,0,NA,29837.43818,315368,20.03,NA,NA,10.3035191987555,12.6614954898984
"bhs",1999,0,0,0,NA,NA,NA,NA,0,0,0,NA,31544.35406,319614,18.67,NA,NA,10.3591498998161,12.6748692966708
"bhs",2000,0,0,0,NA,NA,NA,NA,0,0,0,NA,32424.72718,323835,18.71,NA,NA,10.3866765952711,12.6879894057987
"bhs",2001,0,0,0,NA,NA,NA,NA,0,0,0,NA,32870.09183,327836,18.21,NA,NA,10.4003184603873,12.7002687623246
"bhs",2002,0,0,0,NA,NA,NA,NA,0,0,0,NA,33374.60269,331614,18.82,NA,NA,10.4155504912122,12.7117269208937
"bhs",2003,0,0,0,NA,NA,NA,NA,0,0,0,NA,32559.31155,335618,20.85,NA,NA,10.3908186758512,12.723728887417
"bhs",2004,0,0,0,NA,NA,NA,NA,0,0,0,NA,32444.07396,339782,21.4,NA,NA,10.3872730848079,12.7360595144802
"bhs",2005,0,0,0,NA,NA,NA,NA,0,0,0,NA,33144.78788,343894,22.04,NA,NA,10.4086407548964,12.7480887493359
"bhs",2006,0,0,0,NA,NA,NA,NA,0,0,0,NA,33541.85075,348375,22.78,NA,NA,10.4205492142365,12.7610347647842
"bhs",2007,0,0,0,NA,NA,NA,NA,0,0,0,NA,33549.336,353334,22.99,NA,NA,10.4207723508478,12.7751690642108
"bhs",2008,0,0,0,NA,NA,NA,NA,0,0,0,NA,32331.82461,358120,25.46,NA,NA,10.3838073061823,12.7886234047481
"bhs",2009,0,0,0,NA,NA,NA,NA,0,0,0,NA,30581.33422,362810,30.91,NA,NA,10.3281451090087,12.8016345602391
"bhs",2010,0,0,0,NA,NA,NA,NA,0,0,0,NA,30657.43191,367478,33.69,NA,NA,10.3306303886437,12.8144187318975
"bhs",2011,0,0,0,NA,NA,NA,NA,0,0,0,NA,30492.67385,371729,35.31,NA,NA,10.3252417321031,12.8259203731505
"bhs",2012,0,0,0,NA,NA,NA,NA,0,0,0,NA,31553.49195,375469,36.45,NA,NA,10.359439541718,12.8359311901871
"bhs",2013,0,0,0,NA,NA,NA,NA,0,0,0,NA,30368.26312,378953,45.11,NA,NA,10.3211533657557,12.8451674658205
"bhs",2014,0,0,0,NA,NA,NA,NA,0,0,0,NA,30658.53446,382298,47.02,NA,NA,10.3306663515443,12.8539556881772
"bih",1995,34.34,26.34,8,NA,NA,NA,NA,0,0,0,0.069,1013.22445,3715564,NA,1,0,6.92089304930103,15.1280410415692
"bih",1996,34.34,26.34,8,NA,NA,NA,NA,1,0,0,0.141,1498.005933,3875246,NA,1,0,7.31189012468347,15.1701197026255
"bih",1997,34.34,26.34,8,NA,NA,NA,NA,0,0,0,0.34,1974.057427,4018227,NA,1,0,7.58784631126227,15.2063513185302
"bih",1998,27.05,23.05,4,NA,NA,NA,NA,0,0,0,0.35,2262.032632,4089356,54.4,1,0,7.72401908274354,15.2238980584086
"bih",1999,27.05,23.05,4,NA,NA,NA,NA,0,0,0,0.361,2452.851884,4130305,56.04,1,0,7.80500666086187,15.2338618120894
"bih",2000,27.05,23.05,4,NA,NA,NA,NA,0,0,0,0.394,2567.34137,4159771,34.6,1,0,7.8506261560576,15.2409705826453
"bih",2001,27.05,23.05,4,NA,NA,NA,NA,0,0,0,0.424,2617.182304,4179438,35.13,1,0,7.8698535615483,15.245687345701
"bih",2002,27.05,23.05,4,NA,NA,NA,NA,0,0,0,0.418,2743.138786,4188002,31.12,1,0,7.91685808608492,15.2477343285274
"bih",2003,27.05,23.05,4,NA,NA,NA,NA,0,0,0,0.426,2855.683149,4178523,27.56,1,0,7.95706637507804,15.2454683927761
"bih",2004,27.05,23.05,4,NA,NA,NA,NA,0,0,0,0.416,3063.835434,4140987,25.49,1,0,8.02742281988805,15.2364447231845
"bih",2005,27.05,23.05,4,0.121763803064823,0.123031251132488,0.108991399407387,0.113537788391113,0,0,0,0.425,3217.813416,4096493,24.86,1,0,8.07645734451647,15.2256417997868
"bih",2006,27.05,23.05,4,0.129712715744972,0.120610520243645,0.116283036768436,0.131563276052475,0,0,0,0.409,3419.758875,4063272,20.58,1,0,8.13732532318513,15.2174991183358
"bih",2007,27.05,23.05,4,0.130190566182137,0.128697663545609,0.175554245710373,0.202794596552849,0,0,0,0.369,3665.089665,4013424,18.17,1,0,8.20660807923294,15.2051553002838
"bih",2008,29.05,23.05,6,0.128316387534142,0.128707870841026,0.096000112593174,0.117695964872837,0,0,0,0.367,3929.032977,3947544,30.32,1,0,8.27614861275307,15.1886041713449
"bih",2009,29.05,23.05,6,0.103719629347324,0.12210001796484,0.101423628628254,0.116481743752956,0,0,0,0.366,3877.535401,3879794,36.37,1,0,8.26295502486072,15.1712926174065
"bih",2010,29.05,23.05,6,0.108192563056946,0.114697732031345,0.0826660469174385,0.0948344394564629,0,0,0,0.37,3981.209857,3811472,42.21,1,0,8.28934103625551,15.1535260241943
"bih",2011,29.05,23.05,6,0.103289760649204,0.117001682519913,0.0494040921330452,0.0530236922204494,0,0,0,0.37,4094.253295,3741798,40.94,1,0,8.31733963411685,15.1350768025312
"bih",2012,29.05,23.05,6,0.104169093072414,0.110655464231968,0.0694782510399818,0.0828299522399902,0,0,0,0.37,4139.917328,3670113,43.56,1,0,8.32843109753785,15.1157330097475
"bih",2013,29.05,23.05,6,0.0945499390363693,0.106385052204132,0.0554983653128147,0.0599618405103683,0,0,0,0.369,4306.731751,3610859,43.75,1,0,8.36793460101559,15.0994562521419
"bih",2014,29.05,23.05,6,0.0942693427205086,0.109826013445854,0.0730496570467949,0.0782297775149345,0,0,0,0.37,4412.676178,3564829,47.14,1,0,8.39223662746999,15.0866266443407
"blz",1990,0,0,0,NA,NA,NA,NA,0,0,0,NA,4112.595175,183076,30,NA,NA,8.32180953766298,12.1176566461566
"blz",1991,0,0,0,NA,NA,NA,NA,0,0,0,NA,4499.579713,187040,30.93,NA,NA,8.41173927428552,12.1390777767059
"blz",1992,0,0,0,NA,NA,NA,NA,0,0,0,NA,4967.927105,190983,31.03,NA,NA,8.51075795059906,12.159939697832
"blz",1993,0,0,0,NA,NA,NA,NA,3,0,1,NA,5166.828674,194902,30.66,NA,NA,8.5500143700057,12.1802521471157
"blz",1994,0,0,0,NA,NA,NA,NA,0,0,0,NA,5056.952012,199097,31.45,NA,NA,8.52851921161435,12.2015474221336
"blz",1995,0,0,0,NA,NA,NA,NA,3,0,1,NA,4967.961538,204146,35.7,NA,NA,8.51076488163488,12.2265907031196
"blz",1996,0,0,0,NA,NA,NA,NA,0,0,0,NA,4875.65675,210310,38.35,NA,NA,8.49201009230702,12.2563379116777
"blz",1997,0,0,0,NA,NA,NA,NA,3,0,1,NA,4915.340341,217446,39.4,NA,NA,8.50011627555523,12.2897058228233
"blz",1998,0,0,0,NA,NA,NA,NA,0,0,0,NA,4931.454991,225173,38.69,NA,NA,8.50338935351472,12.3246242746318
"blz",1999,0,0,0,NA,NA,NA,NA,0,0,0,NA,5213.566283,233059,41.49,NA,NA,8.55901940787282,12.3590469193775
"blz",2000,0,0,0,NA,NA,NA,NA,3,0,1,NA,5663.646324,240799,79,NA,NA,8.64182319062731,12.3917178395843
"blz",2001,0,0,0,NA,NA,NA,NA,3,0,1,NA,5764.990555,248379,49.51,NA,NA,8.65955879436704,12.4227110844049
"blz",2002,0,0,0,NA,NA,NA,NA,0,0,0,NA,5895.15235,256009,53.16,NA,NA,8.68188565657306,12.4529678790937
"blz",2003,0,0,0,NA,NA,NA,NA,0,0,0,NA,6274.474283,263780,67.16,NA,NA,8.74424498088868,12.4828707013799
"blz",2004,0,0,0,NA,NA,NA,NA,0,0,0,NA,6383.074324,271688,70.64,NA,NA,8.76140512924279,12.5124096280791
"blz",2005,0,0,0,NA,NA,NA,NA,0,0,0,NA,6337.123892,279731,72.7,NA,NA,8.75418029970839,12.5415837060839
"blz",2006,0,0,0,NA,NA,NA,NA,0,0,0,NA,6435.587673,287878,71.34,NA,NA,8.76959844033593,12.5702920582584
"blz",2007,0,0,0,NA,NA,NA,NA,0,0,0,NA,6465.828858,296100,66.41,NA,NA,8.7742864899487,12.5984525140897
"blz",2008,0,0,0,NA,NA,NA,NA,0,0,0,NA,6187.95885,304361,64.65,NA,NA,8.73036056170317,12.6259697758679
"blz",2009,0,0,0,NA,NA,NA,NA,0,0,0,NA,5997.684472,312614,69.71,NA,NA,8.69912875239006,12.6527244816353
"blz",2010,0,0,0,NA,NA,NA,NA,0,0,0,NA,5937.753983,320245,68.55,NA,NA,8.68908622351224,12.6768416068346
"blz",2011,0,0,0,NA,NA,NA,NA,0,0,0,NA,5802.243445,327298,66.38,NA,NA,8.66599992260841,12.6986263498687
"blz",2012,0,0,0,NA,NA,NA,NA,0,0,0,NA,5902.742347,334414,63.39,NA,NA,8.6831723264819,12.720135025345
"blz",2013,0,0,0,NA,NA,NA,NA,0,0,0,NA,6013.078799,341627,62.85,NA,NA,8.70169217572669,12.7414747775857
"blz",2014,0,0,0,NA,NA,NA,NA,0,0,0,NA,6116.495789,348923,61.54,NA,NA,8.71874462802111,12.7626065464696
"bol",1990,6.51,2.04,4.47,NA,NA,NA,NA,0,0,0,0.431,1679.408479,7130142,104.85,NA,NA,7.42619691456368,15.7798417080407
"bol",1991,6.51,2.04,4.47,NA,NA,NA,NA,0,0,0,0.456,1731.395142,7280289,94.62,NA,NA,7.45668280295586,15.8006811171871
"bol",1992,6.51,2.04,4.47,NA,NA,NA,NA,0,0,0,0.462,1724.363345,7430336,94.11,NA,NA,7.45261318597807,15.8210816377441
"bol",1993,6.51,2.04,4.47,NA,NA,NA,NA,0,0,0,0.469,1762.668309,7579195,85.4,NA,NA,7.4745840245952,15.8409175514512
"bol",1994,6.51,2.04,4.47,NA,NA,NA,NA,0,0,0,0.481,1809.570651,7727322,89.05,NA,NA,7.50084488672901,15.8602729181065
"bol",1995,8.48,4.01,4.47,NA,NA,NA,NA,0,0,0,0.492,1858.781852,7874676,83.04,NA,NA,7.52767663387502,15.8791625989724
"bol",1996,8.48,4.01,4.47,NA,NA,NA,NA,0,0,0,0.492,1904.287021,8021736,73.55,NA,NA,7.55186295031375,15.8976654152717
"bol",1997,8.48,4.01,4.47,NA,NA,NA,NA,0,0,0,0.518,1962.864043,8167900,65.55,NA,NA,7.58215993207147,15.9157223958526
"bol",1998,8.48,4.01,4.47,NA,NA,NA,NA,0,0,0,0.518,2025.503347,8313394,62.22,NA,NA,7.61357351507288,15.9333785070355
"bol",1999,8.48,4.01,4.47,NA,NA,NA,NA,0,0,0,0.523,1998.94534,8459806,62.5,NA,NA,7.60037499045472,15.9508367998774
"bol",2000,8.48,4.01,4.47,NA,NA,NA,NA,0,0,0,0.527,2014.190247,8606326,74.32,NA,NA,7.60797253108138,15.9680080722117
"bol",2001,8.48,4.01,4.47,NA,NA,NA,NA,0,0,0,0.52,2013.845811,8752736,82.98,NA,NA,7.60780151175788,15.9848768951721
"bol",2002,8.48,4.01,4.47,NA,NA,NA,NA,0,0,0,0.51,2029.669936,8900355,86.69,NA,NA,7.61562846571269,16.0016017215473
"bol",2003,8.48,4.01,4.47,NA,NA,NA,NA,0,0,0,0.515,2050.071334,9050700,95.64,NA,NA,7.62562986860022,16.0183526607512
"bol",2004,8.48,4.01,4.47,NA,NA,NA,NA,0,0,0,0.541,2099.990811,9204287,89.81,NA,NA,7.64968824798766,16.035179911746
"bol",2005,12.43,7.96,4.47,NA,NA,NA,NA,0,0,0,0.534,2156.186703,9360754,82.16,NA,NA,7.67609652521837,16.0520364007649
"bol",2006,12.43,7.96,4.47,NA,NA,NA,NA,0,0,0,0.462,2221.427226,9521689,54.38,NA,NA,7.70590516289272,16.0690828069976
"bol",2007,12.43,7.96,4.47,NA,NA,NA,NA,0,0,0,0.458,2283.427336,9685960,40.03,NA,NA,7.73343281079183,16.0861879722651
"bol",2008,12.43,7.96,4.47,NA,NA,NA,NA,0,0,0,0.453,2383.250326,9850858,36.79,NA,NA,7.77622051816168,16.1030691159537
"bol",2009,12.43,7.96,4.47,NA,NA,NA,NA,0,0,0,0.435,2422.575794,10016275,39.21,NA,NA,7.79258663078838,16.1197218280154
"bol",2010,11.53,9.97,1.55,NA,NA,NA,NA,0,0,0,0.4,2481.407009,10182345,37.64,NA,NA,7.81658102061992,16.1361658961939
"bol",2011,11.53,9.97,1.55,NA,NA,NA,NA,0,0,0,0.398,2568.520517,10348929,35.33,NA,NA,7.85108533780612,16.1523935940605
"bol",2012,11.53,9.97,1.55,NA,NA,NA,NA,0,0,0,0.391,2657.238849,10515807,35.39,NA,NA,7.88504283596119,16.1683901116776
"bol",2013,11.53,9.97,1.55,NA,NA,NA,NA,0,0,0,0.396,2793.514571,10682608,36.1,NA,NA,7.93505578492283,16.1841275564422
"bol",2014,11.53,9.97,1.55,NA,NA,NA,NA,0,0,0,0.391,2900.902416,10848888,37.6,NA,NA,7.97277714549979,16.1995731442192
"bra",1990,22.6,17.09,5.51,NA,NA,NA,NA,0,0,0,0.678,6149.867182,149143223,50,1,1,8.72418576414459,18.8204176304137
"bra",1991,22.63,17.12,5.51,NA,NA,NA,NA,0,0,0,0.692,6107.648134,151724256,60.31,1,1,8.71729705727902,18.8375753260657
"bra",1992,22.63,17.12,5.51,NA,NA,NA,NA,0,0,0,0.699,5973.982169,154275079,98.41,1,1,8.69516901400427,18.8542477942439
"bra",1993,22.69,17.18,5.51,NA,NA,NA,NA,0,0,0,0.704,6167.460212,156794577,77.03,1,1,8.72704239714638,18.8704470798233
"bra",1994,22.71,17.19,5.51,NA,NA,NA,NA,0,0,0,0.707,6427.16828,159265006,39.5,1,1,8.76828932831776,18.8860800771766
"bra",1995,22.76,17.24,5.51,NA,NA,NA,NA,0,0,0,0.712,6596.334968,161735073,33.39,1,1,8.7942694658952,18.9014702026973
"bra",1996,22.8,17.29,5.51,NA,NA,NA,NA,0,0,0,0.711,6640.726243,164202549,40.23,1,1,8.80097661043537,18.9166112786136
"bra",1997,22.77,17.26,5.51,NA,NA,NA,NA,0,0,0,0.711,6764.857643,166661659,42.48,1,1,8.81949649722014,18.931476321267
"bra",1998,22.96,17.44,5.51,NA,NA,NA,NA,0,0,0,0.711,6687.494466,169159655,54.42,1,1,8.8079945636899,18.9463535310772
"bra",1999,23.01,17.5,5.51,NA,NA,NA,NA,0,0,0,0.713,6621.636001,171641543,64.58,1,1,8.79809774845987,18.9609188077932
"bra",2000,21.1,15.59,5.51,NA,NA,NA,NA,0,0,0,0.717,6817.783456,174018282,62.65,1,1,8.82728969155985,18.974670920625
"bra",2001,21.1,15.58,5.51,NA,NA,NA,NA,0,0,0,0.717,6823.033185,176301203,66.27,1,1,8.82805940049992,18.987704470941
"bra",2002,21.14,15.63,5.51,NA,NA,NA,NA,0,0,0,0.721,6944.622576,178503484,74.98,1,1,8.84572290900329,19.0001186772008
"bra",2003,21.17,15.65,5.51,NA,NA,NA,NA,4,0,0,0.722,6941.439659,180622688,70.57,1,1,8.84526447564733,19.0119208167491
"bra",2004,21.18,15.66,5.51,NA,NA,NA,NA,0,0,0,0.722,7258.781017,182675143,67.07,1,1,8.8899671897269,19.0232199584523
"bra",2005,21.18,15.67,5.51,NA,NA,NA,NA,0,0,0,0.772,7409.56828,184688101,66.26,1,1,8.91052745478448,19.0341790197049
"bra",2006,21.18,15.67,5.51,NA,NA,NA,NA,0,0,0,0.77,7622.039194,186653106,63.95,1,1,8.93879922364047,19.0447624039579
"bra",2007,21.2,15.69,5.51,NA,NA,NA,NA,0,0,0,0.769,8003.25321,188552320,62.45,1,1,8.98760338925176,19.0548860860215
"bra",2008,21.21,15.69,5.51,NA,NA,NA,NA,0,0,0,0.769,8330.76364,190367302,60.66,1,1,9.02771040442852,19.0644659323804
"bra",2009,21.26,15.74,5.51,NA,NA,NA,NA,0,0,0,0.769,8246.096121,192079951,63.81,1,1,9.01749516988093,19.0734222547752
"bra",2010,21.34,15.83,5.51,0.453315317630768,0.395119607448578,0.321991622447968,0.517740666866302,0,0,0,0.776,8792.63335,193701929,61.32,1,1,9.08166953056807,19.0818310870267
"bra",2011,21.5,15.99,5.51,0.43312731385231,0.383887380361557,0.34489119052887,0.527543187141418,0,0,0,0.781,9067.99212,195284734,59.34,1,1,9.11250614263719,19.089969225869
"bra",2012,21.64,16.12,5.51,0.447911888360977,0.393889307975769,0.337366998195648,0.530796110630035,0,0,0,0.777,9167.498185,196876111,59.85,1,1,9.12341970196346,19.0980852107029
"bra",2013,21.65,16.14,5.51,0.436964720487595,0.39833077788353,0.320209056138992,0.493429690599442,0,0,0,0.781,9366.738247,198478299,57.23,1,1,9.144920208653,19.1061903271781
"bra",2014,21.73,16.21,5.51,0.430654019117355,0.407071053981781,0.318446785211563,0.502213537693024,0,0,0,0.783,9338.341708,200085127,58.46,1,1,9.14188396813616,19.1142534689554
"brb",1990,0,0,0,NA,NA,NA,NA,0,0,0,0.636,19382.86872,258582,40.51,NA,NA,9.87214489925797,12.4629681373289
"brb",1991,0,0,0,NA,NA,NA,NA,0,0,0,0.646,18570.14897,259373,41.8,NA,NA,9.8293106763932,12.466022459094
"brb",1992,0,0,0,NA,NA,NA,NA,0,0,0,0.646,17452.88321,260267,44.47,NA,NA,9.7672601409162,12.4694633061498
"brb",1993,0,0,0,NA,NA,NA,NA,0,0,0,0.646,17540.07808,261027,45.56,NA,NA,9.7722437174556,12.4723791292303
"brb",1994,0,0,0,NA,NA,NA,NA,0,0,0,0.646,17852.21433,261620,55.02,NA,NA,9.7898828316148,12.4746483482422
"brb",1995,0,0,0,NA,NA,NA,NA,0,0,0,0.647,18182.63702,262039,55.9,NA,NA,9.80822240781771,12.4762486266273
"brb",1996,0,0,0,NA,NA,NA,NA,0,0,0,0.647,18888.00547,262284,56.12,NA,NA,9.84628236836717,12.4771831651382
"brb",1997,0,0,0,NA,NA,NA,NA,0,0,0,0.647,19775.17368,262392,56.91,NA,NA,9.89218257540386,12.4775948477824
"brb",1998,0,0,0,NA,NA,NA,NA,0,0,0,0.647,20509.04485,262436,50.54,NA,NA,9.92862128001614,12.4777625217636
"brb",1999,0,0,0,NA,NA,NA,NA,0,0,0,0.656,20571.33033,262517,50.1,NA,NA,9.93165365386642,12.4780711208216
"brb",2000,0,0,0,NA,NA,NA,NA,0,0,0,0.654,21523.39922,262063,56.61,NA,NA,9.97689595812164,12.4763402118531
"brb",2001,0,0,0,NA,NA,NA,NA,0,0,0,0.654,20985.28286,262425,62.61,NA,NA,9.95157665482862,12.477720605904
"brb",2002,0,0,0,NA,NA,NA,NA,0,0,0,0.654,21012.55954,264148,66.09,NA,NA,9.95287561126431,12.4842648311082
"brb",2003,0,0,0,NA,NA,NA,NA,0,0,0,0.652,21338.17207,265776,66.57,NA,NA,9.96825286373614,12.4904091277309
"brb",2004,0,0,0,NA,NA,NA,NA,0,0,0,0.65,21516.16629,267298,66.48,NA,NA,9.97655985203031,12.4961194198693
"brb",2005,0,0,0,NA,NA,NA,NA,0,0,0,0.65,22250.02638,268706,68.2,NA,NA,10.0100984732117,12.50137312409
"brb",2006,0,0,0,NA,NA,NA,NA,0,0,0,0.648,23487.44188,270002,69.79,NA,NA,10.0642211692109,12.5061846453605
"brb",2007,0,0,0,NA,NA,NA,NA,0,0,0,0.65,23862.13535,271288,69.05,NA,NA,10.0800481866181,12.5109362661907
"brb",2008,0,0,0,NA,NA,NA,NA,0,0,0,0.665,23887.72896,272714,72.63,NA,NA,10.0811201734319,12.5161789059831
"brb",2009,0,0,0,NA,NA,NA,NA,0,0,0,0.666,22572.59261,274123,88.52,NA,NA,10.0244917329531,12.5213321897519
"brb",2010,0,0,0,NA,NA,NA,NA,0,0,0,0.667,21982.1839,275243,96.04,NA,NA,9.99798758152962,12.5254096228356
"brb",2011,0,0,0,NA,NA,NA,NA,0,0,0,0.667,21842.86356,276139,98.7,NA,NA,9.99162953664859,12.5286596411121
"brb",2012,0,0,0,NA,NA,NA,NA,0,0,0,0.667,21036.30034,276938,109.35,NA,NA,9.95400481203648,12.5315489334017
"brb",2013,0,0,0,NA,NA,NA,NA,0,0,0,0.664,20609.60763,277665,118.56,NA,NA,9.93351263585758,12.5341706300619
"brb",2014,0,0,0,NA,NA,NA,NA,0,0,0,0.662,20713.76702,278348,122,NA,NA,9.93855383162009,12.5366274083873
"brn",1990,0,0,0,NA,NA,NA,NA,NA,NA,NA,NA,44179.82787,255292,NA,NA,NA,10.6960235808597,12.4501632670551
"brn",1991,0,0,0,NA,NA,NA,NA,NA,NA,NA,NA,44201.13949,262596,NA,NA,NA,10.6965058480502,12.4783720084424
"brn",1992,0,0,0,NA,NA,NA,NA,NA,NA,NA,NA,41672.37084,269839,NA,NA,NA,10.6375936184064,12.5055807638289
"brn",1993,0,0,0,NA,NA,NA,NA,NA,NA,NA,NA,40342.05041,276971,NA,NA,NA,10.6051496384267,12.531668086548
"brn",1994,0,0,0,NA,NA,NA,NA,NA,NA,NA,NA,39721.43454,284091,NA,NA,NA,10.5896462338211,12.5570498883542
"brn",1995,0,0,0,NA,NA,NA,NA,NA,NA,NA,NA,39274.49802,291195,NA,NA,NA,10.5783306818836,12.5817484248276
"brn",1996,0,0,0,NA,NA,NA,NA,NA,NA,NA,NA,38331.65762,298276,NA,NA,NA,10.5540314034609,12.6057745113492
"brn",1997,0,0,0,NA,NA,NA,NA,NA,NA,NA,NA,39820.21075,305341,NA,NA,NA,10.5921298701707,12.6291844638432
"brn",1998,0,0,0,NA,NA,NA,NA,NA,NA,NA,NA,36331.18133,312385,NA,NA,NA,10.5004316413395,12.65199168043
"brn",1999,0,0,0,NA,NA,NA,NA,NA,NA,NA,NA,37045.93426,319411,NA,NA,NA,10.5199138881305,12.6742339537442
"brn",2000,0,0,0,NA,NA,NA,NA,NA,NA,NA,NA,37509.59838,326424,NA,NA,NA,10.5323521360071,12.6959524287807
"brn",2001,0,0,0,NA,NA,NA,NA,NA,NA,NA,NA,37269.30992,333345,2.63,NA,NA,10.5259254766056,12.7169332686837
"brn",2002,0,0,0,NA,NA,NA,NA,NA,NA,NA,NA,37976.26276,340099,1.77,NA,NA,10.544716579314,12.7369920306793
"brn",2003,0,0,0,NA,NA,NA,NA,NA,NA,NA,NA,38595.16885,346637,0.89,NA,NA,10.5608823882934,12.7560334018645
"brn",2004,0,0,0,NA,NA,NA,NA,NA,NA,NA,NA,37948.65908,352911,0.37,NA,NA,10.5439894483392,12.7739711794808
"brn",2005,0,0,0,NA,NA,NA,NA,NA,NA,NA,NA,37312.27788,358916,0.29,NA,NA,10.5270777171524,12.7908436568051
"brn",2006,0,0,0,NA,NA,NA,NA,NA,NA,NA,NA,38229.35657,364663,0.59,NA,NA,10.5513589960492,12.8067289184008
"brn",2007,0,0,0,NA,NA,NA,NA,NA,NA,NA,NA,36174.51652,370873,0.68,NA,NA,10.4961101863793,12.8236149649261
"brn",2008,0,0,0,NA,NA,NA,NA,NA,NA,NA,NA,34126.69416,377793,0.94,NA,NA,10.4378351769692,12.842101705556
"brn",2009,0,0,0,NA,NA,NA,NA,NA,NA,NA,NA,32855.60216,384952,1.11,NA,NA,10.399877546968,12.8608739301726
"brn",2010,0,0,0,NA,NA,NA,NA,NA,NA,NA,NA,33121.31782,392332,1.11,NA,NA,10.4079323969588,12.8798636990978
"brn",2011,0,0,0,NA,NA,NA,NA,NA,NA,NA,NA,33754.36408,399389,2.13,NA,NA,10.4268649940154,12.8976911582726
"brn",2012,0,0,0,NA,NA,NA,NA,NA,NA,NA,NA,33544.53895,405557,2.1,NA,NA,10.4206293556784,12.9130167098599
"brn",2013,0,0,0,NA,NA,NA,NA,NA,NA,NA,NA,32381.07398,411202,2.21,NA,NA,10.3853293946865,12.9268398569245
"brn",2014,0,0,0,NA,NA,NA,NA,NA,NA,NA,NA,31148.72974,416750,3.23,NA,NA,10.3465287445719,12.940241800613
"btn",1990,0,0,0,NA,NA,NA,NA,0,0,0,0.128,812.6713256,589287,27.45,NA,NA,6.70032675425249,13.2866686105114
"btn",1991,0,0,0,NA,NA,NA,NA,0,0,0,0.128,795.1918429,599784,33.5,NA,NA,6.67858339736722,13.3043248693827
"btn",1992,0,0,0,NA,NA,NA,NA,0,0,0,0.129,863.4638957,577774,35.59,NA,NA,6.76095208513183,13.2669380677325
"btn",1993,0,0,0,NA,NA,NA,NA,0,0,0,0.131,917.2912927,554673,37.61,NA,NA,6.82142508015616,13.2261340298992
"btn",1994,0,0,0,NA,NA,NA,NA,0,0,0,0.131,963.0165743,554497,39.45,NA,NA,6.87007062276113,13.2258166754784
"btn",1995,0,0,0,NA,NA,NA,NA,0,0,0,0.131,1043.38749,547989,34.68,NA,NA,6.95022790086719,13.214010492736
"btn",1996,0,0,0,NA,NA,NA,NA,0,0,0,0.131,1099.858178,548784,35.78,NA,NA,7.00293652138348,13.2154602004499
"btn",1997,0,0,0,NA,NA,NA,NA,0,0,0,0.131,1138.399223,558697,32.98,NA,NA,7.03737836423852,13.2333625658248
"btn",1998,0,0,0,NA,NA,NA,NA,0,0,0,0.141,1182.987811,569435,36.4,NA,NA,7.07579856045954,13.2523999201491
"btn",1999,0,0,0,NA,NA,NA,NA,0,0,0,0.148,1248.616008,582579,39.23,NA,NA,7.12979102330471,13.2752200775437
"btn",2000,0,0,0,NA,NA,NA,NA,0,0,0,0.15,1259.623765,596863,44.03,NA,NA,7.13856835614956,13.299442885303
"btn",2001,0,0,0,NA,NA,NA,NA,0,0,0,0.152,1321.098782,610794,52.35,NA,NA,7.18621907992491,13.3225150290957
"btn",2002,0,0,0,NA,NA,NA,NA,0,0,0,0.159,1427.256933,624409,57.71,NA,NA,7.26350965242584,13.3445608813568
"btn",2003,0,0,0,NA,NA,NA,NA,0,0,0,0.158,1506.415275,637663,68.5,NA,NA,7.31748811736057,13.3655652096071
"btn",2004,0,0,0,NA,NA,NA,NA,0,0,0,0.158,1552.739152,650544,76.03,NA,NA,7.34777584510041,13.3855642149239
"btn",2005,0,0,0,NA,NA,NA,NA,1,0,0,0.158,1632.021695,661865,80.84,NA,NA,7.3975748289406,13.4028168866307
"btn",2006,0,0,0,NA,NA,NA,NA,1,0,0,0.162,1701.118782,670799,80.12,NA,NA,7.43904142064564,13.4162248181728
"btn",2007,0,0,0,NA,NA,NA,NA,0,0,0,0.169,1952.257346,678641,67.25,NA,NA,7.57674159537346,13.4278475480158
"btn",2008,0,0,0,NA,NA,NA,NA,0,0,0,0.431,2017.760189,686351,60.57,NA,NA,7.60974335787579,13.4391444376613
"btn",2009,0,0,0,NA,NA,NA,NA,0,0,0,0.498,2148.564804,693988,61.04,NA,NA,7.67255536519908,13.4502099482732
"btn",2010,0,0,0,NA,NA,NA,NA,0,0,0,0.507,2378.728108,701632,55.81,NA,NA,7.77432121541509,13.4611643290342
"btn",2011,0,0,0,NA,NA,NA,NA,0,0,0,0.508,2552.488711,709377,62.33,NA,NA,7.84482412730622,13.4721423990312
"btn",2012,0,0,0,NA,NA,NA,NA,0,0,0,0.507,2654.747989,717279,71.47,NA,NA,7.88410500977354,13.4832201652326
"btn",2013,0,0,0,NA,NA,NA,NA,0,0,0,0.482,2671.074602,725273,92.37,NA,NA,7.89023614308308,13.4943034146831
"btn",2014,0,0,0,NA,NA,NA,NA,0,0,0,0.475,2797.81884,733139,89.79,NA,NA,7.93659540688198,13.5050905945417
"can",1990,28.52,22.42,6.1,0.58739972114563,0.533762454986572,0.158235222101212,0.198796525597572,5,0,0,0.754,31700.54626,27691138,51.22,1,1,10.3640891918936,17.1366229921719
"can",1991,28.75,22.65,6.1,0.591572821140289,0.531332910060883,0.149318873882294,0.200581252574921,3,0,0,0.754,30654.33316,28037420,56.09,1,1,10.330529306902,17.1490506044851
"can",1992,28.75,22.65,6.11,0.600969195365906,0.533786833286285,0.151193410158157,0.210257694125175,3,0,1,0.75,30563.37881,28371264,59.25,1,1,10.3275578003233,17.160887359899
"can",1993,28.77,22.66,6.11,0.599997401237488,0.545732736587524,0.15343776345253,0.207744583487511,4,0,1,0.752,31032.75461,28684764,62.69,1,1,10.3427985259806,17.1718766686878
"can",1994,28.77,22.66,6.11,0.602528810501099,0.55923730134964,0.148815631866455,0.191096618771553,3.5,0,0.5,0.762,32074.15626,29000663,63.29,1,1,10.3758058839157,17.1828292497584
"can",1995,28.77,22.66,6.11,0.601852476596832,0.552777290344238,0.154709994792938,0.194459199905396,4,0,0,0.762,32595.45152,29302311,64.38,1,1,10.3919280336941,17.1931769445971
"can",1996,28.77,22.66,6.11,0.600344836711884,0.545400202274323,0.139541953802109,0.16638545691967,0,0,0,0.765,32801.30186,29610218,64.69,1,1,10.3982234844382,17.2036300624282
"can",1997,28.77,22.66,6.11,0.608148574829102,0.532374560832977,0.122968457639217,0.141934052109718,4,0,1,0.76,33867.00791,29905948,61.65,1,1,10.4301966014903,17.2135679483429
"can",1998,27.88,21.77,6.11,0.613322556018829,0.529650390148163,0.122711591422558,0.142763555049896,4,0,1,0.756,34894.61343,30155173,58.89,1,1,10.4600877532985,17.2218670418761
"can",1999,27.85,21.74,6.11,0.615577876567841,0.529321491718292,0.140759915113449,0.15849632024765,2.5,0,0.5,0.756,36391.53534,30401286,53.07,1,1,10.5020914809775,17.2299954681133
"can",2000,27.85,21.74,6.11,0.620014429092407,0.515995442867279,0.131464466452599,0.148007079958916,1.75,0,0,0.756,37906.86013,30685730,46.33,1,1,10.5428873807595,17.2393082836478
"can",2001,27.34,21.23,6.11,0.631513178348541,0.515665829181671,0.131858333945274,0.159400537610054,4,0,1,0.752,38200.45612,31020855,46.15,1,1,10.5506027348375,17.2501702781955
"can",2002,27.73,21.62,6.11,0.635357439517975,0.525169253349304,0.123483791947365,0.152104243636131,0,0,0,0.746,38921.6673,31359199,43.06,1,1,10.5693063745396,17.2610182110284
"can",2003,27.73,21.62,6.11,0.641942977905273,0.525325298309326,0.138731420040131,0.170124784111977,0,0,0,0.746,39270.02346,31642461,40.6,1,1,10.5782167449745,17.2700104791284
"can",2004,27.73,21.62,6.11,0.644540011882782,0.524029612541199,0.132513955235481,0.157575607299805,1,0,0,0.751,40108.75875,31938807,36.68,1,1,10.5993500121372,17.2793323487699
"can",2005,27.76,21.65,6.11,0.650761067867279,0.526066541671753,0.175086989998817,0.203721538186073,3.5,0,1,0.751,41006.22295,32242732,36.24,1,1,10.6214791134374,17.2888032114666
"can",2006,28.23,22.11,6.11,0.658383429050446,0.527540028095245,0.151239052414894,0.175323858857155,3,0,1,0.757,41663.51231,32571193,33.79,1,1,10.6373810201906,17.2989388053811
"can",2007,28.23,22.11,6.11,0.662124395370483,0.527185916900635,0.154863774776459,0.182488828897476,0,0,0,0.759,42106.87244,32888886,29.9,1,1,10.6479662472032,17.3086453471143
"can",2008,28.23,22.11,6.11,0.673756957054138,0.539985477924347,0.16284866631031,0.199374988675117,0,0,0,0.753,42067.56871,33247298,36.25,1,1,10.6470323833767,17.3194840586062
"can",2009,28.23,22.11,6.11,0.671404182910919,0.554066359996796,0.159287825226784,0.212081134319305,0,0,0,0.753,40376.41538,33630069,43.67,1,1,10.6060011157619,17.3309311354539
"can",2010,28.24,22.13,6.12,0.675953984260559,0.558049082756042,0.179459095001221,0.243763968348503,0,0,0,0.755,41164.33991,34005902,44.07,1,1,10.6253276243799,17.342044655751
"can",2011,28.23,22.11,6.11,0.676992475986481,0.553600788116455,0.158704668283463,0.209311604499817,3.5,0,1,0.74,42043.64198,34339221,44.95,1,1,10.6464634525421,17.3517987282607
"can",2012,28.23,22.11,6.11,0.677854061126709,0.562353432178497,0.155339688062668,0.200612977147102,0,0,0,0.738,42320.64313,34713395,45.28,1,1,10.6530302632504,17.3626361934841
"can",2013,28.23,22.11,6.11,0.678914248943329,0.562410175800323,0.156577110290527,0.197454780340195,0,0,0,0.742,42851.17053,35080992,42.59,1,1,10.6654882405723,17.3731700032896
"can",2014,28.23,22.11,6.12,0.689110457897186,0.558836460113525,0.157063469290733,0.192569896578789,3,0,1,0.742,43643.23564,35434066,40.57,1,1,10.6838035811032,17.3831842317586
"che",1990,24.5,18,6.5,0.578984200954437,0.552439510822296,0.105170741677284,0.123129554092884,0,0,0,0.829,70063.85171,6715519,10.98,0,1,11.1571622725454,15.7199316746028
"che",1991,24.5,18,6.5,0.580475687980652,0.555279493331909,0.108476847410202,0.134480133652687,0,0,0,0.832,68559.93823,6799978,11.79,0,1,11.1354636523086,15.732429934847
"che",1992,24.5,18,6.5,0.565393030643463,0.55431467294693,0.103548809885979,0.129152372479439,0,0,0,0.83,67778.54754,6875364,14.06,0,1,11.1240010158963,15.7434551455699
"che",1993,24.5,18,6.5,0.546351730823517,0.582785069942474,0.100351005792618,0.119275890290737,0,0,0,0.834,67079.46439,6938265,16.55,0,1,11.1136332312601,15.7525623012278
"che",1994,24.5,18,6.5,0.550243258476257,0.567529261112213,0.11059658229351,0.131278991699219,0,0,0,0.834,67391.84442,6993795,17.73,0,1,11.1182792869084,15.760533885338
"che",1995,24.5,18,6.5,0.551183700561523,0.566838204860687,0.109211154282093,0.128546342253685,0,0,0,0.835,67264.91133,7040687,19.37,0,1,11.1163940026998,15.7672163086004
"che",1996,24.5,18,6.5,0.549878597259521,0.553969621658325,0.12153384834528,0.144239723682404,0,0,0,0.839,67284.10917,7071850,20.63,0,1,11.1166793684358,15.7716326726674
"che",1997,24.5,18,6.5,0.54678201675415,0.5477015376091,0.125555247068405,0.150152876973152,0,0,0,0.839,68640.07453,7088906,22.26,0,1,11.1366318199713,15.774041584769
"che",1998,24.5,18,6.5,0.545132100582123,0.522625386714935,0.130997255444527,0.154448270797729,0,0,0,0.839,70510.02564,7110001,24.32,0,1,11.1635101863494,15.7770129424264
"che",1999,24.5,18,6.5,0.536223709583282,0.54203999042511,0.130914479494095,0.14828921854496,0,0,0,0.838,71341.34287,7143991,22.48,0,1,11.1752312822569,15.7817821417392
"che",2000,24.5,18,6.5,0.540493488311768,0.510449826717377,0.13203153014183,0.149550095200539,1,0,0,0.836,73749.93895,7184250,22.15,0,1,11.2084354464051,15.7874016879132
"che",2001,24.5,18,6.5,0.562216877937317,0.542738318443298,0.131771042943001,0.150953367352486,0,0,0,0.836,74439.46376,7229854,21.69,0,1,11.2177415070763,15.7937294002934
"che",2002,24.5,18,6.5,0.535512626171112,0.553466320037842,0.12909346818924,0.148189336061478,0,0,0,0.837,73824.38492,7284753,24.93,0,1,11.2094443749824,15.8012940917518
"che",2003,25.5,18,7.5,0.559933662414551,0.542613387107849,0.127443954348564,0.151419222354889,1,0,0,0.841,73254.95299,7339001,24.94,0,1,11.2017011422043,15.8087132877855
"che",2004,25.5,18,7.5,0.556193113327026,0.541878759860992,0.123772092163563,0.145418956875801,0,0,0,0.841,74718.68363,7389625,24.81,0,1,11.221485455376,15.8155875473879
"che",2005,25.5,18,7.5,0.557094812393188,0.538320481777191,0.124751731753349,0.144172057509422,0,0,0,0.841,76282.98407,7437115,24.58,0,1,11.242205178902,15.8219935627903
"che",2006,25.5,18,7.5,0.559883832931519,0.533384919166565,0.130633965134621,0.145452409982681,0,0,0,0.841,78893.80782,7483934,21.75,0,1,11.2758580223853,15.8282691475238
"che",2007,25.5,18,7.5,0.562994062900543,0.538033485412598,0.137638106942177,0.149695917963982,0,0,0,0.842,81254.1701,7551117,19.5,0,1,11.3053374231826,15.837206057302
"che",2008,26.5,18,8.5,0.576474964618683,0.51896870136261,0.155219599604607,0.175112426280975,0,0,0,0.85,82481.06806,7647675,18.71,0,1,11.320324067928,15.8499122380406
"che",2009,26.5,18,8.5,0.572942614555359,0.531376242637634,0.153632625937462,0.1776312738657,0,0,0,0.85,79585.5217,7743831,17.57,0,1,11.2845874670979,15.8624070843533
"che",2010,26.5,18,8.5,0.575001060962677,0.524385511875153,0.152877554297447,0.179113030433655,0,0,0,0.85,81315.42283,7824909,16.67,0,1,11.3060909802506,15.8728226649299
"che",2011,26.5,18,8.5,0.576741337776184,0.527919709682465,0.154057413339615,0.179918050765991,0,0,0,0.852,81874.33624,7912398,16.39,0,1,11.3129408659123,15.8839414543562
"che",2012,26.5,18,8.5,0.587226212024689,0.532153248786926,0.150963366031647,0.181023329496384,0,0,0,0.862,81964.88649,7996861,16.37,0,1,11.3140462210002,15.8945596476449
"che",2013,26.5,18,8.5,0.590116858482361,0.530642032623291,0.145131558179855,0.179464071989059,0,0,0,0.861,82479.92157,8089346,16.01,0,1,11.3203101677932,15.906058445223
"che",2014,26.5,18,8.5,0.587791800498962,0.538017749786377,0.146467193961143,0.177894100546837,0,0,0,0.861,83394.37129,8188649,15.4,0,1,11.3313360955417,15.9182594849573
"chl",1990,2,2,0,NA,NA,NA,NA,0,0,0,0.63,5290.536948,13437176,49.9,1,0,8.57367502215879,16.4135357519336
"chl",1991,2,2,0,NA,NA,NA,NA,0,0,0,0.75,5606.865573,13662491,43.95,1,0,8.63174712098341,16.4301647527293
"chl",1992,3,3,0,NA,0.0693334490060806,NA,NA,0,0,0,0.75,6151.765465,13884577,35.86,1,0,8.72449438708425,16.4462892137289
"chl",1993,3,3,0,NA,0.0703348442912102,NA,NA,0,0,0,0.746,6461.732174,14102276,32.34,1,0,8.77365269922407,16.4618467607616
"chl",1994,3,3,0,NA,0.0680083557963371,NA,NA,0,0,0,0.783,6688.297177,14316256,28.85,1,0,8.80811458813741,16.4769062327981
"chl",1995,3,3,0,NA,0.073581300675869,NA,NA,0,0,0,0.783,7201.131004,14527381,22.15,1,0,8.88199337655665,16.4915457715366
"chl",1996,3,3,0,NA,0.0750468894839287,NA,NA,1,0,0,0.784,7605.28953,14734046,16.81,1,0,8.93659927497463,16.5056714282507
"chl",1997,3,3,0,NA,0.078833319246769,NA,NA,0,0,0,0.784,8058.942288,14932434,14.33,1,0,8.99453759711262,16.5190461836893
"chl",1998,3,3,0,NA,0.0837225317955017,NA,NA,0,0,0,0.786,8287.450611,15127799,14.6,1,0,9.02249767501935,16.5320446026113
"chl",1999,3,3,0,NA,0.0909191966056824,NA,NA,0,0,0,0.785,8161.451689,15319313,15.97,1,0,9.007177335199,16.5446248779292
"chl",2000,3,3,0,0.134650364518166,0.0838735401630402,0.345051765441895,0.542598068714142,0,0,0,0.81,8465.353033,15503635,15.49,1,0,9.04373699871828,16.5565850705239
"chl",2001,3,3,0,0.131650194525719,0.0855491161346436,0.347286492586136,0.527350008487701,0,0,0,0.811,8632.014824,15683849,14.35,1,0,9.06323322426736,16.568142014702
"chl",2002,3,3,0,0.132527261972427,0.0849940106272697,0.341803908348084,0.515200853347778,0,0,0,0.817,8810.690527,15857925,15.05,1,0,9.08372109576787,16.5791799333292
"chl",2003,3,3,0,0.132514417171478,0.0863386020064354,0.339423179626465,0.508592307567596,0,0,0,0.817,9130.784262,16024752,12.57,1,0,9.11940686935222,16.5896450848322
"chl",2004,3,3,0,0.125752106308937,0.0742074400186539,0.34301221370697,0.525133550167084,0,0,0,0.817,9642.374787,16187322,10.31,1,0,9.17392270446527,16.5997389012246
"chl",2005,3,3,0,0.129911959171295,0.0695215240120888,0.312396705150604,0.418759226799011,0,0,0,0.821,10104.42084,16348778,7.04,1,0,9.22072831399431,16.6096637124532
"chl",2006,3,3,0,0.125308081507683,0.0583284273743629,0.306418210268021,0.40326976776123,0,0,0,0.839,10611.6144,16509195,5.02,1,0,9.26970437837431,16.6194280563793
"chl",2007,4,4,0,0.124709688127041,0.0553878210484982,0.289402425289154,0.377859830856323,0,0,0,0.842,11051.34507,16671581,3.9,1,0,9.31030742532977,16.6292160912616
"chl",2008,4,4,0,0.0895070508122444,0.0503026507794857,0.347899228334427,0.472214370965958,0,0,0,0.841,11356.09221,16838988,4.92,1,0,9.33750963749649,16.6392074699608
"chl",2009,4,4,0,0.0980456322431564,0.0814035385847092,0.346805810928345,0.497065007686615,0,0,0,0.836,11116.40934,17009731,5.84,1,0,9.31617761458166,16.6492961500201
"chl",2010,4,4,0,0.117607764899731,0.0703531131148338,0.450317353010178,0.772689640522003,0,0,0,0.837,11649.28971,17181464,8.61,1,0,9.36300048803644,16.6593416862565
"chl",2011,4,4,0,0.118253566324711,0.0673074349761009,0.440873324871063,0.71893322467804,0,0,0,0.839,12252.84411,17351816,11.13,1,0,9.41351336126997,16.6692077274677
"chl",2012,4,4,0,0.128121629357338,0.0695401653647423,0.479780822992325,0.854838669300079,0,0,0,0.844,12882.83442,17519119,11.94,1,0,9.46365103911248,16.67880335682
"chl",2013,4,4,0,0.130868703126907,0.0755297690629959,0.499972879886627,0.920493602752686,0,0,0,0.846,13182.73296,17687006,12.78,1,0,9.486663143162,16.6883408036491
"chl",2014,5,5,0,0.138750091195107,0.0802997648715973,0.525490522384644,1.02073585987091,0,0,0,0.85,13285.95404,17864195,15.02,1,0,9.49446266893876,16.6983089882509
"chn",1990,19.01,18.51,0.5,NA,NA,NA,NA,0,0,0,0.065,917.2706618,1135185000,NA,NA,NA,6.82140258879254,20.8500614701922
"chn",1991,19.03,18.53,0.5,NA,NA,NA,NA,1,0,0,0.065,989.5485405,1150780000,NA,NA,NA,6.89724881942306,20.8637058102762
"chn",1992,19.05,18.55,0.5,NA,NA,NA,NA,0,0,0,0.065,1117.273295,1164970000,NA,NA,NA,7.01864643789828,20.8759611725595
"chn",1993,19.09,18.59,0.5,NA,NA,NA,NA,3.5,0.25,0.5,0.067,1258.349461,1178440000,NA,NA,NA,7.13755618962162,20.8874573668679
"chn",1994,14.45,13.95,0.5,NA,NA,NA,NA,3.5,0,1,0.067,1406.858457,1191835000,NA,NA,NA,7.24911445290683,20.8987599731895
"chn",1995,14.45,13.95,0.5,NA,NA,NA,NA,2.4,0,0.6,0.069,1545.194294,1204855000,NA,NA,NA,7.34290493805945,20.9096250646984
"chn",1996,14.47,13.97,0.5,NA,NA,NA,NA,3,0,1,0.068,1681.627435,1217550000,NA,NA,NA,7.42751731480882,20.9201064798396
"chn",1997,14.51,14,0.51,NA,NA,NA,NA,3,0,1,0.068,1819.097893,1230075000,NA,NA,NA,7.50609599400242,20.9303409800816
"chn",1998,14.51,14,0.51,NA,NA,NA,NA,2,0,0.5,0.069,1944.437197,1241935000,NA,NA,NA,7.5727278553113,20.9399364841445
"chn",1999,14.53,14.01,0.51,NA,NA,NA,NA,3,0,1,0.07,2076.818129,1252735000,NA,NA,NA,7.63859225576674,20.9485949980745
"chn",2000,14.55,14.04,0.51,NA,NA,NA,NA,3,0,1,0.07,2237.442985,1262645000,NA,NA,NA,7.7130889682601,20.956474564004
"chn",2001,14.55,14.04,0.51,NA,NA,NA,NA,3.25,0.25,1,0.071,2405.893967,1271850000,NA,NA,NA,7.78567682532244,20.9637383703824
"chn",2002,14.55,14.04,0.51,NA,NA,NA,NA,2.33333333333333,0,0.333333333333333,0.073,2610.729603,1280400000,NA,NA,NA,7.86738500263164,20.97043836606
"chn",2003,14.56,14.05,0.51,NA,NA,NA,NA,2.2,0,0.2,0.074,2857.037354,1288400000,NA,NA,NA,7.95754047669903,20.9766669754213
"chn",2004,14.56,14.05,0.51,NA,NA,NA,NA,2.5,0,0.25,0.073,3127.862765,1296075000,NA,NA,NA,8.04810522762091,20.9826063035724
"chn",2005,14.56,14.05,0.51,NA,NA,NA,NA,2.66666666666667,0,0.333333333333333,0.057,3465.817344,1303720000,NA,NA,NA,8.15070376952163,20.988487553468
"chn",2006,14.56,14.05,0.51,NA,NA,NA,NA,4,0,1,0.057,3883.354129,1311020000,NA,NA,NA,8.26445452541869,20.9940712971417
"chn",2007,14.56,14.05,0.51,NA,NA,NA,NA,2,0,0,0.057,4409.757008,1317885000,NA,NA,NA,8.39157486669606,20.9992940158057
"chn",2008,14.56,14.05,0.51,NA,NA,NA,NA,0,0,0,0.057,4811.474718,1324655000,NA,NA,NA,8.47875891028821,21.004417885122
"chn",2009,14.56,14.05,0.51,NA,NA,NA,NA,1.66666666666667,0,0.333333333333333,0.057,5237.766665,1331260000,NA,NA,NA,8.56365047749276,21.0093916991309
"chn",2010,14.56,14.05,0.51,NA,NA,NA,NA,2.4,0,0.4,0.057,5764.86535,1337705000,NA,NA,NA,8.65953707596899,21.0142212960177
"chn",2011,14.57,14.06,0.51,NA,NA,NA,NA,3,0,1,0.056,6275.909564,1345035000,NA,NA,NA,8.74447370393393,21.0196858719665
"chn",2012,14.57,14.06,0.51,NA,NA,NA,NA,2.75,0,0.75,0.056,6723.194438,1354190000,NA,NA,NA,8.81331868336571,21.0264693265549
"chn",2013,14.57,14.06,0.51,NA,NA,NA,NA,3.4,0,0.8,0.053,7198.068765,1363240000,NA,NA,NA,8.8815680419415,21.0331300563318
"chn",2014,14.56,14.05,0.51,NA,NA,NA,NA,2.625,0,0.875,0.052,7686.57793,1371860000,NA,NA,NA,8.94723096085587,21.0394333202273
"col",1990,13.75,10.07,3.68,NA,NA,NA,NA,0,0,0,0.316,3714.184993,32440069,16.62,1,0,8.2199145503114,17.2949049142129
"col",1991,14.42,14.34,0.08,NA,NA,NA,NA,0,0,0,0.39,3713.177275,33098372,14.83,1,0,8.21964319744888,17.3149946548477
"col",1992,14.42,14.34,0.08,NA,NA,NA,NA,0,0,0,0.428,3787.594292,33760571,16.45,1,0,8.23948634508529,17.3348041410561
"col",1993,14.78,14.7,0.08,NA,NA,NA,NA,0,0,0,0.427,3912.659084,34441473,14.32,1,0,8.27197249446908,17.354772006644
"col",1994,14.96,14.88,0.08,NA,NA,NA,NA,1,0,0,0.426,4059.321461,35127410,12.35,1,0,8.30877111079585,17.3744922953641
"col",1995,14.96,14.88,0.08,NA,NA,NA,NA,1,0,0,0.428,4189.727709,35804662,8.8,1,0,8.34039102488565,17.3935886663563
"col",1996,14.96,14.88,0.08,NA,NA,NA,NA,0,0,0,0.426,4198.691263,36462745,9.26,1,0,8.34252815166521,17.4118016123676
"col",1997,13.9,13.82,0.08,NA,NA,NA,NA,1,0,0,0.429,4265.693519,37121149,11.74,1,0,8.35836005374069,17.429697419067
"col",1998,13.9,13.82,0.08,0.370201349258423,0.163261979818344,0.369740605354309,0.590288102626801,0,0,0,0.423,4213.828005,37792165,13.68,1,0,8.34612677839116,17.4476123639731
"col",1999,13.9,13.82,0.08,0.373947769403458,0.167443379759789,0.386075288057327,0.73296719789505,0,0,0,0.417,3967.113399,38454863,20.31,1,0,8.28579400568681,17.4649957218613
"col",2000,13.9,13.82,0.08,0.386861443519592,0.166070640087128,0.367995917797089,0.59287416934967,1,0,0,0.426,4016.809517,39089934,26.45,1,0,8.29824321401663,17.4813755493564
"col",2001,13.9,13.82,0.08,NA,NA,NA,NA,4,0,0,0.422,4020.507898,39709262,31.05,1,0,8.29916351641856,17.4970950181954
"col",2002,13.96,13.88,0.08,NA,NA,NA,NA,0,0,0,0.414,4058.284936,40324680,37.11,1,0,8.30851573379063,17.5124742464202
"col",2003,13.96,13.88,0.08,0.27748829126358,0.207114890217781,0.676291823387146,1.34292948246002,1,0,0,0.421,4154.175285,40937429,36.63,1,0,8.3318692002237,17.5275553370071
"col",2004,13.96,13.88,0.08,NA,NA,0.52329158782959,0.700456082820892,0,0,0,0.424,4311.915913,41543171,34.97,1,0,8.36913761170296,17.5422437095604
"col",2005,14.06,13.98,0.08,NA,NA,0.434983611106873,0.617611587047577,1,0,0,0.428,4457.275375,42128977,32.71,1,0,8.4022929558708,17.5562463516761
"col",2006,14.06,13.98,0.08,NA,NA,0.43230676651001,0.666384696960449,2,0,0.5,0.449,4694.034429,42691084,31.03,1,0,8.45404771106664,17.5695006507753
"col",2007,14.16,14.08,0.08,NA,NA,0.374405562877655,0.762452483177185,4,0,0,0.461,4947.252608,43235374,27.22,1,0,8.50658767279043,17.5821695607382
"col",2008,14.16,14.08,0.08,0.284354776144028,0.173332542181015,0.548502802848816,0.9129279255867,3,0,1,0.462,5048.571872,43758808,26.13,1,0,8.52686068465085,17.5942034762189
"col",2009,14.19,14.08,0.1,0.312920331954956,0.176085725426674,0.48205554485321,0.909145057201386,2,0,0.5,0.465,5046.971218,44271541,28.88,1,0,8.52654358353026,17.6058526132283
"col",2010,14.19,14.08,0.1,0.328244298696518,0.184942021965981,0.484188050031662,0.916252195835114,3,0,1,0.498,5214.245476,44777319,29.52,1,0,8.55914967355399,17.6172122968647
"col",2011,14.19,14.08,0.1,0.349074214696884,0.155867099761963,0.46625229716301,0.913822829723358,0,0,0,0.539,5517.101109,45259614,29.09,1,0,8.61560783991255,17.6279256696313
"col",2012,14.19,14.08,0.1,0.375048249959946,0.204771757125854,0.747389912605286,1.25407922267914,0,0,0,0.54,5675.75618,45715810,27.33,1,0,8.64395908105003,17.6379547478968
"col",2013,14.19,14.08,0.1,0.311234802007675,0.187001883983612,0.626192390918732,1.35026812553406,3,0,0,0.537,5910.805923,46151584,29.57,1,0,8.684537467093,17.6474418411844
"col",2014,14.23,14.13,0.1,0.305519491434097,0.169867441058159,0.548282444477081,0.872704207897186,0,0,0,0.545,6121.83982,46565429,32.88,1,0,8.71961795451098,17.6563689568236
"cri",1990,1.06,1.06,0,NA,NA,NA,NA,0,0,0,0.838,6037.051117,3121706,18.54,0,0,8.70567094604565,14.9538902052196
"cri",1991,1.06,1.06,0,NA,NA,NA,NA,0,0,0,0.841,6018.682837,3202176,28.36,0,0,8.7026237165226,14.9793411366747
"cri",1992,1.06,1.06,0,NA,NA,NA,NA,0,0,0,0.841,6408.205315,3284258,23.32,0,0,8.76533452865314,15.0046513091969
"cri",1993,1.08,1.08,0,NA,NA,NA,NA,0,0,0,0.841,6693.490832,3367434,24.43,0,0,8.80889081553801,15.0296615879655
"cri",1994,1.08,1.08,0,NA,NA,NA,NA,0,0,0,0.841,6826.322734,3451122,26.97,0,0,8.82854140845446,15.0542099535271
"cri",1995,1.08,1.08,0,NA,NA,NA,NA,4,0,0,0.841,6940.837021,3535176,29.06,0,0,8.84517765444152,15.0782736439094
"cri",1996,0.08,0.08,0,NA,NA,NA,NA,0,0,0,0.84,6871.60941,3619013,33.69,0,0,8.83515362415586,15.101711894692
"cri",1997,0.08,0.08,0,NA,NA,NA,NA,0,0,0,0.835,7085.988343,3701711,30.56,0,0,8.86587464034927,15.124305703158
"cri",1998,0.08,0.08,0,NA,NA,NA,NA,3,0,1,0.841,7430.172411,3782838,40.69,0,0,8.91330434215321,15.145985079542
"cri",1999,0.08,0.08,0,NA,NA,NA,NA,0,0,0,0.841,7584.42137,3862101,38.98,0,0,8.93385160278173,15.1667218938814
"cri",2000,0.08,0.08,0,NA,NA,NA,NA,0,0,0,0.84,7726.519857,3937739,38.85,0,0,8.95241382765686,15.1861172586867
"cri",2001,0.08,0.08,0,NA,NA,NA,NA,0,0,0,0.841,7854.233958,4008947,39.64,0,0,8.96880802308237,15.2040391712828
"cri",2002,0.08,0.08,0,0.0288692768663168,0.0307265967130661,0.0535217300057411,0.0472232699394226,0,0,0,0.843,7989.559261,4075705,41.44,0,0,8.98589087591222,15.2205542958282
"cri",2003,0.08,0.08,0,0.0295251794159412,0.0317772477865219,0.0194931775331497,0.0186567157506943,0,0,0,0.843,8207.457468,4138784,40.57,0,0,9.01279846727277,15.2359125828506
"cri",2004,0.08,0.08,0,0.0344991013407707,0.0328320004045963,0.188240110874176,0.201174631714821,0,0,0,0.843,8445.529149,4200078,41,0,0,9.04139248553828,15.2506136545097
"cri",2005,0.08,0.08,0,0.0610697641968727,0.0332862250506878,0.488434791564941,0.933254182338715,0,0,0,0.839,8655.339654,4261240,37.32,0,0,9.06593171051447,15.2650707557023
"cri",2006,0.08,0.08,0,0.0358261987566948,0.0365602932870388,0.638847887516022,0.600628316402435,0,0,0,0.851,9160.294375,4321340,33.04,0,0,9.12263359416053,15.279076097308
"cri",2007,0.08,0.08,0,0.0387115105986595,0.0338812954723835,0.996446549892426,1.02533435821533,0,0,0,0.854,9779.511494,4380248,26.98,0,0,9.18804481229259,15.2926159017543
"cri",2008,0.08,0.08,0,0.0404561422765255,0.0352914519608021,0.225683555006981,0.274097710847855,0,0,0,0.854,10104.9092,4440056,24.01,0,0,9.22077664414668,15.3061775469415
"cri",2009,0.08,0.08,0,0.0404010973870754,0.0425201877951622,0.185693517327309,0.228893414139748,0,0,0,0.855,9883.67567,4499791,25.99,0,0,9.19863975293192,15.3195415092175
"cri",2010,0.08,0.08,0,0.0389369428157806,0.0431856997311115,0.144852861762047,0.174423903226852,1,0,1,0.857,10285.08567,4555962,28.08,0,0,9.23845013165859,15.3319472628647
"cri",2011,0.08,0.08,0,0.0387060754001141,0.0424145869910717,0.127485379576683,0.148280218243599,1,0,1,0.856,10612.46949,4609833,29.5,0,0,9.26978495570381,15.3437021887201
"cri",2012,0.08,0.08,0,0.0398574136197567,0.044719859957695,0.143077626824379,0.165000706911087,0,0,0,0.857,11001.51929,4663934,33.75,0,0,9.30578865951592,15.3553698559689
"cri",2013,0.08,0.08,0,0.0377031080424786,0.0464134998619556,0.0808911919593811,0.0859647020697594,0,0,0,0.853,11151.14379,4716147,35.09,0,0,9.31929735368987,15.3665027106371
"cri",2014,0.08,0.08,0,0.0403978377580643,0.0495677292346954,0.0959484428167343,0.106098160147667,0,0,0,0.854,11422.67358,4767119,37.48,0,0,9.34335556964501,15.3772526971647
"cub",1990,3.98,3.98,0,NA,NA,NA,NA,3,0,0,0.033,4961.457389,NA,NA,NA,NA,8.50945480498727,NA
"cub",1991,3.98,3.98,0,NA,NA,NA,NA,0,0,0,0.033,4395.454935,NA,NA,NA,NA,8.38832631670768,NA
"cub",1992,4.97,4.97,0,NA,NA,NA,NA,0,0,0,0.034,3861.874374,NA,NA,NA,NA,8.2589079337178,NA
"cub",1993,4.97,4.97,0,NA,NA,NA,NA,0,0,0,0.037,3270.550476,NA,NA,NA,NA,8.0927135910079,NA
"cub",1994,4.97,4.97,0,NA,NA,NA,NA,0,0,0,0.037,3280.384533,NA,NA,NA,NA,8.09571593017736,NA
"cub",1995,4.97,4.97,0,NA,NA,NA,NA,0,0,0,0.037,3348.887632,NA,NA,NA,NA,8.116383519529,NA
"cub",1996,4.97,4.97,0,NA,NA,NA,NA,4,0,1,0.038,3599.324986,NA,NA,NA,NA,8.18850160297426,NA
"cub",1997,4.97,4.97,0,NA,NA,NA,NA,0,0,0,0.038,3687.425304,NA,NA,NA,NA,8.21268374390054,NA
"cub",1998,4.97,4.97,0,NA,NA,NA,NA,0,0,0,0.039,3680.98418,NA,NA,NA,NA,8.21093543562461,NA
"cub",1999,4.97,4.97,0,NA,NA,NA,NA,0,0,0,0.04,3895.546433,NA,NA,NA,NA,8.26758923935075,NA
"cub",2000,4.97,4.97,0,NA,NA,NA,NA,0,0,0,0.04,4112.261684,NA,NA,NA,NA,8.32172844421518,NA
"cub",2001,4.97,4.97,0,NA,NA,NA,NA,0,0,0,0.041,4229.903094,NA,NA,NA,NA,8.34993436255805,NA
"cub",2002,4.97,4.97,0,NA,NA,NA,NA,0,0,0,0.041,4277.395656,NA,NA,NA,NA,8.36109961178092,NA
"cub",2003,4.97,4.97,0,NA,NA,NA,NA,0,0,0,0.04,4426.965996,NA,NA,NA,NA,8.39546975165453,NA
"cub",2004,4.97,4.97,0,NA,NA,NA,NA,0,0,0,0.04,4670.188021,NA,NA,NA,NA,8.44895461130858,NA
"cub",2005,4.97,4.97,0,NA,NA,NA,NA,0,0,0,0.041,5182.352836,NA,NA,NA,NA,8.55301444757294,NA
"cub",2006,4.97,4.97,0,NA,NA,NA,NA,0,0,0,0.041,5799.411637,NA,NA,NA,NA,8.66551174949238,NA
"cub",2007,4.97,4.97,0,NA,NA,NA,NA,0,0,0,0.041,6215.766037,NA,NA,NA,NA,8.73484425250386,NA
"cub",2008,4.97,4.97,0,NA,NA,NA,NA,0,0,0,0.039,6469.085078,NA,NA,NA,NA,8.77478996760382,NA
"cub",2009,4.97,4.97,0,NA,NA,NA,NA,0,0,0,0.05,6561.253051,NA,NA,NA,NA,8.78893687756926,NA
"cub",2010,4.97,4.97,0,NA,NA,NA,NA,0,0,0,0.05,6716.490485,NA,NA,NA,NA,8.8123210478416,NA
"cub",2011,4.97,4.97,0,NA,NA,NA,NA,0,0,0,0.051,6902.163976,NA,NA,NA,NA,8.83959026112711,NA
"cub",2012,4.97,4.97,0,NA,NA,NA,NA,0,0,0,0.052,7109.248342,NA,NA,NA,NA,8.86915179878395,NA
"cub",2013,4.97,4.97,0,NA,NA,NA,NA,0,0,0,0.057,7307.820044,NA,NA,NA,NA,8.89670029267364,NA
"cub",2014,4.97,4.97,0,NA,NA,NA,NA,0,0,0,0.057,7392.483246,NA,NA,NA,NA,8.90821898537303,NA
"cyp",1990,1,1,0,NA,NA,NA,NA,0,0,0,0.608,17144.46875,788351,NA,0,0,9.74943087870683,13.5776987011369
"cyp",1991,1,1,0,NA,NA,NA,NA,0,0,0,0.624,16829.91211,798944,NA,0,0,9.73091306494899,13.5910461346826
"cyp",1992,1,1,0,NA,NA,NA,NA,0,0,0,0.632,17928.54102,810341,NA,0,0,9.79414919240161,13.6052104257125
"cyp",1993,1,1,0,NA,NA,NA,NA,4,0.5,0,0.633,17623.28516,826034,NA,0,0,9.77697632706039,13.6243912138836
"cyp",1994,1,1,0,NA,NA,NA,NA,1,0,0,0.635,18281.02148,844667,NA,0,0,9.81361872309682,13.646697745828
"cyp",1995,1,1,0,NA,NA,NA,NA,1,0,0,0.634,19453.8457,862695,NA,0,0,9.87580005186714,13.6678164892904
"cyp",1996,1,1,0,NA,NA,NA,NA,4,1,1,0.635,19385.28711,880290,NA,0,0,9.87226966093164,13.6880066776208
"cyp",1997,1,1,0,NA,NA,NA,NA,4,1,1,0.636,19617.18555,897568,NA,0,0,9.88416127481747,13.7074441624912
"cyp",1998,1,1,0,NA,NA,NA,NA,4,1,1,0.629,20562.29688,914548,NA,0,0,9.93121442928265,13.7261852331338
"cyp",1999,1,1,0,NA,NA,NA,NA,4,1,1,0.632,21349.75,931234,NA,0,0,9.96879530898634,13.7442658673203
"cyp",2000,1,1,0,NA,NA,NA,NA,4,1,1,0.668,22383.96484,947667,86.93,0,0,10.0161001261392,13.7617584537061
"cyp",2001,1,1,0,NA,NA,NA,NA,4,1,1,0.678,23019.25,964127,89.05,0,0,10.0440861013802,13.778978307654
"cyp",2002,1,1,0,NA,NA,NA,NA,1,0,0,0.684,23604.18945,981440,94.02,0,0,10.0691794943269,13.796776159908
"cyp",2003,1,1,0,NA,NA,NA,NA,0,0,0,0.668,23930.7832,999590,95.51,0,0,10.0829209091592,13.8151004738913
"cyp",2004,1,1,0,NA,NA,NA,NA,0,0,0,0.704,24799.64844,1017875,97.13,0,0,10.1185847562461,13.8332276787694
"cyp",2005,1,1,0,NA,NA,NA,NA,0,0,0,0.704,25631.36719,1036151,97.85,0,0,10.1515721612831,13.8510234440764
"cyp",2006,1,1,0,NA,NA,NA,NA,0,0,0,0.713,26395.50391,1054418,91.68,0,0,10.1809489681912,13.8684995139048
"cyp",2007,1,1,0,NA,NA,NA,NA,0,0,0,0.724,27156.81836,1072714,84.88,0,0,10.2093834304808,13.8857024436796
"cyp",2008,1,1,0,NA,NA,NA,NA,0,0,0,0.723,27449.22656,1091026,77.32,0,0,10.2200932702201,13.9026290958786
"cyp",2009,1,1,0,NA,NA,NA,NA,0,0,0,0.722,26183.68555,1109371,89.09,0,0,10.1728918068666,13.9193037460056
"cyp",2010,1,1,0,NA,NA,NA,NA,0,0,0,0.734,26090.04883,1127816,92.46,0,0,10.1693092497273,13.9357935771672
"cyp",2011,1,1,0,NA,NA,NA,NA,1,0,1,0.734,25538.78125,1146493,102.87,0,0,10.147953409184,13.9522182757229
"cyp",2012,1,1,0,NA,NA,NA,NA,0,0,0,0.733,24285.49609,1165397,119.09,0,0,10.0976345824073,13.9685723594644
"cyp",2013,1,1,0,NA,NA,NA,NA,0,0,0,0.732,22711.71875,1183895,145.97,0,0,10.0306363147545,13.9843204080611
"cyp",2014,1,1,0,NA,NA,NA,NA,0,0,0,0.733,22373.57813,1201801,152.15,0,0,10.0156359938613,13.9993318229668
"cze",1993,0,0,0,NA,NA,NA,NA,0,0,0,0.819,10475.08491,10329855,13.24,NA,NA,9.25675485072407,16.1505488042112
"cze",1994,0,0,0,NA,NA,NA,NA,0,0,0,0.819,10775.94439,10333587,11.34,NA,NA,9.28507155753494,16.1509100218671
"cze",1995,0,0,0,NA,NA,NA,NA,0,0,0,0.819,11453.38002,10327253,12.39,NA,NA,9.34604016367323,16.1502968812399
"cze",1996,0,0,0,NA,NA,NA,NA,0,0,0,0.817,11944.71715,10315241,10.24,NA,NA,9.3880443801158,16.1491330682475
"cze",1997,0,0,0,NA,NA,NA,NA,0,0,0,0.816,11886.34809,10304131,10.8,NA,NA,9.38314580121207,16.1480554407548
"cze",1998,0,0,0,NA,NA,NA,NA,0,0,0,0.808,11850.83962,10294373,12.55,NA,NA,9.38015399806169,16.1471079932382
"cze",1999,0,0,0,NA,NA,NA,NA,3,0,1,0.801,12026.46881,10283860,13.92,NA,NA,9.39486523387645,16.1460862338952
"cze",2000,8.88,8.88,0,NA,NA,NA,NA,1.5,0,0,0.801,12543.93643,10255063,15.74,NA,NA,9.43699267481587,16.1432820928145
"cze",2001,8.88,8.88,0,NA,NA,NA,NA,0,0,0,0.801,12958.46676,10216605,21.4,NA,NA,9.46950465735206,16.1395248957711
"cze",2002,8.88,8.88,0,NA,NA,NA,NA,0,0,0,0.808,13179.98781,10196916,24.21,NA,NA,9.48645488316988,16.1375958795955
"cze",2003,9.76,9.76,0,NA,NA,NA,NA,0,0,0,0.814,13618.93496,10193998,26.38,NA,NA,9.51921637987652,16.1373096736883
"cze",2004,9.76,9.76,0,NA,NA,NA,NA,0,0,0,0.815,14259.63343,10197101,26.27,NA,NA,9.56518798746677,16.1376140221713
"cze",2005,9.76,9.76,0,NA,NA,NA,NA,0,0,0,0.816,15147.72144,10211216,25.53,NA,NA,9.6256053996263,16.1389972819718
"cze",2006,12.32,12.32,0,NA,NA,NA,NA,0,0,0,0.821,16107.30425,10238905,25.29,NA,NA,9.68702812821507,16.1417052382641
"cze",2007,12.32,12.32,0,NA,NA,NA,NA,0,0,0,0.824,16892.54285,10298828,25.19,NA,NA,9.73462755205179,16.1475406603179
"cze",2008,12.32,12.32,0,NA,NA,NA,NA,0,0,0,0.821,17190.64703,10384603,25.99,NA,NA,9.75212073757545,16.1558347863479
"cze",2009,12.32,12.32,0,NA,NA,NA,NA,0,0,0,0.813,16272.80848,10443936,31.01,NA,NA,9.69725080240313,16.161532080862
"cze",2010,12.32,12.32,0,NA,NA,NA,NA,0,0,0,0.805,16665.93178,10474410,34.3,NA,NA,9.72112190157004,16.1644456976038
"cze",2011,12.32,12.32,0,NA,NA,NA,NA,2,0,1,0.808,16926.28467,10496088,36.95,NA,NA,9.7366229985927,16.1665131742772
"cze",2012,12.32,12.32,0,NA,NA,NA,NA,0,0,0,0.814,16772.35392,10510785,41.23,NA,NA,9.72748720990441,16.1679124308346
"cze",2013,12.32,12.32,0,NA,NA,NA,NA,0,0,0,0.779,16759.78086,10514272,41.59,NA,NA,9.7267372987716,16.1682441302951
"cze",2014,12.32,12.32,0,NA,NA,NA,NA,0,0,0,0.766,17118.04256,10525347,39.14,NA,NA,9.74788830671022,16.1692969061104
"deu",1990,35.26,24.26,11,NA,0.485738813877106,NA,NA,0,0,0,0.853,29763.31247,79433029,23.17,1,1,10.3010317888686,18.1904248220884
"deu",1991,35.26,24.26,11,0.389236927032471,0.471156865358353,0.164582088589668,0.20770400762558,3,0,0,0.853,31056.59388,80013896,22.78,1,1,10.3435664281008,18.1977108775541
"deu",1992,35.26,24.26,11,0.389276802539825,0.474920272827148,0.14264003932476,0.177695870399475,4,0,1,0.853,31441.97435,80624598,24.82,1,1,10.3558990419633,18.2053143470213
"deu",1993,35.31,24.31,11,0.387937307357788,0.488146185874939,0.119356349110603,0.14685270190239,4,0,1,0.853,30932.01931,81156363,27.05,1,1,10.3395471500013,18.2118882592021
"deu",1994,35.31,24.31,11,0.382176011800766,0.480199605226517,0.099834032356739,0.121385306119919,4,0,1,0.853,31625.39397,81438348,28.76,1,1,10.3617156835016,18.2153568256884
"deu",1995,35.31,24.31,11,0.33079668879509,0.488203585147858,0.0833177343010902,0.100354067981243,4,0,1,0.853,32007.1454,81678051,35.44,1,1,10.3737144506055,18.2182958701256
"deu",1996,35.31,24.31,11,0.376854926347733,0.509469151496887,0.0906730592250824,0.108914382755756,4,0,1,0.854,32245.86084,81914831,37.21,1,1,10.3811449679403,18.2211906191202
"deu",1997,35.31,24.31,11,0.377381026744843,0.510717213153839,0.0898771584033966,0.107967227697372,0,0,0,0.854,32795.78335,82034771,37.7,1,1,10.3980552297057,18.2226537519358
"deu",1998,35.31,24.31,11,0.3737852871418,0.515599846839905,0.092084601521492,0.106891967356205,4,0,1,0.856,33477.98565,82047195,38.18,1,1,10.4186433570228,18.2228051884443
"deu",1999,35.31,24.31,11,0.374031692743301,0.508780241012573,0.0886622816324234,0.100570186972618,2.66666666666667,0,0.333333333333333,0.86,34168.83082,82100243,39.14,1,1,10.4390691279597,18.2234515342234
"deu",2000,35.26,24.26,11,0.374205678701401,0.505170404911041,0.0877096205949783,0.0989725738763809,1.5,0,0,0.86,35104.13085,82211508,38.27,1,1,10.4660740905635,18.2248058502273
"deu",2001,35.48,24.48,11,0.380695551633835,0.50055992603302,0.0791648477315903,0.09557044506073,3,0,1,0.86,35618.51437,82349925,36.45,1,1,10.4806208482254,18.2264881038407
"deu",2002,35.48,24.48,11,0.377223163843155,0.496515154838562,0.0798941031098366,0.0983972698450089,0,0,0,0.859,35477.51515,82488495,37.08,1,1,10.4766543987398,18.2281693870348
"deu",2003,35.48,24.48,11,0.374832421541214,0.491964042186737,0.0746884867548943,0.0922482088208199,0,0,0,0.857,35270.02273,82534176,38.93,1,1,10.4707886676869,18.2287230200706
"deu",2004,35.83,24.83,11,0.379968851804733,0.506587624549866,0.0816553384065628,0.098057709634304,0,0,0,0.857,35687.63787,82516260,39.77,1,1,10.4825596296483,18.2285059227941
"deu",2005,35.73,24.73,11,0.376538276672363,0.502486944198608,0.0902489125728607,0.106736369431019,0,0,0,0.859,36024.0947,82469422,41.17,1,1,10.491943290781,18.2279381401758
"deu",2006,35.73,24.73,11,0.381639778614044,0.509146809577942,0.0893877074122429,0.101311102509499,0,0,0,0.864,37459.26133,82376451,41,1,1,10.5310092569035,18.2268101651993
"deu",2007,36.02,25.02,11,0.385937124490738,0.506842076778412,0.0916877090930939,0.0981611907482147,0,0,0,0.864,38593.07499,82266372,39.35,1,1,10.5608281349539,18.2254729794733
"deu",2008,36.52,25.52,11,0.387197375297546,0.507732629776001,0.0812648311257362,0.0874443650245667,0,0,0,0.864,39009.84776,82110097,39.85,1,1,10.571569399904,18.2235715510264
"deu",2009,36.52,25.52,11,0.382903099060059,0.49453017115593,0.0942394807934761,0.110519044101238,0,0,0,0.862,36940.40787,81902307,44.03,1,1,10.5170612951108,18.2210377169247
"deu",2010,37.52,25.52,12,0.378780066967011,0.491057813167572,0.105080224573612,0.126141771674156,0,0,0,0.862,38526.7371,81776930,51.59,1,1,10.559107749373,18.2195057324554
"deu",2011,37.72,25.72,12,0.392255455255508,0.489836573600769,0.102644681930542,0.11760937422514,2,0,1,0.864,40722.48493,80274983,49.47,1,1,10.614535674166,18.2009685861678
"deu",2012,37.67,25.67,12,0.394516080617905,0.495196968317032,0.10030223429203,0.112632244825363,3,0,1,0.863,40834.50882,80425823,50.09,1,1,10.617282807313,18.2028458641735
"deu",2013,37.67,25.67,12,0.395498722791672,0.498506754636765,0.100360885262489,0.11238095164299,0,0,0,0.853,40884.89268,80645605,49.01,1,1,10.6185159016691,18.2055748663203
"deu",2014,37.67,25.67,12,0.398545145988464,0.500539362430573,0.0983096659183502,0.10948321968317,3,0,1,0.845,41602.46613,80982500,47.3,1,1,10.6359147264634,18.209743639912
"dnk",1990,12.25,12.1,0.15,NA,NA,NA,NA,0,0,0,0.88,39306.79392,5140939,61.45,NA,NA,10.5791526561989,15.4527463055714
"dnk",1991,12.25,12.1,0.15,NA,NA,NA,NA,0,0,0,0.881,39776.59618,5154298,62.31,NA,NA,10.5910339826334,15.4553414876926
"dnk",1992,12.25,12.1,0.15,NA,NA,NA,NA,3,0,1,0.881,40447.23283,5171370,66.73,NA,NA,10.6077535105051,15.4586482017097
"dnk",1993,12.25,12.1,0.15,NA,NA,NA,NA,0,0,0,0.881,40280.89359,5188628,78.43,NA,NA,10.6036325310452,15.4619798656663
"dnk",1994,12.25,12.1,0.15,NA,NA,NA,NA,0,0,0,0.881,42270.65209,5206180,75.61,NA,NA,10.6518483202221,15.4653569394287
"dnk",1995,12.25,12.1,0.15,NA,NA,NA,NA,0,0,0,0.88,43328.52934,5233373,74.35,NA,NA,10.6765665732394,15.4705665612395
"dnk",1996,12.25,12.1,0.15,NA,NA,NA,NA,0,0,0,0.88,44331.61996,5263074,72.54,NA,NA,10.6994534702702,15.4762258246589
"dnk",1997,12.25,12.1,0.15,NA,NA,NA,NA,0,0,0,0.88,45546.58962,5284991,67.94,NA,NA,10.7264910287545,15.4803814743522
"dnk",1998,12.25,12.1,0.15,NA,NA,NA,NA,4,0,1,0.879,46437.19211,5304219,62.83,NA,NA,10.7458559712363,15.4840130995882
"dnk",1999,12.25,12.1,0.15,NA,NA,NA,NA,2.5,0,0.5,0.878,47657.17319,5321799,59.52,NA,NA,10.771788436892,15.4873219620501
"dnk",2000,14.14,13.98,0.15,NA,NA,NA,NA,1.5,0,0,0.878,49266.98828,5339616,53.64,NA,NA,10.8050095268176,15.4906642982384
"dnk",2001,14.14,13.98,0.15,NA,NA,NA,NA,0,0,0,0.879,49557.151,5358783,50.63,NA,NA,10.810881848215,15.4942474550279
"dnk",2002,14.14,13.98,0.15,NA,NA,NA,NA,0,0,0,0.88,49624.59654,5375931,50.2,NA,NA,10.8122418877801,15.4974423262813
"dnk",2003,14.14,13.98,0.15,NA,NA,NA,NA,3,0,0,0.88,49708.09091,5390574,48.29,NA,NA,10.8139229938049,15.5001624307216
"dnk",2004,14.14,13.98,0.15,NA,NA,NA,NA,3,0,1,0.88,50956.30454,5404523,45.61,NA,NA,10.8387237707406,15.5027467535422
"dnk",2005,14.14,13.98,0.15,NA,NA,NA,NA,1,0,1,0.895,52015.18412,5419432,38.18,NA,NA,10.8592909572469,15.5055015708763
"dnk",2006,14.14,13.98,0.15,NA,NA,NA,NA,1,0,1,0.896,53823.15903,5437272,31.7,NA,NA,10.8934591187679,15.5087880224655
"dnk",2007,7.34,7.19,0.15,NA,NA,NA,NA,0,0,0,0.896,54113.97715,5461438,27,NA,NA,10.898847789137,15.5132226830087
"dnk",2008,7.34,7.19,0.15,NA,NA,NA,NA,0,0,0,0.895,53572.53466,5493621,31.09,NA,NA,10.8887918026708,15.5190981589113
"dnk",2009,7.34,7.19,0.15,NA,NA,NA,NA,0,0,0,0.895,50635.91181,5523095,36.28,NA,NA,10.8324163231089,15.5244489495321
"dnk",2010,7.34,7.19,0.15,NA,NA,NA,NA,0,0,0,0.895,51209.44928,5547683,38.12,NA,NA,10.8436793502492,15.5288909210772
"dnk",2011,7.34,7.19,0.15,NA,NA,NA,NA,3.33333333333333,0,1,0.894,51667.53132,5570572,40.99,NA,NA,10.852584842319,15.5330082996291
"dnk",2012,7.34,7.19,0.15,NA,NA,NA,NA,3,0,1,0.895,51470.68985,5591572,40.02,NA,NA,10.8487677955102,15.5367710220553
"dnk",2013,7.34,7.19,0.15,NA,NA,NA,NA,3,0,1,0.895,51970.39093,5614932,38.42,NA,NA,10.8584294301986,15.5409400356628
"dnk",2014,7.34,7.19,0.15,NA,NA,NA,NA,3,0,1,0.895,52368.3626,5643475,38.43,NA,NA,10.8660579207928,15.5460105684929
"dom",1990,4.73,3.23,1.5,NA,NA,NA,NA,0,0,0,0.216,2772.770656,7151166,NA,NA,NA,7.92760233610096,15.7827859782977
"dom",1991,4.73,3.23,1.5,NA,NA,NA,NA,0,0,0,0.203,2741.939081,7299853,NA,NA,NA,7.91642064288056,15.8033647689296
"dom",1992,4.73,3.23,1.5,NA,NA,NA,NA,0,0,0,0.203,2989.606302,7447474,NA,NA,NA,8.00289698614336,15.8233854724591
"dom",1993,4.73,3.23,1.5,NA,NA,NA,NA,0,0,0,0.201,3147.670603,7594572,NA,NA,NA,8.05441796715015,15.8429443395604
"dom",1994,4.73,3.23,1.5,NA,NA,NA,NA,4,0,1,0.196,3167.944941,7741694,NA,NA,NA,8.06083837304844,15.862131084668
"dom",1995,4.73,3.23,1.5,NA,NA,NA,NA,0,0,0,0.205,3286.361492,7888115,NA,NA,NA,8.09753630228487,15.8808677542658
"dom",1996,4.73,3.23,1.5,NA,NA,NA,NA,0,0,0,0.281,3419.506004,8032894,NA,NA,NA,8.13725137634886,15.8990554195006
"dom",1997,4.73,3.23,1.5,NA,NA,NA,NA,0,0,0,0.357,3659.50819,8174078,NA,NA,NA,8.20508404304944,15.9164784855125
"dom",1998,4.73,3.23,1.5,NA,NA,NA,NA,0,0,0,0.372,3840.871803,8310362,NA,NA,NA,8.25345465184515,15.9330137278564
"dom",1999,4.73,3.23,1.5,NA,NA,NA,NA,0,0,0,0.378,4004.198768,8446208,NA,NA,NA,8.29509878156061,15.9492281412152
"dom",2000,4.73,3.23,1.5,NA,NA,NA,NA,0,0,0,0.391,4123.105732,8584190,11.67,NA,NA,8.32436197681175,15.9654326972509
"dom",2001,3.22,1.72,1.5,NA,NA,NA,NA,0,0,0,0.391,4158.984303,8720283,13.78,NA,NA,8.33302616551122,15.981162249487
"dom",2002,3.22,1.72,1.5,NA,NA,NA,NA,0,0,0,0.388,4280.801824,8852235,14.75,NA,NA,8.36189561308559,15.9961805274735
"dom",2003,3.22,1.72,1.5,NA,NA,NA,NA,0,0,0,0.385,4162.666861,8980620,24.27,NA,NA,8.33391122021198,16.0105794802113
"dom",2004,3.22,1.72,1.5,NA,NA,NA,NA,3,0,0,0.379,4212.010441,9104892,26.73,NA,NA,8.34569535212069,16.024322409459
"dom",2005,3.22,1.72,1.5,NA,NA,NA,NA,0,0,0,0.383,4549.24957,9225034,17.48,NA,NA,8.42271756867227,16.0374314335209
"dom",2006,3.22,1.72,1.5,NA,NA,NA,NA,0,0,0,0.378,4904.717158,9341183,18.83,NA,NA,8.49795270632052,16.0499434617133
"dom",2007,3.42,1.92,1.5,NA,NA,NA,NA,0,0,0,0.376,5204.785007,9455658,16.58,NA,NA,8.55733367510473,16.0621238504613
"dom",2008,3.62,2.12,1.5,NA,NA,NA,NA,0,0,0,0.376,5308.92665,9573130,22.52,NA,NA,8.57714495632699,16.0744707736963
"dom",2009,3.62,2.12,1.5,NA,NA,NA,NA,0,0,0,0.377,5294.649534,9695265,26.89,NA,NA,8.57445206774299,16.0871481799625
"dom",2010,3.62,2.12,1.5,NA,NA,NA,NA,0,0,0,0.371,5666.456334,9820175,27.14,NA,NA,8.64231921615196,16.0999495009458
"dom",2011,3.62,2.12,1.5,NA,NA,NA,NA,0,0,0,0.364,5773.574035,9945621,28.32,NA,NA,8.66104658455383,16.1126429117596
"dom",2012,3.62,2.12,1.5,NA,NA,NA,NA,0,0,0,0.366,5860.298933,10070411,31.48,NA,NA,8.67595589372731,16.1251120781618
"dom",2013,3.62,2.12,1.5,NA,NA,NA,NA,0,0,0,0.354,6075.034,10193833,36.82,NA,NA,8.71194286490091,16.1372934875623
"dom",2014,3.62,2.12,1.5,NA,NA,NA,NA,0,0,0,0.352,6430.278111,10315528,35.28,NA,NA,8.76877306839585,16.1491608907683
"ecu",1990,7.99,7.99,0,NA,NA,NA,NA,0,0,0,0.467,3919.717581,10473673,59.34,NA,NA,8.27377488452583,16.16437533317
"ecu",1991,7.99,7.99,0,NA,NA,NA,NA,3,0,1,0.467,4000.568198,10702380,55.71,NA,NA,8.29419167951395,16.1859767046048
"ecu",1992,7.99,7.99,0,NA,NA,NA,NA,0,0,0,0.466,4000.031462,10930128,60.29,NA,NA,8.29405750557109,16.2070335709716
"ecu",1993,9.66,9.66,0,NA,NA,NA,NA,0,0,0,0.456,3996.993775,11154274,69.38,NA,NA,8.29329780129205,16.2273333008083
"ecu",1994,9.66,9.66,0,NA,NA,NA,NA,0,0,0,0.45,4087.34069,11372197,65.28,NA,NA,8.31564983952242,16.2466820748531
"ecu",1995,9.66,9.66,0,NA,NA,NA,NA,4,1.5,1,0.45,4100.687353,11590514,54.33,NA,NA,8.31890988571437,16.2656975629089
"ecu",1996,9.67,9.67,0,NA,NA,NA,NA,4,0,1,0.441,4093.841545,11810950,54.3,NA,NA,8.31723906127094,16.2845376252432
"ecu",1997,9.67,9.67,0,NA,NA,NA,NA,4,0,1,0.45,4192.855232,12031127,47.3,NA,NA,8.34113722045977,16.3030077660234
"ecu",1998,10.67,10.67,0,NA,NA,NA,NA,4,0,1,0.459,4252.043486,12251184,50.44,NA,NA,8.35515496659675,16.3211331433456
"ecu",1999,10.67,10.67,0,NA,NA,NA,NA,0,0,0,0.454,3979.192936,12470795,74.92,NA,NA,8.28883429781636,16.3389000686313
"ecu",2000,10.67,10.67,0,NA,NA,NA,NA,0,0,0,0.445,3953.398797,12689206,66.54,NA,NA,8.28233094285275,16.3562622687811
"ecu",2001,10.67,10.67,0,NA,NA,NA,NA,0,0,0,0.445,4049.000189,12910740,52.24,NA,NA,8.30622526271035,16.3735700810872
"ecu",2002,9.52,9.52,0,NA,NA,NA,NA,0,0,0,0.446,4174.897936,13138472,46.28,NA,NA,8.33684519051907,16.3910552781098
"ecu",2003,9.52,9.52,0,NA,NA,NA,NA,0,0,0,0.454,4220.212985,13372306,42.35,NA,NA,8.34764087613562,16.4086964098978
"ecu",2004,9.67,9.67,0,NA,NA,NA,NA,0,0,0,0.452,4430.23718,13608701,37.85,NA,NA,8.39620840110938,16.4262199255464
"ecu",2005,9.67,9.67,0,NA,NA,NA,NA,3,0,1,0.454,4589.328492,13846163,33.38,NA,NA,8.43148899431277,16.4435187125038
"ecu",2006,9.67,9.67,0,NA,NA,NA,NA,3,0,0,0.451,4706.980568,14086131,27.11,NA,NA,8.4568019130731,16.4607012542584
"ecu",2007,9.67,9.67,0,NA,NA,NA,NA,1,0,0,0.407,4715.303598,14328773,25.78,NA,NA,8.45856858281435,16.4777801715745
"ecu",2008,9.67,9.67,0,NA,NA,NA,NA,3,0,1,0.343,4939.90215,14575202,20.79,NA,NA,8.50510080229349,16.494832149453
"ecu",2009,9.67,9.67,0,NA,NA,NA,NA,3,0,1,0.329,4909.336817,14825954,15.54,NA,NA,8.49889414384531,16.5118898515365
"ecu",2010,9.67,9.67,0,NA,NA,NA,NA,0,0,0,0.309,5022.203744,15076695,18.18,NA,NA,8.5216241091853,16.5286607320678
"ecu",2011,9.7,9.7,0,NA,NA,NA,NA,0,0,0,0.304,5359.457246,15326227,17.32,NA,NA,8.58661798886307,16.5450761018344
"ecu",2012,9.7,9.7,0,NA,NA,NA,NA,0,0,0,0.306,5579.856243,15572194,20.13,NA,NA,8.62691829214026,16.5609974458933
"ecu",2013,9.7,9.7,0,NA,NA,NA,NA,4,0,1,0.265,5893.321727,15807128,22.57,NA,NA,8.68157507812113,16.575971535505
"ecu",2014,9.7,9.7,0,NA,NA,NA,NA,0,0,0,0.262,6055.041728,16035124,27.25,NA,NA,8.70864654745808,16.5902921241634
"esp",1990,32.69,20.75,11.94,NA,0.205284968018532,NA,NA,3,0,0,0.811,19174.77083,38867322,34.35,1,0,9.86135067466469,17.4756644041339
"esp",1991,32.69,20.75,11.94,NA,0.201090902090073,NA,NA,3,0,0,0.811,19612.9766,38966376,35.86,1,0,9.88394669757458,17.4782096783794
"esp",1992,32.69,20.75,11.94,NA,0.202919200062752,NA,NA,4,0,1,0.811,19698.51177,39157685,35.98,1,0,9.88829836720239,17.4831072574338
"esp",1993,32.69,20.75,11.94,NA,0.213672369718552,NA,NA,4,0,1,0.818,19394.49314,39361262,39.26,1,0,9.87274444599301,17.4882926926424
"esp",1994,32.69,20.75,11.94,NA,0.212093636393547,NA,NA,4,0,1,0.818,19762.38863,39549108,48.97,1,0,9.89153584608123,17.4930536981941
"esp",1995,32.71,20.76,11.95,0.326964944601059,0.214364051818848,0.55452436208725,1.38619458675385,3.5,0,1,0.818,20217.90319,39724050,51.39,1,0,9.91432378739509,17.4974673556895
"esp",1996,32.71,20.76,11.95,0.342559069395065,0.212348252534866,0.55975329875946,1.40803718566895,4,0,1,0.82,20658.84028,39889852,54.78,1,0,9.9358986075066,17.5016325136716
"esp",1997,33.65,21.7,11.95,0.352664589881897,0.25118425488472,0.520066738128662,1.1300060749054,0,0,0,0.82,21310.43119,40057389,53.75,1,0,9.96695195905032,17.5058237088437
"esp",1998,34,22.05,11.95,0.36352264881134,0.255369812250137,0.509864926338196,1.09379434585571,4,0,1,0.82,22135.4045,40223509,52.13,1,0,10.0049336192256,17.5099621836548
"esp",1999,34,22.05,11.95,0.38406965136528,0.259175330400467,0.526659488677979,1.14135706424713,2.5,0,0.5,0.82,23017.83877,40386875,50.96,1,0,10.0440247929857,17.51401541391
"esp",2000,34,22.05,11.95,0.403219401836395,0.25965428352356,0.525263130664825,1.17101943492889,1.5,0,0,0.817,24106.88185,40567864,48.61,1,0,10.0902526326579,17.5184867840554
"esp",2001,34,22.05,11.95,0.412555873394012,0.254954040050507,0.526489496231079,1.21995949745178,3,0,1,0.817,24878.37845,40850412,45.01,1,0,10.1217543698899,17.5254274648987
"esp",2002,35,22.05,12.95,0.449869364500046,0.31187891960144,0.491438031196594,1.03821325302124,3.5,0,0,0.817,25205.31548,41431558,42.89,1,0,10.1348101830026,17.5395534189463
"esp",2003,35,22.05,12.95,0.467600077390671,0.326373606920242,0.486909955739975,1.03026151657104,4,0,0,0.796,25481.16537,42187645,39.93,1,0,10.1456948452964,17.5576379636282
"esp",2004,35,22.05,12.95,0.464078456163406,0.338423073291779,0.496448010206223,0.993514001369476,0,0,0,0.808,25825.31065,42921895,38.59,1,0,10.1591103229571,17.5748926266626
"esp",2005,35,22.05,12.95,0.48321533203125,0.337270647287369,0.472141623497009,0.928635895252228,0,0,0,0.811,26294.44738,43653155,35.75,1,0,10.1771130696398,17.5917861171338
"esp",2006,35,22.05,12.95,0.489526927471161,0.341625034809113,0.472575753927231,0.895003199577332,0,0,0,0.812,26899.09215,44397319,32.48,1,0,10.1998478159498,17.6086896426965
"esp",2007,35.14,22.19,12.95,0.497370272874832,0.329012274742126,0.462224632501602,0.91566127538681,0,0,0,0.808,27338.79542,45226803,29.59,1,0,10.2160620500535,17.627200455781
"esp",2008,35.14,22.19,12.95,0.497594863176346,0.36325278878212,0.448187291622162,1.01223647594452,0,0,0,0.819,27112.52629,45954106,33.16,1,0,10.2077511247981,17.6431537607716
"esp",2009,35.14,22.19,12.95,0.493373453617096,0.418708115816116,0.478335976600647,1.1792414188385,0,0,0,0.821,25860.81426,46362946,45.45,1,0,10.1604841390691,17.6520111205773
"esp",2010,35.52,22.56,12.95,0.482707768678665,0.358551025390625,0.399567395448685,1.00395572185516,0,0,0,0.825,25766.25158,46576897,51.17,1,0,10.1568208363339,17.6566152036279
"esp",2011,35.52,22.56,12.95,0.461954712867737,0.382761687040329,0.281221985816956,0.646778106689453,4,0,1,0.821,25510.55797,46742697,58.37,1,0,10.1468476834956,17.6601685875926
"esp",2012,35.52,22.56,12.95,0.406716763973236,0.42854180932045,0.365646243095398,0.666705965995789,3,0,1,0.799,24763.56827,46773055,77.13,1,0,10.1171288307123,17.6608178472182
"esp",2013,35.52,22.56,12.95,0.424237877130508,0.368846654891968,0.433244407176971,0.846115410327911,3,0,1,0.778,24498.55595,46604197,87.55,1,0,10.1063694539794,17.657201159418
"esp",2014,35.52,22.56,12.95,0.430276304483414,0.361294895410538,0.416946709156036,0.808156311511993,1,0,1,0.774,24947.85125,46460733,91.17,1,0,10.1245429752264,17.6541180621946
"est",1992,0,0,0,NA,NA,NA,NA,4,0,0,0.384,6934.170666,1533091,NA,0,0,8.84421673886391,14.2427965168228
"est",1993,0,0,0,NA,NA,NA,NA,0,0,0,0.809,6706.560001,1494128,NA,0,0,8.81084143099563,14.2170533170424
"est",1994,0,0,0,NA,NA,NA,NA,0,0,0,0.797,6738.999144,1462514,NA,0,0,8.8156666979244,14.1956674306919
"est",1995,0,0,0,0.249688550829887,0.0120476465672255,0.874910891056061,7.39457845687866,0,0,0,0.802,7170.946077,1436634,NA,0,0,8.8777928742615,14.1778134353343
"est",1996,0,0,0,0.25789400935173,0.0215634740889072,0.815523326396942,5.94422292709351,0,0,0,0.804,7637.257083,1415594,NA,0,0,8.94079379714752,14.163059788959
"est",1997,0,0,0,0.262486457824707,0.0211256630718708,0.84204488992691,5.25464963912964,0,0,0,0.806,8732.990857,1399535,NA,0,0,9.07486318546483,14.1516505965567
"est",1998,0,0,0,0.239209726452827,0.0207900926470757,0.848369359970093,6.27899694442749,0,0,0,0.805,9199.935341,1386156,NA,0,0,9.12695173486026,14.1420450065108
"est",1999,0,0,0,0.23191986978054,0.0219915118068457,0.838255941867828,6.25487279891968,0,0,0,0.807,9133.895934,1390244,NA,0,0,9.11974760042407,14.14498982927
"est",2000,0,0,0,0.229633629322052,0.0241285134106874,0.818698525428772,5.62938022613525,1,0,0,0.808,10006.76963,1396985,3.33,0,0,9.21101710594009,14.1498269008873
"est",2001,0,0,0,0.276491761207581,0.0233013089746237,0.813688814640045,5.91830062866211,0,0,0,0.808,10662.9455,1388115,2.92,0,0,9.27452997287317,14.1434572696427
"est",2002,0,0,0,0.2781702876091,0.0217071454972029,0.781780481338501,4.79570770263672,0,0,0,0.811,11474.66227,1379350,3.47,0,0,9.34789660268734,14.1371229316785
"est",2003,0,0,0,0.276039749383926,0.0191924795508385,0.822522759437561,5.68016529083252,0,0,0,0.808,12424.04415,1370720,3.13,0,0,9.42738891842813,14.1308467071979
"est",2004,0,0,0,0.280999273061752,0.0178727451711893,0.784231007099152,5.46009016036987,0,0,0,0.811,13348.52845,1362550,2.82,0,0,9.49916142928837,14.1248685020939
"est",2005,0,0,0,0.279591828584671,0.0179627686738968,0.816380739212036,5.55254697799683,0,0,0,0.811,14703.61797,1354775,2.3,0,0,9.59584886289233,14.1191459468473
"est",2006,0,0,0,0.276783525943756,0.0154252201318741,0.839683592319489,5.95761728286743,0,0,0,0.811,16234.5152,1346810,2.09,0,0,9.69489482268055,14.1132493912489
"est",2007,0,0,0,0.277687191963196,0.0137991523370147,0.822326302528381,6.2759313583374,0,0,0,0.811,17543.46618,1340680,1.44,0,0,9.77243686213822,14.108687505898
"est",2008,0,0,0,0.272665441036224,0.0184009838849306,0.807051360607147,6.01520919799805,0,0,0,0.811,16688.99777,1337090,1.81,0,0,9.72250496512245,14.1060061687026
"est",2009,0,0,0,0.246999442577362,0.0190619342029095,0.814868688583374,5.67356824874878,0,0,0,0.814,14274.85111,1334515,4.25,0,0,9.56625460434723,14.1040784879284
"est",2010,0,0,0,0.245052471756935,0.022733885794878,0.857312202453613,5.17600011825562,0,0,0,0.829,14657.93981,1331475,4.5,0,0,9.59273743418728,14.1017979082431
"est",2011,0,0,0,0.2501140832901,0.0240657571703196,0.850961208343506,5.16126489639282,2,0,1,0.832,15820.92234,1327439,4.52,0,0,9.66908854177132,14.0987620800067
"est",2012,0,0,0,0.247858420014381,0.020589604973793,0.83028781414032,5.44070386886597,0,0,0,0.832,16460.68435,1322696,11.91,0,0,9.70873004991599,14.0951826358922
"est",2013,0,0,0,0.260483115911484,0.0175784770399332,0.797631859779358,5.41073369979858,1,0,1,0.834,16809.53267,1317997,11.96,0,0,9.72970142530235,14.091623717866
"est",2014,0,0,0,0.244262382388115,0.0163830537348986,0.840997993946075,5.33170413970947,1,0,1,0.838,17413.68676,1314545,11.87,0,0,9.76501177140089,14.089001156115
"fin",1990,2.39,2.35,0.04,NA,NA,NA,NA,0,0,0,0.819,31291.52226,4986431,9.98,NA,NA,10.3511024855275,15.4222309813674
"fin",1991,2.39,2.35,0.04,NA,NA,NA,NA,0,0,0,0.823,29290.9774,5013740,16.46,NA,NA,10.2850348090158,15.4276927015493
"fin",1992,2.39,2.35,0.04,NA,NA,NA,NA,0,0,0,0.822,28162.35123,5041992,33.22,NA,NA,10.24574130217,15.4333118000568
"fin",1993,8.36,8.32,0.04,NA,NA,NA,NA,0,0,0,0.831,27807.86147,5066447,48.3,NA,NA,10.2330740463928,15.4381503409454
"fin",1994,8.36,8.32,0.04,NA,NA,NA,NA,0,0,0,0.831,28785.91957,5088333,51.32,NA,NA,10.2676416427522,15.4424608299737
"fin",1995,8.36,8.32,0.04,NA,NA,NA,NA,0,0,0,0.832,29890.52433,5107790,51.3,NA,NA,10.3052967971114,15.4462773833082
"fin",1996,8.36,8.32,0.04,NA,NA,NA,NA,0,0,0,0.832,30883.83472,5124573,51.96,NA,NA,10.337988177776,15.4495577624445
"fin",1997,8.36,8.32,0.04,NA,NA,NA,NA,0,0,0,0.832,32762.11791,5139835,49.32,NA,NA,10.3970281851447,15.4525315357488
"fin",1998,8.36,8.32,0.04,NA,NA,NA,NA,0,0,0,0.832,34457.45559,5153498,44.11,NA,NA,10.4474806707337,15.4551862653731
"fin",1999,8.36,8.32,0.04,NA,NA,NA,NA,0,0,0,0.833,35886.49491,5165474,41.59,NA,NA,10.4881163173496,15.4575074278643
"fin",2000,8.36,8.32,0.04,NA,NA,NA,NA,1,0,0,0.834,37872.60203,5176209,45.14,NA,NA,10.5419832280681,15.4595834930185
"fin",2001,8.36,8.32,0.04,NA,NA,NA,NA,0,0,0,0.834,38784.13081,5188008,43.44,NA,NA,10.5657664422059,15.4618603664373
"fin",2002,8.36,8.32,0.04,NA,NA,NA,NA,0,0,0,0.834,39343.0699,5200598,42.64,NA,NA,10.5800751239773,15.4642841769397
"fin",2003,8.36,8.32,0.04,NA,NA,NA,NA,0,0,0,0.831,40038.98397,5213014,45.16,NA,NA,10.5976088577326,15.4666687493403
"fin",2004,8.36,8.32,0.04,NA,NA,NA,NA,0,0,0,0.83,41521.96287,5228172,44.94,NA,NA,10.6339777920113,15.4695722529555
"fin",2005,8.37,8.33,0.04,NA,NA,NA,NA,0,0,0,0.83,42529.35069,5246096,42.14,NA,NA,10.6579497210256,15.4729947388984
"fin",2006,8.37,8.33,0.04,NA,NA,NA,NA,0,0,0,0.842,44069.39588,5266268,40.22,NA,NA,10.6935208495506,15.4768325102615
"fin",2007,8.37,8.33,0.04,NA,NA,NA,NA,1,0,0,0.842,46213.6899,5288720,36,NA,NA,10.7410313513581,15.4810868085825
"fin",2008,8.37,8.33,0.04,NA,NA,NA,NA,1,0,0,0.842,46359.87328,5313399,34.72,NA,NA,10.7441895640591,15.4857423014275
"fin",2009,8.37,8.33,0.04,NA,NA,NA,NA,0,0,0,0.842,42412.51335,5338871,44.13,NA,NA,10.6551987238581,15.4905247653624
"fin",2010,7.11,7.07,0.04,NA,NA,NA,NA,0,0,0,0.842,43556.53858,5363352,50.11,NA,NA,10.6818151106205,15.495099710717
"fin",2011,7.11,7.07,0.04,NA,NA,NA,NA,1,0,1,0.843,44391.45357,5388272,52.02,NA,NA,10.7008022427301,15.499735297792
"fin",2012,7.11,7.07,0.04,NA,NA,NA,NA,0,0,0,0.844,43507.93454,5413971,57.86,NA,NA,10.6806986036617,15.5044933926588
"fin",2013,7.09,7.05,0.04,NA,NA,NA,NA,1,0,1,0.858,42883.6385,5438972,60.81,NA,NA,10.6662456452232,15.5091006303867
"fin",2014,7.09,7.05,0.04,NA,NA,NA,NA,3,0,1,0.858,42502.48802,5461512,64.81,NA,NA,10.6573178948461,15.5132362324619
"fra",1990,20.61,20.6,0.01,NA,NA,NA,NA,4,0.333333333333333,0.666666666666667,0.802,27992.97515,58261012,27.36,NA,NA,10.2397088701798,17.8804436797532
"fra",1991,20.61,20.6,0.01,NA,NA,NA,NA,3.66666666666667,0.333333333333333,0,0.802,28197.23595,58554242,27.98,NA,NA,10.2469792361649,17.8854640962802
"fra",1992,20.61,20.6,0.01,NA,NA,NA,NA,4,0,0.5,0.803,28482.51947,58846584,31.21,NA,NA,10.2570458261497,17.8904443441065
"fra",1993,20.61,20.6,0.01,NA,NA,NA,NA,3.4,0,0.4,0.798,28257.09625,59103094,36.62,NA,NA,10.2490998997207,17.8947938329519
"fra",1994,20.61,20.6,0.01,NA,NA,NA,NA,3.66666666666667,0,0.666666666666667,0.801,28822.50065,59324863,40.51,NA,NA,10.2689116336589,17.8985390509703
"fra",1995,20.61,20.6,0.01,NA,NA,NA,NA,4,0,1,0.798,29379.61584,59541294,45.86,NA,NA,10.2880563740808,17.9021806466043
"fra",1996,20.64,20.63,0.01,NA,NA,NA,NA,4,0,1,0.802,29683.77861,59754504,48.22,NA,NA,10.2983560008356,17.905755126688
"fra",1997,20.65,20.64,0.01,NA,NA,NA,NA,0,0,0,0.8,30325.52287,59968066,49.43,NA,NA,10.319744975873,17.9093227451666
"fra",1998,20.66,20.65,0.01,NA,NA,NA,NA,4,0,1,0.798,31256.50738,60190684,50.71,NA,NA,10.3499828696464,17.9130281474733
"fra",1999,20.66,20.65,0.01,NA,NA,NA,NA,2.66666666666667,0,0.333333333333333,0.798,32152.72075,60501986,50.64,NA,NA,10.3782523528347,17.9181867489086
"fra",2000,20.66,20.65,0.01,NA,NA,NA,NA,1.5,0,0,0.798,33255.13796,60918661,49.45,NA,NA,10.411964559259,17.9250501061042
"fra",2001,20.97,20.96,0.01,NA,NA,NA,NA,4,0,1,0.798,33640.6738,61364377,49.46,NA,NA,10.4234911436128,17.9323400455952
"fra",2002,20.97,20.96,0.01,NA,NA,NA,NA,0,0,0,0.801,33753.5783,61812142,51.62,NA,NA,10.4268417143843,17.9396103756216
"fra",2003,20.97,20.96,0.01,NA,NA,NA,NA,0,0,0,0.802,33840.61757,62249855,54.72,NA,NA,10.4294170632581,17.9466667639891
"fra",2004,20.97,20.96,0.01,NA,NA,NA,NA,3.5,0.5,1,0.802,34557.14711,62707588,54.61,NA,NA,10.4503696706102,17.9539930190144
"fra",2005,20.97,20.96,0.01,NA,NA,NA,NA,3.33333333333333,0.333333333333333,0.666666666666667,0.802,34946.03725,63180854,55.13,NA,NA,10.4615603578287,17.9615118701826
"fra",2006,20.97,20.96,0.01,NA,NA,NA,NA,0,0,0,0.802,35645.41624,63622342,52.25,NA,NA,10.4813758408577,17.9684752559309
"fra",2007,20.97,20.96,0.01,NA,NA,NA,NA,0,0,0,0.807,36322.16851,64016890,52.15,NA,NA,10.5001835366047,17.9746575127568
"fra",2008,20.97,20.96,0.01,NA,NA,NA,NA,0,0,0,0.816,36257.36589,64375116,56.32,NA,NA,10.4983978366066,17.9802377188883
"fra",2009,21.13,21.12,0.01,NA,NA,NA,NA,1,0,0,0.816,35052.85108,64706436,68.11,NA,NA,10.4646122323785,17.9853712290215
"fra",2010,21.52,21.51,0.01,NA,NA,NA,NA,0,0,0,0.816,35578.1968,65026211,69.33,NA,NA,10.4794882797782,17.9903009927319
"fra",2011,21.13,21.12,0.01,NA,NA,NA,NA,2.5,0,0.5,0.818,36269.95615,65340830,70.63,NA,NA,10.4987450232881,17.9951276668419
"fra",2012,21.14,21.13,0.01,NA,NA,NA,NA,0,0,0,0.82,36161.29183,65657659,73.21,NA,NA,10.4957445392551,17.9999648160363
"fra",2013,21.14,21.13,0.01,NA,NA,NA,NA,0,0,0,0.822,36256.08668,65997932,75.96,NA,NA,10.4983625546016,18.0051339661665
"fra",2014,21.27,21.26,0.01,NA,NA,NA,NA,3,0,1,0.821,36444.39491,66312067,77.38,NA,NA,10.5035429508523,18.0098824446282
"gbr",1990,6.32,6.19,0.13,NA,0.0658285766839981,NA,NA,5,1,0,0.742,30071.20856,57247586,27.22,1,0,10.311323466728,17.8628960335707
"gbr",1991,6.32,6.19,0.13,NA,0.0473764538764954,NA,NA,4.5,0.5,0,0.742,29590.90541,57424897,27.51,1,0,10.2952223434391,17.8659885128939
"gbr",1992,6.32,6.19,0.13,NA,0.0519604980945587,NA,NA,4,0,0.5,0.742,29893.07768,57580402,32.13,1,0,10.3053822168558,17.8686928247148
"gbr",1993,6.32,6.19,0.13,NA,0.0528642050921917,NA,NA,3.5,0,0.5,0.747,30862.41181,57718614,36.74,1,0,10.3372942761362,17.8710902791076
"gbr",1994,7.16,7.02,0.13,NA,0.049244049936533,NA,NA,3.66666666666667,0,0.666666666666667,0.751,32308.79527,57865745,39.45,1,0,10.3830947715248,17.8736361439762
"gbr",1995,7.14,7,0.13,0.259824335575104,0.0450632870197296,0.683439493179321,2.7602219581604,4,0,1,0.751,33362.01613,58019030,42.43,1,0,10.4151732901981,17.8762816181448
"gbr",1996,5.96,5.82,0.13,0.260649085044861,0.0458770431578159,0.69111293554306,2.64132642745972,4,0,0.666666666666667,0.751,34147.34591,58166950,42.62,1,0,10.4384401433843,17.878827881987
"gbr",1997,5.53,5.4,0.13,0.262405395507813,0.0462617911398411,0.668720841407776,2.49871635437012,5,2,1,0.746,35721.61059,58316954,42.35,1,0,10.4835111232797,17.8814034152198
"gbr",1998,5.01,4.88,0.13,0.263335883617401,0.0462023802101612,0.644669651985168,2.27649402618408,4.5,1,1,0.749,36773.92878,58487141,40.27,1,0,10.5125444160175,17.8843174760741
"gbr",1999,10.52,9.66,0.86,0.269163548946381,0.0469161607325077,0.653282165527344,2.29362320899963,3.25,0.5,0.75,0.77,37730.71556,58682466,38.93,1,0,10.5382297780581,17.8876515348959
"gbr",2000,11.61,10.5,1.11,0.283227384090424,0.0473722442984581,0.653721332550049,2.3390040397644,2.25,0.5,0.25,0.785,39297.13663,58892514,37.33,1,0,10.5789069359155,17.8912245437701
"gbr",2001,11.61,10.5,1.11,0.280230402946472,0.0500509925186634,0.648381769657135,2.26961660385132,4.5,1,1,0.792,40082.13594,59119673,34.61,1,0,10.598686026255,17.8950743034658
"gbr",2002,11.61,10.5,1.11,0.281558185815811,0.0534575693309307,0.666204214096069,2.36380839347839,3.5,1,1,0.793,40594.93293,59370479,35,1,0,10.6113985331213,17.8993076742621
"gbr",2003,11.11,10.18,0.92,0.28289258480072,0.0571357682347298,0.686273515224457,2.46695494651794,4.5,1,0.5,0.793,41706.83039,59647577,36.18,1,0,10.6384201926948,17.9039640853982
"gbr",2004,11.11,10.18,0.92,0.279207050800323,0.057096429169178,0.667742788791656,2.45868396759033,0,0,0,0.793,42434.8209,59987905,39.05,1,0,10.6557245518222,17.9096535165324
"gbr",2005,11.11,10.18,0.92,0.276059806346893,0.0564703829586506,0.664112746715546,2.44841694831848,0,0,0,0.8,43320.56287,60401206,40.16,1,0,10.6763826943361,17.9165196295931
"gbr",2006,11.11,10.18,0.92,0.281949430704117,0.0560145564377308,0.678873300552368,2.39499688148499,0,0,0,0.807,43944.99858,60846820,41.12,1,0,10.6906940986856,17.9238701163773
"gbr",2007,11.61,10.5,1.11,0.279971361160278,0.0557664185762405,0.672479271888733,2.3764910697937,0,0,0,0.807,44882.14131,61322463,42.19,1,0,10.7117952509568,17.9316567775018
"gbr",2008,11.61,10.5,1.11,0.27037987112999,0.0555154494941235,0.6679527759552,2.42200565338135,0,0,0,0.807,44508.28746,61806995,49.95,1,0,10.7034306858709,17.9395271037249
"gbr",2009,11.09,9.98,1.11,0.275032162666321,0.0637233480811119,0.665109992027283,2.5003080368042,0,0,0,0.807,42146.50959,62276270,64.05,1,0,10.6489071507485,17.9470910123209
"gbr",2010,11.09,9.98,1.11,0.268885582685471,0.0605011098086834,0.691518068313599,2.13586115837097,0,0,0,0.802,42762.72084,62766365,74.89,1,0,10.6634219936104,17.9549298987873
"gbr",2011,11.39,10.28,1.11,0.263658314943314,0.0582440234720707,0.685373187065125,2.54131841659546,3.5,0,1,0.801,42791.09343,63258810,80.47,1,0,10.6640852624847,17.9627449644097
"gbr",2012,7.84,6.73,1.11,0.251961380243301,0.0589393116533756,0.668839633464813,2.39342093467712,2,0,1,0.804,43136.70068,63711000,83.53,1,0,10.672129437649,17.9698677900925
"gbr",2013,7.84,6.73,1.11,0.252939015626907,0.0588383227586746,0.679769158363342,2.31983327865601,3,0,1,0.796,43585.19362,64139000,84.41,1,0,10.6824727757898,17.9765631612128
"gbr",2014,8.62,7.51,1.11,0.247172221541405,0.0586970821022987,0.692827999591827,2.29579043388367,3,0,1,0.794,44627.88183,64620000,86.16,1,0,10.7061140958203,17.9840345183606
"grc",1990,2,2,0,NA,NA,NA,NA,3,0,0,0.788,15438.7937,10196792,76.9,NA,NA,9.64463869228826,16.137583718982
"grc",1991,2,2,0,NA,NA,NA,NA,3,0,0,0.788,15727.47354,10319927,78.2,NA,NA,9.66316436903934,16.1495872443493
"grc",1992,2,2,0,NA,NA,NA,NA,4,0,1,0.789,15717.04638,10399061,83.95,NA,NA,9.66250115901681,16.1572260715738
"grc",1993,2,2,0,NA,NA,NA,NA,4,0,1,0.79,15374.86263,10460415,95.07,NA,NA,9.64048915800066,16.1631086907662
"grc",1994,10,10,0,NA,NA,NA,NA,4,0,0.666666666666667,0.792,15604.03399,10512922,100.64,NA,NA,9.65528474891179,16.1681157251449
"grc",1995,10,10,0,NA,NA,NA,NA,4,0,0.666666666666667,0.793,15857.41619,10562153,102.23,NA,NA,9.67139256829781,16.1727876980369
"grc",1996,10,10,0,NA,NA,NA,NA,3.66666666666667,0,1,0.797,16005.95116,10608800,105.66,NA,NA,9.68071587956659,16.1771944033455
"grc",1997,11,11,0,NA,NA,NA,NA,3,0,0.75,0.798,16501.03165,10661259,103.04,NA,NA,9.71117818217654,16.1821270747938
"grc",1998,11,11,0,NA,NA,NA,NA,3.33333333333333,0,1,0.798,16973.82937,10720509,100.71,NA,NA,9.73942798804596,16.187669193823
"grc",1999,11,11,0,NA,NA,NA,NA,2.5,0,0.75,0.798,17358.4347,10761698,100.39,NA,NA,9.76183381709836,16.1915039069392
"grc",2000,11,11,0,NA,NA,NA,NA,2.4,0,0.4,0.798,18002.90646,10805808,102.22,NA,NA,9.79828849384342,16.1955943253216
"grc",2001,11,11,0,NA,NA,NA,NA,3,0,1,0.802,18742.42358,10862132,98.85,NA,NA,9.83854487400463,16.2007931699612
"grc",2002,11,11,0,NA,NA,NA,NA,1.66666666666667,0,0.333333333333333,0.802,19548.36774,10902022,104.54,NA,NA,9.88064707036779,16.2044588345827
"grc",2003,11,11,0,NA,NA,NA,NA,3,0,1,0.802,20632.2557,10928070,102.13,NA,NA,9.93461094085391,16.2068452663359
"grc",2004,11,11,0,NA,NA,NA,NA,3,0,1,0.803,21688.1051,10955141,107.04,NA,NA,9.98451923716455,16.2093194017641
"grc",2005,11,11,0,NA,NA,NA,NA,3,0,1,0.804,21880.52658,10987314,110.6,NA,NA,9.99335232297392,16.2122518925046
"grc",2006,11,11,0,NA,NA,NA,NA,3,0,1,0.803,23220.53244,11020362,105.56,NA,NA,10.0527921852215,16.2152552105143
"grc",2007,11,11,0,NA,NA,NA,NA,3,0,0,0.805,23973.69361,11048473,104.4,NA,NA,10.0847124085903,16.2178027863337
"grc",2008,11,11,0,NA,NA,NA,NA,0,0,0,0.811,23923.88007,11077841,109.77,NA,NA,10.0826324051942,16.2204573647009
"grc",2009,11,11,0,NA,NA,NA,NA,0,0,0,0.812,22878.13466,11107017,127.4,NA,NA,10.0379369150723,16.2230876287144
"grc",2010,11,11,0,NA,NA,NA,NA,1,0,0,0.812,21547.72418,11121341,152.19,NA,NA,9.97802548345862,16.2243764330411
"grc",2011,9,9,0,NA,NA,NA,NA,3.5,0,1,0.814,19448.2558,11104899,180.85,NA,NA,9.87551266893291,16.2228969202671
"grc",2012,9,9,0,NA,NA,NA,NA,2,0,1,0.81,17924.66205,11045011,164.36,NA,NA,9.7939328117336,16.2174893907616
"grc",2013,9,9,0,NA,NA,NA,NA,3,0,1,0.801,17644.87666,10965211,180.49,NA,NA,9.77820074600276,16.210238182695
"grc",2014,9,9,0,NA,NA,NA,NA,3,0,1,0.804,17903.52524,10892413,184.09,NA,NA,9.79275291322068,16.2035770497947
"gtm",1990,1,1,0,NA,NA,NA,NA,0,0,0,0.205,2741.538134,9024773,47.25,0,0,7.9162744046507,16.0154839095123
"gtm",1991,1,1,0,NA,NA,NA,NA,0,0,0,0.208,2765.882135,9272584,34.34,0,0,7.92511489924158,16.0425726473504
"gtm",1992,1,1,0,NA,NA,NA,NA,0,0,0,0.208,2823.67213,9522266,30.06,0,0,7.94579349059807,16.0691434036541
"gtm",1993,1,1,0,NA,NA,NA,NA,3,0,1,0.216,2857.296289,9779761,26.67,0,0,7.95763110318896,16.0958256040846
"gtm",1994,1,1,0,NA,NA,NA,NA,0,0,0,0.229,2894.431168,10043718,23.69,0,0,7.97054388296337,16.1224579224019
"gtm",1995,1,1,0,NA,NA,NA,NA,3,0,1,0.24,2958.348405,10312996,21.01,0,0,7.99238642031042,16.1489154054381
"gtm",1996,1,1,0,NA,NA,NA,NA,0,0,0,0.261,2967.993579,10583526,19.22,0,0,7.99564144087523,16.1748091991936
"gtm",1997,1,1,0,NA,NA,NA,NA,3,0,1,0.282,3019.287233,10857754,18.46,0,0,8.01277606694994,16.2003900370848
"gtm",1998,1,1,0,NA,NA,NA,NA,0,0,0,0.284,3089.975952,11139145,18.96,0,0,8.03591858733724,16.2259760390691
"gtm",1999,1,1,0,NA,NA,NA,NA,0,0,0,0.291,3129.120772,11422965,21.99,0,0,8.04850734055904,16.2511363607177
"gtm",2000,1,1,0,NA,NA,NA,NA,2.5,0,1,0.362,3165.932375,11697592,20.65,0,0,8.06020288045288,16.27489356662
"gtm",2001,1,1,0,NA,NA,NA,NA,1,0,1,0.362,3166.203513,11969422,21.1,0,0,8.06028851917099,16.2978657889832
"gtm",2002,1,1,0,NA,NA,NA,NA,0,0,0,0.362,3213.268374,12246915,18.76,0,0,8.07504388317198,16.3207846265041
"gtm",2003,1,1,0,NA,NA,NA,NA,0,0,0,0.363,3222.154683,12525842,21.32,0,0,8.07780557096444,16.3433044282246
"gtm",2004,1,1,0,NA,NA,NA,NA,0,0,0,0.372,3250.20406,12807402,21.47,0,0,8.08647306104503,16.3655338429997
"gtm",2005,1,1,0,NA,NA,NA,NA,0,0,0,0.373,3284.809716,13087629,20.78,0,0,8.09706400412683,16.3871779908459
"gtm",2006,1,1,0,NA,NA,NA,NA,0,0,0,0.374,3388.150033,13367459,21.11,0,0,8.12803933843962,16.4083338786599
"gtm",2007,1,1,0,NA,NA,NA,NA,0,0,0,0.386,3527.778272,13652040,21,0,0,8.1684235670791,16.4293995189781
"gtm",2008,1,1,0,NA,NA,NA,NA,0,0,0,0.395,3569.928611,13935174,19.82,0,0,8.18030087765498,16.4499267053649
"gtm",2009,1,1,0,NA,NA,NA,NA,0,0,0,0.396,3516.192277,14215611,23.15,0,0,8.16513394360107,16.4698512849082
"gtm",2010,1,1,0,NA,NA,NA,NA,0,0,0,0.397,3546.625816,14500112,24.33,0,0,8.17375195611608,16.4896669314989
"gtm",2011,1,1,0,NA,NA,NA,NA,0,0,0,0.393,3621.374098,14792126,24.04,0,0,8.1946088178785,16.5096055701307
"gtm",2012,1,1,0,NA,NA,NA,NA,0,0,0,0.391,3655.573158,15089647,24.8,0,0,8.20400817466401,16.5295194374949
"gtm",2013,1,1,0,NA,NA,NA,NA,0,0,0,0.41,3717.304626,15387337,25.18,0,0,8.2207541217414,16.5490554564049
"gtm",2014,1,1,0,0.148572638630867,0.0373113229870796,0.706715226173401,2.35766911506653,0,0,0,0.412,3809.615876,15681725,24.79,0,0,8.24528364309057,16.5680065795907
"guy",1990,0,0,0,NA,NA,NA,NA,0,0,0,0.218,2377.217954,749894,305.29,NA,NA,7.77368615604686,13.5276871421907
"guy",1991,0,0,0,NA,NA,NA,NA,0,0,0,0.216,2528.080388,747861,265.26,NA,NA,7.8352155538118,13.5249724108113
"guy",1992,0,0,0,NA,NA,NA,NA,0,0,0,0.256,2716.75893,749911,316.16,NA,NA,7.90719487895329,13.5277098118044
"guy",1993,0,0,0,NA,NA,NA,NA,0,0,0,0.296,2926.936937,752965,280,NA,NA,7.98171174119159,13.5317740249581
"guy",1994,0,0,0,NA,NA,NA,NA,0,0,0,0.298,3164.667779,755822,236.16,NA,NA,8.05980336192824,13.5355611777036
"guy",1995,0,0,0,NA,NA,NA,NA,0,0,0,0.298,3312.649969,758388,210.63,NA,NA,8.10550374293003,13.538950407013
"guy",1996,0,0,0,NA,NA,NA,NA,0,0,0,0.298,3566.134994,760526,146.97,NA,NA,8.17923765356748,13.5417655781313
"guy",1997,0,0,0,NA,NA,NA,NA,0,0,0,0.304,3778.006529,762245,128.3,NA,NA,8.23695177622301,13.5440233053013
"guy",1998,0,0,0,NA,NA,NA,NA,0,0,0,0.336,3708.046371,763586,120.76,NA,NA,8.21826043227098,13.5457810364593
"guy",1999,0,0,0,NA,NA,NA,NA,3,0,0,0.337,3813.330576,764483,107.04,NA,NA,8.2462582531885,13.546955067348
"guy",2000,0,0,0,NA,NA,NA,NA,3,0,0,0.334,3759.607897,764832,110.99,NA,NA,8.23206994823335,13.5474114808482
"guy",2001,0,0,0,NA,NA,NA,NA,0,0,0,0.353,3847.094619,764477,100.63,NA,NA,8.25507349797881,13.5469472188758
"guy",2002,0,0,0,NA,NA,NA,NA,0,0,0,0.362,3894.871074,763652,105.08,NA,NA,8.26741585737191,13.545867466996
"guy",2003,0,0,0,NA,NA,NA,NA,0,0,0,0.372,3873.041237,763101,95.62,NA,NA,8.2617953267599,13.5451456737211
"guy",2004,0,0,0,NA,NA,NA,NA,0,0,0,0.372,3937.114353,762418,91.77,NA,NA,8.27820333624201,13.5442502406972
"guy",2005,0,0,0,NA,NA,NA,NA,0,0,0,0.372,3867.933082,760914,90.74,NA,NA,8.26047555600988,13.5422756212594
"guy",2006,0,0,0,NA,NA,NA,NA,0,0,0,0.369,4076.779817,758966,74.5,NA,NA,8.31306269522891,13.5397122595905
"guy",2007,0,0,0,NA,NA,NA,NA,0,0,0,0.366,4382.104497,756861,46.99,NA,NA,8.38528436674465,13.5369348960086
"guy",2008,0,0,0,NA,NA,NA,NA,0,0,0,0.366,4472.345179,754606,47.6,NA,NA,8.40566819857355,13.5339510377132
"guy",2009,0,0,0,NA,NA,NA,NA,0,0,0,0.369,4649.341448,752094,51.69,NA,NA,8.44448086446574,13.5306165951201
"guy",2010,0,0,0,NA,NA,NA,NA,0,0,0,0.369,4860.09111,749256,52.52,NA,NA,8.4888124636324,13.5268359931549
"guy",2011,0,0,0,NA,NA,NA,NA,0,0,0,0.369,5133.895398,746153,51.19,NA,NA,8.54361998685656,13.5226859519908
"guy",2012,0,0,0,NA,NA,NA,NA,0,0,0,0.369,5403.798994,746288,44.3,NA,NA,8.59485750260741,13.5228668636655
"guy",2013,0,0,0,NA,NA,NA,NA,1,0,0,0.386,5573.342179,750021,41.05,NA,NA,8.62575018511047,13.5278564851205
"guy",2014,0,0,0,NA,NA,NA,NA,0,0,0,0.385,5635.717041,754229,38.28,NA,NA,8.63687966611593,13.5334513144063
"hnd",1990,1,1,0,NA,NA,NA,NA,0,0,0,0.257,457.9810401,4980488,89.24,0,0,6.12682778609573,15.4210384361678
"hnd",1991,1,1,0,NA,NA,NA,NA,4,0,1,0.263,561.1255918,5123792,80.2,0,0,6.3299447517685,15.4494053478883
"hnd",1992,1,1,0,NA,NA,NA,NA,0,0,0,0.267,594.6890012,5271431,78.24,0,0,6.38803858183831,15.4778124206599
"hnd",1993,1,1,0,NA,NA,NA,NA,3,0,1,0.264,656.8698277,5423249,94.33,0,0,6.48748586749936,15.506205640314
"hnd",1994,1,1,0,NA,NA,NA,NA,0,0,0,0.286,823.791676,5579242,89.85,0,0,6.71391767755666,15.5345634828362
"hnd",1995,1,1,0,NA,NA,NA,NA,3,0,1,0.3,998.3565651,5739637,80.96,0,0,6.9061104921616,15.5629065258779
"hnd",1996,1,1,0,NA,NA,NA,NA,0,0,0,0.305,1193.388308,5903954,88.65,0,0,7.08455185782196,15.5911328539042
"hnd",1997,1,1,0,NA,NA,NA,NA,4,0,1,0.307,1420.731096,6071454,70.31,0,0,7.25892687444028,15.6191086730659
"hnd",1998,1,1,0,NA,NA,NA,NA,0,0,0,0.309,1543.757948,6234431,65.76,0,0,7.34197494886506,15.6455978739103
"hnd",1999,1,1,0,NA,NA,NA,NA,4,0,1,0.316,1677.779491,6400463,69.56,0,0,7.4252264665921,15.6718808894632
"hnd",2000,1,1,0,NA,NA,NA,NA,4,0,1,0.326,1789.477985,6577773,62.47,0,0,7.48967922781132,15.6992067961664
"hnd",2001,1,1,0,NA,NA,NA,NA,3,0,1,0.326,1789.18816,6757993,59.83,0,0,7.48951725405412,15.7262365104464
"hnd",2002,1,1,0,NA,NA,NA,NA,0,0,0,0.327,1807.973055,6938859,54.38,0,0,7.4999616376331,15.7526479097444
"hnd",2003,1,1,0,0.116398930549622,0.0661466047167778,0.677186548709869,1.94001722335815,0,0,0,0.333,1842.2975,7119213,58.11,0,0,7.51876871300314,15.778307743571
"hnd",2004,1,1,0,0.141521573066711,0.0630442798137665,0.551673352718353,1.49317038059235,0,0,0,0.333,1908.909501,7298994,58.09,0,0,7.55428741610648,15.803247088403
"hnd",2005,1,1,0,0.149266093969345,0.0542299672961235,0.666331589221954,2.19275045394897,0,0,0,0.331,1975.856479,7478355,43.89,0,0,7.58875724358496,15.8275234059787
"hnd",2006,1,1,0,0.138170912861824,0.038588110357523,0.508770346641541,1.5324342250824,0,0,0,0.312,2056.534915,7656832,28.32,0,0,7.62877776540139,15.8511088791467
"hnd",2007,1,1,0,0.0957030951976776,0.01537274569273,0.816994547843933,5.79550313949585,0,0,0,0.315,2134.195406,7834798,17.16,0,0,7.66584499561713,15.8740856516913
"hnd",2008,1,1,0,0.132640704512596,0.0381388664245605,0.667952537536621,2.10929226875305,0,0,0,0.323,2175.147094,8012587,20.08,0,0,7.6848515706613,15.8965242381864
"hnd",2009,1,1,0,0.10551493614912,0.046051561832428,0.470261752605438,1.19499397277832,0,0,0,0.283,2076.308599,8189899,23.87,0,0,7.63834688400906,15.9184121236409
"hnd",2010,1,1,0,0.100418038666248,0.0488294400274754,0.394213676452637,0.856637001037598,0,0,0,0.239,2108.473145,8365878,29.18,0,0,7.65371933656294,15.9396718480427
"hnd",2011,1,1,0,0.112941026687622,0.0437154099345207,0.487275540828705,1.26729381084442,1,0,0,0.248,2144.562655,8540583,31.59,0,0,7.67069092013074,15.9603398304136
"hnd",2012,1,1,0,0.0969706028699875,0.0397170335054398,0.496020883321762,1.22793126106262,0,0,0,0.24,2188.393788,8715076,35.34,0,0,7.6909231235821,15.9805649574949
"hnd",2013,1,1,0,0.10390205681324,0.0405387803912163,0.572818219661713,1.66234159469604,0,0,0,0.255,2205.401267,8889278,43.12,0,0,7.69866475182337,16.0003563893438
"hnd",2014,1,1,0,0.0838198438286781,0.0370139218866825,0.514766871929169,1.14846837520599,0,0,0,0.27,2229.247722,9063122,44.44,0,0,7.70941946314613,16.0197242102726
"hrv",1991,0,0,0,NA,NA,NA,NA,0,0,0,0.16,7842.552478,4689022,NA,0,0,8.96731963153113,15.3607345898927
"hrv",1992,0,0,0,NA,NA,NA,NA,4,3.5,0.5,0.18,7095.226959,4575818,NA,0,0,8.86717757766603,15.3362960385235
"hrv",1993,9.55,8.55,1,NA,NA,NA,NA,3.25,1.5,0.5,0.213,6490.83458,4600463,NA,0,0,8.77814639619171,15.3416675085681
"hrv",1994,9.55,8.55,1,NA,NA,NA,NA,4,3,1,0.214,6795.712494,4652024,NA,0,0,8.82404717671742,15.3528129516788
"hrv",1995,9.55,8.55,1,NA,0.115494973957539,NA,NA,1,0,0,0.219,7304.709285,4620030,23.39,0,0,8.89627452667831,15.3459117565433
"hrv",1996,9.55,8.55,1,NA,0.14031109213829,NA,NA,2.5,0,0,0.242,7857.992364,4557097,25.53,0,0,8.9692864283694,15.3321963559532
"hrv",1997,9.55,8.55,1,NA,0.138239458203316,NA,NA,3,0,0,0.259,8383.470543,4534920,24.61,0,0,9.03401725368409,15.3273180008025
"hrv",1998,9.55,8.55,1,NA,0.135338872671127,NA,NA,0,0,0,0.261,8577.506944,4532135,22.43,0,0,9.05689858429217,15.3267036888594
"hrv",1999,9.55,8.55,1,NA,0.133104294538498,NA,NA,0,0,0,0.272,8541.532604,4512597,28.29,0,0,9.05269573250797,15.3223833772371
"hrv",2000,9.55,8.55,1,NA,0.134807154536247,NA,NA,3,0,0,0.61,8880.269807,4468302,33.6,0,0,9.09158721919581,15.3125190286507
"hrv",2001,8.55,8.55,0,NA,0.143461838364601,NA,NA,0,0,0,0.622,9515.735698,4299642,34.84,0,0,9.16070209655205,15.2740423213839
"hrv",2002,9.55,9.55,0,NA,0.151630327105522,NA,NA,3,0,1,0.622,10062.03968,4302174,34.84,0,0,9.21652517459348,15.2746310342959
"hrv",2003,9.55,9.55,0,NA,0.157958552241325,NA,NA,0,0,0,0.624,10619.30782,4303399,36.32,0,0,9.27042911564733,15.2749157335271
"hrv",2004,9.55,9.55,0,NA,0.166784003376961,NA,NA,0,0,0,0.606,11059.09806,4304600,39.08,0,0,9.31100872202221,15.2751947763122
"hrv",2005,9.55,9.55,0,NA,0.165413573384285,NA,NA,1,0,0,0.635,11522.79052,4310145,40.13,0,0,9.35208213755518,15.2764821042054
"hrv",2006,9.55,9.55,0,NA,0.171695858240128,NA,NA,0,0,0,0.63,12104.04215,4311159,37.62,0,0,9.40129473778202,15.276717335443
"hrv",2007,9.55,9.55,0,NA,0.179862007498741,NA,NA,0,0,0,0.642,12717.9876,4310217,36.25,0,0,9.45077261683081,15.2764988088404
"hrv",2008,9.55,9.55,0,NA,0.183479115366936,NA,NA,0,0,0,0.638,12970.4377,4309705,38.12,0,0,9.47042802384978,15.2763800142618
"hrv",2009,9.55,9.55,0,NA,0.193033009767532,NA,NA,0,0,0,0.653,12099.55218,4305181,46.97,0,0,9.40092372098259,15.2753297390949
"hrv",2010,9.55,9.55,0,NA,0.180846720933914,NA,NA,0,0,0,0.73,11965.00493,4295427,55.48,0,0,9.38974141237749,15.2730615263867
"hrv",2011,9.55,9.55,0,NA,0.182241797447205,NA,NA,2,0,1,0.744,11993.07132,4280622,61.83,0,0,9.39208437201634,15.2696088841018
"hrv",2012,9.55,9.55,0,NA,0.18979611992836,NA,NA,0,0,0,0.744,11780.47428,4260368,67.57,0,0,9.37419871785521,15.2648660994911
"hrv",2013,9.55,9.55,0,NA,0.19552119076252,NA,NA,0,0,0,0.71,11838.21525,4233922,77.93,0,0,9.37908815805546,15.2586393082116
"hrv",2014,9.55,9.55,0,NA,0.195169746875763,NA,NA,0,0,0,0.704,11862.76095,4201598,81.55,0,0,9.38115944056875,15.2509754870814
"hti",1990,5.5,1,4.5,NA,NA,NA,NA,0,0,0,0.08,1627.312645,6854441,85.11,NA,NA,7.39468524917654,15.7404073213369
"hti",1991,5.5,1,4.5,NA,NA,NA,NA,0,0,0,0.166,1624.495989,6995450,80.69,NA,NA,7.3929528860387,15.760770495678
"hti",1992,5.5,1,4.5,NA,NA,NA,NA,0,0,0,0.083,1507.818729,7136571,118.86,NA,NA,7.31841933510913,15.780742966857
"hti",1993,5.5,1,4.5,NA,NA,NA,NA,3,0,0,0.089,1398.254646,7278181,98.02,NA,NA,7.24298005642101,15.8003915263146
"hti",1994,5.5,1,4.5,NA,NA,NA,NA,3,0,0,0.107,1207.660545,7419771,35.3,NA,NA,7.09644033321053,15.8196587521336
"hti",1995,5.5,1,4.5,NA,NA,NA,NA,0,0,0,0.238,1302.134912,7562546,26.23,NA,NA,7.17176043644805,15.8387184639474
"hti",1996,5.5,1,4.5,NA,NA,NA,NA,0,0,0,0.275,1330.540399,7707557,26.24,NA,NA,7.19334045372979,15.8577118341092
"hti",1997,5.5,1,4.5,NA,NA,NA,NA,0,0,0,0.287,1340.997021,7854298,26.23,NA,NA,7.2011686618027,15.87657145585
"hti",1998,5.5,1,4.5,NA,NA,NA,NA,0,0,0,0.288,1344.93904,8002143,24.01,NA,NA,7.20410396758873,15.895219938772
"hti",1999,5.5,1,4.5,NA,NA,NA,NA,0,0,0,0.282,1356.113446,8151296,24.15,NA,NA,7.21237812724274,15.9136874909799
"hti",2000,5.5,1,4.5,NA,NA,NA,NA,0,0,0,0.28,1342.894905,8303151,32.45,NA,NA,7.20258293955208,15.9321456392766
"hti",2001,5.5,1,4.5,NA,NA,NA,NA,0,0,0,0.27,1314.114197,8455918,28.75,NA,NA,7.18091810318305,15.9503771092288
"hti",2002,5.5,1,4.5,NA,NA,NA,NA,0,0,0,0.265,1304.529381,8607641,31.95,NA,NA,7.17359762712882,15.9681608551237
"hti",2003,5.5,1,4.5,NA,NA,NA,NA,0,0,0,0.259,1326.47161,8759912,37.79,NA,NA,7.19027777116256,15.9856964172
"hti",2004,5.5,1,4.5,NA,NA,NA,NA,1,0,0,0.108,1286.902821,8910263,30.45,NA,NA,7.15999369658673,16.0027143164075
"hti",2005,5.5,1,4.5,NA,NA,NA,NA,0,0,0,0.097,1304.333037,9061273,29.71,NA,NA,7.17344710635086,16.0195201758751
"hti",2006,5.5,1,4.5,NA,NA,NA,NA,0,0,0,0.211,1305.038138,9216562,32.16,NA,NA,7.17398754385084,16.0365126409613
"hti",2007,5.5,1,4.5,NA,NA,NA,NA,0,0,0,0.299,1343.611114,9373296,24.44,NA,NA,7.20311612951101,16.0533753533004
"hti",2008,5.5,1,4.5,NA,NA,NA,NA,0,0,0,0.301,1356.534001,9530774,33.92,NA,NA,7.21268819702629,16.0700364895413
"hti",2009,5.5,1,4.5,NA,NA,NA,NA,0,0,0,0.296,1412.896535,9689581,19.41,NA,NA,7.2533971563659,16.086561742478
"hti",2010,5.5,1,4.5,NA,NA,NA,NA,0,0,0,0.275,1317.583893,9803294,24.9,NA,NA,7.18355495428962,16.0982290096133
"hti",2011,5.5,1,4.5,NA,NA,NA,NA,0,0,0,0.262,1369.169213,9914904,22.29,NA,NA,7.2219594210103,16.1095496375896
"hti",2012,5.5,1,4.5,NA,NA,NA,NA,0,0,0,0.268,1354.885461,10069771,24.06,NA,NA,7.21147219911358,16.1250485236219
"hti",2013,5.5,1,4.5,NA,NA,NA,NA,0,0,0,0.262,1392.382047,10222362,25.11,NA,NA,7.23877126228909,16.1400882314967
"hti",2014,5.5,1,4.5,NA,NA,NA,NA,0,0,0,0.262,1411.768348,10373235,21.35,NA,NA,7.25259834510387,16.154739489127
"hun",1990,8.89,8.89,0,NA,0.112322002649307,NA,NA,0,0,0,0.715,8646.447544,10373988,63.32,0,0,9.06490382701537,16.1548120771548
"hun",1991,8.89,8.89,0,NA,0.0892121866345406,NA,NA,3,0,1,0.757,7618.640296,10373400,74.05,0,0,8.93835319391344,16.1547553953209
"hun",1992,8.89,8.89,0,NA,0.110829412937164,NA,NA,0,0,0,0.757,7388.082294,10369341,76.25,0,0,8.90762348013094,16.1543640294882
"hun",1993,8.89,8.89,0,NA,0.0880695879459381,NA,NA,0,0,0,0.757,7353.900207,10357523,86.33,0,0,8.90298609187521,16.1532236735443
"hun",1994,9.51,9.51,0,NA,0.0878198742866516,NA,NA,3,0,0,0.755,7581.001022,10343355,84.78,0,0,8.93340053086701,16.1518548425013
"hun",1995,9.13,9.13,0,0.231696933507919,0.102219440042973,0.638763129711151,1.71813917160034,3,0,0,0.756,7704.640902,10328965,83.24,0,0,8.94957814082777,16.1504626424653
"hun",1996,9.13,9.13,0,0.237605020403862,0.111422702670097,0.617459058761597,1.49142837524414,3,0,0,0.756,7725.699804,10311238,71.28,0,0,8.95230768717753,16.148744926379
"hun",1997,9.13,9.13,0,0.244623526930809,0.128613889217377,0.558123767375946,1.26795506477356,0,0,0,0.757,7971.805549,10290486,62.82,0,0,8.98366628928909,16.1467303370156
"hun",1998,9.13,9.13,0,0.245523244142532,0.140818566083908,0.527750492095947,1.17735767364502,0,0,0,0.754,8297.854195,10266570,60.57,0,0,9.02375222963697,16.144403543647
"hun",1999,10.13,10.13,0,0.247523233294487,0.144220888614655,0.519599556922913,1.08119225502014,3,0,1,0.75,8578.195064,10237530,60.54,0,0,9.05697880485092,16.1415709375421
"hun",2000,10.13,10.13,0,0.248430207371712,0.145554587244987,0.486722439527512,0.992822647094727,1.5,0,0,0.75,8979.735786,10210971,55.69,0,0,9.10272573836896,16.1389732884592
"hun",2001,10.13,10.13,0,0.24763548374176,0.15501806139946,0.512186706066132,1.02927982807159,0,0,0,0.75,9365.953932,10187576,52.13,0,0,9.14483647108949,16.1366794966261
"hun",2002,10.13,10.13,0,0.247805163264275,0.158619090914726,0.475470632314682,1.04239189624786,0,0,0,0.755,9836.940651,10158608,54.91,0,0,9.19390003225272,16.1338319828542
"hun",2003,10.13,10.13,0,0.264814287424088,0.170730620622635,0.530390679836273,1.15870845317841,0,0,0,0.759,10253.72392,10129552,57.34,0,0,9.23539622785401,16.1309676501729
"hun",2004,10.13,10.13,0,0.256443619728088,0.178250432014465,0.483196884393692,0.977584183216095,0,0,0,0.759,10786.4882,10107146,57.94,0,0,9.28604953725002,16.1287532563863
"hun",2005,10.13,10.13,0,0.254362404346466,0.175139859318733,0.486900240182877,1.0355110168457,0,0,0,0.754,11272.73454,10087065,59.25,0,0,9.33014221646602,16.126764467954
"hun",2006,10.13,10.13,0,0.244723811745644,0.176254525780678,0.473539590835571,1.02190411090851,0,0,0,0.742,11734.45447,10071370,62.6,0,0,9.37028461977379,16.1252073031074
"hun",2007,10.13,10.13,0,0.230129212141037,0.169012531638145,0.478231489658356,0.93412858247757,0,0,0,0.765,11791.70744,10055780,63.16,0,0,9.37515180408064,16.1236581515268
"hun",2008,10.13,10.13,0,0.229497283697128,0.0978926867246628,0.64621490240097,1.79580342769623,0,0,0,0.766,11929.72099,10038188,68.81,0,0,9.38678812755946,16.1219071778521
"hun",2009,10.13,10.13,0,0.233781948685646,0.100415378808975,0.611861824989319,1.72399139404297,0,0,0,0.766,11142.88593,10022650,74.54,0,0,9.31855654007462,16.1203580897126
"hun",2010,10.13,10.13,0,0.25292119383812,0.0953265726566315,0.620971620082855,2.00055885314941,0,0,0,0.677,11287.36867,10000023,75.72,0,0,9.33143956266309,16.1180979509557
"hun",2011,10.13,10.13,0,0.228966698050499,0.101036578416824,0.71862930059433,2.14619016647339,2,0,1,0.639,11536.3579,9971727,76.39,0,0,9.35325888366206,16.1152643465962
"hun",2012,10.13,10.13,0,0.181368678808212,0.0942154377698898,0.642745494842529,1.56097912788391,0,0,0,0.621,11440.76227,9920362,74.79,0,0,9.34493789470698,16.1100999705307
"hun",2013,8.13,8.13,0,0.148164451122284,0.0885671749711037,0.872961223125458,1.88238561153412,0,0,0,0.575,11729.57208,9872734,75.79,0,0,9.36986846016367,16.1052873740651
"hun",2014,8.13,8.13,0,0.15438237786293,0.0846295580267906,0.764522314071655,1.85891032218933,0,0,0,0.521,12287.37794,9833038,76.44,0,0,9.41632783073365,16.1012584982926
"idn",1990,5.95,5.95,0,NA,NA,NA,NA,4,0,1,0.057,1470.918223,183501098,37.1,1,0,7.29364212626208,19.0277312090922
"idn",1991,5.95,5.95,0,NA,NA,NA,NA,0,0,0,0.057,1544.995809,186778238,35.72,1,0,7.34277647670681,19.0454325780432
"idn",1992,5.95,5.95,0,NA,NA,NA,NA,0,0,0,0.052,1617.109549,190043744,35.25,1,0,7.38839560558161,19.0627648352045
"idn",1993,5.95,5.95,0,NA,NA,NA,NA,0,0,0,0.052,1693.107426,193305168,33.19,1,0,7.43432083316201,19.0797806794652
"idn",1994,5.95,5.95,0,NA,NA,NA,NA,0,0,0,0.052,1790.3273,196591828,32.14,1,0,7.49015373128194,19.0966401981807
"idn",1995,5.95,5.95,0,NA,NA,NA,NA,0,0,0,0.052,1905.542361,199888057,28.35,1,0,7.55252195097733,19.1132680528134
"idn",1996,5.95,5.95,0,NA,NA,NA,NA,3,0,0,0.051,2020.991481,203204348,23.42,1,0,7.61134350215476,19.1297226710775
"idn",1997,5.95,5.95,0,NA,NA,NA,NA,0,0,0,0.052,2081.841669,206536095,23.34,1,0,7.64100819873272,19.1459857492795
"idn",1998,5.95,5.95,0,NA,NA,NA,NA,0,0,0,0.117,1780.200495,209826788,62.54,1,0,7.48448127458344,19.1617929292837
"idn",1999,9.84,9.84,0,NA,NA,NA,NA,1,0,1,0.417,1767.514667,213004668,83.03,1,0,7.47732969589754,19.1768246389265
"idn",2000,9.84,9.84,0,NA,NA,NA,NA,0,0,0,0.505,1828.10266,216077790,87.44,1,0,7.51103391017461,19.1911490397029
"idn",2001,15.77,15.71,0.06,NA,NA,NA,NA,0,0,0,0.505,1868.591723,219097902,71.1,1,0,7.53294033682962,19.2050292289836
"idn",2002,15.77,15.71,0.06,NA,NA,NA,NA,0,0,0,0.512,1926.374359,222088495,61.83,1,0,7.56339494470615,19.2185864865324
"idn",2003,15.77,15.71,0.06,NA,NA,NA,NA,3,0,0.666666666666667,0.512,1991.918205,225048008,56.25,1,0,7.5968533755545,19.2318243062977
"idn",2004,20.75,19.69,1.06,NA,NA,NA,NA,4,0,1,0.528,2065.706175,227926649,52.04,1,0,7.63322742030119,19.2445344202451
"idn",2005,20.75,19.69,1.06,NA,NA,NA,NA,3.5,0,0.5,0.534,2155.447802,230871650,43.52,1,0,7.67575377770283,19.2573724863622
"idn",2006,20.75,19.69,1.06,NA,NA,NA,NA,0,0,0,0.534,2244.080223,233951652,35.85,1,0,7.71605101600357,19.2706250365895
"idn",2007,20.77,19.7,1.06,NA,NA,NA,NA,0,0,0,0.537,2355.152857,237062337,32.33,1,0,7.76436091177512,19.2838336898308
"idn",2008,20.78,19.7,1.08,NA,NA,NA,NA,2.5,0,0,0.545,2464.601934,240157903,30.23,1,0,7.80978558621523,19.2968071941324
"idn",2009,20.78,19.7,1.08,NA,NA,NA,NA,0,0,0,0.526,2546.219697,243220028,26.46,1,0,7.84236506643927,19.3094770566392
"idn",2010,20.78,19.7,1.08,NA,NA,NA,NA,0,0,0,0.539,2670.81291,246305322,24.43,1,0,7.89013816572971,19.3220824706527
"idn",2011,20.78,19.7,1.08,NA,NA,NA,NA,0,0,0,0.538,2799.624688,249470032,23.1,1,0,7.93724064717913,19.3348493537173
"idn",2012,20.78,19.7,1.08,NA,NA,NA,NA,0,0,0,0.534,2930.518445,252698525,22.95,1,0,7.98293463004443,19.3477077353806
"idn",2013,20.78,19.7,1.08,NA,NA,NA,NA,0,0,0,0.52,3055.24246,255852467,24.88,1,0,8.02461423343191,19.3601115355375
"idn",2014,20.78,19.7,1.08,NA,NA,NA,NA,3,0,1,0.512,3170.72103,258877399,24.68,1,0,8.0617142952662,19.3718651446578
"ind",1990,21.49,15.09,6.4,NA,NA,NA,NA,4,0,0,0.54,537.8702695,864972221,50.77,NA,NA,6.28761739632576,20.5782079499296
"ind",1991,21.18,14.78,6.4,NA,NA,NA,NA,4,1,1,0.561,531.8983978,883927600,50.11,NA,NA,6.27645248952339,20.5998857167954
"ind",1992,21.74,15.34,6.4,NA,NA,NA,NA,4,0,1,0.572,549.23507,902957070,42.83,NA,NA,6.30852652837365,20.6211855687229
"ind",1993,24.88,18.51,6.36,NA,NA,NA,NA,4,5,0,0.576,563.3728723,922118387,51.77,NA,NA,6.33394170430077,20.6421841756641
"ind",1994,32.88,26.39,6.49,NA,NA,NA,NA,4,5,0,0.582,588.7278922,941163767,49.73,NA,NA,6.3779640942222,20.6626277174764
"ind",1995,35.47,28.98,6.49,NA,NA,NA,NA,4,2.5,0,0.582,620.6999543,960301044,47.43,NA,NA,6.43084779979305,20.6827573807679
"ind",1996,33.7,27.21,6.49,NA,NA,NA,NA,3.5,2.5,0,0.588,654.3559284,979678458,45.66,NA,NA,6.48365143644364,20.7027349717093
"ind",1997,35.93,29.44,6.49,NA,NA,NA,NA,4,5,0,0.591,667.5984231,999133762,NA,NA,NA,6.50368682974175,20.7223992235455
"ind",1998,35.95,29.46,6.49,NA,NA,NA,NA,4,5,0,0.593,695.2937093,1018665080,55.84,NA,NA,6.54433435960252,20.7417588619897
"ind",1999,35.95,29.46,6.49,NA,NA,NA,NA,4,3.5,0,0.586,742.5392084,1038225823,56.29,NA,NA,6.6100756752086,20.7607791539049
"ind",2000,35.97,29.47,6.49,NA,NA,NA,NA,4,2,0,0.584,756.7041095,1057922733,56.57,NA,NA,6.62897230450375,20.7795731365247
"ind",2001,36.56,30.07,6.49,NA,NA,NA,NA,3.5,2,1,0.584,778.5073775,1077898575,58.01,NA,NA,6.65737846778663,20.798279218736
"ind",2002,36.6,30.11,6.49,NA,NA,NA,NA,4,1.66666666666667,1,0.587,793.6159129,1097600380,60.87,NA,NA,6.67659960730693,20.8163921611457
"ind",2003,36.69,30.2,6.49,NA,NA,NA,NA,3,1.66666666666667,0.666666666666667,0.583,841.2788946,1116803006,58.22,NA,NA,6.73492322759048,20.8337359815877
"ind",2004,36.71,30.21,6.49,NA,NA,NA,NA,3.75,0.25,0.5,0.578,892.5966146,1135991513,56.1,NA,NA,6.79413475944767,20.8507716862668
"ind",2005,35.75,29.26,6.49,NA,NA,NA,NA,4,0.333333333333333,1,0.573,947.7325656,1154676322,53.06,NA,NA,6.85407235865879,20.8670859009528
"ind",2006,36.88,30.38,6.49,NA,NA,NA,NA,4,1,1,0.569,1008.232753,1172878890,49.55,NA,NA,6.91595432773065,20.8827271532055
"ind",2007,36.87,30.38,6.49,NA,NA,NA,NA,3.5,0.5,1,0.569,1069.246968,1190676021,48.29,NA,NA,6.97470991147055,20.8977870676447
"ind",2008,36.9,30.41,6.49,NA,NA,NA,NA,3,0,0,0.569,1086.506053,1207930964,48.49,NA,NA,6.99072237078083,20.9121747858193
"ind",2009,36.5,30,6.49,NA,NA,NA,NA,3.5,0.5,0,0.539,1155.101633,1225524753,50.22,NA,NA,7.05194361302405,20.9266349590149
"ind",2010,36.93,30.44,6.49,NA,NA,NA,NA,4,1,0,0.532,1235.159391,1243481564,45.62,NA,NA,7.11895530227282,20.9411809952032
"ind",2011,36.95,30.45,6.49,NA,NA,NA,NA,4,0,0,0.532,1281.610544,1261224954,45.77,NA,NA,7.15587280349623,20.9553492713576
"ind",2012,36.9,30.4,6.49,NA,NA,NA,NA,4,0,0,0.525,1333.096266,1278674502,47.09,NA,NA,7.19525953512554,20.9690898330179
"ind",2013,36.48,29.99,6.49,NA,NA,NA,NA,2.33333333333333,0,0.333333333333333,0.522,1399.453798,1295829511,46.98,NA,NA,7.24383729519155,20.9824168760687
"ind",2014,36.25,29.76,6.49,NA,NA,NA,NA,3,0,1,0.488,1484.316407,1312277191,46.03,NA,NA,7.30270961326497,20.9950297787812
"irl",1990,1,1,0,NA,NA,NA,NA,0,0,0,0.76,23456.99936,3513974,86.3,NA,NA,10.0629242095087,15.0722581487263
"irl",1991,1,1,0,NA,NA,NA,NA,0,0,0,0.779,23772.56631,3534235,83.92,NA,NA,10.0762875187672,15.0780074265383
"irl",1992,1,1,0,NA,NA,NA,NA,0,0,0,0.782,24400.30644,3558430,81.79,NA,NA,10.1023509702188,15.0848299943182
"irl",1993,1,1,0,NA,NA,NA,NA,0,0,0,0.788,24932.37705,3576261,81.74,NA,NA,10.1239225209493,15.0898283991893
"irl",1994,3,3,0,NA,NA,NA,NA,0,0,0,0.788,26263.70918,3590386,NA,NA,NA,10.1759433861686,15.0937702755759
"irl",1995,3,3,0,NA,NA,NA,NA,0,0,0,0.789,28646.81762,3608841,77.38,NA,NA,10.2627976381373,15.0988972261291
"irl",1996,3,3,0,NA,NA,NA,NA,0,0,0,0.793,30518.40393,3637510,69.48,NA,NA,10.3260851881594,15.106809939599
"irl",1997,3,3,0,NA,NA,NA,NA,0,0,0,0.802,33543.9943,3674171,61.26,NA,NA,10.4206131189245,15.1168380869512
"irl",1998,3,3,0,NA,NA,NA,NA,0,0,0,0.804,36105.91848,3712696,51.11,NA,NA,10.4942120776976,15.1272688553123
"irl",1999,3,3,0,NA,NA,NA,NA,0,0,0,0.804,39460.47587,3754786,48.25,NA,NA,10.5830548390579,15.1385418508772
"irl",2000,3,3,0,NA,NA,NA,NA,1,0,0,0.809,42599.48039,3805174,38.92,NA,NA,10.6595973347652,15.1518722775359
"irl",2001,3,3,0,NA,NA,NA,NA,0,0,0,0.809,44151.1536,3866243,35.1,NA,NA,10.6953743347961,15.1677937924398
"irl",2002,3,3,0,NA,NA,NA,NA,0,0,0,0.807,45974.4882,3931947,32.56,NA,NA,10.7358419172735,15.1846452810129
"irl",2003,3,3,0,NA,NA,NA,NA,0,0,0,0.806,46594.86203,3996521,31.37,NA,NA,10.749245557168,15.2009347906322
"irl",2004,3,3,0,NA,NA,NA,NA,0,0,0,0.806,48856.32386,4070262,29.61,NA,NA,10.7966391037495,15.2192179288113
"irl",2005,3,3,0,NA,NA,NA,NA,0,0,0,0.806,50547.21237,4159914,28.82,NA,NA,10.830663076934,15.2410049589468
"irl",2006,3,3,0,NA,NA,NA,NA,0,0,0,0.806,51656.81949,4273591,26.09,NA,NA,10.8523774985525,15.2679650153828
"irl",2007,3,3,0,NA,NA,NA,NA,0,0,0,0.815,52849.69484,4398942,26.44,NA,NA,10.8752072172041,15.2968746154292
"irl",2008,3,3,0,NA,NA,NA,NA,0,0,0,0.82,49461.15943,4489544,45.1,NA,NA,10.8089429825718,15.3172616955409
"irl",2009,3,3,0,NA,NA,NA,NA,0,0,0,0.82,46466.37943,4535375,64.68,NA,NA,10.7464843070575,15.3274183283002
"irl",2010,3,3,0,NA,NA,NA,NA,0,0,0,0.82,46991.64647,4560155,89.66,NA,NA,10.7577251302147,15.332867172141
"irl",2011,3,3,0,NA,NA,NA,NA,0,0,0,0.821,47539.91817,4580084,113.02,NA,NA,10.7693250196254,15.3372278965335
"irl",2012,3,3,0,NA,NA,NA,NA,0,0,0,0.822,47147.16047,4599533,122.37,NA,NA,10.7610290629183,15.3414653345665
"irl",2013,3,3,0,NA,NA,NA,NA,0,0,0,0.823,47928.03465,4623816,121.07,NA,NA,10.7774558867229,15.3467308961551
"irl",2014,12,12,0,NA,NA,NA,NA,0,0,0,0.824,52044.62012,4657740,105.17,NA,NA,10.8598567088548,15.3540409099209
"isl",1990,0,0,0,NA,0.208090588450432,NA,NA,0,0,0,0.775,37302.80603,254826,31.32,0,0,10.5268238314887,12.4483362382907
"isl",1991,0,0,0,NA,0.220088914036751,NA,NA,0,0,0,0.776,36790.48682,257797,33.57,0,0,10.5129945804114,12.4599277324917
"isl",1992,0,0,0,NA,0.224601030349731,NA,NA,0,0,0,0.776,35105.28701,261057,39.55,0,0,10.4661070251764,12.4724940532656
"isl",1993,0,0,0,NA,0.220247432589531,NA,NA,0,0,0,0.776,35206.56646,263725,47.15,0,0,10.4689878913475,12.48266217255
"isl",1994,0,0,0,NA,0.214130729436874,NA,NA,0,0,0,0.776,36162.29112,266021,49.47,0,0,10.4957721731184,12.4913305320161
"isl",1995,0,0,0,NA,0.220963090658188,NA,NA,0,0,0,0.778,36008.58462,267468,51.46,0,0,10.4915126506774,12.4967552119942
"isl",1996,0,0,0,NA,0.215159922838211,NA,NA,0,0,0,0.783,37425.51427,268916,49.03,0,0,10.5301079505428,12.5021543421603
"isl",1997,0,0,0,NA,0.255223780870438,NA,NA,0,0,0,0.783,38657.27639,271128,45.28,0,0,10.5624902999443,12.5103463130749
"isl",1998,0,0,0,0.285749465227127,0.246316432952881,0.0852645859122276,0.099946990609169,3,0,1,0.783,40926.71581,274047,43.2,0,0,10.6195383270783,12.5210549035068
"isl",1999,0,0,0,0.281817317008972,0.237919598817825,0.09382414072752,0.107882037758827,3,0,1,0.781,42010.93762,277381,75.84,0,0,10.645685282886,12.5331472913664
"isl",2000,0,0,0,0.287375748157501,0.250204205513,0.0864394307136536,0.0975950062274933,1.5,0,0,0.78,43472.33699,281205,75.55,0,0,10.6798800835224,12.5468392196994
"isl",2001,0,0,0,0.289856642484665,0.271528452634811,0.0875213369727135,0.101560361683369,0,0,0,0.78,44545.98226,284968,82.72,0,0,10.7042772438713,12.5601321722451
"isl",2002,0,0,0,0.294044315814972,0.269786208868027,0.0757576674222946,0.0919575095176697,0,0,0,0.78,44389.55605,287523,80.48,0,0,10.7007594966517,12.5690581360197
"isl",2003,0,0,0,0.280981034040451,0.264940708875656,0.0890398696064949,0.104542501270771,0,0,0,0.781,45088.9226,289521,84.51,0,0,10.7163918766963,12.5759831122245
"isl",2004,0,0,0,0.291851758956909,0.25655272603035,0.0830171033740044,0.0968405082821846,0,0,0,0.782,48101.71163,292074,79,0,0,10.781073040284,12.5847624738013
"isl",2005,0,0,0,0.276714861392975,0.248059868812561,0.0927289202809334,0.101768538355827,0,0,0,0.781,50674.44113,296734,66.53,0,0,10.8331769427443,12.6005913935794
"isl",2006,0,0,0,0.291412115097046,0.262695461511612,0.0962432399392128,0.104200683534145,0,0,0,0.781,52306.12847,303782,69.68,0,0,10.8648688223468,12.6240656178822
"isl",2007,0,0,0,0.289334535598755,0.269971072673798,0.105980195105076,0.112930029630661,0,0,0,0.787,55457.36014,311566,67.48,0,0,10.923369718686,12.6493664727763
"isl",2008,0,0,0,0.206801027059555,0.279559046030045,0.0975874587893486,0.116026647388935,0,0,0,0.795,55360.8136,317414,107.96,0,0,10.9216272867154,12.6679621944823
"isl",2009,0,0,0,0.236074000597,0.299427658319473,0.0957216992974281,0.115030467510223,0,0,0,0.796,50581.08462,318499,124.76,0,0,10.8313329636477,12.671374614272
"isl",2010,0,0,0,0.252148985862732,0.288674861192703,0.106630101799965,0.128404021263123,0,0,0,0.799,49528.48646,318041,130,0,0,10.8103032670697,12.6699355842691
"isl",2011,0,0,0,0.244659930467606,0.300200670957565,0.104051813483238,0.119168199598789,2,0,1,0.795,50058.83025,319014,135.67,0,0,10.8209541977531,12.6729902679513
"isl",2012,0,0,0,0.263624340295792,0.293458729982376,0.096368171274662,0.111376129090786,0,0,0,0.794,50375.41169,320716,131.6,0,0,10.8272584717218,12.6783112753005
"isl",2013,0,0,0,0.276963353157043,0.296205788850784,0.100256107747555,0.115886077284813,0,0,0,0.775,51696.08765,323764,120.19,0,0,10.8531373835519,12.6877701343042
"isl",2014,0,0,0,0.283655017614365,0.270878911018372,0.0981398150324821,0.117247335612774,0,0,0,0.773,52102.57579,327386,114.85,0,0,10.8609696658668,12.6988951818564
"isr",1990,2,2,0,NA,0.0766225904226303,NA,NA,3.5,0,0.5,0.689,22395.11188,4660000,128.15,0,0,10.0165979943869,15.3545260061018
"isr",1991,2,2,0,NA,0.0731408074498177,NA,NA,3.33333333333333,0,0.666666666666667,0.69,22716.56688,4949000,114.33,0,0,10.0308497557837,15.414696093934
"isr",1992,2,2,0,NA,0.0705107748508453,NA,NA,0,0,0,0.683,23647.78243,5123000,110.5,0,0,10.0710246233504,15.4492507629213
"isr",1993,2,2,0,NA,0.0687211379408836,NA,NA,4,3,1,0.683,23975.46863,5261000,109.02,0,0,10.0847864461717,15.4758316807129
"isr",1994,2,2,0,NA,0.0679431855678558,NA,NA,4,3,1,0.694,25097.99013,5399000,101.32,0,0,10.1305430474117,15.5017243092004
"isr",1995,2,2,0,NA,0.0692729949951172,NA,NA,4,3,1,0.694,26050.72659,5545000,90.07,0,0,10.1678009389231,15.5284071787666
"isr",1996,2,2,0,NA,0.0726829618215561,NA,NA,4,3,1,0.695,26859.87746,5692000,88.67,0,0,10.1983889078926,15.5545722381919
"isr",1997,2,2,0,NA,0.0755162388086319,NA,NA,4,3,1,0.696,27143.456,5836000,87.39,0,0,10.2088912650018,15.5795561886248
"isr",1998,2,2,0,NA,0.0782177522778511,NA,NA,3.5,1.5,0.5,0.696,27620.65631,5971000,89.28,0,0,10.2263191888099,15.6024249755291
"isr",1999,2,2,0,NA,NA,NA,NA,4,3,1,0.696,27814.02606,6125000,84.04,0,0,10.2332957069763,15.6278893143951
"isr",2000,2,2,0,0.124713771045208,0.0790146216750145,0.379869669675827,0.600512087345123,4,3,1,0.693,29413.48946,6289000,74.93,0,0,10.2892086732688,15.6543126335256
"isr",2001,2,2,0,0.120814323425293,0.0797378942370415,0.391430109739304,0.637405872344971,4,3,1,0.688,28808.13001,6439000,78.83,0,0,10.268412918301,15.6778838065203
"isr",2002,2,2,0,0.11296834051609,0.0835013166069984,0.370327055454254,0.616915225982666,2,1,0.333333333333333,0.689,28195.86764,6570000,84.91,0,0,10.2469307085999,15.6980243904608
"isr",2003,2,2,0,0.124167770147324,0.0862257331609726,0.357005327939987,0.603333830833435,3.8,0.6,0.6,0.683,28092.61763,6689700,87.31,0,0,10.2432621030119,15.7160795880496
"isr",2004,2,2,0,0.118364542722702,0.0921437591314316,0.364923626184464,0.535885393619537,4,1.5,0.5,0.683,28883.24759,6809000,86.15,0,0,10.2710170378619,15.7337558244651
"isr",2005,2,2,0,0.116245649755001,0.0912023112177849,0.357616126537323,0.506917715072632,4,3,1,0.683,29623.71728,6930100,83.31,0,0,10.2963305789346,15.7513848010764
"isr",2006,2,2,0,0.115778975188732,0.0883414447307587,0.322691977024078,0.448961675167084,3.75,1,0.75,0.687,30734.96198,7053700,75.67,0,0,10.3331561123142,15.7690628598122
"isr",2007,2,2,0,0.118435487151146,0.0946904942393303,0.316173136234283,0.43947246670723,4,0.5,1,0.684,32103.16286,7180100,68.97,0,0,10.3767098357284,15.786823868504
"isr",2008,2,2,0,0.119142062962055,0.102937616407871,0.299133747816086,0.420832723379135,4,1,1,0.684,32554.04132,7308800,68.68,0,0,10.3906567972263,15.8045896595637
"isr",2009,2,2,0,0.115226902067661,0.111489847302437,0.290324538946152,0.398734539747238,4,0.5,0.5,0.68,32178.57274,7485600,71.02,0,0,10.37905606717,15.8284917329438
"isr",2010,2,2,0,0.118800722062588,0.11018530279398,0.296623915433884,0.396019697189331,3.5,0.5,1,0.675,33344.72133,7623600,67.57,0,0,10.4146547578565,15.8467592570426
"isr",2011,2,2,0,0.120464913547039,0.109525576233864,0.312003701925278,0.424325406551361,3.8,0.2,1,0.675,34540.67498,7765800,65.82,0,0,10.44989289349,15.8652400356586
"isr",2012,2,2,0,0.1230154260993,0.108501598238945,0.304456532001495,0.438890844583511,3,0.333333333333333,1,0.675,34738.6587,7910500,65.52,0,0,10.4556084293779,15.8837015488713
"isr",2013,2,2,0,0.125327885150909,0.103902198374271,0.29932713508606,0.450884193181992,3.5,0.5,0.5,0.655,35489.50866,8059500,64.58,0,0,10.4769924010815,15.9023620778191
"isr",2014,2,2,0,0.125963881611824,0.102984972298145,0.309610158205032,0.4511479139328,4,0.5,0.5,0.654,36129.31461,8215700,63.54,0,0,10.4948598538538,15.9215575158051
"ita",1990,19.71,18.19,1.52,NA,NA,NA,NA,5,1,0,0.732,27625.17923,56719240,93.81,NA,NA,10.2264829267628,17.8536240409446
"ita",1991,19.71,18.19,1.52,NA,NA,NA,NA,5,1,0,0.738,28030.76538,56758521,96.41,NA,NA,10.2410579495299,17.8543163528342
"ita",1992,19.71,18.19,1.52,NA,NA,NA,NA,4,0,1,0.747,28245.42711,56797087,103.07,NA,NA,10.2486868512595,17.854995597165
"ita",1993,20.69,19.17,1.52,NA,NA,NA,NA,4,0,1,0.749,27987.4329,56831821,112.88,NA,NA,10.2395108634053,17.855606955695
"ita",1994,20.69,19.17,1.52,NA,NA,NA,NA,4,0,1,0.743,28583.62553,56843400,119.91,NA,NA,10.2605892989317,17.8558106764345
"ita",1995,20.69,19.17,1.52,NA,NA,NA,NA,4,0,1,0.744,29408.32096,56844303,117.43,NA,NA,10.2890329391329,17.8558265620576
"ita",1996,20.69,19.17,1.52,NA,NA,NA,NA,4,0,1,0.75,29795.65978,56860281,117.41,NA,NA,10.3021180169198,17.8561076061376
"ita",1997,20.69,19.17,1.52,NA,NA,NA,NA,0,0,0,0.758,30353.37782,56890372,114.76,NA,NA,10.3206630858466,17.8566366756402
"ita",1998,22.73,21.2,1.52,NA,NA,NA,NA,4,0,1,0.758,30892.17587,56906744,112.04,NA,NA,10.3382582227326,17.856924415799
"ita",1999,22.73,21.2,1.52,NA,NA,NA,NA,2.66666666666667,0,0.333333333333333,0.758,31405.2609,56916317,110.43,NA,NA,10.3547307024483,17.8570926242436
"ita",2000,22.73,21.2,1.52,NA,NA,NA,NA,2,0,0,0.756,32609.66746,56942108,105.67,NA,NA,10.3923640712459,17.857545660555
"ita",2001,27.27,24.05,3.22,NA,NA,NA,NA,0,0,0,0.746,33243.59934,56976981,105.24,NA,NA,10.4116175265007,17.8581579021274
"ita",2002,27.27,24.05,3.22,NA,NA,NA,NA,0,0,0,0.751,33267.44745,57089824,102.75,NA,NA,10.4123346437969,17.8601364450841
"ita",2003,27.27,24.05,3.22,NA,NA,NA,NA,0,0,0,0.753,33110.16985,57399184,100.88,NA,NA,10.4075957603983,17.8655406451609
"ita",2004,27.27,24.05,3.22,NA,NA,NA,NA,0,0,0,0.753,33348.97448,57828179,100.3,NA,NA,10.4147823006461,17.872986740792
"ita",2005,27.27,24.05,3.22,NA,NA,NA,NA,0,0,0,0.761,33407.67547,58166682,101.16,NA,NA,10.4165409570548,17.8788232745489
"ita",2006,27.27,24.05,3.22,NA,NA,NA,NA,0,0,0,0.775,33873.04937,58399861,100.31,NA,NA,10.4303749733506,17.8828240676586
"ita",2007,27.27,24.05,3.22,NA,NA,NA,NA,0,0,0,0.782,34159.91092,58756247,97.41,NA,NA,10.4388080401708,17.8889080372506
"ita",2008,27.27,24.05,3.22,NA,NA,NA,NA,0,0,0,0.768,33550.63408,59211181,100.07,NA,NA,10.4208110417741,17.8966209502641
"ita",2009,27.27,24.05,3.22,NA,NA,NA,NA,0,0,0,0.775,31587.06384,59555454,109.35,NA,NA,10.3605029436075,17.9024184364735
"ita",2010,27.27,24.05,3.22,NA,NA,NA,NA,0,0,0,0.775,31928.55436,59819407,112.05,NA,NA,10.3712560093942,17.9068406980444
"ita",2011,27.27,24.05,3.22,NA,NA,NA,NA,4,0,1,0.786,32039.50325,60026841,112.65,NA,NA,10.3747248970047,17.9103023701552
"ita",2012,27.27,24.05,3.22,NA,NA,NA,NA,4,0,0,0.793,30953.41474,60191247,119.46,NA,NA,10.340238602883,17.9130375010365
"ita",2013,26.29,23.07,3.22,NA,NA,NA,NA,0,0,0,0.786,30330.02216,60311613,125.76,NA,NA,10.3198933313121,17.9150352302196
"ita",2014,25.48,22.26,3.22,NA,NA,NA,NA,0,0,0,0.786,30325.02878,60320707,129.26,NA,NA,10.3197286828637,17.9151860024176
"jam",1990,0,0,0,NA,NA,NA,NA,0,0,0,0.448,4773.628482,2379877,128.79,NA,NA,8.47086198275619,14.6825593636399
"jam",1991,0,0,0,NA,NA,NA,NA,0,0,0,0.448,4960.830406,2400869,175.08,NA,NA,8.50932842627023,14.6913413131152
"jam",1992,0,0,0,NA,NA,NA,NA,0,0,0,0.451,5008.128834,2424701,100.38,NA,NA,8.51881763808801,14.7012187757827
"jam",1993,0,0,0,NA,NA,NA,NA,0,0,0,0.473,5423.350842,2449916,106.19,NA,NA,8.59846913993558,14.7115642962189
"jam",1994,0,0,0,NA,NA,NA,NA,0,0,0,0.486,5442.167404,2475220,90.41,NA,NA,8.60193268035482,14.7218398389234
"jam",1995,0,0,0,NA,NA,NA,NA,0,0,0,0.489,5514.512528,2500151,85.21,NA,NA,8.61513853757244,14.7318616880144
"jam",1996,0,0,0,NA,NA,NA,NA,0,0,0,0.49,5455.193347,2524463,70.23,NA,NA,8.60432334163538,14.7415389248061
"jam",1997,0,0,0,NA,NA,NA,NA,0,0,0,0.499,5343.480492,2547848,74.41,NA,NA,8.58363249716761,14.7507596392637
"jam",1998,0,0,0,NA,NA,NA,NA,0,0,0,0.522,5174.282956,2569736,75.6,NA,NA,8.5514560493063,14.7593137278595
"jam",1999,0,0,0,NA,NA,NA,NA,0,0,0,0.522,5187.995796,2589795,86.75,NA,NA,8.55410273510447,14.767089279964
"jam",2000,0,0,0,NA,NA,NA,NA,0,0,0,0.549,5197.396922,2607826,93.69,NA,NA,8.55591318730847,14.7740274820115
"jam",2001,0,0,0,NA,NA,NA,NA,0,0,0,0.549,5234.027444,2624403,110.65,NA,NA,8.56293632648483,14.7803639995706
"jam",2002,0,0,0,NA,NA,NA,NA,0,0,0,0.566,5305.876587,2640572,122.24,NA,NA,8.57657027528659,14.7865061183203
"jam",2003,0,0,0,NA,NA,NA,NA,0,0,0,0.617,5467.17407,2656623,128.78,NA,NA,8.60651713851981,14.7925663253258
"jam",2004,0,0,0,NA,NA,NA,NA,0,0,0,0.617,5507.201351,2672225,123.25,NA,NA,8.61381185133241,14.7984220166803
"jam",2005,0,0,0,NA,NA,NA,NA,0,0,0,0.629,5525.735778,2687066,127.72,NA,NA,8.61717169000797,14.8039604500053
"jam",2006,0,0,0,NA,NA,NA,NA,0,0,0,0.633,5656.668036,2700968,121.07,NA,NA,8.64059031163438,14.8091207852407
"jam",2007,0,0,0,NA,NA,NA,NA,0,0,0,0.644,5710.538784,2713800,118.25,NA,NA,8.6500686561671,14.813860424694
"jam",2008,0,0,0,NA,NA,NA,NA,0,0,0,0.654,5639.589749,2725635,128.89,NA,NA,8.63756660230745,14.8182119864557
"jam",2009,0,0,0,NA,NA,NA,NA,0,0,0,0.654,5372.142342,2736995,145.21,NA,NA,8.58898205431368,14.8223711612035
"jam",2010,0,0,0,NA,NA,NA,NA,0,0,0,0.656,5271.572215,2748568,143.74,NA,NA,8.57008393006004,14.8265906067445
"jam",2011,0,0,0,NA,NA,NA,NA,4,0,1,0.651,5339.621702,2760494,141.73,NA,NA,8.58291008712271,14.8309202071846
"jam",2012,0,0,0,NA,NA,NA,NA,0,0,0,0.667,5284.008526,2772430,146.68,NA,NA,8.57244027919126,14.8352347499168
"jam",2013,0,0,0,NA,NA,NA,NA,0,0,0,0.679,5289.884385,2783687,141.67,NA,NA,8.57355166922599,14.839286865955
"jam",2014,0,0,0,NA,NA,NA,NA,0,0,0,0.679,5307.191654,2793749,140.29,NA,NA,8.57681809561091,14.8428949794021
"jpn",1990,11.41,11.41,0,NA,NA,NA,NA,0,0,0,0.754,28422.21312,123478000,46.26,1,0,10.2549262705404,18.6315735605121
"jpn",1991,11.41,11.41,0,NA,NA,NA,NA,1,0,0,0.754,29308.27409,123964000,45.04,1,0,10.2856251472902,18.6355017588369
"jpn",1992,12.64,12.64,0,NA,NA,NA,NA,0,0,0,0.754,29462.65397,124425000,47.62,1,0,10.2908787731959,18.6392136827089
"jpn",1993,12.64,12.64,0,NA,NA,NA,NA,3,0,1,0.755,29232.43979,124829000,51.43,1,0,10.2830343233185,18.6424553587003
"jpn",1994,12.64,12.64,0,0.470906972885132,0.373555868864059,0.356748968362808,0.705892086029053,3,0,0.5,0.76,29466.75525,125178000,56.77,1,0,10.2910179661748,18.6452472823401
"jpn",1995,12.64,12.64,0,0.467586308717728,0.3787881731987,0.33217003941536,0.672410130500793,3,0,0.333333333333333,0.76,30171.16379,125472000,62.21,1,0,10.3146419058208,18.6475931840742
"jpn",1996,13.25,13.25,0,0.460715770721436,0.38523867726326,0.338372021913528,0.663710176944733,2.2,0,0.4,0.759,31046.17015,125757000,65.88,1,0,10.3432307351486,18.6498620313988
"jpn",1997,13.4,13.4,0,0.457471042871475,0.391965299844742,0.330983817577362,0.625107109546661,2,0,0,0.757,31276.19308,126057000,63.68,1,0,10.3506124826491,18.6522447435747
"jpn",1998,13.53,13.53,0,0.395648866891861,0.401059150695801,0.342506259679794,0.671045362949371,3,0,0,0.757,30795.08889,126400000,72,1,0,10.3351105046245,18.654962039677
"jpn",1999,13.65,13.65,0,0.437385022640228,0.41166290640831,0.39379671216011,0.770577311515808,2.8,0,0.2,0.757,30636.26612,126631000,80.73,1,0,10.3299397535044,18.6567879034184
"jpn",2000,15.08,15.08,0,0.41261950135231,0.397434264421463,0.392590820789337,0.715262830257416,1,0,1,0.762,31430.63113,126843000,89.2,1,0,10.3555382100863,18.6584606591996
"jpn",2001,15.24,15.24,0,0.412458151578903,0.410857826471329,0.380405336618423,0.680757224559784,3.5,0,0,0.762,31476.05207,127149000,99.46,1,0,10.3569822839298,18.6608701850748
"jpn",2002,15.45,15.45,0,0.403931140899658,0.4205022752285,0.3677918612957,0.674993693828583,2,0,0.5,0.762,31416.12418,127445000,104.72,1,0,10.355076549013,18.6631954569458
"jpn",2003,15.73,15.73,0,0.394537270069122,0.419368773698807,0.354921042919159,0.637414157390594,3.66666666666667,0,1,0.762,31830.21758,127718000,113.74,1,0,10.3681713559424,18.6653352664336
"jpn",2004,15.75,15.75,0,0.388387560844421,0.411483973264694,0.361086338758469,0.611825525760651,3.5,0,0.5,0.763,32515.1158,127761000,122.95,1,0,10.3894603617301,18.6656718890164
"jpn",2005,15.83,15.83,0,0.376490980386734,0.397817552089691,0.363840967416763,0.586861073970795,1.66666666666667,0,0.333333333333333,0.766,33098.54747,127773000,131.27,1,0,10.4072446773207,18.6657658099819
"jpn",2006,17.24,17.24,0,0.372177213430405,0.399196684360504,0.345956027507782,0.523993670940399,1.66666666666667,0,0,0.773,33531.51856,127854000,133.38,1,0,10.4202411280261,18.6663995458761
"jpn",2007,17.37,17.37,0,0.366717100143433,0.429871648550034,0.272982358932495,0.376022338867188,1,0,0,0.773,33990.03603,128001000,134.08,1,0,10.4338227027073,18.6675486343534
"jpn",2008,17.53,17.53,0,0.353648245334625,0.460092812776566,0.29667329788208,0.410521119832993,2,0,0,0.772,33557.6454,128063000,140.69,1,0,10.4210199972139,18.6680328882994
"jpn",2009,17.65,17.65,0,0.356443524360657,0.459156066179276,0.369891762733459,0.598237335681915,1,0,0,0.779,31651.08377,128047000,150.92,1,0,10.3625276693241,18.6679079419871
"jpn",2010,17.72,17.72,0,0.351758420467377,0.439176201820374,0.341402739286423,0.544943511486053,2.66666666666667,0,0.666666666666667,0.778,32942.20208,128070000,156.78,1,0,10.4025098527419,18.6680875474023
"jpn",2011,17.69,17.69,0,0.349272638559341,0.42833349108696,0.386935502290726,0.625676512718201,3.33333333333333,0,1,0.778,33011.13423,127833000,168.35,1,0,10.4046001844508,18.6662352825381
"jpn",2012,17.73,17.73,0,0.34735494852066,0.419833481311798,0.370746999979019,0.594717442989349,3.2,0,1,0.774,33518.44494,127629000,176.72,1,0,10.4198511615151,18.6646381757797
"jpn",2013,17.76,17.76,0,0.346975117921829,0.406023919582367,0.373689562082291,0.600050032138824,3.2,0,1,0.741,34239.88625,127445000,183.27,1,0,10.4411465081123,18.6631954569458
"jpn",2014,17.82,17.82,0,0.352508038282394,0.386002898216248,0.352328598499298,0.562661468982697,3.5,0,1,0.739,34386.90586,127276000,186.44,1,0,10.4454311272937,18.6618685147244
"khm",1990,3,3,0,NA,NA,NA,NA,0,0,0,0.027,824.0516558,7374752,NA,1,0,6.71423321702226,15.8135728325061
"khm",1991,3,3,0,NA,NA,NA,NA,0,0,0,0.028,850.6102212,7686850,NA,1,0,6.74595399920631,15.8550216346766
"khm",1992,3,3,0,NA,NA,NA,NA,0,0,0,0.041,862.4780309,8113083,NA,1,0,6.75980967716082,15.9089885018191
"khm",1993,1,1,0,NA,NA,NA,NA,0,0,0,0.104,845.3820043,8616381,NA,1,0,6.73978860129624,15.9691757168964
"khm",1994,1,1,0,NA,NA,NA,NA,4,1,1,0.139,513.967148,9239162,NA,1,0,6.24215934901567,16.0389617468643
"khm",1995,1,1,0,NA,NA,NA,NA,4,1,1,0.14,520.9268832,10018497,NA,1,0,6.25560969255747,16.1199436423699
"khm",1996,1,1,0,NA,NA,NA,NA,3.5,0.5,0.5,0.14,511.6703496,10801270,NA,1,0,6.23768056924259,16.1951742777736
"khm",1997,1,1,0,NA,NA,NA,NA,4,1,0,0.137,496.7705513,11570982,NA,1,0,6.208128252091,16.2640109702441
"khm",1998,1,1,0,NA,NA,NA,NA,4,1,0,0.132,499.0166491,12058173,NA,1,0,6.21263946012478,16.3052532452498
"khm",1999,1,1,0,NA,NA,NA,NA,0,0,0,0.125,552.9014922,12265731,NA,1,0,6.3151798522008,16.3223198343879
"khm",2000,1,1,0,NA,NA,NA,NA,0,0,0,0.124,598.5619153,12462336,NA,1,0,6.39452997044101,16.3382215336872
"khm",2001,2,2,0,NA,NA,NA,NA,0,0,0,0.126,632.833574,12658484,NA,1,0,6.45020747130391,16.3538382202746
"khm",2002,2,2,0,NA,NA,NA,NA,0,0,0,0.124,662.1883413,12855241,NA,1,0,6.49555001894789,16.3692621460754
"khm",2003,2,2,0,NA,NA,NA,NA,0,0,0,0.126,719.3334942,13050968,NA,1,0,6.57832508078294,16.3843728652273
"khm",2004,2,2,0,NA,NA,NA,NA,0,0,0,0.126,775.847139,13244731,NA,1,0,6.65395551495422,16.3991103709313
"khm",2005,2,2,0,NA,NA,NA,NA,3,0,1,0.123,866.3402901,13439202,NA,1,0,6.76427777606811,16.4136865162965
"khm",2006,2,2,0,NA,NA,NA,NA,0,0,0,0.123,947.0652201,13639028,NA,1,0,6.85336796103639,16.4284459468433
"khm",2007,2,2,0,NA,NA,NA,NA,0,0,0,0.123,1030.231176,13841770,NA,1,0,6.93753849875863,16.44320139015
"khm",2008,5,5,0,NA,NA,NA,NA,0,0,0,0.121,1090.574758,14053479,NA,1,0,6.99446013716634,16.4583805387507
"khm",2009,5,5,0,NA,NA,NA,NA,0,0,0,0.118,1117.258342,14276810,NA,1,0,7.01863305433301,16.4741471005649
"khm",2010,5,5,0,NA,NA,NA,NA,0,0,0,0.118,1155.852369,14500726,NA,1,0,7.05259333259939,16.4897092751029
"khm",2011,5,5,0,NA,NA,NA,NA,0,0,0,0.118,1221.388399,14722584,NA,1,0,7.10774352262701,16.5048931993373
"khm",2012,5,5,0,NA,NA,0.425193160772324,0.486067980527878,0,0,0,0.118,1295.252715,14945085,NA,1,0,7.16646110181314,16.5198930412049
"khm",2013,5,5,0,NA,NA,0.56016343832016,0.512135565280914,0,0,0,0.114,1376.295576,15170208,NA,1,0,7.22715080356486,16.534844062503
"khm",2014,5,5,0,NA,NA,0.374804884195328,0.502224922180176,4,0,1,0.114,1464.531159,15396772,NA,1,0,7.28929044224494,16.5496684350229
"kor",1990,1.56,1,0.56,NA,NA,NA,NA,0,0,0,0.5,9672.578452,42869283,11.87,0,0,9.17705019737145,17.5736661134518
"kor",1991,7.56,7,0.56,NA,NA,NA,NA,3,0,1,0.5,10618.84314,43295704,11.07,0,0,9.270385356659,17.58356397327
"kor",1992,7.56,7,0.56,NA,NA,NA,NA,4,0,1,0.512,11176.56069,43747962,10.81,0,0,9.32157406879075,17.5939555868257
"kor",1993,7.56,7,0.56,NA,NA,NA,NA,3.5,0,0,0.607,11837.46921,44194628,10.09,0,0,9.37902513643498,17.6041138012
"kor",1994,7.56,7,0.56,NA,NA,NA,NA,2.5,0,0,0.612,12817.24478,44641540,8.94,0,0,9.45854679162033,17.6141753736502
"kor",1995,9.56,9,0.56,NA,NA,NA,NA,4,0,0,0.612,13924.3044,45092991,7.88,0,0,9.54139111022641,17.6242373821959
"kor",1996,9.56,9,0.56,NA,NA,NA,NA,3.5,0,0.5,0.618,14894.32788,45524681,7.25,0,0,9.6087357402622,17.6337651764145
"kor",1997,9.56,9,0.56,NA,NA,NA,NA,4,0,0,0.638,15682.27179,45953580,9,0,0,9.66028616797597,17.6431423145037
"kor",1998,9.56,9,0.56,NA,NA,NA,NA,4,0,0,0.729,14800.50916,46286503,12.83,0,0,9.60241686186315,17.6503609646796
"kor",1999,10.56,10,0.56,NA,NA,NA,NA,2.66666666666667,0,0.666666666666667,0.736,16402.91683,46616677,14.63,0,0,9.70521445348568,17.6574689106102
"kor",2000,10.56,10,0.56,NA,NA,NA,NA,1,0,0,0.753,17763.13534,47008111,14.94,0,0,9.78488054037933,17.6658307192532
"kor",2001,10.56,10,0.56,NA,NA,NA,NA,4,1,1,0.757,18460.42882,47370164,15.44,0,0,9.82338473747285,17.6735031370008
"kor",2002,10.56,10,0.56,NA,NA,NA,NA,2.5,0.5,0.5,0.761,19775.38007,47644736,15.57,0,0,9.89219301217303,17.6792827097689
"kor",2003,10.56,10,0.56,NA,NA,NA,NA,2.5,0.5,0.5,0.761,20278.04064,47892330,18.29,0,0,9.91729383765294,17.6844659242988
"kor",2004,13.19,11,2.19,NA,NA,NA,NA,4,1,1,0.761,21244.81368,48082519,20.8,0,0,9.96386808244691,17.6884292386657
"kor",2005,13.19,11,2.19,NA,NA,NA,NA,3.5,0,0,0.762,22123.76131,48184561,24,0,0,10.0044074823202,17.6905492165069
"kor",2006,13.22,11,2.22,NA,NA,0.585315763950348,1.26809620857239,3,0,0,0.762,23162.18601,48438292,26.13,0,0,10.0502763145384,17.6958012159119
"kor",2007,13.22,11,2.22,0.410643190145493,0.212358698248863,1.00953710079193,1.40716791152954,1,0,0,0.759,24391.7651,48683638,25.48,0,0,10.1020008584151,17.7008535562411
"kor",2008,13.22,11,2.22,0.552535772323608,0.220469653606415,0.578517854213715,1.22860383987427,1,0,0,0.661,24934.53964,49054708,24.76,0,0,10.1240092554075,17.7084467230596
"kor",2009,13.22,11,2.22,0.567479014396667,0.214700385928154,0.496395170688629,1.24385166168213,4,2,1,0.662,25009.91483,49307835,27.57,0,0,10.127027618428,17.713593551335
"kor",2010,13.22,11,2.22,0.551634192466736,0.219676777720451,0.531312644481659,1.18299555778503,3.5,1,0.5,0.665,26623.04871,49554112,27.1,0,0,10.1895326124387,17.718575802179
"kor",2011,13.22,11,2.22,0.51559978723526,0.213747948408127,0.585780322551727,1.36163532733917,3.33333333333333,0.666666666666667,1,0.665,27393.45536,49936638,27.81,0,0,10.2180594083712,17.7262655197648
"kor",2012,13.22,11,2.22,0.428193867206573,0.216184094548225,0.508429408073425,1.04159998893738,3.25,0.5,1,0.658,27944.05642,50199853,28.25,0,0,10.2379598055227,17.7315226563708
"kor",2013,13.22,11,2.22,0.45020455121994,0.213722631335258,0.529002785682678,1.10234987735748,2.75,0.5,1,0.609,28732.71115,50428893,29.54,0,0,10.2657915140369,17.7360748425925
"kor",2014,13.22,11,2.22,0.452041983604431,0.235003888607025,0.498703420162201,0.9498490691185,3.5,0,0.75,0.6,29470.6733,50746659,30.7,0,0,10.2911509224338,17.7423563412068
"kos",2008,0,0,0,NA,NA,NA,NA,0,0,0,NA,NA,NA,NA,NA,NA,NA,NA
"kos",2009,0,0,0,NA,NA,NA,NA,0,0,0,NA,NA,NA,6.9,NA,NA,NA,NA
"kos",2010,0,0,0,NA,NA,NA,NA,0,0,0,NA,NA,NA,6.45,NA,NA,NA,NA
"kos",2011,0,0,0,NA,NA,NA,NA,1,0,1,NA,NA,NA,5.57,NA,NA,NA,NA
"kos",2012,0,0,0,NA,NA,NA,NA,0,0,0,NA,NA,NA,8.56,NA,NA,NA,NA
"kos",2013,0,0,0,NA,NA,NA,NA,1,0,1,NA,NA,NA,9.42,NA,NA,NA,NA
"kos",2014,0,0,0,NA,NA,NA,NA,0,0,0,NA,NA,NA,11.19,NA,NA,NA,NA
"lao",1990,0.87,0.87,0,NA,NA,NA,NA,0,0,0,0.092,634.525297,4311955,193.28,NA,NA,6.45287715554803,15.2769019555239
"lao",1991,1,1,0,NA,NA,NA,NA,0,0,0,0.087,643.4102591,4435118,172.56,NA,NA,6.46678255981302,15.3050647799108
"lao",1992,1,1,0,NA,NA,NA,NA,0,0,0,0.083,660.633862,4559646,154.04,NA,NA,6.49319977110406,15.3327555468981
"lao",1993,1,1,0,NA,NA,NA,NA,0,0,0,0.087,680.9641537,4685060,140.99,NA,NA,6.52350966702548,15.359889280403
"lao",1994,0.99,0.99,0,NA,NA,NA,NA,0,0,0,0.086,717.5092451,4809220,128.49,NA,NA,6.57578583270756,15.3860454667701
"lao",1995,0.99,0.99,0,NA,NA,NA,NA,0,0,0,0.087,749.2347417,4929409,113.03,NA,NA,6.61905234122464,15.4107296605367
"lao",1996,0.99,0.99,0,NA,NA,NA,NA,0,0,0,0.087,782.6831565,5045678,58.79,NA,NA,6.66272796083988,15.4340425932259
"lao",1997,0.99,0.99,0,NA,NA,NA,NA,0,0,0,0.087,819.2058513,5152011,82.71,NA,NA,6.70833539695993,15.4548976818572
"lao",1998,0.99,0.99,0,NA,NA,NA,NA,0,0,0,0.087,836.0880985,5248266,194.09,NA,NA,6.72873398851338,15.4734082942972
"lao",1999,0.99,0.99,0,NA,NA,NA,NA,0,0,0,0.088,881.6341296,5340784,87.58,NA,NA,6.78177715089795,15.4908830166393
"lao",2000,0.99,0.99,0,NA,NA,NA,NA,0,0,0,0.088,917.2280386,5431212,59.27,NA,NA,6.82135612029409,15.5076728714236
"lao",2001,0.99,0.99,0,NA,NA,NA,NA,0,0,0,0.088,954.1235054,5521482,94.72,NA,NA,6.86079312365599,15.5241568604803
"lao",2002,0.99,0.99,0,NA,NA,NA,NA,0,0,0,0.089,994.492242,5610889,95.31,NA,NA,6.90223229735862,15.5402197319675
"lao",2003,0.99,0.99,0,NA,NA,NA,NA,0,0,0,0.089,1038.711928,5697945,90.15,NA,NA,6.94573669375308,15.5556161414838
"lao",2004,0.99,0.99,0,NA,NA,NA,NA,0,0,0,0.089,1088.760347,5781626,80.65,NA,NA,6.99279503168068,15.5701955159658
"lao",2005,0.99,0.99,0,NA,NA,NA,NA,0,0,0,0.089,1148.681539,5869523,73.2,NA,NA,7.04637007581128,15.5852839278551
"lao",2006,0.99,0.99,0,NA,NA,NA,NA,0,0,0,0.088,1228.089276,5963200,60.01,NA,NA,7.11321480639028,15.6011178077071
"lao",2007,1,1,0,NA,NA,NA,NA,0,0,0,0.088,1301.085975,6056236,55.93,NA,NA,7.17095456011077,15.616599042957
"lao",2008,1,1,0,NA,NA,NA,NA,0,0,0,0.088,1381.737542,6148969,51.72,NA,NA,7.23109707456996,15.6317949834527
"lao",2009,0.13,0.13,0,NA,NA,NA,NA,0,0,0,0.088,1463.337967,6241642,51.82,NA,NA,7.2884753839109,15.6467538467557
"lao",2010,0.13,0.13,0,NA,NA,NA,NA,0,0,0,0.089,1564.910683,6334194,49.32,NA,NA,7.35558402978011,15.6614731339666
"lao",2011,1,1,0,NA,NA,NA,NA,0,0,0,0.089,1666.400862,6426590,43,NA,NA,7.41842140722939,15.6759546289468
"lao",2012,1,1,0,NA,NA,NA,NA,0,0,0,0.089,1774.635852,6518978,46.1,NA,NA,7.48135052705978,15.6902281731503
"lao",2013,1,1,0,NA,NA,NA,NA,0,0,0,0.09,1890.278613,6611385,49.49,NA,NA,7.54447951147498,15.7043037208929
"lao",2014,1,1,0,NA,NA,NA,NA,0,0,0,0.09,2006.311954,6703172,53.53,NA,NA,7.60405346689998,15.718091405163
"lka",1990,9.78,9.78,0,NA,NA,NA,NA,0,0,0,0.275,1388.589518,16352458,78.94,NA,NA,7.23604377568057,16.6098887803996
"lka",1991,9.78,9.78,0,NA,NA,NA,NA,0,0,0,0.274,1441.629968,16475354,80.49,NA,NA,7.27352967465132,16.6173761252237
"lka",1992,9.78,9.78,0,NA,NA,NA,NA,0,0,0,0.284,1481.331101,16739284,77.94,NA,NA,7.30069635511458,16.6332688503068
"lka",1993,9.78,9.78,0,NA,NA,NA,NA,0,0,0,0.284,1556.884675,17025918,79.17,NA,NA,7.35044210036887,16.650247329251
"lka",1994,9.78,9.78,0,NA,NA,NA,NA,0,0,0,0.315,1620.29121,17275773,77.9,NA,NA,7.39036117133093,16.6648156733608
"lka",1995,9.78,9.78,0,NA,NA,NA,NA,0,0,0,0.346,1681.350532,17564068,77.81,NA,NA,7.42735263754757,16.6813657822117
"lka",1996,9.78,9.78,0,NA,NA,NA,NA,0,0,0,0.346,1712.008158,17905018,76.23,NA,NA,7.44542232187725,16.7005915667199
"lka",1997,9.78,9.78,0,NA,NA,NA,NA,0,0,0,0.346,1787.41018,18248200,70.15,NA,NA,7.48852302435459,16.7195770029915
"lka",1998,9.78,9.78,0,NA,NA,NA,NA,0,0,0,0.337,1836.389463,18596003,74.24,NA,NA,7.51555667450193,16.7384572231176
"lka",1999,9.78,9.78,0,NA,NA,NA,NA,0,0,0,0.336,1880.10678,18944731,77.7,NA,NA,7.5390838520834,16.7570364033369
"lka",2000,9.78,9.78,0,NA,NA,NA,NA,0,0,0,0.318,1956.933104,19293054,79.2,NA,NA,7.57913378387877,16.7752556927238
"lka",2001,9.78,9.78,0,NA,NA,NA,NA,0,0,0,0.319,1896.482517,19600362,84.36,NA,NA,7.54775614252596,16.7910585934179
"lka",2002,9.78,9.78,0,NA,NA,NA,NA,0,0,0,0.34,1951.225228,19805752,96.3,NA,NA,7.57621277629742,16.8014829585268
"lka",2003,9.78,9.78,0,NA,NA,NA,NA,0,0,0,0.34,2052.030451,19951521,86.45,NA,NA,7.62658504584917,16.8088159389955
"lka",2004,9.78,9.78,0,NA,NA,NA,NA,0,0,0,0.329,2149.106286,20087605,86.5,NA,NA,7.67280735377221,16.8156135161455
"lka",2005,9.78,9.78,0,NA,NA,NA,NA,0,0,0,0.278,2268.688013,20216524,76.59,NA,NA,7.72695697554624,16.8220108477776
"lka",2006,9.78,9.78,0,NA,NA,NA,NA,0,0,0,0.243,2426.348733,20352411,74.29,NA,NA,7.79414282731832,16.8287099394935
"lka",2007,9.78,9.78,0,NA,NA,NA,NA,0,0,0,0.24,2573.543622,20492545,71.85,NA,NA,7.85303906940573,16.8355717194322
"lka",2008,10.44,10.44,0,NA,NA,NA,NA,4,0,1,0.236,2708.585942,20629378,68.78,NA,NA,7.90418198507268,16.8422267343263
"lka",2009,10.44,10.44,0,NA,NA,NA,NA,0,0,0,0.233,2787.27351,20756435,72.75,NA,NA,7.93281916044931,16.8483668770455
"lka",2010,10.44,10.44,0,NA,NA,NA,NA,0,0,0,0.244,2993.014115,20879089,68.73,NA,NA,8.00403622384559,16.8542586897587
"lka",2011,10.44,10.44,0,NA,NA,NA,NA,0,0,0,0.243,3232.373504,21009048,69.43,NA,NA,8.08097197732038,16.8604637600383
"lka",2012,10.44,10.44,0,NA,NA,NA,NA,0,0,0,0.246,3484.79049,21169458,67.5,NA,NA,8.15616320374043,16.8680700405159
"lka",2013,10.44,10.44,0,NA,NA,NA,NA,0,0,0,0.268,3728.935866,20585000,69.46,NA,NA,8.22387818131813,16.8400732131861
"lka",2014,11,11,0,NA,NA,NA,NA,0,0,0,0.267,3929.92062,20778000,69.56,NA,NA,8.27637450618603,16.8494052926126
"ltu",1992,0,0,0,NA,NA,NA,NA,0,0,0,0.731,6185.535236,3700114,NA,NA,NA,8.72996881883504,15.1238741879506
"ltu",1993,0,0,0,NA,NA,NA,NA,0,0,0,0.741,5206.442661,3682613,NA,NA,NA,8.55765211094474,15.1191331125236
"ltu",1994,0,0,0,NA,NA,NA,NA,0,0,0,0.757,4730.69632,3657144,NA,NA,NA,8.46182768418179,15.1121930728944
"ltu",1995,1,1,0,NA,NA,NA,NA,1,0,0,0.757,4924.096675,3629102,11.37,NA,NA,8.50189612053972,15.1044957927167
"ltu",1996,1,1,0,NA,NA,NA,NA,0,0,0,0.753,5211.100252,3601613,13.64,NA,NA,8.55854629325803,15.096892358635
"ltu",1997,1,1,0,NA,NA,NA,NA,0,0,0,0.758,5685.449015,3575137,14.85,NA,NA,8.64566538547554,15.0895140550543
"ltu",1998,1,1,0,NA,NA,NA,NA,3,0,1,0.754,6154.172456,3549331,15.83,NA,NA,8.72488557888875,15.0822696929883
"ltu",1999,1,1,0,NA,NA,NA,NA,0,0,0,0.756,6129.99844,3524238,21.54,NA,NA,8.72094977444409,15.0751748006476
"ltu",2000,4,4,0,NA,NA,NA,NA,1,0,0,0.759,6384.308654,3499536,22.16,NA,NA,8.76159848601856,15.0681409462427
"ltu",2001,4,4,0,NA,NA,NA,NA,1,0,0,0.757,6854.525128,3470818,21.74,NA,NA,8.83266431578214,15.0599008590123
"ltu",2002,4,4,0,NA,NA,NA,NA,0,0,0,0.757,7374.097971,3443067,21.18,NA,NA,8.90572886471071,15.0518732019048
"ltu",2003,4,4,0,NA,NA,NA,NA,0,0,0,0.752,8218.693363,3415213,19.28,NA,NA,9.01416651714251,15.0437504209307
"ltu",2004,4,4,0,NA,NA,NA,NA,0,0,0,0.759,8851.925989,3377075,17.7,NA,NA,9.08839034020061,15.0325205081824
"ltu",2005,4,4,0,NA,NA,NA,NA,0,0,0,0.762,9692.868538,3322528,16.85,NA,NA,9.17914569182971,15.016236496923
"ltu",2006,4,4,0,NA,NA,NA,NA,0,0,0,0.761,10577.21455,3269909,16.45,NA,NA,9.26645739570207,15.00027271374
"ltu",2007,4,4,0,NA,NA,NA,NA,0,0,0,0.762,11889.35452,3231294,14.99,NA,NA,9.38339870057453,14.9883932341674
"ltu",2008,4,4,0,NA,NA,NA,NA,0,0,0,0.765,12324.51973,3198231,13.42,NA,NA,9.41934603101169,14.9781084024128
"ltu",2009,4,4,0,NA,NA,NA,NA,0,0,0,0.788,10612.9204,3162916,26.35,NA,NA,9.26982744349814,14.9670049448691
"ltu",2010,2,2,0,NA,NA,NA,NA,0,0,0,0.794,10884.11619,3097282,34.1,NA,NA,9.29505977514935,14.9460355106705
"ltu",2011,2,2,0,NA,NA,NA,NA,2,0,1,0.791,11836.72004,3028115,34.29,NA,NA,9.37896184641121,14.9234508716822
"ltu",2012,2,2,0,NA,NA,NA,NA,1,0,1,0.783,12516.61841,2989139,36.89,NA,NA,9.43481251312393,14.9104959440322
"ltu",2013,2,2,0,NA,NA,NA,NA,0,0,0,0.771,13145.80693,2961250,35.96,NA,NA,9.48385812211899,14.9011220344551
"ltu",2014,2,2,0,NA,NA,NA,NA,2,0,0.5,0.773,13753.1896,2937253,37.8,NA,NA,9.52902604710272,14.8929853487928
"lux",1990,0,0,0,NA,NA,NA,NA,0,0,0,0.785,66027.07501,381850,1.83,NA,NA,11.0978201643125,12.8527831403165
"lux",1991,0,0,0,NA,NA,NA,NA,0,0,0,0.785,70779.97382,387000,1.29,NA,NA,11.1673313840209,12.8661799720119
"lux",1992,0,0,0,NA,NA,NA,NA,0,0,0,0.785,71116.94136,392175,1.53,NA,NA,11.1720808625138,12.8794634477244
"lux",1993,0,0,0,NA,NA,NA,NA,0,0,0,0.785,73116.19334,397475,1.94,NA,NA,11.1998051443243,12.8928873180169
"lux",1994,0,0,0,NA,NA,NA,NA,0,0,0,0.785,74883.14158,402925,1.92,NA,NA,11.2236840651325,12.9065057193909
"lux",1995,0,0,0,NA,NA,NA,NA,0,0,0,0.784,74896.09645,408625,2.63,NA,NA,11.2238570513248,12.9205531440265
"lux",1996,0,0,0,NA,NA,NA,NA,0,0,0,0.784,74916.50739,414225,3.43,NA,NA,11.2241295376123,12.9341645834375
"lux",1997,0,0,0,NA,NA,NA,NA,0,0,0,0.784,77993.05737,419450,3.75,NA,NA,11.2643750936334,12.9466996082744
"lux",1998,0,0,0,NA,NA,NA,NA,3,0,1,0.784,82170.23925,424700,4.08,NA,NA,11.3165484625676,12.9591383163014
"lux",1999,0,0,0,NA,NA,NA,NA,3,0,1,0.785,87695.33909,430475,3.53,NA,NA,11.3816240308818,12.9726445291544
"lux",2000,0,0,0,NA,NA,NA,NA,1.5,0,0,0.787,92527.71087,436300,3.03,NA,NA,11.4352634556093,12.9860853591117
"lux",2001,0,0,0,NA,NA,NA,NA,0,0,0,0.787,94243.70684,441525,2.92,NA,NA,11.4536393321526,12.9979899225646
"lux",2002,0,0,0,NA,NA,NA,NA,0,0,0,0.787,96269.57975,446175,2.57,NA,NA,11.4749076574358,13.0084665307242
"lux",2003,0,0,0,NA,NA,NA,NA,0,0,0,0.787,97597.99732,451630,1.66,NA,NA,11.4886122529284,13.0206185395207
"lux",2004,0,0,0,NA,NA,NA,NA,0,0,0,0.787,100292.5669,458095,1.39,NA,NA,11.5158468625299,13.0348318651678
"lux",2005,0,0,0,NA,NA,NA,NA,0,0,0,0.787,101222.0444,465158,0.82,NA,NA,11.5250718421535,13.0501324118019
"lux",2006,0,0,0,NA,NA,NA,NA,0,0,0,0.787,105614.1789,472637,1.45,NA,NA,11.5675479111273,13.0660829309793
"lux",2007,0,0,0,NA,NA,NA,NA,0,0,0,0.787,112417.877,479993,1.41,NA,NA,11.6299782518376,13.0815267994444
"lux",2008,0,0,0,NA,NA,NA,NA,0,0,0,0.787,110094.7915,488650,8.08,NA,NA,11.6090970145981,13.099401765767
"lux",2009,0,0,0,NA,NA,NA,NA,0,0,0,0.79,104574.349,497783,8.28,NA,NA,11.5576535710938,13.1179195180713
"lux",2010,0,0,0,NA,NA,NA,NA,0,0,0,0.792,106544.0574,506953,12.34,NA,NA,11.5763138630948,13.1361735761066
"lux",2011,0,0,0,NA,NA,NA,NA,2,0,1,0.792,105290.249,518347,11.8,NA,NA,11.564476091745,13.1584001811393
"lux",2012,0,0,0,NA,NA,NA,NA,0,0,0,0.792,104487.7443,530946,13.39,NA,NA,11.5568250640834,13.1824156001375
"lux",2013,0,0,0,NA,NA,NA,NA,0,0,0,0.792,105338.9555,543360,14.83,NA,NA,11.5649385774765,13.2055273626651
"lux",2014,0,0,0,NA,NA,NA,NA,0,0,0,0.793,105583.9373,556319,14.45,NA,NA,11.5672615297831,13.2290971497135
"lva",1990,0,0,0,NA,NA,NA,NA,0,0,0,0.452,7622.698259,2663151,NA,0,0,8.93888568823226,14.7950205661551
"lva",1991,0,0,0,NA,NA,NA,NA,0,0,0,0.495,6694.198943,2650581,NA,0,0,8.80899660092929,14.7902894192147
"lva",1992,0,0,0,NA,NA,NA,NA,0,0,0,0.561,4607.113797,2614338,NA,0,0,8.43535686552081,14.7765214685563
"lva",1993,0,0,0,NA,NA,NA,NA,0,0,0,0.629,4464.721135,2563290,NA,0,0,8.40396203559308,14.7568021475993
"lva",1994,0,0,0,NA,NA,NA,NA,1,0,1,0.68,4639.505652,2520742,NA,0,0,8.44236309902722,14.7400638605918
"lva",1995,0,0,0,0.189282923936844,0.303774833679199,0.0040937983430922,0.00417048111557961,0,0,0,0.67,4661.668401,2485056,13.93,0,0,8.44712868900935,14.7258057524702
"lva",1996,0,0,0,0.223881080746651,0.314290672540665,0.240239351987839,0.235274583101273,0,0,0,0.674,4822.904149,2457222,13.38,0,0,8.48113154614144,14.714542001512
"lva",1997,0,0,0,0.2464350014925,0.24164867401123,0.404676139354706,0.601517140865326,0,0,0,0.694,5317.979976,2432851,10.14,0,0,8.57884880647057,14.7045743786244
"lva",1998,0,0,0,0.245356336236,0.234168961644173,0.29636362195015,0.398069828748703,1,0,0,0.696,5719.989183,2410019,8.71,0,0,8.65172219328814,14.6951451892532
"lva",1999,0,0,0,0.245916053652763,0.233272820711136,0.260423958301544,0.382470518350601,1,0,0,0.701,5929.267672,2390482,11.97,0,0,8.6876559889187,14.6870055772145
"lva",2000,0,0,0,0.25507640838623,0.252650022506714,0.274896591901779,0.393712997436523,0,0,0,0.702,6336.382967,2367550,12.23,0,0,8.75406337469165,14.6773662231435
"lva",2001,0,0,0,0.27449443936348,0.252281457185745,0.268844187259674,0.410503596067429,0,0,0,0.702,6833.435432,2337170,13.97,0,0,8.82958281761506,14.6644513537081
"lva",2002,0,0,0,0.283798575401306,0.253502577543259,0.276575237512589,0.435867309570313,0,0,0,0.705,7443.229447,2310173,13.32,0,0,8.91506009910497,14.6528329714686
"lva",2003,0,0,0,0.273570895195007,0.253592878580093,0.301308631896973,0.442458897829056,0,0,0,0.714,8149.001836,2287955,13.27,0,0,9.00565072462391,14.6431689634562
"lva",2004,0,0,0,0.286777913570404,0.254229784011841,0.283855378627777,0.418313056230545,0,0,0,0.715,8957.233936,2263122,13.13,0,0,9.10021674580746,14.6322558339005
"lva",2005,0,0,0,0.27668684720993,0.235361143946648,0.259878844022751,0.363151669502258,0,0,0,0.71,10106.26262,2238799,10.51,0,0,9.22091057205686,14.6214501193314
"lva",2006,0,0,0,0.284972369670868,0.236864030361176,0.255514830350876,0.366804897785187,0,0,0,0.703,11507.46483,2218357,8.74,0,0,9.35075121941907,14.6122773897565
"lva",2007,0,0,0,0.312651008367538,0.248688668012619,0.32664480805397,0.536774337291718,0,0,0,0.685,12810.04095,2200325,6.83,0,0,9.45798459160698,14.6041156346907
"lva",2008,0,0,0,0.323856323957443,0.264561176300049,0.316466242074966,0.542992234230042,0,0,0,0.686,12506.6945,2177322,16.12,0,0,9.43401933992932,14.5936062392469
"lva",2009,4,4,0,0.296438723802567,0.275194525718689,0.336020559072495,0.635848701000214,0,0,0,0.694,10675.42517,2141669,32.2,0,0,9.27569966587512,14.577095989571
"lva",2010,4,4,0,0.275620460510254,0.292417794466019,0.373929291963577,0.630203783512115,0,0,0,0.704,10500.86662,2097555,39.79,0,0,9.25921306797786,14.5562829386722
"lva",2011,4,4,0,0.277612417936325,0.278198450803757,0.324172824621201,0.520824313163757,2,0,1,0.723,11018.51524,2059709,38.82,0,0,9.30733234041723,14.5380752686514
"lva",2012,4,4,0,0.276397436857224,0.268604695796967,0.305223971605301,0.467013955116272,0,0,0,0.728,11971.01075,2034319,37.27,0,0,9.39024323525448,14.5256716771185
"lva",2013,4,4,0,0.282336473464966,0.26338854432106,0.29738387465477,0.452654540538788,0,0,0,0.743,12353.53861,2012647,36.86,0,0,9.42169782814057,14.5149613290856
"lva",2014,4,4,0,0.274290889501572,0.266321122646332,0.304299652576447,0.45604082942009,0,0,0,0.748,12731.6772,1993782,39.54,0,0,9.45184843464043,14.5055438955432
"mex",1990,14.87,9.68,5.18,NA,0.21419931948185,NA,NA,0,0,0,0.186,8036.861144,82820170,35.68,1,1,8.99179388097003,18.2321821887239
"mex",1991,14.87,9.68,5.18,NA,0.222280576825142,NA,NA,0,0,0,0.196,8197.011795,84430572,29.21,1,1,9.01152495159307,18.2514401214658
"mex",1992,14.87,9.68,5.18,NA,0.230495974421501,NA,NA,0,0,0,0.208,8330.264268,86044809,21.52,1,1,9.02765045950761,18.27037875341
"mex",1993,15.87,10.68,5.18,NA,0.240956485271454,NA,NA,0,0,0,0.215,8411.796213,87653807,19.24,1,1,9.03739031078021,18.2889056025012
"mex",1994,16.79,11.61,5.18,NA,0.251129925251007,NA,NA,0,0,0,0.26,8623.48043,89259205,26.84,1,1,9.0622440443487,18.3070551105606
"mex",1995,16.79,11.61,5.18,NA,0.231890931725502,NA,NA,0,0,0,0.281,7970.640385,90862455,30.74,1,1,8.9835201179918,18.3248574375211
"mex",1996,16.79,11.61,5.18,NA,0.234157726168633,NA,NA,0,0,0,0.293,8320.652957,92452702,23.93,1,1,9.02649601114448,18.3422077419793
"mex",1997,19.03,13.84,5.18,NA,0.239107623696327,NA,NA,0,0,0,0.346,8770.844816,94021207,19.74,1,1,9.07918841094342,18.359030921172
"mex",1998,19.03,13.84,5.18,NA,0.252863943576813,NA,NA,0,0,0,0.378,9161.895278,95575245,21.01,1,1,9.12280834434425,18.3754244009753
"mex",1999,19.03,13.84,5.18,NA,NA,NA,NA,0,0,0,0.381,9264.977293,97115707,19.48,1,1,9.13399668787997,18.3914136812507
"mex",2000,19.03,13.84,5.18,NA,NA,NA,NA,0,0,0,0.481,9581.969702,98625552,18.19,1,1,9.16763845546771,18.4068409340728
"mex",2001,19.03,13.84,5.18,NA,NA,NA,NA,0,0,0,0.484,9398.350744,100099099,17.57,1,1,9.1482895000985,18.4216712432459
"mex",2002,19.03,13.84,5.18,NA,NA,NA,NA,0,0,0,0.494,9242.278861,101548624,19.22,1,1,9.13154376420591,18.4360482959235
"mex",2003,19.03,13.84,5.18,NA,NA,NA,NA,0,0,0,0.499,9221.996667,102978515,20.19,1,1,9.12934685134824,18.4500309322025
"mex",2004,20.03,14.84,5.18,NA,NA,NA,NA,0,0,0,0.505,9421.28976,104394131,19.2,1,1,9.15072727539556,18.4636840153575
"mex",2005,20.03,14.84,5.18,NA,NA,NA,NA,0,0,0,0.505,9491.517302,105811504,18.71,1,1,9.1581537631231,18.4771698049368
"mex",2006,20.17,14.99,5.18,NA,NA,NA,NA,0,0,0,0.478,9813.828042,107253666,19.15,1,1,9.19154769479265,18.4907072970064
"mex",2007,20.17,14.99,5.18,NA,NA,NA,NA,0,0,0,0.454,9877.695326,108774360,19.55,1,1,9.19803449693184,18.5047862028488
"mex",2008,21.05,15.86,5.18,0.377569496631622,0.0577104650437832,0.831755399703979,4.37021923065186,0,0,0,0.456,9826.342184,110374288,22.95,1,1,9.19282203646582,18.5193877661315
"mex",2009,21.1,15.91,5.18,0.403892755508423,0.0615922622382641,0.813772022724152,4.59041881561279,0,0,0,0.459,9074.118815,111999721,26.19,1,1,9.11318155414303,18.5340069381848
"mex",2010,21.1,15.91,5.18,0.403907120227814,0.0606909431517124,0.784135460853577,4.2494592666626,0,0,0,0.465,9389.067221,113623895,25.74,1,1,9.14730122978133,18.5484043854421
"mex",2011,21.1,15.91,5.18,0.389508426189423,0.0646575093269348,0.799747705459595,4.27469158172607,0,0,0,0.468,9575.934378,115243504,26.56,1,1,9.16700839445744,18.5625578738273
"mex",2012,21.1,15.91,5.18,0.385005205869675,0.0748097896575928,0.797143757343292,3.89659333229065,0,0,0,0.457,9782.517763,116818208,26.94,1,1,9.18835216987643,18.5761295066197
"mex",2013,21.1,15.91,5.18,0.408111393451691,0.0760073587298393,0.819428205490112,4.16109180450439,0,0,0,0.42,9738.710598,118343573,29.53,1,1,9.18386400573777,18.5891025874222
"mex",2014,21.1,15.91,5.18,0.410686016082764,0.0782000795006752,0.81853449344635,4.12111473083496,0,0,0,0.421,9862.481254,119784261,31.44,1,1,9.19649306441721,18.6012028577194
"mkd",1991,0,0,0,NA,NA,NA,NA,0,0,0,0.255,3328.639508,2055994,NA,0,0,8.11031894333653,14.536269987265
"mkd",1992,0,0,0,NA,NA,NA,NA,0,0,0,0.256,3146.022355,2032523,NA,0,0,8.05389418944167,14.5247884364532
"mkd",1993,0,0,0,NA,NA,NA,NA,4,0,0,0.26,2948.271518,2006854,NA,0,0,7.98897435151039,14.5120788797413
"mkd",1994,0,0,0,NA,NA,NA,NA,2,0,0,0.279,2917.058946,1992666,45.43,0,0,7.97833117741123,14.5049839985978
"mkd",1995,0,0,0,NA,NA,NA,NA,0,0,0,0.348,2876.072229,1998534,18.19,0,0,7.96418083292057,14.5079244697484
"mkd",1996,2.08,2.08,0,NA,NA,NA,NA,0,0,0,0.357,2889.885164,2012553,20.04,0,0,7.96897204467686,14.5149146233318
"mkd",1997,2.08,2.08,0,NA,NA,NA,NA,4,0,0,0.362,2954.523831,1996869,25.04,0,0,7.99109277675421,14.5070910118487
"mkd",1998,2.08,2.08,0,NA,NA,NA,NA,3,0,1,0.388,3038.139834,2007523,NA,0,0,8.01900071040455,14.5124121817735
"mkd",1999,2.08,2.08,0,NA,NA,NA,NA,3,0,1,0.429,3154.849182,2017142,NA,0,0,8.05669597098011,14.5171922160448
"mkd",2000,2.08,2.08,0,NA,NA,NA,NA,0,0,0,0.352,3283.379341,2026350,NA,0,0,8.09662845788716,14.5217467030659
"mkd",2001,2.08,2.08,0,NA,NA,NA,NA,0,0,0,0.333,3169.325144,2034882,NA,0,0,8.06127395587931,14.5259483899196
"mkd",2002,2.08,2.08,0,NA,NA,NA,NA,4,0,0,0.399,3240.110645,2020157,39.56,0,0,8.08336275789465,14.5186857891294
"mkd",2003,2.08,2.08,0,NA,NA,NA,NA,0,0,0,0.465,3307.920408,2022725,35.71,0,0,8.10407499539463,14.519956170182
"mkd",2004,2.26,2.26,0,NA,NA,NA,NA,0,0,0,0.468,3473.765448,2016186,33.9,0,0,8.15299442811412,14.5167181658223
"mkd",2005,2.26,2.26,0,NA,NA,NA,NA,0,0,0,0.455,3657.563077,2005330,36,0,0,8.20455237867859,14.5113191937083
"mkd",2006,2.26,2.26,0,0.0650471821427345,0.0478202514350414,0.371886968612671,0.615273535251617,0,0,0,0.451,3866.746506,1994287,29.79,0,0,8.26016873631663,14.5057971509421
"mkd",2007,4.26,4.26,0,0.0775520876049995,0.0517011508345604,0.501073658466339,0.871619641780853,0,0,0,0.438,4140.633548,1982933,22.88,0,0,8.3286040860292,14.50008761974
"mkd",2008,4.26,4.26,0,NA,NA,NA,NA,0,0,0,0.412,4392.550716,1971493,19.97,0,0,8.38766536603899,14.4943016816975
"mkd",2009,4.26,4.26,0,NA,NA,NA,NA,0,0,0,0.378,4405.200458,1958782,23.14,0,0,8.39054104425882,14.4878334094685
"mkd",2010,4.26,4.26,0,NA,NA,NA,NA,0,0,0,0.373,4582.365175,1946298,23.68,0,0,8.42997055756799,14.4814396646393
"mkd",2011,4.26,4.26,0,NA,NA,NA,NA,0,0,0,0.34,4711.130279,1937398,27.37,0,0,8.45768313253121,14.4768563936625
"mkd",2012,4.26,4.26,0,NA,NA,NA,NA,0,0,0,0.315,4708.051685,1929821,33.28,0,0,8.45702944644225,14.4729378104659
"mkd",2013,4.26,4.26,0,0.16371300816536,0.0750123411417007,0.602199077606201,1.63180553913116,0,0,0,0.287,4863.680887,1922716,33.83,0,0,8.48955081438027,14.4692493277568
"mkd",2014,4.26,4.26,0,0.156187191605568,0.0715425312519073,0.631320059299469,1.70746469497681,0,0,0,0.276,5053.750012,1917557,37.92,0,0,8.52788582332946,14.4665625379877
"mlt",1990,0,0,0,NA,NA,NA,NA,0,0,0,0.545,10067.75201,354170,22.93,NA,NA,9.21709272444608,12.777532302833
"mlt",1991,0,0,0,NA,NA,NA,NA,0,0,0,0.557,10413.17933,363845,25.39,NA,NA,9.25082752612366,12.8044832317542
"mlt",1992,0,0,0,NA,NA,NA,NA,0,0,0,0.582,10789.76679,367618,27.2,NA,NA,9.28635344448756,12.8147996345325
"mlt",1993,0,0,0,NA,NA,NA,NA,0,0,0,0.586,11161.19761,371308,31.38,NA,NA,9.32019854290172,12.8247871858528
"mlt",1994,0,0,0,NA,NA,NA,NA,0,0,0,0.586,11682.15697,374797,31.92,NA,NA,9.36581791142147,12.8341398250454
"mlt",1995,0,0,0,NA,NA,NA,NA,0,0,0,0.586,12336.79135,377419,33.87,NA,NA,9.42034124338893,12.8411112551115
"mlt",1996,0,0,0,NA,NA,NA,NA,0,0,0,0.596,12719.0152,379905,39.84,NA,NA,9.45085341251328,12.8476765004474
"mlt",1997,0,0,0,NA,NA,NA,NA,0,0,0,0.599,13286.71705,382791,49.71,NA,NA,9.49452009711356,12.8552444273128
"mlt",1998,0,0,0,NA,NA,NA,NA,0,0,0,0.598,13877.2541,385287,53.63,NA,NA,9.53800638307748,12.8617437901021
"mlt",1999,0,0,0,NA,NA,NA,NA,0,0,0,0.597,14446.356,387578,55.04,NA,NA,9.57819748180708,12.8676723978419
"mlt",2000,0,0,0,NA,NA,NA,NA,0,0,0,0.597,17178.37738,390087,52.3,NA,NA,9.75140674288216,12.8741250701509
"mlt",2001,0,0,0,NA,NA,NA,NA,0,0,0,0.597,16920.73097,393028,55.28,NA,NA,9.7362948337637,12.8816361351328
"mlt",2002,0,0,0,NA,NA,NA,NA,0,0,0,0.597,17255.42994,395969,55.75,NA,NA,9.75588215205739,12.8890912043441
"mlt",2003,0,0,0,NA,NA,NA,NA,0,0,0,0.599,17775.42648,398582,61.63,NA,NA,9.78557224763255,12.895668527688
"mlt",2004,0,0,0,NA,NA,NA,NA,0,0,0,0.599,17728.36598,401268,64.33,NA,NA,9.78292123351262,12.9023848122333
"mlt",2005,0,0,0,NA,NA,NA,NA,0,0,0,0.599,18123.26852,403834,63.61,NA,NA,9.80495194522857,12.9087591814153
"mlt",2006,0,0,0,NA,NA,NA,NA,0,0,0,0.599,18479.21301,405308,59.07,NA,NA,9.8244017582499,12.9124025508869
"mlt",2007,0,0,0,NA,NA,NA,NA,0,0,0,0.596,19342.32529,406724,57.08,NA,NA,9.8700509939413,12.9158901017106
"mlt",2008,0,0,0,NA,NA,NA,NA,0,0,0,0.61,20064.46108,409379,56.53,NA,NA,9.90670542363112,12.9223966563163
"mlt",2009,0,0,0,NA,NA,NA,NA,0,0,0,0.624,19635.91578,412477,61.82,NA,NA,9.88511560610784,12.9299357256266
"mlt",2010,0,0,0,NA,NA,NA,NA,0,0,0,0.623,20750.64795,414508,60.77,NA,NA,9.94033275167733,12.9348475537331
"mlt",2011,0,0,0,NA,NA,NA,NA,0,0,0,0.623,20867.93109,416268,63.77,NA,NA,9.94596886195167,12.9390845625851
"mlt",2012,0,0,0,NA,NA,NA,NA,0,0,0,0.624,21529.39822,420028,62.16,NA,NA,9.97717463920141,12.9480766547041
"mlt",2013,0,0,0,NA,NA,NA,NA,0,0,0,0.597,22626.49814,424810,61.26,NA,NA,10.0268769825085,12.9593972891224
"mlt",2014,0,0,0,NA,NA,NA,NA,0,0,0,0.587,23866.06679,433481,57.32,NA,NA,10.0802129294675,12.9796032449458
"mmr",1990,3,3,0,NA,NA,NA,NA,4,1,1,0.02,170.2334367,39817251,125.18,1,0,5.1371706521911,17.4998108185568
"mmr",1991,3,3,0,NA,NA,NA,NA,4,1,0,0.017,166.7104399,40394154,117.77,1,0,5.11625841467039,17.5141956294906
"mmr",1992,3,3,0,NA,NA,NA,NA,0,0,0,0.017,180.3332274,40950342,107.75,1,0,5.19480640274752,17.5278707198768
"mmr",1993,3,3,0,NA,NA,NA,NA,0,0,0,0.017,188.6805253,41502429,101.75,1,0,5.24005524249105,17.5412625136086
"mmr",1994,3,3,0,NA,NA,NA,NA,0,0,0,0.017,200.1247885,42055143,112.37,1,0,5.29894111447685,17.554492243682
"mmr",1995,3,3,0,NA,NA,NA,NA,4,0,1,0.017,211.2656359,42605338,NA,1,0,5.3531162795929,17.5674901085539
"mmr",1996,3,3,0,NA,NA,NA,NA,3,0,1,0.017,222.0133598,43154860,NA,1,0,5.40273755934086,17.5803055995106
"mmr",1997,3,3,0,NA,NA,NA,NA,0,0,0,0.017,231.5879541,43708798,NA,1,0,5.44495973268816,17.5930599670333
"mmr",1998,3,3,0,NA,NA,NA,NA,0,0,0,0.017,242.1321481,44257793,225.73,1,0,5.48948364364554,17.6055420269065
"mmr",1999,3,3,0,NA,NA,NA,NA,4,1,0,0.017,265.4553351,44787724,163.06,1,0,5.58144659715131,17.6174446419783
"mmr",2000,3,3,0,NA,NA,NA,NA,0,0,0,0.018,298.5904645,45290841,177.95,1,0,5.69907295056974,17.6286153845806
"mmr",2001,3,3,0,NA,NA,NA,NA,4,2,0,0.018,328.9738727,45771139,283.45,1,0,5.79597833332618,17.6391642976162
"mmr",2002,3,3,0,NA,NA,NA,NA,4,0,1,0.018,364.8558002,46232653,206.26,1,0,5.89950220757739,17.649196881296
"mmr",2003,3,3,0,NA,NA,NA,NA,4,0,0.5,0.018,411.4987641,46667192,157.99,1,0,6.01980601671043,17.658551948985
"mmr",2004,3,3,0,NA,NA,NA,NA,3,0,0.666666666666667,0.018,463.3301357,47068772,136.96,1,0,6.13843983606591,17.6671203242331
"mmr",2005,3,3,0,NA,NA,NA,NA,4,0,1,0.018,522.0995448,47438365,128.71,1,0,6.2578582685525,17.674941847473
"mmr",2006,3,3,0,NA,NA,NA,NA,1,0,0,0.018,586.0855799,47785135,111.55,1,0,6.37346581969908,17.6822251658328
"mmr",2007,3,3,0,NA,NA,NA,NA,4,0,0,0.017,651.7297309,48125043,83.7,1,0,6.47962995282867,17.6893132440783
"mmr",2008,3,3,0,NA,NA,NA,NA,3,0,1,0.018,714.620419,48390793,64.71,1,0,6.57175151920851,17.6948201263186
"mmr",2009,3,3,0,NA,NA,NA,NA,3.33333333333333,0,0.666666666666667,0.018,785.6348532,48660459,61.04,1,0,6.66649212112744,17.7003773280742
"mmr",2010,2.98,2.98,0,NA,NA,NA,NA,0,0,0,0.033,854.932478,49024382,58.85,1,0,6.75102249271881,17.7078283241539
"mmr",2011,12.89,7.99,4.9,NA,NA,NA,NA,3.5,0,0.5,0.107,895.5125388,49419820,54.03,1,0,6.79739622341279,17.715862116268
"mmr",2012,12.89,7.99,4.9,0.0863752290606499,0.012744527310133,0.543567538261414,1.08353567123413,0,0,0,0.134,953.1230819,49837446,51.91,1,0,6.85974404736096,17.7242771871497
"mmr",2013,12.89,7.99,4.9,0.088057242333889,0.0104706780984998,0.453387439250946,0.996560275554657,4,0,1,0.157,1024.690605,50262658,48.52,1,0,6.93214599722651,17.7327729736794
"mmr",2014,12.89,7.99,4.9,0.153994768857956,0.0123809557408094,0.621492028236389,1.64935779571533,4,0,1,0.163,1099.243878,50681634,37.31,1,0,7.00237783879365,17.7410741544129
"mne",2006,0,0,0,NA,NA,NA,NA,0,0,0,0.382,5386.538338,615025,32.31,NA,NA,8.59165821973211,13.329418196369
"mne",2007,0,0,0,NA,NA,NA,NA,0,0,0,0.392,5763.04036,615875,27.41,NA,NA,8.65922045470904,13.3307992998463
"mne",2008,0,0,0,NA,NA,NA,NA,0,0,0,0.406,6149.685581,616969,28.83,NA,NA,8.72415623445298,13.3325740585135
"mne",2009,0,0,0,NA,NA,NA,NA,0,0,0,0.41,5768.657095,618294,38.08,NA,NA,8.66019459324607,13.3347193514724
"mne",2010,0,0,0,NA,NA,NA,NA,0,0,0,0.411,5917.917887,619428,40.66,NA,NA,8.68573995773716,13.3365517505367
"mne",2011,0,0,0,NA,NA,NA,NA,2,0,1,0.41,6110.660139,620345,45.44,NA,NA,8.71779008871901,13.3380310538724
"mne",2012,0,0,0,NA,NA,NA,NA,0,0,0,0.413,5948.37912,621418,53.42,NA,NA,8.69087404462075,13.3397592423706
"mne",2013,0,0,0,NA,NA,NA,NA,0,0,0,0.394,6138.251536,622587,57.49,NA,NA,8.72229521446384,13.3416386565918
"mne",2014,0,0,0,NA,NA,NA,NA,0,0,0,0.388,6272.091164,623744,56.19,NA,NA,8.74386509700114,13.3434953067631
"mng",1992,2.04,2.04,0,0.427548676729202,0.414478033781052,0.26839479804039,0.30796229839325,0,0,0,0.533,1462.674672,2167790,NA,1,0,7.28802200582051,14.5892187733815
"mng",1993,2.04,2.04,0,0.382398188114166,0.221719190478325,0.434592813253403,0.681835472583771,0,0,0,0.569,1418.065607,2165130,NA,1,0,7.25704897329963,14.5879909638054
"mng",1994,3.41,3.07,0.34,0.353535711765289,0.292719602584839,0.332961767911911,0.491221278905869,0,0,0,0.581,1432.280727,2189395,NA,1,0,7.26702336671539,14.5991358079193
"mng",1995,3.41,3.07,0.34,0.3736192882061,0.290519922971725,0.302601933479309,0.474889069795609,0,0,0,0.581,1499.264952,2224945,NA,1,0,7.31273023498538,14.6152427541758
"mng",1996,3.41,3.07,0.34,0.392399460077286,0.308472216129303,0.3724744617939,0.606027126312256,0,0,0,0.591,1509.329211,2259507,NA,1,0,7.31942059998326,14.6306572058592
"mng",1997,3.41,3.07,0.34,0.400726228952408,0.308958798646927,0.390014290809631,0.638954520225525,0,0,0,0.598,1546.080985,2291750,NA,1,0,7.3434786113459,14.644826275824
"mng",1998,3.41,3.07,0.34,0.402039349079132,0.382323503494263,0.372142523527145,0.64267361164093,0,0,0,0.6,1575.677162,2323809,NA,1,0,7.36244040298723,14.6587182076901
"mng",1999,3.41,3.07,0.34,0.351588010787964,0.300386935472488,0.42670202255249,0.749610304832459,0,0,0,0.603,1601.313539,2356813,NA,1,0,7.378579533298,14.6728208406291
"mng",2000,3.41,3.07,0.34,0.352681696414948,0.230836302042007,0.430841147899628,0.875734686851501,0,0,0,0.552,1598.31282,2388299,NA,1,0,7.37670386436478,14.6860919550368
"mng",2001,3.41,3.07,0.34,0.360487371683121,0.254893362522125,0.467747747898102,0.855500638484955,0,0,0,0.541,1625.461523,2417751,NA,1,0,7.3935470685933,14.6983483271868
"mng",2002,3.41,3.07,0.34,0.337898790836334,0.27836075425148,0.440866708755493,0.737422347068787,0,0,0,0.551,1680.653353,2449027,NA,1,0,7.42693789739031,14.7112013607817
"mng",2003,3.41,3.07,0.34,0.0552748180925846,0.0671582818031311,-0.0780309215188026,-0.0684600174427032,0,0,0,0.556,1775.649067,2480374,NA,1,0,7.48192130661727,14.7239199132226
"mng",2004,3.41,3.07,0.34,NA,NA,NA,NA,0,0,0,0.555,1942.362637,2508412,NA,1,0,7.5716603651983,14.7351604415656
"mng",2005,3.41,3.07,0.34,NA,NA,NA,NA,0,0,0,0.557,2060.261682,2536407,NA,1,0,7.63058828381307,14.7462590706213
"mng",2006,3.41,3.07,0.34,0.0623224303126335,0.0610139295458794,0,0,0,0,0,0.566,2209.743218,2567168,40.94,1,0,7.70063159681088,14.7583139037577
"mng",2007,3.41,3.07,0.34,0.0730331689119339,0.0837517008185387,-0.0804909840226173,-0.0776581019163132,0,0,0,0.566,2403.724163,2601850,36.11,1,0,7.78477454822328,14.7717332884298
"mng",2008,3.41,3.07,0.34,0.0643200874328613,0.0676598325371742,-0.0949510186910629,-0.0863821879029274,0,0,0,0.539,2576.712958,2643201,30.99,1,0,7.85426981834059,14.787501240638
"mng",2009,3.41,3.07,0.34,0.065765880048275,0.13919585943222,-0.660496354103088,-0.375461488962173,0,0,0,0.546,2498.729675,2691115,48.54,1,0,7.8235377517145,14.8054661638387
"mng",2010,4.51,4.06,0.45,0.0721686258912086,0.0953704193234444,-0.534845292568207,-0.339814692735672,0,0,0,0.565,2611.673266,2738622,30.98,1,0,7.86774639298544,14.8229654321497
"mng",2011,4.51,4.06,0.45,0.077713780105114,0.110424563288689,-0.304064720869064,-0.207056030631065,0,0,0,0.563,3010.816427,2786317,32.65,1,0,8.00996655917047,14.8402312100508
"mng",2012,4.51,4.06,0.45,0.0946355015039444,0.147655293345451,-0.0351075418293476,-0.0285938549786806,0,0,0,0.566,3318.164966,2839705,43.69,1,0,8.10716718801959,14.8592107315028
"mng",2013,4.51,4.06,0.45,0.28787699341774,0.168218731880188,0.624831140041351,1.43460547924042,0,0,0,0.557,3628.907081,2899011,49.42,1,0,8.196686802311,14.8798802023085
"mng",2014,4.51,4.06,0.45,0.274491965770721,0.199749156832695,0.555385112762451,1.30457389354706,0,0,0,0.556,3830.35892,2963113,43.96,1,0,8.25071379057766,14.9017509628518
"mys",1990,21.53,14.03,7.5,NA,NA,NA,NA,0,0,0,0.163,4184.760729,17833171,74.13,NA,NA,8.33920480781241,16.696570820353
"mys",1991,21.53,14.03,7.5,NA,NA,NA,NA,0,0,0,0.162,4456.931331,18342464,67.32,NA,NA,8.40221576582764,16.7247293669133
"mys",1992,21.53,14.03,7.5,NA,NA,NA,NA,4,0,1,0.162,4726.137892,18834572,59.11,NA,NA,8.46086363463817,16.7512046751973
"mys",1993,21.53,14.03,7.5,NA,NA,NA,NA,0,0,0,0.162,5062.591104,19322664,51.13,NA,NA,8.52963370710472,16.7767892654417
"mys",1994,21.53,14.03,7.5,NA,NA,NA,NA,0,0,0,0.162,5390.101676,19820446,43.72,NA,NA,8.59231952754702,16.8022245891356
"mys",1995,21.53,14.03,7.5,NA,NA,NA,NA,0,0,0,0.162,5771.35212,20330599,37.71,NA,NA,8.66066166827154,16.827637649017
"mys",1996,21.53,14.03,7.5,NA,NA,NA,NA,0,0,0,0.161,6190.464291,20850087,32.45,NA,NA,8.73076536948937,16.8528686788623
"mys",1997,21.53,14.03,7.5,NA,NA,NA,NA,0,0,0,0.161,6480.556495,21375218,29.3,NA,NA,8.77656166451697,16.8777427715655
"mys",1998,21.53,14.03,7.5,NA,NA,NA,NA,0,0,0,0.161,5857.967029,21906713,33.43,NA,NA,8.67555789900038,16.9023036774965
"mys",1999,21.53,14.03,7.5,NA,NA,NA,NA,0,0,0,0.162,6070.95622,22435531,34.23,NA,NA,8.71127140377187,16.9261564654874
"mys",2000,21.53,14.03,7.5,NA,NA,NA,NA,0,0,0,0.165,6455.614198,22967816,32.36,NA,NA,8.77270544949006,16.949604489605
"mys",2001,21.48,14,7.48,NA,NA,NA,NA,0,0,0,0.166,6334.927957,23526538,37.95,NA,NA,8.75383372047274,16.973639618557
"mys",2002,21.48,14,7.48,NA,NA,NA,NA,0,0,0,0.171,6516.906716,24102477,39.52,NA,NA,8.7821551122818,16.9978251732624
"mys",2003,21.48,14,7.48,NA,NA,NA,NA,3,0,1,0.173,6732.920495,24679602,41.39,NA,NA,8.81476428021773,17.0214876304533
"mys",2004,21.48,14,7.48,NA,NA,NA,NA,3,0,0,0.207,7025.34558,25256772,41.96,NA,NA,8.85727968587458,17.0446048757468
"mys",2005,21.48,14,7.48,NA,NA,NA,NA,3,0,0.5,0.209,7234.024427,25836071,40.16,NA,NA,8.88655078919973,17.0672821742341
"mys",2006,21.48,14,7.48,NA,NA,NA,NA,3,0,0,0.21,7469.810692,26417909,38.75,NA,NA,8.91862493536933,17.0895527093389
"mys",2007,21.48,14,7.48,NA,NA,NA,NA,0,0,0,0.21,7769.596934,26998389,38.27,NA,NA,8.95797356737008,17.1112877555218
"mys",2008,21.48,14,7.48,NA,NA,NA,NA,3,0,1,0.216,7976.117854,27570059,38,NA,NA,8.98420708761074,17.1322409230049
"mys",2009,21.48,14,7.48,NA,NA,NA,NA,0,0,0,0.218,7700.461113,28124778,48.53,NA,NA,8.94903549085395,17.1521615251244
"mys",2010,21.48,14,7.48,NA,NA,NA,NA,0,0,0,0.216,8118.922705,28655776,48.87,NA,NA,9.00195275255601,17.17086558639
"mys",2011,21.48,14,7.48,NA,NA,NA,NA,0,0,0,0.216,8400.322487,29162039,49.33,NA,NA,9.036025375404,17.1883783872143
"mys",2012,21.48,14,7.48,NA,NA,NA,NA,0,0,0,0.218,8710.526714,29662831,50.92,NA,NA,9.07228754034882,17.2054053385345
"mys",2013,21.48,14,7.48,NA,NA,NA,NA,0,0,0,0.206,8964.807249,30174265,52.26,NA,NA,9.10106188541769,17.222499966739
"mys",2014,21.48,14,7.48,NA,NA,NA,NA,1,0,1,0.208,9341.73056,30696137,51.94,NA,NA,9.14224679885635,17.2396473740212
"nic",1990,3.6,3.12,0.48,NA,NA,NA,NA,0,0,0,0.414,1260.873828,4162559,NA,NA,NA,7.13956027386133,15.2416405873446
"nic",1991,3.6,3.12,0.48,NA,NA,NA,NA,4,0,1,0.471,1229.806045,4259637,NA,NA,NA,7.11461174894069,15.2646945033473
"nic",1992,3.6,3.12,0.48,NA,NA,NA,NA,0,0,0,0.478,1206.962319,4357026,NA,NA,NA,7.09586200188611,15.2873002724905
"nic",1993,3.6,3.12,0.48,NA,NA,NA,NA,0,0,0,0.482,1176.115361,4453732,NA,NA,NA,7.0699722197359,15.309252954356
"nic",1994,3.6,3.12,0.48,NA,NA,NA,NA,4,0,1,0.484,1189.835161,4549316,NA,NA,NA,7.0815700563427,15.3304874499562
"nic",1995,3.6,3.12,0.48,NA,NA,NA,NA,3,0,0.333333333333333,0.485,1234.768283,4642931,NA,NA,NA,7.11863860635707,15.3508564058104
"nic",1996,3.6,3.12,0.48,NA,NA,NA,NA,0,0,0,0.45,1288.940972,4729974,NA,NA,NA,7.16157620825215,15.3694302636243
"nic",1997,3.79,3.3,0.48,NA,NA,NA,NA,4,0,1,0.409,1317.890465,4809573,86.4,NA,NA,7.1837876046286,15.3861188647526
"nic",1998,3.79,3.3,0.48,NA,NA,NA,NA,3,0,0,0.409,1346.072761,4883655,86.47,NA,NA,7.20494656595017,15.4014044728971
"nic",1999,3.79,3.3,0.48,NA,NA,NA,NA,3,0,1,0.383,1420.318301,4954018,99.83,NA,NA,7.25863628110999,15.4157095224524
"nic",2000,3.79,3.3,0.48,NA,NA,NA,NA,3.5,0,1,0.378,1458.374901,5022633,95.22,NA,NA,7.28507801326024,15.4294648561569
"nic",2001,3.79,3.3,0.48,NA,NA,NA,NA,1,0,1,0.373,1482.315172,5087825,87.48,NA,NA,7.30136044991235,15.4423609887565
"nic",2002,3.79,3.3,0.48,NA,NA,NA,NA,0,0,0,0.377,1475.486354,5149909,110.39,NA,NA,7.29674294594985,15.4544896025809
"nic",2003,4.51,3.67,0.84,NA,NA,NA,NA,0,0,0,0.371,1494.956188,5210963,109.54,NA,NA,7.30985217970975,15.4662752335015
"nic",2004,4.51,3.67,0.84,NA,NA,NA,NA,0,0,0,0.372,1555.874257,5272912,84.05,NA,NA,7.34979288977624,15.4780933295814
"nic",2005,4.51,3.67,0.84,NA,NA,NA,NA,0,0,0,0.372,1601.487707,5342105,66.61,NA,NA,7.37868829309094,15.4911303280186
"nic",2006,4.51,3.67,0.84,NA,NA,NA,NA,0,0,0,0.322,1644.371936,5418855,51.16,NA,NA,7.40511378847089,15.5053950964859
"nic",2007,4.51,3.67,0.84,NA,NA,NA,NA,0,0,0,0.216,1703.207803,5497243,30.92,NA,NA,7.44026869494501,15.5197572517963
"nic",2008,4.51,3.67,0.84,NA,NA,NA,NA,0,0,0,0.203,1736.657406,5576593,26,NA,NA,7.45971751362747,15.5340885744049
"nic",2009,4.51,3.67,0.84,NA,NA,NA,NA,0,0,0,0.197,1655.72029,5656601,29.26,NA,NA,7.41199141367398,15.5483337397536
"nic",2010,4.51,3.67,0.84,NA,NA,NA,NA,4,0,1,0.192,1704.37875,5737450,30.35,NA,NA,7.44095595381745,15.562525418716
"nic",2011,4.51,3.67,0.84,NA,NA,NA,NA,4,0,1,0.188,1786.628634,5819051,28.79,NA,NA,7.48808567822987,15.5766477479929
"nic",2012,4.51,3.67,0.84,NA,NA,NA,NA,0,0,0,0.156,1876.175972,5901287,27.85,NA,NA,7.53699092687282,15.5906810206811
"nic",2013,4.51,3.67,0.84,NA,NA,NA,NA,0,0,0,0.125,1941.456286,5983845,28.84,NA,NA,7.57119363333751,15.6045738958946
"nic",2014,4.51,3.67,0.84,NA,NA,NA,NA,0,0,0,0.126,2006.648696,6066492,28.69,NA,NA,7.60422129411293,15.6182910717556
"nld",1990,16.5,9,7.5,NA,0.0539006106555462,NA,NA,3,0,0,0.814,31308.91342,14951510,NA,1,0,10.3516581097898,16.520322856045
"nld",1991,16.5,9,7.5,NA,0.0457524657249451,NA,NA,3,0,0,0.814,31820.8313,15069798,NA,1,0,10.3678764266291,16.5282031663987
"nld",1992,16.5,9,7.5,NA,0.0501164756715298,NA,NA,4,0,1,0.814,32119.95188,15184166,NA,1,0,10.3772326699276,16.5357637323327
"nld",1993,16.5,9,7.5,NA,0.0544797778129578,NA,NA,4,0,1,0.814,32297.97662,15290368,NA,1,0,10.3827598639049,16.5427336456339
"nld",1994,17.5,10,7.5,NA,0.060806181281805,NA,NA,4,0,1,0.813,33054.44956,15382838,NA,1,0,10.4059114673828,16.5487630303767
"nld",1995,17.5,10,7.5,0.395798772573471,0.0527236424386501,0.744612991809845,2.90523338317871,4,0,1,0.812,33916.50079,15459006,NA,1,0,10.4316569239122,16.5537023041018
"nld",1996,17.5,10,7.5,0.325158923864365,0.0550449341535568,0.680550217628479,2.04742527008057,4,0,1,0.812,34915.17159,15530498,NA,1,0,10.4606767297747,16.5583162615779
"nld",1997,17.5,10,7.5,0.318596184253693,0.0561751089990139,0.7109015583992,2.07031726837158,0,0,0,0.805,36211.64929,15610650,NA,1,0,10.4971361496374,16.5634639315991
"nld",1998,17.5,10,7.5,0.322087556123734,0.0573546215891838,0.665594398975372,1.99328899383545,4,0,1,0.799,37661.73373,15707209,NA,1,0,10.5363998375296,16.5696303369059
"nld",1999,17.5,10,7.5,0.327708452939987,0.0548636093735695,0.66488653421402,1.98003149032593,2.66666666666667,0,0.333333333333333,0.817,39298.73344,15812088,NA,1,0,10.5789475693482,16.5762852687766
"nld",2000,17.5,10,7.5,0.335231512784958,0.0559124536812305,0.668949663639069,2.02694463729858,2,0,0,0.808,40665.33817,15925513,NA,1,0,10.6131313665629,16.5834329724044
"nld",2001,17.5,10,7.5,0.329643934965134,0.0554128475487232,0.666616797447205,2.08658981323242,3,0,1,0.808,41297.31988,16046180,NA,1,0,10.6285528828967,16.5909813729818
"nld",2002,17.5,10,7.5,0.337183177471161,0.0567811839282513,0.664294362068176,2.2053701877594,0,0,0,0.803,41135.41907,16148929,NA,1,0,10.6246248072259,16.5973642896445
"nld",2003,17.5,10,7.5,0.345619082450867,0.0615019425749779,0.676067471504211,2.30301284790039,3,0,1,0.813,40981.8477,16225302,NA,1,0,10.6208845086242,16.6020824336324
"nld",2004,17.5,10,7.5,0.341297119855881,0.0638717636466026,0.663584113121033,2.11758613586426,0,0,0,0.813,41663.14778,16281779,NA,1,0,10.6373722707699,16.6055571877528
"nld",2005,17.5,10,7.5,0.342542499303818,0.0615704283118248,0.665333449840546,2.12509179115295,0,0,0,0.813,42411.34538,16319868,NA,1,0,10.655171185144,16.6078938192322
"nld",2006,19.93,12.43,7.5,0.323671132326126,0.0517097637057304,0.676778554916382,2.23946523666382,0,0,0,0.817,43841.12234,16346101,NA,1,0,10.6883275221154,16.6094999559208
"nld",2007,19.93,12.43,7.5,0.331520736217499,0.0512644052505493,0.679441213607788,2.30053043365479,0,0,0,0.823,45445.52287,16381696,NA,1,0,10.7242695880428,16.6116751719327
"nld",2008,19.93,12.43,7.5,0.332203567028046,0.0525503158569336,0.667378962039948,2.36060929298401,0,0,0,0.823,46227.21116,16445593,NA,1,0,10.7413238898328,16.6155680965477
"nld",2009,19.93,12.43,7.5,0.333135157823563,0.0573774613440037,0.676352918148041,2.5604395866394,0,0,0,0.823,44304.41193,16530388,NA,1,0,10.6988395431736,16.620710941996
"nld",2010,19.93,12.43,7.5,0.326180994510651,0.0579853653907776,0.664522111415863,2.52927279472351,0,0,0,0.828,44659.27284,16615394,NA,1,0,10.7068172431299,16.6258401730016
"nld",2011,19.93,12.43,7.5,0.318952649831772,0.0609547197818756,0.683833777904511,2.52273440361023,4,0,1,0.827,45239.73189,16693074,NA,1,0,10.7197310038199,16.6305044608236
"nld",2012,19.93,12.43,7.5,0.311557859182358,0.0651115402579308,0.69190114736557,2.49294137954712,0,0,0,0.825,44631.87454,16754962,NA,1,0,10.7062035585338,16.6342050111713
"nld",2013,19.93,12.43,7.5,0.294684261083603,0.0649762377142906,0.683867275714874,2.36419725418091,0,0,0,0.83,44487.03063,16804432,NA,1,0,10.7029529791587,16.6371532191057
"nld",2014,19.93,12.43,7.5,0.293402105569839,0.063361294567585,0.686943590641022,2.32584238052368,3,0,1,0.831,45042.06695,16865008,NA,1,0,10.7153521531904,16.6407515008329
"nor",1990,11.11,11.11,0,NA,NA,NA,NA,0,0,0,0.845,49937.45576,4241473,21.99,0,0,10.8185266166009,15.2604211725371
"nor",1991,11.11,11.11,0,NA,NA,NA,NA,0,0,0,0.845,51233.03612,4261732,22.52,0,0,10.8441398396706,15.2651862083872
"nor",1992,11.11,11.11,0,NA,NA,NA,NA,0,0,0,0.845,52758.94525,4286401,26.69,0,0,10.8734886151606,15.2709580110685
"nor",1993,11.11,11.11,0,NA,NA,NA,NA,0,0,0,0.846,53938.0213,4311991,34.65,0,0,10.895590912669,15.2769103043703
"nor",1994,11.11,11.11,0,NA,NA,NA,NA,0,0,0,0.847,56343.01054,4336613,32.34,0,0,10.9392134752175,15.2826041866479
"nor",1995,11.11,11.11,0,0.355511158704758,NA,NA,NA,0,0,0,0.847,58380.56847,4359184,30.19,0,0,10.9747383817708,15.2877954418461
"nor",1996,11.11,11.11,0,0.356754809617996,NA,NA,NA,0,0,0,0.847,61005.88004,4381336,27.01,0,0,11.0187255326082,15.2928642586737
"nor",1997,11.11,11.11,0,0.367006868124008,NA,NA,NA,0,0,0,0.847,63882.4765,4405157,24.2,0,0,11.06480036958,15.298286458034
"nor",1998,11.11,11.11,0,0.369336247444153,NA,NA,NA,4,0,1,0.848,65197.94631,4431464,21.8,0,0,11.0851832491058,15.3042405614674
"nor",1999,11.11,11.11,0,0.376855134963989,NA,NA,NA,2.66666666666667,0,0.333333333333333,0.848,66094.73545,4461913,20.43,0,0,11.0988443774334,15.3110881558016
"nor",2000,11.11,11.11,0,0.371563285589218,NA,NA,NA,1.5,0,0,0.857,67846.59686,4490967,18.95,0,0,11.1250045071886,15.3175786040135
"nor",2001,12.11,12.11,0,0.386277109384537,NA,NA,NA,2,0,1,0.858,68899.5269,4513751,17.79,0,0,11.140404590505,15.3226390731191
"nor",2002,12.11,12.11,0,0.310918480157852,NA,NA,NA,0,0,0,0.86,69472.98368,4538159,18.61,0,0,11.1486932319513,15.3280319811696
"nor",2003,12.11,12.11,0,0.309464037418365,NA,NA,NA,0,0,0,0.86,69719.31226,4564855,20.92,0,0,11.1522326352709,15.3338973080894
"nor",2004,12.11,12.11,0,0.305021107196808,NA,NA,NA,0,0,0,0.86,72090.98629,4591910,17.94,0,0,11.1856842986755,15.3398066174863
"nor",2005,12.11,12.11,0,0.30156996846199,NA,NA,NA,4,0,1,0.862,73524.25492,4623291,16.73,0,0,11.2053706296748,15.3466173471282
"nor",2006,12.11,12.11,0,0.302545130252838,NA,NA,NA,0,0,0,0.864,74729.7366,4660677,12.11,0,0,11.2216333722292,15.3546712745198
"nor",2007,12.11,12.11,0,0.315530836582184,NA,NA,NA,0,0,0,0.864,76115.70668,4709153,11.24,0,0,11.2400099178226,15.3650186196726
"nor",2008,12.11,12.11,0,0.32457223534584,NA,NA,NA,1,0,0,0.864,75535.2118,4768212,13.35,0,0,11.232354207972,15.3774819498261
"nor",2009,12.11,12.11,0,0.329913318157196,NA,NA,NA,0,0,0,0.866,73141.30733,4828726,25.73,0,0,11.2001485658942,15.3900932227199
"nor",2010,12.11,12.11,0,0.337349623441696,NA,NA,NA,0,0,0,0.869,72804.39562,4889252,25.07,0,0,11.1955316117576,15.4025498845155
"nor",2011,12.11,12.11,0,0.339144617319107,NA,NA,NA,3.66666666666667,0,1,0.869,72660.67541,4953088,19.84,0,0,11.1935556012178,15.4155217784224
"nor",2012,12.11,12.11,0,0.340445160865784,NA,NA,NA,3,0,1,0.869,73661.67858,5018573,20.69,0,0,11.2072379779555,15.4286561883093
"nor",2013,12.11,12.11,0,0.342953681945801,NA,NA,NA,3,0,1,0.863,73515.91449,5079623,19.55,0,0,11.2052571854365,15.4407476042023
"nor",2014,12.11,12.11,0,0.339095383882523,NA,NA,NA,3,0,1,0.866,74180.32387,5137232,15.35,0,0,11.2142542170357,15.4520249709758
"npl",1990,8,8,0,NA,NA,NA,NA,0,0,0,0.217,422.7247386,19524573,45.99,1,0,6.04672123105539,16.7871843840527
"npl",1991,8,8,0,NA,NA,NA,NA,0,0,0,0.309,438.1561942,20036500,45.89,1,0,6.08257545456957,16.8130661682291
"npl",1992,10,10,0,NA,NA,NA,NA,0,0,0,0.321,443.4620448,20609707,50.2,1,0,6.09461221702761,16.8412727363658
"npl",1993,10,10,0,NA,NA,NA,NA,0,0,0,0.326,448.1309409,21180159,50.98,1,0,6.1050854685045,16.8685754051915
"npl",1994,10,10,0,NA,NA,NA,NA,0,0,0,0.326,472.9510828,21717479,52.89,1,0,6.15899196411633,16.8936279781536
"npl",1995,10,10,0,NA,NA,NA,NA,0,0,0,0.318,477.7410996,22245439,52.12,1,0,6.16906895311953,16.9176475567994
"npl",1996,10,10,0,NA,NA,NA,NA,0,0,0,0.312,492.212428,22741862,50.28,1,0,6.1989103875366,16.9397179250805
"npl",1997,10,10,0,NA,NA,NA,NA,0,0,0,0.311,506.4268744,23219463,47.19,1,0,6.2273799389321,16.9605014073516
"npl",1998,10,10,0,NA,NA,NA,NA,0,0,0,0.31,511.5487113,23680357,51.37,1,0,6.23744281311544,16.9801564438799
"npl",1999,11,11,0,NA,NA,NA,NA,0,0,0,0.307,524.2725691,24125199,55.79,1,0,6.26201171911767,16.99876745386
"npl",2000,11,11,0,NA,NA,NA,NA,0,0,0,0.291,547.2210823,24546509,50.79,1,0,6.3048528931612,17.0160802025008
"npl",2001,11,11,0,NA,NA,NA,NA,0,0,0,0.283,564.2862292,24946748,50.77,1,0,6.33556162134577,17.0322540309854
"npl",2002,11,11,0,NA,NA,NA,NA,0,0,0,0.221,556.4384545,25328981,51.82,1,0,6.32155657070926,17.0474597921912
"npl",2003,3,3,0,NA,NA,NA,NA,0,0,0,0.145,570.2896736,25688758,52.97,1,0,6.34614443103731,17.0615640222576
"npl",2004,3,3,0,NA,NA,NA,NA,3,0,0,0.145,589.4699287,26016656,51.32,1,0,6.37922370714109,17.0742475062639
"npl",2005,3,3,0,NA,NA,NA,NA,3,0,0,0.149,603.1901086,26309458,45.13,1,0,6.40223241834974,17.0854390522722
"npl",2006,3,3,0,NA,NA,NA,NA,0,0,0,0.21,617.4776386,26565425,42.87,1,0,6.42564285505291,17.0951211162335
"npl",2007,3,3,0,NA,NA,NA,NA,0,0,0,0.277,633.2261291,26788492,37.89,1,0,6.45082759231656,17.1034829502761
"npl",2008,3,3,0,NA,NA,NA,NA,0,0,0,0.413,666.8650954,26990037,36.76,1,0,6.50258776968705,17.1109783558713
"npl",2009,3,3,0,NA,NA,NA,NA,0,0,0,0.471,692.4000008,27173035,39.46,1,0,6.54016382445746,17.1177356792495
"npl",2010,3,3,0,NA,NA,NA,NA,0,0,0,0.465,721.2652214,27341952,35.39,1,0,6.58100692179373,17.1239327839316
"npl",2011,3,3,0,NA,NA,NA,NA,0,0,0,0.472,742.6172527,27464494,32.42,1,0,6.6101807743037,17.1284046011411
"npl",2012,3,3,0,NA,NA,NA,NA,0,0,0,0.31,775.3105785,27534915,34.51,1,0,6.65326369552755,17.1309653936937
"npl",2013,3,3,0,NA,NA,NA,NA,0,0,0,0.191,801.0390608,27589996,31.9,1,0,6.68590971092308,17.1329638012134
"npl",2014,3,3,0,NA,NA,NA,NA,0,0,0,0.501,846.6655418,27672370,27.55,1,0,6.74130574276091,17.1359450004262
"nzl",1990,10,10,0,NA,NA,NA,NA,0,0,0,0.808,26395.6956,3329800,55.51,0,0,10.1809562303865,15.0184228000929
"nzl",1991,10,10,0,NA,NA,NA,NA,0,0,0,0.809,24873.01165,3495100,58,0,0,10.1215386251636,15.066872545544
"nzl",1992,10,10,0,NA,NA,NA,NA,0,0,0,0.809,24884.49574,3531700,58.68,0,0,10.1220002274747,15.0772898993862
"nzl",1993,10,10,0,NA,NA,NA,NA,0,0,0,0.814,26174.83377,3572200,54.58,0,0,10.1725536850022,15.0886922104525
"nzl",1994,10,10,0,NA,NA,NA,NA,0,0,0,0.813,27151.47171,3620000,48.92,0,0,10.2091865305228,15.101984583802
"nzl",1995,10,10,0,NA,NA,NA,NA,0,0,0,0.813,28020.24887,3673400,43.48,0,0,10.2406827017216,15.1166282216766
"nzl",1996,10,10,0,NA,NA,NA,NA,0,0,0,0.82,28576.43998,3732000,37.26,0,0,10.2603378803942,15.1324548409494
"nzl",1997,10,10,0,NA,NA,NA,NA,0,0,0,0.825,28790.30012,3781300,34.64,0,0,10.2677938080048,15.1455784238144
"nzl",1998,11,11,0,NA,NA,NA,NA,0,0,0,0.825,28780.93418,3815000,34.48,0,0,10.2674684392613,15.1544512227007
"nzl",1999,11,11,0,NA,NA,NA,NA,0,0,0,0.825,30169.7402,3835100,32,0,0,10.3145947209128,15.1597060680628
"nzl",2000,11,11,0,NA,NA,NA,NA,0,0,0,0.827,30853.80764,3857700,30.02,0,0,10.3370154460286,15.1655817089266
"nzl",2001,11,11,0,NA,NA,NA,0.117154084146023,0,0,0,0.827,31718.76284,3880500,28.16,0,0,10.3646636724661,15.1714745692763
"nzl",2002,11,11,0,NA,NA,0.0839662924408913,0.120247855782509,0,0,0,0.826,32641.82022,3948500,26.4,0,0,10.3933495740673,15.1888463179198
"nzl",2003,11,11,0,NA,NA,0.0931562632322311,0.105586193501949,0,0,0,0.825,33517.08933,4027200,24.72,0,0,10.4198107169952,15.2085819033632
"nzl",2004,11,11,0,NA,NA,0.0972146168351173,0.113632321357727,0,0,0,0.825,34372.58911,4087500,22.5,0,0,10.4450146975275,15.2234440941876
"nzl",2005,11,11,0,NA,NA,0.113566607236862,0.129410848021507,0,0,0,0.824,35126.33416,4133900,20.78,0,0,10.4667063891176,15.2347318292844
"nzl",2006,11,11,0,NA,NA,0.131458595395088,0.167691960930824,0,0,0,0.822,35665.35333,4184600,18.4,0,0,10.4819350015746,15.2469216778873
"nzl",2007,11,11,0,NA,NA,0.140921980142593,0.159680142998695,0,0,0,0.822,36414.3173,4223800,16.31,0,0,10.5027173087075,15.2562457547624
"nzl",2008,11,11,0,NA,NA,NA,NA,0,0,0,0.825,35739.35846,4259800,18.97,0,0,10.4840078383565,15.2647327687866
"nzl",2009,11,11,0,0.11473536491394,0.0663220062851906,0.158780738711357,0.221816003322601,0,0,0,0.839,35370.58519,4302600,24.27,0,0,10.4736358268747,15.2747300490987
"nzl",2010,11,11,0,0.114048555493355,0.0746277198195457,0.1611198335886,0.218683183193207,0,0,0,0.839,35489.76315,4350700,29.6,0,0,10.4769995719074,15.2858473096589
"nzl",2011,11,11,0,0.0963860601186752,0.0756169185042381,0.181165918707848,0.247884392738342,0,0,0,0.837,35957.52325,4384000,34.68,0,0,10.4900936110745,15.29347210761
"nzl",2012,11,11,0,0.109482139348984,0.0736538395285606,0.198851987719536,0.266613513231277,0,0,0,0.84,36607.14939,4408100,35.66,0,0,10.507998838838,15.298954315583
"nzl",2013,11,11,0,0.117795437574387,0.0718366429209709,0.186496332287788,0.267559260129929,0,0,0,0.832,37267.6587,4442100,34.55,0,0,10.5258811705376,15.3066377955649
"nzl",2014,11,11,0,0.110121503472328,0.0726740509271622,0.144537329673767,0.184551939368248,0,0,0,0.831,38056.26467,4516500,34.15,0,0,10.5468209928388,15.323247915572
"pak",1990,17.58,12.35,5.23,NA,NA,NA,NA,3.5,0.5,0.5,0.198,950.8846448,116155576,48.28,NA,NA,6.85739275634477,18.570441022916
"pak",1991,17.58,12.35,5.23,NA,NA,NA,NA,3,0,0,0.196,966.5224957,120060406,55.77,NA,NA,6.87370457380432,18.6035055574248
"pak",1992,17.58,12.35,5.23,NA,NA,NA,NA,0,0,0,0.196,1011.625084,123546848,53.33,NA,NA,6.91931331085058,18.632130978135
"pak",1993,17.58,12.35,5.23,NA,NA,NA,NA,5,5,1,0.201,1001.258548,127020117,57.93,NA,NA,6.90901303567447,18.6598560334535
"pak",1994,17.59,12.36,5.23,NA,NA,NA,NA,5,5,1,0.201,1009.064295,130748083,58.53,NA,NA,6.91677873982992,18.6887829992339
"pak",1995,17.59,12.36,5.23,NA,NA,NA,NA,5,5,1,0.201,1028.965924,134582253,52.33,NA,NA,6.93630961963946,18.7176861165562
"pak",1996,17.59,12.36,5.23,NA,NA,NA,NA,5,5,1,0.201,1047.886635,138557092,52.53,NA,NA,6.95453068631997,18.7467930152602
"pak",1997,17.59,12.36,5.23,NA,NA,NA,NA,5,5,1,0.196,1028.998048,142531804,52.78,NA,NA,6.93634083884488,18.7750757187356
"pak",1998,17.59,12.36,5.23,NA,NA,NA,NA,5,5,1,0.199,1026.500337,146522356,53.82,NA,NA,6.93391056475898,18.8026885754617
"pak",1999,17.59,12.36,5.23,NA,NA,NA,NA,4.5,3.5,0.5,0.167,1035.498882,150565377,60.74,NA,NA,6.9426386011634,18.8299079465005
"pak",2000,3,2.94,0.06,NA,NA,NA,NA,4,2,0,0.094,1049.542297,154879127,61.67,NA,NA,6.95610944049718,18.8581555448548
"pak",2001,14.63,14.57,0.06,NA,NA,NA,NA,4,2,1,0.091,1057.867678,159270907,65.15,NA,NA,6.96401053654365,18.886117127944
"pak",2002,14.63,14.57,0.06,NA,NA,NA,NA,4,2.5,1,0.132,1059.04171,163222549,60.53,NA,NA,6.9651197310392,18.9106251588421
"pak",2003,28.26,23.03,5.23,NA,NA,NA,NA,4,2.5,1,0.19,1090.27524,167110248,56.33,NA,NA,6.99418545710842,18.9341643202309
"pak",2004,28.26,23.03,5.23,NA,NA,NA,NA,2.5,0.5,0.5,0.192,1146.996328,171286000,50.61,NA,NA,7.0449019157293,18.9588452319918
"pak",2005,28.26,23.03,5.23,NA,NA,NA,NA,2.5,0.25,0.5,0.189,1201.233594,175453212,47.88,NA,NA,7.09110430275107,18.982882967036
"pak",2006,28.26,23.03,5.23,NA,NA,NA,NA,2.5,0.25,0,0.187,1243.941426,179682690,46.19,NA,NA,7.12604018698158,19.006703019902
"pak",2007,28.26,23.03,5.23,NA,NA,NA,NA,2,0.666666666666667,0,0.185,1265.355675,184493231,44.21,NA,NA,7.14310852764977,19.0331233324249
"pak",2008,28.26,23.03,5.23,NA,NA,NA,NA,3,0.333333333333333,0.333333333333333,0.223,1258.051889,189499113,49.48,NA,NA,7.13731968362755,19.059894901737
"pak",2009,17.69,12.46,5.23,NA,NA,NA,NA,2.5,0.25,0.25,0.259,1269.074321,194376534,54.57,NA,NA,7.1460430325873,19.085307732828
"pak",2010,23.32,17.15,6.17,NA,NA,NA,NA,1,0,0,0.285,1256.694822,199239047,56.72,NA,NA,7.1362403962975,19.1100159029818
"pak",2011,24.45,18.28,6.17,NA,NA,NA,NA,1,0,0,0.283,1261.831619,203746065,56.15,NA,NA,7.14031961026912,19.1323849970153
"pak",2012,23.56,17.39,6.17,NA,NA,NA,NA,2.5,0,0,0.283,1275.488069,207667125,58.36,NA,NA,7.15108418355929,19.1514469951438
"pak",2013,25.83,19.67,6.17,NA,NA,NA,NA,2.5,0.5,0,0.285,1309.700804,211073978,59.23,NA,NA,7.17755399621621,19.1677192366273
"pak",2014,25.83,19.67,6.17,NA,NA,NA,NA,1.75,0.25,0.25,0.283,1343.307781,214264647,58.78,NA,NA,7.20289034450362,19.1827224771661
"pan",1990,5.06,5.01,0.05,NA,NA,NA,NA,0,0,0,0.367,4828.758777,2455583,NA,NA,NA,8.48234473163351,14.7138747655599
"pan",1991,5.06,5.01,0.05,NA,NA,NA,NA,0,0,0,0.507,5172.606901,2508265,NA,NA,NA,8.55113207658835,14.7351018370351
"pan",1992,5.06,5.01,0.05,NA,NA,NA,NA,0,0,0,0.518,5480.880635,2561336,NA,NA,NA,8.60902106684875,14.7560395553263
"pan",1993,5.06,5.01,0.05,NA,NA,NA,NA,0,0,0,0.522,5661.076249,2615099,NA,NA,NA,8.64136930312101,14.7768125132731
"pan",1994,5.06,5.01,0.05,NA,NA,NA,NA,0,0,0,0.533,5703.673376,2669546,NA,NA,NA,8.6488656981825,14.7974189784652
"pan",1995,5.06,5.01,0.05,NA,NA,NA,NA,0,0,0,0.534,5686.40439,2724557,NA,NA,NA,8.64583340997748,14.8178164040564
"pan",1996,5.07,5.01,0.06,NA,NA,NA,NA,0,0,0,0.534,5799.885584,2780227,NA,NA,NA,8.66559346944338,14.8380431370095
"pan",1997,5.3,5.06,0.24,NA,NA,NA,NA,0,0,0,0.534,6122.646633,2836695,NA,NA,NA,8.71974973839661,14.8581502000807
"pan",1998,5.3,5.06,0.24,NA,NA,NA,NA,0,0,0,0.524,6504.970098,2893914,NA,NA,NA,8.78032179416433,14.8781204690769
"pan",1999,5.3,5.06,0.24,NA,NA,NA,NA,0,0,0,0.524,6709.722742,2951822,NA,NA,NA,8.8113129089928,14.8979331647815
"pan",2000,5.42,5.06,0.36,NA,NA,NA,NA,0,0,0,0.549,6856.149188,3010369,NA,NA,NA,8.8329012202509,14.9175732205735
"pan",2001,5.42,5.06,0.36,NA,NA,NA,NA,0,0,0,0.558,6787.862658,3069537,NA,NA,NA,8.82289139309109,14.9370372938575
"pan",2002,5.42,5.06,0.36,NA,NA,NA,NA,0,0,0,0.558,6825.177478,3129344,NA,NA,NA,8.82837362381762,14.9563339558859
"pan",2003,5.36,5.06,0.3,NA,NA,NA,NA,0,0,0,0.558,7037.081649,3189807,NA,NA,NA,8.85894882471294,14.9754709713633
"pan",2004,5.36,5.06,0.3,NA,NA,NA,NA,0,0,0,0.561,7468.765935,3251155,NA,NA,NA,8.91848506166813,14.9945208757871
"pan",2005,5.36,5.06,0.3,NA,NA,NA,NA,0,0,0,0.547,7935.871345,3313026,NA,NA,NA,8.97914843726576,15.0133725291233
"pan",2006,5.36,5.06,0.3,NA,NA,NA,NA,0,0,0,0.547,8557.980174,3375024,NA,NA,NA,9.05461948031131,15.0319129933746
"pan",2007,5.36,5.06,0.3,NA,NA,NA,NA,0,0,0,0.547,9507.646402,3437490,NA,NA,NA,9.15985163826393,15.0502521118618
"pan",2008,5.36,5.06,0.3,NA,NA,NA,NA,0,0,0,0.547,10288.15498,3500648,NA,NA,NA,9.23874851051635,15.06845865218
"pan",2009,5.36,5.06,0.3,NA,NA,NA,NA,0,0,0,0.549,10267.06331,3564381,NA,NA,NA,9.23669631363819,15.0865009642161
"pan",2010,5.36,5.06,0.3,NA,NA,NA,NA,0,0,0,0.554,10698.07175,3628535,NA,NA,NA,9.2778187939298,15.104339543513
"pan",2011,5.36,5.06,0.3,NA,NA,NA,NA,0,0,0,0.554,11761.49884,3693505,NA,NA,NA,9.37258666571221,15.1220864296795
"pan",2012,5.36,5.06,0.3,NA,NA,NA,NA,0,0,0,0.554,12668.29454,3759256,NA,NA,NA,9.44685765809869,15.1397316234463
"pan",2013,5.36,5.06,0.3,NA,NA,NA,NA,2.5,0,0,0.547,13236.83065,3825329,NA,NA,NA,9.49075842394756,15.1571550346158
"pan",2014,5.36,5.06,0.3,NA,NA,NA,NA,0,0,0,0.544,13611.54907,3892101,NA,NA,NA,9.51867390768447,15.1744596726194
"per",1990,16,16,0,NA,NA,NA,NA,0,0,0,0.393,2706.922532,22014771,NA,0,0,7.90356767154688,16.9072241951193
"per",1991,16,16,0,NA,NA,NA,NA,3,0,0,0.39,2709.277545,22483775,NA,0,0,7.90443728977181,16.9283044959379
"per",1992,16,16,0,NA,NA,NA,NA,4,0,0,0.115,2640.313739,22946340,NA,0,0,7.87865302960969,16.9486690046288
"per",1993,11,11,0,NA,NA,NA,NA,0,0,0,0.095,2723.284231,23413783,NA,0,0,7.90959386879083,16.9688354240195
"per",1994,11,11,0,NA,NA,NA,NA,0,0,0,0.094,2998.576931,23881493,NA,0,0,8.00589309877436,16.9886143654723
"per",1995,11,11,0,0.233487218618393,0.0191313978284597,0.795041739940643,3.731440782547,4,1.5,1,0.106,3158.983386,24348919,NA,0,0,8.058005541529,17.0079980122569
"per",1996,11,11,0,0.275339514017105,0.0202754605561495,0.775664508342743,3.55963778495789,4,0,1,0.129,3186.90077,24811171,NA,0,0,8.06680417806816,17.0268045532644
"per",1997,11,11,0,0.249248221516609,0.0195911228656769,0.765857458114624,3.51363801956177,4,0,1,0.125,3331.151511,25274147,NA,0,0,8.11107332229886,17.0452925735377
"per",1998,11,11,0,0.210786327719688,0.0203765463083982,0.741174757480621,2.85118222236633,3,0,1,0.12,3258.297462,25738095,NA,0,0,8.08896008702,17.0634827480694
"per",1999,11,11,0,0.235866844654083,0.0191618893295527,0.766486763954163,3.6229887008667,0,0,0,0.12,3250.378023,26186504,NA,0,0,8.08652658332898,17.0807547215105
"per",2000,11,11,0,0.23564501106739,0.0202623903751373,0.802724480628967,3.84959006309509,0,0,0,0.185,3286.273085,26598331,NA,0,0,8.09750940074365,17.0963590274225
"per",2001,11,11,0,0.246193885803223,0.0194153320044279,0.792332947254181,3.76682806015015,0,0,0,0.567,3261.664251,26964601,NA,0,0,8.08999285053839,17.110035489685
"per",2002,11,11,0,0.275046676397324,0.0217748358845711,0.816010713577271,4.15683078765869,0,0,0,0.648,3398.749914,27288217,43.4,0,0,8.13116297064326,17.1219655552624
"per",2003,18.06,18.06,0,0.273048043251038,0.0208585672080517,0.847611963748932,4.79194974899292,1,0,0,0.651,3502.791657,27580490,43.58,0,0,8.16131554583639,17.1326191966691
"per",2004,18.06,18.06,0,0.297054171562195,0.0215123016387224,0.860030174255371,4.81793212890625,0,0,0,0.651,3640.602999,27852190,39.83,0,0,8.19990460597677,17.1424221567935
"per",2005,18.06,18.06,0,0.297692537307739,0.0200058184564114,0.912079155445099,5.64574575424194,0,0,0,0.659,3835.132193,28101180,37.23,0,0,8.25195918335069,17.1513221263049
"per",2006,18.06,18.06,0,0.329080104827881,0.0158552154898643,0.87744140625,6.24710941314697,0,0,0,0.652,4091.362686,28324491,29.92,0,0,8.31663336860749,17.1592373947257
"per",2007,18.06,18.06,0,0.33318230509758,0.0169718340039253,1.06560099124908,7.58591461181641,0,0,0,0.647,4407.791217,28530699,25.78,0,0,8.39112898514658,17.1664912234153
"per",2008,18.06,18.06,0,0.377815514802933,0.02204704657197,0.879322290420532,5.88858222961426,0,0,0,0.65,4778.526422,28719041,23.17,0,0,8.47188749804116,17.1730709102219
"per",2009,18.06,18.06,0,0.37777978181839,0.0236807893961668,0.799466788768768,5.1623854637146,0,0,0,0.649,4801.171537,28896811,22.7,0,0,8.47661523732403,17.1792418009733
"per",2010,18.06,18.06,0,0.374422311782837,0.022715762257576,0.811258435249329,6.17793083190918,0,0,0,0.658,5167.392593,29086019,20.63,0,0,8.55012350624073,17.1857681699548
"per",2011,18.06,18.06,0,0.354459464550018,0.0222641788423061,0.950356125831604,6.24708938598633,0,0,0,0.67,5453.457187,29304086,18.32,0,0,8.60400503278329,17.1932375181894
"per",2012,18.06,18.06,0,0.405214369297028,0.0234370790421963,0.869905114173889,6.59268426895142,0,0,0,0.698,5740.043463,29550366,16.84,0,0,8.65522206123616,17.2016066875265
"per",2013,20.06,20.06,0,0.395843088626862,0.0250430777668953,0.854296624660492,6.91400241851807,0,0,0,0.689,6021.461428,29817919,16.06,0,0,8.70308527096716,17.2106200794868
"per",2014,20.06,20.06,0,0.366079866886139,0.0239443648606539,0.896504640579224,7.47814989089966,0,0,0,0.691,6103.918647,30115826,16.93,0,0,8.71668624505765,17.2205613722757
"phl",1990,8.42,8.32,0.11,NA,NA,NA,NA,0,0,0,0.43,1704.075689,62854666,NA,NA,NA,7.44077812483002,17.9563357304994
"phl",1991,10.49,10.39,0.11,NA,NA,NA,NA,0,0,0,0.433,1656.383497,64382249,NA,NA,NA,7.41239188844863,17.9803485164339
"phl",1992,11.49,11.39,0.11,NA,NA,NA,NA,0,0,0,0.425,1624.349398,65926125,NA,NA,NA,7.39286264413265,18.0040453549044
"phl",1993,11.49,11.39,0.11,NA,NA,NA,NA,0,0,0,0.406,1620.355058,67530621,NA,NA,NA,7.39040057581678,18.0280916974217
"phl",1994,11.49,11.39,0.11,NA,NA,NA,NA,1,0,1,0.409,1654.746139,69019291,NA,NA,NA,7.41140288571334,18.0498966031966
"phl",1995,11.49,11.39,0.11,NA,NA,NA,NA,4,0,1,0.414,1693.808731,70546246,NA,NA,NA,7.43473495915599,18.0717790243584
"phl",1996,11.49,11.39,0.11,NA,NA,NA,NA,4,0,1,0.416,1752.238001,72190242,NA,NA,NA,7.46864910758983,18.0948154423746
"phl",1997,11.49,11.39,0.11,NA,NA,NA,NA,4,0,1,0.416,1800.259131,73908810,NA,NA,NA,7.49568589518944,18.1183425939685
"phl",1998,11.49,11.39,0.11,NA,NA,NA,NA,3.5,0,0.5,0.428,1746.525905,75791024,NA,NA,NA,7.46538389665907,18.1434904267142
"phl",1999,11.49,11.39,0.11,NA,NA,NA,NA,2.5,0,1,0.437,1759.421052,77753257,NA,NA,NA,7.47274008618975,18.1690509988215
"phl",2000,11.49,11.39,0.11,NA,NA,NA,NA,2.5,0,1,0.439,1793.347611,79625397,NA,NA,NA,7.49183932598019,18.1928436577154
"phl",2001,11.49,11.39,0.11,NA,NA,NA,NA,1,0,1,0.409,1807.708925,81401488,NA,NA,NA,7.49981553518165,18.214904110904
"phl",2002,11.49,11.39,0.11,NA,NA,NA,NA,4,0,1,0.394,1837.254293,83068889,NA,NA,NA,7.51602750405069,18.2351808094631
"phl",2003,11.49,11.39,0.11,NA,NA,NA,NA,1,0,0,0.393,1892.82162,84731835,NA,NA,NA,7.5458239153905,18.2550019449683
"phl",2004,11.49,11.39,0.11,NA,NA,NA,NA,0,0,0,0.354,1978.344891,86394504,NA,NA,NA,7.59001586048159,18.2744346206399
"phl",2005,11.49,11.39,0.11,NA,NA,NA,NA,0,0,0,0.348,2037.877661,88015962,NA,NA,NA,7.61966418303091,18.2930287423576
"phl",2006,11.49,11.39,0.11,NA,NA,NA,NA,0,0,0,0.346,2110.420448,89508986,NA,NA,NA,7.65464247107456,18.3098495804398
"phl",2007,11.49,11.39,0.11,NA,NA,NA,NA,0,0,0,0.346,2209.346511,91075184,NA,NA,NA,7.70045205440491,18.3271959211698
"phl",2008,11.49,11.39,0.11,NA,NA,NA,NA,0,0,0,0.347,2264.946291,92699095,NA,NA,NA,7.72530632505321,18.3448692678131
"phl",2009,11.49,11.39,0.11,NA,NA,NA,NA,0,0,0,0.348,2256.725548,94384250,NA,NA,NA,7.72167016906916,18.3628847739755
"phl",2010,11.49,11.39,0.11,NA,NA,NA,NA,0,0,0,0.395,2373.143121,96337125,NA,NA,NA,7.77197056688001,18.3833643164956
"phl",2011,11.49,11.39,0.11,NA,NA,NA,NA,4,0,1,0.413,2416.752121,98248614,NA,NA,NA,7.79017981896924,18.4030117017439
"phl",2012,11.49,11.39,0.11,NA,NA,NA,NA,4,0,1,0.413,2533.74142,100175512,NA,NA,NA,7.83745231147533,18.4224343255291
"phl",2013,11.49,11.39,0.11,NA,NA,NA,NA,1,0,0,0.408,2654.415069,102076336,NA,NA,NA,7.88397959640922,18.4412314834996
"phl",2014,11.49,11.39,0.11,NA,NA,NA,NA,4,0,1,0.408,2776.920059,103767130,NA,NA,NA,7.92909770007214,18.4576598118799
"png",1990,9.15,9.15,0,NA,NA,NA,NA,1,0,0,0.425,1892.306793,3896481,33.1,NA,NA,7.5455518892149,15.1755843960829
"png",1991,9.15,9.15,0,NA,NA,NA,NA,0,0,0,0.425,2008.351519,4021837,31.52,NA,NA,7.60506952475348,15.2072493213925
"png",1992,9.15,9.15,0,NA,NA,NA,NA,1,0,0,0.418,2206.996333,4166699,30.4,NA,NA,7.69938774472387,15.2426346735743
"png",1993,9.15,9.15,0,NA,NA,NA,NA,0,0,0,0.413,2515.638395,4320872,29.99,NA,NA,7.83028188531325,15.2789677917028
"png",1994,9.15,9.15,0,NA,NA,NA,NA,0,0,0,0.413,2570.336911,4480208,40.07,NA,NA,7.85179226307155,15.3151800318848
"png",1995,8.2,8.2,0,NA,NA,NA,NA,0,0,0,0.413,2397.400453,4644278,36.57,NA,NA,7.78214028472768,15.351146482196
"png",1996,8.2,8.2,0,NA,NA,NA,NA,4,0,0,0.413,2492.079628,4813361,37.8,NA,NA,7.82087283284789,15.3869061506668
"png",1997,8.2,8.2,0,NA,NA,NA,NA,0,0,0,0.414,2310.98774,4987883,43.92,NA,NA,7.74543030519757,15.4225221292119
"png",1998,8.2,8.2,0,NA,NA,NA,NA,0,0,0,0.415,2147.045263,5166390,45.73,NA,NA,7.67184787963141,15.4576847434005
"png",1999,8.2,8.2,0,NA,NA,NA,NA,0,0,0,0.415,2112.095097,5349333,41.76,NA,NA,7.6554356708011,15.4924824382027
"png",2000,8.2,8.2,0,NA,NA,NA,NA,0,0,0,0.415,1989.578822,5537064,42.33,NA,NA,7.59567824808192,15.526974954344
"png",2001,8.2,8.2,0,NA,NA,NA,NA,0,0,0,0.415,1920.780039,5728435,47.66,NA,NA,7.56048665282889,15.5609529274765
"png",2002,8.2,8.2,0,NA,NA,NA,NA,0,0,0,0.415,1854.418317,5924003,48.43,NA,NA,7.52532635012514,15.5945229607843
"png",2003,8.2,8.2,0,NA,NA,NA,NA,1,0,0,0.416,1832.678703,6123997,40.42,NA,NA,7.51353394769648,15.6277255458837
"png",2004,8.2,8.2,0,NA,NA,NA,NA,0,0,0,0.413,1821.847411,6328041,37.18,NA,NA,7.5076063262338,15.660501267549
"png",2005,8.68,8.44,0.24,NA,NA,NA,NA,0,0,0,0.413,1875.822735,6535905,31.56,NA,NA,7.53680263416345,15.6928213805326
"png",2006,8.68,8.44,0.24,NA,NA,NA,NA,0,0,0,0.417,1915.234941,6747720,25.98,NA,NA,7.55759557868491,15.7247152280112
"png",2007,8.68,8.44,0.24,NA,NA,NA,NA,0,0,0,0.396,2000.972619,6963345,22.16,NA,NA,7.60138865083194,15.756170520306
"png",2008,8.68,8.44,0.24,NA,NA,NA,NA,1,0,0,0.376,1934.032016,7183002,21.56,NA,NA,7.56736223016784,15.7872279594921
"png",2009,8.68,8.44,0.24,NA,NA,NA,NA,0,0,0,0.376,2003.241097,7406438,21.72,NA,NA,7.60252169637026,15.8178601799438
"png",2010,8.68,8.44,0.24,NA,NA,NA,NA,0,0,0,0.37,2140.50939,7633523,17.29,NA,NA,7.66879911240089,15.8480600267092
"png",2011,8.68,8.44,0.24,NA,NA,NA,NA,0,0,0,0.366,2102.031921,7859346,16.28,NA,NA,7.65065973733491,15.8772139548367
"png",2012,8.68,8.44,0.24,NA,NA,NA,NA,0,0,0,0.354,2139.480967,8081390,19.12,NA,NA,7.66831853981356,15.9050744454048
"png",2013,8.68,8.44,0.24,NA,NA,NA,NA,0,0,0,0.348,2162.105926,8302698,24.89,NA,NA,7.67883799144855,15.9320910801872
"png",2014,8.68,8.44,0.24,NA,NA,NA,NA,0,0,0,0.346,2391.357803,8523441,26.89,NA,NA,7.77961660201743,15.9583306905101
"pol",1990,3,3,0,NA,NA,NA,NA,0,0,0,0.66,5111.34533,38110782,3.24,NA,NA,8.53921792251984,17.4560077921882
"pol",1991,3,3,0,NA,NA,NA,NA,0,0,0,0.783,4735.927698,38246193,13.71,NA,NA,8.46293290997771,17.4595545838717
"pol",1992,3,3,0,NA,NA,NA,NA,0,0,0,0.804,4840.168585,38363667,19.9,NA,NA,8.48470483071564,17.4626213977798
"pol",1993,3,3,0,NA,NA,NA,NA,1,0,0,0.808,5008.349089,38461408,21.19,NA,NA,8.51886161662053,17.4651659069192
"pol",1994,3.31,3.31,0,NA,NA,NA,NA,0,0,0,0.811,5262.315235,38542652,60.15,NA,NA,8.56832636763556,17.4672760302074
"pol",1995,3.31,3.31,0,NA,NA,NA,NA,0,0,0,0.81,5671.895737,38594998,48.28,NA,NA,8.64327868599083,17.4686332405459
"pol",1996,3.31,3.31,0,NA,NA,NA,NA,0,0,0,0.802,6012.958064,38624370,42.82,NA,NA,8.70167209679273,17.4693939823696
"pol",1997,3.31,3.31,0,NA,NA,NA,NA,1,0,0,0.792,6391.131728,38649660,42.26,NA,NA,8.76266664092277,17.4700485360638
"pol",1998,3.31,3.31,0,NA,NA,NA,NA,3,0,1,0.796,6684.114778,38663481,38.97,NA,NA,8.80748906162051,17.4704060690774
"pol",1999,11.19,11.19,0,NA,NA,NA,NA,3,0,1,0.798,6998.794751,38660271,39.42,NA,NA,8.85349323478447,17.4703230415492
"pol",2000,11.19,11.19,0,NA,NA,NA,NA,2,0,0,0.8,7401.576976,38258629,36.09,NA,NA,8.90944836135351,17.4598796875654
"pol",2001,11.19,11.19,0,NA,NA,NA,NA,0,0,0,0.806,7494.960895,38248076,32.78,NA,NA,8.92198619304477,17.4596038163181
"pol",2002,11.32,11.32,0,NA,NA,NA,NA,0,0,0,0.813,7640.993078,38230364,41.06,NA,NA,8.94128285774479,17.4591406269456
"pol",2003,11.32,11.32,0,NA,NA,NA,NA,0,0,0,0.813,7915.554244,38204570,44.77,NA,NA,8.97658499437393,17.4584656999291
"pol",2004,11.32,11.32,0,NA,NA,NA,NA,0,0,0,0.813,8323.387738,38182222,43.93,NA,NA,9.02682463098803,17.4578805725779
"pol",2005,11.32,11.32,0,NA,NA,NA,NA,0,0,0,0.815,8598.576812,38165445,46.44,NA,NA,9.05935198157037,17.4574410830445
"pol",2006,11.32,11.32,0,NA,NA,NA,NA,0,0,0,0.807,9137.658508,38141267,46.44,NA,NA,9.12015945088432,17.4568073773016
"pol",2007,11.32,11.32,0,NA,NA,NA,NA,0,0,0,0.803,9760.70426,38120560,42.17,NA,NA,9.18611983459077,17.4562643270936
"pol",2008,11.32,11.32,0,NA,NA,NA,NA,0,0,0,0.825,10187.20179,38125759,44.17,NA,NA,9.22888748497344,17.4564007008904
"pol",2009,11.32,11.32,0,NA,NA,NA,NA,0,0,0,0.825,10446.52891,38151603,45.91,NA,NA,9.25402504049254,17.4570783331606
"pol",2010,11.32,11.32,0,NA,NA,NA,NA,0,0,0,0.827,10808.39757,38042794,48.68,NA,NA,9.28807866375254,17.4542222419453
"pol",2011,11.32,11.32,0,NA,NA,NA,NA,2,0,1,0.827,11370.31343,38063255,49.31,NA,NA,9.33876115276745,17.4547599390341
"pol",2012,11.32,11.32,0,NA,NA,NA,NA,0,0,0,0.825,11542.23534,38063164,48.94,NA,NA,9.35376822494348,17.454757548274
"pol",2013,11.32,11.32,0,NA,NA,NA,NA,0,0,0,0.821,11628.22868,38040196,51.17,NA,NA,9.36119092780806,17.4541539480993
"pol",2014,11.32,11.32,0,NA,NA,NA,NA,3,0,1,0.812,12093.16228,38011735,45.61,NA,NA,9.40039547102874,17.4534054858064
"prt",1990,3.61,3.44,0.17,NA,NA,NA,NA,0,0,0,0.815,14593.27061,9983218,50.65,NA,NA,9.58831578431819,16.1164160412032
"prt",1991,5.93,5.76,0.17,NA,NA,NA,NA,0,0,0,0.803,15265.8793,9960235,51.68,NA,NA,9.63337550586836,16.1141112236599
"prt",1992,5.93,5.76,0.17,NA,NA,NA,NA,3,0,1,0.803,15444.20062,9952494,49.66,NA,NA,9.64498884745775,16.1133337309928
"prt",1993,5.93,5.76,0.17,NA,NA,NA,NA,0,0,0,0.803,15110.13926,9964675,55.42,NA,NA,9.62312127163729,16.1145568969477
"prt",1994,5.93,5.76,0.17,NA,NA,NA,NA,0,0,0,0.803,15214.93075,9991525,57.39,NA,NA,9.6300325108912,16.1172477916272
"prt",1995,5.93,5.76,0.17,NA,NA,NA,NA,0,0,0,0.806,15811.71714,10026176,60.13,NA,NA,9.66850653531146,16.1207098310102
"prt",1996,5.93,5.76,0.17,NA,NA,NA,NA,0,0,0,0.816,16304.37945,10063945,61.31,NA,NA,9.69918902862152,16.1244697928836
"prt",1997,5.93,5.76,0.17,NA,NA,NA,NA,0,0,0,0.816,16946.08687,10108977,57.28,NA,NA,9.73779222302876,16.1289343989333
"prt",1998,6.13,5.86,0.27,NA,NA,NA,NA,4,0,1,0.816,17671.31351,10160196,55.08,NA,NA,9.77969789814805,16.1339882912671
"prt",1999,6.13,5.86,0.27,NA,NA,NA,NA,2.5,0,0.5,0.815,18258.09117,10217828,55.42,NA,NA,9.8123636125401,16.1396445956915
"prt",2000,6.13,5.86,0.27,NA,NA,NA,NA,1.5,0,0,0.813,18822.09331,10289898,53.56,NA,NA,9.84278663490299,16.1466731952247
"prt",2001,6.13,5.86,0.27,NA,NA,NA,NA,3,0,1,0.816,19053.08995,10362722,56.1,NA,NA,9.85498456950125,16.1537255015979
"prt",2002,6.13,5.86,0.27,NA,NA,NA,NA,0,0,0,0.821,19095.11025,10419631,58.45,NA,NA,9.85718757340571,16.1592021809945
"prt",2003,6.13,5.86,0.27,NA,NA,NA,NA,0,0,0,0.821,18846.54119,10458821,62.1,NA,NA,9.84408468479289,16.1629562951431
"prt",2004,10.09,9.82,0.27,NA,NA,NA,NA,0,0,0,0.821,19137.83709,10483861,65.12,NA,NA,9.85942265391924,16.1653475850392
"prt",2005,10.09,9.82,0.27,NA,NA,NA,NA,1,0,0,0.835,19251.71451,10503330,69.67,NA,NA,9.86535540120438,16.1672029077057
"prt",2006,10.09,9.82,0.27,NA,NA,NA,NA,0,0,0,0.839,19529.31221,10522288,71.1,NA,NA,9.87967180614869,16.1690062321205
"prt",2007,10.09,9.82,0.27,NA,NA,NA,NA,0,0,0,0.839,19979.57063,10542964,70.19,NA,NA,9.90246556198164,16.1709692759654
"prt",2008,10.52,10.26,0.27,NA,NA,NA,NA,0,0,0,0.839,20014.47493,10558177,73.15,NA,NA,9.90421103725793,16.1724111887639
"prt",2009,11.46,11.19,0.27,NA,NA,NA,NA,0,0,0,0.838,19371.13189,10568247,84.72,NA,NA,9.87153918990286,16.1733644973563
"prt",2010,11.46,11.19,0.27,NA,NA,NA,NA,0,0,0,0.838,19698.68368,10573100,96.96,NA,NA,9.88830709421953,16.1738235977235
"prt",2011,11.46,11.19,0.27,NA,NA,NA,NA,2,0,1,0.829,19389.63959,10557560,111.48,NA,NA,9.87249416064776,16.1723527489377
"prt",2012,9.56,9.29,0.27,NA,NA,NA,NA,0,0,0,0.83,18679.76268,10514844,127.54,NA,NA,9.83519600720534,16.1682985310602
"prt",2013,9.56,9.29,0.27,NA,NA,NA,NA,0,0,0,0.829,18597.72146,10457295,130.31,NA,NA,9.83079435004675,16.1628103789507
"prt",2014,9.56,9.29,0.27,NA,NA,NA,NA,3,0,1,0.829,18836.8968,10401062,133.02,NA,NA,9.84357282118782,16.1574184742828
"pry",1990,1,1,0,NA,NA,NA,NA,0,0,0,0.208,4059.773431,4035747,39.33,1,0,8.3088824458662,15.2107019726632
"pry",1991,1.33,1.33,0,NA,NA,NA,NA,0,0,0,0.215,4091.490448,4144364,25.75,1,0,8.3166645953686,15.2372598969018
"pry",1992,4.49,4.49,0,NA,NA,NA,NA,0,0,0,0.35,4054.044261,4253600,25.4,1,0,8.30747024481125,15.2632762411723
"pry",1993,8.16,8.16,0,NA,NA,NA,NA,0,0,0,0.364,4147.784406,4362696,24.61,1,0,8.33032959258881,15.2886007728503
"pry",1994,8.16,8.16,0,NA,NA,NA,NA,0,0,0,0.377,4262.144958,4471417,23.92,1,0,8.35752782381176,15.3132159185923
"pry",1995,8.16,8.16,0,NA,NA,NA,NA,0,0,0,0.377,4445.189782,4579806,21.33,1,0,8.39957784264962,15.3371671971146
"pry",1996,8.16,8.16,0,NA,NA,NA,NA,0,0,0,0.38,4411.372801,4687543,19.97,1,0,8.39194121274312,15.3604191225521
"pry",1997,8.16,8.16,0,NA,NA,NA,NA,0,0,0,0.383,4496.023365,4794412,19.05,1,0,8.41094858840166,15.3829616310431
"pry",1998,8.16,8.16,0,NA,NA,NA,NA,0,0,0,0.386,4402.111101,4900025,23.56,1,0,8.38983950052303,15.4047508651087
"pry",1999,8.16,8.16,0,NA,NA,NA,NA,0,0,0,0.385,4252.490657,5003135,27.67,1,0,8.35526012720705,15.425575273916
"pry",2000,8.16,8.16,0,NA,NA,NA,NA,0,0,0,0.391,4074.489533,5100868,30.24,1,0,8.31250074985281,15.4449212792913
"pry",2001,8.16,8.16,0,NA,NA,NA,NA,0,0,0,0.391,3972.884279,5187689,30.23,1,0,8.28724762853412,15.4617988765923
"pry",2002,8.16,8.16,0,NA,NA,NA,NA,0,0,0,0.391,3916.440223,5261328,42.67,1,0,8.27293841382857,15.4758940243312
"pry",2003,8.16,8.16,0,NA,NA,NA,NA,0,0,0,0.409,4035.718339,5326436,32.19,1,0,8.30293959187275,15.4881929045665
"pry",2004,8.16,8.16,0,NA,NA,NA,NA,0,0,0,0.428,4151.345848,5388175,22.57,1,0,8.33118786137352,15.4997172955692
"pry",2005,8.16,8.16,0,0.098472461104393,0.0489374622702599,0.501839220523834,0.989637315273285,0,0,0,0.427,4193.280865,5448097,18.45,1,0,8.3412387291869,15.510776931352
"pry",2006,8.16,8.16,0,0.0879310443997383,0.0453618541359901,0.469742119312286,0.867552161216736,0,0,0,0.433,4349.311971,5505148,14.21,1,0,8.37777294398671,15.5211942124278
"pry",2007,8.16,8.16,0,0.0862536430358887,0.0499989949166775,0.533669769763947,0.874141335487366,0,0,0,0.446,4540.382359,5559386,11.79,1,0,8.42076650753314,15.5309982284741
"pry",2008,8.16,8.16,0,0.0984514579176903,0.0499595254659653,0.452934503555298,0.78828638792038,0,0,0,0.493,4788.663188,5613574,10.16,1,0,8.47400656752895,15.5406981513005
"pry",2009,8.16,8.16,0,0.0925777778029442,0.0445709563791752,0.542576014995575,1.09069323539734,0,0,0,0.502,4727.596858,5671236,9.76,1,0,8.46117228853003,15.5509176413657
"pry",2010,8.16,8.16,0,0.0801737606525421,0.0363003946840763,0.542504131793976,1.03621590137482,0,0,0,0.509,5191.050143,5737971,8.72,1,0,8.55469129538374,15.5626162214849
"pry",2011,8.16,8.16,0,0.0915335342288017,0.0564812123775482,0.435964107513428,0.838723957538605,0,0,0,0.503,5342.190157,5814626,7.4,1,0,8.5833909896294,15.5758870254435
"pry",2012,8.16,8.16,0,0.111658066511154,0.0510279126465321,0.554718136787415,1.49241197109222,0,0,0,0.48,5230.262449,5897008,9.15,1,0,8.56221673725308,15.5899556616037
"pry",2013,8.16,8.16,0,0.0983205735683441,0.0617137849330902,0.580425381660461,1.26252734661102,0,0,0,0.407,5583.122745,5982445,10.37,1,0,8.62750353056035,15.6043399052414
"pry",2014,8.16,8.16,0,0.0866560712456703,0.0535546205937862,0.449029475450516,0.961432337760925,0,0,0,0.414,5794.476447,6069811,12.43,1,0,8.66466040604964,15.6188380258129
"rou",1991,5.19,5.19,0,NA,NA,NA,NA,0,0,0,0.328,4409.151721,23001155,NA,NA,NA,8.39143759642384,16.9510549900239
"rou",1992,5.19,5.19,0,NA,NA,NA,NA,0,0,0,0.363,4059.098605,22794284,NA,NA,NA,8.30871620947312,16.9420203607393
"rou",1993,5.19,5.19,0,NA,NA,NA,NA,4,0,1,0.392,4126.768593,22763280,NA,NA,NA,8.32524995670002,16.9406592693172
"rou",1994,6.19,6.19,0,NA,NA,NA,NA,0,0,0,0.392,4295.270658,22730211,NA,NA,NA,8.36526984942938,16.9392054786717
"rou",1995,6.19,6.19,0,NA,NA,NA,NA,0,0,0,0.392,4572.258034,22684270,18.82,NA,NA,8.42776246120491,16.9371822907079
"rou",1996,7.09,7.09,0,NA,NA,NA,NA,0,0,0,0.408,4764.636821,22619004,18.88,NA,NA,8.46897659513529,16.9343009958526
"rou",1997,7.09,7.09,0,NA,NA,NA,NA,1,0,0,0.438,4546.667531,22553978,18.38,NA,NA,8.42214983283196,16.9314220163372
"rou",1998,9.09,9.09,0,NA,NA,NA,NA,0,0,0,0.438,4463.607918,22507344,18.65,NA,NA,8.40371266821444,16.9293522139178
"rou",1999,10.09,10.09,0,NA,NA,NA,NA,0,0,0,0.435,4453.78126,22472040,22.96,NA,NA,8.40150873569979,16.9277824277575
"rou",2000,10.09,10.09,0,NA,NA,NA,NA,3,0,0,0.432,4569.311243,22442971,23.1,NA,NA,8.42711775983848,16.9264880273595
"rou",2001,10.09,10.09,0,NA,NA,NA,NA,0,0,0,0.424,4875.303106,22131970,27.39,NA,NA,8.49193755708887,16.9125337274959
"rou",2002,10.09,10.09,0,NA,NA,NA,NA,0,0,0,0.424,5248.549946,21730496,26.8,NA,NA,8.56570711667331,16.8942271775589
"rou",2003,10.09,10.09,0,NA,NA,NA,NA,0,0,0,0.437,5410.308358,21574326,23.46,NA,NA,8.5960613679981,16.8870145545848
"rou",2004,10.09,10.09,0,NA,NA,NA,NA,0,0,0,0.435,6008.640485,21451748,19.9,NA,NA,8.70095379312154,16.8813166918595
"rou",2005,10.09,10.09,0,NA,NA,NA,NA,0,0,0,0.468,6328.090223,21319685,16.13,NA,NA,8.75275376708921,16.8751413822935
"rou",2006,10.09,10.09,0,NA,NA,NA,NA,0,0,0,0.471,6876.778414,21193760,13.42,NA,NA,8.83590556748328,16.8692173566932
"rou",2007,10.09,10.09,0,NA,NA,NA,NA,0,0,0,0.484,7483.973758,20882982,13.01,NA,NA,8.92051918097415,16.8544451268734
"rou",2008,10.09,10.09,0,NA,NA,NA,NA,0,0,0,0.495,8318.003428,20537875,12.49,NA,NA,9.02617753242107,16.8377813004428
"rou",2009,10.09,10.09,0,NA,NA,NA,NA,0,0,0,0.529,7924.870581,20367487,21.18,NA,NA,8.97776126813895,16.829450412895
"rou",2010,10.09,10.09,0,NA,NA,NA,NA,0,0,0,0.55,7660.706676,20246871,27.96,NA,NA,8.94385951383185,16.8235108210591
"rou",2011,10.09,10.09,0,NA,NA,NA,NA,4,0,1,0.553,8044.571949,20147528,31.4,NA,NA,8.99275285092579,16.8185921589304
"rou",2012,10.09,10.09,0,NA,NA,NA,NA,0,0,0,0.54,8234.285534,20058035,34.12,NA,NA,9.01606187916363,16.8141403795684
"rou",2013,10.09,10.09,0,NA,NA,NA,NA,0,0,0,0.563,8287.958441,19983693,36.62,NA,NA,9.02255895012858,16.8104271489397
"rou",2014,10.09,10.09,0,NA,NA,NA,NA,0,0,0,0.57,8661.473973,19908979,38.27,NA,NA,9.06664019180771,16.806681393962
"rus",1993,17.8,13.8,4,NA,NA,NA,NA,3.125,0.5,0.375,0.294,5798.914551,148458777,92.4,1,0,8.66542603264113,18.8158178817105
"rus",1994,17.86,13.83,4.03,NA,NA,NA,NA,3.16666666666667,0.166666666666667,0.166666666666667,0.293,5071.742676,148407912,63.5,1,0,8.53143976060291,18.8154752026402
"rus",1995,17.97,13.89,4.07,NA,NA,NA,NA,3.66666666666667,0,0,0.297,4862.646484,148375787,53.7,1,0,8.48933811271716,18.8152587150081
"rus",1996,20.6,13.6,7,NA,NA,NA,NA,2.66666666666667,0,0,0.29,4686.862793,148160129,51.9,1,0,8.45251872354499,18.8138041995421
"rus",1997,21.39,14.39,7,NA,NA,NA,NA,3,0,0.25,0.284,4760.339355,147915361,54.7,1,0,8.46807423775146,18.8121507830046
"rus",1998,21.74,14.74,7,NA,NA,NA,NA,2.2,0,0.4,0.282,4515.509277,147670784,73.1,1,0,8.41527325616776,18.8104959215711
"rus",1999,21.74,14.74,7,NA,NA,NA,NA,2.25,0,0.5,0.284,4819.380371,147214776,88.7,1,0,8.48040064504647,18.8074031396561
"rus",2000,23.33,15.33,8,NA,NA,NA,NA,2.55555555555556,0.111111111111111,0.222222222222222,0.223,5323.666504,146596869,58.8,1,0,8.57991753743282,18.8031969897536
"rus",2001,23.33,15.33,8,NA,NA,NA,NA,3,0,0.5,0.201,5618.955566,145976482,48.5,1,0,8.63390108326815,18.7989560845057
"rus",2002,23.33,15.33,8,NA,NA,NA,NA,2.66666666666667,0,0.666666666666667,0.175,5910.171875,145306497,34.5,1,0,8.68443019204157,18.7943558419249
"rus",2003,22.5,14.5,8,NA,NA,NA,NA,2.4,0,0.6,0.165,6370.453613,144648618,27.8,1,0,8.75942595686286,18.7898180352447
"rus",2004,22.43,14.43,8,NA,NA,NA,NA,3.5,0,1,0.153,6856.678223,144067316,21.7,1,0,8.83297837939313,18.7857912205314
"rus",2005,21.91,13.91,8,0.405724912881851,0.375717371702194,0.118350818753242,0.130386605858803,2.75,0,0.5,0.149,7323.385254,143518814,13.29,1,0,8.89882796644418,18.781976692584
"rus",2006,21.11,13.11,8,0.400691658258438,0.374744147062302,0.131806075572968,0.143576502799988,3.33333333333333,0,0.666666666666667,0.15,7949.896973,143049637,8.44,1,0,8.98091424819333,18.7787022398829
"rus",2007,20.45,12.45,8,0.425120651721954,0.386747360229492,0.112012192606926,0.118828624486923,3.5,1,0.5,0.146,8640.40625,142805114,6.75,1,0,9.06420488036864,18.7769914195534
"rus",2008,20.25,12.25,8,0.401317268610001,0.390022426843643,0.125753596425056,0.145644098520279,3.2,0.4,0.4,0.139,9093.700195,142742366,6.09,1,0,9.11533716650042,18.7765519269618
"rus",2009,20.15,12.15,8,0.430167198181152,0.427673816680908,0.170614272356033,0.21110525727272,4,0.666666666666667,0.666666666666667,0.141,8381.868164,142785348,7.78,1,0,9.03382609989556,18.7768529975635
"rus",2010,20.08,12.08,8,0.402895033359528,0.427272886037827,0.159996941685677,0.185050770640373,4,2,1,0.135,8755.120117,142849468,8.38,1,0,9.07739396444308,18.7773019624479
"rus",2011,20.08,12.08,8,0.38543027639389,0.374476075172424,0.134482175111771,0.154733642935753,2.75,0,1,0.134,9120.820313,143018195,8.89,1,0,9.1183150256243,18.7784824178924
"rus",2012,20.08,12.08,8,0.392719686031342,0.383070230484009,0.115629732608795,0.127506777644157,3.2,0,1,0.122,9464.010742,143378447,9.57,1,0,9.15525154069562,18.7809981749731
"rus",2013,20.16,12.16,8,0.387131184339523,0.383994936943054,0.100580886006355,0.113068424165249,2.875,0,0.75,0.116,9601.537109,143805638,11.06,1,0,9.16967848015964,18.7839732097149
"rus",2014,20.47,12.47,8,0.346074819564819,0.374306261539459,0.0934675559401512,0.102587290108204,3.11111111111111,0,0.777777777777778,0.109,9493.8125,144237223,13.79,1,0,9.15839554960089,18.7869698840395
"scg",1992,31.31,23.31,8,NA,NA,NA,NA,NA,NA,NA,NA,NA,NA,NA,NA,NA,NA,NA
"scg",1993,31.31,23.31,8,NA,NA,NA,NA,NA,NA,NA,NA,NA,NA,NA,NA,NA,NA,NA
"scg",1994,31.31,23.31,8,NA,NA,NA,NA,NA,NA,NA,NA,NA,NA,NA,NA,NA,NA,NA
"scg",1995,31.31,23.31,8,NA,NA,NA,NA,NA,NA,NA,NA,NA,NA,NA,NA,NA,NA,NA
"scg",1996,31.31,23.31,8,NA,NA,NA,NA,NA,NA,NA,NA,NA,NA,NA,NA,NA,NA,NA
"scg",1997,31.31,23.31,8,NA,NA,NA,NA,NA,NA,NA,NA,NA,NA,NA,NA,NA,NA,NA
"scg",1998,31.31,23.31,8,NA,NA,NA,NA,NA,NA,NA,NA,NA,NA,NA,NA,NA,NA,NA
"scg",1999,29.41,21.41,8,NA,NA,NA,NA,NA,NA,NA,NA,NA,NA,NA,NA,NA,NA,NA
"scg",2000,29.82,21.82,8,NA,NA,NA,NA,NA,NA,NA,NA,NA,NA,NA,NA,NA,NA,NA
"scg",2001,29.82,21.82,8,NA,NA,NA,NA,NA,NA,NA,NA,NA,NA,NA,NA,NA,NA,NA
"scg",2002,30.06,22.06,8,NA,NA,NA,NA,NA,NA,NA,NA,NA,NA,NA,NA,NA,NA,NA
"scg",2003,31.06,22.06,9,NA,NA,NA,NA,NA,NA,NA,NA,NA,NA,NA,NA,NA,NA,NA
"scg",2004,31.06,22.06,9,NA,NA,NA,NA,NA,NA,NA,NA,NA,NA,NA,NA,NA,NA,NA
"scg",2005,31.06,22.06,9,NA,NA,NA,NA,NA,NA,NA,NA,NA,NA,NA,NA,NA,NA,NA
"scg",2006,31.06,22.06,9,NA,NA,NA,NA,NA,NA,NA,NA,NA,NA,NA,NA,NA,NA,NA
"sgp",1990,0,0,0,NA,NA,NA,NA,0,0,0,0.299,23272.70009,3047132,75.6,NA,NA,10.0550362826548,14.9297113783291
"sgp",1991,0,0,0,NA,NA,NA,NA,0,0,0,0.301,24132.71533,3135083,77.9,NA,NA,10.0913236815049,14.9581662069778
"sgp",1992,0,0,0,NA,NA,NA,NA,1,0,1,0.297,24973.43114,3230698,82.07,NA,NA,10.1255677843265,14.988208770924
"sgp",1993,0,0,0,NA,NA,NA,NA,0,0,0,0.297,27139.95243,3313471,73.89,NA,NA,10.2087621806239,15.0135068383973
"sgp",1994,0,0,0,NA,NA,NA,NA,0,0,0,0.297,29220.27279,3419048,69.37,NA,NA,10.2826180209901,15.0448727077156
"sgp",1995,0,0,0,NA,NA,NA,NA,0,0,0,0.297,30379.89911,3524506,72.03,NA,NA,10.3215364552094,15.0752508425637
"sgp",1996,0,0,0,NA,NA,NA,NA,0,0,0,0.299,31349.31718,3670704,72.38,NA,NA,10.3529477652816,15.1158940272477
"sgp",1997,0,0,0,NA,NA,NA,NA,0,0,0,0.304,32835.25185,3796038,71.36,NA,NA,10.3992579687647,15.1494684491993
"sgp",1998,0,0,0,NA,NA,NA,NA,0,0,0,0.304,31043.10818,3927213,83.41,NA,NA,10.343132103949,15.183440571967
"sgp",1999,0,0,0,NA,NA,NA,NA,0,0,0,0.301,32557.04699,3958723,87.86,NA,NA,10.3907491215932,15.191432056477
"sgp",2000,0,0,0,NA,NA,NA,NA,0,0,0,0.309,34890.08114,4027887,83.84,NA,NA,10.4599578597728,15.2087524788025
"sgp",2001,0,0,0,NA,NA,NA,NA,0,0,0,0.309,33597.86908,4138012,93.94,NA,NA,10.4222179237021,15.2357260372351
"sgp",2002,0,0,0,NA,NA,NA,NA,0,0,0,0.308,34598.82675,4175950,97.22,NA,NA,10.4515750515114,15.2448524352929
"sgp",2003,0,0,0,NA,NA,NA,NA,1,0,0,0.308,36709.7965,4114826,101.76,NA,NA,10.5107989330269,15.2301071068737
"sgp",2004,0,0,0,NA,NA,NA,NA,0,0,0,0.308,39856.63562,4166664,97.6,NA,NA,10.5930441852873,15.2426262736042
"sgp",2005,0,0,0,NA,NA,NA,NA,0,0,0,0.307,41798.48808,4265762,94.97,NA,NA,10.6406154475238,15.2661313864899
"sgp",2006,0,0,0,NA,NA,NA,NA,0,0,0,0.311,44159.41018,4401365,89.37,NA,NA,10.6955613244306,15.2974252780507
"sgp",2007,0,0,0,NA,NA,NA,NA,0,0,0,0.311,46178.81395,4588599,89.45,NA,NA,10.7402763993825,15.3390853066868
"sgp",2008,0,0,0,NA,NA,NA,NA,0,0,0,0.311,44601.57993,4839396,96.45,NA,NA,10.7055245618202,15.392300477517
"sgp",2009,0,0,0,NA,NA,NA,NA,0,0,0,0.314,43331.87466,4987573,106.4,NA,NA,10.6766437785107,15.4224599766646
"sgp",2010,0,0,0,NA,NA,NA,NA,0,0,0,0.314,48752.05154,5076732,101.28,NA,NA,10.7945025584123,15.4401783054573
"sgp",2011,0,0,0,NA,NA,NA,NA,0,0,0,0.324,50713.53264,5183688,104.5,NA,NA,10.8339480699399,15.4610273300179
"sgp",2012,0,0,0,NA,NA,NA,NA,0,0,0,0.334,51679.35272,5312437,107.51,NA,NA,10.8528136136102,15.485561233321
"sgp",2013,0,0,0,NA,NA,NA,NA,0,0,0,0.33,53298.97286,5399162,99.03,NA,NA,10.8836723390489,15.5017543143069
"sgp",2014,0,0,0,NA,NA,NA,NA,0,0,0,0.33,54681.93365,5469724,99.26,NA,NA,10.9092886532338,15.5147387160868
"slv",1990,0,0,0,NA,NA,NA,NA,0,0,0,0.085,2348.204602,5399726,55.74,0,0,7.76140631599319,15.5018587695064
"slv",1991,0,0,0,NA,NA,NA,NA,0,0,0,0.089,2341.933823,5495077,57.52,0,0,7.75873228714016,15.5193631584605
"slv",1992,0,0,0,NA,NA,NA,NA,0,0,0,0.141,2465.759891,5585609,52.61,0,0,7.81025531118163,15.5357040266178
"slv",1993,1,1,0,NA,NA,NA,NA,1,0,0,0.207,2574.951346,5659957,41.56,0,0,7.85358591816205,15.5489268529774
"slv",1994,2.09,2.09,0,NA,NA,NA,NA,0,0,0,0.258,2670.212785,5714129,36.97,0,0,7.88991344297539,15.5584524376468
"slv",1995,2.09,2.09,0,NA,NA,NA,NA,0,0,0,0.274,2773.32529,5762131,32.5,0,0,7.92780234490255,15.5668179295296
"slv",1996,2.09,2.09,0,NA,NA,NA,NA,0,0,0,0.28,2775.04629,5805286,32.34,0,0,7.92842270712249,15.574279439773
"slv",1997,2.09,2.09,0,NA,NA,NA,NA,0,0,0,0.282,2842.884874,5844578,28.63,0,0,7.95257461628306,15.5810249518216
"slv",1998,2.09,2.09,0,NA,NA,NA,NA,0,0,0,0.289,2900.320643,5880781,26.17,0,0,7.97257657641426,15.5872001341839
"slv",1999,2.09,2.09,0,NA,NA,NA,NA,0,0,0,0.297,2946.433024,5913900,28.4,0,0,7.98835057332218,15.5928160702222
"slv",2000,2.09,2.09,0,NA,NA,NA,NA,0,0,0,0.315,2964.893469,5943366,30.52,0,0,7.99459638127538,15.5977861975106
"slv",2001,2.09,2.09,0,NA,NA,NA,NA,0,0,0,0.326,2978.597348,5968060,35.08,0,0,7.9992077801002,15.6019324744345
"slv",2002,2.09,2.09,0,0.038964007049799,0.0159270446747541,0.323554068803787,0.501950562000275,0,0,0,0.331,3016.063077,5986631,40.21,0,0,8.01170764303382,15.6050393744687
"slv",2003,2.09,2.09,0,0.0540889985859394,0.0155947702005506,0.367861896753311,0.636781632900238,0,0,0,0.332,3057.164676,5998599,42.57,0,0,8.02524318893851,15.607036499927
"slv",2004,2.09,2.09,0,0.0603730082511902,0.022567393258214,0.418259024620056,0.637540459632874,0,0,0,0.336,3081.236297,6004671,44.08,0,0,8.03308619056002,15.6080482243184
"slv",2005,2.09,2.09,0,0.0990156158804893,0.0185449365526438,0.576784193515778,1.29166662693024,0,0,0,0.338,3163.361184,6005578,43.92,0,0,8.05939040711207,15.6081992619866
"slv",2006,2.09,2.09,0,0.0724856555461884,0.0166686270385981,0.506597220897675,0.874700248241425,0,0,0,0.348,3302.348174,6002319,43.96,0,0,8.10238906228897,15.6076564525204
"slv",2007,2.09,2.09,0,0.0903775990009308,0.0177580080926418,0.541977226734161,1.06758999824524,0,0,0,0.351,3359.162302,6009824,41.5,0,0,8.11944690699218,15.6089060215568
"slv",2008,2.09,2.09,0,0.0963655784726143,0.0486436225473881,0.477601796388626,1.10062563419342,0,0,0,0.357,3420.449274,6029297,41.41,0,0,8.13752718809547,15.612140978159
"slv",2009,2.09,2.09,0,0.0849973931908607,0.0412772297859192,0.525880396366119,1.03729605674744,0,0,0,0.399,3337.811509,6048279,50.3,0,0,8.11307063438293,15.6152843267299
"slv",2010,2.09,2.09,0,0.088491752743721,0.0554674081504345,0.537067174911499,1.06842350959778,0,0,0,0.422,3398.493461,6068249,49.89,0,0,8.13108751270069,15.618580653546
"slv",2011,2.09,2.09,0,0.0905579924583435,0.0584471561014652,0.528451442718506,1.20422732830048,0,0,0,0.425,3514.069144,6090127,48.15,0,0,8.16452994527514,15.6221794933274
"slv",2012,2.09,2.09,0,0.103244282305241,0.0594684630632401,0.504046082496643,1.13012993335724,0,0,0,0.429,3601.442229,6113975,51.34,0,0,8.18908966338444,15.6260876924484
"slv",2013,2.09,2.09,0,0.100916527211666,0.0212938077747822,0.470626711845398,1.04543805122375,0,0,0,0.437,3665.154733,6138839,49.19,0,0,8.20662583252914,15.6301461942961
"slv",2014,2.09,2.09,0,0.139731496572495,0.024781446903944,0.342056006193161,0.667299807071686,0,0,0,0.465,3713.94992,6162955,49.63,0,0,8.21985125770758,15.6340669282789
"srb",2006,6.44,5.23,1.21,NA,NA,NA,NA,0,0,0,0.524,5016.412893,7411569,33.04,0,0,8.52047039411644,15.818552715749
"srb",2007,6.44,5.23,1.21,0.178131714463234,0.133853897452354,0.298521161079407,0.452100187540054,0,0,0,0.527,5431.278874,7381579,26.8,0,0,8.59992990527115,15.8144981303308
"srb",2008,6.44,5.23,1.21,0.183119565248489,0.134072706103325,0.3462293446064,0.536659002304077,0,0,0,0.525,5735.947727,7350222,25.75,0,0,8.65450826909288,15.8102410748145
"srb",2009,7.44,6.23,1.21,0.169161170721054,0.130837365984917,0.268327057361603,0.435093641281128,0,0,0,0.521,5578.011974,7320807,29.76,0,0,8.62658771483267,15.8062311257625
"srb",2010,7.44,6.23,1.21,0.163886219263077,0.132299214601517,0.264143139123917,0.409565776586533,0,0,0,0.503,5690.703272,7291436,37.9,0,0,8.64658911737382,15.8022110667538
"srb",2011,7.44,6.23,1.21,0.166093781590462,0.143083587288857,0.269082754850388,0.403844624757767,3,0,1,0.501,5737.001202,7236519,41.17,0,0,8.65469191411902,15.794650847635
"srb",2012,7.44,6.23,1.21,0.167533338069916,0.184273809194565,0.263012796640396,0.355367630720139,0,0,0,0.486,5739.307502,7201497,50.78,0,0,8.65509383778464,15.7897994790413
"srb",2013,7.44,6.23,1.21,0.245652213692665,0.0584148094058037,0.366533428430557,0.569031953811646,4,0,1,0.401,5793.336145,7166553,53.74,0,0,8.66446359547912,15.7849353438389
"srb",2014,7.44,6.23,1.21,0.230682402849197,0.0563830994069576,0.362336963415146,0.549379408359528,0,0,0,0.35,5716.540472,7131787,63.41,0,0,8.65111908881352,15.7800723921238
"sur",1990,0,0,0,NA,NA,NA,NA,0,0,0,0.547,6474.955712,412493,72.88,NA,NA,8.77569704669879,12.9299745149159
"sur",1991,0,0,0,NA,NA,NA,NA,0,0,0,0.374,6609.401341,415013,75.71,NA,NA,8.79624836006033,12.9360651240234
"sur",1992,0,0,0,NA,NA,NA,NA,0,0,0,0.626,6594.904149,417589,64.39,NA,NA,8.79405253115649,12.9422529742075
"sur",1993,0,0,0,NA,NA,NA,NA,0,0,0,0.635,6127.177641,419352,51.05,NA,NA,8.72048950545046,12.946465941687
"sur",1994,0,0,0,NA,NA,NA,NA,0,0,0,0.639,6290.157496,422375,30.5,NA,NA,8.74674138849071,12.9536488240166
"sur",1995,0,0,0,NA,NA,NA,NA,0,0,0,0.639,6184.283442,429606,16.26,NA,NA,8.72976642395168,12.9706237885597
"sur",1996,0,0,0,NA,NA,NA,NA,0,0,0,0.65,6114.835717,438830,11.77,NA,NA,8.71847318218393,12.9918673733233
"sur",1997,0,0,0,NA,NA,NA,NA,0,0,0,0.652,6330.137182,448067,16.78,NA,NA,8.75307718662535,13.0126980537865
"sur",1998,0,0,0,NA,NA,NA,NA,0,0,0,0.652,6343.513448,457406,21.64,NA,NA,8.75518806554372,13.0333266781061
"sur",1999,0,0,0,NA,NA,NA,NA,0,0,0,0.652,6127.310357,466916,32.3,NA,NA,8.72051116543332,13.0539046489519
"sur",2000,0,0,0,NA,NA,NA,NA,3,0,1,0.665,6128.316024,476643,48.44,NA,NA,8.7206752805868,13.0745230619857
"sur",2001,0,0,0,NA,NA,NA,NA,0,0,0,0.662,6255.552742,486560,37.2,NA,NA,8.74122478702237,13.0951155029112
"sur",2002,0,0,0,NA,NA,NA,NA,0,0,0,0.662,6301.31731,496551,37.41,NA,NA,8.74851398734733,13.1154414762254
"sur",2003,0,0,0,NA,NA,NA,NA,0,0,0,0.662,6567.843099,506414,31.49,NA,NA,8.78994076214412,13.1351097955595
"sur",2004,0,0,0,NA,NA,NA,NA,0,0,0,0.662,7021.989199,513923,29.35,NA,NA,8.85680181856143,13.1498287277679
"sur",2005,0,0,0,NA,NA,NA,NA,0,0,0,0.654,7261.817135,519313,27.11,NA,NA,8.89038537057764,13.1602620632183
"sur",2006,0,0,0,NA,NA,NA,NA,0,0,0,0.649,7599.356969,524997,22.54,NA,NA,8.93581891335275,13.1711478272717
"sur",2007,0,0,0,NA,NA,NA,NA,0,0,0,0.645,7897.256489,531016,16.42,NA,NA,8.97427069826607,13.1825474315969
"sur",2008,0,0,0,NA,NA,NA,NA,0,0,0,0.647,8129.114647,537245,14.77,NA,NA,9.00320729710388,13.1942095078072
"sur",2009,0,0,0,NA,NA,NA,NA,0,0,0,0.647,8276.690798,543568,14.65,NA,NA,9.02119850541584,13.2059100927126
"sur",2010,0,0,0,NA,NA,NA,NA,0,0,0,0.632,8603.907867,549923,17.32,NA,NA,9.05997178217129,13.2175335474077
"sur",2011,0,0,0,NA,NA,NA,NA,0,0,0,0.627,9003.285977,556269,18.74,NA,NA,9.105344898238,13.2290072691826
"sur",2012,0,0,0,NA,NA,NA,NA,0,0,0,0.624,9140.928986,562633,20.1,NA,NA,9.12051729888937,13.2403828295566
"sur",2013,0,0,0,NA,NA,NA,NA,0,0,0,0.627,9303.460088,569020,27.9,NA,NA,9.13814166242011,13.2516708618756
"sur",2014,0,0,0,NA,NA,NA,NA,0,0,0,0.627,9224.243784,575373,25.21,NA,NA,9.12959049091448,13.2627738051196
"svk",1993,0.84,0.84,0,NA,NA,NA,NA,0,0,0,0.628,6946.845641,5325305,NA,NA,NA,8.84604297092681,15.4879805449148
"svk",1994,0.84,0.84,0,NA,NA,NA,NA,0,0,0,0.539,7348.918397,5346331,NA,NA,NA,8.9023084245075,15.4919210892151
"svk",1995,0.84,0.84,0,NA,NA,NA,NA,0,0,0,0.537,7755.623334,5361999,NA,NA,NA,8.95617345071703,15.4948474112804
"svk",1996,1.84,1.84,0,NA,NA,NA,NA,0,0,0,0.537,8212.831939,5373361,NA,NA,NA,9.01345308072795,15.4969641552448
"svk",1997,1.84,1.84,0,NA,NA,NA,NA,0,0,0,0.54,8647.394343,5383291,NA,NA,NA,9.06501332252332,15.4988104551568
"svk",1998,1.84,1.84,0,NA,NA,NA,NA,0,0,0,0.626,8966.219262,5390516,NA,NA,NA,9.10121937924572,15.5001516711417
"svk",1999,1.84,1.84,0,NA,NA,NA,NA,0,0,0,0.745,8914.683265,5396020,NA,NA,NA,9.09545500134304,15.5011722027521
"svk",2000,1.84,1.84,0,NA,NA,NA,NA,1,0,0,0.75,8997.211996,5388720,NA,NA,NA,9.10467003010495,15.4998184378742
"svk",2001,1.84,1.84,0,NA,NA,NA,NA,0,0,0,0.75,9277.358089,5378867,NA,NA,NA,9.13533209656338,15.4979883151642
"svk",2002,8.84,8.84,0,NA,NA,NA,NA,0,0,0,0.748,9690.684683,5376912,NA,NA,NA,9.17892036110893,15.4976247896545
"svk",2003,8.84,8.84,0,NA,NA,NA,NA,0,0,0,0.746,10168.02257,5373374,NA,NA,NA,9.22700303257572,15.4969665745842
"svk",2004,8.84,8.84,0,NA,NA,NA,NA,0,0,0,0.748,10718.21019,5372280,NA,NA,NA,9.27969946079738,15.4967629573816
"svk",2005,9.84,9.84,0,NA,NA,NA,NA,0,0,0,0.748,11412.15936,5372807,NA,NA,NA,9.34243467648405,15.4968610487234
"svk",2006,9.84,9.84,0,NA,NA,NA,NA,0,0,0,0.723,12430.20155,5373054,35.48,NA,NA,9.42788439917619,15.4969070199117
"svk",2007,9.84,9.84,0,NA,NA,NA,NA,0,0,0,0.736,13770.96027,5374622,34.76,NA,NA,9.53031732567467,15.4971988039236
"svk",2008,9.84,9.84,0,NA,NA,NA,NA,0,0,0,0.735,14497.11144,5379233,33.87,NA,NA,9.58170469752903,15.4980563569188
"svk",2009,9.84,9.84,0,NA,NA,NA,NA,0,0,0,0.734,13680.75371,5386406,42.6,NA,NA,9.52374528541906,15.4993889301291
"svk",2010,9.84,9.84,0,NA,NA,NA,NA,0,0,0,0.752,14596.14778,5391428,46.01,NA,NA,9.58851292219678,15.500320842861
"svk",2011,9.84,9.84,0,NA,NA,NA,NA,2,0,1,0.755,14950.87352,5398384,48.53,NA,NA,9.61252500654334,15.5016102074883
"svk",2012,9.84,9.84,0,NA,NA,NA,NA,0,0,0,0.739,15159.65704,5407579,57.71,NA,NA,9.62639303624917,15.5033120460415
"svk",2013,9.84,9.84,0,NA,NA,NA,NA,0,0,0,0.73,15249.88245,5413393,57.57,NA,NA,9.63232707380913,15.5043866261364
"svk",2014,9.84,9.84,0,NA,NA,NA,NA,0,0,0,0.726,15647.64918,5418649,56.76,NA,NA,9.65807597254475,15.5053570803523
"svn",1990,0,0,0,NA,NA,NA,NA,0,0,0,0.513,13615.58586,1998161,NA,NA,NA,9.51897043466316,14.5077378155248
"svn",1991,0,0,0,NA,NA,NA,NA,0,0,0,0.716,12395.91777,1999429,NA,NA,NA,9.42512248529416,14.5083721977613
"svn",1992,0,0,0,NA,NA,NA,NA,0,0,0,0.764,11735.84608,1996498,NA,NA,NA,9.37040320453572,14.5069052037318
"svn",1993,0,0,0,NA,NA,NA,NA,0,0,0,0.761,12098.34148,1991746,16.2,NA,NA,9.40082365442159,14.5045221989564
"svn",1994,0,0,0,NA,NA,NA,NA,0,0,0,0.765,12757.63019,1989443,15.81,NA,NA,9.45388481786352,14.503365258024
"svn",1995,0,0,0,NA,NA,NA,NA,0,0,0,0.757,13278.74286,1989872,16.51,NA,NA,9.49391975439286,14.5035808730239
"svn",1996,0,0,0,NA,NA,NA,NA,0,0,0,0.767,13674.1833,1988628,19.98,NA,NA,9.52326490338609,14.5029555116865
"svn",1997,0,0,0,NA,NA,NA,NA,0,0,0,0.762,14400.67089,1985956,20.34,NA,NA,9.57503007406216,14.5016109682562
"svn",1998,0,0,0,NA,NA,NA,NA,0,0,0,0.764,14874.29048,1981629,21.05,NA,NA,9.60738953045268,14.4994297916889
"svn",1999,1,1,0,NA,NA,NA,NA,0,0,0,0.759,15646.68859,1983045,21.74,NA,NA,9.65801458188633,14.500144100134
"svn",2000,1,1,0,NA,NA,NA,NA,1,0,0,0.749,16146.12168,1988925,22.57,NA,NA,9.68943515615845,14.5031048497345
"svn",2001,1,1,0,NA,NA,NA,NA,0,0,0,0.742,16576.71588,1992060,24.49,NA,NA,9.71575433186796,14.504679837155
"svn",2002,1,1,0,NA,NA,NA,NA,1,0,0,0.756,17099.65821,1994530,25.46,NA,NA,9.7468137545717,14.5059189915782
"svn",2003,1,1,0,NA,NA,NA,NA,0,0,0,0.752,17635.36086,1995733,24.52,NA,NA,9.77766130517698,14.5065219593708
"svn",2004,2.23,2.23,0,NA,NA,NA,NA,0,0,0,0.735,18425.26012,1997012,24.35,NA,NA,9.82147783473265,14.5071626213934
"svn",2005,2.23,2.23,0,NA,NA,NA,NA,0,0,0,0.733,19102.27766,2000474,24.17,NA,NA,9.85756285613976,14.5088947104442
"svn",2006,2.23,2.23,0,NA,NA,NA,NA,0,0,0,0.734,20166.53234,2006868,23.49,NA,NA,9.91177969450219,14.5120858558099
"svn",2007,2.23,2.23,0,NA,NA,NA,NA,0,0,0,0.738,21485.78099,2018122,21.17,NA,NA,9.97514664602551,14.5176779339652
"svn",2008,2.23,2.23,0,NA,NA,NA,NA,0,0,0,0.737,22175.23696,2021316,19.03,NA,NA,10.0067314930282,14.5192593424016
"svn",2009,2.23,2.23,0,NA,NA,NA,NA,0,0,0,0.791,20307.61883,2039669,30.93,NA,NA,9.91875140644067,14.5282980977537
"svn",2010,2.23,2.23,0,NA,NA,NA,NA,0,0,0,0.796,20444.12013,2048583,32.97,NA,NA,9.92545059592256,14.5326588926
"svn",2011,3.23,3.23,0,NA,NA,NA,NA,2,0,1,0.789,20535.41558,2052843,41.21,NA,NA,9.92990626382893,14.5347362196233
"svn",2012,3.23,3.23,0,NA,NA,NA,NA,0,0,0,0.768,19894.8698,2057159,46.85,NA,NA,9.89821717848173,14.5368364626823
"svn",2013,3.23,3.23,0,NA,NA,NA,NA,0,0,0,0.778,19704.2186,2059953,61.03,NA,NA,9.88858803393291,14.5381937249715
"svn",2014,3.23,3.23,0,NA,NA,NA,NA,0,0,0,0.794,20228.7082,2061980,69.8,NA,NA,9.91485807246302,14.539177244191
"swe",1990,13.09,13.09,0,NA,0.379454046487808,NA,NA,0,0,0,0.878,34903.34804,8558835,40.45,0,0,10.4603380359675,15.9624746407249
"swe",1991,13.09,13.09,0,NA,0.4160176217556,NA,NA,0,0,0,0.878,34268.9744,8617375,42.34,0,0,10.4419956873709,15.969291071901
"swe",1992,13.09,13.09,0,NA,0.486810475587845,NA,NA,4,0,1,0.877,33673.84899,8668067,53.71,0,0,10.424476820739,15.9751563711886
"swe",1993,13.09,13.09,0,NA,0.494398564100266,NA,NA,0,0,0,0.877,32787.28105,8718561,68.31,0,0,10.397795946303,15.9809647593316
"swe",1994,13.09,13.09,0,NA,0.485722035169601,NA,NA,0,0,0,0.877,33862.42217,8780745,72.8,0,0,10.430061187978,15.9880718139478
"swe",1995,13.09,13.09,0,0.371902465820313,0.334883511066437,0.204426616430283,0.262158811092377,0,0,0,0.879,35064.41388,8826939,75.48,0,0,10.4649420455882,15.9933188533633
"swe",1996,13.09,13.09,0,0.384856432676315,0.347846895456314,0.16669137775898,0.203521654009819,0,0,0,0.879,35605.45375,8840998,79.05,0,0,10.4802541003317,15.9949103241692
"swe",1997,13.09,13.09,0,0.396211355924606,0.341735035181046,0.170769691467285,0.211031541228294,0,0,0,0.879,36675.75065,8846062,80.52,0,0,10.5098710704227,15.9954829462034
"swe",1998,13,13,0,0.418462783098221,0.324216455221176,0.209837481379509,0.267798870801926,0,0,0,0.879,38211.72331,8850974,79.72,0,0,10.5508976404446,15.9960380674255
"swe",1999,13,13,0,0.415986388921738,0.319565504789352,0.20712748169899,0.266009300947189,0,0,0,0.876,39786.02719,8857874,74.65,0,0,10.5912710540029,15.9968173389342
"swe",2000,12,12,0,0.418788969516754,0.318672329187393,0.204490438103676,0.256303727626801,1,0,0,0.876,41561.77476,8872109,66.55,0,0,10.6349361478625,15.99842309378
"swe",2001,12,12,0,0.435834407806396,0.339773058891296,0.197103708982468,0.248595580458641,0,0,0,0.876,42014.40223,8895960,59.05,0,0,10.6457677487233,16.0011077990595
"swe",2002,12,12,0,0.437943071126938,0.352454662322998,0.193355962634087,0.246931284666061,0,0,0,0.876,42831.75841,8924958,56.25,0,0,10.6650351253352,16.0043621797365
"swe",2003,12,12,0,0.435662537813187,0.356650412082672,0.190171509981155,0.23864771425724,0,0,0,0.877,43475.36554,8958229,54.81,0,0,10.6799497472377,16.0080831091645
"swe",2004,12,12,0,0.434565424919128,0.352459996938705,0.186005294322968,0.22801548242569,0,0,0,0.877,45114.67012,8993531,53.43,0,0,10.7169627524214,16.0120160990781
"swe",2005,12,12,0,0.43770769238472,0.342272490262985,0.206973135471344,0.255359977483749,0,0,0,0.877,46189.68284,9029572,53.54,0,0,10.7405117369798,16.0160155267062
"swe",2006,12,12,0,0.446321487426758,0.337464094161987,0.208727046847343,0.261992543935776,0,0,0,0.879,48078.35201,9080505,48.42,0,0,10.7805872926233,16.021640365771
"swe",2007,12,12,0,0.461287975311279,0.322686076164246,0.246567383408546,0.325535506010056,0,0,0,0.881,49262.15292,9148092,42.85,0,0,10.804911375957,16.0290558909173
"swe",2008,12,12,0,0.468663454055786,0.331165760755539,0.254458606243134,0.343539714813232,0,0,0,0.881,48428.65871,9219637,41.09,0,0,10.787847039577,16.036846223825
"swe",2009,12,12,0,0.467875599861145,0.332396149635315,0.282648921012878,0.399510562419891,0,0,0,0.881,45974.39112,9298515,44.63,0,0,10.7358398056654,16.0453652679543
"swe",2010,12,12,0,0.468200147151947,0.316364347934723,0.316141933202744,0.458296924829483,0,0,0,0.881,48205.54925,9378126,41.11,0,0,10.7832294230798,16.053890514242
"swe",2011,12,12,0,0.477775514125824,0.31853386759758,0.307597011327744,0.454507529735565,3,0,1,0.881,49356.59053,9449213,39.9,0,0,10.8068265826523,16.0614420155786
"swe",2012,12,12,0,0.478992760181427,0.329090356826782,0.298486828804016,0.431016981601715,0,0,0,0.886,48789.79069,9519374,40.57,0,0,10.7952763627822,16.068839648303
"swe",2013,12,12,0,0.47757014632225,0.331173688173294,0.302758008241653,0.436965078115463,0,0,0,0.885,48928.49941,9600379,43.21,0,0,10.7981153157156,16.0773131348254
"swe",2014,12,12,0,0.486453622579575,0.325066268444061,0.314268171787262,0.470021724700928,3,0,1,0.885,49557.61836,9696110,46.01,0,0,10.8108912788983,16.0872353321114
"taw",1990,8.59,8.59,0,NA,NA,NA,NA,NA,NA,NA,NA,NA,NA,NA,NA,NA,NA,NA
"taw",1991,8.59,8.59,0,NA,NA,NA,NA,NA,NA,NA,NA,NA,NA,NA,NA,NA,NA,NA
"taw",1992,8.59,8.59,0,NA,NA,NA,NA,NA,NA,NA,NA,NA,NA,NA,NA,NA,NA,NA
"taw",1993,8.59,8.59,0,NA,NA,NA,NA,NA,NA,NA,NA,NA,NA,NA,NA,NA,NA,NA
"taw",1994,10.59,10.59,0,NA,NA,NA,NA,NA,NA,NA,NA,NA,NA,NA,NA,NA,NA,NA
"taw",1995,15.89,15.89,0,NA,NA,NA,NA,NA,NA,NA,NA,NA,NA,NA,NA,NA,NA,NA
"taw",1996,15.89,15.89,0,NA,NA,NA,NA,NA,NA,NA,NA,NA,NA,NA,NA,NA,NA,NA
"taw",1997,15.89,15.89,0,NA,NA,NA,NA,NA,NA,NA,NA,NA,NA,NA,NA,NA,NA,NA
"taw",1998,15.89,15.89,0,NA,NA,NA,NA,NA,NA,NA,NA,NA,NA,NA,NA,NA,NA,NA
"taw",1999,19.42,19.42,0,NA,NA,NA,NA,NA,NA,NA,NA,NA,NA,NA,NA,NA,NA,NA
"taw",2000,19.42,19.42,0,NA,NA,NA,NA,NA,NA,NA,NA,NA,NA,NA,NA,NA,NA,NA
"taw",2001,11.77,11.77,0,NA,NA,NA,NA,NA,NA,NA,NA,NA,NA,NA,NA,NA,NA,NA
"taw",2002,11.77,11.77,0,NA,NA,NA,NA,NA,NA,NA,NA,NA,NA,NA,NA,NA,NA,NA
"taw",2003,11.77,11.77,0,NA,NA,NA,NA,NA,NA,NA,NA,NA,NA,NA,NA,NA,NA,NA
"taw",2004,11.77,11.77,0,NA,NA,NA,NA,NA,NA,NA,NA,NA,NA,NA,NA,NA,NA,NA
"taw",2005,11.77,11.77,0,NA,NA,NA,NA,NA,NA,NA,NA,NA,NA,NA,NA,NA,NA,NA
"taw",2006,11.77,11.77,0,NA,NA,NA,NA,NA,NA,NA,NA,NA,NA,NA,NA,NA,NA,NA
"taw",2007,11.77,11.77,0,NA,NA,NA,NA,NA,NA,NA,NA,NA,NA,NA,NA,NA,NA,NA
"taw",2008,11.77,11.77,0,NA,NA,NA,NA,NA,NA,NA,NA,NA,NA,NA,NA,NA,NA,NA
"taw",2009,11.77,11.77,0,NA,NA,NA,NA,NA,NA,NA,NA,NA,NA,NA,NA,NA,NA,NA
"taw",2010,11.77,11.77,0,NA,NA,NA,NA,NA,NA,NA,NA,NA,NA,NA,NA,NA,NA,NA
"taw",2011,11.39,11.39,0,NA,NA,NA,NA,NA,NA,NA,NA,NA,NA,NA,NA,NA,NA,NA
"taw",2012,11.39,11.39,0,NA,NA,NA,NA,NA,NA,NA,NA,NA,NA,NA,NA,NA,NA,NA
"taw",2013,11.39,11.39,0,NA,NA,NA,NA,NA,NA,NA,NA,NA,NA,NA,NA,NA,NA,NA
"taw",2014,11.3,11.3,0,NA,NA,NA,NA,NA,NA,NA,NA,NA,NA,NA,NA,NA,NA,NA
"tha",1990,3.44,3.44,0,NA,NA,NA,NA,4,1,0,0.264,2631.519711,54738329,17.8,1,0,7.87531679517049,17.8180747349874
"tha",1991,3.44,3.44,0,NA,NA,NA,NA,0,0,0,0.158,2810.56702,55637434,12.97,1,0,7.94114152844851,17.8343668060553
"tha",1992,3.44,3.44,0,NA,NA,NA,NA,0,0,0,0.2,2989.853854,56528834,10.49,1,0,8.00297978692928,17.8502614022226
"tha",1993,3.44,3.44,0,NA,NA,NA,NA,0,0,0,0.303,3186.997071,57408198,8.19,1,0,8.06683439537079,17.8656976733913
"tha",1994,3.44,3.44,0,NA,NA,NA,NA,4,1,0,0.303,3391.489866,58260854,5.69,1,0,8.12902459232329,17.8804409678159
"tha",1995,3.44,3.44,0,NA,0.0518814958631992,NA,NA,3.66666666666667,0.333333333333333,0,0.307,3614.93244,59098232,4.61,1,0,8.19282844562155,17.8947115665312
"tha",1996,3.44,3.44,0,NA,0.0560232326388359,NA,NA,3.5,0.5,0,0.278,3766.863644,59920064,3.67,1,0,8.23399800953225,17.9085219652635
"tha",1997,3.44,3.44,0,NA,0.0626163855195045,NA,NA,4,1,0,0.348,3614.608485,60724584,4.64,1,0,8.19273882582312,17.9218591822733
"tha",1998,3.44,3.44,0,NA,0.0815611779689789,NA,NA,4,1,0,0.384,3295.360184,61522630,10.67,1,0,8.1002707532538,17.934915632573
"tha",1999,3.44,3.44,0,NA,0.075524814426899,NA,NA,4,0,0,0.385,3403.087374,62299043,20.01,1,0,8.13243834975166,17.947456622484
"tha",2000,5.74,5.59,0.15,0.0954276323318481,0.0773788839578629,0.355272352695465,0.509101271629334,0,0,0,0.391,3514.71663,63007815,21.96,1,0,8.16471418364081,17.9587693242816
"tha",2001,6.74,6.59,0.15,0.0992199629545212,0.0858783423900604,0.531305074691772,0.779444694519043,4,0,1,0.412,3599.025249,63651141,24.58,1,0,8.1884183236143,17.9689278089657
"tha",2002,6.74,6.59,0.15,0.0967348888516426,0.0824680104851723,0.658163785934448,1.12885522842407,4,0,1,0.408,3783.754221,64266437,30.07,1,0,8.23847197589527,17.9785480778148
"tha",2003,6.74,6.59,0.15,0.132415488362312,0.083164669573307,0.623369157314301,1.0256325006485,1,0.5,0,0.391,4018.155382,64868166,27.05,1,0,8.2985782161055,17.9878675528611
"tha",2004,9.29,9.15,0.15,0.14704941213131,0.0864462926983833,0.639404118061066,1.1261146068573,2.5,0.25,0,0.382,4232.771573,65452047,24.4,1,0,8.3506122756819,17.9968283256141
"tha",2005,9.29,9.15,0.15,0.180794909596443,0.0834318473935127,0.680758655071259,1.40489900112152,2.66666666666667,0.333333333333333,0.333333333333333,0.359,4372.257302,66017420,24.39,1,0,8.38303469980624,18.0054292045588
"tha",2006,9.15,9.15,0,0.193087056279182,0.066421814262867,0.637401163578033,1.52155220508575,3.5,0,0,0.166,4551.525002,66567687,23.26,1,0,8.42321762106439,18.0137298375925
"tha",2007,9.15,9.15,0,0.182968974113464,0.0671169236302376,0.62609738111496,1.56779801845551,1,1,0,0.18,4760.667085,67102394,22.6,1,0,8.46814308131379,18.0217302793979
"tha",2008,10.29,9.15,1.15,0.184291288256645,0.0588012859225273,0.607959389686584,1.73151123523712,0,0,0,0.336,4805.76394,67619830,21.99,1,0,8.47757129732064,18.0294118411918
"tha",2009,10.29,9.15,1.15,0.159270524978638,0.0748194009065628,0.52281641960144,1.13606262207031,1,0,0,0.337,4737.456798,68121080,26.8,1,0,8.46325573019343,18.0367972680077
"tha",2010,10.29,9.15,1.15,0.15875418484211,0.0714110806584358,0.493530660867691,1.07157135009766,0,0,0,0.33,5059.357478,68579447,27.78,1,0,8.52899477358638,18.0435034413912
"tha",2011,10.29,9.15,1.15,0.151979431509972,0.0777099207043648,0.701853454113007,1.56375908851624,0,0,0,0.373,5070.237402,69007208,27.32,1,0,8.53114292034105,18.0497215208737
"tha",2012,10.29,9.15,1.15,0.173013255000114,0.0788203626871109,0.706937849521637,1.81147956848145,0,0,0,0.4,5403.87846,69436098,28.46,1,0,8.59487220807957,18.0559174343412
"tha",2013,10.29,9.15,1.15,0.179907649755478,0.077386774122715,0.677176892757416,1.71657478809357,1,0,1,0.352,5516.611642,69845114,29.63,1,0,8.61551911782754,18.061790691328
"tha",2014,10.29,9.15,1.15,0.188127368688583,0.083609476685524,0.650115191936493,1.68742918968201,4,0,1,0.116,5541.465994,70216367,29.89,1,0,8.62001436459127,18.0670919899694
"tls",2002,0,0,0,NA,NA,NA,NA,NA,NA,NA,0.417,1028.131944,879159,NA,NA,NA,6.93549878797348,13.6867210476812
"tls",2003,0,0,0,NA,NA,NA,NA,NA,NA,NA,0.411,964.322543,916878,NA,NA,NA,6.87142582682268,13.7287296998577
"tls",2004,0,0,0,NA,NA,NA,NA,NA,NA,NA,0.411,955.470489,929074,NA,NA,NA,6.86220387780305,13.7419436701672
"tls",2005,0,0,0,NA,NA,NA,NA,NA,NA,NA,0.408,964.0266562,948311,NA,NA,NA,6.871118945888,13.7624377865093
"tls",2006,0,0,0,NA,NA,NA,NA,NA,NA,NA,0.405,897.5738018,976597,NA,NA,NA,6.79969534739953,13.7918293587229
"tls",2007,0,0,0,NA,NA,NA,NA,NA,NA,NA,0.454,961.8484155,1004889,NA,NA,NA,6.86885686600457,13.8203876456143
"tls",2008,0,0,0,NA,NA,NA,NA,NA,NA,NA,0.46,1042.868338,1032429,NA,NA,NA,6.94973021309204,13.8474248363197
"tls",2009,0,0,0,NA,NA,NA,NA,NA,NA,NA,0.462,1120.096936,1058782,NA,NA,NA,7.0211705105439,13.8726297488128
"tls",2010,0,0,0,NA,NA,NA,NA,NA,NA,NA,0.478,1195.380661,1084679,NA,NA,NA,7.08621995841087,13.8967946486491
"tls",2011,0,0,0,NA,NA,NA,NA,NA,NA,NA,0.478,1237.483803,1110207,NA,NA,NA,7.12083540587234,13.9200570423886
"tls",2012,0,0,0,NA,NA,NA,NA,NA,NA,NA,0.495,1269.416256,1134885,0,NA,NA,7.14631243284048,13.9420418821784
"tls",2013,0,0,0,NA,NA,NA,NA,NA,NA,NA,0.501,1281.92864,1158695,0.46,NA,NA,7.15612097290485,13.962804929795
"tls",2014,0,0,0,NA,NA,NA,NA,NA,NA,NA,0.471,1312.96495,1181903,1.52,NA,NA,7.18004317935395,13.9826364092829
"tto",1990,0.18,0.18,0,NA,NA,NA,NA,0,0,0,0.617,6058.215216,1252208,47.71,NA,NA,8.7091705168723,14.0404189510287
"tto",1991,0.18,0.18,0,NA,NA,NA,NA,0,0,0,0.635,6197.462428,1262171,49.48,NA,NA,8.73189520144643,14.0483438121117
"tto",1992,0.18,0.18,0,NA,NA,NA,NA,0,0,0,0.644,6771.984158,1271674,49.15,NA,NA,8.82054940391184,14.0558447007263
"tto",1993,0.18,0.18,0,NA,NA,NA,NA,0,0,0,0.644,6680.4848,1280466,58.79,NA,NA,8.80694583874756,14.0627346321411
"tto",1994,0.18,0.18,0,NA,NA,NA,NA,0,0,0,0.645,6876.498572,1288341,52.58,NA,NA,8.83586487289096,14.0688659021587
"tto",1995,0.18,0.18,0,NA,NA,NA,NA,0,0,0,0.646,7100.853812,1295169,50.14,NA,NA,8.8679703110106,14.0741517465316
"tto",1996,0.46,0.41,0.05,NA,NA,NA,NA,1,0,0,0.646,7573.785608,1300928,46.98,NA,NA,8.93244830175004,14.0785884139186
"tto",1997,0.46,0.41,0.05,NA,NA,NA,NA,1,0,1,0.646,8112.942859,1305836,46.11,NA,NA,9.00121594922962,14.0823540066608
"tto",1998,0.46,0.41,0.05,NA,NA,NA,NA,0,0,0,0.646,8742.699311,1310225,42.78,NA,NA,9.07597426661875,14.0857094361542
"tto",1999,0.46,0.41,0.05,NA,NA,NA,NA,1,0,0,0.646,9412.081084,1314708,42.15,NA,NA,9.14974936476977,14.0891251457046
"tto",2000,0.46,0.41,0.05,NA,NA,NA,NA,0,0,0,0.66,10023.02067,1319774,38.91,NA,NA,9.21263979327955,14.0929710677829
"tto",2001,0.46,0.41,0.05,NA,NA,NA,NA,0,0,0,0.633,10395.2041,1325567,36.61,NA,NA,9.249099834539,14.0973508503972
"tto",2002,0.46,0.41,0.05,NA,NA,NA,NA,0,0,0,0.643,11165.96002,1332011,37.02,NA,NA,9.32062514535163,14.1022003883066
"tto",2003,0.46,0.41,0.05,NA,NA,NA,NA,0,0,0,0.662,12714.50043,1338709,30.15,NA,NA,9.45049838726918,14.1072162746916
"tto",2004,0.46,0.41,0.05,NA,NA,NA,NA,0,0,0,0.662,13657.2535,1345380,24.15,NA,NA,9.5220260514158,14.1121870589956
"tto",2005,0.46,0.41,0.05,NA,NA,NA,NA,0,0,0,0.662,15075.41797,1294494,19.8,NA,NA,9.62082074724751,14.0736304431688
"tto",2006,0.46,0.41,0.05,NA,NA,NA,NA,0,0,0,0.665,17021.22417,1297944,16.89,NA,NA,9.74221632492276,14.0762920320181
"tto",2007,0.46,0.41,0.05,NA,NA,NA,NA,0,0,0,0.666,17758.69952,1303188,16.23,NA,NA,9.78463078863984,14.0803241281244
"tto",2008,0.46,0.41,0.05,NA,NA,NA,NA,0,0,0,0.684,18285.27354,1308587,13.47,NA,NA,9.8138512902747,14.0844584870875
"tto",2009,0.46,0.41,0.05,NA,NA,NA,NA,0,0,0,0.684,17461.96409,1310106,20.69,NA,NA,9.76778031390317,14.0856186079343
"tto",2010,0.46,0.41,0.05,NA,NA,NA,NA,0,0,0,0.686,17938.09495,1317714,16.79,NA,NA,9.79468193989618,14.09140897505
"tto",2011,0.46,0.41,0.05,NA,NA,NA,NA,0,0,0,0.687,17746.50925,1328019,26.4,NA,NA,9.78394411359123,14.0991989161451
"tto",2012,0.46,0.41,0.05,NA,NA,NA,NA,0,0,0,0.687,18835.66741,1335194,21.77,NA,NA,9.84350755406166,14.1045871576109
"tto",2013,0.46,0.41,0.05,NA,NA,NA,NA,0,0,0,0.665,19392.19746,1340557,21.64,NA,NA,9.8726260713667,14.1085957572014
"tto",2014,0.46,0.41,0.05,NA,NA,NA,NA,0,0,0,0.662,20032.5402,1345343,23.48,NA,NA,9.90511324038926,14.1121595570937
"tur",1990,8.97,8.97,0,NA,NA,NA,NA,3,0,0,0.348,5188.182444,56015628,24.75,0,0,8.55413871135617,17.8411412811948
"tur",1991,8.97,8.97,0,NA,NA,NA,NA,3.5,0,0.5,0.361,5134.417609,57009887,27.19,0,0,8.54372169996174,17.8587352668974
"tur",1992,8.97,8.97,0,NA,NA,NA,NA,4,0,1,0.369,5301.80856,57990118,29.08,0,0,8.57580327906771,17.8757831746841
"tur",1993,8.97,8.97,0,NA,NA,NA,NA,3,0,1,0.368,5609.850567,58999167,29.78,0,0,8.63227936126358,17.8930338831263
"tur",1994,9.86,9.86,0,NA,NA,NA,NA,3.33333333333333,0,1,0.371,5255.803397,60033836,39.29,0,0,8.56708815402344,17.9104188945691
"tur",1995,9.86,9.86,0,NA,NA,NA,NA,3.6,0.2,1,0.373,5577.825397,61024503,31.68,0,0,8.62655426561792,17.9267860300069
"tur",1996,9.86,9.86,0,NA,NA,NA,NA,3.85714285714286,0.285714285714286,0.714285714285714,0.382,5887.673098,61951134,32.72,0,0,8.68061613882666,17.9418564709566
"tur",1997,9.86,9.86,0,NA,NA,NA,NA,2.83333333333333,0.166666666666667,0.5,0.391,6230.186221,62852966,32.18,0,0,8.73716150234601,17.9563086836134
"tur",1998,9.86,9.86,0,NA,NA,NA,NA,3.8,0.2,0.8,0.389,6261.288701,63734383,30.31,0,0,8.74214130568686,17.9702347394431
"tur",1999,9.86,9.86,0,NA,NA,NA,NA,3.11111111111111,0.111111111111111,0.555555555555556,0.413,5989.557009,64591923,38.85,0,0,8.69777273328286,17.9835999299761
"tur",2000,9.94,9.94,0,NA,NA,NA,NA,3,0.142857142857143,0.428571428571429,0.425,6326.257465,65425961,37.18,0,0,8.75246410253154,17.9964296948473
"tur",2001,9.94,9.94,0,NA,NA,NA,NA,3.66666666666667,0.333333333333333,0.833333333333333,0.431,5906.923485,66245128,72.06,0,0,8.68388041394757,18.0088724805038
"tur",2002,9.94,9.94,0,NA,NA,NA,NA,3.25,0.25,1,0.487,6211.70543,67048795,67.14,0,0,8.73419076363361,18.0209311958675
"tur",2003,9.94,9.94,0,NA,NA,NA,NA,2.66666666666667,0.333333333333333,0.666666666666667,0.498,6496.072773,67831730,59.99,0,0,8.77895308451891,18.0325406375358
"tur",2004,9.32,9.32,0,NA,NA,NA,NA,3,0.333333333333333,0.666666666666667,0.502,7061.622198,68592617,54.38,0,0,8.86243007718131,18.0436954629975
"tur",2005,10.12,10.12,0,NA,NA,NA,NA,3,0,1,0.484,7623.146409,69329557,48.79,0,0,8.93894447802186,18.054381881168
"tur",2006,10.12,10.12,0,NA,NA,NA,NA,2,0,0.5,0.483,8078.515379,70045349,43.42,0,0,8.99696339441007,18.0646534331112
"tur",2007,10.12,10.12,0,NA,NA,NA,NA,3.5,1,0.5,0.461,8477.533284,70158112,37.61,0,0,9.04517480014956,18.0662619957459
"tur",2008,10.12,10.12,0,0.113305702805519,0.030380867421627,0.508279919624329,1.63642799854279,2.5,1,0.5,0.411,8447.939764,71051678,37.98,0,0,9.04167787571229,18.0789180293995
"tur",2009,11.12,11.12,0,0.106170766055584,0.0215995311737061,0.57317316532135,2.08034729957581,4,2,1,0.403,7925.301104,72039206,43.92,0,0,8.9778155922193,18.0927210565567
"tur",2010,11.12,11.12,0,0.101572416722775,0.0269322544336319,0.634165227413177,1.41530585289001,3,0,0,0.36,8472.578091,73142150,40.61,0,0,9.04459012043489,18.107915365933
"tur",2011,11.12,11.12,0,0.112226374447346,0.0280251260846853,0.62596732378006,1.42988121509552,3.5,0,1,0.354,9265.859102,74223629,36.95,0,0,9.13409185994689,18.1225931075779
"tur",2012,11.12,11.12,0,0.111475482583046,0.0281227920204401,0.634286284446716,1.45559990406036,3.2,0,1,0.346,9588.320665,75175827,33.7,0,0,9.1683010394047,18.135340287776
"tur",2013,11.12,11.12,0,0.121324196457863,0.0262542106211185,0.592122554779053,1.49125015735626,3.33333333333333,0,1,0.289,10269.44891,76147624,32.15,0,0,9.23692864130758,18.1481844352428
"tur",2014,8.76,8.76,0,0.11046651750803,0.0279536433517933,0.572036385536194,1.40122067928314,3.2,0,0.8,0.252,10597.98019,77181884,29.81,0,0,9.26841871383035,18.1616753242449
"ukr",1991,7.1,7.1,0,NA,NA,NA,NA,0,0,0,0.268,2826.064697,52170961,NA,0,0,7.94664045647145,17.7700365953771
"ukr",1992,7.1,7.1,0,NA,NA,NA,NA,1,0,0,0.326,2538.852783,52323671,NA,0,0,7.83946759774715,17.7729594270249
"ukr",1993,7.1,7.1,0,NA,NA,NA,NA,0,0,0,0.349,2177.234863,52350126,NA,0,0,7.68581093920054,17.7734649021547
"ukr",1994,7.1,7.1,0,NA,NA,NA,NA,4,0,1,0.351,1687.484497,52075998,NA,0,0,7.43099423574152,17.768214709594
"ukr",1995,7.1,7.1,0,NA,NA,NA,NA,0,0,0,0.325,1493.38208,51665539,30.15,0,0,7.3087986790653,17.7603015601708
"ukr",1996,7.1,7.1,0,NA,NA,NA,NA,1,0,0,0.319,1355.573364,51226109,24.37,0,0,7.21197979067588,17.7517599014401
"ukr",1997,7.1,7.1,0,NA,NA,NA,NA,3,0,1,0.299,1326.277954,50786885,28.89,0,0,7.19013176718015,17.7431487099259
"ukr",1998,7.1,7.1,0,NA,NA,NA,NA,0,0,0,0.257,1311.593628,50379731,46.54,0,0,7.17899818677022,17.7350994894541
"ukr",1999,7.1,7.1,0,NA,NA,NA,NA,0,0,0,0.245,1319.533203,49976446,58.96,0,0,7.18503331894623,17.7270623723994
"ukr",2000,7.1,7.1,0,NA,NA,NA,NA,1,0,0,0.229,1409.222656,49556660,43.79,0,0,7.25079352354477,17.7186272193953
"ukr",2001,7.1,7.1,0,0.302448034286499,0.383037358522415,0.21134851872921,0.272684097290039,0,0,0,0.233,1547.27832,49106855,35.34,0,0,7.34425274389355,17.7095091960544
"ukr",2002,7.1,7.1,0,0.288579702377319,0.353748768568039,0.242614433169365,0.31239452958107,0,0,0,0.245,1644.28125,48677281,32.34,0,0,7.40505863762652,17.7007229699633
"ukr",2003,7.1,7.1,0,0.298841118812561,0.333124965429306,0.308209806680679,0.434443175792694,1,0,0,0.262,1814.258545,48315136,28.3,0,0,7.50343214808239,17.6932554442724
"ukr",2004,7.1,7.1,0,0.266182780265808,0.279781043529511,0.410702586174011,0.72178053855896,1,0,0,0.271,2042.444946,47979507,23.89,0,0,7.62190287214812,17.6862845402084
"ukr",2005,7.1,7.1,0,0.264097988605499,0.231427311897278,0.438019335269928,0.775828897953033,3,0,0,0.285,2122.601563,47585556,17.09,0,0,7.66039776768852,17.6780398277746
"ukr",2006,7.1,7.1,0,0.290401667356491,0.23605078458786,0.467602491378784,0.875613868236542,0,0,0,0.376,2298.132324,47278694,14.26,0,0,7.73985203899634,17.6715703080072
"ukr",2007,7.1,7.1,0,0.300722241401672,0.264765232801437,0.43878698348999,0.749889731407166,0,0,0,0.4,2498.352051,47062798,11.82,0,0,7.8233866139019,17.6669933955097
"ukr",2008,7.1,7.1,0,0.287980288267136,0.258838474750519,0.420547097921371,0.741931617259979,1,0,0,0.394,2567.694092,46819175,19.12,0,0,7.85076353466118,17.6618033991969
"ukr",2009,7.1,7.1,0,0.284486830234528,0.283711016178131,0.436862856149673,0.794984102249146,3,0,0,0.394,2188.170166,46623731,33.46,0,0,7.69082093291264,17.6576202183997
"ukr",2010,7.1,7.1,0,0.286905914545059,0.287016361951828,0.475974768400192,0.912535488605499,0,0,0,0.264,2285.933838,46456003,40.05,0,0,7.7345299016787,17.6540162506113
"ukr",2011,7.1,7.1,0,0.300574213266373,0.232671946287155,0.522309720516205,1.08641386032104,0,0,0,0.264,2418.12085,46307853,36.39,0,0,7.79074600924757,17.6508221159052
"ukr",2012,7.1,7.1,0,0.322567492723465,0.249652147293091,0.560951590538025,1.24285650253296,0,0,0,0.26,2426.929443,46210056,36.76,0,0,7.79438213361056,17.6487079947046
"ukr",2013,7.1,7.1,0,0.31110879778862,0.243025898933411,0.526796042919159,1.10065865516663,1,0,0,0.251,2432.41626,46126770,39.88,0,0,7.79664038797941,17.6469040335724
"ukr",2014,7.06,7.06,0,0.312952548265457,0.223877042531967,0.577757358551025,1.28515982627869,3.5,0,1,0.215,2308.643555,45972380,69.6,0,0,7.74441542541539,17.6435513393376
"ury",1990,9,9,0,NA,NA,NA,NA,0,0,0,0.76,8320.355905,3104403,26.19,NA,NA,9.02646030994361,14.948331984332
"ury",1991,9,9,0,NA,NA,NA,NA,0,0,0,0.762,8565.269278,3122354,20.4,NA,NA,9.05547084961019,14.9540977624828
"ury",1992,9,9,0,NA,NA,NA,NA,0,0,0,0.762,9193.551221,3139702,22.23,NA,NA,9.12625756301472,14.9596384489221
"ury",1993,9,9,0,NA,NA,NA,NA,0,0,0,0.762,9388.109391,3156345,19.98,NA,NA,9.14719920911862,14.9649252705627
"ury",1994,9,9,0,NA,NA,NA,NA,0,0,0,0.761,10019.34792,3172834,19.32,NA,NA,9.21227329467689,14.970135752777
"ury",1995,9,9,0,NA,NA,NA,NA,0,0,0,0.794,9822.896804,3189440,18.5,NA,NA,9.19247134807148,14.9753559107612
"ury",1996,9,9,0,NA,NA,NA,NA,0,0,0,0.796,10316.20276,3206324,18.25,NA,NA,9.24147102171308,14.9806356675569
"ury",1997,12,10,2,NA,NA,NA,NA,0,0,0,0.795,11138.86761,3223345,18.75,NA,NA,9.31819585750658,14.9859301981964
"ury",1998,12,10,2,NA,NA,NA,NA,0,0,0,0.804,11584.94919,3239280,19.38,NA,NA,9.3574620510131,14.9908616408513
"ury",1999,12,10,2,NA,NA,NA,NA,0,0,0,0.802,11357.08669,3254015,21.64,NA,NA,9.33759720604029,14.9954001764616
"ury",2000,12,10,2,NA,NA,NA,NA,0,0,0,0.797,11096.33096,3266206,27.06,NA,NA,9.31436978851452,14.9991396246202
"ury",2001,12,10,2,NA,NA,NA,NA,0,0,0,0.802,10643.5574,3274251,35.52,NA,NA,9.27271004912103,15.0015996986051
"ury",2002,12,10,2,NA,NA,NA,NA,0,0,0,0.802,9806.771306,3278867,83.98,NA,NA,9.19082837565473,15.0030084938575
"ury",2003,12,10,2,NA,NA,NA,NA,0,0,0,0.79,9878.756843,3281186,86.2,NA,NA,9.19814195721792,15.0037155003699
"ury",2004,12,10,2,NA,NA,NA,NA,0,0,0,0.808,10366.90674,3283148,69.44,NA,NA,9.24637396743043,15.0043132761865
"ury",2005,12,10,2,NA,NA,NA,NA,0,0,0,0.819,11131.39849,3285771,62.45,NA,NA,9.31752508687039,15.0051118855587
"ury",2006,12,10,2,NA,NA,NA,NA,0,0,0,0.823,11574.47054,3289506,57.09,NA,NA,9.35655713622359,15.0062479594919
"ury",2007,12,10,2,NA,NA,NA,NA,0,0,0,0.823,12310.48274,3295153,48.61,NA,NA,9.41820643368174,15.0079631588316
"ury",2008,12,10,2,NA,NA,NA,NA,0,0,0,0.822,13165.83628,3302177,47.91,NA,NA,9.4853805928905,15.010092505902
"ury",2009,12,10,2,NA,NA,NA,NA,0,0,0,0.825,13691.71421,3310091,41.4,NA,NA,9.52454612665981,15.0124862394225
"ury",2010,12,10,2,NA,NA,NA,NA,0,0,0,0.847,14722.37801,3318580,36.81,NA,NA,9.59712392882753,15.0150475385549
"ury",2011,12,10,2,NA,NA,NA,NA,0,0,0,0.847,15443.99619,3326825,36.59,NA,NA,9.64497561068635,15.0175289536773
"ury",2012,12,10,2,NA,NA,NA,NA,0,0,0,0.847,15949.3177,3335401,35.52,NA,NA,9.67717132986854,15.0201034699837
"ury",2013,12,10,2,NA,NA,NA,NA,0,0,0,0.843,16639.40548,3345337,35.65,NA,NA,9.71952898537154,15.0230779938539
"ury",2014,12,10,2,NA,NA,NA,NA,0,0,0,0.843,17122.03646,3356334,36.37,NA,NA,9.7481215947243,15.0263598648591
"usa",1990,29.71,22.27,7.44,NA,0.445615082979202,NA,NA,4.5,1.5,0.5,0.8,39009.37251,249623000,50.08,1,1,10.5715572170086,19.3354623376501
"usa",1991,29.71,22.27,7.44,NA,0.452517151832581,NA,NA,4.25,0.75,0.25,0.805,38449.88153,252981000,53.55,1,1,10.5571108937847,19.3488249450575
"usa",1992,29.71,22.27,7.44,NA,0.461721003055573,NA,NA,3,0,0.333333333333333,0.809,39256.04813,256514000,55.8,1,1,10.5778608038236,19.3626938019823
"usa",1993,29.71,22.27,7.44,NA,0.456431120634079,NA,NA,3.42857142857143,0.142857142857143,0.285714285714286,0.805,39807.8795,259919000,57.39,1,1,10.5918201490645,19.3758806019801
"usa",1994,29.71,22.27,7.44,NA,0.446906089782715,NA,NA,3,0.166666666666667,0.333333333333333,0.806,40907.01844,263126000,56.7,1,1,10.6190569273093,19.3881435628688
"usa",1995,29.69,22.25,7.44,NA,0.440533518791199,NA,NA,3.25,0.25,0.25,0.808,41507.91356,266278000,56.35,1,1,10.6336393762329,19.4000514337778
"usa",1996,29.69,22.25,7.44,NA,0.428687870502472,NA,NA,2.83333333333333,0.166666666666667,0.166666666666667,0.808,42575.68969,269394000,55.72,1,1,10.6590387048125,19.4116855499776
"usa",1997,29.69,22.25,7.44,NA,0.417863935232162,NA,NA,3.2,0.8,0.4,0.811,43936.905,272657000,53.1,1,1,10.6905099064983,19.4237251529477
"usa",1998,29.66,22.22,7.44,NA,0.409192323684692,NA,NA,3.83333333333333,0.666666666666667,0.666666666666667,0.81,45374.62152,275854000,50.07,1,1,10.7227082303753,19.435382298212
"usa",1999,29.63,22.19,7.44,NA,0.408465385437012,NA,NA,3.16666666666667,0.666666666666667,0.5,0.808,47004.46902,279040000,46.85,1,1,10.7579979617038,19.4468656986849
"usa",2000,29.6,22.16,7.44,0.493679761886597,0.396163433790207,0.174700453877449,0.185695096850395,2.9,0.3,0.3,0.808,48379.75517,282162411,41.38,1,1,10.786836723589,19.4579933886528
"usa",2001,29.61,22.18,7.44,0.506723999977112,0.423568964004517,0.165731966495514,0.227384269237518,3.75,1,0.5,0.769,48361.01676,284968955,39.05,1,1,10.7864493293216,19.4678908024751
"usa",2002,29.61,22.18,7.44,0.505528748035431,0.463373810052872,0.171754404902458,0.247769355773926,3.5,1,0.5,0.769,48729.15864,287625193,38.55,1,1,10.7940328699384,19.4771687773322
"usa",2003,29.61,22.18,7.44,0.498369157314301,0.47686430811882,0.180168077349663,0.260717391967773,3.83333333333333,0.666666666666667,0.5,0.798,49662.75205,290107933,39.37,1,1,10.813010475368,19.4857635944606
"usa",2004,29.61,22.18,7.44,0.49405100941658,0.4777692258358,0.177856519818306,0.249730497598648,3.16666666666667,0.166666666666667,0.666666666666667,0.799,51098.5573,292805298,41.25,1,1,10.8415115429165,19.49501843415
"usa",2005,29.61,22.18,7.44,0.484772890806198,0.458356767892838,0.175650537014008,0.236721843481064,3.8,0.2,1,0.794,52393.45131,295516599,42.01,1,1,10.8665368874991,19.5042355658216
"usa",2006,29.61,22.18,7.44,0.483059793710709,0.447060614824295,0.168144643306732,0.221514105796814,4,0,1,0.801,53335.5897,298379912,42.12,1,1,10.8843591115279,19.513878104993
"usa",2007,29.61,22.18,7.44,0.483182847499847,0.448163837194443,0.165430769324303,0.222185418009758,4,0,0.75,0.84,53889.3965,301231207,41.78,1,1,10.8946890121267,19.5233886574207
"usa",2008,29.61,22.18,7.44,0.466497600078583,0.46880042552948,0.163803353905678,0.228879615664482,3.4,0,0.8,0.845,53442.71369,304093966,43.19,1,1,10.8863655870485,19.5328473102936
"usa",2009,29.61,22.18,7.44,0.457706093788147,0.526108920574188,0.189957648515701,0.290026515722275,3.75,0,0.75,0.848,51611.32171,306771529,53.49,1,1,10.8514963403866,19.5416138232816
"usa",2010,29.61,22.18,7.44,0.448513448238373,0.504304647445679,0.207276627421379,0.3133405148983,3.33333333333333,0,0.666666666666667,0.848,52555.76951,309378227,61.77,1,1,10.8696301611444,19.5500751219399
"usa",2011,29.61,22.18,7.44,0.444878965616226,0.479619920253754,0.194342464208603,0.281520009040833,2.6,0,0.8,0.845,52956.66303,311839461,70.43,1,1,10.8772291793735,19.5579990652715
"usa",2012,29.61,22.18,7.44,0.450889080762863,0.472211629152298,0.181623741984367,0.256636559963226,2.25,0,1,0.842,53738.14767,314339099,74.94,1,1,10.8918784132092,19.5659828942853
"usa",2013,29.61,22.18,7.44,0.461071103811264,0.458631336688995,0.178823262453079,0.247697502374649,2.4,0,1,0.852,54462.62524,316726282,79.28,1,1,10.905269969987,19.5735484951196
"usa",2014,29.61,22.18,7.44,0.464883536100388,0.446338087320328,0.187554225325584,0.258608490228653,2.75,0,0.75,0.848,55394.45104,319257560,81.2,1,1,10.922234705986,19.5815087330977
"ven",1990,12.55,7.41,5.14,NA,NA,NA,NA,0,0,0,0.595,3762.275068,19827010,63.26,NA,NA,8.23277912467872,16.8025557074833
"ven",1991,12.59,7.43,5.16,NA,NA,NA,NA,0,0,0,0.618,4031.178437,20304896,62.19,NA,NA,8.3018140283245,16.8263725971983
"ven",1992,12.62,7.44,5.18,NA,NA,NA,NA,0,0,0,0.609,4177.538774,20780948,54.81,NA,NA,8.33747754205424,16.849547163384
"ven",1993,12.62,7.44,5.18,NA,NA,NA,NA,0,0,0,0.614,4095.70805,21254520,57.75,NA,NA,8.31769488732356,16.8720801365984
"ven",1994,13.54,8.36,5.18,NA,NA,NA,NA,4,0,0,0.602,3912.838904,21725188,63.89,NA,NA,8.27201845192771,16.8939828827031
"ven",1995,13.54,8.36,5.18,NA,NA,NA,NA,4,0,1,0.604,3981.572694,22193821,45.9,NA,NA,8.28943216947381,16.9153244747673
"ven",1996,13.54,8.36,5.18,NA,NA,NA,NA,4,0,1,0.604,3891.579284,22662113,45.9,NA,NA,8.26657033982675,16.9362050572309
"ven",1997,13.54,8.36,5.18,NA,NA,NA,NA,4,0,1,0.603,4055.480119,23131685,34.85,NA,NA,8.30782436126685,16.956713880668
"ven",1998,13.54,8.36,5.18,NA,NA,NA,NA,0,0,0,0.575,3986.466616,23601337,31.18,NA,NA,8.29066055764435,16.9768139209335
"ven",1999,9.86,8.36,1.5,NA,NA,NA,NA,3.5,0,1,0.44,3675.991041,24066593,29.7,NA,NA,8.20957804631265,16.9963352542484
"ven",2000,7.07,6.57,0.5,NA,NA,NA,NA,2.5,0,0.5,0.31,3740.01955,24526708,27.38,NA,NA,8.22684611766764,17.0152732042119
"ven",2001,8.34,7.84,0.5,NA,NA,NA,NA,0,0,0,0.288,3796.805797,24979922,29.56,NA,NA,8.24191541249239,17.0335829401588
"ven",2002,8.34,7.84,0.5,NA,NA,NA,NA,0,0,0,0.255,3398.568499,25435671,35.46,NA,NA,8.13110959224048,17.0516631168621
"ven",2003,8.34,7.84,0.5,NA,NA,NA,NA,4,0,1,0.243,3079.663454,25892703,47.48,NA,NA,8.0325756018156,17.0694717495226
"ven",2004,8.37,7.87,0.5,NA,NA,NA,NA,0,0,0,0.216,3580.854173,26340838,37.63,NA,NA,8.18335664674535,17.0866310685038
"ven",2005,8.37,7.87,0.5,NA,NA,NA,NA,0,0,0,0.182,3884.700811,26785804,31.66,NA,NA,8.26480124851061,17.1033826036472
"ven",2006,8,7.5,0.5,NA,NA,NA,NA,4,0,0,0.168,4199.397669,27224686,24.07,NA,NA,8.3426963818441,17.1196346931998
"ven",2007,8,7.5,0.5,NA,NA,NA,NA,0,0,0,0.162,4496.84905,27649363,19.15,NA,NA,8.411132219385,17.1351132476926
"ven",2008,8,7.5,0.5,NA,NA,NA,NA,3,0,1,0.159,4665.953188,28053696,13.98,NA,NA,8.44804741995497,17.1496309459587
"ven",2009,6.71,6.21,0.5,NA,NA,NA,NA,3,0,1,0.16,4455.453232,28438298,18.2,NA,NA,8.4018840703082,17.1632473158202
"ven",2010,6.71,6.21,0.5,NA,NA,NA,NA,3,0,0.5,0.154,4332.026818,28813101,18.35,NA,NA,8.37379079877577,17.1763407375058
"ven",2011,6.71,6.21,0.5,NA,NA,NA,NA,0,0,0,0.152,4455.410633,29185212,25.16,NA,NA,8.4018745091701,17.1891727005991
"ven",2012,6.71,6.21,0.5,NA,NA,NA,NA,0,0,0,0.145,4647.373037,29553826,31.6,NA,NA,8.44405740066408,17.2017237689005
"ven",2013,6.71,6.21,0.5,NA,NA,NA,NA,4,0,0,0.109,4653.364566,29912198,45.11,NA,NA,8.44534579951685,17.2137769150341
"ven",2014,6.71,6.21,0.5,NA,NA,NA,NA,0,0,0,0.102,4421.607867,30254079,44.54,NA,NA,8.39425867973766,17.2251415763258
"vnm",1990,5,5,0,NA,NA,NA,NA,0,0,0,0.073,687.8603163,65504552,NA,NA,NA,6.53358578868652,17.9976301943739
"vnm",1991,5,5,0,NA,NA,NA,NA,0,0,0,0.075,713.7472108,66891775,220.13,NA,NA,6.57052885315173,18.0185865728466
"vnm",1992,5,5,0,NA,NA,NA,NA,0,0,0,0.077,759.910854,68260337,177.62,NA,NA,6.63320112903208,18.0388394384362
"vnm",1993,5,5,0,NA,NA,NA,NA,1,0,0,0.076,805.6064436,69586384,135.15,NA,NA,6.69159533988279,18.0580794739823
"vnm",1994,5,5,0,NA,NA,NA,NA,2.5,0,1,0.08,861.1224226,70854391,105.52,NA,NA,6.75823668084748,18.0761374981862
"vnm",1995,5,5,0,NA,NA,NA,NA,2.5,0.5,0.5,0.08,927.625512,72049940,85.65,NA,NA,6.83262810823732,18.0928700476544
"vnm",1996,7,7,0,NA,NA,NA,NA,4,0,1,0.082,998.9249072,73156447,72.91,NA,NA,6.90667960785533,18.1081108155181
"vnm",1997,7,7,0,NA,NA,NA,NA,0,0,0,0.082,1064.778029,74226889,58.64,NA,NA,6.97052163294616,18.1226370279366
"vnm",1998,7,7,0,NA,NA,NA,NA,2,0,1,0.083,1110.112677,75299660,61.24,NA,NA,7.01221679996532,18.1369861774877
"vnm",1999,7,7,0,NA,NA,NA,NA,4,0,1,0.089,1148.044652,76287452,59.67,NA,NA,7.04581547159349,18.1500190266359
"vnm",2000,7,7,0,NA,NA,NA,NA,0,0,0,0.092,1212.196578,77154011,32.83,NA,NA,7.10018934654669,18.1613141250526
"vnm",2001,7,7,0,NA,NA,NA,NA,0,0,0,0.092,1273.805269,77969361,31.4,NA,NA,7.14976397437085,18.1718264997924
"vnm",2002,7,7,0,NA,NA,NA,NA,1,0,0,0.092,1340.516705,78772224,32.05,NA,NA,7.20081041936636,18.1820710053802
"vnm",2003,8,8,0,NA,NA,NA,NA,4,0,1,0.092,1418.743375,79563777,34.78,NA,NA,7.25752681161529,18.192069484428
"vnm",2004,8,8,0,NA,NA,NA,NA,0,0,0,0.091,1510.94449,80338971,31.25,NA,NA,7.32049022433782,18.2017653787477
"vnm",2005,8,8,0,NA,NA,NA,NA,0,0,0,0.103,1609.962683,81088313,29.72,NA,NA,7.38396627944902,18.2110494026594
"vnm",2006,8,8,0,NA,NA,NA,NA,0,0,0,0.104,1699.676203,82167897,26.78,NA,NA,7.43819304307929,18.2242752362976
"vnm",2007,8,8,0,NA,NA,NA,NA,0,0,0,0.105,1788.948503,83633375,26.45,NA,NA,7.48938329773947,18.2419532208749
"vnm",2008,8,8,0,NA,NA,NA,NA,0,0,0,0.105,1856.005199,85175788,25.72,NA,NA,7.52618171452757,18.2602277730095
"vnm",2009,8,8,0,NA,NA,NA,NA,0,0,0,0.105,1927.134271,86460018,NA,NA,NA,7.56378934476221,18.2751926453925
"vnm",2010,8,8,0,NA,NA,NA,NA,1,0,0,0.105,2027.581844,87455152,32.46,NA,NA,7.61459915212922,18.2866366713585
"vnm",2011,8,8,0,NA,NA,NA,NA,3,0,1,0.104,2132.904538,88468314,30.87,NA,NA,7.66523996266439,18.2981550119704
"vnm",2012,8,8,0,NA,NA,NA,NA,1,0,1,0.105,2224.114043,89510356,31.41,NA,NA,7.70711393238312,18.3098648860485
"vnm",2013,8,8,0,NA,NA,NA,NA,1,0,1,0.113,2320.084314,90573104,34.16,NA,NA,7.74935880624137,18.3216678615978
"vnm",2014,8,8,0,NA,NA,NA,NA,3,0,1,0.115,2439.286557,91679578,36.99,NA,NA,7.79946088085946,18.3338102079533
